{"mAdaptiveGoal":0,"mIsGoalAchieved":false,"mIsMostActiveAchieved":false,"mMostActiveMinutes":0,"mStreakDayCount":0,"mUnitDataList":[{"distance":11.22,"mCalorie":0.57,"mOthersTime":0,"mRunTime":0,"mStartTime":20400000,"mTimeUnit":600000,"mWalkTime":10005,"runStep":0,"walkStep":15},{"distance":244.19998,"mCalorie":14.09,"mOthersTime":0,"mRunTime":0,"mStartTime":21000000,"mTimeUnit":600000,"mWalkTime":194007,"runStep":0,"walkStep":347},{"distance":185.84999,"mCalorie":9.63,"mOthersTime":0,"mRunTime":0,"mStartTime":21600000,"mTimeUnit":600000,"mWalkTime":162718,"runStep":0,"walkStep":249},{"distance":25.93,"mCalorie":1.37,"mOthersTime":0,"mRunTime":0,"mStartTime":22800000,"mTimeUnit":600000,"mWalkTime":23345,"runStep":0,"walkStep":35},{"distance":96.2,"mCalorie":4.83,"mOthersTime":0,"mRunTime":0,"mStartTime":24000000,"mTimeUnit":600000,"mWalkTime":85376,"runStep":0,"walkStep":128},{"distance":301.57,"mCalorie":16.72,"mOthersTime":0,"mRunTime":0,"mStartTime":24600000,"mTimeUnit":600000,"mWalkTime":252733,"runStep":0,"walkStep":414},{"distance":21.99,"mCalorie":1.12,"mOthersTime":0,"mRunTime":0,"mStartTime":25200000,"mTimeUnit":600000,"mWalkTime":20010,"runStep":0,"walkStep":30},{"distance":26.04,"mCalorie":1.3,"mOthersTime":0,"mRunTime":0,"mStartTime":36600000,"mTimeUnit":600000,"mWalkTime":23345,"runStep":0,"walkStep":35},{"distance":19.3,"mCalorie":0.85,"mOthersTime":0,"mRunTime":0,"mStartTime":37200000,"mTimeUnit":600000,"mWalkTime":16675,"runStep":0,"walkStep":25},{"distance":14.46,"mCalorie":0.77000004,"mOthersTime":0,"mRunTime":0,"mStartTime":40800000,"mTimeUnit":600000,"mWalkTime":13340,"runStep":0,"walkStep":20},{"distance":19.66,"mCalorie":1.1700001,"mOthersTime":0,"mRunTime":1200,"mStartTime":44400000,"mTimeUnit":600000,"mWalkTime":14007,"runStep":3,"walkStep":21},{"distance":105.56,"mCalorie":5.7299995,"mOthersTime":0,"mRunTime":7200,"mStartTime":45000000,"mTimeUnit":600000,"mWalkTime":69368,"runStep":18,"walkStep":104},{"distance":230.71997,"mCalorie":12.9,"mOthersTime":0,"mRunTime":5200,"mStartTime":45600000,"mTimeUnit":600000,"mWalkTime":196068,"runStep":13,"walkStep":294},{"distance":349.56998,"mCalorie":18.980001,"mOthersTime":0,"mRunTime":0,"mStartTime":46200000,"mTimeUnit":600000,"mWalkTime":297392,"runStep":0,"walkStep":475},{"distance":96.32,"mCalorie":5.0699997,"mOthersTime":0,"mRunTime":2000,"mStartTime":46800000,"mTimeUnit":600000,"mWalkTime":79373,"runStep":5,"walkStep":119},{"distance":14.34,"mCalorie":0.77000004,"mOthersTime":0,"mRunTime":0,"mStartTime":48000000,"mTimeUnit":600000,"mWalkTime":13340,"runStep":0,"walkStep":20},{"distance":102.54,"mCalorie":5.0599995,"mOthersTime":0,"mRunTime":1600,"mStartTime":49200000,"mTimeUnit":600000,"mWalkTime":86710,"runStep":4,"walkStep":130},{"distance":370.21,"mCalorie":17.98,"mOthersTime":0,"mRunTime":0,"mStartTime":49800000,"mTimeUnit":600000,"mWalkTime":314097,"runStep":0,"walkStep":496},{"distance":49.13,"mCalorie":2.7899997,"mOthersTime":0,"mRunTime":1200,"mStartTime":50400000,"mTimeUnit":600000,"mWalkTime":40687,"runStep":3,"walkStep":61},{"distance":4.31,"mCalorie":0.22,"mOthersTime":0,"mRunTime":0,"mStartTime":51000000,"mTimeUnit":600000,"mWalkTime":4002,"runStep":0,"walkStep":6},{"distance":39.14,"mCalorie":2.06,"mOthersTime":0,"mRunTime":0,"mStartTime":51600000,"mTimeUnit":600000,"mWalkTime":36685,"runStep":0,"walkStep":55},{"distance":72.83,"mCalorie":4.14,"mOthersTime":0,"mRunTime":0,"mStartTime":52200000,"mTimeUnit":600000,"mWalkTime":76705,"runStep":0,"walkStep":115},{"distance":23.16,"mCalorie":1.19,"mOthersTime":0,"mRunTime":1600,"mStartTime":52800000,"mTimeUnit":600000,"mWalkTime":14674,"runStep":4,"walkStep":22},{"distance":53.68,"mCalorie":2.67,"mOthersTime":0,"mRunTime":0,"mStartTime":53400000,"mTimeUnit":600000,"mWalkTime":49358,"runStep":0,"walkStep":74},{"distance":19.14,"mCalorie":1.03,"mOthersTime":0,"mRunTime":0,"mStartTime":56400000,"mTimeUnit":600000,"mWalkTime":18009,"runStep":0,"walkStep":27},{"distance":239.49,"mCalorie":11.89,"mOthersTime":0,"mRunTime":0,"mStartTime":57000000,"mTimeUnit":600000,"mWalkTime":204072,"runStep":0,"walkStep":318},{"distance":89.96,"mCalorie":4.75,"mOthersTime":0,"mRunTime":0,"mStartTime":57600000,"mTimeUnit":600000,"mWalkTime":84042,"runStep":0,"walkStep":126},{"distance":138.13,"mCalorie":6.86,"mOthersTime":0,"mRunTime":800,"mStartTime":58200000,"mTimeUnit":600000,"mWalkTime":122061,"runStep":2,"walkStep":183},{"distance":212.96,"mCalorie":11.18,"mOthersTime":0,"mRunTime":0,"mStartTime":58800000,"mTimeUnit":600000,"mWalkTime":180060,"runStep":0,"walkStep":284},{"distance":214.55,"mCalorie":11.259999,"mOthersTime":0,"mRunTime":0,"mStartTime":59400000,"mTimeUnit":600000,"mWalkTime":180727,"runStep":0,"walkStep":287},{"distance":354.11002,"mCalorie":18.059998,"mOthersTime":0,"mRunTime":0,"mStartTime":61200000,"mTimeUnit":600000,"mWalkTime":286053,"runStep":0,"walkStep":469},{"distance":142.51999,"mCalorie":7.41,"mOthersTime":0,"mRunTime":0,"mStartTime":61800000,"mTimeUnit":600000,"mWalkTime":124032,"runStep":0,"walkStep":194},{"distance":93.87,"mCalorie":8.440001,"mOthersTime":0,"mRunTime":0,"mStartTime":62400000,"mTimeUnit":600000,"mWalkTime":92016,"runStep":0,"walkStep":150},{"distance":15.09,"mCalorie":0.71999997,"mOthersTime":0,"mRunTime":0,"mStartTime":63600000,"mTimeUnit":600000,"mWalkTime":13340,"runStep":0,"walkStep":20},{"distance":56.34,"mCalorie":3.24,"mOthersTime":0,"mRunTime":0,"mStartTime":64200000,"mTimeUnit":600000,"mWalkTime":62031,"runStep":0,"walkStep":93},{"distance":181.43001,"mCalorie":9.04,"mOthersTime":0,"mRunTime":0,"mStartTime":64800000,"mTimeUnit":600000,"mWalkTime":150712,"runStep":0,"walkStep":244},{"distance":22.38,"mCalorie":1.03,"mOthersTime":0,"mRunTime":0,"mStartTime":65400000,"mTimeUnit":600000,"mWalkTime":20010,"runStep":0,"walkStep":30},{"distance":6.81,"mCalorie":0.37,"mOthersTime":0,"mRunTime":0,"mStartTime":69600000,"mTimeUnit":600000,"mWalkTime":6670,"runStep":0,"walkStep":10},{"distance":49.33,"mCalorie":2.6,"mOthersTime":0,"mRunTime":2400,"mStartTime":70200000,"mTimeUnit":600000,"mWalkTime":36018,"runStep":6,"walkStep":54},{"distance":8.55,"mCalorie":0.37,"mOthersTime":0,"mRunTime":0,"mStartTime":70800000,"mTimeUnit":600000,"mWalkTime":7337,"runStep":0,"walkStep":11},{"distance":22.75,"mCalorie":1.11,"mOthersTime":0,"mRunTime":0,"mStartTime":71400000,"mTimeUnit":600000,"mWalkTime":20677,"runStep":0,"walkStep":31},{"distance":60.28,"mCalorie":2.92,"mOthersTime":0,"mRunTime":0,"mStartTime":72000000,"mTimeUnit":600000,"mWalkTime":54694,"runStep":0,"walkStep":82},{"distance":362.95,"mCalorie":19.94,"mOthersTime":0,"mRunTime":0,"mStartTime":73800000,"mTimeUnit":600000,"mWalkTime":340170,"runStep":0,"walkStep":510},{"distance":84.68999,"mCalorie":4.15,"mOthersTime":0,"mRunTime":0,"mStartTime":74400000,"mTimeUnit":600000,"mWalkTime":76038,"runStep":0,"walkStep":114},{"distance":32.22,"mCalorie":1.6400001,"mOthersTime":0,"mRunTime":0,"mStartTime":75000000,"mTimeUnit":600000,"mWalkTime":30015,"runStep":0,"walkStep":45},{"distance":8.93,"mCalorie":0.66,"mOthersTime":0,"mRunTime":0,"mStartTime":75600000,"mTimeUnit":600000,"mWalkTime":8671,"runStep":0,"walkStep":13},{"distance":80.73,"mCalorie":4.21,"mOthersTime":0,"mRunTime":0,"mStartTime":77400000,"mTimeUnit":600000,"mWalkTime":74037,"runStep":0,"walkStep":111},{"distance":325.52002,"mCalorie":16.58,"mOthersTime":0,"mRunTime":0,"mStartTime":78000000,"mTimeUnit":600000,"mWalkTime":294814,"runStep":0,"walkStep":442},{"distance":39.67,"mCalorie":1.7900001,"mOthersTime":0,"mRunTime":0,"mStartTime":78600000,"mTimeUnit":600000,"mWalkTime":34684,"runStep":0,"walkStep":52},{"distance":11.18,"mCalorie":0.75,"mOthersTime":0,"mRunTime":400,"mStartTime":79200000,"mTimeUnit":600000,"mWalkTime":8004,"runStep":1,"walkStep":12}],"version":1}