{"mAdaptiveGoal":0,"mIsGoalAchieved":false,"mIsMostActiveAchieved":false,"mMostActiveMinutes":0,"mStreakDayCount":0,"mUnitDataList":[{"distance":78.619995,"mCalorie":3.8999996,"mOthersTime":0,"mRunTime":800,"mStartTime":19200000,"mTimeUnit":600000,"mWalkTime":67367,"runStep":2,"walkStep":101},{"distance":104.54001,"mCalorie":5.8199997,"mOthersTime":0,"mRunTime":0,"mStartTime":19800000,"mTimeUnit":600000,"mWalkTime":102718,"runStep":0,"walkStep":154},{"distance":240.69,"mCalorie":14.01,"mOthersTime":0,"mRunTime":0,"mStartTime":20400000,"mTimeUnit":600000,"mWalkTime":224112,"runStep":0,"walkStep":336},{"distance":211.56003,"mCalorie":11.339999,"mOthersTime":0,"mRunTime":0,"mStartTime":21000000,"mTimeUnit":600000,"mWalkTime":193430,"runStep":0,"walkStep":290},{"distance":7.19,"mCalorie":0.35,"mOthersTime":0,"mRunTime":0,"mStartTime":22200000,"mTimeUnit":600000,"mWalkTime":6670,"runStep":0,"walkStep":10},{"distance":118.89,"mCalorie":7.74,"mOthersTime":0,"mRunTime":0,"mStartTime":23400000,"mTimeUnit":600000,"mWalkTime":113390,"runStep":0,"walkStep":170},{"distance":149.51599,"mCalorie":7.96,"mOthersTime":0,"mRunTime":0,"mStartTime":24000000,"mTimeUnit":600000,"mWalkTime":141404,"runStep":0,"walkStep":212},{"distance":11.35,"mCalorie":0.59,"mOthersTime":0,"mRunTime":0,"mStartTime":24600000,"mTimeUnit":600000,"mWalkTime":10672,"runStep":0,"walkStep":16},{"distance":29.564999,"mCalorie":1.37,"mOthersTime":0,"mRunTime":0,"mStartTime":25200000,"mTimeUnit":600000,"mWalkTime":27347,"runStep":0,"walkStep":41},{"distance":22.91,"mCalorie":0.9,"mOthersTime":0,"mRunTime":0,"mStartTime":25800000,"mTimeUnit":600000,"mWalkTime":20010,"runStep":0,"walkStep":30},{"distance":83.636,"mCalorie":4.01,"mOthersTime":0,"mRunTime":0,"mStartTime":26400000,"mTimeUnit":600000,"mWalkTime":73370,"runStep":0,"walkStep":110},{"distance":48.33,"mCalorie":2.4900002,"mOthersTime":0,"mRunTime":0,"mStartTime":27000000,"mTimeUnit":600000,"mWalkTime":44689,"runStep":0,"walkStep":67},{"distance":575.25,"mCalorie":29.690002,"mOthersTime":0,"mRunTime":0,"mStartTime":27600000,"mTimeUnit":600000,"mWalkTime":455351,"runStep":0,"walkStep":784},{"distance":122.24099,"mCalorie":6.07,"mOthersTime":0,"mRunTime":0,"mStartTime":28200000,"mTimeUnit":600000,"mWalkTime":112056,"runStep":0,"walkStep":168},{"distance":60.69,"mCalorie":3.1200001,"mOthersTime":0,"mRunTime":0,"mStartTime":28800000,"mTimeUnit":600000,"mWalkTime":53360,"runStep":0,"walkStep":80},{"distance":10.1,"mCalorie":0.39,"mOthersTime":0,"mRunTime":0,"mStartTime":32400000,"mTimeUnit":600000,"mWalkTime":8671,"runStep":0,"walkStep":13},{"distance":7.51,"mCalorie":0.37,"mOthersTime":0,"mRunTime":0,"mStartTime":35400000,"mTimeUnit":600000,"mWalkTime":7337,"runStep":0,"walkStep":11},{"distance":6.77,"mCalorie":0.52,"mOthersTime":0,"mRunTime":0,"mStartTime":36000000,"mTimeUnit":600000,"mWalkTime":6670,"runStep":0,"walkStep":10},{"distance":17.66,"mCalorie":0.78999996,"mOthersTime":0,"mRunTime":0,"mStartTime":36600000,"mTimeUnit":600000,"mWalkTime":16008,"runStep":0,"walkStep":24},{"distance":73.247,"mCalorie":3.5909998,"mOthersTime":0,"mRunTime":0,"mStartTime":43200000,"mTimeUnit":600000,"mWalkTime":67367,"runStep":0,"walkStep":101},{"distance":351.11996,"mCalorie":18.199999,"mOthersTime":0,"mRunTime":0,"mStartTime":43800000,"mTimeUnit":600000,"mWalkTime":316795,"runStep":0,"walkStep":485},{"distance":63.8,"mCalorie":3.44,"mOthersTime":0,"mRunTime":0,"mStartTime":44400000,"mTimeUnit":600000,"mWalkTime":59363,"runStep":0,"walkStep":89},{"distance":99.83,"mCalorie":4.72,"mOthersTime":0,"mRunTime":0,"mStartTime":45000000,"mTimeUnit":600000,"mWalkTime":88711,"runStep":0,"walkStep":133},{"distance":36.85,"mCalorie":1.8,"mOthersTime":0,"mRunTime":0,"mStartTime":45600000,"mTimeUnit":600000,"mWalkTime":32683,"runStep":0,"walkStep":49},{"distance":6.774,"mCalorie":0.4,"mOthersTime":0,"mRunTime":0,"mStartTime":47400000,"mTimeUnit":600000,"mWalkTime":6670,"runStep":0,"walkStep":10},{"distance":103.644005,"mCalorie":5.35,"mOthersTime":0,"mRunTime":0,"mStartTime":48000000,"mTimeUnit":600000,"mWalkTime":96048,"runStep":0,"walkStep":144},{"distance":15.67,"mCalorie":0.76,"mOthersTime":0,"mRunTime":0,"mStartTime":49200000,"mTimeUnit":600000,"mWalkTime":14007,"runStep":0,"walkStep":21},{"distance":21.05,"mCalorie":1.04,"mOthersTime":0,"mRunTime":0,"mStartTime":49800000,"mTimeUnit":600000,"mWalkTime":19343,"runStep":0,"walkStep":29},{"distance":24.2,"mCalorie":1.23,"mOthersTime":0,"mRunTime":0,"mStartTime":50400000,"mTimeUnit":600000,"mWalkTime":22011,"runStep":0,"walkStep":33},{"distance":38.42,"mCalorie":2.0,"mOthersTime":0,"mRunTime":0,"mStartTime":51000000,"mTimeUnit":600000,"mWalkTime":36018,"runStep":0,"walkStep":54},{"distance":78.979996,"mCalorie":3.85,"mOthersTime":0,"mRunTime":0,"mStartTime":52200000,"mTimeUnit":600000,"mWalkTime":71369,"runStep":0,"walkStep":107},{"distance":2.22,"mCalorie":0.11,"mOthersTime":0,"mRunTime":0,"mStartTime":52800000,"mTimeUnit":600000,"mWalkTime":2001,"runStep":0,"walkStep":3},{"distance":146.97,"mCalorie":7.0299997,"mOthersTime":0,"mRunTime":1600,"mStartTime":54000000,"mTimeUnit":600000,"mWalkTime":120060,"runStep":4,"walkStep":180},{"distance":117.78001,"mCalorie":5.6599994,"mOthersTime":0,"mRunTime":2000,"mStartTime":54600000,"mTimeUnit":600000,"mWalkTime":100050,"runStep":5,"walkStep":150},{"distance":541.51,"mCalorie":24.410002,"mOthersTime":0,"mRunTime":0,"mStartTime":55800000,"mTimeUnit":600000,"mWalkTime":396018,"runStep":0,"walkStep":713},{"distance":39.889,"mCalorie":1.97,"mOthersTime":0,"mRunTime":400,"mStartTime":56400000,"mTimeUnit":600000,"mWalkTime":32016,"runStep":1,"walkStep":48},{"distance":30.637999,"mCalorie":1.73,"mOthersTime":0,"mRunTime":0,"mStartTime":57000000,"mTimeUnit":600000,"mWalkTime":28014,"runStep":0,"walkStep":42},{"distance":53.5,"mCalorie":2.83,"mOthersTime":0,"mRunTime":4400,"mStartTime":58200000,"mTimeUnit":600000,"mWalkTime":38686,"runStep":11,"walkStep":58},{"distance":28.630001,"mCalorie":1.47,"mOthersTime":0,"mRunTime":0,"mStartTime":60000000,"mTimeUnit":600000,"mWalkTime":25346,"runStep":0,"walkStep":38},{"distance":30.07,"mCalorie":1.64,"mOthersTime":0,"mRunTime":0,"mStartTime":60600000,"mTimeUnit":600000,"mWalkTime":28681,"runStep":0,"walkStep":43},{"distance":7.9,"mCalorie":0.38,"mOthersTime":0,"mRunTime":0,"mStartTime":66000000,"mTimeUnit":600000,"mWalkTime":7337,"runStep":0,"walkStep":11},{"distance":9.22,"mCalorie":0.42,"mOthersTime":0,"mRunTime":0,"mStartTime":67800000,"mTimeUnit":600000,"mWalkTime":8004,"runStep":0,"walkStep":12},{"distance":24.2,"mCalorie":1.22,"mOthersTime":0,"mRunTime":0,"mStartTime":68400000,"mTimeUnit":600000,"mWalkTime":22011,"runStep":0,"walkStep":33},{"distance":38.19,"mCalorie":2.33,"mOthersTime":0,"mRunTime":5600,"mStartTime":69000000,"mTimeUnit":600000,"mWalkTime":22678,"runStep":14,"walkStep":34},{"distance":170.7,"mCalorie":9.070001,"mOthersTime":0,"mRunTime":0,"mStartTime":69600000,"mTimeUnit":600000,"mWalkTime":156745,"runStep":0,"walkStep":235},{"distance":152.323,"mCalorie":7.81,"mOthersTime":0,"mRunTime":0,"mStartTime":70200000,"mTimeUnit":600000,"mWalkTime":128701,"runStep":0,"walkStep":213},{"distance":47.46,"mCalorie":2.4199998,"mOthersTime":0,"mRunTime":0,"mStartTime":70800000,"mTimeUnit":600000,"mWalkTime":43355,"runStep":0,"walkStep":65},{"distance":175.38,"mCalorie":9.579999,"mOthersTime":0,"mRunTime":0,"mStartTime":73200000,"mTimeUnit":600000,"mWalkTime":160080,"runStep":0,"walkStep":240},{"distance":134.218,"mCalorie":6.44,"mOthersTime":0,"mRunTime":0,"mStartTime":74400000,"mTimeUnit":600000,"mWalkTime":120060,"runStep":0,"walkStep":180},{"distance":14.39,"mCalorie":0.69,"mOthersTime":0,"mRunTime":0,"mStartTime":77400000,"mTimeUnit":600000,"mWalkTime":12673,"runStep":0,"walkStep":19},{"distance":27.05,"mCalorie":1.5,"mOthersTime":0,"mRunTime":4000,"mStartTime":78000000,"mTimeUnit":600000,"mWalkTime":13340,"runStep":10,"walkStep":20},{"distance":19.0,"mCalorie":0.92,"mOthersTime":0,"mRunTime":0,"mStartTime":79200000,"mTimeUnit":600000,"mWalkTime":16008,"runStep":0,"walkStep":24},{"distance":45.596,"mCalorie":2.54,"mOthersTime":0,"mRunTime":1200,"mStartTime":79800000,"mTimeUnit":600000,"mWalkTime":38686,"runStep":3,"walkStep":58}],"version":1}