{"mAdaptiveGoal":0,"mIsGoalAchieved":false,"mIsMostActiveAchieved":false,"mMostActiveMinutes":0,"mStreakDayCount":0,"mUnitDataList":[{"distance":32.760002,"mCalorie":1.7299999,"mOthersTime":0,"mRunTime":1200,"mStartTime":10200000,"mTimeUnit":600000,"mWalkTime":24679,"runStep":3,"walkStep":37},{"distance":70.39,"mCalorie":3.99,"mOthersTime":0,"mRunTime":4000,"mStartTime":12600000,"mTimeUnit":600000,"mWalkTime":54027,"runStep":10,"walkStep":81},{"distance":14.469999,"mCalorie":0.72,"mOthersTime":0,"mRunTime":0,"mStartTime":13200000,"mTimeUnit":600000,"mWalkTime":13340,"runStep":0,"walkStep":20},{"distance":16.6,"mCalorie":0.82,"mOthersTime":0,"mRunTime":0,"mStartTime":14400000,"mTimeUnit":600000,"mWalkTime":15341,"runStep":0,"walkStep":23},{"distance":16.59,"mCalorie":0.77,"mOthersTime":0,"mRunTime":0,"mStartTime":15000000,"mTimeUnit":600000,"mWalkTime":14674,"runStep":0,"walkStep":22},{"distance":16.289999,"mCalorie":0.81,"mOthersTime":0,"mRunTime":0,"mStartTime":17400000,"mTimeUnit":600000,"mWalkTime":15341,"runStep":0,"walkStep":23},{"distance":22.46,"mCalorie":1.18,"mOthersTime":0,"mRunTime":0,"mStartTime":18000000,"mTimeUnit":600000,"mWalkTime":21344,"runStep":0,"walkStep":32},{"distance":12.91,"mCalorie":0.58,"mOthersTime":0,"mRunTime":0,"mStartTime":19200000,"mTimeUnit":600000,"mWalkTime":11339,"runStep":0,"walkStep":17},{"distance":11.66,"mCalorie":0.47,"mOthersTime":0,"mRunTime":0,"mStartTime":25200000,"mTimeUnit":600000,"mWalkTime":10005,"runStep":0,"walkStep":15},{"distance":29.880001,"mCalorie":1.41,"mOthersTime":0,"mRunTime":400,"mStartTime":26400000,"mTimeUnit":600000,"mWalkTime":24679,"runStep":1,"walkStep":37},{"distance":34.564,"mCalorie":1.8799999,"mOthersTime":0,"mRunTime":0,"mStartTime":35400000,"mTimeUnit":600000,"mWalkTime":32016,"runStep":0,"walkStep":48},{"distance":8.06,"mCalorie":0.36,"mOthersTime":0,"mRunTime":0,"mStartTime":36000000,"mTimeUnit":600000,"mWalkTime":7337,"runStep":0,"walkStep":11},{"distance":10.900001,"mCalorie":0.55999994,"mOthersTime":0,"mRunTime":0,"mStartTime":39600000,"mTimeUnit":600000,"mWalkTime":10005,"runStep":0,"walkStep":15},{"distance":47.649002,"mCalorie":2.51,"mOthersTime":0,"mRunTime":4000,"mStartTime":40200000,"mTimeUnit":600000,"mWalkTime":30015,"runStep":10,"walkStep":45},{"distance":65.350006,"mCalorie":2.9,"mOthersTime":0,"mRunTime":0,"mStartTime":40800000,"mTimeUnit":600000,"mWalkTime":56695,"runStep":0,"walkStep":85},{"distance":16.62,"mCalorie":0.86,"mOthersTime":0,"mRunTime":0,"mStartTime":41400000,"mTimeUnit":600000,"mWalkTime":15341,"runStep":0,"walkStep":23},{"distance":12.16,"mCalorie":0.6,"mOthersTime":0,"mRunTime":0,"mStartTime":43200000,"mTimeUnit":600000,"mWalkTime":11339,"runStep":0,"walkStep":17},{"distance":13.32,"mCalorie":0.72,"mOthersTime":0,"mRunTime":0,"mStartTime":43800000,"mTimeUnit":600000,"mWalkTime":12673,"runStep":0,"walkStep":19},{"distance":23.93,"mCalorie":1.1800001,"mOthersTime":0,"mRunTime":0,"mStartTime":44400000,"mTimeUnit":600000,"mWalkTime":21344,"runStep":0,"walkStep":32},{"distance":23.18,"mCalorie":1.2199999,"mOthersTime":0,"mRunTime":0,"mStartTime":45000000,"mTimeUnit":600000,"mWalkTime":20677,"runStep":0,"walkStep":31},{"distance":56.200005,"mCalorie":2.5599995,"mOthersTime":0,"mRunTime":0,"mStartTime":45600000,"mTimeUnit":600000,"mWalkTime":49358,"runStep":0,"walkStep":74},{"distance":10.21,"mCalorie":0.45,"mOthersTime":0,"mRunTime":0,"mStartTime":46200000,"mTimeUnit":600000,"mWalkTime":8671,"runStep":0,"walkStep":13},{"distance":17.03,"mCalorie":0.82,"mOthersTime":0,"mRunTime":0,"mStartTime":46800000,"mTimeUnit":600000,"mWalkTime":14674,"runStep":0,"walkStep":22},{"distance":52.17,"mCalorie":2.51,"mOthersTime":0,"mRunTime":0,"mStartTime":47400000,"mTimeUnit":600000,"mWalkTime":45356,"runStep":0,"walkStep":68},{"distance":27.810001,"mCalorie":1.45,"mOthersTime":0,"mRunTime":0,"mStartTime":48000000,"mTimeUnit":600000,"mWalkTime":25346,"runStep":0,"walkStep":38},{"distance":16.779999,"mCalorie":0.94,"mOthersTime":0,"mRunTime":0,"mStartTime":49200000,"mTimeUnit":600000,"mWalkTime":15341,"runStep":0,"walkStep":23},{"distance":72.19,"mCalorie":3.79,"mOthersTime":0,"mRunTime":0,"mStartTime":49800000,"mTimeUnit":600000,"mWalkTime":70702,"runStep":0,"walkStep":106},{"distance":179.603,"mCalorie":9.190001,"mOthersTime":0,"mRunTime":0,"mStartTime":50400000,"mTimeUnit":600000,"mWalkTime":169418,"runStep":0,"walkStep":254},{"distance":70.229996,"mCalorie":3.4299998,"mOthersTime":0,"mRunTime":0,"mStartTime":51000000,"mTimeUnit":600000,"mWalkTime":62031,"runStep":0,"walkStep":93},{"distance":44.98,"mCalorie":2.0900002,"mOthersTime":0,"mRunTime":0,"mStartTime":51600000,"mTimeUnit":600000,"mWalkTime":38686,"runStep":0,"walkStep":58},{"distance":16.84,"mCalorie":0.87,"mOthersTime":0,"mRunTime":0,"mStartTime":52200000,"mTimeUnit":600000,"mWalkTime":16008,"runStep":0,"walkStep":24},{"distance":97.352,"mCalorie":4.411,"mOthersTime":0,"mRunTime":800,"mStartTime":52800000,"mTimeUnit":600000,"mWalkTime":82041,"runStep":2,"walkStep":123},{"distance":35.92,"mCalorie":1.81,"mOthersTime":0,"mRunTime":0,"mStartTime":53400000,"mTimeUnit":600000,"mWalkTime":33350,"runStep":0,"walkStep":50},{"distance":213.99,"mCalorie":10.660001,"mOthersTime":0,"mRunTime":0,"mStartTime":54000000,"mTimeUnit":600000,"mWalkTime":180727,"runStep":0,"walkStep":290},{"distance":245.11101,"mCalorie":11.62,"mOthersTime":0,"mRunTime":0,"mStartTime":54600000,"mTimeUnit":600000,"mWalkTime":186033,"runStep":0,"walkStep":322},{"distance":136.174,"mCalorie":6.93,"mOthersTime":0,"mRunTime":2400,"mStartTime":55200000,"mTimeUnit":600000,"mWalkTime":108721,"runStep":6,"walkStep":163},{"distance":294.0,"mCalorie":14.400001,"mOthersTime":0,"mRunTime":400,"mStartTime":55800000,"mTimeUnit":600000,"mWalkTime":251429,"runStep":1,"walkStep":392},{"distance":55.230003,"mCalorie":2.6200001,"mOthersTime":0,"mRunTime":0,"mStartTime":56400000,"mTimeUnit":600000,"mWalkTime":48691,"runStep":0,"walkStep":73},{"distance":54.365,"mCalorie":2.85,"mOthersTime":0,"mRunTime":1200,"mStartTime":62400000,"mTimeUnit":600000,"mWalkTime":43355,"runStep":3,"walkStep":65},{"distance":41.55,"mCalorie":2.4599998,"mOthersTime":0,"mRunTime":0,"mStartTime":63600000,"mTimeUnit":600000,"mWalkTime":40020,"runStep":0,"walkStep":60},{"distance":31.23,"mCalorie":1.62,"mOthersTime":0,"mRunTime":0,"mStartTime":64200000,"mTimeUnit":600000,"mWalkTime":28681,"runStep":0,"walkStep":43},{"distance":91.808,"mCalorie":4.82,"mOthersTime":0,"mRunTime":1600,"mStartTime":64800000,"mTimeUnit":600000,"mWalkTime":70035,"runStep":4,"walkStep":105},{"distance":19.059,"mCalorie":1.1,"mOthersTime":0,"mRunTime":0,"mStartTime":65400000,"mTimeUnit":600000,"mWalkTime":16008,"runStep":0,"walkStep":24},{"distance":46.28,"mCalorie":2.3899999,"mOthersTime":0,"mRunTime":0,"mStartTime":66000000,"mTimeUnit":600000,"mWalkTime":42688,"runStep":0,"walkStep":64},{"distance":45.210007,"mCalorie":1.9099996,"mOthersTime":0,"mRunTime":0,"mStartTime":67800000,"mTimeUnit":600000,"mWalkTime":38686,"runStep":0,"walkStep":58},{"distance":42.928,"mCalorie":2.27,"mOthersTime":0,"mRunTime":0,"mStartTime":69000000,"mTimeUnit":600000,"mWalkTime":39353,"runStep":0,"walkStep":59},{"distance":6.02,"mCalorie":0.28,"mOthersTime":0,"mRunTime":0,"mStartTime":73200000,"mTimeUnit":600000,"mWalkTime":5336,"runStep":0,"walkStep":8},{"distance":63.379997,"mCalorie":3.7099996,"mOthersTime":0,"mRunTime":800,"mStartTime":73800000,"mTimeUnit":600000,"mWalkTime":56028,"runStep":2,"walkStep":84},{"distance":41.68,"mCalorie":2.17,"mOthersTime":0,"mRunTime":0,"mStartTime":74400000,"mTimeUnit":600000,"mWalkTime":39353,"runStep":0,"walkStep":59},{"distance":20.31,"mCalorie":1.1,"mOthersTime":0,"mRunTime":0,"mStartTime":75000000,"mTimeUnit":600000,"mWalkTime":18676,"runStep":0,"walkStep":28},{"distance":24.029999,"mCalorie":1.03,"mOthersTime":0,"mRunTime":0,"mStartTime":79200000,"mTimeUnit":600000,"mWalkTime":20677,"runStep":0,"walkStep":31},{"distance":45.04,"mCalorie":2.19,"mOthersTime":0,"mRunTime":0,"mStartTime":83400000,"mTimeUnit":600000,"mWalkTime":39353,"runStep":0,"walkStep":59}],"version":1}