{"mActivityList":[{"mActiveTime":2860273,"mActiveTimeType":0,"mCalorie":390.0,"mCategory":204,"mDetailInfoId":"e611e9ae-b241-c549-6c1f-ed7ba6c54210","mDistance":3264.341,"mDuration":2860273,"mEndTime":40398321,"mStartTime":37538048,"mType":1001},{"mActiveTime":600000,"mActiveTimeType":2,"mCalorie":54.34,"mCategory":204,"mDetailInfoId":"bf865584-2ca1-2333-4e8f-adf7bdadd424","mDistance":0.0,"mDuration":600000,"mEndTime":45583034,"mStartTime":44983034,"mType":11007}],"mAdaptiveGoal":0,"mIsGoalAchieved":false,"mIsMostActiveAchieved":false,"mMostActiveMinutes":0,"mStreakDayCount":0,"mUnitDataList":[{"distance":15.66,"mCalorie":0.94,"mOthersTime":0,"mRunTime":0,"mStartTime":19200000,"mTimeUnit":600000,"mWalkTime":13340,"runStep":0,"walkStep":20},{"distance":42.239998,"mCalorie":2.33,"mOthersTime":0,"mRunTime":400,"mStartTime":21000000,"mTimeUnit":600000,"mWalkTime":39353,"runStep":1,"walkStep":59},{"distance":53.1,"mCalorie":2.8700001,"mOthersTime":0,"mRunTime":0,"mStartTime":21600000,"mTimeUnit":600000,"mWalkTime":48691,"runStep":0,"walkStep":73},{"distance":9.28,"mCalorie":0.41,"mOthersTime":0,"mRunTime":0,"mStartTime":22200000,"mTimeUnit":600000,"mWalkTime":8004,"runStep":0,"walkStep":12},{"distance":59.63,"mCalorie":2.88,"mOthersTime":0,"mRunTime":0,"mStartTime":22800000,"mTimeUnit":600000,"mWalkTime":53360,"runStep":0,"walkStep":80},{"distance":17.0,"mCalorie":0.92,"mOthersTime":0,"mRunTime":0,"mStartTime":25200000,"mTimeUnit":600000,"mWalkTime":16008,"runStep":0,"walkStep":24},{"distance":21.31,"mCalorie":1.05,"mOthersTime":0,"mRunTime":0,"mStartTime":25800000,"mTimeUnit":600000,"mWalkTime":20010,"runStep":0,"walkStep":30},{"distance":27.720001,"mCalorie":1.7199999,"mOthersTime":0,"mRunTime":1600,"mStartTime":26400000,"mTimeUnit":600000,"mWalkTime":21344,"runStep":4,"walkStep":32},{"distance":30.06,"mCalorie":1.5699999,"mOthersTime":0,"mRunTime":0,"mStartTime":27000000,"mTimeUnit":600000,"mWalkTime":28681,"runStep":0,"walkStep":43},{"distance":8.64,"mCalorie":0.46,"mOthersTime":0,"mRunTime":0,"mStartTime":28200000,"mTimeUnit":600000,"mWalkTime":6670,"runStep":0,"walkStep":10},{"distance":10.43,"mCalorie":0.49,"mOthersTime":0,"mRunTime":0,"mStartTime":31800000,"mTimeUnit":600000,"mWalkTime":9338,"runStep":0,"walkStep":14},{"distance":38.09,"mCalorie":2.14,"mOthersTime":0,"mRunTime":400,"mStartTime":32400000,"mTimeUnit":600000,"mWalkTime":33350,"runStep":1,"walkStep":50},{"distance":19.8,"mCalorie":0.86999995,"mOthersTime":0,"mRunTime":0,"mStartTime":33000000,"mTimeUnit":600000,"mWalkTime":17342,"runStep":0,"walkStep":26},{"distance":22.68,"mCalorie":0.96999997,"mOthersTime":0,"mRunTime":0,"mStartTime":33600000,"mTimeUnit":600000,"mWalkTime":19343,"runStep":0,"walkStep":29},{"distance":48.62,"mCalorie":2.27,"mOthersTime":0,"mRunTime":0,"mStartTime":36600000,"mTimeUnit":600000,"mWalkTime":44689,"runStep":0,"walkStep":67},{"distance":318.01974,"mCalorie":36.83339,"mOthersTime":0,"mRunTime":0,"mStartTime":37200000,"mTimeUnit":600000,"mWalkTime":281408,"runStep":0,"walkStep":447},{"distance":684.7614,"mCalorie":81.81037,"mOthersTime":0,"mRunTime":0,"mStartTime":37800000,"mTimeUnit":600000,"mWalkTime":600000,"runStep":0,"walkStep":1037},{"distance":684.7614,"mCalorie":81.81037,"mOthersTime":0,"mRunTime":0,"mStartTime":38400000,"mTimeUnit":600000,"mWalkTime":600000,"runStep":0,"walkStep":960},{"distance":684.7614,"mCalorie":81.81037,"mOthersTime":0,"mRunTime":0,"mStartTime":39000000,"mTimeUnit":600000,"mWalkTime":600000,"runStep":0,"walkStep":977},{"distance":684.7614,"mCalorie":81.81037,"mOthersTime":0,"mRunTime":0,"mStartTime":39600000,"mTimeUnit":600000,"mWalkTime":600000,"runStep":0,"walkStep":932},{"distance":246.84763,"mCalorie":28.131193,"mOthersTime":0,"mRunTime":0,"mStartTime":40200000,"mTimeUnit":600000,"mWalkTime":217664,"runStep":0,"walkStep":262},{"distance":15.880001,"mCalorie":0.92999995,"mOthersTime":0,"mRunTime":0,"mStartTime":41400000,"mTimeUnit":600000,"mWalkTime":15341,"runStep":0,"walkStep":23},{"distance":36.43,"mCalorie":1.89,"mOthersTime":0,"mRunTime":0,"mStartTime":42000000,"mTimeUnit":600000,"mWalkTime":34684,"runStep":0,"walkStep":52},{"distance":8.5,"mCalorie":0.43,"mOthersTime":0,"mRunTime":0,"mStartTime":42600000,"mTimeUnit":600000,"mWalkTime":8004,"runStep":0,"walkStep":12},{"distance":17.59,"mCalorie":0.98,"mOthersTime":0,"mRunTime":0,"mStartTime":43200000,"mTimeUnit":600000,"mWalkTime":16008,"runStep":0,"walkStep":24},{"distance":20.2,"mCalorie":1.16,"mOthersTime":0,"mRunTime":800,"mStartTime":43800000,"mTimeUnit":600000,"mWalkTime":16008,"runStep":2,"walkStep":24},{"distance":105.51062,"mCalorie":7.6054993,"mOthersTime":16966,"mRunTime":1200,"mStartTime":44400000,"mTimeUnit":600000,"mWalkTime":94709,"runStep":3,"walkStep":155},{"distance":0.0,"mCalorie":52.803444,"mOthersTime":583034,"mRunTime":0,"mStartTime":45000000,"mTimeUnit":600000,"mWalkTime":0,"runStep":0,"walkStep":453},{"distance":34.09,"mCalorie":1.92,"mOthersTime":0,"mRunTime":0,"mStartTime":45600000,"mTimeUnit":600000,"mWalkTime":31349,"runStep":0,"walkStep":47},{"distance":330.95996,"mCalorie":17.800001,"mOthersTime":0,"mRunTime":0,"mStartTime":46200000,"mTimeUnit":600000,"mWalkTime":290085,"runStep":0,"walkStep":451},{"distance":39.48,"mCalorie":2.0500002,"mOthersTime":0,"mRunTime":0,"mStartTime":46800000,"mTimeUnit":600000,"mWalkTime":36018,"runStep":0,"walkStep":54},{"distance":48.989998,"mCalorie":2.48,"mOthersTime":0,"mRunTime":0,"mStartTime":48600000,"mTimeUnit":600000,"mWalkTime":44022,"runStep":0,"walkStep":66},{"distance":189.92,"mCalorie":10.11,"mOthersTime":0,"mRunTime":0,"mStartTime":49200000,"mTimeUnit":600000,"mWalkTime":178089,"runStep":0,"walkStep":267},{"distance":52.2,"mCalorie":2.6199994,"mOthersTime":0,"mRunTime":0,"mStartTime":49800000,"mTimeUnit":600000,"mWalkTime":47357,"runStep":0,"walkStep":71},{"distance":103.25,"mCalorie":7.2599993,"mOthersTime":0,"mRunTime":0,"mStartTime":57000000,"mTimeUnit":600000,"mWalkTime":112723,"runStep":0,"walkStep":169},{"distance":150.69,"mCalorie":8.38,"mOthersTime":0,"mRunTime":0,"mStartTime":57600000,"mTimeUnit":600000,"mWalkTime":141404,"runStep":0,"walkStep":212},{"distance":64.01,"mCalorie":3.3999999,"mOthersTime":0,"mRunTime":0,"mStartTime":58200000,"mTimeUnit":600000,"mWalkTime":58696,"runStep":0,"walkStep":88},{"distance":14.76,"mCalorie":0.74,"mOthersTime":0,"mRunTime":0,"mStartTime":59400000,"mTimeUnit":600000,"mWalkTime":13340,"runStep":0,"walkStep":20},{"distance":148.5,"mCalorie":7.74,"mOthersTime":0,"mRunTime":0,"mStartTime":60000000,"mTimeUnit":600000,"mWalkTime":134067,"runStep":0,"walkStep":201},{"distance":221.29001,"mCalorie":11.83,"mOthersTime":0,"mRunTime":0,"mStartTime":60600000,"mTimeUnit":600000,"mWalkTime":206770,"runStep":0,"walkStep":310},{"distance":4.92,"mCalorie":0.26,"mOthersTime":0,"mRunTime":0,"mStartTime":61200000,"mTimeUnit":600000,"mWalkTime":4669,"runStep":0,"walkStep":7},{"distance":7.08,"mCalorie":0.38,"mOthersTime":0,"mRunTime":0,"mStartTime":70800000,"mTimeUnit":600000,"mWalkTime":6670,"runStep":0,"walkStep":10},{"distance":46.18,"mCalorie":3.05,"mOthersTime":0,"mRunTime":0,"mStartTime":72000000,"mTimeUnit":600000,"mWalkTime":54694,"runStep":0,"walkStep":82},{"distance":178.0,"mCalorie":10.860001,"mOthersTime":0,"mRunTime":0,"mStartTime":72600000,"mTimeUnit":600000,"mWalkTime":170085,"runStep":0,"walkStep":255},{"distance":151.17,"mCalorie":8.45,"mOthersTime":0,"mRunTime":0,"mStartTime":73200000,"mTimeUnit":600000,"mWalkTime":140070,"runStep":0,"walkStep":210},{"distance":180.68,"mCalorie":9.58,"mOthersTime":0,"mRunTime":0,"mStartTime":75600000,"mTimeUnit":600000,"mWalkTime":164749,"runStep":0,"walkStep":247},{"distance":96.909996,"mCalorie":5.0699997,"mOthersTime":0,"mRunTime":0,"mStartTime":76200000,"mTimeUnit":600000,"mWalkTime":88711,"runStep":0,"walkStep":133},{"distance":4.4,"mCalorie":0.21,"mOthersTime":0,"mRunTime":0,"mStartTime":76800000,"mTimeUnit":600000,"mWalkTime":4002,"runStep":0,"walkStep":6}],"version":1}