{"mAdaptiveGoal":0,"mIsGoalAchieved":false,"mIsMostActiveAchieved":false,"mMostActiveMinutes":0,"mStreakDayCount":0,"mUnitDataList":[{"distance":22.57,"mCalorie":0.88,"mOthersTime":0,"mRunTime":0,"mStartTime":4800000,"mTimeUnit":600000,"mWalkTime":18009,"runStep":0,"walkStep":27},{"distance":8.81,"mCalorie":0.57,"mOthersTime":0,"mRunTime":0,"mStartTime":5400000,"mTimeUnit":600000,"mWalkTime":8671,"runStep":0,"walkStep":13},{"distance":41.579998,"mCalorie":2.01,"mOthersTime":0,"mRunTime":0,"mStartTime":14400000,"mTimeUnit":600000,"mWalkTime":38019,"runStep":0,"walkStep":57},{"distance":140.679,"mCalorie":7.0199995,"mOthersTime":0,"mRunTime":400,"mStartTime":15000000,"mTimeUnit":600000,"mWalkTime":128731,"runStep":1,"walkStep":193},{"distance":28.87,"mCalorie":1.38,"mOthersTime":0,"mRunTime":0,"mStartTime":15600000,"mTimeUnit":600000,"mWalkTime":26013,"runStep":0,"walkStep":39},{"distance":68.46,"mCalorie":3.4299998,"mOthersTime":0,"mRunTime":0,"mStartTime":18000000,"mTimeUnit":600000,"mWalkTime":64032,"runStep":0,"walkStep":96},{"distance":70.79,"mCalorie":3.5700002,"mOthersTime":0,"mRunTime":0,"mStartTime":18600000,"mTimeUnit":600000,"mWalkTime":63365,"runStep":0,"walkStep":95},{"distance":10.28,"mCalorie":0.66,"mOthersTime":0,"mRunTime":800,"mStartTime":19200000,"mTimeUnit":600000,"mWalkTime":8004,"runStep":2,"walkStep":12},{"distance":19.65,"mCalorie":0.89,"mOthersTime":0,"mRunTime":0,"mStartTime":28800000,"mTimeUnit":600000,"mWalkTime":18009,"runStep":0,"walkStep":27},{"distance":72.16,"mCalorie":3.8199997,"mOthersTime":0,"mRunTime":3600,"mStartTime":33000000,"mTimeUnit":600000,"mWalkTime":56695,"runStep":9,"walkStep":85},{"distance":23.41,"mCalorie":1.26,"mOthersTime":0,"mRunTime":0,"mStartTime":33600000,"mTimeUnit":600000,"mWalkTime":22011,"runStep":0,"walkStep":33},{"distance":20.47,"mCalorie":1.03,"mOthersTime":0,"mRunTime":0,"mStartTime":34200000,"mTimeUnit":600000,"mWalkTime":18676,"runStep":0,"walkStep":28},{"distance":76.688995,"mCalorie":3.64,"mOthersTime":0,"mRunTime":0,"mStartTime":34800000,"mTimeUnit":600000,"mWalkTime":67367,"runStep":0,"walkStep":101},{"distance":69.240005,"mCalorie":3.31,"mOthersTime":0,"mRunTime":0,"mStartTime":35400000,"mTimeUnit":600000,"mWalkTime":62698,"runStep":0,"walkStep":94},{"distance":9.63,"mCalorie":0.27,"mOthersTime":0,"mRunTime":0,"mStartTime":36000000,"mTimeUnit":600000,"mWalkTime":7337,"runStep":0,"walkStep":11},{"distance":28.15,"mCalorie":1.36,"mOthersTime":0,"mRunTime":0,"mStartTime":36600000,"mTimeUnit":600000,"mWalkTime":24012,"runStep":0,"walkStep":36},{"distance":42.989998,"mCalorie":2.35,"mOthersTime":0,"mRunTime":2800,"mStartTime":37200000,"mTimeUnit":600000,"mWalkTime":35351,"runStep":7,"walkStep":53},{"distance":140.55,"mCalorie":7.3,"mOthersTime":0,"mRunTime":4800,"mStartTime":37800000,"mTimeUnit":600000,"mWalkTime":114724,"runStep":12,"walkStep":172},{"distance":117.83,"mCalorie":6.6100006,"mOthersTime":0,"mRunTime":4800,"mStartTime":38400000,"mTimeUnit":600000,"mWalkTime":90712,"runStep":12,"walkStep":136},{"distance":22.759998,"mCalorie":0.95,"mOthersTime":0,"mRunTime":0,"mStartTime":39000000,"mTimeUnit":600000,"mWalkTime":19343,"runStep":0,"walkStep":29},{"distance":66.19,"mCalorie":3.29,"mOthersTime":0,"mRunTime":400,"mStartTime":40800000,"mTimeUnit":600000,"mWalkTime":60030,"runStep":1,"walkStep":90},{"distance":79.84,"mCalorie":3.79,"mOthersTime":0,"mRunTime":0,"mStartTime":41400000,"mTimeUnit":600000,"mWalkTime":71369,"runStep":0,"walkStep":107},{"distance":11.54,"mCalorie":0.55,"mOthersTime":0,"mRunTime":0,"mStartTime":42000000,"mTimeUnit":600000,"mWalkTime":10672,"runStep":0,"walkStep":16},{"distance":20.59,"mCalorie":0.85,"mOthersTime":0,"mRunTime":0,"mStartTime":42600000,"mTimeUnit":600000,"mWalkTime":18009,"runStep":0,"walkStep":27},{"distance":15.700001,"mCalorie":0.69000006,"mOthersTime":0,"mRunTime":0,"mStartTime":43800000,"mTimeUnit":600000,"mWalkTime":14007,"runStep":0,"walkStep":21},{"distance":105.020004,"mCalorie":4.96,"mOthersTime":0,"mRunTime":0,"mStartTime":44400000,"mTimeUnit":600000,"mWalkTime":93380,"runStep":0,"walkStep":140},{"distance":74.06,"mCalorie":3.5700004,"mOthersTime":0,"mRunTime":0,"mStartTime":45000000,"mTimeUnit":600000,"mWalkTime":66033,"runStep":0,"walkStep":99},{"distance":157.19,"mCalorie":8.91,"mOthersTime":0,"mRunTime":0,"mStartTime":45600000,"mTimeUnit":600000,"mWalkTime":159413,"runStep":0,"walkStep":239},{"distance":14.33,"mCalorie":0.7,"mOthersTime":0,"mRunTime":0,"mStartTime":46200000,"mTimeUnit":600000,"mWalkTime":12673,"runStep":0,"walkStep":19},{"distance":158.4,"mCalorie":8.49,"mOthersTime":0,"mRunTime":0,"mStartTime":46800000,"mTimeUnit":600000,"mWalkTime":128004,"runStep":0,"walkStep":215},{"distance":62.89,"mCalorie":3.4299998,"mOthersTime":0,"mRunTime":1200,"mStartTime":47400000,"mTimeUnit":600000,"mWalkTime":53360,"runStep":3,"walkStep":80},{"distance":240.47,"mCalorie":12.349999,"mOthersTime":0,"mRunTime":2000,"mStartTime":49800000,"mTimeUnit":600000,"mWalkTime":203405,"runStep":5,"walkStep":319},{"distance":8.47,"mCalorie":0.4,"mOthersTime":0,"mRunTime":0,"mStartTime":50400000,"mTimeUnit":600000,"mWalkTime":8004,"runStep":0,"walkStep":12},{"distance":403.44998,"mCalorie":20.78,"mOthersTime":0,"mRunTime":0,"mStartTime":52200000,"mTimeUnit":600000,"mWalkTime":352783,"runStep":0,"walkStep":553},{"distance":206.19002,"mCalorie":11.029999,"mOthersTime":0,"mRunTime":0,"mStartTime":52800000,"mTimeUnit":600000,"mWalkTime":190762,"runStep":0,"walkStep":286},{"distance":11.49,"mCalorie":0.34,"mOthersTime":0,"mRunTime":0,"mStartTime":53400000,"mTimeUnit":600000,"mWalkTime":9338,"runStep":0,"walkStep":14},{"distance":52.809998,"mCalorie":2.56,"mOthersTime":0,"mRunTime":0,"mStartTime":55200000,"mTimeUnit":600000,"mWalkTime":48691,"runStep":0,"walkStep":73},{"distance":148.59,"mCalorie":7.51,"mOthersTime":0,"mRunTime":0,"mStartTime":56400000,"mTimeUnit":600000,"mWalkTime":120000,"runStep":0,"walkStep":201},{"distance":61.840004,"mCalorie":2.86,"mOthersTime":0,"mRunTime":0,"mStartTime":57000000,"mTimeUnit":600000,"mWalkTime":55361,"runStep":0,"walkStep":83},{"distance":213.15,"mCalorie":10.33,"mOthersTime":0,"mRunTime":0,"mStartTime":57600000,"mTimeUnit":600000,"mWalkTime":174724,"runStep":0,"walkStep":284},{"distance":167.10999,"mCalorie":8.28,"mOthersTime":0,"mRunTime":0,"mStartTime":58200000,"mTimeUnit":600000,"mWalkTime":140040,"runStep":0,"walkStep":223},{"distance":107.51001,"mCalorie":5.3200006,"mOthersTime":0,"mRunTime":0,"mStartTime":58800000,"mTimeUnit":600000,"mWalkTime":97382,"runStep":0,"walkStep":146},{"distance":232.58,"mCalorie":13.720001,"mOthersTime":0,"mRunTime":0,"mStartTime":59400000,"mTimeUnit":600000,"mWalkTime":220110,"runStep":0,"walkStep":330},{"distance":175.20999,"mCalorie":9.129999,"mOthersTime":0,"mRunTime":0,"mStartTime":60000000,"mTimeUnit":600000,"mWalkTime":147377,"runStep":0,"walkStep":238},{"distance":237.851,"mCalorie":11.469999,"mOthersTime":0,"mRunTime":0,"mStartTime":60600000,"mTimeUnit":600000,"mWalkTime":212773,"runStep":0,"walkStep":319},{"distance":74.41901,"mCalorie":4.25,"mOthersTime":0,"mRunTime":3200,"mStartTime":61200000,"mTimeUnit":600000,"mWalkTime":60030,"runStep":8,"walkStep":90},{"distance":450.229,"mCalorie":23.820002,"mOthersTime":0,"mRunTime":0,"mStartTime":61800000,"mTimeUnit":600000,"mWalkTime":388741,"runStep":0,"walkStep":630},{"distance":155.84,"mCalorie":8.25,"mOthersTime":0,"mRunTime":0,"mStartTime":62400000,"mTimeUnit":600000,"mWalkTime":144072,"runStep":0,"walkStep":216},{"distance":137.86,"mCalorie":6.999999,"mOthersTime":0,"mRunTime":0,"mStartTime":63000000,"mTimeUnit":600000,"mWalkTime":124729,"runStep":0,"walkStep":187},{"distance":101.69999,"mCalorie":4.9799995,"mOthersTime":0,"mRunTime":0,"mStartTime":64200000,"mTimeUnit":600000,"mWalkTime":90712,"runStep":0,"walkStep":136},{"distance":350.711,"mCalorie":18.97,"mOthersTime":0,"mRunTime":0,"mStartTime":64800000,"mTimeUnit":600000,"mWalkTime":294724,"runStep":0,"walkStep":489},{"distance":44.14,"mCalorie":2.21,"mOthersTime":0,"mRunTime":0,"mStartTime":65400000,"mTimeUnit":600000,"mWalkTime":40020,"runStep":0,"walkStep":60},{"distance":55.449997,"mCalorie":2.71,"mOthersTime":0,"mRunTime":0,"mStartTime":66000000,"mTimeUnit":600000,"mWalkTime":50025,"runStep":0,"walkStep":75},{"distance":17.57,"mCalorie":0.82,"mOthersTime":0,"mRunTime":400,"mStartTime":70200000,"mTimeUnit":600000,"mWalkTime":13340,"runStep":1,"walkStep":20},{"distance":34.66,"mCalorie":1.51,"mOthersTime":0,"mRunTime":0,"mStartTime":70800000,"mTimeUnit":600000,"mWalkTime":30015,"runStep":0,"walkStep":45},{"distance":29.61,"mCalorie":1.43,"mOthersTime":0,"mRunTime":0,"mStartTime":73800000,"mTimeUnit":600000,"mWalkTime":27347,"runStep":0,"walkStep":41},{"distance":38.811,"mCalorie":1.8599999,"mOthersTime":0,"mRunTime":800,"mStartTime":76800000,"mTimeUnit":600000,"mWalkTime":30015,"runStep":2,"walkStep":45},{"distance":26.779999,"mCalorie":1.4499999,"mOthersTime":0,"mRunTime":0,"mStartTime":77400000,"mTimeUnit":600000,"mWalkTime":24679,"runStep":0,"walkStep":37},{"distance":18.14,"mCalorie":0.97,"mOthersTime":0,"mRunTime":0,"mStartTime":78000000,"mTimeUnit":600000,"mWalkTime":16675,"runStep":0,"walkStep":25},{"distance":27.609001,"mCalorie":1.39,"mOthersTime":0,"mRunTime":400,"mStartTime":80400000,"mTimeUnit":600000,"mWalkTime":24679,"runStep":1,"walkStep":37},{"distance":53.069,"mCalorie":3.29,"mOthersTime":0,"mRunTime":0,"mStartTime":81000000,"mTimeUnit":600000,"mWalkTime":62031,"runStep":0,"walkStep":93},{"distance":402.81,"mCalorie":19.66,"mOthersTime":0,"mRunTime":0,"mStartTime":81600000,"mTimeUnit":600000,"mWalkTime":346023,"runStep":0,"walkStep":563},{"distance":8.51,"mCalorie":0.36,"mOthersTime":0,"mRunTime":0,"mStartTime":82200000,"mTimeUnit":600000,"mWalkTime":7337,"runStep":0,"walkStep":11},{"distance":103.67,"mCalorie":4.95,"mOthersTime":0,"mRunTime":0,"mStartTime":84000000,"mTimeUnit":600000,"mWalkTime":92016,"runStep":0,"walkStep":144},{"distance":293.19098,"mCalorie":14.3,"mOthersTime":0,"mRunTime":0,"mStartTime":84600000,"mTimeUnit":600000,"mWalkTime":254704,"runStep":0,"walkStep":404},{"distance":66.01,"mCalorie":3.31,"mOthersTime":0,"mRunTime":1600,"mStartTime":85200000,"mTimeUnit":600000,"mWalkTime":57362,"runStep":4,"walkStep":86},{"distance":62.56,"mCalorie":3.2399998,"mOthersTime":0,"mRunTime":4000,"mStartTime":85800000,"mTimeUnit":600000,"mWalkTime":46023,"runStep":10,"walkStep":69}],"version":1}