{"mActivityList":[{"mActiveTime":783732,"mActiveTimeType":0,"mCalorie":88.0,"mCategory":204,"mDetailInfoId":"50ec946f-19fa-9dd1-cd0b-85ae46d038dc","mDistance":905.51,"mDuration":783732,"mEndTime":54171999,"mStartTime":53388267,"mType":1001},{"mActiveTime":674720,"mActiveTimeType":2,"mCalorie":81.46,"mCategory":204,"mDetailInfoId":"12193937-b99b-4842-c4b4-f11d816a8d59","mDistance":0.0,"mDuration":674720,"mEndTime":59523987,"mStartTime":58849267,"mType":11007},{"mActiveTime":766880,"mActiveTimeType":2,"mCalorie":92.4,"mCategory":204,"mDetailInfoId":"64e58034-dd2b-f235-1515-038ec1d40eba","mDistance":0.0,"mDuration":766880,"mEndTime":65886967,"mStartTime":65120087,"mType":11007}],"mAdaptiveGoal":0,"mIsGoalAchieved":false,"mIsMostActiveAchieved":false,"mMostActiveMinutes":0,"mStreakDayCount":0,"mUnitDataList":[{"distance":8.14,"mCalorie":0.39,"mOthersTime":0,"mRunTime":0,"mStartTime":46200000,"mTimeUnit":600000,"mWalkTime":7337,"runStep":0,"walkStep":11},{"distance":40.44,"mCalorie":2.01,"mOthersTime":0,"mRunTime":0,"mStartTime":46800000,"mTimeUnit":600000,"mWalkTime":37352,"runStep":0,"walkStep":56},{"distance":35.239998,"mCalorie":1.62,"mOthersTime":0,"mRunTime":0,"mStartTime":47400000,"mTimeUnit":600000,"mWalkTime":32016,"runStep":0,"walkStep":48},{"distance":60.85,"mCalorie":3.29,"mOthersTime":0,"mRunTime":2800,"mStartTime":48000000,"mTimeUnit":600000,"mWalkTime":46690,"runStep":7,"walkStep":70},{"distance":10.23,"mCalorie":0.42,"mOthersTime":0,"mRunTime":0,"mStartTime":49200000,"mTimeUnit":600000,"mWalkTime":8671,"runStep":0,"walkStep":13},{"distance":7.74,"mCalorie":0.45,"mOthersTime":0,"mRunTime":0,"mStartTime":49800000,"mTimeUnit":600000,"mWalkTime":7337,"runStep":0,"walkStep":11},{"distance":18.49,"mCalorie":0.97,"mOthersTime":0,"mRunTime":0,"mStartTime":51600000,"mTimeUnit":600000,"mWalkTime":17342,"runStep":0,"walkStep":26},{"distance":88.47857,"mCalorie":5.1275606,"mOthersTime":0,"mRunTime":0,"mStartTime":52800000,"mTimeUnit":600000,"mWalkTime":80146,"runStep":0,"walkStep":110},{"distance":693.2294,"mCalorie":67.36997,"mOthersTime":0,"mRunTime":0,"mStartTime":53400000,"mTimeUnit":600000,"mWalkTime":600000,"runStep":49,"walkStep":892},{"distance":207.26207,"mCalorie":19.788622,"mOthersTime":0,"mRunTime":0,"mStartTime":54000000,"mTimeUnit":600000,"mWalkTime":179914,"runStep":0,"walkStep":223},{"distance":124.17,"mCalorie":7.0199995,"mOthersTime":0,"mRunTime":0,"mStartTime":55200000,"mTimeUnit":600000,"mWalkTime":120060,"runStep":0,"walkStep":180},{"distance":91.68001,"mCalorie":5.42,"mOthersTime":0,"mRunTime":5200,"mStartTime":58200000,"mTimeUnit":600000,"mWalkTime":79373,"runStep":13,"walkStep":119},{"distance":0.0,"mCalorie":66.49086,"mOthersTime":550733,"mRunTime":0,"mStartTime":58800000,"mTimeUnit":600000,"mWalkTime":0,"runStep":0,"walkStep":0},{"distance":99.91,"mCalorie":19.769144,"mOthersTime":123987,"mRunTime":0,"mStartTime":59400000,"mTimeUnit":600000,"mWalkTime":90045,"runStep":0,"walkStep":135},{"distance":138.66,"mCalorie":6.9,"mOthersTime":0,"mRunTime":2800,"mStartTime":60000000,"mTimeUnit":600000,"mWalkTime":108721,"runStep":7,"walkStep":163},{"distance":92.35,"mCalorie":4.6899996,"mOthersTime":0,"mRunTime":3200,"mStartTime":60600000,"mTimeUnit":600000,"mWalkTime":74704,"runStep":8,"walkStep":112},{"distance":150.72,"mCalorie":7.19,"mOthersTime":0,"mRunTime":0,"mStartTime":61200000,"mTimeUnit":600000,"mWalkTime":133400,"runStep":0,"walkStep":200},{"distance":79.159996,"mCalorie":3.58,"mOthersTime":0,"mRunTime":0,"mStartTime":61800000,"mTimeUnit":600000,"mWalkTime":68034,"runStep":0,"walkStep":102},{"distance":129.09,"mCalorie":5.9799995,"mOthersTime":0,"mRunTime":0,"mStartTime":63000000,"mTimeUnit":600000,"mWalkTime":114057,"runStep":0,"walkStep":171},{"distance":132.87999,"mCalorie":7.24,"mOthersTime":0,"mRunTime":4800,"mStartTime":63600000,"mTimeUnit":600000,"mWalkTime":105386,"runStep":12,"walkStep":158},{"distance":82.84,"mCalorie":4.67,"mOthersTime":0,"mRunTime":7600,"mStartTime":64200000,"mTimeUnit":600000,"mWalkTime":54027,"runStep":19,"walkStep":81},{"distance":63.385746,"mCalorie":37.13678,"mOthersTime":279913,"mRunTime":0,"mStartTime":64800000,"mTimeUnit":600000,"mWalkTime":57150,"runStep":0,"walkStep":109},{"distance":27.6,"mCalorie":60.053787,"mOthersTime":486967,"mRunTime":0,"mStartTime":65400000,"mTimeUnit":600000,"mWalkTime":25346,"runStep":0,"walkStep":38},{"distance":87.45999,"mCalorie":4.65,"mOthersTime":0,"mRunTime":1600,"mStartTime":66000000,"mTimeUnit":600000,"mWalkTime":77372,"runStep":4,"walkStep":116},{"distance":7.75,"mCalorie":0.37,"mOthersTime":0,"mRunTime":0,"mStartTime":69600000,"mTimeUnit":600000,"mWalkTime":7337,"runStep":0,"walkStep":11},{"distance":15.93,"mCalorie":0.86,"mOthersTime":0,"mRunTime":0,"mStartTime":70800000,"mTimeUnit":600000,"mWalkTime":15341,"runStep":0,"walkStep":23},{"distance":15.67,"mCalorie":1.05,"mOthersTime":0,"mRunTime":0,"mStartTime":73800000,"mTimeUnit":600000,"mWalkTime":15341,"runStep":0,"walkStep":23},{"distance":34.949997,"mCalorie":2.03,"mOthersTime":0,"mRunTime":400,"mStartTime":76800000,"mTimeUnit":600000,"mWalkTime":31349,"runStep":1,"walkStep":47},{"distance":42.448997,"mCalorie":2.25,"mOthersTime":0,"mRunTime":1200,"mStartTime":77400000,"mTimeUnit":600000,"mWalkTime":36018,"runStep":3,"walkStep":54},{"distance":78.66,"mCalorie":3.88,"mOthersTime":0,"mRunTime":0,"mStartTime":78600000,"mTimeUnit":600000,"mWalkTime":74704,"runStep":0,"walkStep":112},{"distance":51.93,"mCalorie":2.42,"mOthersTime":0,"mRunTime":0,"mStartTime":79200000,"mTimeUnit":600000,"mWalkTime":46690,"runStep":0,"walkStep":70},{"distance":18.779999,"mCalorie":0.95000005,"mOthersTime":0,"mRunTime":0,"mStartTime":79800000,"mTimeUnit":600000,"mWalkTime":17342,"runStep":0,"walkStep":26},{"distance":33.611,"mCalorie":1.49,"mOthersTime":0,"mRunTime":0,"mStartTime":80400000,"mTimeUnit":600000,"mWalkTime":29348,"runStep":0,"walkStep":44},{"distance":62.370003,"mCalorie":3.1,"mOthersTime":0,"mRunTime":0,"mStartTime":81000000,"mTimeUnit":600000,"mWalkTime":56695,"runStep":0,"walkStep":85}],"version":1}