{"mAdaptiveGoal":0,"mIsGoalAchieved":false,"mIsMostActiveAchieved":false,"mMostActiveMinutes":0,"mStreakDayCount":0,"mUnitDataList":[{"distance":15.24,"mCalorie":0.78999996,"mOthersTime":0,"mRunTime":0,"mStartTime":600000,"mTimeUnit":600000,"mWalkTime":13340,"runStep":0,"walkStep":20},{"distance":35.989998,"mCalorie":1.81,"mOthersTime":0,"mRunTime":1600,"mStartTime":1200000,"mTimeUnit":600000,"mWalkTime":28681,"runStep":4,"walkStep":43},{"distance":33.882,"mCalorie":1.67,"mOthersTime":0,"mRunTime":0,"mStartTime":18600000,"mTimeUnit":600000,"mWalkTime":30015,"runStep":0,"walkStep":45},{"distance":56.260002,"mCalorie":2.75,"mOthersTime":0,"mRunTime":0,"mStartTime":19200000,"mTimeUnit":600000,"mWalkTime":49358,"runStep":0,"walkStep":74},{"distance":44.059,"mCalorie":2.1399994,"mOthersTime":0,"mRunTime":0,"mStartTime":19800000,"mTimeUnit":600000,"mWalkTime":39353,"runStep":0,"walkStep":59},{"distance":30.980001,"mCalorie":1.74,"mOthersTime":0,"mRunTime":0,"mStartTime":20400000,"mTimeUnit":600000,"mWalkTime":28014,"runStep":0,"walkStep":42},{"distance":7.49,"mCalorie":0.47,"mOthersTime":0,"mRunTime":0,"mStartTime":21600000,"mTimeUnit":600000,"mWalkTime":7337,"runStep":0,"walkStep":11},{"distance":38.5,"mCalorie":1.89,"mOthersTime":0,"mRunTime":0,"mStartTime":22200000,"mTimeUnit":600000,"mWalkTime":35351,"runStep":0,"walkStep":53},{"distance":28.119997,"mCalorie":1.48,"mOthersTime":0,"mRunTime":0,"mStartTime":22800000,"mTimeUnit":600000,"mWalkTime":26013,"runStep":0,"walkStep":39},{"distance":18.94,"mCalorie":1.09,"mOthersTime":0,"mRunTime":0,"mStartTime":23400000,"mTimeUnit":600000,"mWalkTime":17342,"runStep":0,"walkStep":26},{"distance":12.95,"mCalorie":0.57,"mOthersTime":0,"mRunTime":0,"mStartTime":29400000,"mTimeUnit":600000,"mWalkTime":11339,"runStep":0,"walkStep":17},{"distance":60.139,"mCalorie":3.5,"mOthersTime":0,"mRunTime":2800,"mStartTime":30000000,"mTimeUnit":600000,"mWalkTime":47357,"runStep":7,"walkStep":71},{"distance":149.40001,"mCalorie":8.48,"mOthersTime":0,"mRunTime":2000,"mStartTime":30600000,"mTimeUnit":600000,"mWalkTime":125396,"runStep":5,"walkStep":188},{"distance":25.03,"mCalorie":1.1700001,"mOthersTime":0,"mRunTime":0,"mStartTime":31200000,"mTimeUnit":600000,"mWalkTime":22678,"runStep":0,"walkStep":34},{"distance":176.43001,"mCalorie":9.57,"mOthersTime":0,"mRunTime":0,"mStartTime":32400000,"mTimeUnit":600000,"mWalkTime":163415,"runStep":0,"walkStep":245},{"distance":96.270004,"mCalorie":4.67,"mOthersTime":0,"mRunTime":0,"mStartTime":33000000,"mTimeUnit":600000,"mWalkTime":86043,"runStep":0,"walkStep":129},{"distance":44.78,"mCalorie":2.06,"mOthersTime":0,"mRunTime":0,"mStartTime":33600000,"mTimeUnit":600000,"mWalkTime":40020,"runStep":0,"walkStep":60},{"distance":226.1,"mCalorie":11.61,"mOthersTime":0,"mRunTime":0,"mStartTime":34200000,"mTimeUnit":600000,"mWalkTime":199403,"runStep":0,"walkStep":318},{"distance":224.13,"mCalorie":11.289999,"mOthersTime":0,"mRunTime":0,"mStartTime":34800000,"mTimeUnit":600000,"mWalkTime":206770,"runStep":0,"walkStep":310},{"distance":204.08,"mCalorie":10.51,"mOthersTime":0,"mRunTime":0,"mStartTime":35400000,"mTimeUnit":600000,"mWalkTime":188731,"runStep":0,"walkStep":285},{"distance":13.82,"mCalorie":0.73,"mOthersTime":0,"mRunTime":0,"mStartTime":36600000,"mTimeUnit":600000,"mWalkTime":13340,"runStep":0,"walkStep":20},{"distance":86.85,"mCalorie":4.8,"mOthersTime":0,"mRunTime":1200,"mStartTime":37200000,"mTimeUnit":600000,"mWalkTime":78706,"runStep":3,"walkStep":118},{"distance":90.728,"mCalorie":4.33,"mOthersTime":0,"mRunTime":0,"mStartTime":37800000,"mTimeUnit":600000,"mWalkTime":79373,"runStep":0,"walkStep":119},{"distance":48.829998,"mCalorie":2.39,"mOthersTime":0,"mRunTime":0,"mStartTime":39000000,"mTimeUnit":600000,"mWalkTime":44022,"runStep":0,"walkStep":66},{"distance":104.95,"mCalorie":5.11,"mOthersTime":0,"mRunTime":0,"mStartTime":39600000,"mTimeUnit":600000,"mWalkTime":94714,"runStep":0,"walkStep":142},{"distance":68.229996,"mCalorie":3.12,"mOthersTime":0,"mRunTime":0,"mStartTime":40200000,"mTimeUnit":600000,"mWalkTime":58029,"runStep":0,"walkStep":87},{"distance":39.499996,"mCalorie":1.85,"mOthersTime":0,"mRunTime":0,"mStartTime":41400000,"mTimeUnit":600000,"mWalkTime":33350,"runStep":0,"walkStep":50},{"distance":123.79,"mCalorie":6.1199994,"mOthersTime":0,"mRunTime":2000,"mStartTime":42000000,"mTimeUnit":600000,"mWalkTime":104052,"runStep":5,"walkStep":156},{"distance":233.34998,"mCalorie":11.559999,"mOthersTime":0,"mRunTime":0,"mStartTime":42600000,"mTimeUnit":600000,"mWalkTime":213440,"runStep":0,"walkStep":320},{"distance":47.62,"mCalorie":2.39,"mOthersTime":0,"mRunTime":0,"mStartTime":43200000,"mTimeUnit":600000,"mWalkTime":43355,"runStep":0,"walkStep":65},{"distance":37.48,"mCalorie":1.71,"mOthersTime":0,"mRunTime":0,"mStartTime":43800000,"mTimeUnit":600000,"mWalkTime":32683,"runStep":0,"walkStep":49},{"distance":38.96,"mCalorie":1.81,"mOthersTime":0,"mRunTime":0,"mStartTime":44400000,"mTimeUnit":600000,"mWalkTime":34684,"runStep":0,"walkStep":52},{"distance":180.92001,"mCalorie":9.89,"mOthersTime":0,"mRunTime":800,"mStartTime":45000000,"mTimeUnit":600000,"mWalkTime":177422,"runStep":2,"walkStep":266},{"distance":208.43,"mCalorie":14.110001,"mOthersTime":0,"mRunTime":0,"mStartTime":45600000,"mTimeUnit":600000,"mWalkTime":204102,"runStep":0,"walkStep":306},{"distance":76.270004,"mCalorie":3.88,"mOthersTime":0,"mRunTime":2000,"mStartTime":46200000,"mTimeUnit":600000,"mWalkTime":62698,"runStep":5,"walkStep":94},{"distance":72.25,"mCalorie":3.42,"mOthersTime":0,"mRunTime":0,"mStartTime":46800000,"mTimeUnit":600000,"mWalkTime":61364,"runStep":0,"walkStep":92},{"distance":79.32,"mCalorie":3.74,"mOthersTime":0,"mRunTime":0,"mStartTime":48000000,"mTimeUnit":600000,"mWalkTime":70702,"runStep":0,"walkStep":106},{"distance":92.29,"mCalorie":4.67,"mOthersTime":0,"mRunTime":1200,"mStartTime":49200000,"mTimeUnit":600000,"mWalkTime":76705,"runStep":3,"walkStep":115},{"distance":248.51003,"mCalorie":16.44,"mOthersTime":0,"mRunTime":0,"mStartTime":49800000,"mTimeUnit":600000,"mWalkTime":239453,"runStep":0,"walkStep":359},{"distance":32.670002,"mCalorie":1.6700001,"mOthersTime":0,"mRunTime":2800,"mStartTime":50400000,"mTimeUnit":600000,"mWalkTime":22678,"runStep":7,"walkStep":34},{"distance":36.987,"mCalorie":1.79,"mOthersTime":0,"mRunTime":0,"mStartTime":51000000,"mTimeUnit":600000,"mWalkTime":32683,"runStep":0,"walkStep":49},{"distance":13.54,"mCalorie":0.74,"mOthersTime":0,"mRunTime":0,"mStartTime":51600000,"mTimeUnit":600000,"mWalkTime":12673,"runStep":0,"walkStep":19},{"distance":105.33,"mCalorie":5.2099996,"mOthersTime":0,"mRunTime":0,"mStartTime":52200000,"mTimeUnit":600000,"mWalkTime":96048,"runStep":0,"walkStep":144},{"distance":105.09,"mCalorie":5.54,"mOthersTime":0,"mRunTime":1600,"mStartTime":52800000,"mTimeUnit":600000,"mWalkTime":94047,"runStep":4,"walkStep":141},{"distance":101.03,"mCalorie":5.0699997,"mOthersTime":0,"mRunTime":1600,"mStartTime":53400000,"mTimeUnit":600000,"mWalkTime":86043,"runStep":4,"walkStep":129},{"distance":188.59,"mCalorie":9.71,"mOthersTime":0,"mRunTime":0,"mStartTime":54000000,"mTimeUnit":600000,"mWalkTime":170752,"runStep":0,"walkStep":256},{"distance":187.03,"mCalorie":10.34,"mOthersTime":0,"mRunTime":0,"mStartTime":54600000,"mTimeUnit":600000,"mWalkTime":180090,"runStep":0,"walkStep":270},{"distance":92.170006,"mCalorie":4.6499996,"mOthersTime":0,"mRunTime":0,"mStartTime":55200000,"mTimeUnit":600000,"mWalkTime":84042,"runStep":0,"walkStep":126},{"distance":56.310005,"mCalorie":2.96,"mOthersTime":0,"mRunTime":2800,"mStartTime":55800000,"mTimeUnit":600000,"mWalkTime":43355,"runStep":7,"walkStep":65},{"distance":46.88,"mCalorie":2.45,"mOthersTime":0,"mRunTime":2400,"mStartTime":58800000,"mTimeUnit":600000,"mWalkTime":31349,"runStep":6,"walkStep":47},{"distance":246.97899,"mCalorie":13.83,"mOthersTime":0,"mRunTime":0,"mStartTime":59400000,"mTimeUnit":600000,"mWalkTime":230782,"runStep":0,"walkStep":346},{"distance":318.63,"mCalorie":18.039999,"mOthersTime":0,"mRunTime":0,"mStartTime":60000000,"mTimeUnit":600000,"mWalkTime":283445,"runStep":0,"walkStep":437},{"distance":191.09998,"mCalorie":9.740001,"mOthersTime":0,"mRunTime":0,"mStartTime":60600000,"mTimeUnit":600000,"mWalkTime":171419,"runStep":0,"walkStep":257},{"distance":159.04999,"mCalorie":8.51,"mOthersTime":0,"mRunTime":5200,"mStartTime":62400000,"mTimeUnit":600000,"mWalkTime":128064,"runStep":13,"walkStep":192},{"distance":215.31,"mCalorie":11.37,"mOthersTime":0,"mRunTime":0,"mStartTime":63000000,"mTimeUnit":600000,"mWalkTime":202768,"runStep":0,"walkStep":304},{"distance":44.89,"mCalorie":2.22,"mOthersTime":0,"mRunTime":0,"mStartTime":63600000,"mTimeUnit":600000,"mWalkTime":41354,"runStep":0,"walkStep":62},{"distance":25.19,"mCalorie":1.32,"mOthersTime":0,"mRunTime":0,"mStartTime":64200000,"mTimeUnit":600000,"mWalkTime":23345,"runStep":0,"walkStep":35},{"distance":14.5,"mCalorie":0.75999993,"mOthersTime":0,"mRunTime":0,"mStartTime":65400000,"mTimeUnit":600000,"mWalkTime":13340,"runStep":0,"walkStep":20},{"distance":33.66,"mCalorie":1.6899999,"mOthersTime":0,"mRunTime":0,"mStartTime":67800000,"mTimeUnit":600000,"mWalkTime":30682,"runStep":0,"walkStep":46},{"distance":8.9,"mCalorie":0.45,"mOthersTime":0,"mRunTime":0,"mStartTime":69000000,"mTimeUnit":600000,"mWalkTime":8004,"runStep":0,"walkStep":12},{"distance":9.03,"mCalorie":0.41,"mOthersTime":0,"mRunTime":0,"mStartTime":69600000,"mTimeUnit":600000,"mWalkTime":8004,"runStep":0,"walkStep":12},{"distance":21.79,"mCalorie":1.1,"mOthersTime":0,"mRunTime":0,"mStartTime":71400000,"mTimeUnit":600000,"mWalkTime":19343,"runStep":0,"walkStep":29},{"distance":34.67,"mCalorie":1.7,"mOthersTime":0,"mRunTime":0,"mStartTime":72000000,"mTimeUnit":600000,"mWalkTime":31349,"runStep":0,"walkStep":47},{"distance":37.010002,"mCalorie":1.9,"mOthersTime":0,"mRunTime":0,"mStartTime":73200000,"mTimeUnit":600000,"mWalkTime":33350,"runStep":0,"walkStep":50},{"distance":12.62,"mCalorie":0.65,"mOthersTime":0,"mRunTime":0,"mStartTime":73800000,"mTimeUnit":600000,"mWalkTime":11339,"runStep":0,"walkStep":17},{"distance":98.852,"mCalorie":5.5699997,"mOthersTime":0,"mRunTime":0,"mStartTime":75600000,"mTimeUnit":600000,"mWalkTime":106053,"runStep":0,"walkStep":159},{"distance":88.82,"mCalorie":4.52,"mOthersTime":0,"mRunTime":0,"mStartTime":76800000,"mTimeUnit":600000,"mWalkTime":79373,"runStep":0,"walkStep":119},{"distance":85.33,"mCalorie":4.06,"mOthersTime":0,"mRunTime":0,"mStartTime":77400000,"mTimeUnit":600000,"mWalkTime":76705,"runStep":0,"walkStep":115},{"distance":73.569,"mCalorie":3.86,"mOthersTime":0,"mRunTime":0,"mStartTime":79200000,"mTimeUnit":600000,"mWalkTime":69368,"runStep":0,"walkStep":104},{"distance":69.48,"mCalorie":3.62,"mOthersTime":0,"mRunTime":0,"mStartTime":79800000,"mTimeUnit":600000,"mWalkTime":64032,"runStep":0,"walkStep":96},{"distance":42.838997,"mCalorie":2.62,"mOthersTime":0,"mRunTime":1600,"mStartTime":80400000,"mTimeUnit":600000,"mWalkTime":36018,"runStep":4,"walkStep":54}],"version":1}