{"mActivityList":[{"mActiveTime":2477189,"mActiveTimeType":0,"mCalorie":323.0,"mCategory":204,"mDetailInfoId":"7d430fe7-5098-3bfa-e90c-797c7382f8f7","mDistance":3205.694,"mDuration":2477189,"mEndTime":77181208,"mStartTime":74704019,"mType":1001}],"mAdaptiveGoal":0,"mIsGoalAchieved":true,"mIsMostActiveAchieved":false,"mMostActiveMinutes":159,"mStreakDayCount":0,"mUnitDataList":[{"distance":27.77,"mCalorie":1.41,"mOthersTime":0,"mRunTime":0,"mStartTime":19800000,"mTimeUnit":600000,"mWalkTime":25346,"runStep":0,"walkStep":38},{"distance":10.46,"mCalorie":0.53,"mOthersTime":0,"mRunTime":0,"mStartTime":20400000,"mTimeUnit":600000,"mWalkTime":9338,"runStep":0,"walkStep":14},{"distance":30.220001,"mCalorie":1.9300001,"mOthersTime":0,"mRunTime":4400,"mStartTime":29400000,"mTimeUnit":600000,"mWalkTime":16675,"runStep":11,"walkStep":25},{"distance":15.959999,"mCalorie":0.95,"mOthersTime":0,"mRunTime":0,"mStartTime":30000000,"mTimeUnit":600000,"mWalkTime":15341,"runStep":0,"walkStep":23},{"distance":21.319998,"mCalorie":1.09,"mOthersTime":0,"mRunTime":0,"mStartTime":32400000,"mTimeUnit":600000,"mWalkTime":19343,"runStep":0,"walkStep":29},{"distance":31.71,"mCalorie":1.5999999,"mOthersTime":0,"mRunTime":0,"mStartTime":33000000,"mTimeUnit":600000,"mWalkTime":28681,"runStep":0,"walkStep":43},{"distance":65.75,"mCalorie":3.32,"mOthersTime":0,"mRunTime":0,"mStartTime":33600000,"mTimeUnit":600000,"mWalkTime":59363,"runStep":0,"walkStep":89},{"distance":314.54,"mCalorie":16.1,"mOthersTime":0,"mRunTime":0,"mStartTime":34200000,"mTimeUnit":600000,"mWalkTime":280110,"runStep":0,"walkStep":422},{"distance":16.8,"mCalorie":0.83,"mOthersTime":0,"mRunTime":0,"mStartTime":34800000,"mTimeUnit":600000,"mWalkTime":15341,"runStep":0,"walkStep":23},{"distance":149.64,"mCalorie":7.8499994,"mOthersTime":0,"mRunTime":0,"mStartTime":35400000,"mTimeUnit":600000,"mWalkTime":139403,"runStep":0,"walkStep":209},{"distance":79.35,"mCalorie":4.0,"mOthersTime":0,"mRunTime":0,"mStartTime":36000000,"mTimeUnit":600000,"mWalkTime":72036,"runStep":0,"walkStep":108},{"distance":141.35999,"mCalorie":7.9399996,"mOthersTime":0,"mRunTime":0,"mStartTime":36600000,"mTimeUnit":600000,"mWalkTime":134734,"runStep":0,"walkStep":202},{"distance":50.829998,"mCalorie":2.38,"mOthersTime":0,"mRunTime":0,"mStartTime":38400000,"mTimeUnit":600000,"mWalkTime":45356,"runStep":0,"walkStep":68},{"distance":90.729996,"mCalorie":4.73,"mOthersTime":0,"mRunTime":2000,"mStartTime":39000000,"mTimeUnit":600000,"mWalkTime":76038,"runStep":5,"walkStep":114},{"distance":8.93,"mCalorie":0.49,"mOthersTime":0,"mRunTime":0,"mStartTime":39600000,"mTimeUnit":600000,"mWalkTime":8671,"runStep":0,"walkStep":13},{"distance":28.18,"mCalorie":1.53,"mOthersTime":0,"mRunTime":0,"mStartTime":42600000,"mTimeUnit":600000,"mWalkTime":26013,"runStep":0,"walkStep":39},{"distance":39.879997,"mCalorie":2.03,"mOthersTime":0,"mRunTime":0,"mStartTime":43200000,"mTimeUnit":600000,"mWalkTime":36018,"runStep":0,"walkStep":54},{"distance":9.58,"mCalorie":0.52,"mOthersTime":0,"mRunTime":0,"mStartTime":45600000,"mTimeUnit":600000,"mWalkTime":6670,"runStep":0,"walkStep":10},{"distance":52.51,"mCalorie":2.73,"mOthersTime":0,"mRunTime":400,"mStartTime":48000000,"mTimeUnit":600000,"mWalkTime":45356,"runStep":1,"walkStep":68},{"distance":34.620003,"mCalorie":1.89,"mOthersTime":0,"mRunTime":0,"mStartTime":51600000,"mTimeUnit":600000,"mWalkTime":32683,"runStep":0,"walkStep":49},{"distance":77.42,"mCalorie":3.9700003,"mOthersTime":0,"mRunTime":800,"mStartTime":52200000,"mTimeUnit":600000,"mWalkTime":68701,"runStep":2,"walkStep":103},{"distance":187.45,"mCalorie":10.01,"mOthersTime":0,"mRunTime":0,"mStartTime":52800000,"mTimeUnit":600000,"mWalkTime":182091,"runStep":0,"walkStep":273},{"distance":20.55,"mCalorie":1.28,"mOthersTime":0,"mRunTime":1200,"mStartTime":53400000,"mTimeUnit":600000,"mWalkTime":13340,"runStep":3,"walkStep":20},{"distance":52.729996,"mCalorie":2.36,"mOthersTime":0,"mRunTime":0,"mStartTime":54600000,"mTimeUnit":600000,"mWalkTime":46690,"runStep":0,"walkStep":70},{"distance":43.229996,"mCalorie":2.36,"mOthersTime":0,"mRunTime":2000,"mStartTime":55200000,"mTimeUnit":600000,"mWalkTime":32016,"runStep":5,"walkStep":48},{"distance":43.920002,"mCalorie":2.44,"mOthersTime":0,"mRunTime":4400,"mStartTime":55800000,"mTimeUnit":600000,"mWalkTime":30015,"runStep":11,"walkStep":45},{"distance":75.0,"mCalorie":3.43,"mOthersTime":0,"mRunTime":0,"mStartTime":57000000,"mTimeUnit":600000,"mWalkTime":66033,"runStep":0,"walkStep":99},{"distance":118.270004,"mCalorie":5.7,"mOthersTime":0,"mRunTime":0,"mStartTime":57600000,"mTimeUnit":600000,"mWalkTime":103385,"runStep":0,"walkStep":155},{"distance":217.23001,"mCalorie":10.99,"mOthersTime":0,"mRunTime":0,"mStartTime":58200000,"mTimeUnit":600000,"mWalkTime":200100,"runStep":0,"walkStep":300},{"distance":66.62,"mCalorie":3.52,"mOthersTime":0,"mRunTime":800,"mStartTime":58800000,"mTimeUnit":600000,"mWalkTime":59363,"runStep":2,"walkStep":89},{"distance":76.46,"mCalorie":3.8400002,"mOthersTime":0,"mRunTime":400,"mStartTime":60600000,"mTimeUnit":600000,"mWalkTime":67367,"runStep":1,"walkStep":101},{"distance":4.35,"mCalorie":0.22,"mOthersTime":0,"mRunTime":0,"mStartTime":61800000,"mTimeUnit":600000,"mWalkTime":4002,"runStep":0,"walkStep":6},{"distance":101.85,"mCalorie":5.3,"mOthersTime":0,"mRunTime":0,"mStartTime":63000000,"mTimeUnit":600000,"mWalkTime":93380,"runStep":0,"walkStep":140},{"distance":95.08,"mCalorie":4.87,"mOthersTime":0,"mRunTime":0,"mStartTime":64200000,"mTimeUnit":600000,"mWalkTime":86710,"runStep":0,"walkStep":130},{"distance":7.02,"mCalorie":0.43,"mOthersTime":0,"mRunTime":0,"mStartTime":67800000,"mTimeUnit":600000,"mWalkTime":6670,"runStep":0,"walkStep":10},{"distance":22.19,"mCalorie":1.34,"mOthersTime":0,"mRunTime":1600,"mStartTime":68400000,"mTimeUnit":600000,"mWalkTime":13340,"runStep":4,"walkStep":20},{"distance":13.33,"mCalorie":0.5,"mOthersTime":0,"mRunTime":0,"mStartTime":69000000,"mTimeUnit":600000,"mWalkTime":10672,"runStep":0,"walkStep":16},{"distance":19.69,"mCalorie":1.02,"mOthersTime":0,"mRunTime":0,"mStartTime":69600000,"mTimeUnit":600000,"mWalkTime":18676,"runStep":0,"walkStep":28},{"distance":35.68,"mCalorie":1.7,"mOthersTime":0,"mRunTime":0,"mStartTime":72600000,"mTimeUnit":600000,"mWalkTime":32683,"runStep":0,"walkStep":49},{"distance":47.65,"mCalorie":2.13,"mOthersTime":0,"mRunTime":0,"mStartTime":73200000,"mTimeUnit":600000,"mWalkTime":40687,"runStep":0,"walkStep":61},{"distance":435.15265,"mCalorie":41.105602,"mOthersTime":0,"mRunTime":0,"mStartTime":74400000,"mTimeUnit":600000,"mWalkTime":344107,"runStep":0,"walkStep":582},{"distance":776.45123,"mCalorie":78.23383,"mOthersTime":0,"mRunTime":0,"mStartTime":75000000,"mTimeUnit":600000,"mWalkTime":600000,"runStep":0,"walkStep":1108},{"distance":776.45123,"mCalorie":78.23383,"mOthersTime":0,"mRunTime":0,"mStartTime":75600000,"mTimeUnit":600000,"mWalkTime":600000,"runStep":0,"walkStep":1058},{"distance":776.45123,"mCalorie":78.23383,"mOthersTime":0,"mRunTime":0,"mStartTime":76200000,"mTimeUnit":600000,"mWalkTime":600000,"runStep":0,"walkStep":1028},{"distance":511.47668,"mCalorie":50.625607,"mOthersTime":0,"mRunTime":0,"mStartTime":76800000,"mTimeUnit":600000,"mWalkTime":397216,"runStep":0,"walkStep":571},{"distance":24.34,"mCalorie":1.3199999,"mOthersTime":0,"mRunTime":0,"mStartTime":78000000,"mTimeUnit":600000,"mWalkTime":22678,"runStep":0,"walkStep":34},{"distance":23.579998,"mCalorie":1.1,"mOthersTime":0,"mRunTime":0,"mStartTime":82200000,"mTimeUnit":600000,"mWalkTime":20677,"runStep":0,"walkStep":31},{"distance":8.016,"mCalorie":0.3,"mOthersTime":0,"mRunTime":0,"mStartTime":82800000,"mTimeUnit":600000,"mWalkTime":6670,"runStep":0,"walkStep":10}],"version":1}