{"mAdaptiveGoal":0,"mIsGoalAchieved":false,"mIsMostActiveAchieved":false,"mMostActiveMinutes":129,"mStreakDayCount":0,"mUnitDataList":[{"distance":18.669998,"mCalorie":0.99,"mOthersTime":0,"mRunTime":0,"mStartTime":19800000,"mTimeUnit":600000,"mWalkTime":15341,"runStep":0,"walkStep":23},{"distance":23.14,"mCalorie":1.1999999,"mOthersTime":0,"mRunTime":0,"mStartTime":20400000,"mTimeUnit":600000,"mWalkTime":21344,"runStep":0,"walkStep":32},{"distance":16.55,"mCalorie":0.71,"mOthersTime":0,"mRunTime":0,"mStartTime":21000000,"mTimeUnit":600000,"mWalkTime":14674,"runStep":0,"walkStep":22},{"distance":30.377,"mCalorie":1.36,"mOthersTime":0,"mRunTime":0,"mStartTime":21600000,"mTimeUnit":600000,"mWalkTime":28014,"runStep":0,"walkStep":42},{"distance":9.293,"mCalorie":0.57,"mOthersTime":0,"mRunTime":400,"mStartTime":23400000,"mTimeUnit":600000,"mWalkTime":6670,"runStep":1,"walkStep":10},{"distance":75.069,"mCalorie":3.8,"mOthersTime":0,"mRunTime":0,"mStartTime":27600000,"mTimeUnit":600000,"mWalkTime":66033,"runStep":0,"walkStep":99},{"distance":6.77,"mCalorie":0.52,"mOthersTime":0,"mRunTime":0,"mStartTime":28200000,"mTimeUnit":600000,"mWalkTime":6670,"runStep":0,"walkStep":10},{"distance":10.16,"mCalorie":0.61,"mOthersTime":0,"mRunTime":0,"mStartTime":28800000,"mTimeUnit":600000,"mWalkTime":10005,"runStep":0,"walkStep":15},{"distance":63.39,"mCalorie":3.3000002,"mOthersTime":0,"mRunTime":0,"mStartTime":31800000,"mTimeUnit":600000,"mWalkTime":58029,"runStep":0,"walkStep":87},{"distance":238.18399,"mCalorie":13.0199995,"mOthersTime":0,"mRunTime":0,"mStartTime":32400000,"mTimeUnit":600000,"mWalkTime":238119,"runStep":0,"walkStep":357},{"distance":47.79,"mCalorie":2.56,"mOthersTime":0,"mRunTime":0,"mStartTime":33000000,"mTimeUnit":600000,"mWalkTime":44022,"runStep":0,"walkStep":66},{"distance":56.75,"mCalorie":2.91,"mOthersTime":0,"mRunTime":0,"mStartTime":33600000,"mTimeUnit":600000,"mWalkTime":53360,"runStep":0,"walkStep":80},{"distance":166.6,"mCalorie":8.93,"mOthersTime":0,"mRunTime":1200,"mStartTime":34200000,"mTimeUnit":600000,"mWalkTime":138706,"runStep":3,"walkStep":221},{"distance":241.04002,"mCalorie":12.049999,"mOthersTime":0,"mRunTime":0,"mStartTime":34800000,"mTimeUnit":600000,"mWalkTime":206740,"runStep":0,"walkStep":331},{"distance":170.224,"mCalorie":8.69,"mOthersTime":0,"mRunTime":0,"mStartTime":35400000,"mTimeUnit":600000,"mWalkTime":141344,"runStep":0,"walkStep":228},{"distance":58.6,"mCalorie":2.9,"mOthersTime":0,"mRunTime":0,"mStartTime":36000000,"mTimeUnit":600000,"mWalkTime":53360,"runStep":0,"walkStep":80},{"distance":29.75,"mCalorie":1.55,"mOthersTime":0,"mRunTime":0,"mStartTime":36600000,"mTimeUnit":600000,"mWalkTime":28014,"runStep":0,"walkStep":42},{"distance":4.58,"mCalorie":0.21,"mOthersTime":0,"mRunTime":0,"mStartTime":37200000,"mTimeUnit":600000,"mWalkTime":4002,"runStep":0,"walkStep":6},{"distance":22.76,"mCalorie":1.16,"mOthersTime":0,"mRunTime":0,"mStartTime":37800000,"mTimeUnit":600000,"mWalkTime":20677,"runStep":0,"walkStep":31},{"distance":20.029999,"mCalorie":0.92999995,"mOthersTime":0,"mRunTime":0,"mStartTime":39000000,"mTimeUnit":600000,"mWalkTime":18009,"runStep":0,"walkStep":27},{"distance":26.149998,"mCalorie":1.3499999,"mOthersTime":0,"mRunTime":0,"mStartTime":42000000,"mTimeUnit":600000,"mWalkTime":24012,"runStep":0,"walkStep":36},{"distance":68.299995,"mCalorie":3.08,"mOthersTime":0,"mRunTime":0,"mStartTime":42600000,"mTimeUnit":600000,"mWalkTime":60697,"runStep":0,"walkStep":91},{"distance":40.509003,"mCalorie":2.0,"mOthersTime":0,"mRunTime":2800,"mStartTime":43200000,"mTimeUnit":600000,"mWalkTime":27347,"runStep":7,"walkStep":41},{"distance":29.58,"mCalorie":1.6700001,"mOthersTime":0,"mRunTime":0,"mStartTime":43800000,"mTimeUnit":600000,"mWalkTime":28014,"runStep":0,"walkStep":42},{"distance":25.52,"mCalorie":1.37,"mOthersTime":0,"mRunTime":0,"mStartTime":45000000,"mTimeUnit":600000,"mWalkTime":22678,"runStep":0,"walkStep":34},{"distance":9.36,"mCalorie":0.43,"mOthersTime":0,"mRunTime":0,"mStartTime":45600000,"mTimeUnit":600000,"mWalkTime":8671,"runStep":0,"walkStep":13},{"distance":24.506,"mCalorie":1.3,"mOthersTime":0,"mRunTime":1600,"mStartTime":48000000,"mTimeUnit":600000,"mWalkTime":14674,"runStep":4,"walkStep":22},{"distance":16.73,"mCalorie":0.82,"mOthersTime":0,"mRunTime":0,"mStartTime":51600000,"mTimeUnit":600000,"mWalkTime":15341,"runStep":0,"walkStep":23},{"distance":28.240002,"mCalorie":1.3399999,"mOthersTime":0,"mRunTime":0,"mStartTime":56400000,"mTimeUnit":600000,"mWalkTime":26013,"runStep":0,"walkStep":39},{"distance":11.57,"mCalorie":0.61,"mOthersTime":0,"mRunTime":0,"mStartTime":57000000,"mTimeUnit":600000,"mWalkTime":10672,"runStep":0,"walkStep":16},{"distance":101.882,"mCalorie":5.4600005,"mOthersTime":0,"mRunTime":5200,"mStartTime":57600000,"mTimeUnit":600000,"mWalkTime":77372,"runStep":13,"walkStep":116},{"distance":264.50998,"mCalorie":13.989999,"mOthersTime":0,"mRunTime":1593,"mStartTime":58200000,"mTimeUnit":600000,"mWalkTime":240468,"runStep":4,"walkStep":363},{"distance":102.75,"mCalorie":5.4399996,"mOthersTime":0,"mRunTime":0,"mStartTime":58800000,"mTimeUnit":600000,"mWalkTime":82011,"runStep":0,"walkStep":138},{"distance":267.30902,"mCalorie":13.73,"mOthersTime":0,"mRunTime":0,"mStartTime":59400000,"mTimeUnit":600000,"mWalkTime":211349,"runStep":0,"walkStep":359},{"distance":35.39,"mCalorie":1.87,"mOthersTime":0,"mRunTime":0,"mStartTime":60000000,"mTimeUnit":600000,"mWalkTime":33350,"runStep":0,"walkStep":50},{"distance":6.88,"mCalorie":0.36,"mOthersTime":0,"mRunTime":0,"mStartTime":60600000,"mTimeUnit":600000,"mWalkTime":6670,"runStep":0,"walkStep":10},{"distance":15.419998,"mCalorie":0.6199999,"mOthersTime":0,"mRunTime":0,"mStartTime":61800000,"mTimeUnit":600000,"mWalkTime":13340,"runStep":0,"walkStep":20},{"distance":28.73,"mCalorie":1.81,"mOthersTime":0,"mRunTime":2800,"mStartTime":63000000,"mTimeUnit":600000,"mWalkTime":18676,"runStep":7,"walkStep":28},{"distance":33.03,"mCalorie":1.5899999,"mOthersTime":0,"mRunTime":0,"mStartTime":63600000,"mTimeUnit":600000,"mWalkTime":30015,"runStep":0,"walkStep":45},{"distance":50.7,"mCalorie":2.6000001,"mOthersTime":0,"mRunTime":0,"mStartTime":64200000,"mTimeUnit":600000,"mWalkTime":46690,"runStep":0,"walkStep":70},{"distance":18.16,"mCalorie":0.93999994,"mOthersTime":0,"mRunTime":0,"mStartTime":64800000,"mTimeUnit":600000,"mWalkTime":16675,"runStep":0,"walkStep":25},{"distance":106.93,"mCalorie":5.61,"mOthersTime":0,"mRunTime":400,"mStartTime":65400000,"mTimeUnit":600000,"mWalkTime":91349,"runStep":1,"walkStep":142},{"distance":248.11,"mCalorie":12.63,"mOthersTime":0,"mRunTime":0,"mStartTime":66000000,"mTimeUnit":600000,"mWalkTime":197372,"runStep":0,"walkStep":330},{"distance":31.821,"mCalorie":1.63,"mOthersTime":0,"mRunTime":0,"mStartTime":66600000,"mTimeUnit":600000,"mWalkTime":30015,"runStep":0,"walkStep":45},{"distance":84.683,"mCalorie":4.26,"mOthersTime":0,"mRunTime":0,"mStartTime":67200000,"mTimeUnit":600000,"mWalkTime":77372,"runStep":0,"walkStep":116},{"distance":75.298004,"mCalorie":3.76,"mOthersTime":0,"mRunTime":1200,"mStartTime":67800000,"mTimeUnit":600000,"mWalkTime":61364,"runStep":3,"walkStep":92},{"distance":13.040001,"mCalorie":0.6,"mOthersTime":0,"mRunTime":0,"mStartTime":72600000,"mTimeUnit":600000,"mWalkTime":11339,"runStep":0,"walkStep":17},{"distance":38.26,"mCalorie":1.78,"mOthersTime":0,"mRunTime":0,"mStartTime":73200000,"mTimeUnit":600000,"mWalkTime":33350,"runStep":0,"walkStep":50},{"distance":22.609001,"mCalorie":1.06,"mOthersTime":0,"mRunTime":0,"mStartTime":73800000,"mTimeUnit":600000,"mWalkTime":20677,"runStep":0,"walkStep":31},{"distance":18.774,"mCalorie":0.83,"mOthersTime":0,"mRunTime":0,"mStartTime":74400000,"mTimeUnit":600000,"mWalkTime":16008,"runStep":0,"walkStep":24},{"distance":24.76,"mCalorie":1.25,"mOthersTime":0,"mRunTime":0,"mStartTime":78000000,"mTimeUnit":600000,"mWalkTime":22678,"runStep":0,"walkStep":34},{"distance":30.059,"mCalorie":1.7390001,"mOthersTime":0,"mRunTime":4000,"mStartTime":78600000,"mTimeUnit":600000,"mWalkTime":18009,"runStep":10,"walkStep":27},{"distance":18.79,"mCalorie":0.81,"mOthersTime":0,"mRunTime":0,"mStartTime":81600000,"mTimeUnit":600000,"mWalkTime":16008,"runStep":0,"walkStep":24}],"version":1}