{"mActivityList":[{"mActiveTime":600000,"mActiveTimeType":2,"mCalorie":77.84,"mCategory":204,"mDetailInfoId":"6392185b-4a0c-2f5f-a4eb-941a6e6e5be9","mDistance":0.0,"mDuration":600000,"mEndTime":27929046,"mStartTime":27329046,"mType":11007}],"mAdaptiveGoal":0,"mIsGoalAchieved":false,"mIsMostActiveAchieved":false,"mMostActiveMinutes":0,"mStreakDayCount":0,"mUnitDataList":[{"distance":9.36,"mCalorie":0.39,"mOthersTime":0,"mRunTime":0,"mStartTime":8400000,"mTimeUnit":600000,"mWalkTime":8004,"runStep":0,"walkStep":12},{"distance":44.23,"mCalorie":2.2400002,"mOthersTime":0,"mRunTime":1200,"mStartTime":19800000,"mTimeUnit":600000,"mWalkTime":36018,"runStep":3,"walkStep":54},{"distance":173.61,"mCalorie":9.74,"mOthersTime":0,"mRunTime":800,"mStartTime":20400000,"mTimeUnit":600000,"mWalkTime":170085,"runStep":2,"walkStep":255},{"distance":388.15997,"mCalorie":22.1,"mOthersTime":0,"mRunTime":0,"mStartTime":21000000,"mTimeUnit":600000,"mWalkTime":364122,"runStep":0,"walkStep":549},{"distance":16.82,"mCalorie":1.02,"mOthersTime":0,"mRunTime":0,"mStartTime":21600000,"mTimeUnit":600000,"mWalkTime":16008,"runStep":0,"walkStep":24},{"distance":72.12,"mCalorie":3.59,"mOthersTime":0,"mRunTime":0,"mStartTime":22800000,"mTimeUnit":600000,"mWalkTime":66033,"runStep":0,"walkStep":99},{"distance":43.33,"mCalorie":3.37,"mOthersTime":0,"mRunTime":0,"mStartTime":23400000,"mTimeUnit":600000,"mWalkTime":42688,"runStep":0,"walkStep":64},{"distance":40.48,"mCalorie":2.3,"mOthersTime":0,"mRunTime":0,"mStartTime":26400000,"mTimeUnit":600000,"mWalkTime":40687,"runStep":0,"walkStep":61},{"distance":5.426761,"mCalorie":35.451904,"mOthersTime":270954,"mRunTime":0,"mStartTime":27000000,"mTimeUnit":600000,"mWalkTime":5166,"runStep":0,"walkStep":193},{"distance":52.624092,"mCalorie":45.415546,"mOthersTime":329046,"mRunTime":0,"mStartTime":27600000,"mTimeUnit":600000,"mWalkTime":48474,"runStep":0,"walkStep":293},{"distance":8.58,"mCalorie":0.44,"mOthersTime":0,"mRunTime":0,"mStartTime":28200000,"mTimeUnit":600000,"mWalkTime":8004,"runStep":0,"walkStep":12},{"distance":8.12,"mCalorie":0.49,"mOthersTime":0,"mRunTime":0,"mStartTime":29400000,"mTimeUnit":600000,"mWalkTime":8004,"runStep":0,"walkStep":12},{"distance":34.45,"mCalorie":1.8399999,"mOthersTime":0,"mRunTime":400,"mStartTime":30000000,"mTimeUnit":600000,"mWalkTime":29348,"runStep":1,"walkStep":44},{"distance":36.54,"mCalorie":1.95,"mOthersTime":0,"mRunTime":0,"mStartTime":31200000,"mTimeUnit":600000,"mWalkTime":34017,"runStep":0,"walkStep":51},{"distance":101.619995,"mCalorie":6.5899997,"mOthersTime":0,"mRunTime":0,"mStartTime":32400000,"mTimeUnit":600000,"mWalkTime":106053,"runStep":0,"walkStep":159},{"distance":85.950005,"mCalorie":4.11,"mOthersTime":0,"mRunTime":0,"mStartTime":33000000,"mTimeUnit":600000,"mWalkTime":76038,"runStep":0,"walkStep":114},{"distance":23.02,"mCalorie":1.3,"mOthersTime":0,"mRunTime":400,"mStartTime":33600000,"mTimeUnit":600000,"mWalkTime":20010,"runStep":1,"walkStep":30},{"distance":17.2,"mCalorie":0.84000003,"mOthersTime":0,"mRunTime":0,"mStartTime":34800000,"mTimeUnit":600000,"mWalkTime":15341,"runStep":0,"walkStep":23},{"distance":38.050003,"mCalorie":1.87,"mOthersTime":0,"mRunTime":0,"mStartTime":35400000,"mTimeUnit":600000,"mWalkTime":34684,"runStep":0,"walkStep":52},{"distance":6.77,"mCalorie":0.37,"mOthersTime":0,"mRunTime":0,"mStartTime":36000000,"mTimeUnit":600000,"mWalkTime":6670,"runStep":0,"walkStep":10},{"distance":26.63,"mCalorie":1.52,"mOthersTime":0,"mRunTime":0,"mStartTime":36600000,"mTimeUnit":600000,"mWalkTime":26013,"runStep":0,"walkStep":39},{"distance":50.440002,"mCalorie":2.4499998,"mOthersTime":0,"mRunTime":0,"mStartTime":37200000,"mTimeUnit":600000,"mWalkTime":46690,"runStep":0,"walkStep":70},{"distance":282.23,"mCalorie":14.620001,"mOthersTime":0,"mRunTime":0,"mStartTime":37800000,"mTimeUnit":600000,"mWalkTime":253460,"runStep":0,"walkStep":380},{"distance":113.69,"mCalorie":5.87,"mOthersTime":0,"mRunTime":0,"mStartTime":38400000,"mTimeUnit":600000,"mWalkTime":106053,"runStep":0,"walkStep":159},{"distance":130.61101,"mCalorie":7.4200006,"mOthersTime":0,"mRunTime":0,"mStartTime":39000000,"mTimeUnit":600000,"mWalkTime":122728,"runStep":0,"walkStep":184},{"distance":0.71,"mCalorie":0.04,"mOthersTime":0,"mRunTime":0,"mStartTime":39600000,"mTimeUnit":600000,"mWalkTime":667,"runStep":0,"walkStep":1},{"distance":10.16,"mCalorie":0.42,"mOthersTime":0,"mRunTime":0,"mStartTime":40800000,"mTimeUnit":600000,"mWalkTime":8671,"runStep":0,"walkStep":13},{"distance":77.170006,"mCalorie":3.9,"mOthersTime":0,"mRunTime":0,"mStartTime":41400000,"mTimeUnit":600000,"mWalkTime":69368,"runStep":0,"walkStep":104},{"distance":50.920002,"mCalorie":2.4099998,"mOthersTime":0,"mRunTime":1200,"mStartTime":42000000,"mTimeUnit":600000,"mWalkTime":41354,"runStep":3,"walkStep":62},{"distance":129.17,"mCalorie":7.17,"mOthersTime":0,"mRunTime":800,"mStartTime":42600000,"mTimeUnit":600000,"mWalkTime":118726,"runStep":2,"walkStep":178},{"distance":265.91998,"mCalorie":13.590001,"mOthersTime":0,"mRunTime":0,"mStartTime":43200000,"mTimeUnit":600000,"mWalkTime":240787,"runStep":0,"walkStep":361},{"distance":81.579994,"mCalorie":4.2200003,"mOthersTime":0,"mRunTime":0,"mStartTime":43800000,"mTimeUnit":600000,"mWalkTime":69338,"runStep":0,"walkStep":108},{"distance":281.78,"mCalorie":15.09,"mOthersTime":0,"mRunTime":0,"mStartTime":44400000,"mTimeUnit":600000,"mWalkTime":241394,"runStep":0,"walkStep":381},{"distance":9.12,"mCalorie":0.39,"mOthersTime":0,"mRunTime":0,"mStartTime":45600000,"mTimeUnit":600000,"mWalkTime":8004,"runStep":0,"walkStep":12},{"distance":7.84,"mCalorie":0.34,"mOthersTime":0,"mRunTime":0,"mStartTime":46200000,"mTimeUnit":600000,"mWalkTime":6670,"runStep":0,"walkStep":10},{"distance":209.29001,"mCalorie":10.75,"mOthersTime":0,"mRunTime":0,"mStartTime":46800000,"mTimeUnit":600000,"mWalkTime":193400,"runStep":0,"walkStep":290},{"distance":169.75,"mCalorie":10.59,"mOthersTime":0,"mRunTime":3200,"mStartTime":47400000,"mTimeUnit":600000,"mWalkTime":154077,"runStep":8,"walkStep":231},{"distance":212.63,"mCalorie":10.699998,"mOthersTime":0,"mRunTime":0,"mStartTime":50400000,"mTimeUnit":600000,"mWalkTime":194764,"runStep":0,"walkStep":292},{"distance":158.74998,"mCalorie":8.33,"mOthersTime":0,"mRunTime":6400,"mStartTime":51000000,"mTimeUnit":600000,"mWalkTime":128064,"runStep":16,"walkStep":192},{"distance":58.08,"mCalorie":2.7599998,"mOthersTime":0,"mRunTime":0,"mStartTime":54000000,"mTimeUnit":600000,"mWalkTime":51359,"runStep":0,"walkStep":77},{"distance":12.79,"mCalorie":0.62,"mOthersTime":0,"mRunTime":0,"mStartTime":54600000,"mTimeUnit":600000,"mWalkTime":11339,"runStep":0,"walkStep":17},{"distance":156.85002,"mCalorie":7.950001,"mOthersTime":0,"mRunTime":0,"mStartTime":57600000,"mTimeUnit":600000,"mWalkTime":139403,"runStep":0,"walkStep":209},{"distance":430.81,"mCalorie":21.46,"mOthersTime":0,"mRunTime":10400,"mStartTime":58200000,"mTimeUnit":600000,"mWalkTime":306700,"runStep":26,"walkStep":547},{"distance":174.29999,"mCalorie":8.29,"mOthersTime":0,"mRunTime":0,"mStartTime":58800000,"mTimeUnit":600000,"mWalkTime":159413,"runStep":0,"walkStep":239},{"distance":404.13098,"mCalorie":20.14,"mOthersTime":0,"mRunTime":0,"mStartTime":59400000,"mTimeUnit":600000,"mWalkTime":316068,"runStep":0,"walkStep":535},{"distance":194.83,"mCalorie":9.040001,"mOthersTime":0,"mRunTime":0,"mStartTime":60000000,"mTimeUnit":600000,"mWalkTime":161384,"runStep":0,"walkStep":262},{"distance":69.891,"mCalorie":3.27,"mOthersTime":0,"mRunTime":0,"mStartTime":60600000,"mTimeUnit":600000,"mWalkTime":63365,"runStep":0,"walkStep":95},{"distance":102.47,"mCalorie":4.73,"mOthersTime":0,"mRunTime":0,"mStartTime":61200000,"mTimeUnit":600000,"mWalkTime":84012,"runStep":0,"walkStep":138},{"distance":187.73,"mCalorie":9.15,"mOthersTime":0,"mRunTime":0,"mStartTime":61800000,"mTimeUnit":600000,"mWalkTime":168721,"runStep":0,"walkStep":256},{"distance":108.43001,"mCalorie":5.45,"mOthersTime":0,"mRunTime":400,"mStartTime":62400000,"mTimeUnit":600000,"mWalkTime":98049,"runStep":1,"walkStep":147},{"distance":268.41797,"mCalorie":12.820001,"mOthersTime":0,"mRunTime":0,"mStartTime":63000000,"mTimeUnit":600000,"mWalkTime":231389,"runStep":0,"walkStep":364},{"distance":268.79,"mCalorie":13.179999,"mOthersTime":0,"mRunTime":0,"mStartTime":63600000,"mTimeUnit":600000,"mWalkTime":220687,"runStep":0,"walkStep":365},{"distance":7.71,"mCalorie":0.35,"mOthersTime":0,"mRunTime":0,"mStartTime":64800000,"mTimeUnit":600000,"mWalkTime":6670,"runStep":0,"walkStep":10},{"distance":4.91,"mCalorie":0.26,"mOthersTime":0,"mRunTime":0,"mStartTime":67200000,"mTimeUnit":600000,"mWalkTime":4669,"runStep":0,"walkStep":7},{"distance":11.74,"mCalorie":0.59,"mOthersTime":0,"mRunTime":0,"mStartTime":67800000,"mTimeUnit":600000,"mWalkTime":10672,"runStep":0,"walkStep":16},{"distance":46.04,"mCalorie":2.37,"mOthersTime":0,"mRunTime":0,"mStartTime":69000000,"mTimeUnit":600000,"mWalkTime":41354,"runStep":0,"walkStep":62},{"distance":8.89,"mCalorie":0.45,"mOthersTime":0,"mRunTime":0,"mStartTime":69600000,"mTimeUnit":600000,"mWalkTime":8004,"runStep":0,"walkStep":12},{"distance":64.229996,"mCalorie":2.8799999,"mOthersTime":0,"mRunTime":0,"mStartTime":70200000,"mTimeUnit":600000,"mWalkTime":59363,"runStep":0,"walkStep":89},{"distance":120.8,"mCalorie":6.06,"mOthersTime":0,"mRunTime":0,"mStartTime":70800000,"mTimeUnit":600000,"mWalkTime":109388,"runStep":0,"walkStep":164},{"distance":8.15,"mCalorie":0.38,"mOthersTime":0,"mRunTime":0,"mStartTime":71400000,"mTimeUnit":600000,"mWalkTime":7337,"runStep":0,"walkStep":11},{"distance":30.45,"mCalorie":1.38,"mOthersTime":0,"mRunTime":0,"mStartTime":73200000,"mTimeUnit":600000,"mWalkTime":26680,"runStep":0,"walkStep":40},{"distance":23.931,"mCalorie":1.26,"mOthersTime":0,"mRunTime":0,"mStartTime":74400000,"mTimeUnit":600000,"mWalkTime":22011,"runStep":0,"walkStep":33},{"distance":17.28,"mCalorie":0.91,"mOthersTime":0,"mRunTime":0,"mStartTime":76800000,"mTimeUnit":600000,"mWalkTime":16008,"runStep":0,"walkStep":24}],"version":1}