{"mAdaptiveGoal":0,"mIsGoalAchieved":false,"mIsMostActiveAchieved":false,"mMostActiveMinutes":0,"mStreakDayCount":0,"mUnitDataList":[{"distance":10.969999,"mCalorie":0.54999995,"mOthersTime":0,"mRunTime":0,"mStartTime":41400000,"mTimeUnit":600000,"mWalkTime":10005,"runStep":0,"walkStep":15},{"distance":9.629998,"mCalorie":0.48999995,"mOthersTime":0,"mRunTime":0,"mStartTime":42600000,"mTimeUnit":600000,"mWalkTime":8671,"runStep":0,"walkStep":13},{"distance":196.0,"mCalorie":11.37,"mOthersTime":0,"mRunTime":0,"mStartTime":46200000,"mTimeUnit":600000,"mWalkTime":194097,"runStep":0,"walkStep":291},{"distance":160.97,"mCalorie":9.620001,"mOthersTime":0,"mRunTime":0,"mStartTime":46800000,"mTimeUnit":600000,"mWalkTime":154077,"runStep":0,"walkStep":231},{"distance":137.09999,"mCalorie":7.1,"mOthersTime":0,"mRunTime":0,"mStartTime":47400000,"mTimeUnit":600000,"mWalkTime":125396,"runStep":0,"walkStep":188},{"distance":210.95999,"mCalorie":10.99,"mOthersTime":0,"mRunTime":0,"mStartTime":49800000,"mTimeUnit":600000,"mWalkTime":188761,"runStep":0,"walkStep":283},{"distance":186.34999,"mCalorie":9.820001,"mOthersTime":0,"mRunTime":0,"mStartTime":50400000,"mTimeUnit":600000,"mWalkTime":171419,"runStep":0,"walkStep":257},{"distance":5.68,"mCalorie":0.29999998,"mOthersTime":0,"mRunTime":0,"mStartTime":51000000,"mTimeUnit":600000,"mWalkTime":5336,"runStep":0,"walkStep":8},{"distance":4.37,"mCalorie":0.22,"mOthersTime":0,"mRunTime":0,"mStartTime":53400000,"mTimeUnit":600000,"mWalkTime":4002,"runStep":0,"walkStep":6},{"distance":22.3,"mCalorie":1.03,"mOthersTime":0,"mRunTime":0,"mStartTime":54000000,"mTimeUnit":600000,"mWalkTime":19343,"runStep":0,"walkStep":29},{"distance":33.66,"mCalorie":1.62,"mOthersTime":0,"mRunTime":0,"mStartTime":54600000,"mTimeUnit":600000,"mWalkTime":26013,"runStep":0,"walkStep":39},{"distance":7.73,"mCalorie":0.42,"mOthersTime":0,"mRunTime":0,"mStartTime":56400000,"mTimeUnit":600000,"mWalkTime":7337,"runStep":0,"walkStep":11},{"distance":78.69,"mCalorie":3.75,"mOthersTime":0,"mRunTime":0,"mStartTime":57000000,"mTimeUnit":600000,"mWalkTime":68701,"runStep":0,"walkStep":103},{"distance":48.93,"mCalorie":2.55,"mOthersTime":0,"mRunTime":0,"mStartTime":57600000,"mTimeUnit":600000,"mWalkTime":45356,"runStep":0,"walkStep":68},{"distance":5.01,"mCalorie":0.26,"mOthersTime":0,"mRunTime":0,"mStartTime":58200000,"mTimeUnit":600000,"mWalkTime":4669,"runStep":0,"walkStep":7},{"distance":12.59,"mCalorie":0.66,"mOthersTime":0,"mRunTime":0,"mStartTime":59400000,"mTimeUnit":600000,"mWalkTime":12006,"runStep":0,"walkStep":18},{"distance":10.39,"mCalorie":0.46,"mOthersTime":0,"mRunTime":0,"mStartTime":60000000,"mTimeUnit":600000,"mWalkTime":9338,"runStep":0,"walkStep":14},{"distance":5.26,"mCalorie":0.25,"mOthersTime":0,"mRunTime":0,"mStartTime":61200000,"mTimeUnit":600000,"mWalkTime":4669,"runStep":0,"walkStep":7},{"distance":107.88999,"mCalorie":6.61,"mOthersTime":0,"mRunTime":2800,"mStartTime":61800000,"mTimeUnit":600000,"mWalkTime":104719,"runStep":7,"walkStep":157},{"distance":115.84999,"mCalorie":5.879999,"mOthersTime":0,"mRunTime":0,"mStartTime":62400000,"mTimeUnit":600000,"mWalkTime":102051,"runStep":0,"walkStep":153},{"distance":220.40999,"mCalorie":10.76,"mOthersTime":0,"mRunTime":0,"mStartTime":63000000,"mTimeUnit":600000,"mWalkTime":198099,"runStep":0,"walkStep":297},{"distance":7.84,"mCalorie":0.47,"mOthersTime":0,"mRunTime":0,"mStartTime":63600000,"mTimeUnit":600000,"mWalkTime":7337,"runStep":0,"walkStep":11},{"distance":33.440002,"mCalorie":1.6099999,"mOthersTime":0,"mRunTime":0,"mStartTime":64200000,"mTimeUnit":600000,"mWalkTime":30015,"runStep":0,"walkStep":45},{"distance":112.81,"mCalorie":5.6,"mOthersTime":0,"mRunTime":0,"mStartTime":64800000,"mTimeUnit":600000,"mWalkTime":101354,"runStep":0,"walkStep":153},{"distance":184.73,"mCalorie":9.23,"mOthersTime":0,"mRunTime":0,"mStartTime":65400000,"mTimeUnit":600000,"mWalkTime":160687,"runStep":0,"walkStep":249},{"distance":241.40999,"mCalorie":12.58,"mOthersTime":0,"mRunTime":0,"mStartTime":66000000,"mTimeUnit":600000,"mWalkTime":192006,"runStep":0,"walkStep":328},{"distance":7.89,"mCalorie":0.43,"mOthersTime":0,"mRunTime":0,"mStartTime":67200000,"mTimeUnit":600000,"mWalkTime":7337,"runStep":0,"walkStep":11},{"distance":67.2,"mCalorie":3.32,"mOthersTime":0,"mRunTime":0,"mStartTime":67800000,"mTimeUnit":600000,"mWalkTime":60697,"runStep":0,"walkStep":91},{"distance":40.440002,"mCalorie":1.96,"mOthersTime":0,"mRunTime":0,"mStartTime":68400000,"mTimeUnit":600000,"mWalkTime":37352,"runStep":0,"walkStep":56},{"distance":12.7,"mCalorie":0.68,"mOthersTime":0,"mRunTime":0,"mStartTime":69000000,"mTimeUnit":600000,"mWalkTime":12006,"runStep":0,"walkStep":18},{"distance":139.43,"mCalorie":6.7999997,"mOthersTime":0,"mRunTime":0,"mStartTime":69600000,"mTimeUnit":600000,"mWalkTime":126730,"runStep":0,"walkStep":190},{"distance":151.78,"mCalorie":7.4300003,"mOthersTime":0,"mRunTime":0,"mStartTime":70200000,"mTimeUnit":600000,"mWalkTime":134067,"runStep":0,"walkStep":201},{"distance":44.96,"mCalorie":2.3200002,"mOthersTime":0,"mRunTime":0,"mStartTime":70800000,"mTimeUnit":600000,"mWalkTime":42021,"runStep":0,"walkStep":63},{"distance":10.53,"mCalorie":0.56,"mOthersTime":0,"mRunTime":0,"mStartTime":71400000,"mTimeUnit":600000,"mWalkTime":10005,"runStep":0,"walkStep":15},{"distance":28.81,"mCalorie":1.52,"mOthersTime":0,"mRunTime":0,"mStartTime":72000000,"mTimeUnit":600000,"mWalkTime":26680,"runStep":0,"walkStep":40},{"distance":87.88,"mCalorie":4.57,"mOthersTime":0,"mRunTime":0,"mStartTime":72600000,"mTimeUnit":600000,"mWalkTime":80040,"runStep":0,"walkStep":120},{"distance":251.45,"mCalorie":12.219999,"mOthersTime":0,"mRunTime":2400,"mStartTime":73200000,"mTimeUnit":600000,"mWalkTime":219443,"runStep":6,"walkStep":329},{"distance":96.5,"mCalorie":5.03,"mOthersTime":0,"mRunTime":0,"mStartTime":73800000,"mTimeUnit":600000,"mWalkTime":74007,"runStep":0,"walkStep":128},{"distance":90.63999,"mCalorie":4.4500003,"mOthersTime":0,"mRunTime":0,"mStartTime":74400000,"mTimeUnit":600000,"mWalkTime":82041,"runStep":0,"walkStep":123},{"distance":70.759995,"mCalorie":3.7600002,"mOthersTime":0,"mRunTime":800,"mStartTime":75600000,"mTimeUnit":600000,"mWalkTime":60697,"runStep":2,"walkStep":91},{"distance":55.18,"mCalorie":2.98,"mOthersTime":0,"mRunTime":1600,"mStartTime":76800000,"mTimeUnit":600000,"mWalkTime":43355,"runStep":4,"walkStep":65},{"distance":19.35,"mCalorie":1.0699999,"mOthersTime":0,"mRunTime":0,"mStartTime":78000000,"mTimeUnit":600000,"mWalkTime":18676,"runStep":0,"walkStep":28},{"distance":14.68,"mCalorie":0.78,"mOthersTime":0,"mRunTime":0,"mStartTime":79200000,"mTimeUnit":600000,"mWalkTime":14007,"runStep":0,"walkStep":21},{"distance":59.52,"mCalorie":3.0300002,"mOthersTime":0,"mRunTime":1600,"mStartTime":80400000,"mTimeUnit":600000,"mWalkTime":48691,"runStep":4,"walkStep":73},{"distance":158.48999,"mCalorie":8.93,"mOthersTime":0,"mRunTime":0,"mStartTime":81000000,"mTimeUnit":600000,"mWalkTime":152076,"runStep":0,"walkStep":228},{"distance":119.64,"mCalorie":6.17,"mOthersTime":0,"mRunTime":0,"mStartTime":81600000,"mTimeUnit":600000,"mWalkTime":104689,"runStep":0,"walkStep":162},{"distance":32.57,"mCalorie":1.76,"mOthersTime":0,"mRunTime":400,"mStartTime":84000000,"mTimeUnit":600000,"mWalkTime":26680,"runStep":1,"walkStep":40},{"distance":95.09,"mCalorie":4.84,"mOthersTime":0,"mRunTime":0,"mStartTime":84600000,"mTimeUnit":600000,"mWalkTime":84709,"runStep":0,"walkStep":127},{"distance":96.579994,"mCalorie":5.13,"mOthersTime":0,"mRunTime":0,"mStartTime":85200000,"mTimeUnit":600000,"mWalkTime":88711,"runStep":0,"walkStep":133},{"distance":34.600002,"mCalorie":1.73,"mOthersTime":0,"mRunTime":0,"mStartTime":85800000,"mTimeUnit":600000,"mWalkTime":31349,"runStep":0,"walkStep":47}],"version":1}