{"mAdaptiveGoal":0,"mIsGoalAchieved":false,"mIsMostActiveAchieved":false,"mMostActiveMinutes":0,"mStreakDayCount":0,"mUnitDataList":[{"distance":27.86,"mCalorie":1.6299999,"mOthersTime":0,"mRunTime":4000,"mStartTime":3600000,"mTimeUnit":600000,"mWalkTime":14007,"runStep":10,"walkStep":21},{"distance":30.01,"mCalorie":1.3100001,"mOthersTime":0,"mRunTime":0,"mStartTime":18600000,"mTimeUnit":600000,"mWalkTime":25346,"runStep":0,"walkStep":38},{"distance":24.22,"mCalorie":1.27,"mOthersTime":0,"mRunTime":400,"mStartTime":23400000,"mTimeUnit":600000,"mWalkTime":19343,"runStep":1,"walkStep":29},{"distance":27.009998,"mCalorie":1.22,"mOthersTime":0,"mRunTime":0,"mStartTime":24000000,"mTimeUnit":600000,"mWalkTime":22678,"runStep":0,"walkStep":34},{"distance":100.630005,"mCalorie":5.9199996,"mOthersTime":0,"mRunTime":0,"mStartTime":24600000,"mTimeUnit":600000,"mWalkTime":108054,"runStep":0,"walkStep":162},{"distance":256.46,"mCalorie":13.42,"mOthersTime":0,"mRunTime":0,"mStartTime":25200000,"mTimeUnit":600000,"mWalkTime":218716,"runStep":0,"walkStep":348},{"distance":9.53,"mCalorie":0.49,"mOthersTime":0,"mRunTime":0,"mStartTime":25800000,"mTimeUnit":600000,"mWalkTime":8671,"runStep":0,"walkStep":13},{"distance":18.080002,"mCalorie":0.97000015,"mOthersTime":0,"mRunTime":0,"mStartTime":26400000,"mTimeUnit":600000,"mWalkTime":16675,"runStep":0,"walkStep":25},{"distance":268.03998,"mCalorie":13.9800005,"mOthersTime":0,"mRunTime":0,"mStartTime":27600000,"mTimeUnit":600000,"mWalkTime":237422,"runStep":0,"walkStep":364},{"distance":59.09,"mCalorie":2.83,"mOthersTime":0,"mRunTime":0,"mStartTime":28200000,"mTimeUnit":600000,"mWalkTime":53360,"runStep":0,"walkStep":80},{"distance":46.31,"mCalorie":2.36,"mOthersTime":0,"mRunTime":0,"mStartTime":28800000,"mTimeUnit":600000,"mWalkTime":40687,"runStep":0,"walkStep":61},{"distance":8.84,"mCalorie":0.53,"mOthersTime":0,"mRunTime":0,"mStartTime":29400000,"mTimeUnit":600000,"mWalkTime":6670,"runStep":0,"walkStep":10},{"distance":108.490005,"mCalorie":5.1099997,"mOthersTime":0,"mRunTime":0,"mStartTime":30000000,"mTimeUnit":600000,"mWalkTime":95381,"runStep":0,"walkStep":143},{"distance":51.32,"mCalorie":2.89,"mOthersTime":0,"mRunTime":0,"mStartTime":30600000,"mTimeUnit":600000,"mWalkTime":57362,"runStep":0,"walkStep":86},{"distance":17.88,"mCalorie":0.88,"mOthersTime":0,"mRunTime":0,"mStartTime":31200000,"mTimeUnit":600000,"mWalkTime":16008,"runStep":0,"walkStep":24},{"distance":87.409996,"mCalorie":4.41,"mOthersTime":0,"mRunTime":0,"mStartTime":31800000,"mTimeUnit":600000,"mWalkTime":79373,"runStep":0,"walkStep":119},{"distance":140.5,"mCalorie":7.3000007,"mOthersTime":0,"mRunTime":0,"mStartTime":32400000,"mTimeUnit":600000,"mWalkTime":128731,"runStep":0,"walkStep":193},{"distance":150.27,"mCalorie":7.62,"mOthersTime":0,"mRunTime":0,"mStartTime":33600000,"mTimeUnit":600000,"mWalkTime":133370,"runStep":0,"walkStep":206},{"distance":259.75003,"mCalorie":14.349998,"mOthersTime":0,"mRunTime":0,"mStartTime":34200000,"mTimeUnit":600000,"mWalkTime":247427,"runStep":0,"walkStep":375},{"distance":248.55002,"mCalorie":13.99,"mOthersTime":0,"mRunTime":0,"mStartTime":34800000,"mTimeUnit":600000,"mWalkTime":237452,"runStep":0,"walkStep":356},{"distance":106.3,"mCalorie":5.92,"mOthersTime":0,"mRunTime":0,"mStartTime":35400000,"mTimeUnit":600000,"mWalkTime":101384,"runStep":0,"walkStep":152},{"distance":109.7,"mCalorie":7.0000005,"mOthersTime":0,"mRunTime":0,"mStartTime":36000000,"mTimeUnit":600000,"mWalkTime":108054,"runStep":0,"walkStep":162},{"distance":83.100006,"mCalorie":4.6600003,"mOthersTime":0,"mRunTime":0,"mStartTime":36600000,"mTimeUnit":600000,"mWalkTime":79373,"runStep":0,"walkStep":119},{"distance":193.03,"mCalorie":10.14,"mOthersTime":0,"mRunTime":0,"mStartTime":37200000,"mTimeUnit":600000,"mWalkTime":184092,"runStep":0,"walkStep":276},{"distance":186.85,"mCalorie":10.24,"mOthersTime":0,"mRunTime":0,"mStartTime":37800000,"mTimeUnit":600000,"mWalkTime":177422,"runStep":0,"walkStep":266},{"distance":25.199999,"mCalorie":1.38,"mOthersTime":0,"mRunTime":0,"mStartTime":38400000,"mTimeUnit":600000,"mWalkTime":24012,"runStep":0,"walkStep":36},{"distance":76.92,"mCalorie":5.2500005,"mOthersTime":0,"mRunTime":0,"mStartTime":39000000,"mTimeUnit":600000,"mWalkTime":68701,"runStep":0,"walkStep":103},{"distance":292.28998,"mCalorie":15.21,"mOthersTime":0,"mRunTime":0,"mStartTime":39600000,"mTimeUnit":600000,"mWalkTime":254734,"runStep":0,"walkStep":398},{"distance":431.53,"mCalorie":22.55,"mOthersTime":0,"mRunTime":733,"mStartTime":40200000,"mTimeUnit":600000,"mWalkTime":354658,"runStep":2,"walkStep":577},{"distance":161.1,"mCalorie":8.4,"mOthersTime":0,"mRunTime":0,"mStartTime":40800000,"mTimeUnit":600000,"mWalkTime":146073,"runStep":0,"walkStep":219},{"distance":110.35,"mCalorie":6.58,"mOthersTime":0,"mRunTime":0,"mStartTime":41400000,"mTimeUnit":600000,"mWalkTime":105386,"runStep":0,"walkStep":158},{"distance":248.48001,"mCalorie":12.98,"mOthersTime":0,"mRunTime":0,"mStartTime":42000000,"mTimeUnit":600000,"mWalkTime":232783,"runStep":0,"walkStep":349},{"distance":162.48001,"mCalorie":8.48,"mOthersTime":0,"mRunTime":800,"mStartTime":42600000,"mTimeUnit":600000,"mWalkTime":148074,"runStep":2,"walkStep":222},{"distance":256.25,"mCalorie":13.519999,"mOthersTime":0,"mRunTime":0,"mStartTime":43200000,"mTimeUnit":600000,"mWalkTime":230085,"runStep":0,"walkStep":349},{"distance":52.57,"mCalorie":2.9,"mOthersTime":0,"mRunTime":2000,"mStartTime":43800000,"mTimeUnit":600000,"mWalkTime":40687,"runStep":5,"walkStep":61},{"distance":64.85,"mCalorie":3.27,"mOthersTime":0,"mRunTime":0,"mStartTime":44400000,"mTimeUnit":600000,"mWalkTime":58029,"runStep":0,"walkStep":87},{"distance":202.9,"mCalorie":10.7699995,"mOthersTime":0,"mRunTime":0,"mStartTime":45600000,"mTimeUnit":600000,"mWalkTime":171389,"runStep":0,"walkStep":273},{"distance":69.479996,"mCalorie":3.7199998,"mOthersTime":0,"mRunTime":4400,"mStartTime":46200000,"mTimeUnit":600000,"mWalkTime":52693,"runStep":11,"walkStep":79},{"distance":20.29,"mCalorie":1.0799999,"mOthersTime":0,"mRunTime":0,"mStartTime":46800000,"mTimeUnit":600000,"mWalkTime":19343,"runStep":0,"walkStep":29},{"distance":16.49,"mCalorie":0.62,"mOthersTime":0,"mRunTime":0,"mStartTime":48000000,"mTimeUnit":600000,"mWalkTime":14007,"runStep":0,"walkStep":21},{"distance":36.12,"mCalorie":1.72,"mOthersTime":0,"mRunTime":0,"mStartTime":48600000,"mTimeUnit":600000,"mWalkTime":31349,"runStep":0,"walkStep":47},{"distance":59.431,"mCalorie":2.77,"mOthersTime":0,"mRunTime":0,"mStartTime":51600000,"mTimeUnit":600000,"mWalkTime":51359,"runStep":0,"walkStep":77},{"distance":22.880001,"mCalorie":1.19,"mOthersTime":0,"mRunTime":0,"mStartTime":52200000,"mTimeUnit":600000,"mWalkTime":21344,"runStep":0,"walkStep":32},{"distance":17.66,"mCalorie":0.84,"mOthersTime":0,"mRunTime":0,"mStartTime":52800000,"mTimeUnit":600000,"mWalkTime":16008,"runStep":0,"walkStep":24},{"distance":44.809998,"mCalorie":2.51,"mOthersTime":0,"mRunTime":0,"mStartTime":53400000,"mTimeUnit":600000,"mWalkTime":42688,"runStep":0,"walkStep":64},{"distance":5.7200003,"mCalorie":0.29999998,"mOthersTime":0,"mRunTime":0,"mStartTime":55800000,"mTimeUnit":600000,"mWalkTime":5336,"runStep":0,"walkStep":8},{"distance":6.8200006,"mCalorie":0.32999998,"mOthersTime":0,"mRunTime":0,"mStartTime":57000000,"mTimeUnit":600000,"mWalkTime":6003,"runStep":0,"walkStep":9},{"distance":208.65,"mCalorie":10.679999,"mOthersTime":0,"mRunTime":1200,"mStartTime":58200000,"mTimeUnit":600000,"mWalkTime":197432,"runStep":3,"walkStep":296},{"distance":390.419,"mCalorie":21.87,"mOthersTime":0,"mRunTime":0,"mStartTime":58800000,"mTimeUnit":600000,"mWalkTime":357512,"runStep":0,"walkStep":536},{"distance":197.59,"mCalorie":10.06,"mOthersTime":0,"mRunTime":0,"mStartTime":59400000,"mTimeUnit":600000,"mWalkTime":179423,"runStep":0,"walkStep":269},{"distance":80.450005,"mCalorie":3.8600001,"mOthersTime":0,"mRunTime":0,"mStartTime":60600000,"mTimeUnit":600000,"mWalkTime":70702,"runStep":0,"walkStep":106},{"distance":339.48,"mCalorie":16.97,"mOthersTime":0,"mRunTime":0,"mStartTime":61200000,"mTimeUnit":600000,"mWalkTime":302121,"runStep":0,"walkStep":457},{"distance":120.6,"mCalorie":6.04,"mOthersTime":0,"mRunTime":0,"mStartTime":61800000,"mTimeUnit":600000,"mWalkTime":111389,"runStep":0,"walkStep":167},{"distance":128.55,"mCalorie":5.99,"mOthersTime":0,"mRunTime":0,"mStartTime":62400000,"mTimeUnit":600000,"mWalkTime":112723,"runStep":0,"walkStep":169},{"distance":18.29,"mCalorie":1.09,"mOthersTime":0,"mRunTime":0,"mStartTime":63000000,"mTimeUnit":600000,"mWalkTime":18009,"runStep":0,"walkStep":27},{"distance":51.47,"mCalorie":2.61,"mOthersTime":0,"mRunTime":0,"mStartTime":63600000,"mTimeUnit":600000,"mWalkTime":46690,"runStep":0,"walkStep":70},{"distance":7.160001,"mCalorie":0.37999997,"mOthersTime":0,"mRunTime":0,"mStartTime":64200000,"mTimeUnit":600000,"mWalkTime":6670,"runStep":0,"walkStep":10},{"distance":8.97,"mCalorie":0.47,"mOthersTime":0,"mRunTime":0,"mStartTime":66000000,"mTimeUnit":600000,"mWalkTime":8671,"runStep":0,"walkStep":13},{"distance":128.16,"mCalorie":7.0499997,"mOthersTime":0,"mRunTime":400,"mStartTime":66600000,"mTimeUnit":600000,"mWalkTime":122728,"runStep":1,"walkStep":184},{"distance":42.81,"mCalorie":2.02,"mOthersTime":0,"mRunTime":0,"mStartTime":67200000,"mTimeUnit":600000,"mWalkTime":38686,"runStep":0,"walkStep":58},{"distance":170.011,"mCalorie":8.82,"mOthersTime":0,"mRunTime":1600,"mStartTime":67800000,"mTimeUnit":600000,"mWalkTime":142708,"runStep":4,"walkStep":225},{"distance":7.44,"mCalorie":0.35,"mOthersTime":0,"mRunTime":0,"mStartTime":69000000,"mTimeUnit":600000,"mWalkTime":6670,"runStep":0,"walkStep":10},{"distance":45.77,"mCalorie":2.25,"mOthersTime":0,"mRunTime":0,"mStartTime":69600000,"mTimeUnit":600000,"mWalkTime":42021,"runStep":0,"walkStep":63},{"distance":89.19,"mCalorie":4.05,"mOthersTime":0,"mRunTime":0,"mStartTime":70200000,"mTimeUnit":600000,"mWalkTime":78039,"runStep":0,"walkStep":117},{"distance":56.01,"mCalorie":2.7200003,"mOthersTime":0,"mRunTime":0,"mStartTime":70800000,"mTimeUnit":600000,"mWalkTime":49358,"runStep":0,"walkStep":74},{"distance":23.810001,"mCalorie":1.29,"mOthersTime":0,"mRunTime":0,"mStartTime":72600000,"mTimeUnit":600000,"mWalkTime":22011,"runStep":0,"walkStep":33},{"distance":21.87,"mCalorie":1.1099999,"mOthersTime":0,"mRunTime":0,"mStartTime":75600000,"mTimeUnit":600000,"mWalkTime":20677,"runStep":0,"walkStep":31},{"distance":12.69,"mCalorie":0.53,"mOthersTime":0,"mRunTime":0,"mStartTime":76200000,"mTimeUnit":600000,"mWalkTime":10672,"runStep":0,"walkStep":16},{"distance":7.29,"mCalorie":0.34,"mOthersTime":0,"mRunTime":0,"mStartTime":76800000,"mTimeUnit":600000,"mWalkTime":6670,"runStep":0,"walkStep":10},{"distance":42.149002,"mCalorie":2.23,"mOthersTime":0,"mRunTime":0,"mStartTime":77400000,"mTimeUnit":600000,"mWalkTime":39353,"runStep":0,"walkStep":59},{"distance":91.139,"mCalorie":4.24,"mOthersTime":0,"mRunTime":0,"mStartTime":79800000,"mTimeUnit":600000,"mWalkTime":82041,"runStep":0,"walkStep":123},{"distance":15.329,"mCalorie":0.78,"mOthersTime":0,"mRunTime":0,"mStartTime":80400000,"mTimeUnit":600000,"mWalkTime":14674,"runStep":0,"walkStep":22}],"version":1}