{"mAdaptiveGoal":0,"mIsGoalAchieved":false,"mIsMostActiveAchieved":false,"mMostActiveMinutes":0,"mStreakDayCount":0,"mUnitDataList":[{"distance":8.37,"mCalorie":0.5,"mOthersTime":0,"mRunTime":400,"mStartTime":3600000,"mTimeUnit":600000,"mWalkTime":6670,"runStep":1,"walkStep":10},{"distance":9.11,"mCalorie":0.36,"mOthersTime":0,"mRunTime":0,"mStartTime":16200000,"mTimeUnit":600000,"mWalkTime":7337,"runStep":0,"walkStep":11},{"distance":83.119,"mCalorie":4.21,"mOthersTime":0,"mRunTime":2400,"mStartTime":22200000,"mTimeUnit":600000,"mWalkTime":66033,"runStep":6,"walkStep":99},{"distance":39.77,"mCalorie":2.8600001,"mOthersTime":0,"mRunTime":0,"mStartTime":22800000,"mTimeUnit":600000,"mWalkTime":50025,"runStep":0,"walkStep":75},{"distance":85.97,"mCalorie":4.31,"mOthersTime":0,"mRunTime":0,"mStartTime":23400000,"mTimeUnit":600000,"mWalkTime":78039,"runStep":0,"walkStep":117},{"distance":75.560005,"mCalorie":3.59,"mOthersTime":0,"mRunTime":0,"mStartTime":24000000,"mTimeUnit":600000,"mWalkTime":68701,"runStep":0,"walkStep":103},{"distance":17.310001,"mCalorie":0.81999993,"mOthersTime":0,"mRunTime":0,"mStartTime":25800000,"mTimeUnit":600000,"mWalkTime":15341,"runStep":0,"walkStep":23},{"distance":49.13,"mCalorie":2.41,"mOthersTime":0,"mRunTime":0,"mStartTime":26400000,"mTimeUnit":600000,"mWalkTime":44689,"runStep":0,"walkStep":67},{"distance":43.18,"mCalorie":2.1200001,"mOthersTime":0,"mRunTime":0,"mStartTime":27000000,"mTimeUnit":600000,"mWalkTime":40020,"runStep":0,"walkStep":60},{"distance":46.760002,"mCalorie":2.76,"mOthersTime":0,"mRunTime":2000,"mStartTime":28200000,"mTimeUnit":600000,"mWalkTime":35351,"runStep":5,"walkStep":53},{"distance":15.66,"mCalorie":1.06,"mOthersTime":0,"mRunTime":2400,"mStartTime":30000000,"mTimeUnit":600000,"mWalkTime":8004,"runStep":6,"walkStep":12},{"distance":17.829,"mCalorie":1.18,"mOthersTime":0,"mRunTime":3600,"mStartTime":30600000,"mTimeUnit":600000,"mWalkTime":6670,"runStep":9,"walkStep":10},{"distance":22.57,"mCalorie":1.36,"mOthersTime":0,"mRunTime":400,"mStartTime":33600000,"mTimeUnit":600000,"mWalkTime":20010,"runStep":1,"walkStep":30},{"distance":26.19,"mCalorie":1.19,"mOthersTime":0,"mRunTime":0,"mStartTime":34200000,"mTimeUnit":600000,"mWalkTime":23345,"runStep":0,"walkStep":35},{"distance":8.63,"mCalorie":0.41,"mOthersTime":0,"mRunTime":0,"mStartTime":34800000,"mTimeUnit":600000,"mWalkTime":8004,"runStep":0,"walkStep":12},{"distance":113.78001,"mCalorie":5.2699995,"mOthersTime":0,"mRunTime":0,"mStartTime":35400000,"mTimeUnit":600000,"mWalkTime":101384,"runStep":0,"walkStep":152},{"distance":18.471,"mCalorie":1.1,"mOthersTime":0,"mRunTime":0,"mStartTime":36600000,"mTimeUnit":600000,"mWalkTime":18009,"runStep":0,"walkStep":27},{"distance":37.7,"mCalorie":1.9300001,"mOthersTime":0,"mRunTime":0,"mStartTime":37200000,"mTimeUnit":600000,"mWalkTime":35351,"runStep":0,"walkStep":53},{"distance":55.33,"mCalorie":3.16,"mOthersTime":0,"mRunTime":4000,"mStartTime":37800000,"mTimeUnit":600000,"mWalkTime":38686,"runStep":10,"walkStep":58},{"distance":53.47,"mCalorie":2.92,"mOthersTime":0,"mRunTime":2400,"mStartTime":38400000,"mTimeUnit":600000,"mWalkTime":44689,"runStep":6,"walkStep":67},{"distance":22.67,"mCalorie":0.96000004,"mOthersTime":0,"mRunTime":800,"mStartTime":39000000,"mTimeUnit":600000,"mWalkTime":16675,"runStep":2,"walkStep":25},{"distance":58.28,"mCalorie":3.27,"mOthersTime":0,"mRunTime":2800,"mStartTime":39600000,"mTimeUnit":600000,"mWalkTime":46023,"runStep":7,"walkStep":69},{"distance":18.16,"mCalorie":0.88,"mOthersTime":0,"mRunTime":0,"mStartTime":42000000,"mTimeUnit":600000,"mWalkTime":16675,"runStep":0,"walkStep":25},{"distance":41.73,"mCalorie":1.88,"mOthersTime":0,"mRunTime":0,"mStartTime":43800000,"mTimeUnit":600000,"mWalkTime":36018,"runStep":0,"walkStep":54},{"distance":101.01001,"mCalorie":5.9,"mOthersTime":0,"mRunTime":2000,"mStartTime":44400000,"mTimeUnit":600000,"mWalkTime":90045,"runStep":5,"walkStep":135},{"distance":183.18,"mCalorie":9.190001,"mOthersTime":0,"mRunTime":0,"mStartTime":45000000,"mTimeUnit":600000,"mWalkTime":168751,"runStep":0,"walkStep":253},{"distance":89.57,"mCalorie":4.04,"mOthersTime":0,"mRunTime":0,"mStartTime":45600000,"mTimeUnit":600000,"mWalkTime":78706,"runStep":0,"walkStep":118},{"distance":131.67,"mCalorie":6.7899995,"mOthersTime":0,"mRunTime":0,"mStartTime":46200000,"mTimeUnit":600000,"mWalkTime":121394,"runStep":0,"walkStep":182},{"distance":50.690002,"mCalorie":2.55,"mOthersTime":0,"mRunTime":0,"mStartTime":46800000,"mTimeUnit":600000,"mWalkTime":46023,"runStep":0,"walkStep":69},{"distance":8.51,"mCalorie":0.46,"mOthersTime":0,"mRunTime":0,"mStartTime":47400000,"mTimeUnit":600000,"mWalkTime":8004,"runStep":0,"walkStep":12},{"distance":257.18,"mCalorie":13.04,"mOthersTime":0,"mRunTime":0,"mStartTime":48600000,"mTimeUnit":600000,"mWalkTime":231449,"runStep":0,"walkStep":347},{"distance":237.01999,"mCalorie":12.1,"mOthersTime":0,"mRunTime":0,"mStartTime":49200000,"mTimeUnit":600000,"mWalkTime":198706,"runStep":0,"walkStep":319},{"distance":87.81,"mCalorie":4.6,"mOthersTime":0,"mRunTime":0,"mStartTime":49800000,"mTimeUnit":600000,"mWalkTime":78706,"runStep":0,"walkStep":118},{"distance":99.92,"mCalorie":5.2200003,"mOthersTime":0,"mRunTime":0,"mStartTime":51000000,"mTimeUnit":600000,"mWalkTime":91379,"runStep":0,"walkStep":137},{"distance":93.09999,"mCalorie":5.19,"mOthersTime":0,"mRunTime":400,"mStartTime":51600000,"mTimeUnit":600000,"mWalkTime":84042,"runStep":1,"walkStep":126},{"distance":66.88,"mCalorie":3.3799999,"mOthersTime":0,"mRunTime":0,"mStartTime":52200000,"mTimeUnit":600000,"mWalkTime":60697,"runStep":0,"walkStep":91},{"distance":11.84,"mCalorie":0.46,"mOthersTime":0,"mRunTime":0,"mStartTime":52800000,"mTimeUnit":600000,"mWalkTime":10005,"runStep":0,"walkStep":15},{"distance":7.35,"mCalorie":0.32,"mOthersTime":0,"mRunTime":0,"mStartTime":53400000,"mTimeUnit":600000,"mWalkTime":6670,"runStep":0,"walkStep":10},{"distance":5.6099997,"mCalorie":0.29999998,"mOthersTime":0,"mRunTime":0,"mStartTime":54000000,"mTimeUnit":600000,"mWalkTime":5336,"runStep":0,"walkStep":8},{"distance":12.53,"mCalorie":0.65,"mOthersTime":0,"mRunTime":0,"mStartTime":55200000,"mTimeUnit":600000,"mWalkTime":12006,"runStep":0,"walkStep":18},{"distance":92.18,"mCalorie":5.2799997,"mOthersTime":0,"mRunTime":5600,"mStartTime":55800000,"mTimeUnit":600000,"mWalkTime":68701,"runStep":14,"walkStep":103},{"distance":99.14,"mCalorie":5.2299995,"mOthersTime":0,"mRunTime":2000,"mStartTime":56400000,"mTimeUnit":600000,"mWalkTime":91379,"runStep":5,"walkStep":137},{"distance":208.31,"mCalorie":10.639998,"mOthersTime":0,"mRunTime":0,"mStartTime":57000000,"mTimeUnit":600000,"mWalkTime":186063,"runStep":0,"walkStep":280},{"distance":25.969,"mCalorie":1.15,"mOthersTime":0,"mRunTime":0,"mStartTime":57600000,"mTimeUnit":600000,"mWalkTime":22678,"runStep":0,"walkStep":34},{"distance":45.37,"mCalorie":2.26,"mOthersTime":0,"mRunTime":0,"mStartTime":58800000,"mTimeUnit":600000,"mWalkTime":41354,"runStep":0,"walkStep":62},{"distance":307.81,"mCalorie":16.16,"mOthersTime":0,"mRunTime":0,"mStartTime":59400000,"mTimeUnit":600000,"mWalkTime":275441,"runStep":0,"walkStep":417},{"distance":222.97998,"mCalorie":11.13,"mOthersTime":0,"mRunTime":0,"mStartTime":60000000,"mTimeUnit":600000,"mWalkTime":179363,"runStep":0,"walkStep":297},{"distance":24.92,"mCalorie":1.02,"mOthersTime":0,"mRunTime":0,"mStartTime":60600000,"mTimeUnit":600000,"mWalkTime":21344,"runStep":0,"walkStep":32},{"distance":16.13,"mCalorie":0.88,"mOthersTime":0,"mRunTime":0,"mStartTime":61200000,"mTimeUnit":600000,"mWalkTime":15341,"runStep":0,"walkStep":23},{"distance":21.01,"mCalorie":1.04,"mOthersTime":0,"mRunTime":0,"mStartTime":61800000,"mTimeUnit":600000,"mWalkTime":18676,"runStep":0,"walkStep":28},{"distance":31.65,"mCalorie":1.62,"mOthersTime":0,"mRunTime":0,"mStartTime":62400000,"mTimeUnit":600000,"mWalkTime":28681,"runStep":0,"walkStep":43},{"distance":114.83099,"mCalorie":5.8,"mOthersTime":0,"mRunTime":0,"mStartTime":63000000,"mTimeUnit":600000,"mWalkTime":103385,"runStep":0,"walkStep":155},{"distance":25.08,"mCalorie":1.12,"mOthersTime":0,"mRunTime":0,"mStartTime":63600000,"mTimeUnit":600000,"mWalkTime":22011,"runStep":0,"walkStep":33},{"distance":84.859,"mCalorie":4.12,"mOthersTime":0,"mRunTime":800,"mStartTime":64200000,"mTimeUnit":600000,"mWalkTime":73370,"runStep":2,"walkStep":110},{"distance":30.34,"mCalorie":1.3199999,"mOthersTime":0,"mRunTime":0,"mStartTime":64800000,"mTimeUnit":600000,"mWalkTime":25346,"runStep":0,"walkStep":38},{"distance":57.189995,"mCalorie":2.9,"mOthersTime":0,"mRunTime":0,"mStartTime":65400000,"mTimeUnit":600000,"mWalkTime":52026,"runStep":0,"walkStep":78},{"distance":7.0,"mCalorie":0.34,"mOthersTime":0,"mRunTime":0,"mStartTime":67200000,"mTimeUnit":600000,"mWalkTime":6670,"runStep":0,"walkStep":10},{"distance":11.07,"mCalorie":0.68,"mOthersTime":0,"mRunTime":1600,"mStartTime":67800000,"mTimeUnit":600000,"mWalkTime":7337,"runStep":4,"walkStep":11},{"distance":56.410004,"mCalorie":3.0,"mOthersTime":0,"mRunTime":2000,"mStartTime":68400000,"mTimeUnit":600000,"mWalkTime":44689,"runStep":5,"walkStep":67},{"distance":27.779999,"mCalorie":1.5,"mOthersTime":0,"mRunTime":400,"mStartTime":69600000,"mTimeUnit":600000,"mWalkTime":22678,"runStep":1,"walkStep":34},{"distance":70.63,"mCalorie":3.56,"mOthersTime":0,"mRunTime":0,"mStartTime":70200000,"mTimeUnit":600000,"mWalkTime":64699,"runStep":0,"walkStep":97},{"distance":106.751,"mCalorie":4.8799996,"mOthersTime":0,"mRunTime":0,"mStartTime":70800000,"mTimeUnit":600000,"mWalkTime":94714,"runStep":0,"walkStep":142},{"distance":281.5,"mCalorie":14.88,"mOthersTime":0,"mRunTime":0,"mStartTime":71400000,"mTimeUnit":600000,"mWalkTime":239393,"runStep":0,"walkStep":381},{"distance":14.68,"mCalorie":0.74,"mOthersTime":0,"mRunTime":0,"mStartTime":72000000,"mTimeUnit":600000,"mWalkTime":13340,"runStep":0,"walkStep":20},{"distance":94.27,"mCalorie":4.62,"mOthersTime":0,"mRunTime":0,"mStartTime":72600000,"mTimeUnit":600000,"mWalkTime":83375,"runStep":0,"walkStep":125},{"distance":8.98,"mCalorie":0.5,"mOthersTime":0,"mRunTime":0,"mStartTime":73200000,"mTimeUnit":600000,"mWalkTime":8671,"runStep":0,"walkStep":13},{"distance":11.15,"mCalorie":0.54,"mOthersTime":0,"mRunTime":0,"mStartTime":73800000,"mTimeUnit":600000,"mWalkTime":10005,"runStep":0,"walkStep":15},{"distance":211.87999,"mCalorie":11.059999,"mOthersTime":0,"mRunTime":0,"mStartTime":74400000,"mTimeUnit":600000,"mWalkTime":184729,"runStep":0,"walkStep":290},{"distance":42.72,"mCalorie":2.28,"mOthersTime":0,"mRunTime":0,"mStartTime":75000000,"mTimeUnit":600000,"mWalkTime":38686,"runStep":0,"walkStep":58},{"distance":65.17,"mCalorie":3.2199998,"mOthersTime":0,"mRunTime":0,"mStartTime":75600000,"mTimeUnit":600000,"mWalkTime":59363,"runStep":0,"walkStep":89},{"distance":158.26,"mCalorie":8.030001,"mOthersTime":0,"mRunTime":0,"mStartTime":76800000,"mTimeUnit":600000,"mWalkTime":150075,"runStep":0,"walkStep":225},{"distance":95.009995,"mCalorie":4.48,"mOthersTime":0,"mRunTime":1600,"mStartTime":77400000,"mTimeUnit":600000,"mWalkTime":77372,"runStep":4,"walkStep":116},{"distance":16.27,"mCalorie":0.83,"mOthersTime":0,"mRunTime":0,"mStartTime":78000000,"mTimeUnit":600000,"mWalkTime":14674,"runStep":0,"walkStep":22},{"distance":24.49,"mCalorie":1.09,"mOthersTime":0,"mRunTime":0,"mStartTime":78600000,"mTimeUnit":600000,"mWalkTime":20677,"runStep":0,"walkStep":31},{"distance":35.969997,"mCalorie":1.6800001,"mOthersTime":0,"mRunTime":0,"mStartTime":79200000,"mTimeUnit":600000,"mWalkTime":32683,"runStep":0,"walkStep":49},{"distance":21.979998,"mCalorie":1.0999999,"mOthersTime":0,"mRunTime":0,"mStartTime":79800000,"mTimeUnit":600000,"mWalkTime":20010,"runStep":0,"walkStep":30},{"distance":13.389,"mCalorie":0.56,"mOthersTime":0,"mRunTime":0,"mStartTime":81000000,"mTimeUnit":600000,"mWalkTime":12006,"runStep":0,"walkStep":18}],"version":1}