{"mAdaptiveGoal":0,"mIsGoalAchieved":false,"mIsMostActiveAchieved":false,"mMostActiveMinutes":0,"mStreakDayCount":0,"mUnitDataList":[{"distance":19.529999,"mCalorie":1.1700001,"mOthersTime":0,"mRunTime":800,"mStartTime":11400000,"mTimeUnit":600000,"mWalkTime":14674,"runStep":2,"walkStep":22},{"distance":8.2,"mCalorie":0.39,"mOthersTime":0,"mRunTime":0,"mStartTime":18000000,"mTimeUnit":600000,"mWalkTime":6670,"runStep":0,"walkStep":10},{"distance":31.599993,"mCalorie":1.6500001,"mOthersTime":0,"mRunTime":0,"mStartTime":39000000,"mTimeUnit":600000,"mWalkTime":28681,"runStep":0,"walkStep":43},{"distance":99.83,"mCalorie":5.3,"mOthersTime":0,"mRunTime":0,"mStartTime":45600000,"mTimeUnit":600000,"mWalkTime":96715,"runStep":0,"walkStep":145},{"distance":99.45002,"mCalorie":5.3999987,"mOthersTime":0,"mRunTime":0,"mStartTime":46200000,"mTimeUnit":600000,"mWalkTime":86013,"runStep":0,"walkStep":141},{"distance":447.02002,"mCalorie":22.859999,"mOthersTime":0,"mRunTime":0,"mStartTime":46800000,"mTimeUnit":600000,"mWalkTime":386103,"runStep":0,"walkStep":604},{"distance":49.15,"mCalorie":2.4199998,"mOthersTime":0,"mRunTime":0,"mStartTime":47400000,"mTimeUnit":600000,"mWalkTime":45356,"runStep":0,"walkStep":68},{"distance":20.51,"mCalorie":1.0,"mOthersTime":0,"mRunTime":0,"mStartTime":48600000,"mTimeUnit":600000,"mWalkTime":18009,"runStep":0,"walkStep":27},{"distance":301.67,"mCalorie":15.969998,"mOthersTime":0,"mRunTime":0,"mStartTime":49800000,"mTimeUnit":600000,"mWalkTime":273440,"runStep":0,"walkStep":416},{"distance":278.47,"mCalorie":14.26,"mOthersTime":0,"mRunTime":0,"mStartTime":50400000,"mTimeUnit":600000,"mWalkTime":256128,"runStep":0,"walkStep":384},{"distance":142.68001,"mCalorie":7.2799997,"mOthersTime":0,"mRunTime":0,"mStartTime":51000000,"mTimeUnit":600000,"mWalkTime":131399,"runStep":0,"walkStep":197},{"distance":180.98999,"mCalorie":9.120001,"mOthersTime":0,"mRunTime":0,"mStartTime":52200000,"mTimeUnit":600000,"mWalkTime":157382,"runStep":0,"walkStep":247},{"distance":428.91998,"mCalorie":23.439999,"mOthersTime":0,"mRunTime":0,"mStartTime":52800000,"mTimeUnit":600000,"mWalkTime":355391,"runStep":0,"walkStep":593},{"distance":52.65,"mCalorie":2.71,"mOthersTime":0,"mRunTime":0,"mStartTime":53400000,"mTimeUnit":600000,"mWalkTime":48024,"runStep":0,"walkStep":72},{"distance":42.510002,"mCalorie":1.9899999,"mOthersTime":0,"mRunTime":0,"mStartTime":54600000,"mTimeUnit":600000,"mWalkTime":37352,"runStep":0,"walkStep":56},{"distance":142.6,"mCalorie":7.6400003,"mOthersTime":0,"mRunTime":0,"mStartTime":55200000,"mTimeUnit":600000,"mWalkTime":142071,"runStep":0,"walkStep":213},{"distance":6.82,"mCalorie":0.4,"mOthersTime":0,"mRunTime":0,"mStartTime":55800000,"mTimeUnit":600000,"mWalkTime":6670,"runStep":0,"walkStep":10},{"distance":242.51999,"mCalorie":12.530001,"mOthersTime":0,"mRunTime":1600,"mStartTime":56400000,"mTimeUnit":600000,"mWalkTime":206073,"runStep":4,"walkStep":321},{"distance":221.66998,"mCalorie":11.69,"mOthersTime":0,"mRunTime":0,"mStartTime":57000000,"mTimeUnit":600000,"mWalkTime":202768,"runStep":0,"walkStep":304},{"distance":206.31,"mCalorie":10.82,"mOthersTime":0,"mRunTime":0,"mStartTime":57600000,"mTimeUnit":600000,"mWalkTime":185396,"runStep":0,"walkStep":281},{"distance":344.77002,"mCalorie":18.829998,"mOthersTime":0,"mRunTime":0,"mStartTime":58200000,"mTimeUnit":600000,"mWalkTime":308124,"runStep":0,"walkStep":470},{"distance":38.760002,"mCalorie":2.1399999,"mOthersTime":0,"mRunTime":0,"mStartTime":58800000,"mTimeUnit":600000,"mWalkTime":36685,"runStep":0,"walkStep":55},{"distance":24.220001,"mCalorie":1.31,"mOthersTime":0,"mRunTime":0,"mStartTime":59400000,"mTimeUnit":600000,"mWalkTime":22678,"runStep":0,"walkStep":34},{"distance":124.33,"mCalorie":6.7700005,"mOthersTime":0,"mRunTime":0,"mStartTime":60000000,"mTimeUnit":600000,"mWalkTime":113390,"runStep":0,"walkStep":170},{"distance":13.4,"mCalorie":0.65,"mOthersTime":0,"mRunTime":0,"mStartTime":60600000,"mTimeUnit":600000,"mWalkTime":12673,"runStep":0,"walkStep":19},{"distance":8.42,"mCalorie":0.38,"mOthersTime":0,"mRunTime":0,"mStartTime":61200000,"mTimeUnit":600000,"mWalkTime":7337,"runStep":0,"walkStep":11},{"distance":49.28,"mCalorie":2.6100001,"mOthersTime":0,"mRunTime":0,"mStartTime":61800000,"mTimeUnit":600000,"mWalkTime":44022,"runStep":0,"walkStep":66},{"distance":43.38,"mCalorie":2.1699998,"mOthersTime":0,"mRunTime":0,"mStartTime":62400000,"mTimeUnit":600000,"mWalkTime":38686,"runStep":0,"walkStep":58},{"distance":36.79,"mCalorie":2.2599998,"mOthersTime":0,"mRunTime":800,"mStartTime":63000000,"mTimeUnit":600000,"mWalkTime":30682,"runStep":2,"walkStep":46},{"distance":43.47,"mCalorie":2.21,"mOthersTime":0,"mRunTime":0,"mStartTime":64200000,"mTimeUnit":600000,"mWalkTime":38019,"runStep":0,"walkStep":57},{"distance":9.64,"mCalorie":0.52,"mOthersTime":0,"mRunTime":0,"mStartTime":66600000,"mTimeUnit":600000,"mWalkTime":9338,"runStep":0,"walkStep":14},{"distance":7.1,"mCalorie":0.36,"mOthersTime":0,"mRunTime":0,"mStartTime":67200000,"mTimeUnit":600000,"mWalkTime":6670,"runStep":0,"walkStep":10},{"distance":7.63,"mCalorie":0.35,"mOthersTime":0,"mRunTime":0,"mStartTime":67800000,"mTimeUnit":600000,"mWalkTime":6670,"runStep":0,"walkStep":10},{"distance":8.6,"mCalorie":0.46,"mOthersTime":0,"mRunTime":0,"mStartTime":68400000,"mTimeUnit":600000,"mWalkTime":8004,"runStep":0,"walkStep":12},{"distance":78.130005,"mCalorie":4.15,"mOthersTime":0,"mRunTime":5600,"mStartTime":69600000,"mTimeUnit":600000,"mWalkTime":56028,"runStep":14,"walkStep":84},{"distance":31.369999,"mCalorie":1.53,"mOthersTime":0,"mRunTime":0,"mStartTime":70200000,"mTimeUnit":600000,"mWalkTime":28014,"runStep":0,"walkStep":42},{"distance":245.02,"mCalorie":11.94,"mOthersTime":0,"mRunTime":400,"mStartTime":70800000,"mTimeUnit":600000,"mWalkTime":204739,"runStep":1,"walkStep":327},{"distance":61.29,"mCalorie":2.89,"mOthersTime":0,"mRunTime":0,"mStartTime":71400000,"mTimeUnit":600000,"mWalkTime":53360,"runStep":0,"walkStep":80},{"distance":7.84,"mCalorie":0.4,"mOthersTime":0,"mRunTime":0,"mStartTime":72000000,"mTimeUnit":600000,"mWalkTime":7337,"runStep":0,"walkStep":11},{"distance":31.220001,"mCalorie":1.47,"mOthersTime":0,"mRunTime":0,"mStartTime":72600000,"mTimeUnit":600000,"mWalkTime":27347,"runStep":0,"walkStep":41},{"distance":154.04,"mCalorie":8.39,"mOthersTime":0,"mRunTime":7600,"mStartTime":73200000,"mTimeUnit":600000,"mWalkTime":120060,"runStep":19,"walkStep":180},{"distance":283.59998,"mCalorie":13.840001,"mOthersTime":0,"mRunTime":5200,"mStartTime":73800000,"mTimeUnit":600000,"mWalkTime":238756,"runStep":13,"walkStep":361},{"distance":77.759995,"mCalorie":3.74,"mOthersTime":0,"mRunTime":0,"mStartTime":74400000,"mTimeUnit":600000,"mWalkTime":70702,"runStep":0,"walkStep":106},{"distance":9.03,"mCalorie":0.48,"mOthersTime":0,"mRunTime":0,"mStartTime":75600000,"mTimeUnit":600000,"mWalkTime":8671,"runStep":0,"walkStep":13},{"distance":170.95999,"mCalorie":9.7,"mOthersTime":0,"mRunTime":0,"mStartTime":76200000,"mTimeUnit":600000,"mWalkTime":160747,"runStep":0,"walkStep":241},{"distance":9.35,"mCalorie":0.52,"mOthersTime":0,"mRunTime":0,"mStartTime":76800000,"mTimeUnit":600000,"mWalkTime":8671,"runStep":0,"walkStep":13},{"distance":40.010002,"mCalorie":2.08,"mOthersTime":0,"mRunTime":0,"mStartTime":78600000,"mTimeUnit":600000,"mWalkTime":38686,"runStep":0,"walkStep":58},{"distance":492.90002,"mCalorie":24.47,"mOthersTime":0,"mRunTime":2000,"mStartTime":79200000,"mTimeUnit":600000,"mWalkTime":417392,"runStep":5,"walkStep":678},{"distance":36.96,"mCalorie":2.08,"mOthersTime":0,"mRunTime":0,"mStartTime":79800000,"mTimeUnit":600000,"mWalkTime":34684,"runStep":0,"walkStep":52},{"distance":25.93,"mCalorie":1.12,"mOthersTime":0,"mRunTime":0,"mStartTime":80400000,"mTimeUnit":600000,"mWalkTime":22678,"runStep":0,"walkStep":34},{"distance":395.359,"mCalorie":20.390001,"mOthersTime":0,"mRunTime":0,"mStartTime":82200000,"mTimeUnit":600000,"mWalkTime":351389,"runStep":0,"walkStep":559},{"distance":33.85,"mCalorie":1.77,"mOthersTime":0,"mRunTime":0,"mStartTime":83400000,"mTimeUnit":600000,"mWalkTime":32016,"runStep":0,"walkStep":48},{"distance":78.899994,"mCalorie":3.78,"mOthersTime":0,"mRunTime":3200,"mStartTime":84000000,"mTimeUnit":600000,"mWalkTime":61364,"runStep":8,"walkStep":92}],"version":1}