{"mActivityList":[{"mActiveTime":1230633,"mActiveTimeType":0,"mCalorie":129.0,"mCategory":204,"mDetailInfoId":"ad985c40-1bf5-19de-9a9e-544d4f821877","mDistance":1510.981,"mDuration":1230633,"mEndTime":38733977,"mStartTime":37503344,"mType":1001},{"mActiveTime":1436646,"mActiveTimeType":0,"mCalorie":165.0,"mCategory":204,"mDetailInfoId":"bb53d5cd-60ed-bfef-b0b5-22890d7dddfe","mDistance":1645.466,"mDuration":1436646,"mEndTime":40896220,"mStartTime":39459574,"mType":1001},{"mActiveTime":1222388,"mActiveTimeType":0,"mCalorie":137.0,"mCategory":204,"mDetailInfoId":"b18367bd-ad36-3675-1ba4-52df2f8a9d68","mDistance":1293.866,"mDuration":1222388,"mEndTime":65912886,"mStartTime":64690498,"mType":1001}],"mAdaptiveGoal":0,"mIsGoalAchieved":true,"mIsMostActiveAchieved":false,"mMostActiveMinutes":159,"mStreakDayCount":0,"mUnitDataList":[{"distance":11.43,"mCalorie":0.69,"mOthersTime":0,"mRunTime":0,"mStartTime":9600000,"mTimeUnit":600000,"mWalkTime":8671,"runStep":0,"walkStep":13},{"distance":16.98,"mCalorie":0.73,"mOthersTime":0,"mRunTime":400,"mStartTime":15000000,"mTimeUnit":600000,"mWalkTime":13340,"runStep":1,"walkStep":20},{"distance":14.496,"mCalorie":1.1,"mOthersTime":0,"mRunTime":2000,"mStartTime":15600000,"mTimeUnit":600000,"mWalkTime":7337,"runStep":5,"walkStep":11},{"distance":117.44701,"mCalorie":5.54,"mOthersTime":0,"mRunTime":0,"mStartTime":19800000,"mTimeUnit":600000,"mWalkTime":102718,"runStep":0,"walkStep":154},{"distance":40.335,"mCalorie":1.83,"mOthersTime":0,"mRunTime":0,"mStartTime":21000000,"mTimeUnit":600000,"mWalkTime":34684,"runStep":0,"walkStep":52},{"distance":65.740005,"mCalorie":3.53,"mOthersTime":0,"mRunTime":2400,"mStartTime":33600000,"mTimeUnit":600000,"mWalkTime":52026,"runStep":6,"walkStep":78},{"distance":32.015,"mCalorie":1.6700001,"mOthersTime":0,"mRunTime":0,"mStartTime":34200000,"mTimeUnit":600000,"mWalkTime":30682,"runStep":0,"walkStep":46},{"distance":7.52,"mCalorie":0.37,"mOthersTime":0,"mRunTime":0,"mStartTime":34800000,"mTimeUnit":600000,"mWalkTime":6670,"runStep":0,"walkStep":10},{"distance":31.34,"mCalorie":1.66,"mOthersTime":0,"mRunTime":0,"mStartTime":35400000,"mTimeUnit":600000,"mWalkTime":29348,"runStep":0,"walkStep":44},{"distance":5.17,"mCalorie":0.25,"mOthersTime":0,"mRunTime":0,"mStartTime":36000000,"mTimeUnit":600000,"mWalkTime":4669,"runStep":0,"walkStep":7},{"distance":427.96143,"mCalorie":34.21853,"mOthersTime":0,"mRunTime":0,"mStartTime":37200000,"mTimeUnit":600000,"mWalkTime":351094,"runStep":0,"walkStep":541},{"distance":736.68475,"mCalorie":62.89446,"mOthersTime":0,"mRunTime":0,"mStartTime":37800000,"mTimeUnit":600000,"mWalkTime":600000,"runStep":0,"walkStep":1113},{"distance":418.22617,"mCalorie":35.523895,"mOthersTime":0,"mRunTime":0,"mStartTime":38400000,"mTimeUnit":600000,"mWalkTime":341804,"runStep":0,"walkStep":468},{"distance":240.55927,"mCalorie":20.445686,"mOthersTime":0,"mRunTime":0,"mStartTime":39000000,"mTimeUnit":600000,"mWalkTime":214193,"runStep":0,"walkStep":283},{"distance":687.2114,"mCalorie":68.9105,"mOthersTime":0,"mRunTime":0,"mStartTime":39600000,"mTimeUnit":600000,"mWalkTime":600000,"runStep":0,"walkStep":1011},{"distance":687.2114,"mCalorie":68.9105,"mOthersTime":0,"mRunTime":0,"mStartTime":40200000,"mTimeUnit":600000,"mWalkTime":600000,"runStep":0,"walkStep":986},{"distance":112.25485,"mCalorie":11.146069,"mOthersTime":0,"mRunTime":0,"mStartTime":40800000,"mTimeUnit":600000,"mWalkTime":98070,"runStep":2,"walkStep":89},{"distance":244.45001,"mCalorie":11.04,"mOthersTime":0,"mRunTime":0,"mStartTime":41400000,"mTimeUnit":600000,"mWalkTime":189368,"runStep":0,"walkStep":324},{"distance":122.86,"mCalorie":6.42,"mOthersTime":0,"mRunTime":0,"mStartTime":42000000,"mTimeUnit":600000,"mWalkTime":110692,"runStep":0,"walkStep":168},{"distance":267.35,"mCalorie":11.950001,"mOthersTime":0,"mRunTime":0,"mStartTime":42600000,"mTimeUnit":600000,"mWalkTime":198009,"runStep":0,"walkStep":349},{"distance":56.18,"mCalorie":2.8799999,"mOthersTime":0,"mRunTime":0,"mStartTime":43800000,"mTimeUnit":600000,"mWalkTime":52693,"runStep":0,"walkStep":79},{"distance":38.84,"mCalorie":1.97,"mOthersTime":0,"mRunTime":0,"mStartTime":44400000,"mTimeUnit":600000,"mWalkTime":35351,"runStep":0,"walkStep":53},{"distance":11.15,"mCalorie":0.57,"mOthersTime":0,"mRunTime":0,"mStartTime":45600000,"mTimeUnit":600000,"mWalkTime":10005,"runStep":0,"walkStep":15},{"distance":24.26,"mCalorie":1.24,"mOthersTime":0,"mRunTime":0,"mStartTime":47400000,"mTimeUnit":600000,"mWalkTime":22011,"runStep":0,"walkStep":33},{"distance":76.91,"mCalorie":4.25,"mOthersTime":0,"mRunTime":0,"mStartTime":49200000,"mTimeUnit":600000,"mWalkTime":77372,"runStep":0,"walkStep":116},{"distance":30.78,"mCalorie":1.6099999,"mOthersTime":0,"mRunTime":0,"mStartTime":49800000,"mTimeUnit":600000,"mWalkTime":28681,"runStep":0,"walkStep":43},{"distance":106.47001,"mCalorie":5.49,"mOthersTime":0,"mRunTime":0,"mStartTime":50400000,"mTimeUnit":600000,"mWalkTime":98049,"runStep":0,"walkStep":147},{"distance":161.57,"mCalorie":8.72,"mOthersTime":0,"mRunTime":0,"mStartTime":51000000,"mTimeUnit":600000,"mWalkTime":144679,"runStep":0,"walkStep":227},{"distance":50.77,"mCalorie":2.69,"mOthersTime":0,"mRunTime":0,"mStartTime":51600000,"mTimeUnit":600000,"mWalkTime":47357,"runStep":0,"walkStep":71},{"distance":64.770004,"mCalorie":3.33,"mOthersTime":0,"mRunTime":0,"mStartTime":52200000,"mTimeUnit":600000,"mWalkTime":57362,"runStep":0,"walkStep":86},{"distance":25.01,"mCalorie":1.45,"mOthersTime":0,"mRunTime":0,"mStartTime":53400000,"mTimeUnit":600000,"mWalkTime":24012,"runStep":0,"walkStep":36},{"distance":51.03,"mCalorie":2.53,"mOthersTime":0,"mRunTime":0,"mStartTime":54000000,"mTimeUnit":600000,"mWalkTime":46023,"runStep":0,"walkStep":69},{"distance":13.84,"mCalorie":0.66,"mOthersTime":0,"mRunTime":0,"mStartTime":54600000,"mTimeUnit":600000,"mWalkTime":12673,"runStep":0,"walkStep":19},{"distance":74.8,"mCalorie":3.89,"mOthersTime":0,"mRunTime":0,"mStartTime":55200000,"mTimeUnit":600000,"mWalkTime":68701,"runStep":0,"walkStep":103},{"distance":79.439995,"mCalorie":3.69,"mOthersTime":0,"mRunTime":0,"mStartTime":55800000,"mTimeUnit":600000,"mWalkTime":70702,"runStep":0,"walkStep":106},{"distance":49.975998,"mCalorie":2.839,"mOthersTime":0,"mRunTime":4400,"mStartTime":56400000,"mTimeUnit":600000,"mWalkTime":34017,"runStep":11,"walkStep":51},{"distance":17.37,"mCalorie":0.96000004,"mOthersTime":0,"mRunTime":0,"mStartTime":57000000,"mTimeUnit":600000,"mWalkTime":16675,"runStep":0,"walkStep":25},{"distance":175.98999,"mCalorie":8.11,"mOthersTime":0,"mRunTime":0,"mStartTime":57600000,"mTimeUnit":600000,"mWalkTime":154744,"runStep":0,"walkStep":232},{"distance":258.123,"mCalorie":11.979999,"mOthersTime":0,"mRunTime":0,"mStartTime":58200000,"mTimeUnit":600000,"mWalkTime":226113,"runStep":0,"walkStep":339},{"distance":119.86,"mCalorie":5.88,"mOthersTime":0,"mRunTime":2400,"mStartTime":58800000,"mTimeUnit":600000,"mWalkTime":95381,"runStep":6,"walkStep":143},{"distance":294.08304,"mCalorie":14.649999,"mOthersTime":0,"mRunTime":0,"mStartTime":59400000,"mTimeUnit":600000,"mWalkTime":255401,"runStep":0,"walkStep":397},{"distance":29.86,"mCalorie":1.53,"mOthersTime":0,"mRunTime":0,"mStartTime":60000000,"mTimeUnit":600000,"mWalkTime":27347,"runStep":0,"walkStep":41},{"distance":102.31999,"mCalorie":5.6599994,"mOthersTime":0,"mRunTime":2400,"mStartTime":60600000,"mTimeUnit":600000,"mWalkTime":88711,"runStep":6,"walkStep":133},{"distance":25.744,"mCalorie":1.23,"mOthersTime":0,"mRunTime":0,"mStartTime":61800000,"mTimeUnit":600000,"mWalkTime":23345,"runStep":0,"walkStep":35},{"distance":62.11,"mCalorie":3.2200003,"mOthersTime":0,"mRunTime":0,"mStartTime":63000000,"mTimeUnit":600000,"mWalkTime":56695,"runStep":0,"walkStep":85},{"distance":229.23001,"mCalorie":12.92,"mOthersTime":0,"mRunTime":0,"mStartTime":63600000,"mTimeUnit":600000,"mWalkTime":221414,"runStep":0,"walkStep":335},{"distance":486.26672,"mCalorie":31.064655,"mOthersTime":0,"mRunTime":6630,"mStartTime":64200000,"mTimeUnit":600000,"mWalkTime":371641,"runStep":24,"walkStep":590},{"distance":635.0844,"mCalorie":67.24542,"mOthersTime":0,"mRunTime":0,"mStartTime":64800000,"mTimeUnit":600000,"mWalkTime":600000,"runStep":0,"walkStep":1058},{"distance":577.1672,"mCalorie":59.085686,"mOthersTime":0,"mRunTime":0,"mStartTime":65400000,"mTimeUnit":600000,"mWalkTime":543080,"runStep":0,"walkStep":625},{"distance":14.62,"mCalorie":0.75,"mOthersTime":0,"mRunTime":0,"mStartTime":66000000,"mTimeUnit":600000,"mWalkTime":13340,"runStep":0,"walkStep":20},{"distance":108.21,"mCalorie":5.6499996,"mOthersTime":0,"mRunTime":0,"mStartTime":66600000,"mTimeUnit":600000,"mWalkTime":97382,"runStep":0,"walkStep":146},{"distance":45.59,"mCalorie":2.48,"mOthersTime":0,"mRunTime":0,"mStartTime":67200000,"mTimeUnit":600000,"mWalkTime":42021,"runStep":0,"walkStep":63},{"distance":28.83,"mCalorie":1.5899999,"mOthersTime":0,"mRunTime":0,"mStartTime":72000000,"mTimeUnit":600000,"mWalkTime":27347,"runStep":0,"walkStep":41},{"distance":57.58,"mCalorie":3.1799998,"mOthersTime":0,"mRunTime":0,"mStartTime":73200000,"mTimeUnit":600000,"mWalkTime":54694,"runStep":0,"walkStep":82},{"distance":22.28,"mCalorie":0.96,"mOthersTime":0,"mRunTime":0,"mStartTime":74400000,"mTimeUnit":600000,"mWalkTime":18676,"runStep":0,"walkStep":28},{"distance":10.18,"mCalorie":0.59,"mOthersTime":0,"mRunTime":0,"mStartTime":75600000,"mTimeUnit":600000,"mWalkTime":10005,"runStep":0,"walkStep":15},{"distance":6.86,"mCalorie":0.25,"mOthersTime":0,"mRunTime":0,"mStartTime":76200000,"mTimeUnit":600000,"mWalkTime":6003,"runStep":0,"walkStep":9},{"distance":44.65,"mCalorie":2.52,"mOthersTime":0,"mRunTime":1200,"mStartTime":78600000,"mTimeUnit":600000,"mWalkTime":36685,"runStep":3,"walkStep":55},{"distance":18.65,"mCalorie":0.96,"mOthersTime":0,"mRunTime":0,"mStartTime":79200000,"mTimeUnit":600000,"mWalkTime":17342,"runStep":0,"walkStep":26},{"distance":59.45,"mCalorie":3.2,"mOthersTime":0,"mRunTime":0,"mStartTime":80400000,"mTimeUnit":600000,"mWalkTime":54694,"runStep":0,"walkStep":82},{"distance":78.805,"mCalorie":4.86,"mOthersTime":0,"mRunTime":7600,"mStartTime":81600000,"mTimeUnit":600000,"mWalkTime":51359,"runStep":19,"walkStep":77},{"distance":170.929,"mCalorie":9.82,"mOthersTime":0,"mRunTime":16400,"mStartTime":82200000,"mTimeUnit":600000,"mWalkTime":114724,"runStep":41,"walkStep":172},{"distance":8.24,"mCalorie":0.5,"mOthersTime":0,"mRunTime":0,"mStartTime":82800000,"mTimeUnit":600000,"mWalkTime":8004,"runStep":0,"walkStep":12}],"version":1}