{"mAdaptiveGoal":0,"mIsGoalAchieved":false,"mIsMostActiveAchieved":false,"mMostActiveMinutes":0,"mStreakDayCount":0,"mUnitDataList":[{"distance":10.49,"mCalorie":0.41,"mOthersTime":0,"mRunTime":0,"mStartTime":14400000,"mTimeUnit":600000,"mWalkTime":8671,"runStep":0,"walkStep":13},{"distance":22.119999,"mCalorie":1.1,"mOthersTime":0,"mRunTime":0,"mStartTime":22800000,"mTimeUnit":600000,"mWalkTime":20677,"runStep":0,"walkStep":31},{"distance":10.48,"mCalorie":0.37,"mOthersTime":0,"mRunTime":0,"mStartTime":23400000,"mTimeUnit":600000,"mWalkTime":8671,"runStep":0,"walkStep":13},{"distance":31.11,"mCalorie":1.51,"mOthersTime":0,"mRunTime":0,"mStartTime":24600000,"mTimeUnit":600000,"mWalkTime":28014,"runStep":0,"walkStep":42},{"distance":31.829998,"mCalorie":1.49,"mOthersTime":0,"mRunTime":0,"mStartTime":33600000,"mTimeUnit":600000,"mWalkTime":28681,"runStep":0,"walkStep":43},{"distance":50.65,"mCalorie":2.81,"mOthersTime":0,"mRunTime":2000,"mStartTime":34200000,"mTimeUnit":600000,"mWalkTime":38686,"runStep":5,"walkStep":58},{"distance":9.7,"mCalorie":0.37,"mOthersTime":0,"mRunTime":0,"mStartTime":35400000,"mTimeUnit":600000,"mWalkTime":8004,"runStep":0,"walkStep":12},{"distance":7.39,"mCalorie":0.34,"mOthersTime":0,"mRunTime":0,"mStartTime":36600000,"mTimeUnit":600000,"mWalkTime":6670,"runStep":0,"walkStep":10},{"distance":7.48,"mCalorie":0.45,"mOthersTime":0,"mRunTime":0,"mStartTime":40200000,"mTimeUnit":600000,"mWalkTime":7337,"runStep":0,"walkStep":11},{"distance":20.2,"mCalorie":0.99,"mOthersTime":0,"mRunTime":0,"mStartTime":42000000,"mTimeUnit":600000,"mWalkTime":18009,"runStep":0,"walkStep":27},{"distance":24.529999,"mCalorie":1.2,"mOthersTime":0,"mRunTime":0,"mStartTime":42600000,"mTimeUnit":600000,"mWalkTime":22011,"runStep":0,"walkStep":33},{"distance":67.44,"mCalorie":3.68,"mOthersTime":0,"mRunTime":2800,"mStartTime":43200000,"mTimeUnit":600000,"mWalkTime":56028,"runStep":7,"walkStep":84},{"distance":17.23,"mCalorie":0.86,"mOthersTime":0,"mRunTime":0,"mStartTime":43800000,"mTimeUnit":600000,"mWalkTime":16008,"runStep":0,"walkStep":24},{"distance":9.08,"mCalorie":0.43,"mOthersTime":0,"mRunTime":0,"mStartTime":47400000,"mTimeUnit":600000,"mWalkTime":8004,"runStep":0,"walkStep":12},{"distance":14.38,"mCalorie":0.9,"mOthersTime":0,"mRunTime":2000,"mStartTime":48000000,"mTimeUnit":600000,"mWalkTime":7337,"runStep":5,"walkStep":11},{"distance":29.74,"mCalorie":1.69,"mOthersTime":0,"mRunTime":2400,"mStartTime":51600000,"mTimeUnit":600000,"mWalkTime":22011,"runStep":6,"walkStep":33},{"distance":27.73,"mCalorie":1.3599999,"mOthersTime":0,"mRunTime":0,"mStartTime":52200000,"mTimeUnit":600000,"mWalkTime":22011,"runStep":0,"walkStep":33},{"distance":7.48,"mCalorie":0.56,"mOthersTime":0,"mRunTime":0,"mStartTime":52800000,"mTimeUnit":600000,"mWalkTime":7337,"runStep":0,"walkStep":11},{"distance":10.14,"mCalorie":0.51,"mOthersTime":0,"mRunTime":400,"mStartTime":60000000,"mTimeUnit":600000,"mWalkTime":6670,"runStep":1,"walkStep":10},{"distance":59.19,"mCalorie":3.9499998,"mOthersTime":0,"mRunTime":7600,"mStartTime":60600000,"mTimeUnit":600000,"mWalkTime":28681,"runStep":19,"walkStep":43},{"distance":12.29,"mCalorie":0.51,"mOthersTime":0,"mRunTime":0,"mStartTime":61800000,"mTimeUnit":600000,"mWalkTime":9338,"runStep":0,"walkStep":14},{"distance":10.34,"mCalorie":0.57,"mOthersTime":0,"mRunTime":0,"mStartTime":78000000,"mTimeUnit":600000,"mWalkTime":10005,"runStep":0,"walkStep":15}],"version":1}