{"mActivityList":[{"mActiveTime":800150,"mActiveTimeType":2,"mCalorie":75.0,"mCategory":204,"mDetailInfoId":"f09acdd9-1c42-b4de-511e-b85746828ed9","mDistance":0.0,"mDuration":800150,"mEndTime":42153651,"mStartTime":41353501,"mType":0},{"mActiveTime":608160,"mActiveTimeType":2,"mCalorie":65.73,"mCategory":204,"mDetailInfoId":"99f2328e-6b8d-dda3-ebd7-ac9bcab67baa","mDistance":0.0,"mDuration":608160,"mEndTime":72029342,"mStartTime":71421182,"mType":11007}],"mAdaptiveGoal":0,"mIsGoalAchieved":false,"mIsMostActiveAchieved":false,"mMostActiveMinutes":0,"mStreakDayCount":0,"mUnitDataList":[{"distance":91.380005,"mCalorie":5.63,"mOthersTime":0,"mRunTime":18800,"mStartTime":17400000,"mTimeUnit":600000,"mWalkTime":40020,"runStep":47,"walkStep":60},{"distance":56.370003,"mCalorie":2.67,"mOthersTime":0,"mRunTime":0,"mStartTime":18000000,"mTimeUnit":600000,"mWalkTime":49358,"runStep":0,"walkStep":74},{"distance":114.47,"mCalorie":6.08,"mOthersTime":0,"mRunTime":0,"mStartTime":20400000,"mTimeUnit":600000,"mWalkTime":100020,"runStep":0,"walkStep":171},{"distance":249.73,"mCalorie":13.469998,"mOthersTime":0,"mRunTime":0,"mStartTime":21000000,"mTimeUnit":600000,"mWalkTime":207377,"runStep":0,"walkStep":343},{"distance":27.249994,"mCalorie":1.3400003,"mOthersTime":0,"mRunTime":0,"mStartTime":21600000,"mTimeUnit":600000,"mWalkTime":24679,"runStep":0,"walkStep":37},{"distance":97.189995,"mCalorie":4.5,"mOthersTime":0,"mRunTime":0,"mStartTime":22200000,"mTimeUnit":600000,"mWalkTime":87377,"runStep":0,"walkStep":131},{"distance":47.36,"mCalorie":2.51,"mOthersTime":0,"mRunTime":0,"mStartTime":22800000,"mTimeUnit":600000,"mWalkTime":44022,"runStep":0,"walkStep":66},{"distance":606.79987,"mCalorie":37.43999,"mOthersTime":0,"mRunTime":0,"mStartTime":23400000,"mTimeUnit":600000,"mWalkTime":530025,"runStep":0,"walkStep":886},{"distance":8.12,"mCalorie":0.54,"mOthersTime":0,"mRunTime":0,"mStartTime":25800000,"mTimeUnit":600000,"mWalkTime":8004,"runStep":0,"walkStep":12},{"distance":12.34,"mCalorie":0.62,"mOthersTime":0,"mRunTime":0,"mStartTime":26400000,"mTimeUnit":600000,"mWalkTime":11339,"runStep":0,"walkStep":17},{"distance":71.41,"mCalorie":3.6000001,"mOthersTime":0,"mRunTime":1200,"mStartTime":27000000,"mTimeUnit":600000,"mWalkTime":60697,"runStep":3,"walkStep":91},{"distance":56.68,"mCalorie":2.79,"mOthersTime":0,"mRunTime":0,"mStartTime":27600000,"mTimeUnit":600000,"mWalkTime":51359,"runStep":0,"walkStep":77},{"distance":24.43,"mCalorie":1.52,"mOthersTime":0,"mRunTime":2800,"mStartTime":33600000,"mTimeUnit":600000,"mWalkTime":14674,"runStep":7,"walkStep":22},{"distance":17.48,"mCalorie":0.76,"mOthersTime":0,"mRunTime":0,"mStartTime":35400000,"mTimeUnit":600000,"mWalkTime":16008,"runStep":0,"walkStep":24},{"distance":17.09,"mCalorie":0.8,"mOthersTime":0,"mRunTime":0,"mStartTime":36000000,"mTimeUnit":600000,"mWalkTime":15341,"runStep":0,"walkStep":23},{"distance":64.34,"mCalorie":3.4100003,"mOthersTime":0,"mRunTime":2800,"mStartTime":36600000,"mTimeUnit":600000,"mWalkTime":51359,"runStep":7,"walkStep":77},{"distance":68.520004,"mCalorie":3.52,"mOthersTime":0,"mRunTime":1200,"mStartTime":37200000,"mTimeUnit":600000,"mWalkTime":55361,"runStep":3,"walkStep":83},{"distance":85.9,"mCalorie":4.6099997,"mOthersTime":0,"mRunTime":2000,"mStartTime":37800000,"mTimeUnit":600000,"mWalkTime":70702,"runStep":5,"walkStep":106},{"distance":64.090004,"mCalorie":3.34,"mOthersTime":0,"mRunTime":1200,"mStartTime":38400000,"mTimeUnit":600000,"mWalkTime":53360,"runStep":3,"walkStep":80},{"distance":34.78,"mCalorie":1.8700001,"mOthersTime":0,"mRunTime":2400,"mStartTime":39000000,"mTimeUnit":600000,"mWalkTime":26013,"runStep":6,"walkStep":39},{"distance":30.5,"mCalorie":1.5600001,"mOthersTime":0,"mRunTime":0,"mStartTime":39600000,"mTimeUnit":600000,"mWalkTime":28014,"runStep":0,"walkStep":42},{"distance":76.04,"mCalorie":3.79,"mOthersTime":0,"mRunTime":5600,"mStartTime":40200000,"mTimeUnit":600000,"mWalkTime":55361,"runStep":14,"walkStep":83},{"distance":80.0,"mCalorie":8.498465,"mOthersTime":46499,"mRunTime":1600,"mStartTime":40800000,"mTimeUnit":600000,"mWalkTime":68701,"runStep":4,"walkStep":103},{"distance":0.0,"mCalorie":56.239456,"mOthersTime":600000,"mRunTime":0,"mStartTime":41400000,"mTimeUnit":600000,"mWalkTime":0,"runStep":16,"walkStep":104},{"distance":96.71062,"mCalorie":19.711494,"mOthersTime":153651,"mRunTime":0,"mStartTime":42000000,"mTimeUnit":600000,"mWalkTime":97205,"runStep":0,"walkStep":192},{"distance":105.42,"mCalorie":5.35,"mOthersTime":0,"mRunTime":0,"mStartTime":42600000,"mTimeUnit":600000,"mWalkTime":95381,"runStep":0,"walkStep":143},{"distance":335.21002,"mCalorie":17.029999,"mOthersTime":0,"mRunTime":0,"mStartTime":43200000,"mTimeUnit":600000,"mWalkTime":279413,"runStep":0,"walkStep":453},{"distance":27.18,"mCalorie":1.42,"mOthersTime":0,"mRunTime":0,"mStartTime":43800000,"mTimeUnit":600000,"mWalkTime":24679,"runStep":0,"walkStep":37},{"distance":133.48999,"mCalorie":6.89,"mOthersTime":0,"mRunTime":0,"mStartTime":45000000,"mTimeUnit":600000,"mWalkTime":120727,"runStep":0,"walkStep":181},{"distance":334.32996,"mCalorie":17.33,"mOthersTime":0,"mRunTime":0,"mStartTime":45600000,"mTimeUnit":600000,"mWalkTime":264012,"runStep":0,"walkStep":452},{"distance":86.15,"mCalorie":4.56,"mOthersTime":0,"mRunTime":0,"mStartTime":46200000,"mTimeUnit":600000,"mWalkTime":78039,"runStep":0,"walkStep":117},{"distance":277.07,"mCalorie":14.25,"mOthersTime":0,"mRunTime":0,"mStartTime":46800000,"mTimeUnit":600000,"mWalkTime":227387,"runStep":0,"walkStep":370},{"distance":157.08998,"mCalorie":8.279999,"mOthersTime":0,"mRunTime":0,"mStartTime":47400000,"mTimeUnit":600000,"mWalkTime":142708,"runStep":0,"walkStep":216},{"distance":30.550001,"mCalorie":1.55,"mOthersTime":0,"mRunTime":0,"mStartTime":48000000,"mTimeUnit":600000,"mWalkTime":28014,"runStep":0,"walkStep":42},{"distance":117.90001,"mCalorie":5.86,"mOthersTime":0,"mRunTime":0,"mStartTime":49800000,"mTimeUnit":600000,"mWalkTime":107387,"runStep":0,"walkStep":161},{"distance":273.33002,"mCalorie":13.259998,"mOthersTime":0,"mRunTime":0,"mStartTime":50400000,"mTimeUnit":600000,"mWalkTime":240090,"runStep":0,"walkStep":369},{"distance":89.020004,"mCalorie":4.41,"mOthersTime":0,"mRunTime":0,"mStartTime":51000000,"mTimeUnit":600000,"mWalkTime":82041,"runStep":0,"walkStep":123},{"distance":175.51,"mCalorie":10.07,"mOthersTime":0,"mRunTime":0,"mStartTime":51600000,"mTimeUnit":600000,"mWalkTime":172753,"runStep":0,"walkStep":259},{"distance":17.01,"mCalorie":0.83,"mOthersTime":0,"mRunTime":0,"mStartTime":52200000,"mTimeUnit":600000,"mWalkTime":15341,"runStep":0,"walkStep":23},{"distance":81.16,"mCalorie":4.33,"mOthersTime":0,"mRunTime":400,"mStartTime":52800000,"mTimeUnit":600000,"mWalkTime":71369,"runStep":1,"walkStep":107},{"distance":23.810001,"mCalorie":1.27,"mOthersTime":0,"mRunTime":0,"mStartTime":55800000,"mTimeUnit":600000,"mWalkTime":22678,"runStep":0,"walkStep":34},{"distance":71.12,"mCalorie":3.6499999,"mOthersTime":0,"mRunTime":1600,"mStartTime":57000000,"mTimeUnit":600000,"mWalkTime":59363,"runStep":4,"walkStep":89},{"distance":22.55,"mCalorie":1.4399999,"mOthersTime":0,"mRunTime":0,"mStartTime":57600000,"mTimeUnit":600000,"mWalkTime":22011,"runStep":0,"walkStep":33},{"distance":53.480003,"mCalorie":2.69,"mOthersTime":0,"mRunTime":0,"mStartTime":58200000,"mTimeUnit":600000,"mWalkTime":47357,"runStep":0,"walkStep":71},{"distance":42.1,"mCalorie":1.9300001,"mOthersTime":0,"mRunTime":0,"mStartTime":58800000,"mTimeUnit":600000,"mWalkTime":34684,"runStep":0,"walkStep":52},{"distance":35.83,"mCalorie":1.7600001,"mOthersTime":0,"mRunTime":400,"mStartTime":59400000,"mTimeUnit":600000,"mWalkTime":28681,"runStep":1,"walkStep":43},{"distance":51.809998,"mCalorie":2.8999999,"mOthersTime":0,"mRunTime":2800,"mStartTime":60000000,"mTimeUnit":600000,"mWalkTime":40687,"runStep":7,"walkStep":61},{"distance":95.79,"mCalorie":4.66,"mOthersTime":0,"mRunTime":0,"mStartTime":60600000,"mTimeUnit":600000,"mWalkTime":86710,"runStep":0,"walkStep":130},{"distance":46.67,"mCalorie":2.37,"mOthersTime":0,"mRunTime":0,"mStartTime":61200000,"mTimeUnit":600000,"mWalkTime":42688,"runStep":0,"walkStep":64},{"distance":258.27,"mCalorie":17.01,"mOthersTime":0,"mRunTime":4400,"mStartTime":61800000,"mTimeUnit":600000,"mWalkTime":231449,"runStep":11,"walkStep":347},{"distance":64.880005,"mCalorie":3.45,"mOthersTime":0,"mRunTime":400,"mStartTime":62400000,"mTimeUnit":600000,"mWalkTime":56695,"runStep":1,"walkStep":85},{"distance":93.01,"mCalorie":4.42,"mOthersTime":0,"mRunTime":0,"mStartTime":63000000,"mTimeUnit":600000,"mWalkTime":82708,"runStep":0,"walkStep":124},{"distance":97.61,"mCalorie":5.12,"mOthersTime":0,"mRunTime":0,"mStartTime":64200000,"mTimeUnit":600000,"mWalkTime":89378,"runStep":0,"walkStep":134},{"distance":181.87001,"mCalorie":10.64,"mOthersTime":0,"mRunTime":0,"mStartTime":64800000,"mTimeUnit":600000,"mWalkTime":172086,"runStep":0,"walkStep":258},{"distance":19.02,"mCalorie":0.91999996,"mOthersTime":0,"mRunTime":0,"mStartTime":66600000,"mTimeUnit":600000,"mWalkTime":14674,"runStep":0,"walkStep":22},{"distance":23.85,"mCalorie":0.93,"mOthersTime":0,"mRunTime":0,"mStartTime":67200000,"mTimeUnit":600000,"mWalkTime":20010,"runStep":0,"walkStep":30},{"distance":7.28,"mCalorie":0.32,"mOthersTime":0,"mRunTime":0,"mStartTime":67800000,"mTimeUnit":600000,"mWalkTime":6670,"runStep":0,"walkStep":10},{"distance":8.81,"mCalorie":0.54,"mOthersTime":0,"mRunTime":0,"mStartTime":68400000,"mTimeUnit":600000,"mWalkTime":8671,"runStep":0,"walkStep":13},{"distance":7.7,"mCalorie":0.34,"mOthersTime":0,"mRunTime":0,"mStartTime":69000000,"mTimeUnit":600000,"mWalkTime":6670,"runStep":0,"walkStep":10},{"distance":45.46,"mCalorie":2.03,"mOthersTime":0,"mRunTime":0,"mStartTime":69600000,"mTimeUnit":600000,"mWalkTime":40687,"runStep":0,"walkStep":61},{"distance":9.02,"mCalorie":0.36,"mOthersTime":0,"mRunTime":0,"mStartTime":70200000,"mTimeUnit":600000,"mWalkTime":7337,"runStep":0,"walkStep":11},{"distance":161.21,"mCalorie":8.05,"mOthersTime":0,"mRunTime":0,"mStartTime":70800000,"mTimeUnit":600000,"mWalkTime":147407,"runStep":0,"walkStep":221},{"distance":8.511634,"mCalorie":63.144753,"mOthersTime":578818,"mRunTime":988,"mStartTime":71400000,"mTimeUnit":600000,"mWalkTime":3532,"runStep":7,"walkStep":32},{"distance":121.60074,"mCalorie":9.127298,"mOthersTime":29342,"mRunTime":204,"mStartTime":72000000,"mTimeUnit":600000,"mWalkTime":104495,"runStep":1,"walkStep":164},{"distance":18.18,"mCalorie":0.76,"mOthersTime":0,"mRunTime":0,"mStartTime":73200000,"mTimeUnit":600000,"mWalkTime":15341,"runStep":0,"walkStep":23},{"distance":181.151,"mCalorie":8.62,"mOthersTime":0,"mRunTime":1200,"mStartTime":73800000,"mTimeUnit":600000,"mWalkTime":159413,"runStep":3,"walkStep":239},{"distance":209.45,"mCalorie":11.000001,"mOthersTime":0,"mRunTime":0,"mStartTime":74400000,"mTimeUnit":600000,"mWalkTime":192763,"runStep":0,"walkStep":289},{"distance":48.010002,"mCalorie":2.55,"mOthersTime":0,"mRunTime":0,"mStartTime":75000000,"mTimeUnit":600000,"mWalkTime":44022,"runStep":0,"walkStep":66},{"distance":146.43,"mCalorie":7.33,"mOthersTime":0,"mRunTime":0,"mStartTime":76800000,"mTimeUnit":600000,"mWalkTime":132733,"runStep":0,"walkStep":199},{"distance":220.41002,"mCalorie":12.009999,"mOthersTime":0,"mRunTime":0,"mStartTime":77400000,"mTimeUnit":600000,"mWalkTime":206103,"runStep":0,"walkStep":309},{"distance":21.880001,"mCalorie":1.09,"mOthersTime":0,"mRunTime":0,"mStartTime":78600000,"mTimeUnit":600000,"mWalkTime":20010,"runStep":0,"walkStep":30},{"distance":18.24,"mCalorie":0.93999994,"mOthersTime":0,"mRunTime":0,"mStartTime":79200000,"mTimeUnit":600000,"mWalkTime":16008,"runStep":0,"walkStep":24},{"distance":127.869,"mCalorie":6.45,"mOthersTime":0,"mRunTime":0,"mStartTime":79800000,"mTimeUnit":600000,"mWalkTime":122061,"runStep":0,"walkStep":183},{"distance":226.12,"mCalorie":11.58,"mOthersTime":0,"mRunTime":0,"mStartTime":80400000,"mTimeUnit":600000,"mWalkTime":202708,"runStep":0,"walkStep":325},{"distance":201.01999,"mCalorie":9.36,"mOthersTime":0,"mRunTime":0,"mStartTime":81000000,"mTimeUnit":600000,"mWalkTime":165356,"runStep":0,"walkStep":273},{"distance":226.54999,"mCalorie":11.15,"mOthersTime":0,"mRunTime":0,"mStartTime":82800000,"mTimeUnit":600000,"mWalkTime":191339,"runStep":0,"walkStep":311},{"distance":198.93,"mCalorie":10.139999,"mOthersTime":0,"mRunTime":0,"mStartTime":83400000,"mTimeUnit":600000,"mWalkTime":172693,"runStep":0,"walkStep":285},{"distance":45.92,"mCalorie":2.17,"mOthersTime":0,"mRunTime":0,"mStartTime":84000000,"mTimeUnit":600000,"mWalkTime":40687,"runStep":0,"walkStep":61},{"distance":7.3,"mCalorie":0.34,"mOthersTime":0,"mRunTime":0,"mStartTime":84600000,"mTimeUnit":600000,"mWalkTime":6670,"runStep":0,"walkStep":10}],"version":1}