{"mAdaptiveGoal":0,"mIsGoalAchieved":false,"mIsMostActiveAchieved":false,"mMostActiveMinutes":0,"mStreakDayCount":0,"mUnitDataList":[{"distance":17.14,"mCalorie":0.85,"mOthersTime":0,"mRunTime":0,"mStartTime":0,"mTimeUnit":600000,"mWalkTime":16008,"runStep":0,"walkStep":24},{"distance":7.49,"mCalorie":0.4,"mOthersTime":0,"mRunTime":0,"mStartTime":16800000,"mTimeUnit":600000,"mWalkTime":6670,"runStep":0,"walkStep":10},{"distance":13.59,"mCalorie":0.87,"mOthersTime":0,"mRunTime":1600,"mStartTime":17400000,"mTimeUnit":600000,"mWalkTime":6670,"runStep":4,"walkStep":10},{"distance":8.82,"mCalorie":0.34,"mOthersTime":0,"mRunTime":0,"mStartTime":22800000,"mTimeUnit":600000,"mWalkTime":7337,"runStep":0,"walkStep":11},{"distance":30.699999,"mCalorie":1.37,"mOthersTime":0,"mRunTime":0,"mStartTime":24000000,"mTimeUnit":600000,"mWalkTime":27347,"runStep":0,"walkStep":41},{"distance":24.34,"mCalorie":1.25,"mOthersTime":0,"mRunTime":0,"mStartTime":24600000,"mTimeUnit":600000,"mWalkTime":21344,"runStep":0,"walkStep":32},{"distance":159.47,"mCalorie":7.8999996,"mOthersTime":0,"mRunTime":0,"mStartTime":25200000,"mTimeUnit":600000,"mWalkTime":144042,"runStep":0,"walkStep":229},{"distance":23.22,"mCalorie":1.14,"mOthersTime":0,"mRunTime":0,"mStartTime":25800000,"mTimeUnit":600000,"mWalkTime":20677,"runStep":0,"walkStep":31},{"distance":178.73999,"mCalorie":8.800001,"mOthersTime":0,"mRunTime":0,"mStartTime":27600000,"mTimeUnit":600000,"mWalkTime":163415,"runStep":0,"walkStep":245},{"distance":26.11,"mCalorie":1.4599999,"mOthersTime":0,"mRunTime":0,"mStartTime":28200000,"mTimeUnit":600000,"mWalkTime":24679,"runStep":0,"walkStep":37},{"distance":33.67,"mCalorie":1.72,"mOthersTime":0,"mRunTime":0,"mStartTime":28800000,"mTimeUnit":600000,"mWalkTime":29348,"runStep":0,"walkStep":44},{"distance":23.42,"mCalorie":1.03,"mOthersTime":0,"mRunTime":0,"mStartTime":29400000,"mTimeUnit":600000,"mWalkTime":20010,"runStep":0,"walkStep":30},{"distance":56.45,"mCalorie":2.93,"mOthersTime":0,"mRunTime":1200,"mStartTime":30000000,"mTimeUnit":600000,"mWalkTime":48691,"runStep":3,"walkStep":73},{"distance":15.359999,"mCalorie":0.72,"mOthersTime":0,"mRunTime":0,"mStartTime":30600000,"mTimeUnit":600000,"mWalkTime":13340,"runStep":0,"walkStep":20},{"distance":118.22,"mCalorie":6.51,"mOthersTime":0,"mRunTime":0,"mStartTime":31200000,"mTimeUnit":600000,"mWalkTime":119393,"runStep":0,"walkStep":179},{"distance":28.11,"mCalorie":1.3499999,"mOthersTime":0,"mRunTime":0,"mStartTime":31800000,"mTimeUnit":600000,"mWalkTime":25346,"runStep":0,"walkStep":38},{"distance":8.51,"mCalorie":0.46,"mOthersTime":0,"mRunTime":0,"mStartTime":32400000,"mTimeUnit":600000,"mWalkTime":8004,"runStep":0,"walkStep":12},{"distance":8.85,"mCalorie":0.4,"mOthersTime":0,"mRunTime":0,"mStartTime":33000000,"mTimeUnit":600000,"mWalkTime":8004,"runStep":0,"walkStep":12},{"distance":30.07,"mCalorie":1.63,"mOthersTime":0,"mRunTime":0,"mStartTime":35400000,"mTimeUnit":600000,"mWalkTime":28014,"runStep":0,"walkStep":42},{"distance":51.379997,"mCalorie":2.7,"mOthersTime":0,"mRunTime":0,"mStartTime":36600000,"mTimeUnit":600000,"mWalkTime":47357,"runStep":0,"walkStep":71},{"distance":10.58,"mCalorie":0.47,"mOthersTime":0,"mRunTime":0,"mStartTime":38400000,"mTimeUnit":600000,"mWalkTime":9338,"runStep":0,"walkStep":14},{"distance":14.38,"mCalorie":0.58,"mOthersTime":0,"mRunTime":0,"mStartTime":39000000,"mTimeUnit":600000,"mWalkTime":12006,"runStep":0,"walkStep":18},{"distance":103.2,"mCalorie":5.6,"mOthersTime":0,"mRunTime":800,"mStartTime":40800000,"mTimeUnit":600000,"mWalkTime":91379,"runStep":2,"walkStep":137},{"distance":84.57,"mCalorie":4.4399996,"mOthersTime":0,"mRunTime":2000,"mStartTime":41400000,"mTimeUnit":600000,"mWalkTime":66033,"runStep":5,"walkStep":99},{"distance":17.2,"mCalorie":0.7,"mOthersTime":0,"mRunTime":0,"mStartTime":42000000,"mTimeUnit":600000,"mWalkTime":14674,"runStep":0,"walkStep":22},{"distance":110.979996,"mCalorie":5.6499996,"mOthersTime":0,"mRunTime":2400,"mStartTime":42600000,"mTimeUnit":600000,"mWalkTime":96715,"runStep":6,"walkStep":145},{"distance":81.35,"mCalorie":4.1800003,"mOthersTime":0,"mRunTime":0,"mStartTime":43200000,"mTimeUnit":600000,"mWalkTime":74037,"runStep":0,"walkStep":111},{"distance":170.25,"mCalorie":9.24,"mOthersTime":0,"mRunTime":0,"mStartTime":43800000,"mTimeUnit":600000,"mWalkTime":158079,"runStep":0,"walkStep":237},{"distance":14.58,"mCalorie":0.69,"mOthersTime":0,"mRunTime":0,"mStartTime":46200000,"mTimeUnit":600000,"mWalkTime":12673,"runStep":0,"walkStep":19},{"distance":323.90002,"mCalorie":16.83,"mOthersTime":0,"mRunTime":0,"mStartTime":46800000,"mTimeUnit":600000,"mWalkTime":284082,"runStep":0,"walkStep":444},{"distance":247.66,"mCalorie":12.81,"mOthersTime":0,"mRunTime":0,"mStartTime":47400000,"mTimeUnit":600000,"mWalkTime":209348,"runStep":0,"walkStep":339},{"distance":187.37,"mCalorie":9.599999,"mOthersTime":0,"mRunTime":0,"mStartTime":48000000,"mTimeUnit":600000,"mWalkTime":156715,"runStep":0,"walkStep":254},{"distance":46.57,"mCalorie":2.21,"mOthersTime":0,"mRunTime":0,"mStartTime":48600000,"mTimeUnit":600000,"mWalkTime":42021,"runStep":0,"walkStep":63},{"distance":16.78,"mCalorie":0.88,"mOthersTime":0,"mRunTime":0,"mStartTime":49200000,"mTimeUnit":600000,"mWalkTime":16008,"runStep":0,"walkStep":24},{"distance":69.83,"mCalorie":3.56,"mOthersTime":0,"mRunTime":0,"mStartTime":49800000,"mTimeUnit":600000,"mWalkTime":64032,"runStep":0,"walkStep":96},{"distance":38.89,"mCalorie":1.77,"mOthersTime":0,"mRunTime":0,"mStartTime":50400000,"mTimeUnit":600000,"mWalkTime":34017,"runStep":0,"walkStep":51},{"distance":10.68,"mCalorie":0.52,"mOthersTime":0,"mRunTime":0,"mStartTime":51000000,"mTimeUnit":600000,"mWalkTime":10005,"runStep":0,"walkStep":15},{"distance":27.64,"mCalorie":1.52,"mOthersTime":0,"mRunTime":0,"mStartTime":51600000,"mTimeUnit":600000,"mWalkTime":25346,"runStep":0,"walkStep":38},{"distance":115.270004,"mCalorie":5.36,"mOthersTime":0,"mRunTime":0,"mStartTime":52200000,"mTimeUnit":600000,"mWalkTime":101384,"runStep":0,"walkStep":152},{"distance":34.620003,"mCalorie":1.6400001,"mOthersTime":0,"mRunTime":0,"mStartTime":53400000,"mTimeUnit":600000,"mWalkTime":31349,"runStep":0,"walkStep":47},{"distance":15.98,"mCalorie":1.12,"mOthersTime":0,"mRunTime":2000,"mStartTime":54000000,"mTimeUnit":600000,"mWalkTime":8671,"runStep":5,"walkStep":13},{"distance":31.17,"mCalorie":1.5799999,"mOthersTime":0,"mRunTime":0,"mStartTime":55200000,"mTimeUnit":600000,"mWalkTime":28681,"runStep":0,"walkStep":43},{"distance":49.31,"mCalorie":2.75,"mOthersTime":0,"mRunTime":4000,"mStartTime":55800000,"mTimeUnit":600000,"mWalkTime":36685,"runStep":10,"walkStep":55},{"distance":42.14,"mCalorie":1.9300001,"mOthersTime":0,"mRunTime":0,"mStartTime":56400000,"mTimeUnit":600000,"mWalkTime":36685,"runStep":0,"walkStep":55},{"distance":53.94,"mCalorie":2.82,"mOthersTime":0,"mRunTime":0,"mStartTime":61800000,"mTimeUnit":600000,"mWalkTime":49358,"runStep":0,"walkStep":74},{"distance":12.52,"mCalorie":0.8,"mOthersTime":0,"mRunTime":1600,"mStartTime":63000000,"mTimeUnit":600000,"mWalkTime":6670,"runStep":4,"walkStep":10},{"distance":32.25,"mCalorie":1.48,"mOthersTime":0,"mRunTime":0,"mStartTime":63600000,"mTimeUnit":600000,"mWalkTime":28681,"runStep":0,"walkStep":43},{"distance":14.18,"mCalorie":0.81,"mOthersTime":0,"mRunTime":0,"mStartTime":64200000,"mTimeUnit":600000,"mWalkTime":13340,"runStep":0,"walkStep":20},{"distance":63.67,"mCalorie":2.9199998,"mOthersTime":0,"mRunTime":0,"mStartTime":65400000,"mTimeUnit":600000,"mWalkTime":56028,"runStep":0,"walkStep":84},{"distance":17.39,"mCalorie":0.73,"mOthersTime":0,"mRunTime":0,"mStartTime":66000000,"mTimeUnit":600000,"mWalkTime":14674,"runStep":0,"walkStep":22},{"distance":128.19,"mCalorie":6.3500004,"mOthersTime":0,"mRunTime":4400,"mStartTime":66600000,"mTimeUnit":600000,"mWalkTime":100050,"runStep":11,"walkStep":150},{"distance":130.76001,"mCalorie":6.3499994,"mOthersTime":0,"mRunTime":1600,"mStartTime":67200000,"mTimeUnit":600000,"mWalkTime":112056,"runStep":4,"walkStep":168},{"distance":132.67001,"mCalorie":6.56,"mOthersTime":0,"mRunTime":0,"mStartTime":70200000,"mTimeUnit":600000,"mWalkTime":120060,"runStep":0,"walkStep":180},{"distance":76.42,"mCalorie":3.63,"mOthersTime":0,"mRunTime":0,"mStartTime":70800000,"mTimeUnit":600000,"mWalkTime":68034,"runStep":0,"walkStep":102},{"distance":5.6000004,"mCalorie":0.24,"mOthersTime":0,"mRunTime":0,"mStartTime":71400000,"mTimeUnit":600000,"mWalkTime":4669,"runStep":0,"walkStep":7},{"distance":34.66,"mCalorie":1.6700001,"mOthersTime":0,"mRunTime":0,"mStartTime":76800000,"mTimeUnit":600000,"mWalkTime":31349,"runStep":0,"walkStep":47},{"distance":32.17,"mCalorie":1.6600001,"mOthersTime":0,"mRunTime":400,"mStartTime":77400000,"mTimeUnit":600000,"mWalkTime":26013,"runStep":1,"walkStep":39},{"distance":18.48,"mCalorie":1.06,"mOthersTime":0,"mRunTime":0,"mStartTime":78000000,"mTimeUnit":600000,"mWalkTime":17342,"runStep":0,"walkStep":26},{"distance":8.53,"mCalorie":0.43,"mOthersTime":0,"mRunTime":0,"mStartTime":79200000,"mTimeUnit":600000,"mWalkTime":8004,"runStep":0,"walkStep":12},{"distance":15.18,"mCalorie":0.74,"mOthersTime":0,"mRunTime":0,"mStartTime":79800000,"mTimeUnit":600000,"mWalkTime":14007,"runStep":0,"walkStep":21}],"version":1}