{"mActivityList":[{"mActiveTime":600000,"mActiveTimeType":2,"mCalorie":66.01,"mCategory":204,"mDetailInfoId":"29e2629f-8dce-3e1e-d8a9-23476f530ff8","mDistance":0.0,"mDuration":600000,"mEndTime":38107224,"mStartTime":37507224,"mType":11007},{"mActiveTime":600000,"mActiveTimeType":2,"mCalorie":59.09,"mCategory":204,"mDetailInfoId":"da526aad-cf7e-5d36-b074-fe05cbb1b6f7","mDistance":0.0,"mDuration":600000,"mEndTime":46944814,"mStartTime":46344814,"mType":11007},{"mActiveTime":659360,"mActiveTimeType":2,"mCalorie":68.42,"mCategory":204,"mDetailInfoId":"9baff285-b234-8134-4b08-341e1ef55daf","mDistance":0.0,"mDuration":659360,"mEndTime":57835433,"mStartTime":57176073,"mType":11007}],"mAdaptiveGoal":0,"mIsGoalAchieved":false,"mIsMostActiveAchieved":false,"mMostActiveMinutes":0,"mStreakDayCount":0,"mUnitDataList":[{"distance":52.931,"mCalorie":2.4900002,"mOthersTime":0,"mRunTime":0,"mStartTime":14400000,"mTimeUnit":600000,"mWalkTime":46690,"runStep":0,"walkStep":70},{"distance":29.599998,"mCalorie":1.3199999,"mOthersTime":0,"mRunTime":0,"mStartTime":15000000,"mTimeUnit":600000,"mWalkTime":26680,"runStep":0,"walkStep":40},{"distance":51.82,"mCalorie":2.56,"mOthersTime":0,"mRunTime":0,"mStartTime":15600000,"mTimeUnit":600000,"mWalkTime":46690,"runStep":0,"walkStep":70},{"distance":64.65,"mCalorie":3.1999998,"mOthersTime":0,"mRunTime":0,"mStartTime":18000000,"mTimeUnit":600000,"mWalkTime":59363,"runStep":0,"walkStep":89},{"distance":70.09,"mCalorie":3.3600001,"mOthersTime":0,"mRunTime":0,"mStartTime":18600000,"mTimeUnit":600000,"mWalkTime":62698,"runStep":0,"walkStep":94},{"distance":7.54,"mCalorie":0.33,"mOthersTime":0,"mRunTime":0,"mStartTime":30600000,"mTimeUnit":600000,"mWalkTime":6670,"runStep":0,"walkStep":10},{"distance":50.519997,"mCalorie":2.46,"mOthersTime":0,"mRunTime":0,"mStartTime":31200000,"mTimeUnit":600000,"mWalkTime":45356,"runStep":0,"walkStep":68},{"distance":9.12,"mCalorie":0.5,"mOthersTime":0,"mRunTime":0,"mStartTime":32400000,"mTimeUnit":600000,"mWalkTime":8671,"runStep":0,"walkStep":13},{"distance":40.370003,"mCalorie":1.8,"mOthersTime":0,"mRunTime":0,"mStartTime":33000000,"mTimeUnit":600000,"mWalkTime":35351,"runStep":0,"walkStep":53},{"distance":37.14,"mCalorie":2.1200001,"mOthersTime":0,"mRunTime":0,"mStartTime":33600000,"mTimeUnit":600000,"mWalkTime":35351,"runStep":0,"walkStep":53},{"distance":49.39,"mCalorie":2.81,"mOthersTime":0,"mRunTime":0,"mStartTime":34200000,"mTimeUnit":600000,"mWalkTime":52026,"runStep":0,"walkStep":78},{"distance":187.57,"mCalorie":11.05,"mOthersTime":0,"mRunTime":0,"mStartTime":34800000,"mTimeUnit":600000,"mWalkTime":178756,"runStep":0,"walkStep":268},{"distance":192.57002,"mCalorie":9.66,"mOthersTime":0,"mRunTime":0,"mStartTime":35400000,"mTimeUnit":600000,"mWalkTime":175421,"runStep":0,"walkStep":263},{"distance":214.31998,"mCalorie":11.17,"mOthersTime":0,"mRunTime":0,"mStartTime":36000000,"mTimeUnit":600000,"mWalkTime":196098,"runStep":0,"walkStep":294},{"distance":47.37,"mCalorie":2.54,"mOthersTime":0,"mRunTime":0,"mStartTime":36600000,"mTimeUnit":600000,"mWalkTime":44022,"runStep":0,"walkStep":66},{"distance":63.702763,"mCalorie":35.59369,"mOthersTime":292776,"mRunTime":0,"mStartTime":37200000,"mTimeUnit":600000,"mWalkTime":57979,"runStep":0,"walkStep":224},{"distance":25.310001,"mCalorie":35.109764,"mOthersTime":307224,"mRunTime":0,"mStartTime":37800000,"mTimeUnit":600000,"mWalkTime":23345,"runStep":0,"walkStep":103},{"distance":56.809998,"mCalorie":2.9399998,"mOthersTime":0,"mRunTime":800,"mStartTime":38400000,"mTimeUnit":600000,"mWalkTime":48691,"runStep":2,"walkStep":73},{"distance":9.83,"mCalorie":0.54,"mOthersTime":0,"mRunTime":0,"mStartTime":41400000,"mTimeUnit":600000,"mWalkTime":6670,"runStep":0,"walkStep":10},{"distance":51.59,"mCalorie":2.74,"mOthersTime":0,"mRunTime":3600,"mStartTime":42000000,"mTimeUnit":600000,"mWalkTime":36685,"runStep":9,"walkStep":55},{"distance":8.88,"mCalorie":0.43,"mOthersTime":0,"mRunTime":0,"mStartTime":42600000,"mTimeUnit":600000,"mWalkTime":8004,"runStep":0,"walkStep":12},{"distance":27.45,"mCalorie":1.38,"mOthersTime":0,"mRunTime":0,"mStartTime":43200000,"mTimeUnit":600000,"mWalkTime":25346,"runStep":0,"walkStep":38},{"distance":16.3,"mCalorie":0.97,"mOthersTime":0,"mRunTime":400,"mStartTime":44400000,"mTimeUnit":600000,"mWalkTime":14007,"runStep":1,"walkStep":21},{"distance":70.82,"mCalorie":3.9599996,"mOthersTime":0,"mRunTime":800,"mStartTime":45000000,"mTimeUnit":600000,"mWalkTime":60030,"runStep":2,"walkStep":90},{"distance":55.6,"mCalorie":3.63,"mOthersTime":0,"mRunTime":0,"mStartTime":45600000,"mTimeUnit":600000,"mWalkTime":64032,"runStep":0,"walkStep":96},{"distance":21.505466,"mCalorie":46.362568,"mOthersTime":455186,"mRunTime":0,"mStartTime":46200000,"mTimeUnit":600000,"mWalkTime":21240,"runStep":0,"walkStep":273},{"distance":63.992958,"mCalorie":17.554808,"mOthersTime":144814,"mRunTime":0,"mStartTime":46800000,"mTimeUnit":600000,"mWalkTime":58103,"runStep":0,"walkStep":149},{"distance":24.779999,"mCalorie":1.29,"mOthersTime":0,"mRunTime":0,"mStartTime":48000000,"mTimeUnit":600000,"mWalkTime":22678,"runStep":0,"walkStep":34},{"distance":53.48,"mCalorie":2.5900002,"mOthersTime":0,"mRunTime":0,"mStartTime":49200000,"mTimeUnit":600000,"mWalkTime":47357,"runStep":0,"walkStep":71},{"distance":174.84,"mCalorie":12.34,"mOthersTime":0,"mRunTime":0,"mStartTime":49800000,"mTimeUnit":600000,"mWalkTime":172086,"runStep":0,"walkStep":258},{"distance":180.71,"mCalorie":9.12,"mOthersTime":0,"mRunTime":0,"mStartTime":50400000,"mTimeUnit":600000,"mWalkTime":163415,"runStep":0,"walkStep":245},{"distance":31.880001,"mCalorie":1.76,"mOthersTime":0,"mRunTime":0,"mStartTime":51000000,"mTimeUnit":600000,"mWalkTime":29348,"runStep":0,"walkStep":44},{"distance":57.448997,"mCalorie":2.6699998,"mOthersTime":0,"mRunTime":0,"mStartTime":51600000,"mTimeUnit":600000,"mWalkTime":52026,"runStep":0,"walkStep":78},{"distance":16.289999,"mCalorie":0.71000004,"mOthersTime":0,"mRunTime":0,"mStartTime":52200000,"mTimeUnit":600000,"mWalkTime":14674,"runStep":0,"walkStep":22},{"distance":18.81,"mCalorie":1.01,"mOthersTime":0,"mRunTime":0,"mStartTime":52800000,"mTimeUnit":600000,"mWalkTime":17342,"runStep":0,"walkStep":26},{"distance":83.97,"mCalorie":4.52,"mOthersTime":0,"mRunTime":1600,"mStartTime":54000000,"mTimeUnit":600000,"mWalkTime":63365,"runStep":4,"walkStep":95},{"distance":124.869995,"mCalorie":5.9599996,"mOthersTime":0,"mRunTime":0,"mStartTime":54600000,"mTimeUnit":600000,"mWalkTime":110722,"runStep":0,"walkStep":166},{"distance":19.28,"mCalorie":0.68,"mOthersTime":0,"mRunTime":400,"mStartTime":55200000,"mTimeUnit":600000,"mWalkTime":6670,"runStep":1,"walkStep":10},{"distance":22.43,"mCalorie":1.1700001,"mOthersTime":0,"mRunTime":0,"mStartTime":55800000,"mTimeUnit":600000,"mWalkTime":20010,"runStep":0,"walkStep":30},{"distance":66.100006,"mCalorie":3.43,"mOthersTime":0,"mRunTime":2000,"mStartTime":56400000,"mTimeUnit":600000,"mWalkTime":53360,"runStep":5,"walkStep":80},{"distance":52.165318,"mCalorie":46.589645,"mOthersTime":423926,"mRunTime":0,"mStartTime":57000000,"mTimeUnit":600000,"mWalkTime":45542,"runStep":0,"walkStep":524},{"distance":57.58,"mCalorie":28.010244,"mOthersTime":235433,"mRunTime":0,"mStartTime":57600000,"mTimeUnit":600000,"mWalkTime":55361,"runStep":0,"walkStep":319},{"distance":7.2,"mCalorie":0.37,"mOthersTime":0,"mRunTime":0,"mStartTime":58800000,"mTimeUnit":600000,"mWalkTime":6670,"runStep":0,"walkStep":10},{"distance":55.041,"mCalorie":3.22,"mOthersTime":0,"mRunTime":4800,"mStartTime":60600000,"mTimeUnit":600000,"mWalkTime":39353,"runStep":12,"walkStep":59},{"distance":83.68,"mCalorie":4.55,"mOthersTime":0,"mRunTime":0,"mStartTime":61200000,"mTimeUnit":600000,"mWalkTime":82708,"runStep":0,"walkStep":124},{"distance":279.12,"mCalorie":17.109999,"mOthersTime":0,"mRunTime":0,"mStartTime":61800000,"mTimeUnit":600000,"mWalkTime":264799,"runStep":0,"walkStep":397},{"distance":144.18,"mCalorie":7.2499995,"mOthersTime":0,"mRunTime":0,"mStartTime":62400000,"mTimeUnit":600000,"mWalkTime":132066,"runStep":0,"walkStep":198},{"distance":37.96,"mCalorie":1.8199999,"mOthersTime":0,"mRunTime":0,"mStartTime":64200000,"mTimeUnit":600000,"mWalkTime":34017,"runStep":0,"walkStep":51},{"distance":275.81998,"mCalorie":15.539999,"mOthersTime":0,"mRunTime":2400,"mStartTime":64800000,"mTimeUnit":600000,"mWalkTime":254127,"runStep":6,"walkStep":381},{"distance":74.71,"mCalorie":4.05,"mOthersTime":0,"mRunTime":2400,"mStartTime":65400000,"mTimeUnit":600000,"mWalkTime":60030,"runStep":6,"walkStep":90},{"distance":8.31,"mCalorie":0.55,"mOthersTime":0,"mRunTime":0,"mStartTime":67200000,"mTimeUnit":600000,"mWalkTime":8004,"runStep":0,"walkStep":12},{"distance":37.75,"mCalorie":2.09,"mOthersTime":0,"mRunTime":0,"mStartTime":67800000,"mTimeUnit":600000,"mWalkTime":36685,"runStep":0,"walkStep":55},{"distance":24.76,"mCalorie":1.25,"mOthersTime":0,"mRunTime":0,"mStartTime":69000000,"mTimeUnit":600000,"mWalkTime":23345,"runStep":0,"walkStep":35},{"distance":10.61,"mCalorie":0.64,"mOthersTime":0,"mRunTime":0,"mStartTime":70200000,"mTimeUnit":600000,"mWalkTime":10005,"runStep":0,"walkStep":15},{"distance":7.01,"mCalorie":0.35,"mOthersTime":0,"mRunTime":0,"mStartTime":70800000,"mTimeUnit":600000,"mWalkTime":6670,"runStep":0,"walkStep":10},{"distance":9.84,"mCalorie":0.43,"mOthersTime":0,"mRunTime":0,"mStartTime":71400000,"mTimeUnit":600000,"mWalkTime":8671,"runStep":0,"walkStep":13},{"distance":11.2,"mCalorie":0.53000003,"mOthersTime":0,"mRunTime":0,"mStartTime":75600000,"mTimeUnit":600000,"mWalkTime":10005,"runStep":0,"walkStep":15},{"distance":54.910004,"mCalorie":2.97,"mOthersTime":0,"mRunTime":2800,"mStartTime":76800000,"mTimeUnit":600000,"mWalkTime":40020,"runStep":7,"walkStep":60},{"distance":4.94,"mCalorie":0.26,"mOthersTime":0,"mRunTime":0,"mStartTime":78000000,"mTimeUnit":600000,"mWalkTime":4669,"runStep":0,"walkStep":7},{"distance":9.67,"mCalorie":0.48,"mOthersTime":0,"mRunTime":0,"mStartTime":79800000,"mTimeUnit":600000,"mWalkTime":8671,"runStep":0,"walkStep":13},{"distance":97.3,"mCalorie":4.91,"mOthersTime":0,"mRunTime":0,"mStartTime":80400000,"mTimeUnit":600000,"mWalkTime":89378,"runStep":0,"walkStep":134},{"distance":331.42,"mCalorie":19.189999,"mOthersTime":0,"mRunTime":0,"mStartTime":81000000,"mTimeUnit":600000,"mWalkTime":295391,"runStep":0,"walkStep":482},{"distance":148.0,"mCalorie":7.8999996,"mOthersTime":0,"mRunTime":0,"mStartTime":81600000,"mTimeUnit":600000,"mWalkTime":128701,"runStep":0,"walkStep":203},{"distance":36.089996,"mCalorie":1.8100001,"mOthersTime":0,"mRunTime":0,"mStartTime":84000000,"mTimeUnit":600000,"mWalkTime":32683,"runStep":0,"walkStep":49},{"distance":372.63,"mCalorie":21.17,"mOthersTime":0,"mRunTime":0,"mStartTime":84600000,"mTimeUnit":600000,"mWalkTime":303365,"runStep":0,"walkStep":517},{"distance":64.54,"mCalorie":3.27,"mOthersTime":0,"mRunTime":0,"mStartTime":85200000,"mTimeUnit":600000,"mWalkTime":58029,"runStep":0,"walkStep":87}],"version":1}