{"mActivityList":[{"mActiveTime":697427,"mActiveTimeType":0,"mCalorie":93.0,"mCategory":204,"mDetailInfoId":"8150de79-c4c5-9a20-053c-35e485f053fb","mDistance":572.979,"mDuration":697427,"mEndTime":1240908,"mStartTime":543481,"mType":1001}],"mAdaptiveGoal":0,"mIsGoalAchieved":false,"mIsMostActiveAchieved":false,"mMostActiveMinutes":0,"mStreakDayCount":0,"mUnitDataList":[{"distance":64.24848,"mCalorie":8.502309,"mOthersTime":0,"mRunTime":0,"mStartTime":0,"mTimeUnit":600000,"mWalkTime":74007,"runStep":0,"walkStep":120},{"distance":492.93674,"mCalorie":80.00837,"mOthersTime":0,"mRunTime":0,"mStartTime":600000,"mTimeUnit":600000,"mWalkTime":600000,"runStep":0,"walkStep":694},{"distance":78.85634,"mCalorie":7.721343,"mOthersTime":0,"mRunTime":800,"mStartTime":1200000,"mTimeUnit":600000,"mWalkTime":79018,"runStep":2,"walkStep":66},{"distance":7.789,"mCalorie":0.33,"mOthersTime":0,"mRunTime":0,"mStartTime":2400000,"mTimeUnit":600000,"mWalkTime":7337,"runStep":0,"walkStep":11},{"distance":31.929,"mCalorie":1.5799999,"mOthersTime":0,"mRunTime":0,"mStartTime":3000000,"mTimeUnit":600000,"mWalkTime":28681,"runStep":0,"walkStep":43},{"distance":33.68,"mCalorie":1.75,"mOthersTime":0,"mRunTime":0,"mStartTime":3600000,"mTimeUnit":600000,"mWalkTime":30015,"runStep":0,"walkStep":45},{"distance":54.132004,"mCalorie":2.7799997,"mOthersTime":0,"mRunTime":2800,"mStartTime":4200000,"mTimeUnit":600000,"mWalkTime":40020,"runStep":7,"walkStep":60},{"distance":76.619995,"mCalorie":3.63,"mOthersTime":0,"mRunTime":0,"mStartTime":24600000,"mTimeUnit":600000,"mWalkTime":69368,"runStep":0,"walkStep":104},{"distance":71.067,"mCalorie":3.61,"mOthersTime":0,"mRunTime":0,"mStartTime":25200000,"mTimeUnit":600000,"mWalkTime":66033,"runStep":0,"walkStep":99},{"distance":7.86,"mCalorie":0.3,"mOthersTime":0,"mRunTime":0,"mStartTime":26400000,"mTimeUnit":600000,"mWalkTime":7337,"runStep":0,"walkStep":11},{"distance":7.22,"mCalorie":0.36,"mOthersTime":0,"mRunTime":0,"mStartTime":27000000,"mTimeUnit":600000,"mWalkTime":6670,"runStep":0,"walkStep":10},{"distance":34.181,"mCalorie":1.6,"mOthersTime":0,"mRunTime":0,"mStartTime":28200000,"mTimeUnit":600000,"mWalkTime":31349,"runStep":0,"walkStep":47},{"distance":73.336006,"mCalorie":3.57,"mOthersTime":0,"mRunTime":0,"mStartTime":28800000,"mTimeUnit":600000,"mWalkTime":65366,"runStep":0,"walkStep":98},{"distance":14.861,"mCalorie":0.72,"mOthersTime":0,"mRunTime":1200,"mStartTime":29400000,"mTimeUnit":600000,"mWalkTime":11339,"runStep":3,"walkStep":17},{"distance":57.934,"mCalorie":2.88,"mOthersTime":0,"mRunTime":800,"mStartTime":35400000,"mTimeUnit":600000,"mWalkTime":46690,"runStep":2,"walkStep":70},{"distance":19.342,"mCalorie":0.85,"mOthersTime":0,"mRunTime":0,"mStartTime":36000000,"mTimeUnit":600000,"mWalkTime":16675,"runStep":0,"walkStep":25},{"distance":29.259998,"mCalorie":1.35,"mOthersTime":0,"mRunTime":0,"mStartTime":36600000,"mTimeUnit":600000,"mWalkTime":26013,"runStep":0,"walkStep":39},{"distance":94.185,"mCalorie":4.68,"mOthersTime":0,"mRunTime":3600,"mStartTime":37200000,"mTimeUnit":600000,"mWalkTime":76038,"runStep":9,"walkStep":114},{"distance":49.350002,"mCalorie":2.3999999,"mOthersTime":0,"mRunTime":0,"mStartTime":37800000,"mTimeUnit":600000,"mWalkTime":44689,"runStep":0,"walkStep":67},{"distance":96.077995,"mCalorie":4.74,"mOthersTime":0,"mRunTime":0,"mStartTime":38400000,"mTimeUnit":600000,"mWalkTime":87377,"runStep":0,"walkStep":131},{"distance":54.58,"mCalorie":2.75,"mOthersTime":0,"mRunTime":0,"mStartTime":39000000,"mTimeUnit":600000,"mWalkTime":50692,"runStep":0,"walkStep":76},{"distance":85.082,"mCalorie":4.09,"mOthersTime":0,"mRunTime":0,"mStartTime":39600000,"mTimeUnit":600000,"mWalkTime":77372,"runStep":0,"walkStep":116},{"distance":19.319,"mCalorie":1.01,"mOthersTime":0,"mRunTime":1200,"mStartTime":40200000,"mTimeUnit":600000,"mWalkTime":15341,"runStep":3,"walkStep":23},{"distance":25.313,"mCalorie":1.37,"mOthersTime":0,"mRunTime":0,"mStartTime":43200000,"mTimeUnit":600000,"mWalkTime":23345,"runStep":0,"walkStep":35},{"distance":21.728,"mCalorie":1.07,"mOthersTime":0,"mRunTime":0,"mStartTime":43800000,"mTimeUnit":600000,"mWalkTime":20677,"runStep":0,"walkStep":31},{"distance":17.351002,"mCalorie":0.83000004,"mOthersTime":0,"mRunTime":0,"mStartTime":44400000,"mTimeUnit":600000,"mWalkTime":16008,"runStep":0,"walkStep":24},{"distance":24.529999,"mCalorie":1.23,"mOthersTime":0,"mRunTime":0,"mStartTime":45600000,"mTimeUnit":600000,"mWalkTime":22011,"runStep":0,"walkStep":33},{"distance":213.11801,"mCalorie":11.831,"mOthersTime":0,"mRunTime":3200,"mStartTime":46200000,"mTimeUnit":600000,"mWalkTime":187427,"runStep":8,"walkStep":281},{"distance":55.608,"mCalorie":2.8,"mOthersTime":0,"mRunTime":0,"mStartTime":46800000,"mTimeUnit":600000,"mWalkTime":52026,"runStep":0,"walkStep":78},{"distance":449.7,"mCalorie":23.86,"mOthersTime":0,"mRunTime":0,"mStartTime":47400000,"mTimeUnit":600000,"mWalkTime":359393,"runStep":0,"walkStep":602},{"distance":56.929,"mCalorie":2.72,"mOthersTime":0,"mRunTime":0,"mStartTime":48000000,"mTimeUnit":600000,"mWalkTime":50025,"runStep":0,"walkStep":75},{"distance":22.34,"mCalorie":1.0799999,"mOthersTime":0,"mRunTime":0,"mStartTime":49800000,"mTimeUnit":600000,"mWalkTime":18676,"runStep":0,"walkStep":28},{"distance":35.091,"mCalorie":1.73,"mOthersTime":0,"mRunTime":0,"mStartTime":50400000,"mTimeUnit":600000,"mWalkTime":32016,"runStep":0,"walkStep":48},{"distance":16.31,"mCalorie":0.8,"mOthersTime":0,"mRunTime":0,"mStartTime":51600000,"mTimeUnit":600000,"mWalkTime":14674,"runStep":0,"walkStep":22},{"distance":75.392,"mCalorie":3.8600001,"mOthersTime":0,"mRunTime":0,"mStartTime":52800000,"mTimeUnit":600000,"mWalkTime":68034,"runStep":0,"walkStep":102},{"distance":14.78,"mCalorie":0.68,"mOthersTime":0,"mRunTime":0,"mStartTime":53400000,"mTimeUnit":600000,"mWalkTime":11339,"runStep":0,"walkStep":17},{"distance":175.708,"mCalorie":9.391,"mOthersTime":0,"mRunTime":0,"mStartTime":54000000,"mTimeUnit":600000,"mWalkTime":153380,"runStep":0,"walkStep":240},{"distance":146.87099,"mCalorie":7.26,"mOthersTime":0,"mRunTime":0,"mStartTime":54600000,"mTimeUnit":600000,"mWalkTime":135401,"runStep":0,"walkStep":203},{"distance":32.6,"mCalorie":1.7,"mOthersTime":0,"mRunTime":0,"mStartTime":55200000,"mTimeUnit":600000,"mWalkTime":30015,"runStep":0,"walkStep":45},{"distance":16.36,"mCalorie":0.79,"mOthersTime":0,"mRunTime":0,"mStartTime":57600000,"mTimeUnit":600000,"mWalkTime":14674,"runStep":0,"walkStep":22},{"distance":102.725006,"mCalorie":5.2200003,"mOthersTime":0,"mRunTime":2400,"mStartTime":58200000,"mTimeUnit":600000,"mWalkTime":81374,"runStep":6,"walkStep":122},{"distance":17.243,"mCalorie":0.86,"mOthersTime":0,"mRunTime":0,"mStartTime":58800000,"mTimeUnit":600000,"mWalkTime":16008,"runStep":0,"walkStep":24},{"distance":65.779,"mCalorie":2.799,"mOthersTime":0,"mRunTime":0,"mStartTime":59400000,"mTimeUnit":600000,"mWalkTime":58029,"runStep":0,"walkStep":87},{"distance":15.94,"mCalorie":1.0,"mOthersTime":0,"mRunTime":2400,"mStartTime":63000000,"mTimeUnit":600000,"mWalkTime":8671,"runStep":6,"walkStep":13},{"distance":62.079998,"mCalorie":3.04,"mOthersTime":0,"mRunTime":0,"mStartTime":63600000,"mTimeUnit":600000,"mWalkTime":54694,"runStep":0,"walkStep":82},{"distance":71.328,"mCalorie":3.3700001,"mOthersTime":0,"mRunTime":0,"mStartTime":66000000,"mTimeUnit":600000,"mWalkTime":62698,"runStep":0,"walkStep":94},{"distance":108.68,"mCalorie":6.14,"mOthersTime":0,"mRunTime":0,"mStartTime":66600000,"mTimeUnit":600000,"mWalkTime":110722,"runStep":0,"walkStep":166},{"distance":70.88,"mCalorie":3.6599998,"mOthersTime":0,"mRunTime":0,"mStartTime":67200000,"mTimeUnit":600000,"mWalkTime":63365,"runStep":0,"walkStep":95},{"distance":38.31,"mCalorie":1.88,"mOthersTime":0,"mRunTime":400,"mStartTime":67800000,"mTimeUnit":600000,"mWalkTime":30682,"runStep":1,"walkStep":46},{"distance":43.199997,"mCalorie":2.22,"mOthersTime":0,"mRunTime":0,"mStartTime":69600000,"mTimeUnit":600000,"mWalkTime":40020,"runStep":0,"walkStep":60},{"distance":77.865,"mCalorie":3.58,"mOthersTime":0,"mRunTime":0,"mStartTime":70200000,"mTimeUnit":600000,"mWalkTime":69368,"runStep":0,"walkStep":104},{"distance":106.514,"mCalorie":5.511,"mOthersTime":0,"mRunTime":2400,"mStartTime":70800000,"mTimeUnit":600000,"mWalkTime":90712,"runStep":6,"walkStep":136},{"distance":9.02,"mCalorie":0.4,"mOthersTime":0,"mRunTime":0,"mStartTime":75000000,"mTimeUnit":600000,"mWalkTime":7337,"runStep":0,"walkStep":11},{"distance":30.24,"mCalorie":1.48,"mOthersTime":0,"mRunTime":0,"mStartTime":75600000,"mTimeUnit":600000,"mWalkTime":27347,"runStep":0,"walkStep":41},{"distance":66.21,"mCalorie":3.47,"mOthersTime":0,"mRunTime":0,"mStartTime":76200000,"mTimeUnit":600000,"mWalkTime":60697,"runStep":0,"walkStep":91},{"distance":23.970001,"mCalorie":1.2,"mOthersTime":0,"mRunTime":0,"mStartTime":76800000,"mTimeUnit":600000,"mWalkTime":22011,"runStep":0,"walkStep":33},{"distance":34.63,"mCalorie":1.9699999,"mOthersTime":0,"mRunTime":0,"mStartTime":78600000,"mTimeUnit":600000,"mWalkTime":32683,"runStep":0,"walkStep":49},{"distance":60.019997,"mCalorie":2.8799999,"mOthersTime":0,"mRunTime":0,"mStartTime":79800000,"mTimeUnit":600000,"mWalkTime":52693,"runStep":0,"walkStep":79},{"distance":7.64,"mCalorie":0.36,"mOthersTime":0,"mRunTime":0,"mStartTime":80400000,"mTimeUnit":600000,"mWalkTime":6670,"runStep":0,"walkStep":10}],"version":1}