{"mActivityList":[{"mActiveTime":2525625,"mActiveTimeType":0,"mCalorie":356.0,"mCategory":204,"mDetailInfoId":"433c289e-bd28-c68b-5760-053eb73e063e","mDistance":2777.613,"mDuration":2525625,"mEndTime":75127544,"mStartTime":72601919,"mType":1001}],"mAdaptiveGoal":0,"mIsGoalAchieved":false,"mIsMostActiveAchieved":false,"mMostActiveMinutes":0,"mStreakDayCount":0,"mUnitDataList":[{"distance":43.690002,"mCalorie":2.28,"mOthersTime":0,"mRunTime":400,"mStartTime":7800000,"mTimeUnit":600000,"mWalkTime":38686,"runStep":1,"walkStep":58},{"distance":6.99,"mCalorie":0.36,"mOthersTime":0,"mRunTime":0,"mStartTime":8400000,"mTimeUnit":600000,"mWalkTime":6670,"runStep":0,"walkStep":10},{"distance":49.93,"mCalorie":2.9,"mOthersTime":0,"mRunTime":400,"mStartTime":15600000,"mTimeUnit":600000,"mWalkTime":43355,"runStep":1,"walkStep":65},{"distance":38.17,"mCalorie":2.04,"mOthersTime":0,"mRunTime":1200,"mStartTime":16200000,"mTimeUnit":600000,"mWalkTime":32016,"runStep":3,"walkStep":48},{"distance":405.57,"mCalorie":20.07,"mOthersTime":0,"mRunTime":0,"mStartTime":16800000,"mTimeUnit":600000,"mWalkTime":357362,"runStep":0,"walkStep":567},{"distance":44.160004,"mCalorie":1.93,"mOthersTime":0,"mRunTime":0,"mStartTime":17400000,"mTimeUnit":600000,"mWalkTime":38686,"runStep":0,"walkStep":58},{"distance":110.56,"mCalorie":5.04,"mOthersTime":0,"mRunTime":0,"mStartTime":19200000,"mTimeUnit":600000,"mWalkTime":94017,"runStep":0,"walkStep":151},{"distance":255.05,"mCalorie":13.77,"mOthersTime":0,"mRunTime":0,"mStartTime":19800000,"mTimeUnit":600000,"mWalkTime":221354,"runStep":0,"walkStep":366},{"distance":38.3,"mCalorie":1.91,"mOthersTime":0,"mRunTime":400,"mStartTime":20400000,"mTimeUnit":600000,"mWalkTime":32016,"runStep":1,"walkStep":48},{"distance":19.67,"mCalorie":0.90999997,"mOthersTime":0,"mRunTime":0,"mStartTime":28200000,"mTimeUnit":600000,"mWalkTime":18009,"runStep":0,"walkStep":27},{"distance":35.701,"mCalorie":1.69,"mOthersTime":0,"mRunTime":0,"mStartTime":33000000,"mTimeUnit":600000,"mWalkTime":31349,"runStep":0,"walkStep":47},{"distance":7.31,"mCalorie":0.34,"mOthersTime":0,"mRunTime":0,"mStartTime":33600000,"mTimeUnit":600000,"mWalkTime":6670,"runStep":0,"walkStep":10},{"distance":92.27,"mCalorie":4.8,"mOthersTime":0,"mRunTime":0,"mStartTime":35400000,"mTimeUnit":600000,"mWalkTime":86710,"runStep":0,"walkStep":130},{"distance":28.54,"mCalorie":1.28,"mOthersTime":0,"mRunTime":0,"mStartTime":36000000,"mTimeUnit":600000,"mWalkTime":24679,"runStep":0,"walkStep":37},{"distance":23.77,"mCalorie":1.21,"mOthersTime":0,"mRunTime":0,"mStartTime":36600000,"mTimeUnit":600000,"mWalkTime":22011,"runStep":0,"walkStep":33},{"distance":23.2,"mCalorie":1.16,"mOthersTime":0,"mRunTime":0,"mStartTime":37200000,"mTimeUnit":600000,"mWalkTime":21344,"runStep":0,"walkStep":32},{"distance":46.151,"mCalorie":2.54,"mOthersTime":0,"mRunTime":2400,"mStartTime":37800000,"mTimeUnit":600000,"mWalkTime":32683,"runStep":6,"walkStep":49},{"distance":19.38,"mCalorie":0.95000005,"mOthersTime":0,"mRunTime":0,"mStartTime":40800000,"mTimeUnit":600000,"mWalkTime":17342,"runStep":0,"walkStep":26},{"distance":27.81,"mCalorie":2.0,"mOthersTime":0,"mRunTime":2000,"mStartTime":42600000,"mTimeUnit":600000,"mWalkTime":22011,"runStep":5,"walkStep":33},{"distance":54.809998,"mCalorie":2.8799999,"mOthersTime":0,"mRunTime":0,"mStartTime":43200000,"mTimeUnit":600000,"mWalkTime":50692,"runStep":0,"walkStep":76},{"distance":44.988,"mCalorie":2.48,"mOthersTime":0,"mRunTime":3600,"mStartTime":44400000,"mTimeUnit":600000,"mWalkTime":30015,"runStep":9,"walkStep":45},{"distance":128.92,"mCalorie":7.05,"mOthersTime":0,"mRunTime":0,"mStartTime":45000000,"mTimeUnit":600000,"mWalkTime":123395,"runStep":0,"walkStep":185},{"distance":451.64005,"mCalorie":23.659996,"mOthersTime":0,"mRunTime":0,"mStartTime":45600000,"mTimeUnit":600000,"mWalkTime":376735,"runStep":0,"walkStep":620},{"distance":301.77002,"mCalorie":15.860001,"mOthersTime":0,"mRunTime":0,"mStartTime":46200000,"mTimeUnit":600000,"mWalkTime":264072,"runStep":0,"walkStep":410},{"distance":48.370003,"mCalorie":2.41,"mOthersTime":0,"mRunTime":0,"mStartTime":46800000,"mTimeUnit":600000,"mWalkTime":44022,"runStep":0,"walkStep":66},{"distance":92.100006,"mCalorie":4.98,"mOthersTime":0,"mRunTime":0,"mStartTime":50400000,"mTimeUnit":600000,"mWalkTime":90712,"runStep":0,"walkStep":136},{"distance":379.38098,"mCalorie":21.050001,"mOthersTime":0,"mRunTime":0,"mStartTime":51000000,"mTimeUnit":600000,"mWalkTime":328711,"runStep":0,"walkStep":538},{"distance":86.16,"mCalorie":4.54,"mOthersTime":0,"mRunTime":0,"mStartTime":52200000,"mTimeUnit":600000,"mWalkTime":78039,"runStep":0,"walkStep":117},{"distance":279.16,"mCalorie":14.690001,"mOthersTime":0,"mRunTime":0,"mStartTime":52800000,"mTimeUnit":600000,"mWalkTime":232026,"runStep":0,"walkStep":380},{"distance":57.770996,"mCalorie":2.8400002,"mOthersTime":0,"mRunTime":0,"mStartTime":53400000,"mTimeUnit":600000,"mWalkTime":52693,"runStep":0,"walkStep":79},{"distance":359.56897,"mCalorie":18.779999,"mOthersTime":0,"mRunTime":0,"mStartTime":54000000,"mTimeUnit":600000,"mWalkTime":330832,"runStep":0,"walkStep":496},{"distance":174.34001,"mCalorie":9.63,"mOthersTime":0,"mRunTime":400,"mStartTime":54600000,"mTimeUnit":600000,"mWalkTime":166083,"runStep":1,"walkStep":249},{"distance":172.66899,"mCalorie":8.86,"mOthersTime":0,"mRunTime":0,"mStartTime":55200000,"mTimeUnit":600000,"mWalkTime":155381,"runStep":0,"walkStep":236},{"distance":135.11,"mCalorie":7.25,"mOthersTime":0,"mRunTime":0,"mStartTime":55800000,"mTimeUnit":600000,"mWalkTime":125396,"runStep":0,"walkStep":188},{"distance":115.66001,"mCalorie":6.1499996,"mOthersTime":0,"mRunTime":0,"mStartTime":56400000,"mTimeUnit":600000,"mWalkTime":105386,"runStep":0,"walkStep":158},{"distance":59.01,"mCalorie":3.09,"mOthersTime":0,"mRunTime":0,"mStartTime":57600000,"mTimeUnit":600000,"mWalkTime":54027,"runStep":0,"walkStep":81},{"distance":165.151,"mCalorie":8.57,"mOthersTime":0,"mRunTime":0,"mStartTime":58200000,"mTimeUnit":600000,"mWalkTime":145376,"runStep":0,"walkStep":227},{"distance":333.34,"mCalorie":17.02,"mOthersTime":0,"mRunTime":0,"mStartTime":58800000,"mTimeUnit":600000,"mWalkTime":304152,"runStep":0,"walkStep":456},{"distance":6.96,"mCalorie":0.41,"mOthersTime":0,"mRunTime":0,"mStartTime":59400000,"mTimeUnit":600000,"mWalkTime":6670,"runStep":0,"walkStep":10},{"distance":34.95,"mCalorie":1.81,"mOthersTime":0,"mRunTime":0,"mStartTime":60000000,"mTimeUnit":600000,"mWalkTime":32016,"runStep":0,"walkStep":48},{"distance":10.39,"mCalorie":0.49,"mOthersTime":0,"mRunTime":0,"mStartTime":60600000,"mTimeUnit":600000,"mWalkTime":9338,"runStep":0,"walkStep":14},{"distance":111.7,"mCalorie":5.3,"mOthersTime":0,"mRunTime":6726,"mStartTime":63000000,"mTimeUnit":600000,"mWalkTime":65947,"runStep":20,"walkStep":114},{"distance":298.798,"mCalorie":14.400001,"mOthersTime":0,"mRunTime":0,"mStartTime":63600000,"mTimeUnit":600000,"mWalkTime":219353,"runStep":0,"walkStep":397},{"distance":167.98999,"mCalorie":8.799999,"mOthersTime":0,"mRunTime":0,"mStartTime":64200000,"mTimeUnit":600000,"mWalkTime":140040,"runStep":0,"walkStep":225},{"distance":272.33096,"mCalorie":16.130001,"mOthersTime":0,"mRunTime":0,"mStartTime":64800000,"mTimeUnit":600000,"mWalkTime":226690,"runStep":0,"walkStep":387},{"distance":54.42,"mCalorie":2.84,"mOthersTime":0,"mRunTime":0,"mStartTime":65400000,"mTimeUnit":600000,"mWalkTime":50025,"runStep":0,"walkStep":75},{"distance":11.21,"mCalorie":0.59,"mOthersTime":0,"mRunTime":0,"mStartTime":69600000,"mTimeUnit":600000,"mWalkTime":10672,"runStep":0,"walkStep":16},{"distance":42.0,"mCalorie":2.04,"mOthersTime":0,"mRunTime":0,"mStartTime":71400000,"mTimeUnit":600000,"mWalkTime":34684,"runStep":0,"walkStep":52},{"distance":100.35899,"mCalorie":4.95,"mOthersTime":0,"mRunTime":400,"mStartTime":72000000,"mTimeUnit":600000,"mWalkTime":83375,"runStep":1,"walkStep":125},{"distance":660.0424,"mCalorie":84.41137,"mOthersTime":0,"mRunTime":0,"mStartTime":72600000,"mTimeUnit":600000,"mWalkTime":600000,"runStep":0,"walkStep":1048},{"distance":659.8635,"mCalorie":84.57313,"mOthersTime":0,"mRunTime":0,"mStartTime":73200000,"mTimeUnit":600000,"mWalkTime":600000,"runStep":0,"walkStep":941},{"distance":659.8635,"mCalorie":84.57313,"mOthersTime":0,"mRunTime":0,"mStartTime":73800000,"mTimeUnit":600000,"mWalkTime":600000,"runStep":0,"walkStep":786},{"distance":659.8635,"mCalorie":84.57313,"mOthersTime":0,"mRunTime":0,"mStartTime":74400000,"mTimeUnit":600000,"mWalkTime":600000,"runStep":0,"walkStep":868},{"distance":385.56943,"mCalorie":30.087992,"mOthersTime":0,"mRunTime":0,"mStartTime":75000000,"mTimeUnit":600000,"mWalkTime":339590,"runStep":0,"walkStep":471},{"distance":12.46,"mCalorie":0.57,"mOthersTime":0,"mRunTime":0,"mStartTime":75600000,"mTimeUnit":600000,"mWalkTime":11339,"runStep":0,"walkStep":17},{"distance":25.649998,"mCalorie":1.33,"mOthersTime":0,"mRunTime":0,"mStartTime":76200000,"mTimeUnit":600000,"mWalkTime":24012,"runStep":0,"walkStep":36},{"distance":399.66098,"mCalorie":21.33,"mOthersTime":0,"mRunTime":0,"mStartTime":77400000,"mTimeUnit":600000,"mWalkTime":356725,"runStep":0,"walkStep":570},{"distance":29.55,"mCalorie":1.4399999,"mOthersTime":0,"mRunTime":0,"mStartTime":78000000,"mTimeUnit":600000,"mWalkTime":26680,"runStep":0,"walkStep":40},{"distance":137.12,"mCalorie":7.67,"mOthersTime":0,"mRunTime":0,"mStartTime":80400000,"mTimeUnit":600000,"mWalkTime":127367,"runStep":0,"walkStep":209},{"distance":320.47,"mCalorie":17.400002,"mOthersTime":0,"mRunTime":0,"mStartTime":81000000,"mTimeUnit":600000,"mWalkTime":269378,"runStep":0,"walkStep":438},{"distance":7.56,"mCalorie":0.33,"mOthersTime":0,"mRunTime":0,"mStartTime":81600000,"mTimeUnit":600000,"mWalkTime":6670,"runStep":0,"walkStep":10},{"distance":217.56,"mCalorie":11.13,"mOthersTime":0,"mRunTime":0,"mStartTime":83400000,"mTimeUnit":600000,"mWalkTime":183365,"runStep":0,"walkStep":297},{"distance":214.0,"mCalorie":12.06,"mOthersTime":0,"mRunTime":0,"mStartTime":84000000,"mTimeUnit":600000,"mWalkTime":191369,"runStep":0,"walkStep":306},{"distance":26.08,"mCalorie":1.36,"mOthersTime":0,"mRunTime":0,"mStartTime":84600000,"mTimeUnit":600000,"mWalkTime":24012,"runStep":0,"walkStep":36},{"distance":16.880001,"mCalorie":0.89,"mOthersTime":0,"mRunTime":0,"mStartTime":85200000,"mTimeUnit":600000,"mWalkTime":16008,"runStep":0,"walkStep":24}],"version":1}