{"mActivityList":[{"mActiveTime":1142944,"mActiveTimeType":0,"mCalorie":105.0,"mCategory":204,"mDetailInfoId":"f8f7dcc1-0661-7104-cd43-8f76e9d27e48","mDistance":1110.37,"mDuration":1142944,"mEndTime":61853772,"mStartTime":60710828,"mType":1001},{"mActiveTime":600000,"mActiveTimeType":2,"mCalorie":60.02,"mCategory":204,"mDetailInfoId":"b46c103b-7eef-471f-b54d-4e2ce1dbcec7","mDistance":0.0,"mDuration":600000,"mEndTime":78201019,"mStartTime":77601019,"mType":11007}],"mAdaptiveGoal":0,"mIsGoalAchieved":false,"mIsMostActiveAchieved":false,"mMostActiveMinutes":0,"mStreakDayCount":0,"mUnitDataList":[{"distance":35.27,"mCalorie":1.76,"mOthersTime":0,"mRunTime":0,"mStartTime":0,"mTimeUnit":600000,"mWalkTime":28681,"runStep":0,"walkStep":43},{"distance":8.36,"mCalorie":0.32,"mOthersTime":0,"mRunTime":0,"mStartTime":600000,"mTimeUnit":600000,"mWalkTime":7337,"runStep":0,"walkStep":11},{"distance":7.72,"mCalorie":0.36,"mOthersTime":0,"mRunTime":0,"mStartTime":7200000,"mTimeUnit":600000,"mWalkTime":6670,"runStep":0,"walkStep":10},{"distance":11.94,"mCalorie":0.54,"mOthersTime":0,"mRunTime":0,"mStartTime":7800000,"mTimeUnit":600000,"mWalkTime":10005,"runStep":0,"walkStep":15},{"distance":65.03001,"mCalorie":3.39,"mOthersTime":0,"mRunTime":800,"mStartTime":16200000,"mTimeUnit":600000,"mWalkTime":56695,"runStep":2,"walkStep":85},{"distance":74.97,"mCalorie":3.5,"mOthersTime":0,"mRunTime":0,"mStartTime":16800000,"mTimeUnit":600000,"mWalkTime":66033,"runStep":0,"walkStep":99},{"distance":467.671,"mCalorie":22.479998,"mOthersTime":0,"mRunTime":0,"mStartTime":17400000,"mTimeUnit":600000,"mWalkTime":386043,"runStep":0,"walkStep":648},{"distance":12.74,"mCalorie":0.65,"mOthersTime":0,"mRunTime":0,"mStartTime":18600000,"mTimeUnit":600000,"mWalkTime":11339,"runStep":0,"walkStep":17},{"distance":86.9,"mCalorie":4.23,"mOthersTime":0,"mRunTime":0,"mStartTime":19200000,"mTimeUnit":600000,"mWalkTime":77372,"runStep":0,"walkStep":116},{"distance":369.19003,"mCalorie":18.49,"mOthersTime":0,"mRunTime":0,"mStartTime":19800000,"mTimeUnit":600000,"mWalkTime":300000,"runStep":0,"walkStep":518},{"distance":54.000004,"mCalorie":2.76,"mOthersTime":0,"mRunTime":1600,"mStartTime":20400000,"mTimeUnit":600000,"mWalkTime":42688,"runStep":4,"walkStep":64},{"distance":35.97,"mCalorie":1.79,"mOthersTime":0,"mRunTime":0,"mStartTime":33000000,"mTimeUnit":600000,"mWalkTime":32683,"runStep":0,"walkStep":49},{"distance":13.84,"mCalorie":0.66,"mOthersTime":0,"mRunTime":0,"mStartTime":33600000,"mTimeUnit":600000,"mWalkTime":12006,"runStep":0,"walkStep":18},{"distance":35.22,"mCalorie":1.8499999,"mOthersTime":0,"mRunTime":0,"mStartTime":35400000,"mTimeUnit":600000,"mWalkTime":32683,"runStep":0,"walkStep":49},{"distance":64.24,"mCalorie":3.1700003,"mOthersTime":0,"mRunTime":0,"mStartTime":36000000,"mTimeUnit":600000,"mWalkTime":59363,"runStep":0,"walkStep":89},{"distance":19.48,"mCalorie":0.97,"mOthersTime":0,"mRunTime":0,"mStartTime":36600000,"mTimeUnit":600000,"mWalkTime":18009,"runStep":0,"walkStep":27},{"distance":59.39,"mCalorie":2.73,"mOthersTime":0,"mRunTime":1200,"mStartTime":37200000,"mTimeUnit":600000,"mWalkTime":49358,"runStep":3,"walkStep":74},{"distance":20.0,"mCalorie":1.08,"mOthersTime":0,"mRunTime":0,"mStartTime":37800000,"mTimeUnit":600000,"mWalkTime":18676,"runStep":0,"walkStep":28},{"distance":66.200005,"mCalorie":3.3100004,"mOthersTime":0,"mRunTime":0,"mStartTime":38400000,"mTimeUnit":600000,"mWalkTime":61364,"runStep":0,"walkStep":92},{"distance":82.509995,"mCalorie":4.2999997,"mOthersTime":0,"mRunTime":0,"mStartTime":39000000,"mTimeUnit":600000,"mWalkTime":77372,"runStep":0,"walkStep":116},{"distance":57.709995,"mCalorie":2.79,"mOthersTime":0,"mRunTime":0,"mStartTime":39600000,"mTimeUnit":600000,"mWalkTime":50692,"runStep":0,"walkStep":76},{"distance":60.5,"mCalorie":3.15,"mOthersTime":0,"mRunTime":2400,"mStartTime":40200000,"mTimeUnit":600000,"mWalkTime":45356,"runStep":6,"walkStep":68},{"distance":15.59,"mCalorie":0.6,"mOthersTime":0,"mRunTime":0,"mStartTime":40800000,"mTimeUnit":600000,"mWalkTime":13340,"runStep":0,"walkStep":20},{"distance":57.5,"mCalorie":3.01,"mOthersTime":0,"mRunTime":1200,"mStartTime":41400000,"mTimeUnit":600000,"mWalkTime":51359,"runStep":3,"walkStep":77},{"distance":121.39,"mCalorie":6.1,"mOthersTime":0,"mRunTime":0,"mStartTime":42000000,"mTimeUnit":600000,"mWalkTime":112056,"runStep":0,"walkStep":168},{"distance":18.31,"mCalorie":0.96,"mOthersTime":0,"mRunTime":0,"mStartTime":42600000,"mTimeUnit":600000,"mWalkTime":17342,"runStep":0,"walkStep":26},{"distance":12.86,"mCalorie":0.84999996,"mOthersTime":0,"mRunTime":0,"mStartTime":43200000,"mTimeUnit":600000,"mWalkTime":12673,"runStep":0,"walkStep":19},{"distance":46.88,"mCalorie":2.52,"mOthersTime":0,"mRunTime":0,"mStartTime":43800000,"mTimeUnit":600000,"mWalkTime":44022,"runStep":0,"walkStep":66},{"distance":99.39,"mCalorie":5.2000003,"mOthersTime":0,"mRunTime":1200,"mStartTime":45000000,"mTimeUnit":600000,"mWalkTime":83375,"runStep":3,"walkStep":125},{"distance":82.78,"mCalorie":4.17,"mOthersTime":0,"mRunTime":0,"mStartTime":45600000,"mTimeUnit":600000,"mWalkTime":76038,"runStep":0,"walkStep":114},{"distance":214.94101,"mCalorie":10.949999,"mOthersTime":0,"mRunTime":0,"mStartTime":46200000,"mTimeUnit":600000,"mWalkTime":198099,"runStep":0,"walkStep":297},{"distance":36.02,"mCalorie":1.69,"mOthersTime":0,"mRunTime":400,"mStartTime":46800000,"mTimeUnit":600000,"mWalkTime":29348,"runStep":1,"walkStep":44},{"distance":131.81,"mCalorie":6.8799996,"mOthersTime":0,"mRunTime":0,"mStartTime":47400000,"mTimeUnit":600000,"mWalkTime":121394,"runStep":0,"walkStep":182},{"distance":8.84,"mCalorie":0.45,"mOthersTime":0,"mRunTime":0,"mStartTime":48600000,"mTimeUnit":600000,"mWalkTime":8004,"runStep":0,"walkStep":12},{"distance":122.61,"mCalorie":6.49,"mOthersTime":0,"mRunTime":0,"mStartTime":49800000,"mTimeUnit":600000,"mWalkTime":114724,"runStep":0,"walkStep":172},{"distance":231.96999,"mCalorie":12.319998,"mOthersTime":0,"mRunTime":0,"mStartTime":50400000,"mTimeUnit":600000,"mWalkTime":201404,"runStep":0,"walkStep":318},{"distance":53.289997,"mCalorie":2.5200002,"mOthersTime":0,"mRunTime":1600,"mStartTime":51000000,"mTimeUnit":600000,"mWalkTime":35351,"runStep":4,"walkStep":53},{"distance":28.49,"mCalorie":1.3299999,"mOthersTime":0,"mRunTime":0,"mStartTime":51600000,"mTimeUnit":600000,"mWalkTime":25346,"runStep":0,"walkStep":38},{"distance":84.35,"mCalorie":4.34,"mOthersTime":0,"mRunTime":0,"mStartTime":52200000,"mTimeUnit":600000,"mWalkTime":80040,"runStep":0,"walkStep":120},{"distance":159.58,"mCalorie":8.139999,"mOthersTime":0,"mRunTime":0,"mStartTime":54000000,"mTimeUnit":600000,"mWalkTime":151409,"runStep":0,"walkStep":227},{"distance":6.77,"mCalorie":0.49,"mOthersTime":0,"mRunTime":0,"mStartTime":54600000,"mTimeUnit":600000,"mWalkTime":6670,"runStep":0,"walkStep":10},{"distance":218.71,"mCalorie":11.48,"mOthersTime":0,"mRunTime":0,"mStartTime":55200000,"mTimeUnit":600000,"mWalkTime":186033,"runStep":0,"walkStep":297},{"distance":45.2,"mCalorie":2.51,"mOthersTime":0,"mRunTime":1200,"mStartTime":55800000,"mTimeUnit":600000,"mWalkTime":40687,"runStep":3,"walkStep":61},{"distance":8.54,"mCalorie":0.46,"mOthersTime":0,"mRunTime":0,"mStartTime":56400000,"mTimeUnit":600000,"mWalkTime":8004,"runStep":0,"walkStep":12},{"distance":5.08,"mCalorie":0.26,"mOthersTime":0,"mRunTime":0,"mStartTime":57000000,"mTimeUnit":600000,"mWalkTime":4669,"runStep":0,"walkStep":7},{"distance":6.52,"mCalorie":0.33999997,"mOthersTime":0,"mRunTime":0,"mStartTime":57600000,"mTimeUnit":600000,"mWalkTime":6003,"runStep":0,"walkStep":9},{"distance":42.93,"mCalorie":2.1299999,"mOthersTime":0,"mRunTime":0,"mStartTime":58800000,"mTimeUnit":600000,"mWalkTime":40020,"runStep":0,"walkStep":60},{"distance":26.61,"mCalorie":1.25,"mOthersTime":0,"mRunTime":0,"mStartTime":59400000,"mTimeUnit":600000,"mWalkTime":24012,"runStep":0,"walkStep":36},{"distance":67.61,"mCalorie":3.4199998,"mOthersTime":0,"mRunTime":0,"mStartTime":60000000,"mTimeUnit":600000,"mWalkTime":62698,"runStep":0,"walkStep":94},{"distance":536.99445,"mCalorie":48.062572,"mOthersTime":0,"mRunTime":0,"mStartTime":60600000,"mTimeUnit":600000,"mWalkTime":544770,"runStep":0,"walkStep":833},{"distance":582.89996,"mCalorie":55.12081,"mOthersTime":0,"mRunTime":0,"mStartTime":61200000,"mTimeUnit":600000,"mWalkTime":600000,"runStep":0,"walkStep":769},{"distance":142.61557,"mCalorie":9.848741,"mOthersTime":0,"mRunTime":0,"mStartTime":61800000,"mTimeUnit":600000,"mWalkTime":137915,"runStep":0,"walkStep":162},{"distance":57.670002,"mCalorie":2.6899998,"mOthersTime":0,"mRunTime":0,"mStartTime":63000000,"mTimeUnit":600000,"mWalkTime":52693,"runStep":0,"walkStep":79},{"distance":22.69,"mCalorie":1.02,"mOthersTime":0,"mRunTime":0,"mStartTime":63600000,"mTimeUnit":600000,"mWalkTime":20010,"runStep":0,"walkStep":30},{"distance":115.37,"mCalorie":7.3199997,"mOthersTime":0,"mRunTime":23600,"mStartTime":64200000,"mTimeUnit":600000,"mWalkTime":32016,"runStep":59,"walkStep":48},{"distance":167.85,"mCalorie":8.91,"mOthersTime":0,"mRunTime":0,"mStartTime":64800000,"mTimeUnit":600000,"mWalkTime":154744,"runStep":0,"walkStep":232},{"distance":107.68,"mCalorie":5.63,"mOthersTime":0,"mRunTime":0,"mStartTime":65400000,"mTimeUnit":600000,"mWalkTime":97352,"runStep":0,"walkStep":147},{"distance":39.15,"mCalorie":2.03,"mOthersTime":0,"mRunTime":0,"mStartTime":66000000,"mTimeUnit":600000,"mWalkTime":36018,"runStep":0,"walkStep":54},{"distance":75.1,"mCalorie":4.1400003,"mOthersTime":0,"mRunTime":2000,"mStartTime":66600000,"mTimeUnit":600000,"mWalkTime":60030,"runStep":5,"walkStep":90},{"distance":49.8,"mCalorie":2.65,"mOthersTime":0,"mRunTime":0,"mStartTime":67800000,"mTimeUnit":600000,"mWalkTime":43355,"runStep":0,"walkStep":65},{"distance":8.2,"mCalorie":0.37,"mOthersTime":0,"mRunTime":0,"mStartTime":68400000,"mTimeUnit":600000,"mWalkTime":7337,"runStep":0,"walkStep":11},{"distance":9.99,"mCalorie":0.44,"mOthersTime":0,"mRunTime":0,"mStartTime":69000000,"mTimeUnit":600000,"mWalkTime":8671,"runStep":0,"walkStep":13},{"distance":30.81,"mCalorie":1.43,"mOthersTime":0,"mRunTime":0,"mStartTime":69600000,"mTimeUnit":600000,"mWalkTime":28014,"runStep":0,"walkStep":42},{"distance":46.190002,"mCalorie":2.3500001,"mOthersTime":0,"mRunTime":0,"mStartTime":70800000,"mTimeUnit":600000,"mWalkTime":43355,"runStep":0,"walkStep":65},{"distance":8.66,"mCalorie":0.39,"mOthersTime":0,"mRunTime":0,"mStartTime":72000000,"mTimeUnit":600000,"mWalkTime":7337,"runStep":0,"walkStep":11},{"distance":22.08,"mCalorie":1.14,"mOthersTime":0,"mRunTime":400,"mStartTime":72600000,"mTimeUnit":600000,"mWalkTime":17342,"runStep":1,"walkStep":26},{"distance":11.29,"mCalorie":0.57,"mOthersTime":0,"mRunTime":0,"mStartTime":73200000,"mTimeUnit":600000,"mWalkTime":10005,"runStep":0,"walkStep":15},{"distance":30.95,"mCalorie":1.69,"mOthersTime":0,"mRunTime":1200,"mStartTime":73800000,"mTimeUnit":600000,"mWalkTime":24012,"runStep":3,"walkStep":36},{"distance":243.10101,"mCalorie":14.16,"mOthersTime":0,"mRunTime":17200,"mStartTime":74400000,"mTimeUnit":600000,"mWalkTime":191429,"runStep":43,"walkStep":287},{"distance":413.34998,"mCalorie":20.96,"mOthersTime":0,"mRunTime":0,"mStartTime":75000000,"mTimeUnit":600000,"mWalkTime":340777,"runStep":0,"walkStep":557},{"distance":65.32,"mCalorie":3.43,"mOthersTime":0,"mRunTime":0,"mStartTime":75600000,"mTimeUnit":600000,"mWalkTime":60030,"runStep":0,"walkStep":90},{"distance":40.010002,"mCalorie":2.1100001,"mOthersTime":0,"mRunTime":0,"mStartTime":76800000,"mTimeUnit":600000,"mWalkTime":36018,"runStep":0,"walkStep":54},{"distance":80.66279,"mCalorie":44.04904,"mOthersTime":398981,"mRunTime":0,"mStartTime":77400000,"mTimeUnit":600000,"mWalkTime":72171,"runStep":7,"walkStep":427},{"distance":35.86,"mCalorie":21.998602,"mOthersTime":201019,"mRunTime":0,"mStartTime":78000000,"mTimeUnit":600000,"mWalkTime":33350,"runStep":0,"walkStep":128},{"distance":32.411,"mCalorie":1.55,"mOthersTime":0,"mRunTime":0,"mStartTime":79800000,"mTimeUnit":600000,"mWalkTime":28014,"runStep":0,"walkStep":42},{"distance":342.19998,"mCalorie":18.939999,"mOthersTime":0,"mRunTime":0,"mStartTime":80400000,"mTimeUnit":600000,"mWalkTime":295391,"runStep":0,"walkStep":492},{"distance":181.14,"mCalorie":8.91,"mOthersTime":0,"mRunTime":0,"mStartTime":81000000,"mTimeUnit":600000,"mWalkTime":154714,"runStep":0,"walkStep":243},{"distance":22.85,"mCalorie":1.15,"mOthersTime":0,"mRunTime":0,"mStartTime":82800000,"mTimeUnit":600000,"mWalkTime":20677,"runStep":0,"walkStep":31},{"distance":426.79,"mCalorie":23.119999,"mOthersTime":0,"mRunTime":0,"mStartTime":83400000,"mTimeUnit":600000,"mWalkTime":346690,"runStep":0,"walkStep":583},{"distance":5.24,"mCalorie":0.25,"mOthersTime":0,"mRunTime":0,"mStartTime":84000000,"mTimeUnit":600000,"mWalkTime":4669,"runStep":0,"walkStep":7},{"distance":38.999996,"mCalorie":1.9600002,"mOthersTime":0,"mRunTime":0,"mStartTime":84600000,"mTimeUnit":600000,"mWalkTime":32683,"runStep":0,"walkStep":49},{"distance":65.850006,"mCalorie":3.2199998,"mOthersTime":0,"mRunTime":1600,"mStartTime":85200000,"mTimeUnit":600000,"mWalkTime":53360,"runStep":4,"walkStep":80}],"version":1}