{"mActivityList":[{"mActiveTime":638880,"mActiveTimeType":2,"mCalorie":59.63,"mCategory":204,"mDetailInfoId":"b02c1bf1-d251-4da2-cb18-79711a6cc95f","mDistance":0.0,"mDuration":638880,"mEndTime":65804056,"mStartTime":65165176,"mType":11007}],"mAdaptiveGoal":0,"mIsGoalAchieved":false,"mIsMostActiveAchieved":false,"mMostActiveMinutes":0,"mStreakDayCount":0,"mUnitDataList":[{"distance":14.35,"mCalorie":0.73,"mOthersTime":0,"mRunTime":0,"mStartTime":19200000,"mTimeUnit":600000,"mWalkTime":13340,"runStep":0,"walkStep":20},{"distance":120.88801,"mCalorie":6.2999997,"mOthersTime":0,"mRunTime":0,"mStartTime":19800000,"mTimeUnit":600000,"mWalkTime":118726,"runStep":0,"walkStep":178},{"distance":129.38,"mCalorie":6.16,"mOthersTime":0,"mRunTime":0,"mStartTime":20400000,"mTimeUnit":600000,"mWalkTime":113390,"runStep":0,"walkStep":170},{"distance":10.2,"mCalorie":0.43,"mOthersTime":0,"mRunTime":0,"mStartTime":22200000,"mTimeUnit":600000,"mWalkTime":8671,"runStep":0,"walkStep":13},{"distance":41.53,"mCalorie":2.19,"mOthersTime":0,"mRunTime":0,"mStartTime":22800000,"mTimeUnit":600000,"mWalkTime":38019,"runStep":0,"walkStep":57},{"distance":53.18,"mCalorie":2.78,"mOthersTime":0,"mRunTime":800,"mStartTime":23400000,"mTimeUnit":600000,"mWalkTime":47357,"runStep":2,"walkStep":71},{"distance":71.03,"mCalorie":3.24,"mOthersTime":0,"mRunTime":0,"mStartTime":30000000,"mTimeUnit":600000,"mWalkTime":60697,"runStep":0,"walkStep":91},{"distance":38.269997,"mCalorie":2.0,"mOthersTime":0,"mRunTime":400,"mStartTime":30600000,"mTimeUnit":600000,"mWalkTime":34684,"runStep":1,"walkStep":52},{"distance":25.61,"mCalorie":1.5,"mOthersTime":0,"mRunTime":800,"mStartTime":31200000,"mTimeUnit":600000,"mWalkTime":22678,"runStep":2,"walkStep":34},{"distance":7.51,"mCalorie":0.36,"mOthersTime":0,"mRunTime":0,"mStartTime":33600000,"mTimeUnit":600000,"mWalkTime":6670,"runStep":0,"walkStep":10},{"distance":12.08,"mCalorie":0.44,"mOthersTime":0,"mRunTime":0,"mStartTime":34200000,"mTimeUnit":600000,"mWalkTime":9338,"runStep":0,"walkStep":14},{"distance":18.82,"mCalorie":1.12,"mOthersTime":0,"mRunTime":1200,"mStartTime":34800000,"mTimeUnit":600000,"mWalkTime":15341,"runStep":3,"walkStep":23},{"distance":84.589,"mCalorie":4.87,"mOthersTime":0,"mRunTime":0,"mStartTime":35400000,"mTimeUnit":600000,"mWalkTime":88044,"runStep":0,"walkStep":132},{"distance":452.961,"mCalorie":24.039999,"mOthersTime":0,"mRunTime":0,"mStartTime":36600000,"mTimeUnit":600000,"mWalkTime":404809,"runStep":0,"walkStep":621},{"distance":169.94,"mCalorie":8.709999,"mOthersTime":0,"mRunTime":0,"mStartTime":37200000,"mTimeUnit":600000,"mWalkTime":154744,"runStep":0,"walkStep":232},{"distance":390.81,"mCalorie":22.41,"mOthersTime":0,"mRunTime":0,"mStartTime":37800000,"mTimeUnit":600000,"mWalkTime":341384,"runStep":0,"walkStep":548},{"distance":348.02,"mCalorie":18.22,"mOthersTime":0,"mRunTime":0,"mStartTime":38400000,"mTimeUnit":600000,"mWalkTime":318129,"runStep":0,"walkStep":479},{"distance":251.88,"mCalorie":13.64,"mOthersTime":0,"mRunTime":0,"mStartTime":39000000,"mTimeUnit":600000,"mWalkTime":210682,"runStep":0,"walkStep":342},{"distance":185.58003,"mCalorie":9.689998,"mOthersTime":0,"mRunTime":0,"mStartTime":39600000,"mTimeUnit":600000,"mWalkTime":167417,"runStep":0,"walkStep":251},{"distance":342.75003,"mCalorie":17.93,"mOthersTime":0,"mRunTime":0,"mStartTime":40200000,"mTimeUnit":600000,"mWalkTime":280080,"runStep":0,"walkStep":456},{"distance":155.62001,"mCalorie":7.93,"mOthersTime":0,"mRunTime":0,"mStartTime":40800000,"mTimeUnit":600000,"mWalkTime":140737,"runStep":0,"walkStep":211},{"distance":463.87003,"mCalorie":23.9,"mOthersTime":0,"mRunTime":0,"mStartTime":41400000,"mTimeUnit":600000,"mWalkTime":376068,"runStep":0,"walkStep":616},{"distance":160.13,"mCalorie":8.460001,"mOthersTime":0,"mRunTime":0,"mStartTime":42000000,"mTimeUnit":600000,"mWalkTime":147407,"runStep":0,"walkStep":221},{"distance":29.48,"mCalorie":1.6,"mOthersTime":0,"mRunTime":0,"mStartTime":42600000,"mTimeUnit":600000,"mWalkTime":26680,"runStep":0,"walkStep":40},{"distance":9.99,"mCalorie":0.71,"mOthersTime":0,"mRunTime":400,"mStartTime":43200000,"mTimeUnit":600000,"mWalkTime":6670,"runStep":1,"walkStep":10},{"distance":6.8899994,"mCalorie":0.32,"mOthersTime":0,"mRunTime":0,"mStartTime":43800000,"mTimeUnit":600000,"mWalkTime":6003,"runStep":0,"walkStep":9},{"distance":122.812004,"mCalorie":6.16,"mOthersTime":0,"mRunTime":0,"mStartTime":44400000,"mTimeUnit":600000,"mWalkTime":112056,"runStep":0,"walkStep":168},{"distance":61.1,"mCalorie":3.37,"mOthersTime":0,"mRunTime":3600,"mStartTime":45600000,"mTimeUnit":600000,"mWalkTime":44022,"runStep":9,"walkStep":66},{"distance":99.729996,"mCalorie":5.86,"mOthersTime":0,"mRunTime":0,"mStartTime":46200000,"mTimeUnit":600000,"mWalkTime":102021,"runStep":0,"walkStep":154},{"distance":209.9,"mCalorie":10.59,"mOthersTime":0,"mRunTime":0,"mStartTime":47400000,"mTimeUnit":600000,"mWalkTime":171389,"runStep":0,"walkStep":279},{"distance":13.28,"mCalorie":0.77,"mOthersTime":0,"mRunTime":0,"mStartTime":48000000,"mTimeUnit":600000,"mWalkTime":12673,"runStep":0,"walkStep":19},{"distance":173.98001,"mCalorie":8.54,"mOthersTime":0,"mRunTime":0,"mStartTime":49200000,"mTimeUnit":600000,"mWalkTime":152046,"runStep":0,"walkStep":232},{"distance":79.45999,"mCalorie":3.7999997,"mOthersTime":0,"mRunTime":0,"mStartTime":49800000,"mTimeUnit":600000,"mWalkTime":70035,"runStep":0,"walkStep":105},{"distance":114.412,"mCalorie":5.231,"mOthersTime":0,"mRunTime":0,"mStartTime":50400000,"mTimeUnit":600000,"mWalkTime":100717,"runStep":0,"walkStep":151},{"distance":128.548,"mCalorie":5.8999996,"mOthersTime":0,"mRunTime":800,"mStartTime":51000000,"mTimeUnit":600000,"mWalkTime":108054,"runStep":2,"walkStep":162},{"distance":7.22,"mCalorie":0.35,"mOthersTime":0,"mRunTime":0,"mStartTime":51600000,"mTimeUnit":600000,"mWalkTime":6670,"runStep":0,"walkStep":10},{"distance":100.65,"mCalorie":5.95,"mOthersTime":0,"mRunTime":0,"mStartTime":52200000,"mTimeUnit":600000,"mWalkTime":95381,"runStep":0,"walkStep":143},{"distance":19.94,"mCalorie":0.98,"mOthersTime":0,"mRunTime":0,"mStartTime":52800000,"mTimeUnit":600000,"mWalkTime":18009,"runStep":0,"walkStep":27},{"distance":6.19,"mCalorie":0.27,"mOthersTime":0,"mRunTime":0,"mStartTime":54000000,"mTimeUnit":600000,"mWalkTime":5336,"runStep":0,"walkStep":8},{"distance":65.72,"mCalorie":3.4100003,"mOthersTime":0,"mRunTime":400,"mStartTime":55800000,"mTimeUnit":600000,"mWalkTime":52693,"runStep":1,"walkStep":79},{"distance":11.21,"mCalorie":0.62000006,"mOthersTime":0,"mRunTime":0,"mStartTime":56400000,"mTimeUnit":600000,"mWalkTime":10672,"runStep":0,"walkStep":16},{"distance":55.579998,"mCalorie":2.69,"mOthersTime":0,"mRunTime":0,"mStartTime":58800000,"mTimeUnit":600000,"mWalkTime":49358,"runStep":0,"walkStep":74},{"distance":307.26996,"mCalorie":16.33,"mOthersTime":0,"mRunTime":0,"mStartTime":59400000,"mTimeUnit":600000,"mWalkTime":285446,"runStep":0,"walkStep":434},{"distance":116.56999,"mCalorie":6.6,"mOthersTime":0,"mRunTime":0,"mStartTime":60000000,"mTimeUnit":600000,"mWalkTime":108054,"runStep":0,"walkStep":162},{"distance":105.07001,"mCalorie":5.359999,"mOthersTime":0,"mRunTime":0,"mStartTime":60600000,"mTimeUnit":600000,"mWalkTime":94714,"runStep":0,"walkStep":142},{"distance":26.21,"mCalorie":1.42,"mOthersTime":0,"mRunTime":0,"mStartTime":61200000,"mTimeUnit":600000,"mWalkTime":24679,"runStep":0,"walkStep":37},{"distance":46.96,"mCalorie":2.51,"mOthersTime":0,"mRunTime":0,"mStartTime":61800000,"mTimeUnit":600000,"mWalkTime":43355,"runStep":0,"walkStep":65},{"distance":305.27997,"mCalorie":17.25,"mOthersTime":0,"mRunTime":0,"mStartTime":62400000,"mTimeUnit":600000,"mWalkTime":284082,"runStep":0,"walkStep":431},{"distance":107.679,"mCalorie":5.131,"mOthersTime":0,"mRunTime":0,"mStartTime":63000000,"mTimeUnit":600000,"mWalkTime":96048,"runStep":0,"walkStep":144},{"distance":29.55,"mCalorie":1.4100001,"mOthersTime":0,"mRunTime":0,"mStartTime":63600000,"mTimeUnit":600000,"mWalkTime":26680,"runStep":0,"walkStep":40},{"distance":43.989,"mCalorie":1.9100001,"mOthersTime":0,"mRunTime":0,"mStartTime":64200000,"mTimeUnit":600000,"mWalkTime":37352,"runStep":0,"walkStep":56},{"distance":105.60987,"mCalorie":27.53592,"mOthersTime":234823,"mRunTime":4400,"mStartTime":64800000,"mTimeUnit":600000,"mWalkTime":77811,"runStep":11,"walkStep":166},{"distance":9.06,"mCalorie":38.11265,"mOthersTime":404056,"mRunTime":0,"mStartTime":65400000,"mTimeUnit":600000,"mWalkTime":8004,"runStep":0,"walkStep":12},{"distance":79.22,"mCalorie":4.32,"mOthersTime":0,"mRunTime":4000,"mStartTime":66000000,"mTimeUnit":600000,"mWalkTime":62698,"runStep":10,"walkStep":94},{"distance":62.359997,"mCalorie":3.12,"mOthersTime":0,"mRunTime":0,"mStartTime":66600000,"mTimeUnit":600000,"mWalkTime":57362,"runStep":0,"walkStep":86},{"distance":65.67,"mCalorie":2.98,"mOthersTime":0,"mRunTime":0,"mStartTime":67200000,"mTimeUnit":600000,"mWalkTime":57362,"runStep":0,"walkStep":86},{"distance":27.0,"mCalorie":1.28,"mOthersTime":0,"mRunTime":0,"mStartTime":67800000,"mTimeUnit":600000,"mWalkTime":24012,"runStep":0,"walkStep":36},{"distance":86.90001,"mCalorie":4.53,"mOthersTime":0,"mRunTime":8400,"mStartTime":69000000,"mTimeUnit":600000,"mWalkTime":60030,"runStep":21,"walkStep":90},{"distance":34.370003,"mCalorie":1.79,"mOthersTime":0,"mRunTime":0,"mStartTime":70200000,"mTimeUnit":600000,"mWalkTime":32016,"runStep":0,"walkStep":48},{"distance":8.81,"mCalorie":0.56,"mOthersTime":0,"mRunTime":0,"mStartTime":70800000,"mTimeUnit":600000,"mWalkTime":8671,"runStep":0,"walkStep":13},{"distance":9.21,"mCalorie":0.48,"mOthersTime":0,"mRunTime":0,"mStartTime":71400000,"mTimeUnit":600000,"mWalkTime":8671,"runStep":0,"walkStep":13},{"distance":24.77,"mCalorie":1.6800001,"mOthersTime":0,"mRunTime":0,"mStartTime":72000000,"mTimeUnit":600000,"mWalkTime":22678,"runStep":0,"walkStep":34},{"distance":31.419998,"mCalorie":1.4000001,"mOthersTime":0,"mRunTime":0,"mStartTime":72600000,"mTimeUnit":600000,"mWalkTime":28014,"runStep":0,"walkStep":42},{"distance":8.08,"mCalorie":0.41,"mOthersTime":0,"mRunTime":0,"mStartTime":73200000,"mTimeUnit":600000,"mWalkTime":7337,"runStep":0,"walkStep":11},{"distance":107.56,"mCalorie":5.66,"mOthersTime":0,"mRunTime":6000,"mStartTime":73800000,"mTimeUnit":600000,"mWalkTime":83375,"runStep":15,"walkStep":125},{"distance":17.16,"mCalorie":0.79999995,"mOthersTime":0,"mRunTime":0,"mStartTime":74400000,"mTimeUnit":600000,"mWalkTime":15341,"runStep":0,"walkStep":23},{"distance":138.39,"mCalorie":7.31,"mOthersTime":0,"mRunTime":0,"mStartTime":75000000,"mTimeUnit":600000,"mWalkTime":136735,"runStep":0,"walkStep":205},{"distance":197.131,"mCalorie":9.84,"mOthersTime":0,"mRunTime":0,"mStartTime":76200000,"mTimeUnit":600000,"mWalkTime":168054,"runStep":0,"walkStep":266},{"distance":27.16,"mCalorie":1.38,"mOthersTime":0,"mRunTime":0,"mStartTime":76800000,"mTimeUnit":600000,"mWalkTime":24679,"runStep":0,"walkStep":37},{"distance":7.65,"mCalorie":0.35,"mOthersTime":0,"mRunTime":0,"mStartTime":78000000,"mTimeUnit":600000,"mWalkTime":6670,"runStep":0,"walkStep":10},{"distance":20.75,"mCalorie":1.1,"mOthersTime":0,"mRunTime":0,"mStartTime":78600000,"mTimeUnit":600000,"mWalkTime":19343,"runStep":0,"walkStep":29},{"distance":160.419,"mCalorie":7.9100003,"mOthersTime":0,"mRunTime":0,"mStartTime":79200000,"mTimeUnit":600000,"mWalkTime":140040,"runStep":0,"walkStep":213},{"distance":69.411995,"mCalorie":3.62,"mOthersTime":0,"mRunTime":0,"mStartTime":79800000,"mTimeUnit":600000,"mWalkTime":64032,"runStep":0,"walkStep":96},{"distance":51.656002,"mCalorie":2.41,"mOthersTime":0,"mRunTime":0,"mStartTime":80400000,"mTimeUnit":600000,"mWalkTime":46023,"runStep":0,"walkStep":69},{"distance":98.21001,"mCalorie":5.0,"mOthersTime":0,"mRunTime":0,"mStartTime":81000000,"mTimeUnit":600000,"mWalkTime":90712,"runStep":0,"walkStep":136},{"distance":57.809,"mCalorie":3.2,"mOthersTime":0,"mRunTime":2000,"mStartTime":81600000,"mTimeUnit":600000,"mWalkTime":46023,"runStep":5,"walkStep":69}],"version":1}