{"mAdaptiveGoal":0,"mIsGoalAchieved":false,"mIsMostActiveAchieved":false,"mMostActiveMinutes":0,"mStreakDayCount":0,"mUnitDataList":[{"distance":6.78,"mCalorie":0.39,"mOthersTime":0,"mRunTime":0,"mStartTime":24000000,"mTimeUnit":600000,"mWalkTime":6670,"runStep":0,"walkStep":10},{"distance":21.46,"mCalorie":1.1,"mOthersTime":0,"mRunTime":0,"mStartTime":31200000,"mTimeUnit":600000,"mWalkTime":20010,"runStep":0,"walkStep":30},{"distance":66.380005,"mCalorie":2.85,"mOthersTime":0,"mRunTime":0,"mStartTime":31800000,"mTimeUnit":600000,"mWalkTime":56695,"runStep":0,"walkStep":85},{"distance":63.329998,"mCalorie":3.04,"mOthersTime":0,"mRunTime":0,"mStartTime":33000000,"mTimeUnit":600000,"mWalkTime":56028,"runStep":0,"walkStep":84},{"distance":14.77,"mCalorie":0.81,"mOthersTime":0,"mRunTime":0,"mStartTime":36000000,"mTimeUnit":600000,"mWalkTime":14007,"runStep":0,"walkStep":21},{"distance":132.59,"mCalorie":7.0099998,"mOthersTime":0,"mRunTime":0,"mStartTime":36600000,"mTimeUnit":600000,"mWalkTime":126063,"runStep":0,"walkStep":189},{"distance":39.6,"mCalorie":1.85,"mOthersTime":0,"mRunTime":0,"mStartTime":37200000,"mTimeUnit":600000,"mWalkTime":35351,"runStep":0,"walkStep":53},{"distance":21.96,"mCalorie":1.0799999,"mOthersTime":0,"mRunTime":0,"mStartTime":37800000,"mTimeUnit":600000,"mWalkTime":20010,"runStep":0,"walkStep":30},{"distance":37.53,"mCalorie":1.73,"mOthersTime":0,"mRunTime":1600,"mStartTime":43200000,"mTimeUnit":600000,"mWalkTime":25346,"runStep":4,"walkStep":38},{"distance":7.64,"mCalorie":0.38,"mOthersTime":0,"mRunTime":0,"mStartTime":43800000,"mTimeUnit":600000,"mWalkTime":6670,"runStep":0,"walkStep":10},{"distance":6.77,"mCalorie":0.42,"mOthersTime":0,"mRunTime":0,"mStartTime":45000000,"mTimeUnit":600000,"mWalkTime":6670,"runStep":0,"walkStep":10},{"distance":31.99,"mCalorie":1.4200001,"mOthersTime":0,"mRunTime":0,"mStartTime":45600000,"mTimeUnit":600000,"mWalkTime":28681,"runStep":0,"walkStep":43},{"distance":37.36,"mCalorie":1.8600001,"mOthersTime":0,"mRunTime":0,"mStartTime":46200000,"mTimeUnit":600000,"mWalkTime":34684,"runStep":0,"walkStep":52},{"distance":8.78,"mCalorie":0.37,"mOthersTime":0,"mRunTime":0,"mStartTime":46800000,"mTimeUnit":600000,"mWalkTime":8004,"runStep":0,"walkStep":12},{"distance":24.82,"mCalorie":1.39,"mOthersTime":0,"mRunTime":4800,"mStartTime":49800000,"mTimeUnit":600000,"mWalkTime":11339,"runStep":12,"walkStep":17},{"distance":8.151,"mCalorie":0.4,"mOthersTime":0,"mRunTime":0,"mStartTime":51600000,"mTimeUnit":600000,"mWalkTime":7337,"runStep":0,"walkStep":11},{"distance":27.71,"mCalorie":1.5,"mOthersTime":0,"mRunTime":0,"mStartTime":52800000,"mTimeUnit":600000,"mWalkTime":26013,"runStep":0,"walkStep":39},{"distance":123.409996,"mCalorie":6.38,"mOthersTime":0,"mRunTime":400,"mStartTime":54000000,"mTimeUnit":600000,"mWalkTime":109388,"runStep":1,"walkStep":164},{"distance":88.7,"mCalorie":4.82,"mOthersTime":0,"mRunTime":0,"mStartTime":54600000,"mTimeUnit":600000,"mWalkTime":84709,"runStep":0,"walkStep":127},{"distance":88.08,"mCalorie":4.74,"mOthersTime":0,"mRunTime":0,"mStartTime":55200000,"mTimeUnit":600000,"mWalkTime":83375,"runStep":0,"walkStep":125},{"distance":167.4,"mCalorie":9.05,"mOthersTime":0,"mRunTime":0,"mStartTime":55800000,"mTimeUnit":600000,"mWalkTime":159413,"runStep":0,"walkStep":239},{"distance":127.009995,"mCalorie":7.0499997,"mOthersTime":0,"mRunTime":400,"mStartTime":56400000,"mTimeUnit":600000,"mWalkTime":116058,"runStep":1,"walkStep":174},{"distance":141.73,"mCalorie":7.0999994,"mOthersTime":0,"mRunTime":0,"mStartTime":57600000,"mTimeUnit":600000,"mWalkTime":130732,"runStep":0,"walkStep":196},{"distance":175.20001,"mCalorie":8.46,"mOthersTime":0,"mRunTime":800,"mStartTime":58200000,"mTimeUnit":600000,"mWalkTime":153410,"runStep":2,"walkStep":230},{"distance":389.86,"mCalorie":19.45,"mOthersTime":0,"mRunTime":4380,"mStartTime":58800000,"mTimeUnit":600000,"mWalkTime":322390,"runStep":13,"walkStep":503},{"distance":74.229996,"mCalorie":3.58,"mOthersTime":0,"mRunTime":0,"mStartTime":59400000,"mTimeUnit":600000,"mWalkTime":66033,"runStep":0,"walkStep":99},{"distance":43.789997,"mCalorie":2.32,"mOthersTime":0,"mRunTime":800,"mStartTime":60600000,"mTimeUnit":600000,"mWalkTime":34017,"runStep":2,"walkStep":51},{"distance":22.45,"mCalorie":1.05,"mOthersTime":0,"mRunTime":0,"mStartTime":61800000,"mTimeUnit":600000,"mWalkTime":19343,"runStep":0,"walkStep":29},{"distance":10.96,"mCalorie":0.61,"mOthersTime":0,"mRunTime":0,"mStartTime":65400000,"mTimeUnit":600000,"mWalkTime":9338,"runStep":0,"walkStep":14},{"distance":9.99,"mCalorie":0.44,"mOthersTime":0,"mRunTime":0,"mStartTime":67800000,"mTimeUnit":600000,"mWalkTime":8671,"runStep":0,"walkStep":13},{"distance":10.83,"mCalorie":0.77,"mOthersTime":0,"mRunTime":800,"mStartTime":69000000,"mTimeUnit":600000,"mWalkTime":6670,"runStep":2,"walkStep":10},{"distance":9.3,"mCalorie":0.46,"mOthersTime":0,"mRunTime":0,"mStartTime":70200000,"mTimeUnit":600000,"mWalkTime":8671,"runStep":0,"walkStep":13},{"distance":10.91,"mCalorie":0.62,"mOthersTime":0,"mRunTime":0,"mStartTime":78000000,"mTimeUnit":600000,"mWalkTime":10672,"runStep":0,"walkStep":16},{"distance":37.53,"mCalorie":2.1,"mOthersTime":0,"mRunTime":400,"mStartTime":78600000,"mTimeUnit":600000,"mWalkTime":33350,"runStep":1,"walkStep":50}],"version":1}