{"mActivityList":[{"mActiveTime":1454825,"mActiveTimeType":0,"mCalorie":142.0,"mCategory":204,"mDetailInfoId":"1262809e-cd6b-4a8a-0ae1-a39487785626","mDistance":1733.55,"mDuration":1454825,"mEndTime":26027318,"mStartTime":24572493,"mType":1001},{"mActiveTime":1306602,"mActiveTimeType":0,"mCalorie":94.0,"mCategory":204,"mDetailInfoId":"025ac74a-815c-6926-fcb0-9a66081850f6","mDistance":1644.201,"mDuration":1306602,"mEndTime":29652796,"mStartTime":28346194,"mType":1001}],"mAdaptiveGoal":0,"mIsGoalAchieved":false,"mIsMostActiveAchieved":false,"mMostActiveMinutes":0,"mStreakDayCount":0,"mUnitDataList":[{"distance":13.45,"mCalorie":0.71,"mOthersTime":0,"mRunTime":1200,"mStartTime":15600000,"mTimeUnit":600000,"mWalkTime":7337,"runStep":3,"walkStep":11},{"distance":17.27,"mCalorie":1.07,"mOthersTime":0,"mRunTime":2000,"mStartTime":22800000,"mTimeUnit":600000,"mWalkTime":9338,"runStep":5,"walkStep":14},{"distance":58.67,"mCalorie":3.22,"mOthersTime":0,"mRunTime":3600,"mStartTime":23400000,"mTimeUnit":600000,"mWalkTime":39353,"runStep":9,"walkStep":59},{"distance":79.09161,"mCalorie":5.437927,"mOthersTime":0,"mRunTime":0,"mStartTime":24000000,"mTimeUnit":600000,"mWalkTime":77555,"runStep":0,"walkStep":103},{"distance":714.952,"mCalorie":58.563747,"mOthersTime":0,"mRunTime":0,"mStartTime":24600000,"mTimeUnit":600000,"mWalkTime":600000,"runStep":0,"walkStep":940},{"distance":714.952,"mCalorie":58.563747,"mOthersTime":0,"mRunTime":0,"mStartTime":25200000,"mTimeUnit":600000,"mWalkTime":600000,"runStep":0,"walkStep":1048},{"distance":275.6798,"mCalorie":22.40325,"mOthersTime":0,"mRunTime":0,"mStartTime":25800000,"mTimeUnit":600000,"mWalkTime":231547,"runStep":0,"walkStep":300},{"distance":21.62,"mCalorie":0.88,"mOthersTime":0,"mRunTime":0,"mStartTime":27600000,"mTimeUnit":600000,"mWalkTime":17342,"runStep":0,"walkStep":26},{"distance":590.1119,"mCalorie":33.647602,"mOthersTime":0,"mRunTime":0,"mStartTime":28200000,"mTimeUnit":600000,"mWalkTime":471568,"runStep":0,"walkStep":756},{"distance":755.02765,"mCalorie":43.1654,"mOthersTime":0,"mRunTime":0,"mStartTime":28800000,"mTimeUnit":600000,"mWalkTime":600000,"runStep":0,"walkStep":1069},{"distance":367.66327,"mCalorie":20.566736,"mOthersTime":0,"mRunTime":0,"mStartTime":29400000,"mTimeUnit":600000,"mWalkTime":298819,"runStep":0,"walkStep":451},{"distance":41.05,"mCalorie":2.19,"mOthersTime":0,"mRunTime":400,"mStartTime":30000000,"mTimeUnit":600000,"mWalkTime":34684,"runStep":1,"walkStep":52},{"distance":29.630001,"mCalorie":1.54,"mOthersTime":0,"mRunTime":0,"mStartTime":34200000,"mTimeUnit":600000,"mWalkTime":25346,"runStep":0,"walkStep":38},{"distance":16.130001,"mCalorie":0.77,"mOthersTime":0,"mRunTime":0,"mStartTime":34800000,"mTimeUnit":600000,"mWalkTime":14674,"runStep":0,"walkStep":22},{"distance":39.75,"mCalorie":1.99,"mOthersTime":0,"mRunTime":0,"mStartTime":35400000,"mTimeUnit":600000,"mWalkTime":36018,"runStep":0,"walkStep":54},{"distance":130.14,"mCalorie":6.0499997,"mOthersTime":0,"mRunTime":0,"mStartTime":36000000,"mTimeUnit":600000,"mWalkTime":112056,"runStep":0,"walkStep":168},{"distance":103.87,"mCalorie":5.03,"mOthersTime":0,"mRunTime":0,"mStartTime":36600000,"mTimeUnit":600000,"mWalkTime":94047,"runStep":0,"walkStep":141},{"distance":30.61,"mCalorie":1.52,"mOthersTime":0,"mRunTime":0,"mStartTime":37200000,"mTimeUnit":600000,"mWalkTime":28014,"runStep":0,"walkStep":42},{"distance":20.86,"mCalorie":0.92,"mOthersTime":0,"mRunTime":0,"mStartTime":37800000,"mTimeUnit":600000,"mWalkTime":18676,"runStep":0,"walkStep":28},{"distance":13.87,"mCalorie":0.67,"mOthersTime":0,"mRunTime":0,"mStartTime":38400000,"mTimeUnit":600000,"mWalkTime":12673,"runStep":0,"walkStep":19},{"distance":37.51,"mCalorie":2.5,"mOthersTime":0,"mRunTime":5200,"mStartTime":39000000,"mTimeUnit":600000,"mWalkTime":26680,"runStep":13,"walkStep":40},{"distance":102.56,"mCalorie":5.4399996,"mOthersTime":0,"mRunTime":2000,"mStartTime":39600000,"mTimeUnit":600000,"mWalkTime":88044,"runStep":5,"walkStep":132},{"distance":55.47,"mCalorie":3.03,"mOthersTime":0,"mRunTime":3200,"mStartTime":42000000,"mTimeUnit":600000,"mWalkTime":38019,"runStep":8,"walkStep":57},{"distance":60.57,"mCalorie":3.55,"mOthersTime":0,"mRunTime":1600,"mStartTime":42600000,"mTimeUnit":600000,"mWalkTime":58029,"runStep":4,"walkStep":87},{"distance":102.91,"mCalorie":5.33,"mOthersTime":0,"mRunTime":0,"mStartTime":43200000,"mTimeUnit":600000,"mWalkTime":90712,"runStep":0,"walkStep":136},{"distance":530.64,"mCalorie":26.509998,"mOthersTime":0,"mRunTime":0,"mStartTime":43800000,"mTimeUnit":600000,"mWalkTime":430125,"runStep":0,"walkStep":704},{"distance":94.520004,"mCalorie":4.79,"mOthersTime":0,"mRunTime":0,"mStartTime":44400000,"mTimeUnit":600000,"mWalkTime":82708,"runStep":0,"walkStep":124},{"distance":7.66,"mCalorie":0.34,"mOthersTime":0,"mRunTime":0,"mStartTime":45000000,"mTimeUnit":600000,"mWalkTime":6670,"runStep":0,"walkStep":10},{"distance":126.29001,"mCalorie":6.08,"mOthersTime":0,"mRunTime":0,"mStartTime":46200000,"mTimeUnit":600000,"mWalkTime":114724,"runStep":0,"walkStep":172},{"distance":11.52,"mCalorie":0.58,"mOthersTime":0,"mRunTime":0,"mStartTime":46800000,"mTimeUnit":600000,"mWalkTime":10672,"runStep":0,"walkStep":16},{"distance":19.93,"mCalorie":0.98,"mOthersTime":0,"mRunTime":0,"mStartTime":47400000,"mTimeUnit":600000,"mWalkTime":18676,"runStep":0,"walkStep":28},{"distance":48.379997,"mCalorie":2.54,"mOthersTime":0,"mRunTime":0,"mStartTime":48000000,"mTimeUnit":600000,"mWalkTime":45356,"runStep":0,"walkStep":68},{"distance":56.99,"mCalorie":2.99,"mOthersTime":0,"mRunTime":0,"mStartTime":48600000,"mTimeUnit":600000,"mWalkTime":54027,"runStep":0,"walkStep":81},{"distance":110.95,"mCalorie":6.3,"mOthersTime":0,"mRunTime":0,"mStartTime":49200000,"mTimeUnit":600000,"mWalkTime":110722,"runStep":0,"walkStep":166},{"distance":264.06,"mCalorie":14.54,"mOthersTime":0,"mRunTime":0,"mStartTime":49800000,"mTimeUnit":600000,"mWalkTime":250792,"runStep":0,"walkStep":376},{"distance":179.35,"mCalorie":9.29,"mOthersTime":0,"mRunTime":0,"mStartTime":50400000,"mTimeUnit":600000,"mWalkTime":163415,"runStep":0,"walkStep":245},{"distance":156.77,"mCalorie":8.409998,"mOthersTime":0,"mRunTime":0,"mStartTime":52200000,"mTimeUnit":600000,"mWalkTime":142708,"runStep":0,"walkStep":215},{"distance":44.47,"mCalorie":2.42,"mOthersTime":0,"mRunTime":0,"mStartTime":52800000,"mTimeUnit":600000,"mWalkTime":41354,"runStep":0,"walkStep":62},{"distance":27.61,"mCalorie":1.4100001,"mOthersTime":0,"mRunTime":0,"mStartTime":54000000,"mTimeUnit":600000,"mWalkTime":24679,"runStep":0,"walkStep":37},{"distance":146.26001,"mCalorie":7.9700003,"mOthersTime":0,"mRunTime":0,"mStartTime":54600000,"mTimeUnit":600000,"mWalkTime":127367,"runStep":0,"walkStep":202},{"distance":63.79,"mCalorie":2.98,"mOthersTime":0,"mRunTime":0,"mStartTime":55200000,"mTimeUnit":600000,"mWalkTime":58696,"runStep":0,"walkStep":88},{"distance":45.690002,"mCalorie":2.3899999,"mOthersTime":0,"mRunTime":0,"mStartTime":55800000,"mTimeUnit":600000,"mWalkTime":42021,"runStep":0,"walkStep":63},{"distance":101.490005,"mCalorie":5.5800004,"mOthersTime":0,"mRunTime":0,"mStartTime":56400000,"mTimeUnit":600000,"mWalkTime":92713,"runStep":0,"walkStep":139},{"distance":134.16,"mCalorie":7.6499996,"mOthersTime":0,"mRunTime":0,"mStartTime":57600000,"mTimeUnit":600000,"mWalkTime":124729,"runStep":0,"walkStep":187},{"distance":25.789997,"mCalorie":1.3699999,"mOthersTime":0,"mRunTime":0,"mStartTime":58800000,"mTimeUnit":600000,"mWalkTime":24012,"runStep":0,"walkStep":36},{"distance":12.92,"mCalorie":0.67,"mOthersTime":0,"mRunTime":0,"mStartTime":60600000,"mTimeUnit":600000,"mWalkTime":10672,"runStep":0,"walkStep":16},{"distance":17.77,"mCalorie":0.79999995,"mOthersTime":0,"mRunTime":0,"mStartTime":61200000,"mTimeUnit":600000,"mWalkTime":16008,"runStep":0,"walkStep":24},{"distance":32.46,"mCalorie":1.6099999,"mOthersTime":0,"mRunTime":0,"mStartTime":64800000,"mTimeUnit":600000,"mWalkTime":30682,"runStep":0,"walkStep":46},{"distance":10.85,"mCalorie":0.62,"mOthersTime":0,"mRunTime":0,"mStartTime":66000000,"mTimeUnit":600000,"mWalkTime":10672,"runStep":0,"walkStep":16},{"distance":117.490005,"mCalorie":6.02,"mOthersTime":0,"mRunTime":0,"mStartTime":66600000,"mTimeUnit":600000,"mWalkTime":117362,"runStep":0,"walkStep":180},{"distance":391.09,"mCalorie":20.75,"mOthersTime":0,"mRunTime":0,"mStartTime":67200000,"mTimeUnit":600000,"mWalkTime":320707,"runStep":0,"walkStep":528},{"distance":180.37001,"mCalorie":9.11,"mOthersTime":0,"mRunTime":0,"mStartTime":67800000,"mTimeUnit":600000,"mWalkTime":158686,"runStep":0,"walkStep":252},{"distance":7.48,"mCalorie":0.46,"mOthersTime":0,"mRunTime":0,"mStartTime":69000000,"mTimeUnit":600000,"mWalkTime":7337,"runStep":0,"walkStep":11},{"distance":18.06,"mCalorie":1.11,"mOthersTime":0,"mRunTime":0,"mStartTime":69600000,"mTimeUnit":600000,"mWalkTime":17342,"runStep":0,"walkStep":26},{"distance":359.4,"mCalorie":19.630001,"mOthersTime":0,"mRunTime":0,"mStartTime":70200000,"mTimeUnit":600000,"mWalkTime":324709,"runStep":0,"walkStep":510},{"distance":245.39,"mCalorie":12.75,"mOthersTime":0,"mRunTime":0,"mStartTime":70800000,"mTimeUnit":600000,"mWalkTime":202041,"runStep":0,"walkStep":327},{"distance":79.85,"mCalorie":4.2999997,"mOthersTime":0,"mRunTime":0,"mStartTime":71400000,"mTimeUnit":600000,"mWalkTime":73370,"runStep":0,"walkStep":110},{"distance":26.15,"mCalorie":1.39,"mOthersTime":0,"mRunTime":0,"mStartTime":72600000,"mTimeUnit":600000,"mWalkTime":24012,"runStep":0,"walkStep":36},{"distance":7.36,"mCalorie":0.35,"mOthersTime":0,"mRunTime":0,"mStartTime":73200000,"mTimeUnit":600000,"mWalkTime":6670,"runStep":0,"walkStep":10},{"distance":46.940002,"mCalorie":2.08,"mOthersTime":0,"mRunTime":0,"mStartTime":75000000,"mTimeUnit":600000,"mWalkTime":40687,"runStep":0,"walkStep":61},{"distance":32.15,"mCalorie":1.52,"mOthersTime":0,"mRunTime":400,"mStartTime":75600000,"mTimeUnit":600000,"mWalkTime":26013,"runStep":1,"walkStep":39},{"distance":5.83,"mCalorie":0.29,"mOthersTime":0,"mRunTime":0,"mStartTime":76200000,"mTimeUnit":600000,"mWalkTime":5336,"runStep":0,"walkStep":8},{"distance":26.9,"mCalorie":1.22,"mOthersTime":0,"mRunTime":0,"mStartTime":80400000,"mTimeUnit":600000,"mWalkTime":24679,"runStep":0,"walkStep":37}],"version":1}