{"mActivityList":[{"mActiveTime":815483,"mActiveTimeType":0,"mCalorie":67.0,"mCategory":204,"mDetailInfoId":"711434cb-a8b3-da2d-99c2-286d3eb4ce3b","mDistance":766.47,"mDuration":815483,"mEndTime":54637285,"mStartTime":53821802,"mType":1001}],"mAdaptiveGoal":0,"mIsGoalAchieved":false,"mIsMostActiveAchieved":false,"mMostActiveMinutes":0,"mStreakDayCount":0,"mUnitDataList":[{"distance":22.119999,"mCalorie":1.1500001,"mOthersTime":0,"mRunTime":0,"mStartTime":18600000,"mTimeUnit":600000,"mWalkTime":20677,"runStep":0,"walkStep":31},{"distance":123.903,"mCalorie":6.7700005,"mOthersTime":0,"mRunTime":1200,"mStartTime":19200000,"mTimeUnit":600000,"mWalkTime":117392,"runStep":3,"walkStep":176},{"distance":382.41003,"mCalorie":22.619999,"mOthersTime":0,"mRunTime":0,"mStartTime":19800000,"mTimeUnit":600000,"mWalkTime":340050,"runStep":0,"walkStep":542},{"distance":84.840004,"mCalorie":4.4,"mOthersTime":0,"mRunTime":0,"mStartTime":20400000,"mTimeUnit":600000,"mWalkTime":80040,"runStep":0,"walkStep":120},{"distance":25.41,"mCalorie":1.22,"mOthersTime":0,"mRunTime":0,"mStartTime":21000000,"mTimeUnit":600000,"mWalkTime":23345,"runStep":0,"walkStep":35},{"distance":43.510002,"mCalorie":2.17,"mOthersTime":0,"mRunTime":0,"mStartTime":21600000,"mTimeUnit":600000,"mWalkTime":40020,"runStep":0,"walkStep":60},{"distance":143.59,"mCalorie":7.6000004,"mOthersTime":0,"mRunTime":0,"mStartTime":22200000,"mTimeUnit":600000,"mWalkTime":130065,"runStep":0,"walkStep":195},{"distance":57.77,"mCalorie":2.79,"mOthersTime":0,"mRunTime":0,"mStartTime":22800000,"mTimeUnit":600000,"mWalkTime":51359,"runStep":0,"walkStep":77},{"distance":68.35,"mCalorie":3.3100002,"mOthersTime":0,"mRunTime":0,"mStartTime":23400000,"mTimeUnit":600000,"mWalkTime":61364,"runStep":0,"walkStep":92},{"distance":23.58,"mCalorie":1.03,"mOthersTime":0,"mRunTime":0,"mStartTime":24000000,"mTimeUnit":600000,"mWalkTime":21344,"runStep":0,"walkStep":32},{"distance":35.28,"mCalorie":1.72,"mOthersTime":0,"mRunTime":0,"mStartTime":24600000,"mTimeUnit":600000,"mWalkTime":32683,"runStep":0,"walkStep":49},{"distance":10.17,"mCalorie":0.56,"mOthersTime":0,"mRunTime":0,"mStartTime":25800000,"mTimeUnit":600000,"mWalkTime":9338,"runStep":0,"walkStep":14},{"distance":31.58,"mCalorie":1.57,"mOthersTime":0,"mRunTime":0,"mStartTime":27600000,"mTimeUnit":600000,"mWalkTime":28681,"runStep":0,"walkStep":43},{"distance":75.82,"mCalorie":3.8500001,"mOthersTime":0,"mRunTime":0,"mStartTime":28800000,"mTimeUnit":600000,"mWalkTime":66033,"runStep":0,"walkStep":99},{"distance":11.75,"mCalorie":0.53,"mOthersTime":0,"mRunTime":0,"mStartTime":29400000,"mTimeUnit":600000,"mWalkTime":10672,"runStep":0,"walkStep":16},{"distance":92.83,"mCalorie":4.66,"mOthersTime":0,"mRunTime":0,"mStartTime":30000000,"mTimeUnit":600000,"mWalkTime":84042,"runStep":0,"walkStep":126},{"distance":25.91,"mCalorie":1.19,"mOthersTime":0,"mRunTime":0,"mStartTime":31200000,"mTimeUnit":600000,"mWalkTime":23345,"runStep":0,"walkStep":35},{"distance":16.21,"mCalorie":0.86,"mOthersTime":0,"mRunTime":0,"mStartTime":34200000,"mTimeUnit":600000,"mWalkTime":15341,"runStep":0,"walkStep":23},{"distance":80.6,"mCalorie":4.06,"mOthersTime":0,"mRunTime":0,"mStartTime":34800000,"mTimeUnit":600000,"mWalkTime":72703,"runStep":0,"walkStep":109},{"distance":63.64,"mCalorie":4.98,"mOthersTime":0,"mRunTime":0,"mStartTime":35400000,"mTimeUnit":600000,"mWalkTime":63365,"runStep":0,"walkStep":95},{"distance":8.88,"mCalorie":0.43,"mOthersTime":0,"mRunTime":0,"mStartTime":36000000,"mTimeUnit":600000,"mWalkTime":8004,"runStep":0,"walkStep":12},{"distance":11.389999,"mCalorie":0.53999996,"mOthersTime":0,"mRunTime":0,"mStartTime":36600000,"mTimeUnit":600000,"mWalkTime":10672,"runStep":0,"walkStep":16},{"distance":16.98,"mCalorie":1.11,"mOthersTime":0,"mRunTime":400,"mStartTime":37800000,"mTimeUnit":600000,"mWalkTime":14674,"runStep":1,"walkStep":22},{"distance":62.63,"mCalorie":2.93,"mOthersTime":0,"mRunTime":0,"mStartTime":38400000,"mTimeUnit":600000,"mWalkTime":54694,"runStep":0,"walkStep":82},{"distance":69.659996,"mCalorie":3.43,"mOthersTime":0,"mRunTime":0,"mStartTime":39000000,"mTimeUnit":600000,"mWalkTime":62698,"runStep":0,"walkStep":94},{"distance":25.34,"mCalorie":1.29,"mOthersTime":0,"mRunTime":2000,"mStartTime":39600000,"mTimeUnit":600000,"mWalkTime":13340,"runStep":5,"walkStep":20},{"distance":20.13,"mCalorie":0.98,"mOthersTime":0,"mRunTime":0,"mStartTime":40200000,"mTimeUnit":600000,"mWalkTime":18676,"runStep":0,"walkStep":28},{"distance":70.8,"mCalorie":3.92,"mOthersTime":0,"mRunTime":3600,"mStartTime":40800000,"mTimeUnit":600000,"mWalkTime":54027,"runStep":9,"walkStep":81},{"distance":8.61,"mCalorie":0.35,"mOthersTime":0,"mRunTime":0,"mStartTime":41400000,"mTimeUnit":600000,"mWalkTime":7337,"runStep":0,"walkStep":11},{"distance":94.46,"mCalorie":4.8,"mOthersTime":0,"mRunTime":2000,"mStartTime":42600000,"mTimeUnit":600000,"mWalkTime":80040,"runStep":5,"walkStep":120},{"distance":120.72,"mCalorie":6.46,"mOthersTime":0,"mRunTime":0,"mStartTime":43200000,"mTimeUnit":600000,"mWalkTime":118059,"runStep":0,"walkStep":177},{"distance":195.82,"mCalorie":10.82,"mOthersTime":0,"mRunTime":0,"mStartTime":43800000,"mTimeUnit":600000,"mWalkTime":178089,"runStep":0,"walkStep":267},{"distance":166.29999,"mCalorie":8.64,"mOthersTime":0,"mRunTime":0,"mStartTime":44400000,"mTimeUnit":600000,"mWalkTime":150742,"runStep":0,"walkStep":226},{"distance":106.18001,"mCalorie":5.8,"mOthersTime":0,"mRunTime":0,"mStartTime":46200000,"mTimeUnit":600000,"mWalkTime":97382,"runStep":0,"walkStep":146},{"distance":191.43002,"mCalorie":9.609999,"mOthersTime":0,"mRunTime":0,"mStartTime":46800000,"mTimeUnit":600000,"mWalkTime":160687,"runStep":0,"walkStep":258},{"distance":69.08,"mCalorie":3.6699998,"mOthersTime":0,"mRunTime":0,"mStartTime":47400000,"mTimeUnit":600000,"mWalkTime":63365,"runStep":0,"walkStep":95},{"distance":12.24,"mCalorie":0.63,"mOthersTime":0,"mRunTime":0,"mStartTime":52800000,"mTimeUnit":600000,"mWalkTime":11339,"runStep":0,"walkStep":17},{"distance":208.54097,"mCalorie":16.792364,"mOthersTime":0,"mRunTime":0,"mStartTime":53400000,"mTimeUnit":600000,"mWalkTime":216685,"runStep":0,"walkStep":360},{"distance":563.9382,"mCalorie":49.295937,"mOthersTime":0,"mRunTime":0,"mStartTime":54000000,"mTimeUnit":600000,"mWalkTime":600000,"runStep":0,"walkStep":790},{"distance":67.607285,"mCalorie":4.723197,"mOthersTime":0,"mRunTime":0,"mStartTime":54600000,"mTimeUnit":600000,"mWalkTime":67176,"runStep":0,"walkStep":56},{"distance":489.81995,"mCalorie":23.699999,"mOthersTime":0,"mRunTime":0,"mStartTime":55200000,"mTimeUnit":600000,"mWalkTime":422698,"runStep":0,"walkStep":677},{"distance":31.89,"mCalorie":1.67,"mOthersTime":0,"mRunTime":0,"mStartTime":55800000,"mTimeUnit":600000,"mWalkTime":30015,"runStep":0,"walkStep":45},{"distance":33.25,"mCalorie":2.0,"mOthersTime":0,"mRunTime":0,"mStartTime":56400000,"mTimeUnit":600000,"mWalkTime":30015,"runStep":0,"walkStep":45},{"distance":61.63,"mCalorie":3.26,"mOthersTime":0,"mRunTime":2000,"mStartTime":57000000,"mTimeUnit":600000,"mWalkTime":51359,"runStep":5,"walkStep":77},{"distance":38.61,"mCalorie":2.0700002,"mOthersTime":0,"mRunTime":2000,"mStartTime":57600000,"mTimeUnit":600000,"mWalkTime":31349,"runStep":5,"walkStep":47},{"distance":14.69,"mCalorie":0.77,"mOthersTime":0,"mRunTime":0,"mStartTime":58200000,"mTimeUnit":600000,"mWalkTime":13340,"runStep":0,"walkStep":20},{"distance":9.94,"mCalorie":0.55,"mOthersTime":0,"mRunTime":0,"mStartTime":59400000,"mTimeUnit":600000,"mWalkTime":9338,"runStep":0,"walkStep":14},{"distance":30.82,"mCalorie":1.74,"mOthersTime":0,"mRunTime":2000,"mStartTime":62400000,"mTimeUnit":600000,"mWalkTime":22678,"runStep":5,"walkStep":34},{"distance":36.719997,"mCalorie":1.7099999,"mOthersTime":0,"mRunTime":0,"mStartTime":63000000,"mTimeUnit":600000,"mWalkTime":33350,"runStep":0,"walkStep":50},{"distance":42.14,"mCalorie":2.15,"mOthersTime":0,"mRunTime":0,"mStartTime":63600000,"mTimeUnit":600000,"mWalkTime":39353,"runStep":0,"walkStep":59},{"distance":27.750002,"mCalorie":1.17,"mOthersTime":0,"mRunTime":0,"mStartTime":66600000,"mTimeUnit":600000,"mWalkTime":23345,"runStep":0,"walkStep":35},{"distance":8.58,"mCalorie":0.4,"mOthersTime":0,"mRunTime":0,"mStartTime":67800000,"mTimeUnit":600000,"mWalkTime":7337,"runStep":0,"walkStep":11},{"distance":32.04,"mCalorie":1.6700001,"mOthersTime":0,"mRunTime":1200,"mStartTime":69000000,"mTimeUnit":600000,"mWalkTime":27347,"runStep":3,"walkStep":41},{"distance":105.51,"mCalorie":5.33,"mOthersTime":0,"mRunTime":0,"mStartTime":69600000,"mTimeUnit":600000,"mWalkTime":98049,"runStep":0,"walkStep":147},{"distance":113.79,"mCalorie":6.02,"mOthersTime":0,"mRunTime":0,"mStartTime":70200000,"mTimeUnit":600000,"mWalkTime":102021,"runStep":0,"walkStep":161},{"distance":330.09,"mCalorie":16.75,"mOthersTime":0,"mRunTime":0,"mStartTime":70800000,"mTimeUnit":600000,"mWalkTime":292116,"runStep":0,"walkStep":449},{"distance":33.1,"mCalorie":1.59,"mOthersTime":0,"mRunTime":0,"mStartTime":71400000,"mTimeUnit":600000,"mWalkTime":30015,"runStep":0,"walkStep":45},{"distance":27.97,"mCalorie":1.5,"mOthersTime":0,"mRunTime":0,"mStartTime":72000000,"mTimeUnit":600000,"mWalkTime":26680,"runStep":0,"walkStep":40},{"distance":66.43001,"mCalorie":3.59,"mOthersTime":0,"mRunTime":0,"mStartTime":73800000,"mTimeUnit":600000,"mWalkTime":62031,"runStep":0,"walkStep":93},{"distance":66.78,"mCalorie":3.61,"mOthersTime":0,"mRunTime":0,"mStartTime":74400000,"mTimeUnit":600000,"mWalkTime":58696,"runStep":0,"walkStep":88},{"distance":30.57,"mCalorie":1.52,"mOthersTime":0,"mRunTime":0,"mStartTime":75000000,"mTimeUnit":600000,"mWalkTime":28014,"runStep":0,"walkStep":42},{"distance":128.11,"mCalorie":6.8500004,"mOthersTime":0,"mRunTime":0,"mStartTime":76200000,"mTimeUnit":600000,"mWalkTime":120727,"runStep":0,"walkStep":181},{"distance":26.48,"mCalorie":1.36,"mOthersTime":0,"mRunTime":0,"mStartTime":76800000,"mTimeUnit":600000,"mWalkTime":24679,"runStep":0,"walkStep":37},{"distance":32.73,"mCalorie":1.71,"mOthersTime":0,"mRunTime":1200,"mStartTime":79800000,"mTimeUnit":600000,"mWalkTime":25346,"runStep":3,"walkStep":38},{"distance":11.88,"mCalorie":0.53,"mOthersTime":0,"mRunTime":0,"mStartTime":80400000,"mTimeUnit":600000,"mWalkTime":10005,"runStep":0,"walkStep":15}],"version":1}