{"mActivityList":[{"mActiveTime":654240,"mActiveTimeType":2,"mCalorie":86.06,"mCategory":204,"mDetailInfoId":"0d5143f6-e831-35ef-4882-f62d8f7e608a","mDistance":0.0,"mDuration":654240,"mEndTime":51944485,"mStartTime":51290245,"mType":11007},{"mActiveTime":638880,"mActiveTimeType":2,"mCalorie":76.85,"mCategory":204,"mDetailInfoId":"9b8fddb7-c874-3177-88e1-cd3f6016d6cf","mDistance":0.0,"mDuration":638880,"mEndTime":59244950,"mStartTime":58606070,"mType":11007}],"mAdaptiveGoal":0,"mIsGoalAchieved":false,"mIsMostActiveAchieved":false,"mMostActiveMinutes":0,"mStreakDayCount":0,"mUnitDataList":[{"distance":93.119995,"mCalorie":4.38,"mOthersTime":0,"mRunTime":0,"mStartTime":30600000,"mTimeUnit":600000,"mWalkTime":81374,"runStep":0,"walkStep":122},{"distance":7.8,"mCalorie":0.37,"mOthersTime":0,"mRunTime":0,"mStartTime":31200000,"mTimeUnit":600000,"mWalkTime":6670,"runStep":0,"walkStep":10},{"distance":16.46,"mCalorie":0.99,"mOthersTime":0,"mRunTime":0,"mStartTime":33600000,"mTimeUnit":600000,"mWalkTime":16008,"runStep":0,"walkStep":24},{"distance":254.5,"mCalorie":11.95,"mOthersTime":0,"mRunTime":0,"mStartTime":34200000,"mTimeUnit":600000,"mWalkTime":219383,"runStep":0,"walkStep":345},{"distance":219.91,"mCalorie":11.360001,"mOthersTime":0,"mRunTime":0,"mStartTime":34800000,"mTimeUnit":600000,"mWalkTime":193400,"runStep":0,"walkStep":306},{"distance":133.21,"mCalorie":6.8899994,"mOthersTime":0,"mRunTime":0,"mStartTime":37200000,"mTimeUnit":600000,"mWalkTime":122061,"runStep":0,"walkStep":183},{"distance":19.83,"mCalorie":1.03,"mOthersTime":0,"mRunTime":0,"mStartTime":37800000,"mTimeUnit":600000,"mWalkTime":18676,"runStep":0,"walkStep":28},{"distance":85.08,"mCalorie":3.9099998,"mOthersTime":0,"mRunTime":0,"mStartTime":38400000,"mTimeUnit":600000,"mWalkTime":70035,"runStep":0,"walkStep":105},{"distance":30.990002,"mCalorie":1.4100001,"mOthersTime":0,"mRunTime":0,"mStartTime":39000000,"mTimeUnit":600000,"mWalkTime":26680,"runStep":0,"walkStep":40},{"distance":23.29,"mCalorie":1.31,"mOthersTime":0,"mRunTime":0,"mStartTime":39600000,"mTimeUnit":600000,"mWalkTime":21344,"runStep":0,"walkStep":32},{"distance":28.39,"mCalorie":1.49,"mOthersTime":0,"mRunTime":0,"mStartTime":40200000,"mTimeUnit":600000,"mWalkTime":27347,"runStep":0,"walkStep":41},{"distance":11.51,"mCalorie":0.55,"mOthersTime":0,"mRunTime":0,"mStartTime":43800000,"mTimeUnit":600000,"mWalkTime":10672,"runStep":0,"walkStep":16},{"distance":61.92,"mCalorie":3.29,"mOthersTime":0,"mRunTime":1600,"mStartTime":45000000,"mTimeUnit":600000,"mWalkTime":49358,"runStep":4,"walkStep":74},{"distance":47.05,"mCalorie":2.23,"mOthersTime":0,"mRunTime":0,"mStartTime":46800000,"mTimeUnit":600000,"mWalkTime":43355,"runStep":0,"walkStep":65},{"distance":127.15,"mCalorie":6.7599998,"mOthersTime":0,"mRunTime":4000,"mStartTime":47400000,"mTimeUnit":600000,"mWalkTime":110722,"runStep":10,"walkStep":166},{"distance":9.07,"mCalorie":0.26,"mOthersTime":0,"mRunTime":0,"mStartTime":48000000,"mTimeUnit":600000,"mWalkTime":7337,"runStep":0,"walkStep":11},{"distance":13.19,"mCalorie":0.64,"mOthersTime":0,"mRunTime":0,"mStartTime":48600000,"mTimeUnit":600000,"mWalkTime":12006,"runStep":0,"walkStep":18},{"distance":55.67,"mCalorie":3.0700002,"mOthersTime":0,"mRunTime":0,"mStartTime":50400000,"mTimeUnit":600000,"mWalkTime":51359,"runStep":0,"walkStep":77},{"distance":37.71,"mCalorie":42.765774,"mOthersTime":309755,"mRunTime":0,"mStartTime":51000000,"mTimeUnit":600000,"mWalkTime":34684,"runStep":0,"walkStep":52},{"distance":41.739998,"mCalorie":47.274223,"mOthersTime":344485,"mRunTime":0,"mStartTime":51600000,"mTimeUnit":600000,"mWalkTime":36685,"runStep":0,"walkStep":99},{"distance":207.11,"mCalorie":9.85,"mOthersTime":0,"mRunTime":0,"mStartTime":52200000,"mTimeUnit":600000,"mWalkTime":186760,"runStep":0,"walkStep":280},{"distance":86.85,"mCalorie":4.54,"mOthersTime":0,"mRunTime":0,"mStartTime":52800000,"mTimeUnit":600000,"mWalkTime":80040,"runStep":0,"walkStep":120},{"distance":94.94,"mCalorie":4.87,"mOthersTime":0,"mRunTime":400,"mStartTime":53400000,"mTimeUnit":600000,"mWalkTime":85376,"runStep":1,"walkStep":128},{"distance":178.68001,"mCalorie":8.67,"mOthersTime":0,"mRunTime":400,"mStartTime":54000000,"mTimeUnit":600000,"mWalkTime":158746,"runStep":1,"walkStep":238},{"distance":36.559998,"mCalorie":2.23,"mOthersTime":0,"mRunTime":3200,"mStartTime":54600000,"mTimeUnit":600000,"mWalkTime":23345,"runStep":8,"walkStep":35},{"distance":30.89,"mCalorie":1.52,"mOthersTime":0,"mRunTime":0,"mStartTime":55200000,"mTimeUnit":600000,"mWalkTime":26680,"runStep":0,"walkStep":40},{"distance":48.729996,"mCalorie":2.6,"mOthersTime":0,"mRunTime":1200,"mStartTime":56400000,"mTimeUnit":600000,"mWalkTime":40020,"runStep":3,"walkStep":60},{"distance":122.67999,"mCalorie":6.0200005,"mOthersTime":0,"mRunTime":0,"mStartTime":57000000,"mTimeUnit":600000,"mWalkTime":106053,"runStep":0,"walkStep":159},{"distance":123.649994,"mCalorie":6.51,"mOthersTime":0,"mRunTime":9600,"mStartTime":57600000,"mTimeUnit":600000,"mWalkTime":95381,"runStep":24,"walkStep":143},{"distance":182.86,"mCalorie":31.927574,"mOthersTime":193930,"mRunTime":400,"mStartTime":58200000,"mTimeUnit":600000,"mWalkTime":155411,"runStep":1,"walkStep":233},{"distance":20.43,"mCalorie":54.472424,"mOthersTime":444950,"mRunTime":0,"mStartTime":58800000,"mTimeUnit":600000,"mWalkTime":17342,"runStep":2,"walkStep":36},{"distance":43.02,"mCalorie":2.47,"mOthersTime":0,"mRunTime":1200,"mStartTime":59400000,"mTimeUnit":600000,"mWalkTime":37352,"runStep":3,"walkStep":56},{"distance":12.98,"mCalorie":0.56,"mOthersTime":0,"mRunTime":0,"mStartTime":60600000,"mTimeUnit":600000,"mWalkTime":11339,"runStep":0,"walkStep":17},{"distance":17.23,"mCalorie":0.93,"mOthersTime":0,"mRunTime":0,"mStartTime":62400000,"mTimeUnit":600000,"mWalkTime":16008,"runStep":0,"walkStep":24},{"distance":15.67,"mCalorie":0.71,"mOthersTime":0,"mRunTime":0,"mStartTime":66000000,"mTimeUnit":600000,"mWalkTime":13340,"runStep":0,"walkStep":20},{"distance":15.35,"mCalorie":0.78,"mOthersTime":0,"mRunTime":0,"mStartTime":67200000,"mTimeUnit":600000,"mWalkTime":14007,"runStep":0,"walkStep":21},{"distance":24.59,"mCalorie":1.2,"mOthersTime":0,"mRunTime":0,"mStartTime":67800000,"mTimeUnit":600000,"mWalkTime":22678,"runStep":0,"walkStep":34},{"distance":22.670002,"mCalorie":1.13,"mOthersTime":0,"mRunTime":0,"mStartTime":68400000,"mTimeUnit":600000,"mWalkTime":20677,"runStep":0,"walkStep":31},{"distance":8.9,"mCalorie":0.44,"mOthersTime":0,"mRunTime":0,"mStartTime":69600000,"mTimeUnit":600000,"mWalkTime":8004,"runStep":0,"walkStep":12},{"distance":12.269,"mCalorie":0.53,"mOthersTime":0,"mRunTime":0,"mStartTime":70800000,"mTimeUnit":600000,"mWalkTime":10672,"runStep":0,"walkStep":16},{"distance":6.79,"mCalorie":0.44,"mOthersTime":0,"mRunTime":0,"mStartTime":71400000,"mTimeUnit":600000,"mWalkTime":6670,"runStep":0,"walkStep":10},{"distance":31.370998,"mCalorie":1.6099999,"mOthersTime":0,"mRunTime":0,"mStartTime":73200000,"mTimeUnit":600000,"mWalkTime":24679,"runStep":0,"walkStep":37},{"distance":8.13,"mCalorie":0.65,"mOthersTime":0,"mRunTime":0,"mStartTime":75000000,"mTimeUnit":600000,"mWalkTime":8004,"runStep":0,"walkStep":12},{"distance":11.39,"mCalorie":0.4,"mOthersTime":0,"mRunTime":0,"mStartTime":75600000,"mTimeUnit":600000,"mWalkTime":9338,"runStep":0,"walkStep":14},{"distance":20.98,"mCalorie":1.39,"mOthersTime":0,"mRunTime":2400,"mStartTime":80400000,"mTimeUnit":600000,"mWalkTime":14674,"runStep":6,"walkStep":22},{"distance":9.57,"mCalorie":0.4,"mOthersTime":0,"mRunTime":0,"mStartTime":81000000,"mTimeUnit":600000,"mWalkTime":8004,"runStep":0,"walkStep":12},{"distance":61.22,"mCalorie":3.07,"mOthersTime":0,"mRunTime":400,"mStartTime":81600000,"mTimeUnit":600000,"mWalkTime":51359,"runStep":1,"walkStep":77},{"distance":26.86,"mCalorie":1.38,"mOthersTime":0,"mRunTime":0,"mStartTime":85800000,"mTimeUnit":600000,"mWalkTime":24679,"runStep":0,"walkStep":37}],"version":1}