{"mAdaptiveGoal":0,"mIsGoalAchieved":false,"mIsMostActiveAchieved":false,"mMostActiveMinutes":0,"mStreakDayCount":0,"mUnitDataList":[{"distance":89.61,"mCalorie":4.44,"mOthersTime":0,"mRunTime":1600,"mStartTime":19800000,"mTimeUnit":600000,"mWalkTime":76038,"runStep":4,"walkStep":114},{"distance":82.73,"mCalorie":4.06,"mOthersTime":0,"mRunTime":0,"mStartTime":20400000,"mTimeUnit":600000,"mWalkTime":74704,"runStep":0,"walkStep":112},{"distance":11.38,"mCalorie":0.6,"mOthersTime":0,"mRunTime":0,"mStartTime":21600000,"mTimeUnit":600000,"mWalkTime":10672,"runStep":0,"walkStep":16},{"distance":99.36,"mCalorie":4.59,"mOthersTime":0,"mRunTime":0,"mStartTime":22800000,"mTimeUnit":600000,"mWalkTime":88014,"runStep":0,"walkStep":136},{"distance":95.04,"mCalorie":4.35,"mOthersTime":0,"mRunTime":0,"mStartTime":23400000,"mTimeUnit":600000,"mWalkTime":83345,"runStep":0,"walkStep":127},{"distance":51.68,"mCalorie":2.3899999,"mOthersTime":0,"mRunTime":0,"mStartTime":24000000,"mTimeUnit":600000,"mWalkTime":46690,"runStep":0,"walkStep":70},{"distance":14.49,"mCalorie":0.7,"mOthersTime":0,"mRunTime":0,"mStartTime":30600000,"mTimeUnit":600000,"mWalkTime":13340,"runStep":0,"walkStep":20},{"distance":38.66,"mCalorie":2.27,"mOthersTime":0,"mRunTime":4800,"mStartTime":31800000,"mTimeUnit":600000,"mWalkTime":22011,"runStep":12,"walkStep":33},{"distance":18.29,"mCalorie":0.87,"mOthersTime":0,"mRunTime":0,"mStartTime":32400000,"mTimeUnit":600000,"mWalkTime":17342,"runStep":0,"walkStep":26},{"distance":32.059998,"mCalorie":1.6800001,"mOthersTime":0,"mRunTime":0,"mStartTime":33000000,"mTimeUnit":600000,"mWalkTime":29348,"runStep":0,"walkStep":44},{"distance":24.380001,"mCalorie":1.1700001,"mOthersTime":0,"mRunTime":400,"mStartTime":33600000,"mTimeUnit":600000,"mWalkTime":18676,"runStep":1,"walkStep":28},{"distance":33.31,"mCalorie":1.89,"mOthersTime":0,"mRunTime":1200,"mStartTime":34200000,"mTimeUnit":600000,"mWalkTime":26013,"runStep":3,"walkStep":39},{"distance":15.67,"mCalorie":0.75,"mOthersTime":0,"mRunTime":0,"mStartTime":34800000,"mTimeUnit":600000,"mWalkTime":14674,"runStep":0,"walkStep":22},{"distance":10.85,"mCalorie":0.51,"mOthersTime":0,"mRunTime":0,"mStartTime":35400000,"mTimeUnit":600000,"mWalkTime":7337,"runStep":0,"walkStep":11},{"distance":106.07001,"mCalorie":4.9,"mOthersTime":0,"mRunTime":0,"mStartTime":36000000,"mTimeUnit":600000,"mWalkTime":94047,"runStep":0,"walkStep":141},{"distance":67.659996,"mCalorie":3.64,"mOthersTime":0,"mRunTime":0,"mStartTime":37800000,"mTimeUnit":600000,"mWalkTime":62698,"runStep":0,"walkStep":94},{"distance":109.64901,"mCalorie":5.76,"mOthersTime":0,"mRunTime":4400,"mStartTime":38400000,"mTimeUnit":600000,"mWalkTime":85376,"runStep":11,"walkStep":128},{"distance":88.660995,"mCalorie":4.48,"mOthersTime":0,"mRunTime":0,"mStartTime":39000000,"mTimeUnit":600000,"mWalkTime":80707,"runStep":0,"walkStep":121},{"distance":13.34,"mCalorie":0.67,"mOthersTime":0,"mRunTime":0,"mStartTime":39600000,"mTimeUnit":600000,"mWalkTime":12673,"runStep":0,"walkStep":19},{"distance":8.99,"mCalorie":0.6,"mOthersTime":0,"mRunTime":400,"mStartTime":40200000,"mTimeUnit":600000,"mWalkTime":6670,"runStep":1,"walkStep":10},{"distance":137.029,"mCalorie":7.43,"mOthersTime":0,"mRunTime":2000,"mStartTime":40800000,"mTimeUnit":600000,"mWalkTime":120727,"runStep":5,"walkStep":181},{"distance":107.159996,"mCalorie":5.7499995,"mOthersTime":0,"mRunTime":1600,"mStartTime":41400000,"mTimeUnit":600000,"mWalkTime":93380,"runStep":4,"walkStep":140},{"distance":17.77,"mCalorie":0.70000005,"mOthersTime":0,"mRunTime":0,"mStartTime":42000000,"mTimeUnit":600000,"mWalkTime":14674,"runStep":0,"walkStep":22},{"distance":20.640999,"mCalorie":0.91,"mOthersTime":0,"mRunTime":0,"mStartTime":42600000,"mTimeUnit":600000,"mWalkTime":18009,"runStep":0,"walkStep":27},{"distance":73.159004,"mCalorie":3.19,"mOthersTime":0,"mRunTime":0,"mStartTime":43200000,"mTimeUnit":600000,"mWalkTime":60697,"runStep":0,"walkStep":91},{"distance":381.52,"mCalorie":22.660002,"mOthersTime":0,"mRunTime":0,"mStartTime":43800000,"mTimeUnit":600000,"mWalkTime":373490,"runStep":0,"walkStep":561},{"distance":66.58,"mCalorie":3.1299999,"mOthersTime":0,"mRunTime":0,"mStartTime":44400000,"mTimeUnit":600000,"mWalkTime":54694,"runStep":0,"walkStep":82},{"distance":79.08,"mCalorie":4.12,"mOthersTime":0,"mRunTime":0,"mStartTime":46200000,"mTimeUnit":600000,"mWalkTime":72036,"runStep":0,"walkStep":108},{"distance":12.39,"mCalorie":0.62,"mOthersTime":0,"mRunTime":0,"mStartTime":46800000,"mTimeUnit":600000,"mWalkTime":11339,"runStep":0,"walkStep":17},{"distance":154.54,"mCalorie":8.5,"mOthersTime":0,"mRunTime":0,"mStartTime":47400000,"mTimeUnit":600000,"mWalkTime":145406,"runStep":0,"walkStep":218},{"distance":121.700005,"mCalorie":5.9399996,"mOthersTime":0,"mRunTime":0,"mStartTime":48000000,"mTimeUnit":600000,"mWalkTime":111389,"runStep":0,"walkStep":167},{"distance":15.08,"mCalorie":0.76,"mOthersTime":0,"mRunTime":0,"mStartTime":49800000,"mTimeUnit":600000,"mWalkTime":13340,"runStep":0,"walkStep":20},{"distance":202.93,"mCalorie":10.869999,"mOthersTime":0,"mRunTime":800,"mStartTime":50400000,"mTimeUnit":600000,"mWalkTime":189428,"runStep":2,"walkStep":284},{"distance":441.99002,"mCalorie":24.01,"mOthersTime":0,"mRunTime":0,"mStartTime":51000000,"mTimeUnit":600000,"mWalkTime":396108,"runStep":0,"walkStep":605},{"distance":329.11,"mCalorie":17.18,"mOthersTime":0,"mRunTime":0,"mStartTime":51600000,"mTimeUnit":600000,"mWalkTime":300120,"runStep":0,"walkStep":453},{"distance":197.26001,"mCalorie":11.41,"mOthersTime":0,"mRunTime":0,"mStartTime":52200000,"mTimeUnit":600000,"mWalkTime":179393,"runStep":0,"walkStep":276},{"distance":18.27,"mCalorie":0.96,"mOthersTime":0,"mRunTime":0,"mStartTime":52800000,"mTimeUnit":600000,"mWalkTime":17342,"runStep":0,"walkStep":26},{"distance":35.690002,"mCalorie":1.91,"mOthersTime":0,"mRunTime":0,"mStartTime":54000000,"mTimeUnit":600000,"mWalkTime":32683,"runStep":0,"walkStep":49},{"distance":7.45,"mCalorie":0.41,"mOthersTime":0,"mRunTime":0,"mStartTime":54600000,"mTimeUnit":600000,"mWalkTime":7337,"runStep":0,"walkStep":11},{"distance":71.44,"mCalorie":3.67,"mOthersTime":0,"mRunTime":0,"mStartTime":55200000,"mTimeUnit":600000,"mWalkTime":65366,"runStep":0,"walkStep":98},{"distance":82.77,"mCalorie":4.25,"mOthersTime":0,"mRunTime":1600,"mStartTime":55800000,"mTimeUnit":600000,"mWalkTime":68034,"runStep":4,"walkStep":102},{"distance":40.93,"mCalorie":2.04,"mOthersTime":0,"mRunTime":0,"mStartTime":56400000,"mTimeUnit":600000,"mWalkTime":36685,"runStep":0,"walkStep":55},{"distance":42.2,"mCalorie":1.8799999,"mOthersTime":0,"mRunTime":0,"mStartTime":57000000,"mTimeUnit":600000,"mWalkTime":37352,"runStep":0,"walkStep":56},{"distance":11.19,"mCalorie":0.6,"mOthersTime":0,"mRunTime":0,"mStartTime":58200000,"mTimeUnit":600000,"mWalkTime":10672,"runStep":0,"walkStep":16},{"distance":221.54001,"mCalorie":11.559999,"mOthersTime":0,"mRunTime":0,"mStartTime":58800000,"mTimeUnit":600000,"mWalkTime":201434,"runStep":0,"walkStep":302},{"distance":83.06,"mCalorie":5.15,"mOthersTime":0,"mRunTime":0,"mStartTime":59400000,"mTimeUnit":600000,"mWalkTime":79373,"runStep":0,"walkStep":119},{"distance":143.35,"mCalorie":7.75,"mOthersTime":0,"mRunTime":0,"mStartTime":60000000,"mTimeUnit":600000,"mWalkTime":134734,"runStep":0,"walkStep":202},{"distance":225.04001,"mCalorie":11.75,"mOthersTime":0,"mRunTime":0,"mStartTime":60600000,"mTimeUnit":600000,"mWalkTime":204769,"runStep":0,"walkStep":307},{"distance":185.89001,"mCalorie":9.75,"mOthersTime":0,"mRunTime":0,"mStartTime":61200000,"mTimeUnit":600000,"mWalkTime":170752,"runStep":0,"walkStep":256},{"distance":124.06,"mCalorie":6.3100004,"mOthersTime":0,"mRunTime":0,"mStartTime":61800000,"mTimeUnit":600000,"mWalkTime":116725,"runStep":0,"walkStep":175},{"distance":9.38,"mCalorie":0.48,"mOthersTime":0,"mRunTime":0,"mStartTime":62400000,"mTimeUnit":600000,"mWalkTime":7337,"runStep":0,"walkStep":11},{"distance":7.39,"mCalorie":0.35,"mOthersTime":0,"mRunTime":0,"mStartTime":64200000,"mTimeUnit":600000,"mWalkTime":6670,"runStep":0,"walkStep":10},{"distance":44.36,"mCalorie":2.23,"mOthersTime":0,"mRunTime":0,"mStartTime":64800000,"mTimeUnit":600000,"mWalkTime":40687,"runStep":0,"walkStep":61},{"distance":10.29,"mCalorie":0.42,"mOthersTime":0,"mRunTime":0,"mStartTime":66000000,"mTimeUnit":600000,"mWalkTime":8671,"runStep":0,"walkStep":13},{"distance":24.11,"mCalorie":1.08,"mOthersTime":0,"mRunTime":0,"mStartTime":67200000,"mTimeUnit":600000,"mWalkTime":21344,"runStep":0,"walkStep":32},{"distance":16.28,"mCalorie":0.73,"mOthersTime":0,"mRunTime":0,"mStartTime":67800000,"mTimeUnit":600000,"mWalkTime":14674,"runStep":0,"walkStep":22},{"distance":109.31,"mCalorie":6.61,"mOthersTime":0,"mRunTime":0,"mStartTime":69600000,"mTimeUnit":600000,"mWalkTime":109388,"runStep":0,"walkStep":164},{"distance":132.68,"mCalorie":7.0,"mOthersTime":0,"mRunTime":0,"mStartTime":70200000,"mTimeUnit":600000,"mWalkTime":121394,"runStep":0,"walkStep":182},{"distance":43.63,"mCalorie":2.31,"mOthersTime":0,"mRunTime":0,"mStartTime":70800000,"mTimeUnit":600000,"mWalkTime":41354,"runStep":0,"walkStep":62},{"distance":7.45,"mCalorie":0.33,"mOthersTime":0,"mRunTime":0,"mStartTime":71400000,"mTimeUnit":600000,"mWalkTime":6670,"runStep":0,"walkStep":10},{"distance":60.571,"mCalorie":3.02,"mOthersTime":0,"mRunTime":0,"mStartTime":73200000,"mTimeUnit":600000,"mWalkTime":55361,"runStep":0,"walkStep":83},{"distance":39.259003,"mCalorie":1.96,"mOthersTime":0,"mRunTime":0,"mStartTime":73800000,"mTimeUnit":600000,"mWalkTime":34684,"runStep":0,"walkStep":52},{"distance":36.729,"mCalorie":1.59,"mOthersTime":0,"mRunTime":0,"mStartTime":74400000,"mTimeUnit":600000,"mWalkTime":32016,"runStep":0,"walkStep":48},{"distance":8.81,"mCalorie":0.45,"mOthersTime":0,"mRunTime":0,"mStartTime":75000000,"mTimeUnit":600000,"mWalkTime":8004,"runStep":0,"walkStep":12},{"distance":37.5,"mCalorie":1.8100001,"mOthersTime":0,"mRunTime":800,"mStartTime":79200000,"mTimeUnit":600000,"mWalkTime":31349,"runStep":2,"walkStep":47}],"version":1}