{"mActivityList":[{"mActiveTime":653239,"mActiveTimeType":2,"mCalorie":85.0,"mCategory":204,"mDetailInfoId":"64248096-fb79-3211-390b-1e7fb71f131e","mDistance":0.0,"mDuration":653239,"mEndTime":43616951,"mStartTime":42963712,"mType":0},{"mActiveTime":671929,"mActiveTimeType":0,"mCalorie":35.0,"mCategory":204,"mDetailInfoId":"35928de0-4b73-3cf9-849c-1e77f89d9ea4","mDistance":626.52,"mDuration":671929,"mEndTime":70280596,"mStartTime":69608667,"mType":1001}],"mAdaptiveGoal":0,"mIsGoalAchieved":false,"mIsMostActiveAchieved":false,"mMostActiveMinutes":0,"mStreakDayCount":0,"mUnitDataList":[{"distance":17.24,"mCalorie":1.04,"mOthersTime":0,"mRunTime":400,"mStartTime":14400000,"mTimeUnit":600000,"mWalkTime":14674,"runStep":1,"walkStep":22},{"distance":24.37,"mCalorie":1.23,"mOthersTime":0,"mRunTime":0,"mStartTime":15000000,"mTimeUnit":600000,"mWalkTime":22011,"runStep":0,"walkStep":33},{"distance":48.620003,"mCalorie":2.48,"mOthersTime":0,"mRunTime":0,"mStartTime":15600000,"mTimeUnit":600000,"mWalkTime":41354,"runStep":0,"walkStep":62},{"distance":20.58,"mCalorie":1.03,"mOthersTime":0,"mRunTime":1200,"mStartTime":16200000,"mTimeUnit":600000,"mWalkTime":14674,"runStep":3,"walkStep":22},{"distance":72.01,"mCalorie":3.48,"mOthersTime":0,"mRunTime":0,"mStartTime":17400000,"mTimeUnit":600000,"mWalkTime":64699,"runStep":0,"walkStep":97},{"distance":431.30002,"mCalorie":22.660004,"mOthersTime":0,"mRunTime":0,"mStartTime":18000000,"mTimeUnit":600000,"mWalkTime":373400,"runStep":0,"walkStep":599},{"distance":27.929996,"mCalorie":1.4299998,"mOthersTime":0,"mRunTime":0,"mStartTime":18600000,"mTimeUnit":600000,"mWalkTime":25346,"runStep":0,"walkStep":38},{"distance":22.99,"mCalorie":1.2,"mOthersTime":0,"mRunTime":0,"mStartTime":19200000,"mTimeUnit":600000,"mWalkTime":20677,"runStep":0,"walkStep":31},{"distance":173.46,"mCalorie":9.21,"mOthersTime":0,"mRunTime":0,"mStartTime":20400000,"mTimeUnit":600000,"mWalkTime":146710,"runStep":0,"walkStep":234},{"distance":278.24002,"mCalorie":15.96,"mOthersTime":0,"mRunTime":0,"mStartTime":21000000,"mTimeUnit":600000,"mWalkTime":244032,"runStep":0,"walkStep":401},{"distance":54.18,"mCalorie":2.75,"mOthersTime":0,"mRunTime":0,"mStartTime":21600000,"mTimeUnit":600000,"mWalkTime":50025,"runStep":0,"walkStep":75},{"distance":9.75,"mCalorie":0.47,"mOthersTime":0,"mRunTime":0,"mStartTime":36000000,"mTimeUnit":600000,"mWalkTime":8004,"runStep":0,"walkStep":12},{"distance":55.14,"mCalorie":2.68,"mOthersTime":0,"mRunTime":0,"mStartTime":36600000,"mTimeUnit":600000,"mWalkTime":50692,"runStep":0,"walkStep":76},{"distance":28.41,"mCalorie":1.24,"mOthersTime":0,"mRunTime":0,"mStartTime":37200000,"mTimeUnit":600000,"mWalkTime":25346,"runStep":0,"walkStep":38},{"distance":122.04001,"mCalorie":6.0499997,"mOthersTime":0,"mRunTime":0,"mStartTime":37800000,"mTimeUnit":600000,"mWalkTime":109388,"runStep":0,"walkStep":164},{"distance":15.239998,"mCalorie":0.7600001,"mOthersTime":0,"mRunTime":0,"mStartTime":38400000,"mTimeUnit":600000,"mWalkTime":14007,"runStep":0,"walkStep":21},{"distance":52.739998,"mCalorie":2.7,"mOthersTime":0,"mRunTime":0,"mStartTime":39600000,"mTimeUnit":600000,"mWalkTime":48024,"runStep":0,"walkStep":72},{"distance":40.15,"mCalorie":1.98,"mOthersTime":0,"mRunTime":0,"mStartTime":40200000,"mTimeUnit":600000,"mWalkTime":35351,"runStep":0,"walkStep":53},{"distance":66.85,"mCalorie":3.26,"mOthersTime":0,"mRunTime":0,"mStartTime":40800000,"mTimeUnit":600000,"mWalkTime":59363,"runStep":0,"walkStep":89},{"distance":31.17,"mCalorie":1.8700001,"mOthersTime":0,"mRunTime":0,"mStartTime":41400000,"mTimeUnit":600000,"mWalkTime":30682,"runStep":0,"walkStep":46},{"distance":16.29,"mCalorie":0.75,"mOthersTime":0,"mRunTime":0,"mStartTime":42000000,"mTimeUnit":600000,"mWalkTime":14674,"runStep":0,"walkStep":22},{"distance":52.333187,"mCalorie":33.400734,"mOthersTime":236288,"mRunTime":800,"mStartTime":42600000,"mTimeUnit":600000,"mWalkTime":45851,"runStep":7,"walkStep":112},{"distance":16.21,"mCalorie":55.16401,"mOthersTime":416951,"mRunTime":0,"mStartTime":43200000,"mTimeUnit":600000,"mWalkTime":13340,"runStep":1,"walkStep":141},{"distance":13.12,"mCalorie":0.55,"mOthersTime":0,"mRunTime":0,"mStartTime":43800000,"mTimeUnit":600000,"mWalkTime":9338,"runStep":0,"walkStep":14},{"distance":7.1,"mCalorie":0.35,"mOthersTime":0,"mRunTime":0,"mStartTime":44400000,"mTimeUnit":600000,"mWalkTime":6670,"runStep":0,"walkStep":10},{"distance":16.5,"mCalorie":0.71999997,"mOthersTime":0,"mRunTime":0,"mStartTime":45000000,"mTimeUnit":600000,"mWalkTime":12673,"runStep":0,"walkStep":19},{"distance":93.42,"mCalorie":5.2400002,"mOthersTime":0,"mRunTime":4800,"mStartTime":45600000,"mTimeUnit":600000,"mWalkTime":73370,"runStep":12,"walkStep":110},{"distance":462.56003,"mCalorie":24.019999,"mOthersTime":0,"mRunTime":0,"mStartTime":46200000,"mTimeUnit":600000,"mWalkTime":398049,"runStep":0,"walkStep":647},{"distance":34.6,"mCalorie":1.8299999,"mOthersTime":0,"mRunTime":0,"mStartTime":46800000,"mTimeUnit":600000,"mWalkTime":32016,"runStep":0,"walkStep":48},{"distance":7.36,"mCalorie":0.5,"mOthersTime":0,"mRunTime":0,"mStartTime":47400000,"mTimeUnit":600000,"mWalkTime":7337,"runStep":0,"walkStep":11},{"distance":121.23,"mCalorie":6.5200005,"mOthersTime":0,"mRunTime":0,"mStartTime":50400000,"mTimeUnit":600000,"mWalkTime":116058,"runStep":0,"walkStep":174},{"distance":408.02,"mCalorie":22.07,"mOthersTime":0,"mRunTime":0,"mStartTime":51000000,"mTimeUnit":600000,"mWalkTime":338049,"runStep":0,"walkStep":561},{"distance":98.07,"mCalorie":5.43,"mOthersTime":0,"mRunTime":0,"mStartTime":51600000,"mTimeUnit":600000,"mWalkTime":93380,"runStep":0,"walkStep":140},{"distance":154.47002,"mCalorie":7.8100004,"mOthersTime":0,"mRunTime":0,"mStartTime":52200000,"mTimeUnit":600000,"mWalkTime":143405,"runStep":0,"walkStep":215},{"distance":111.47,"mCalorie":5.89,"mOthersTime":0,"mRunTime":0,"mStartTime":53400000,"mTimeUnit":600000,"mWalkTime":103385,"runStep":0,"walkStep":155},{"distance":63.359997,"mCalorie":3.36,"mOthersTime":0,"mRunTime":0,"mStartTime":54000000,"mTimeUnit":600000,"mWalkTime":58696,"runStep":0,"walkStep":88},{"distance":162.93001,"mCalorie":9.04,"mOthersTime":0,"mRunTime":0,"mStartTime":54600000,"mTimeUnit":600000,"mWalkTime":154744,"runStep":0,"walkStep":232},{"distance":142.18001,"mCalorie":7.63,"mOthersTime":0,"mRunTime":800,"mStartTime":55200000,"mTimeUnit":600000,"mWalkTime":128731,"runStep":2,"walkStep":193},{"distance":32.29,"mCalorie":1.6500001,"mOthersTime":0,"mRunTime":0,"mStartTime":58200000,"mTimeUnit":600000,"mWalkTime":30682,"runStep":0,"walkStep":46},{"distance":9.56,"mCalorie":0.64,"mOthersTime":0,"mRunTime":0,"mStartTime":60000000,"mTimeUnit":600000,"mWalkTime":8004,"runStep":0,"walkStep":12},{"distance":41.870003,"mCalorie":2.32,"mOthersTime":0,"mRunTime":0,"mStartTime":60600000,"mTimeUnit":600000,"mWalkTime":38686,"runStep":0,"walkStep":58},{"distance":60.87,"mCalorie":3.17,"mOthersTime":0,"mRunTime":4000,"mStartTime":61800000,"mTimeUnit":600000,"mWalkTime":46023,"runStep":10,"walkStep":69},{"distance":51.83,"mCalorie":3.04,"mOthersTime":0,"mRunTime":2000,"mStartTime":62400000,"mTimeUnit":600000,"mWalkTime":44022,"runStep":5,"walkStep":66},{"distance":65.76,"mCalorie":3.62,"mOthersTime":0,"mRunTime":4800,"mStartTime":63000000,"mTimeUnit":600000,"mWalkTime":45356,"runStep":12,"walkStep":68},{"distance":11.56,"mCalorie":0.77,"mOthersTime":0,"mRunTime":800,"mStartTime":63600000,"mTimeUnit":600000,"mWalkTime":7337,"runStep":2,"walkStep":11},{"distance":7.13,"mCalorie":0.33,"mOthersTime":0,"mRunTime":400,"mStartTime":64200000,"mTimeUnit":600000,"mWalkTime":6003,"runStep":1,"walkStep":9},{"distance":35.63,"mCalorie":1.78,"mOthersTime":0,"mRunTime":0,"mStartTime":69000000,"mTimeUnit":600000,"mWalkTime":32683,"runStep":0,"walkStep":49},{"distance":553.5678,"mCalorie":30.914518,"mOthersTime":0,"mRunTime":0,"mStartTime":69600000,"mTimeUnit":600000,"mWalkTime":593356,"runStep":0,"walkStep":881},{"distance":639.00934,"mCalorie":34.23815,"mOthersTime":0,"mRunTime":0,"mStartTime":70200000,"mTimeUnit":600000,"mWalkTime":527276,"runStep":0,"walkStep":838},{"distance":177.07999,"mCalorie":9.15,"mOthersTime":0,"mRunTime":0,"mStartTime":70800000,"mTimeUnit":600000,"mWalkTime":152713,"runStep":0,"walkStep":238},{"distance":17.16,"mCalorie":0.94,"mOthersTime":0,"mRunTime":0,"mStartTime":72000000,"mTimeUnit":600000,"mWalkTime":16008,"runStep":0,"walkStep":24},{"distance":7.69,"mCalorie":0.33,"mOthersTime":0,"mRunTime":0,"mStartTime":72600000,"mTimeUnit":600000,"mWalkTime":6670,"runStep":0,"walkStep":10},{"distance":55.21,"mCalorie":3.29,"mOthersTime":0,"mRunTime":400,"mStartTime":73200000,"mTimeUnit":600000,"mWalkTime":48691,"runStep":1,"walkStep":73},{"distance":159.41,"mCalorie":8.2,"mOthersTime":0,"mRunTime":2400,"mStartTime":73800000,"mTimeUnit":600000,"mWalkTime":138069,"runStep":6,"walkStep":207},{"distance":52.829998,"mCalorie":2.57,"mOthersTime":0,"mRunTime":0,"mStartTime":74400000,"mTimeUnit":600000,"mWalkTime":47357,"runStep":0,"walkStep":71},{"distance":91.770004,"mCalorie":5.06,"mOthersTime":0,"mRunTime":4000,"mStartTime":75000000,"mTimeUnit":600000,"mWalkTime":69368,"runStep":10,"walkStep":104},{"distance":53.84,"mCalorie":2.4499998,"mOthersTime":0,"mRunTime":0,"mStartTime":76200000,"mTimeUnit":600000,"mWalkTime":48691,"runStep":0,"walkStep":73},{"distance":33.79,"mCalorie":1.74,"mOthersTime":0,"mRunTime":0,"mStartTime":76800000,"mTimeUnit":600000,"mWalkTime":30682,"runStep":0,"walkStep":46},{"distance":76.31,"mCalorie":4.6,"mOthersTime":0,"mRunTime":0,"mStartTime":78600000,"mTimeUnit":600000,"mWalkTime":72703,"runStep":0,"walkStep":109},{"distance":256.61002,"mCalorie":14.369999,"mOthersTime":0,"mRunTime":0,"mStartTime":79200000,"mTimeUnit":600000,"mWalkTime":242788,"runStep":0,"walkStep":364},{"distance":55.62,"mCalorie":2.67,"mOthersTime":0,"mRunTime":0,"mStartTime":79800000,"mTimeUnit":600000,"mWalkTime":50025,"runStep":0,"walkStep":75},{"distance":45.14,"mCalorie":2.4299998,"mOthersTime":0,"mRunTime":0,"mStartTime":80400000,"mTimeUnit":600000,"mWalkTime":41354,"runStep":0,"walkStep":62},{"distance":284.81998,"mCalorie":15.61,"mOthersTime":0,"mRunTime":0,"mStartTime":82200000,"mTimeUnit":600000,"mWalkTime":266800,"runStep":0,"walkStep":400},{"distance":47.520004,"mCalorie":2.3000002,"mOthersTime":0,"mRunTime":0,"mStartTime":82800000,"mTimeUnit":600000,"mWalkTime":42688,"runStep":0,"walkStep":64},{"distance":125.409996,"mCalorie":5.76,"mOthersTime":0,"mRunTime":0,"mStartTime":83400000,"mTimeUnit":600000,"mWalkTime":110722,"runStep":0,"walkStep":166}],"version":1}