{"mActivityList":[{"mActiveTime":600000,"mActiveTimeType":2,"mCalorie":62.4,"mCategory":204,"mDetailInfoId":"bb488b06-4b74-40fc-b66c-f9978923a0ff","mDistance":0.0,"mDuration":600000,"mEndTime":75537219,"mStartTime":74937219,"mType":11007}],"mAdaptiveGoal":0,"mIsGoalAchieved":false,"mIsMostActiveAchieved":false,"mMostActiveMinutes":0,"mStreakDayCount":0,"mUnitDataList":[{"distance":28.6,"mCalorie":1.45,"mOthersTime":0,"mRunTime":0,"mStartTime":34800000,"mTimeUnit":600000,"mWalkTime":26013,"runStep":0,"walkStep":39},{"distance":91.74999,"mCalorie":4.3999996,"mOthersTime":0,"mRunTime":0,"mStartTime":35400000,"mTimeUnit":600000,"mWalkTime":81374,"runStep":0,"walkStep":122},{"distance":226.61,"mCalorie":10.999999,"mOthersTime":0,"mRunTime":0,"mStartTime":36600000,"mTimeUnit":600000,"mWalkTime":185366,"runStep":0,"walkStep":306},{"distance":100.869995,"mCalorie":4.96,"mOthersTime":0,"mRunTime":0,"mStartTime":37200000,"mTimeUnit":600000,"mWalkTime":92046,"runStep":0,"walkStep":138},{"distance":100.38,"mCalorie":5.21,"mOthersTime":0,"mRunTime":0,"mStartTime":37800000,"mTimeUnit":600000,"mWalkTime":92713,"runStep":0,"walkStep":139},{"distance":99.3,"mCalorie":5.17,"mOthersTime":0,"mRunTime":0,"mStartTime":38400000,"mTimeUnit":600000,"mWalkTime":92046,"runStep":0,"walkStep":138},{"distance":49.989998,"mCalorie":2.63,"mOthersTime":0,"mRunTime":0,"mStartTime":39000000,"mTimeUnit":600000,"mWalkTime":46690,"runStep":0,"walkStep":70},{"distance":101.28,"mCalorie":5.2699995,"mOthersTime":0,"mRunTime":0,"mStartTime":39600000,"mTimeUnit":600000,"mWalkTime":94047,"runStep":0,"walkStep":141},{"distance":237.45999,"mCalorie":12.179999,"mOthersTime":0,"mRunTime":0,"mStartTime":40200000,"mTimeUnit":600000,"mWalkTime":212743,"runStep":0,"walkStep":322},{"distance":6.85,"mCalorie":0.4,"mOthersTime":0,"mRunTime":0,"mStartTime":40800000,"mTimeUnit":600000,"mWalkTime":6670,"runStep":0,"walkStep":10},{"distance":117.372,"mCalorie":6.5,"mOthersTime":0,"mRunTime":3200,"mStartTime":41400000,"mTimeUnit":600000,"mWalkTime":97382,"runStep":8,"walkStep":146},{"distance":122.732994,"mCalorie":6.32,"mOthersTime":0,"mRunTime":4800,"mStartTime":42000000,"mTimeUnit":600000,"mWalkTime":98049,"runStep":12,"walkStep":147},{"distance":55.079998,"mCalorie":2.88,"mOthersTime":0,"mRunTime":2000,"mStartTime":42600000,"mTimeUnit":600000,"mWalkTime":42688,"runStep":5,"walkStep":64},{"distance":6.01,"mCalorie":0.29,"mOthersTime":0,"mRunTime":0,"mStartTime":43200000,"mTimeUnit":600000,"mWalkTime":5336,"runStep":0,"walkStep":8},{"distance":4.81,"mCalorie":0.23,"mOthersTime":0,"mRunTime":0,"mStartTime":43800000,"mTimeUnit":600000,"mWalkTime":4669,"runStep":0,"walkStep":7},{"distance":56.989998,"mCalorie":2.6200001,"mOthersTime":0,"mRunTime":1600,"mStartTime":45000000,"mTimeUnit":600000,"mWalkTime":45356,"runStep":4,"walkStep":68},{"distance":171.191,"mCalorie":10.56,"mOthersTime":0,"mRunTime":0,"mStartTime":45600000,"mTimeUnit":600000,"mWalkTime":166083,"runStep":0,"walkStep":249},{"distance":6.82,"mCalorie":0.4,"mOthersTime":0,"mRunTime":0,"mStartTime":46200000,"mTimeUnit":600000,"mWalkTime":6670,"runStep":0,"walkStep":10},{"distance":369.28,"mCalorie":19.140001,"mOthersTime":0,"mRunTime":0,"mStartTime":46800000,"mTimeUnit":600000,"mWalkTime":324072,"runStep":0,"walkStep":501},{"distance":8.06,"mCalorie":0.38,"mOthersTime":0,"mRunTime":0,"mStartTime":47400000,"mTimeUnit":600000,"mWalkTime":7337,"runStep":0,"walkStep":11},{"distance":324.361,"mCalorie":17.33,"mOthersTime":0,"mRunTime":0,"mStartTime":51000000,"mTimeUnit":600000,"mWalkTime":285386,"runStep":0,"walkStep":472},{"distance":167.64,"mCalorie":8.329999,"mOthersTime":0,"mRunTime":0,"mStartTime":51600000,"mTimeUnit":600000,"mWalkTime":153410,"runStep":0,"walkStep":230},{"distance":289.63,"mCalorie":14.58,"mOthersTime":0,"mRunTime":0,"mStartTime":52200000,"mTimeUnit":600000,"mWalkTime":263465,"runStep":0,"walkStep":395},{"distance":128.87,"mCalorie":6.4399996,"mOthersTime":0,"mRunTime":0,"mStartTime":52800000,"mTimeUnit":600000,"mWalkTime":117392,"runStep":0,"walkStep":176},{"distance":45.779,"mCalorie":2.35,"mOthersTime":0,"mRunTime":3200,"mStartTime":53400000,"mTimeUnit":600000,"mWalkTime":33350,"runStep":8,"walkStep":50},{"distance":50.9,"mCalorie":3.06,"mOthersTime":0,"mRunTime":0,"mStartTime":54600000,"mTimeUnit":600000,"mWalkTime":60030,"runStep":0,"walkStep":90},{"distance":83.889984,"mCalorie":4.3299994,"mOthersTime":0,"mRunTime":0,"mStartTime":55800000,"mTimeUnit":600000,"mWalkTime":75371,"runStep":0,"walkStep":113},{"distance":63.85,"mCalorie":3.3199995,"mOthersTime":0,"mRunTime":0,"mStartTime":56400000,"mTimeUnit":600000,"mWalkTime":56695,"runStep":0,"walkStep":85},{"distance":52.789997,"mCalorie":3.44,"mOthersTime":0,"mRunTime":0,"mStartTime":58800000,"mTimeUnit":600000,"mWalkTime":50025,"runStep":0,"walkStep":75},{"distance":55.93,"mCalorie":2.65,"mOthersTime":0,"mRunTime":0,"mStartTime":59400000,"mTimeUnit":600000,"mWalkTime":50692,"runStep":0,"walkStep":76},{"distance":65.09,"mCalorie":3.09,"mOthersTime":0,"mRunTime":0,"mStartTime":60000000,"mTimeUnit":600000,"mWalkTime":58029,"runStep":0,"walkStep":87},{"distance":50.57,"mCalorie":2.3799999,"mOthersTime":0,"mRunTime":0,"mStartTime":60600000,"mTimeUnit":600000,"mWalkTime":46023,"runStep":0,"walkStep":69},{"distance":22.18,"mCalorie":1.15,"mOthersTime":0,"mRunTime":0,"mStartTime":61200000,"mTimeUnit":600000,"mWalkTime":20677,"runStep":0,"walkStep":31},{"distance":34.3,"mCalorie":2.18,"mOthersTime":0,"mRunTime":2000,"mStartTime":61800000,"mTimeUnit":600000,"mWalkTime":24012,"runStep":5,"walkStep":36},{"distance":39.93,"mCalorie":1.99,"mOthersTime":0,"mRunTime":0,"mStartTime":62400000,"mTimeUnit":600000,"mWalkTime":37352,"runStep":0,"walkStep":56},{"distance":410.159,"mCalorie":20.01,"mOthersTime":0,"mRunTime":0,"mStartTime":63000000,"mTimeUnit":600000,"mWalkTime":341354,"runStep":0,"walkStep":564},{"distance":311.53,"mCalorie":14.28,"mOthersTime":0,"mRunTime":0,"mStartTime":64800000,"mTimeUnit":600000,"mWalkTime":245366,"runStep":0,"walkStep":414},{"distance":53.53,"mCalorie":4.11,"mOthersTime":0,"mRunTime":0,"mStartTime":65400000,"mTimeUnit":600000,"mWalkTime":54694,"runStep":0,"walkStep":82},{"distance":36.269997,"mCalorie":1.78,"mOthersTime":0,"mRunTime":0,"mStartTime":66000000,"mTimeUnit":600000,"mWalkTime":34017,"runStep":0,"walkStep":51},{"distance":27.939999,"mCalorie":1.6,"mOthersTime":0,"mRunTime":3200,"mStartTime":66600000,"mTimeUnit":600000,"mWalkTime":18009,"runStep":8,"walkStep":27},{"distance":7.05,"mCalorie":0.46,"mOthersTime":0,"mRunTime":0,"mStartTime":69000000,"mTimeUnit":600000,"mWalkTime":6670,"runStep":0,"walkStep":10},{"distance":137.36,"mCalorie":7.04,"mOthersTime":0,"mRunTime":0,"mStartTime":69600000,"mTimeUnit":600000,"mWalkTime":128064,"runStep":0,"walkStep":192},{"distance":115.83,"mCalorie":5.95,"mOthersTime":0,"mRunTime":0,"mStartTime":70200000,"mTimeUnit":600000,"mWalkTime":108054,"runStep":0,"walkStep":162},{"distance":76.88,"mCalorie":3.95,"mOthersTime":0,"mRunTime":0,"mStartTime":70800000,"mTimeUnit":600000,"mWalkTime":68034,"runStep":0,"walkStep":102},{"distance":519.9,"mCalorie":28.85,"mOthersTime":0,"mRunTime":0,"mStartTime":71400000,"mTimeUnit":600000,"mWalkTime":466720,"runStep":0,"walkStep":730},{"distance":68.59,"mCalorie":4.08,"mOthersTime":0,"mRunTime":0,"mStartTime":72000000,"mTimeUnit":600000,"mWalkTime":68671,"runStep":0,"walkStep":105},{"distance":6.76,"mCalorie":0.3,"mOthersTime":0,"mRunTime":0,"mStartTime":73200000,"mTimeUnit":600000,"mWalkTime":6670,"runStep":0,"walkStep":10},{"distance":34.409996,"mCalorie":1.3599993,"mOthersTime":0,"mRunTime":0,"mStartTime":73800000,"mTimeUnit":600000,"mWalkTime":29348,"runStep":0,"walkStep":44},{"distance":126.26866,"mCalorie":13.817787,"mOthersTime":62781,"mRunTime":0,"mStartTime":74400000,"mTimeUnit":600000,"mWalkTime":129994,"runStep":0,"walkStep":231},{"distance":70.86,"mCalorie":59.650776,"mOthersTime":537219,"mRunTime":0,"mStartTime":75000000,"mTimeUnit":600000,"mWalkTime":60000,"runStep":0,"walkStep":571},{"distance":414.87997,"mCalorie":22.34,"mOthersTime":0,"mRunTime":0,"mStartTime":75600000,"mTimeUnit":600000,"mWalkTime":356725,"runStep":0,"walkStep":565},{"distance":172.47,"mCalorie":8.99,"mOthersTime":0,"mRunTime":1200,"mStartTime":76200000,"mTimeUnit":600000,"mWalkTime":152743,"runStep":3,"walkStep":229},{"distance":24.1,"mCalorie":1.14,"mOthersTime":0,"mRunTime":0,"mStartTime":78000000,"mTimeUnit":600000,"mWalkTime":22011,"runStep":0,"walkStep":33},{"distance":34.620003,"mCalorie":1.66,"mOthersTime":0,"mRunTime":0,"mStartTime":81600000,"mTimeUnit":600000,"mWalkTime":32016,"runStep":0,"walkStep":48},{"distance":10.791,"mCalorie":0.57,"mOthersTime":0,"mRunTime":0,"mStartTime":82200000,"mTimeUnit":600000,"mWalkTime":10005,"runStep":0,"walkStep":15},{"distance":135.121,"mCalorie":6.83,"mOthersTime":0,"mRunTime":4000,"mStartTime":84000000,"mTimeUnit":600000,"mWalkTime":108721,"runStep":10,"walkStep":163},{"distance":31.432,"mCalorie":1.4300001,"mOthersTime":0,"mRunTime":0,"mStartTime":84600000,"mTimeUnit":600000,"mWalkTime":28014,"runStep":0,"walkStep":42},{"distance":67.007,"mCalorie":3.46,"mOthersTime":0,"mRunTime":0,"mStartTime":85200000,"mTimeUnit":600000,"mWalkTime":60030,"runStep":0,"walkStep":90}],"version":1}