{"mAdaptiveGoal":0,"mIsGoalAchieved":false,"mIsMostActiveAchieved":false,"mMostActiveMinutes":0,"mStreakDayCount":0,"mUnitDataList":[{"distance":16.220001,"mCalorie":0.78999996,"mOthersTime":0,"mRunTime":0,"mStartTime":4200000,"mTimeUnit":600000,"mWalkTime":14674,"runStep":0,"walkStep":22},{"distance":82.35,"mCalorie":3.92,"mOthersTime":0,"mRunTime":0,"mStartTime":11400000,"mTimeUnit":600000,"mWalkTime":74704,"runStep":0,"walkStep":112},{"distance":7.19,"mCalorie":0.36,"mOthersTime":0,"mRunTime":0,"mStartTime":12600000,"mTimeUnit":600000,"mWalkTime":6670,"runStep":0,"walkStep":10},{"distance":32.41,"mCalorie":1.8399999,"mOthersTime":0,"mRunTime":400,"mStartTime":13200000,"mTimeUnit":600000,"mWalkTime":28014,"runStep":1,"walkStep":42},{"distance":6.97,"mCalorie":0.34,"mOthersTime":0,"mRunTime":0,"mStartTime":13800000,"mTimeUnit":600000,"mWalkTime":6670,"runStep":0,"walkStep":10},{"distance":17.76,"mCalorie":0.91,"mOthersTime":0,"mRunTime":0,"mStartTime":15600000,"mTimeUnit":600000,"mWalkTime":16008,"runStep":0,"walkStep":24},{"distance":37.879997,"mCalorie":1.8000001,"mOthersTime":0,"mRunTime":0,"mStartTime":16800000,"mTimeUnit":600000,"mWalkTime":33350,"runStep":0,"walkStep":50},{"distance":7.84,"mCalorie":0.33,"mOthersTime":0,"mRunTime":0,"mStartTime":21000000,"mTimeUnit":600000,"mWalkTime":6670,"runStep":0,"walkStep":10},{"distance":59.39,"mCalorie":3.12,"mOthersTime":0,"mRunTime":1200,"mStartTime":24000000,"mTimeUnit":600000,"mWalkTime":51359,"runStep":3,"walkStep":77},{"distance":9.99,"mCalorie":0.44,"mOthersTime":0,"mRunTime":0,"mStartTime":30600000,"mTimeUnit":600000,"mWalkTime":8671,"runStep":0,"walkStep":13},{"distance":6.82,"mCalorie":0.39,"mOthersTime":0,"mRunTime":0,"mStartTime":33000000,"mTimeUnit":600000,"mWalkTime":6670,"runStep":0,"walkStep":10},{"distance":4.9700003,"mCalorie":0.26,"mOthersTime":0,"mRunTime":0,"mStartTime":33600000,"mTimeUnit":600000,"mWalkTime":4669,"runStep":0,"walkStep":7},{"distance":20.08,"mCalorie":1.02,"mOthersTime":0,"mRunTime":0,"mStartTime":34800000,"mTimeUnit":600000,"mWalkTime":18676,"runStep":0,"walkStep":28},{"distance":95.159004,"mCalorie":4.91,"mOthersTime":0,"mRunTime":800,"mStartTime":35400000,"mTimeUnit":600000,"mWalkTime":80040,"runStep":2,"walkStep":120},{"distance":11.97,"mCalorie":0.52,"mOthersTime":0,"mRunTime":0,"mStartTime":36000000,"mTimeUnit":600000,"mWalkTime":10005,"runStep":0,"walkStep":15},{"distance":9.67,"mCalorie":0.41,"mOthersTime":0,"mRunTime":0,"mStartTime":36600000,"mTimeUnit":600000,"mWalkTime":8004,"runStep":0,"walkStep":12},{"distance":36.53,"mCalorie":1.8499999,"mOthersTime":0,"mRunTime":0,"mStartTime":37200000,"mTimeUnit":600000,"mWalkTime":32016,"runStep":0,"walkStep":48},{"distance":65.24,"mCalorie":3.15,"mOthersTime":0,"mRunTime":0,"mStartTime":37800000,"mTimeUnit":600000,"mWalkTime":59363,"runStep":0,"walkStep":89},{"distance":19.14,"mCalorie":0.95,"mOthersTime":0,"mRunTime":0,"mStartTime":38400000,"mTimeUnit":600000,"mWalkTime":17342,"runStep":0,"walkStep":26},{"distance":33.699997,"mCalorie":1.64,"mOthersTime":0,"mRunTime":0,"mStartTime":39000000,"mTimeUnit":600000,"mWalkTime":30682,"runStep":0,"walkStep":46},{"distance":29.149998,"mCalorie":1.54,"mOthersTime":0,"mRunTime":800,"mStartTime":40200000,"mTimeUnit":600000,"mWalkTime":22011,"runStep":2,"walkStep":33},{"distance":17.69,"mCalorie":0.72,"mOthersTime":0,"mRunTime":0,"mStartTime":42000000,"mTimeUnit":600000,"mWalkTime":14674,"runStep":0,"walkStep":22},{"distance":24.738998,"mCalorie":1.6,"mOthersTime":0,"mRunTime":1200,"mStartTime":42600000,"mTimeUnit":600000,"mWalkTime":20677,"runStep":3,"walkStep":31},{"distance":59.539,"mCalorie":3.63,"mOthersTime":0,"mRunTime":7200,"mStartTime":43200000,"mTimeUnit":600000,"mWalkTime":35351,"runStep":18,"walkStep":53},{"distance":69.35,"mCalorie":4.06,"mOthersTime":0,"mRunTime":3200,"mStartTime":43800000,"mTimeUnit":600000,"mWalkTime":56695,"runStep":8,"walkStep":85},{"distance":20.560001,"mCalorie":1.06,"mOthersTime":0,"mRunTime":0,"mStartTime":44400000,"mTimeUnit":600000,"mWalkTime":18676,"runStep":0,"walkStep":28},{"distance":48.57,"mCalorie":2.6000001,"mOthersTime":0,"mRunTime":0,"mStartTime":45000000,"mTimeUnit":600000,"mWalkTime":46023,"runStep":0,"walkStep":69},{"distance":5.3,"mCalorie":0.25,"mOthersTime":0,"mRunTime":0,"mStartTime":46800000,"mTimeUnit":600000,"mWalkTime":4669,"runStep":0,"walkStep":7},{"distance":166.53,"mCalorie":9.57,"mOthersTime":0,"mRunTime":0,"mStartTime":48600000,"mTimeUnit":600000,"mWalkTime":152046,"runStep":0,"walkStep":250},{"distance":112.17,"mCalorie":5.7700005,"mOthersTime":0,"mRunTime":0,"mStartTime":49200000,"mTimeUnit":600000,"mWalkTime":102051,"runStep":0,"walkStep":153},{"distance":87.71,"mCalorie":4.58,"mOthersTime":0,"mRunTime":0,"mStartTime":49800000,"mTimeUnit":600000,"mWalkTime":81374,"runStep":0,"walkStep":122},{"distance":189.34,"mCalorie":10.77,"mOthersTime":0,"mRunTime":0,"mStartTime":50400000,"mTimeUnit":600000,"mWalkTime":185426,"runStep":0,"walkStep":278},{"distance":130.24,"mCalorie":6.02,"mOthersTime":0,"mRunTime":0,"mStartTime":51000000,"mTimeUnit":600000,"mWalkTime":114724,"runStep":0,"walkStep":172},{"distance":268.05,"mCalorie":14.759999,"mOthersTime":0,"mRunTime":0,"mStartTime":51600000,"mTimeUnit":600000,"mWalkTime":251429,"runStep":0,"walkStep":380},{"distance":64.12,"mCalorie":3.3400002,"mOthersTime":0,"mRunTime":0,"mStartTime":52200000,"mTimeUnit":600000,"mWalkTime":59363,"runStep":0,"walkStep":89},{"distance":178.65002,"mCalorie":9.0599985,"mOthersTime":0,"mRunTime":0,"mStartTime":52800000,"mTimeUnit":600000,"mWalkTime":160747,"runStep":0,"walkStep":241},{"distance":162.341,"mCalorie":8.29,"mOthersTime":0,"mRunTime":0,"mStartTime":53400000,"mTimeUnit":600000,"mWalkTime":144739,"runStep":0,"walkStep":217},{"distance":6.76,"mCalorie":0.46,"mOthersTime":0,"mRunTime":0,"mStartTime":54600000,"mTimeUnit":600000,"mWalkTime":6670,"runStep":0,"walkStep":10},{"distance":37.77,"mCalorie":1.72,"mOthersTime":0,"mRunTime":0,"mStartTime":55800000,"mTimeUnit":600000,"mWalkTime":32683,"runStep":0,"walkStep":49},{"distance":466.732,"mCalorie":21.529999,"mOthersTime":0,"mRunTime":0,"mStartTime":56400000,"mTimeUnit":600000,"mWalkTime":362031,"runStep":0,"walkStep":617},{"distance":83.57,"mCalorie":3.98,"mOthersTime":0,"mRunTime":0,"mStartTime":57000000,"mTimeUnit":600000,"mWalkTime":73370,"runStep":0,"walkStep":110},{"distance":270.25,"mCalorie":13.719999,"mOthersTime":0,"mRunTime":0,"mStartTime":57600000,"mTimeUnit":600000,"mWalkTime":236755,"runStep":0,"walkStep":365},{"distance":208.95001,"mCalorie":9.84,"mOthersTime":0,"mRunTime":0,"mStartTime":58200000,"mTimeUnit":600000,"mWalkTime":173360,"runStep":0,"walkStep":274},{"distance":13.36,"mCalorie":0.65,"mOthersTime":0,"mRunTime":0,"mStartTime":58800000,"mTimeUnit":600000,"mWalkTime":12006,"runStep":0,"walkStep":18},{"distance":112.119995,"mCalorie":5.6699996,"mOthersTime":0,"mRunTime":0,"mStartTime":59400000,"mTimeUnit":600000,"mWalkTime":104719,"runStep":0,"walkStep":157},{"distance":75.259995,"mCalorie":3.9699998,"mOthersTime":0,"mRunTime":2400,"mStartTime":60000000,"mTimeUnit":600000,"mWalkTime":58696,"runStep":6,"walkStep":88},{"distance":4.32,"mCalorie":0.22,"mOthersTime":0,"mRunTime":0,"mStartTime":60600000,"mTimeUnit":600000,"mWalkTime":4002,"runStep":0,"walkStep":6},{"distance":15.75,"mCalorie":0.94,"mOthersTime":0,"mRunTime":0,"mStartTime":62400000,"mTimeUnit":600000,"mWalkTime":15341,"runStep":0,"walkStep":23},{"distance":97.53,"mCalorie":4.79,"mOthersTime":0,"mRunTime":0,"mStartTime":63600000,"mTimeUnit":600000,"mWalkTime":89378,"runStep":0,"walkStep":134},{"distance":135.56,"mCalorie":6.66,"mOthersTime":0,"mRunTime":0,"mStartTime":64200000,"mTimeUnit":600000,"mWalkTime":124729,"runStep":0,"walkStep":187},{"distance":125.90999,"mCalorie":5.93,"mOthersTime":0,"mRunTime":0,"mStartTime":64800000,"mTimeUnit":600000,"mWalkTime":115391,"runStep":0,"walkStep":173},{"distance":78.3,"mCalorie":3.92,"mOthersTime":0,"mRunTime":0,"mStartTime":65400000,"mTimeUnit":600000,"mWalkTime":74037,"runStep":0,"walkStep":111},{"distance":143.61,"mCalorie":7.05,"mOthersTime":0,"mRunTime":0,"mStartTime":66000000,"mTimeUnit":600000,"mWalkTime":129398,"runStep":0,"walkStep":194},{"distance":34.25,"mCalorie":1.75,"mOthersTime":0,"mRunTime":0,"mStartTime":68400000,"mTimeUnit":600000,"mWalkTime":31349,"runStep":0,"walkStep":47},{"distance":19.849998,"mCalorie":0.99,"mOthersTime":0,"mRunTime":0,"mStartTime":69000000,"mTimeUnit":600000,"mWalkTime":18009,"runStep":0,"walkStep":27},{"distance":65.29,"mCalorie":2.95,"mOthersTime":0,"mRunTime":0,"mStartTime":70200000,"mTimeUnit":600000,"mWalkTime":56695,"runStep":0,"walkStep":85},{"distance":23.630001,"mCalorie":1.22,"mOthersTime":0,"mRunTime":0,"mStartTime":71400000,"mTimeUnit":600000,"mWalkTime":21344,"runStep":0,"walkStep":32},{"distance":55.83,"mCalorie":2.7600002,"mOthersTime":0,"mRunTime":0,"mStartTime":72000000,"mTimeUnit":600000,"mWalkTime":50692,"runStep":0,"walkStep":76},{"distance":25.330002,"mCalorie":1.31,"mOthersTime":0,"mRunTime":0,"mStartTime":73200000,"mTimeUnit":600000,"mWalkTime":23345,"runStep":0,"walkStep":35},{"distance":26.13,"mCalorie":1.1800001,"mOthersTime":0,"mRunTime":0,"mStartTime":75000000,"mTimeUnit":600000,"mWalkTime":22011,"runStep":0,"walkStep":33},{"distance":8.12,"mCalorie":0.44,"mOthersTime":0,"mRunTime":0,"mStartTime":76200000,"mTimeUnit":600000,"mWalkTime":8004,"runStep":0,"walkStep":12},{"distance":17.51,"mCalorie":0.90999997,"mOthersTime":0,"mRunTime":0,"mStartTime":76800000,"mTimeUnit":600000,"mWalkTime":16675,"runStep":0,"walkStep":25},{"distance":16.73,"mCalorie":0.83,"mOthersTime":0,"mRunTime":0,"mStartTime":77400000,"mTimeUnit":600000,"mWalkTime":14674,"runStep":0,"walkStep":22},{"distance":20.9,"mCalorie":1.0899999,"mOthersTime":0,"mRunTime":0,"mStartTime":80400000,"mTimeUnit":600000,"mWalkTime":19343,"runStep":0,"walkStep":29},{"distance":37.049,"mCalorie":1.96,"mOthersTime":0,"mRunTime":0,"mStartTime":81000000,"mTimeUnit":600000,"mWalkTime":32016,"runStep":0,"walkStep":48},{"distance":23.11,"mCalorie":1.17,"mOthersTime":0,"mRunTime":0,"mStartTime":83400000,"mTimeUnit":600000,"mWalkTime":20677,"runStep":0,"walkStep":31},{"distance":84.521,"mCalorie":4.4100003,"mOthersTime":0,"mRunTime":0,"mStartTime":84000000,"mTimeUnit":600000,"mWalkTime":79373,"runStep":0,"walkStep":119},{"distance":44.14,"mCalorie":2.27,"mOthersTime":0,"mRunTime":1600,"mStartTime":84600000,"mTimeUnit":600000,"mWalkTime":34017,"runStep":4,"walkStep":51}],"version":1}