{"mAdaptiveGoal":0,"mIsGoalAchieved":false,"mIsMostActiveAchieved":false,"mMostActiveMinutes":0,"mStreakDayCount":0,"mUnitDataList":[{"distance":7.66,"mCalorie":0.33,"mOthersTime":0,"mRunTime":0,"mStartTime":13200000,"mTimeUnit":600000,"mWalkTime":6670,"runStep":0,"walkStep":10},{"distance":99.373,"mCalorie":4.6499996,"mOthersTime":0,"mRunTime":0,"mStartTime":14400000,"mTimeUnit":600000,"mWalkTime":87377,"runStep":0,"walkStep":131},{"distance":115.522995,"mCalorie":5.93,"mOthersTime":0,"mRunTime":800,"mStartTime":15000000,"mTimeUnit":600000,"mWalkTime":114057,"runStep":2,"walkStep":171},{"distance":68.001,"mCalorie":3.0499997,"mOthersTime":0,"mRunTime":0,"mStartTime":15600000,"mTimeUnit":600000,"mWalkTime":60697,"runStep":0,"walkStep":91},{"distance":14.187,"mCalorie":0.75,"mOthersTime":0,"mRunTime":1200,"mStartTime":17400000,"mTimeUnit":600000,"mWalkTime":9338,"runStep":3,"walkStep":14},{"distance":123.839005,"mCalorie":6.42,"mOthersTime":0,"mRunTime":2800,"mStartTime":18000000,"mTimeUnit":600000,"mWalkTime":95381,"runStep":7,"walkStep":143},{"distance":73.882,"mCalorie":3.37,"mOthersTime":0,"mRunTime":0,"mStartTime":18600000,"mTimeUnit":600000,"mWalkTime":66033,"runStep":0,"walkStep":99},{"distance":9.547,"mCalorie":0.46,"mOthersTime":0,"mRunTime":0,"mStartTime":20400000,"mTimeUnit":600000,"mWalkTime":8671,"runStep":0,"walkStep":13},{"distance":9.24,"mCalorie":0.58,"mOthersTime":0,"mRunTime":0,"mStartTime":23400000,"mTimeUnit":600000,"mWalkTime":7337,"runStep":0,"walkStep":11},{"distance":10.3,"mCalorie":0.48,"mOthersTime":0,"mRunTime":0,"mStartTime":25200000,"mTimeUnit":600000,"mWalkTime":9338,"runStep":0,"walkStep":14},{"distance":29.04,"mCalorie":1.29,"mOthersTime":0,"mRunTime":0,"mStartTime":25800000,"mTimeUnit":600000,"mWalkTime":25346,"runStep":0,"walkStep":38},{"distance":7.29,"mCalorie":0.51,"mOthersTime":0,"mRunTime":0,"mStartTime":30000000,"mTimeUnit":600000,"mWalkTime":7337,"runStep":0,"walkStep":11},{"distance":13.66,"mCalorie":0.6,"mOthersTime":0,"mRunTime":0,"mStartTime":32400000,"mTimeUnit":600000,"mWalkTime":11339,"runStep":0,"walkStep":17},{"distance":42.201,"mCalorie":2.0900002,"mOthersTime":0,"mRunTime":0,"mStartTime":33600000,"mTimeUnit":600000,"mWalkTime":39353,"runStep":0,"walkStep":59},{"distance":45.3,"mCalorie":2.4099998,"mOthersTime":0,"mRunTime":0,"mStartTime":34200000,"mTimeUnit":600000,"mWalkTime":38686,"runStep":0,"walkStep":58},{"distance":36.739998,"mCalorie":1.79,"mOthersTime":0,"mRunTime":0,"mStartTime":34800000,"mTimeUnit":600000,"mWalkTime":33350,"runStep":0,"walkStep":50},{"distance":233.429,"mCalorie":11.59,"mOthersTime":0,"mRunTime":6800,"mStartTime":35400000,"mTimeUnit":600000,"mWalkTime":187427,"runStep":17,"walkStep":281},{"distance":267.40497,"mCalorie":14.710001,"mOthersTime":0,"mRunTime":2000,"mStartTime":36000000,"mTimeUnit":600000,"mWalkTime":243455,"runStep":5,"walkStep":365},{"distance":119.11,"mCalorie":6.01,"mOthersTime":0,"mRunTime":0,"mStartTime":36600000,"mTimeUnit":600000,"mWalkTime":106720,"runStep":0,"walkStep":160},{"distance":135.23001,"mCalorie":7.2300005,"mOthersTime":0,"mRunTime":0,"mStartTime":37200000,"mTimeUnit":600000,"mWalkTime":125396,"runStep":0,"walkStep":188},{"distance":84.257996,"mCalorie":4.25,"mOthersTime":0,"mRunTime":0,"mStartTime":38400000,"mTimeUnit":600000,"mWalkTime":76705,"runStep":0,"walkStep":115},{"distance":200.74901,"mCalorie":10.5199995,"mOthersTime":0,"mRunTime":800,"mStartTime":39000000,"mTimeUnit":600000,"mWalkTime":183425,"runStep":2,"walkStep":275},{"distance":37.62,"mCalorie":1.83,"mOthersTime":0,"mRunTime":0,"mStartTime":40200000,"mTimeUnit":600000,"mWalkTime":32016,"runStep":0,"walkStep":48},{"distance":70.409996,"mCalorie":3.73,"mOthersTime":0,"mRunTime":0,"mStartTime":40800000,"mTimeUnit":600000,"mWalkTime":64032,"runStep":0,"walkStep":96},{"distance":39.92,"mCalorie":2.0,"mOthersTime":0,"mRunTime":0,"mStartTime":41400000,"mTimeUnit":600000,"mWalkTime":36018,"runStep":0,"walkStep":54},{"distance":71.79,"mCalorie":4.02,"mOthersTime":0,"mRunTime":400,"mStartTime":42000000,"mTimeUnit":600000,"mWalkTime":72036,"runStep":1,"walkStep":108},{"distance":76.32,"mCalorie":4.04,"mOthersTime":0,"mRunTime":0,"mStartTime":42600000,"mTimeUnit":600000,"mWalkTime":70035,"runStep":0,"walkStep":105},{"distance":7.21,"mCalorie":0.38,"mOthersTime":0,"mRunTime":0,"mStartTime":43200000,"mTimeUnit":600000,"mWalkTime":6670,"runStep":0,"walkStep":10},{"distance":87.090004,"mCalorie":4.62,"mOthersTime":0,"mRunTime":400,"mStartTime":43800000,"mTimeUnit":600000,"mWalkTime":79373,"runStep":1,"walkStep":119},{"distance":23.45,"mCalorie":1.02,"mOthersTime":0,"mRunTime":0,"mStartTime":44400000,"mTimeUnit":600000,"mWalkTime":20677,"runStep":0,"walkStep":31},{"distance":98.431,"mCalorie":5.25,"mOthersTime":0,"mRunTime":2000,"mStartTime":45000000,"mTimeUnit":600000,"mWalkTime":83375,"runStep":5,"walkStep":125},{"distance":128.12001,"mCalorie":7.3999996,"mOthersTime":0,"mRunTime":1200,"mStartTime":45600000,"mTimeUnit":600000,"mWalkTime":116058,"runStep":3,"walkStep":174},{"distance":123.078,"mCalorie":7.9700003,"mOthersTime":0,"mRunTime":0,"mStartTime":46200000,"mTimeUnit":600000,"mWalkTime":120060,"runStep":0,"walkStep":180},{"distance":251.65201,"mCalorie":12.391,"mOthersTime":0,"mRunTime":400,"mStartTime":46800000,"mTimeUnit":600000,"mWalkTime":225446,"runStep":1,"walkStep":338},{"distance":227.136,"mCalorie":11.52,"mOthersTime":0,"mRunTime":0,"mStartTime":47400000,"mTimeUnit":600000,"mWalkTime":202071,"runStep":0,"walkStep":306},{"distance":12.51,"mCalorie":0.54,"mOthersTime":0,"mRunTime":0,"mStartTime":48000000,"mTimeUnit":600000,"mWalkTime":10672,"runStep":0,"walkStep":16},{"distance":66.840004,"mCalorie":3.1399999,"mOthersTime":0,"mRunTime":400,"mStartTime":49200000,"mTimeUnit":600000,"mWalkTime":55361,"runStep":1,"walkStep":83},{"distance":216.39,"mCalorie":18.18,"mOthersTime":0,"mRunTime":0,"mStartTime":49800000,"mTimeUnit":600000,"mWalkTime":216775,"runStep":0,"walkStep":325},{"distance":232.181,"mCalorie":11.669999,"mOthersTime":0,"mRunTime":800,"mStartTime":50400000,"mTimeUnit":600000,"mWalkTime":206103,"runStep":2,"walkStep":309},{"distance":55.572002,"mCalorie":2.6200001,"mOthersTime":0,"mRunTime":0,"mStartTime":51000000,"mTimeUnit":600000,"mWalkTime":50025,"runStep":0,"walkStep":75},{"distance":21.55,"mCalorie":1.12,"mOthersTime":0,"mRunTime":0,"mStartTime":52200000,"mTimeUnit":600000,"mWalkTime":20010,"runStep":0,"walkStep":30},{"distance":4.21,"mCalorie":0.22,"mOthersTime":0,"mRunTime":0,"mStartTime":53400000,"mTimeUnit":600000,"mWalkTime":4002,"runStep":0,"walkStep":6},{"distance":8.62,"mCalorie":0.36999997,"mOthersTime":0,"mRunTime":0,"mStartTime":54600000,"mTimeUnit":600000,"mWalkTime":7337,"runStep":0,"walkStep":11},{"distance":42.9,"mCalorie":2.26,"mOthersTime":0,"mRunTime":0,"mStartTime":60600000,"mTimeUnit":600000,"mWalkTime":39353,"runStep":0,"walkStep":59},{"distance":9.2300005,"mCalorie":0.44999996,"mOthersTime":0,"mRunTime":0,"mStartTime":62400000,"mTimeUnit":600000,"mWalkTime":8004,"runStep":0,"walkStep":12},{"distance":36.23,"mCalorie":1.9100001,"mOthersTime":0,"mRunTime":0,"mStartTime":63000000,"mTimeUnit":600000,"mWalkTime":33350,"runStep":0,"walkStep":50},{"distance":96.47,"mCalorie":4.91,"mOthersTime":0,"mRunTime":0,"mStartTime":63600000,"mTimeUnit":600000,"mWalkTime":87377,"runStep":0,"walkStep":131},{"distance":55.73,"mCalorie":2.76,"mOthersTime":0,"mRunTime":0,"mStartTime":64200000,"mTimeUnit":600000,"mWalkTime":50025,"runStep":0,"walkStep":75},{"distance":5.41,"mCalorie":0.24,"mOthersTime":0,"mRunTime":0,"mStartTime":64800000,"mTimeUnit":600000,"mWalkTime":4669,"runStep":0,"walkStep":7},{"distance":57.42,"mCalorie":2.99,"mOthersTime":0,"mRunTime":0,"mStartTime":66000000,"mTimeUnit":600000,"mWalkTime":52026,"runStep":0,"walkStep":78},{"distance":188.26999,"mCalorie":10.02,"mOthersTime":0,"mRunTime":2400,"mStartTime":66600000,"mTimeUnit":600000,"mWalkTime":163415,"runStep":6,"walkStep":245},{"distance":189.69002,"mCalorie":10.069999,"mOthersTime":0,"mRunTime":0,"mStartTime":67200000,"mTimeUnit":600000,"mWalkTime":176755,"runStep":0,"walkStep":265},{"distance":156.613,"mCalorie":7.61,"mOthersTime":0,"mRunTime":9200,"mStartTime":67800000,"mTimeUnit":600000,"mWalkTime":117392,"runStep":23,"walkStep":176},{"distance":8.56,"mCalorie":0.34,"mOthersTime":0,"mRunTime":0,"mStartTime":69000000,"mTimeUnit":600000,"mWalkTime":7337,"runStep":0,"walkStep":11},{"distance":43.21,"mCalorie":2.02,"mOthersTime":0,"mRunTime":0,"mStartTime":72600000,"mTimeUnit":600000,"mWalkTime":38019,"runStep":0,"walkStep":57},{"distance":338.019,"mCalorie":17.029001,"mOthersTime":0,"mRunTime":18400,"mStartTime":73200000,"mTimeUnit":600000,"mWalkTime":261464,"runStep":46,"walkStep":392},{"distance":236.66098,"mCalorie":12.49,"mOthersTime":0,"mRunTime":10000,"mStartTime":73800000,"mTimeUnit":600000,"mWalkTime":190095,"runStep":25,"walkStep":285},{"distance":133.306,"mCalorie":6.88,"mOthersTime":0,"mRunTime":1600,"mStartTime":74400000,"mTimeUnit":600000,"mWalkTime":111389,"runStep":4,"walkStep":167},{"distance":478.623,"mCalorie":26.57,"mOthersTime":0,"mRunTime":18400,"mStartTime":75000000,"mTimeUnit":600000,"mWalkTime":354087,"runStep":46,"walkStep":583},{"distance":802.31006,"mCalorie":42.12,"mOthersTime":0,"mRunTime":0,"mStartTime":75600000,"mTimeUnit":600000,"mWalkTime":600000,"runStep":0,"walkStep":1064},{"distance":694.88,"mCalorie":38.07,"mOthersTime":0,"mRunTime":0,"mStartTime":76200000,"mTimeUnit":600000,"mWalkTime":560040,"runStep":0,"walkStep":936},{"distance":176.574,"mCalorie":8.99,"mOthersTime":0,"mRunTime":0,"mStartTime":76800000,"mTimeUnit":600000,"mWalkTime":156715,"runStep":0,"walkStep":241},{"distance":42.978,"mCalorie":2.21,"mOthersTime":0,"mRunTime":0,"mStartTime":78000000,"mTimeUnit":600000,"mWalkTime":40020,"runStep":0,"walkStep":60},{"distance":6.97,"mCalorie":0.36,"mOthersTime":0,"mRunTime":0,"mStartTime":78600000,"mTimeUnit":600000,"mWalkTime":6670,"runStep":0,"walkStep":10},{"distance":8.67,"mCalorie":0.47,"mOthersTime":0,"mRunTime":0,"mStartTime":79800000,"mTimeUnit":600000,"mWalkTime":8004,"runStep":0,"walkStep":12},{"distance":16.308,"mCalorie":0.74,"mOthersTime":0,"mRunTime":0,"mStartTime":81000000,"mTimeUnit":600000,"mWalkTime":15341,"runStep":0,"walkStep":23},{"distance":49.52,"mCalorie":2.4699998,"mOthersTime":0,"mRunTime":0,"mStartTime":82200000,"mTimeUnit":600000,"mWalkTime":44689,"runStep":0,"walkStep":67},{"distance":63.33,"mCalorie":3.2799997,"mOthersTime":0,"mRunTime":0,"mStartTime":84000000,"mTimeUnit":600000,"mWalkTime":58696,"runStep":0,"walkStep":88},{"distance":223.208,"mCalorie":11.900001,"mOthersTime":0,"mRunTime":0,"mStartTime":84600000,"mTimeUnit":600000,"mWalkTime":201404,"runStep":0,"walkStep":308},{"distance":135.823,"mCalorie":6.2799997,"mOthersTime":0,"mRunTime":2000,"mStartTime":85200000,"mTimeUnit":600000,"mWalkTime":114057,"runStep":5,"walkStep":171}],"version":1}