{"mAdaptiveGoal":0,"mIsGoalAchieved":false,"mIsMostActiveAchieved":false,"mMostActiveMinutes":0,"mStreakDayCount":0,"mUnitDataList":[{"distance":9.38,"mCalorie":0.46,"mOthersTime":0,"mRunTime":0,"mStartTime":7200000,"mTimeUnit":600000,"mWalkTime":8671,"runStep":0,"walkStep":13},{"distance":53.76,"mCalorie":2.81,"mOthersTime":0,"mRunTime":0,"mStartTime":26400000,"mTimeUnit":600000,"mWalkTime":48024,"runStep":0,"walkStep":72},{"distance":16.45,"mCalorie":1.0,"mOthersTime":0,"mRunTime":800,"mStartTime":27000000,"mTimeUnit":600000,"mWalkTime":14674,"runStep":2,"walkStep":22},{"distance":26.720001,"mCalorie":1.4300001,"mOthersTime":0,"mRunTime":0,"mStartTime":27600000,"mTimeUnit":600000,"mWalkTime":24679,"runStep":0,"walkStep":37},{"distance":89.82,"mCalorie":4.33,"mOthersTime":0,"mRunTime":0,"mStartTime":28200000,"mTimeUnit":600000,"mWalkTime":80707,"runStep":0,"walkStep":121},{"distance":92.53,"mCalorie":4.6200004,"mOthersTime":0,"mRunTime":0,"mStartTime":28800000,"mTimeUnit":600000,"mWalkTime":84709,"runStep":0,"walkStep":127},{"distance":85.42,"mCalorie":4.14,"mOthersTime":0,"mRunTime":0,"mStartTime":29400000,"mTimeUnit":600000,"mWalkTime":78039,"runStep":0,"walkStep":117},{"distance":37.15,"mCalorie":2.1,"mOthersTime":0,"mRunTime":800,"mStartTime":31800000,"mTimeUnit":600000,"mWalkTime":30015,"runStep":2,"walkStep":45},{"distance":14.79,"mCalorie":0.75,"mOthersTime":0,"mRunTime":0,"mStartTime":32400000,"mTimeUnit":600000,"mWalkTime":14007,"runStep":0,"walkStep":21},{"distance":8.72,"mCalorie":0.39,"mOthersTime":0,"mRunTime":0,"mStartTime":33000000,"mTimeUnit":600000,"mWalkTime":8004,"runStep":0,"walkStep":12},{"distance":66.549995,"mCalorie":3.76,"mOthersTime":0,"mRunTime":1600,"mStartTime":33600000,"mTimeUnit":600000,"mWalkTime":55361,"runStep":4,"walkStep":83},{"distance":11.56,"mCalorie":0.6,"mOthersTime":0,"mRunTime":0,"mStartTime":34200000,"mTimeUnit":600000,"mWalkTime":10005,"runStep":0,"walkStep":15},{"distance":19.07,"mCalorie":0.86,"mOthersTime":0,"mRunTime":0,"mStartTime":34800000,"mTimeUnit":600000,"mWalkTime":16675,"runStep":0,"walkStep":25},{"distance":32.95,"mCalorie":1.61,"mOthersTime":0,"mRunTime":800,"mStartTime":35400000,"mTimeUnit":600000,"mWalkTime":24012,"runStep":2,"walkStep":36},{"distance":36.95,"mCalorie":1.84,"mOthersTime":0,"mRunTime":800,"mStartTime":36000000,"mTimeUnit":600000,"mWalkTime":30682,"runStep":2,"walkStep":46},{"distance":54.51,"mCalorie":2.89,"mOthersTime":0,"mRunTime":2000,"mStartTime":36600000,"mTimeUnit":600000,"mWalkTime":47357,"runStep":5,"walkStep":71},{"distance":28.02,"mCalorie":1.4200001,"mOthersTime":0,"mRunTime":0,"mStartTime":37200000,"mTimeUnit":600000,"mWalkTime":26013,"runStep":0,"walkStep":39},{"distance":4.95,"mCalorie":0.26,"mOthersTime":0,"mRunTime":0,"mStartTime":37800000,"mTimeUnit":600000,"mWalkTime":4669,"runStep":0,"walkStep":7},{"distance":10.65,"mCalorie":0.52,"mOthersTime":0,"mRunTime":0,"mStartTime":39600000,"mTimeUnit":600000,"mWalkTime":9338,"runStep":0,"walkStep":14},{"distance":90.14,"mCalorie":4.58,"mOthersTime":0,"mRunTime":400,"mStartTime":40200000,"mTimeUnit":600000,"mWalkTime":77372,"runStep":1,"walkStep":116},{"distance":37.3,"mCalorie":1.71,"mOthersTime":0,"mRunTime":0,"mStartTime":40800000,"mTimeUnit":600000,"mWalkTime":32683,"runStep":0,"walkStep":49},{"distance":41.21,"mCalorie":2.08,"mOthersTime":0,"mRunTime":0,"mStartTime":41400000,"mTimeUnit":600000,"mWalkTime":38019,"runStep":0,"walkStep":57},{"distance":9.55,"mCalorie":0.43,"mOthersTime":0,"mRunTime":0,"mStartTime":42600000,"mTimeUnit":600000,"mWalkTime":8004,"runStep":0,"walkStep":12},{"distance":22.189999,"mCalorie":1.0899999,"mOthersTime":0,"mRunTime":0,"mStartTime":43200000,"mTimeUnit":600000,"mWalkTime":20010,"runStep":0,"walkStep":30},{"distance":206.84,"mCalorie":11.059999,"mOthersTime":0,"mRunTime":0,"mStartTime":43800000,"mTimeUnit":600000,"mWalkTime":186063,"runStep":0,"walkStep":284},{"distance":31.580002,"mCalorie":1.38,"mOthersTime":0,"mRunTime":0,"mStartTime":44400000,"mTimeUnit":600000,"mWalkTime":28014,"runStep":0,"walkStep":42},{"distance":14.13,"mCalorie":0.61,"mOthersTime":0,"mRunTime":0,"mStartTime":45600000,"mTimeUnit":600000,"mWalkTime":12006,"runStep":0,"walkStep":18},{"distance":170.79001,"mCalorie":9.19,"mOthersTime":0,"mRunTime":1600,"mStartTime":46200000,"mTimeUnit":600000,"mWalkTime":152743,"runStep":4,"walkStep":229},{"distance":49.45,"mCalorie":2.5,"mOthersTime":0,"mRunTime":0,"mStartTime":46800000,"mTimeUnit":600000,"mWalkTime":45356,"runStep":0,"walkStep":68},{"distance":26.31,"mCalorie":1.47,"mOthersTime":0,"mRunTime":0,"mStartTime":47400000,"mTimeUnit":600000,"mWalkTime":24679,"runStep":0,"walkStep":37},{"distance":10.6,"mCalorie":0.49,"mOthersTime":0,"mRunTime":0,"mStartTime":48000000,"mTimeUnit":600000,"mWalkTime":9338,"runStep":0,"walkStep":14},{"distance":26.82,"mCalorie":1.3299999,"mOthersTime":0,"mRunTime":0,"mStartTime":48600000,"mTimeUnit":600000,"mWalkTime":24012,"runStep":0,"walkStep":36},{"distance":57.910004,"mCalorie":2.98,"mOthersTime":0,"mRunTime":1200,"mStartTime":49200000,"mTimeUnit":600000,"mWalkTime":50025,"runStep":3,"walkStep":75},{"distance":111.06,"mCalorie":5.75,"mOthersTime":0,"mRunTime":0,"mStartTime":49800000,"mTimeUnit":600000,"mWalkTime":102718,"runStep":0,"walkStep":154},{"distance":57.62,"mCalorie":3.05,"mOthersTime":0,"mRunTime":0,"mStartTime":50400000,"mTimeUnit":600000,"mWalkTime":54027,"runStep":0,"walkStep":81},{"distance":66.77,"mCalorie":3.73,"mOthersTime":0,"mRunTime":0,"mStartTime":51000000,"mTimeUnit":600000,"mWalkTime":64032,"runStep":0,"walkStep":96},{"distance":79.380005,"mCalorie":4.47,"mOthersTime":0,"mRunTime":0,"mStartTime":51600000,"mTimeUnit":600000,"mWalkTime":76705,"runStep":0,"walkStep":115},{"distance":96.329994,"mCalorie":5.28,"mOthersTime":0,"mRunTime":0,"mStartTime":52200000,"mTimeUnit":600000,"mWalkTime":92713,"runStep":0,"walkStep":139},{"distance":47.41,"mCalorie":2.61,"mOthersTime":0,"mRunTime":0,"mStartTime":52800000,"mTimeUnit":600000,"mWalkTime":45356,"runStep":0,"walkStep":68},{"distance":39.82,"mCalorie":2.03,"mOthersTime":0,"mRunTime":0,"mStartTime":53400000,"mTimeUnit":600000,"mWalkTime":36685,"runStep":0,"walkStep":55},{"distance":80.48,"mCalorie":4.46,"mOthersTime":0,"mRunTime":0,"mStartTime":54000000,"mTimeUnit":600000,"mWalkTime":80040,"runStep":0,"walkStep":120},{"distance":112.79,"mCalorie":6.08,"mOthersTime":0,"mRunTime":0,"mStartTime":54600000,"mTimeUnit":600000,"mWalkTime":106053,"runStep":0,"walkStep":159},{"distance":136.57,"mCalorie":6.86,"mOthersTime":0,"mRunTime":0,"mStartTime":55200000,"mTimeUnit":600000,"mWalkTime":122061,"runStep":0,"walkStep":183},{"distance":57.850002,"mCalorie":3.0300002,"mOthersTime":0,"mRunTime":0,"mStartTime":55800000,"mTimeUnit":600000,"mWalkTime":54027,"runStep":0,"walkStep":81},{"distance":81.09,"mCalorie":4.34,"mOthersTime":0,"mRunTime":4000,"mStartTime":56400000,"mTimeUnit":600000,"mWalkTime":64032,"runStep":10,"walkStep":96},{"distance":44.879997,"mCalorie":2.16,"mOthersTime":0,"mRunTime":0,"mStartTime":57600000,"mTimeUnit":600000,"mWalkTime":40687,"runStep":0,"walkStep":61},{"distance":120.79,"mCalorie":6.43,"mOthersTime":0,"mRunTime":0,"mStartTime":58200000,"mTimeUnit":600000,"mWalkTime":110722,"runStep":0,"walkStep":166},{"distance":158.08,"mCalorie":8.139999,"mOthersTime":0,"mRunTime":0,"mStartTime":58800000,"mTimeUnit":600000,"mWalkTime":140070,"runStep":0,"walkStep":210},{"distance":239.60999,"mCalorie":12.549998,"mOthersTime":0,"mRunTime":0,"mStartTime":59400000,"mTimeUnit":600000,"mWalkTime":218109,"runStep":0,"walkStep":327},{"distance":314.31,"mCalorie":15.939999,"mOthersTime":0,"mRunTime":0,"mStartTime":60000000,"mTimeUnit":600000,"mWalkTime":258766,"runStep":0,"walkStep":418},{"distance":17.54,"mCalorie":0.79,"mOthersTime":0,"mRunTime":0,"mStartTime":60600000,"mTimeUnit":600000,"mWalkTime":15341,"runStep":0,"walkStep":23},{"distance":132.56999,"mCalorie":6.7400002,"mOthersTime":0,"mRunTime":0,"mStartTime":61800000,"mTimeUnit":600000,"mWalkTime":115361,"runStep":0,"walkStep":176},{"distance":35.7,"mCalorie":2.0,"mOthersTime":0,"mRunTime":1600,"mStartTime":62400000,"mTimeUnit":600000,"mWalkTime":27347,"runStep":4,"walkStep":41},{"distance":65.87,"mCalorie":3.3100002,"mOthersTime":0,"mRunTime":0,"mStartTime":63000000,"mTimeUnit":600000,"mWalkTime":60697,"runStep":0,"walkStep":91},{"distance":56.230995,"mCalorie":3.1,"mOthersTime":0,"mRunTime":1600,"mStartTime":63600000,"mTimeUnit":600000,"mWalkTime":48691,"runStep":4,"walkStep":73},{"distance":71.06,"mCalorie":3.65,"mOthersTime":0,"mRunTime":0,"mStartTime":64200000,"mTimeUnit":600000,"mWalkTime":65366,"runStep":0,"walkStep":98},{"distance":8.6,"mCalorie":0.35,"mOthersTime":0,"mRunTime":0,"mStartTime":64800000,"mTimeUnit":600000,"mWalkTime":7337,"runStep":0,"walkStep":11},{"distance":28.0,"mCalorie":1.45,"mOthersTime":0,"mRunTime":2800,"mStartTime":65400000,"mTimeUnit":600000,"mWalkTime":17342,"runStep":7,"walkStep":26},{"distance":11.27,"mCalorie":0.51,"mOthersTime":0,"mRunTime":0,"mStartTime":66600000,"mTimeUnit":600000,"mWalkTime":9338,"runStep":0,"walkStep":14},{"distance":9.3,"mCalorie":0.41,"mOthersTime":0,"mRunTime":0,"mStartTime":67200000,"mTimeUnit":600000,"mWalkTime":8004,"runStep":0,"walkStep":12},{"distance":9.48,"mCalorie":0.69,"mOthersTime":0,"mRunTime":0,"mStartTime":68400000,"mTimeUnit":600000,"mWalkTime":9338,"runStep":0,"walkStep":14},{"distance":9.3,"mCalorie":0.43,"mOthersTime":0,"mRunTime":0,"mStartTime":75000000,"mTimeUnit":600000,"mWalkTime":8004,"runStep":0,"walkStep":12},{"distance":61.57,"mCalorie":3.2999997,"mOthersTime":0,"mRunTime":0,"mStartTime":76800000,"mTimeUnit":600000,"mWalkTime":57362,"runStep":0,"walkStep":86},{"distance":21.3,"mCalorie":1.22,"mOthersTime":0,"mRunTime":0,"mStartTime":77400000,"mTimeUnit":600000,"mWalkTime":19343,"runStep":0,"walkStep":29},{"distance":18.37,"mCalorie":0.98,"mOthersTime":0,"mRunTime":0,"mStartTime":81000000,"mTimeUnit":600000,"mWalkTime":17342,"runStep":0,"walkStep":26},{"distance":5.96,"mCalorie":0.28,"mOthersTime":0,"mRunTime":0,"mStartTime":81600000,"mTimeUnit":600000,"mWalkTime":5336,"runStep":0,"walkStep":8}],"version":1}