{"mActivityList":[{"mActiveTime":1363186,"mActiveTimeType":0,"mCalorie":106.0,"mCategory":204,"mDetailInfoId":"9702db15-f9cd-6554-24ad-b5051bae2b78","mDistance":1671.6,"mDuration":1363186,"mEndTime":25878900,"mStartTime":24515714,"mType":1001},{"mActiveTime":683980,"mActiveTimeType":2,"mCalorie":88.4,"mCategory":204,"mDetailInfoId":"616f706d-7b27-8c63-38e8-81f144f3a1d3","mDistance":0.0,"mDuration":683980,"mEndTime":28678952,"mStartTime":27994972,"mType":15006}],"mAdaptiveGoal":0,"mIsGoalAchieved":false,"mIsMostActiveAchieved":false,"mMostActiveMinutes":0,"mStreakDayCount":0,"mUnitDataList":[{"distance":18.33,"mCalorie":0.76,"mOthersTime":0,"mRunTime":0,"mStartTime":9000000,"mTimeUnit":600000,"mWalkTime":15341,"runStep":0,"walkStep":23},{"distance":9.55,"mCalorie":0.5,"mOthersTime":0,"mRunTime":0,"mStartTime":10200000,"mTimeUnit":600000,"mWalkTime":8671,"runStep":0,"walkStep":13},{"distance":15.68,"mCalorie":0.71,"mOthersTime":0,"mRunTime":0,"mStartTime":12600000,"mTimeUnit":600000,"mWalkTime":13340,"runStep":0,"walkStep":20},{"distance":25.92,"mCalorie":1.17,"mOthersTime":0,"mRunTime":0,"mStartTime":13200000,"mTimeUnit":600000,"mWalkTime":23345,"runStep":0,"walkStep":35},{"distance":9.0,"mCalorie":0.49,"mOthersTime":0,"mRunTime":0,"mStartTime":15000000,"mTimeUnit":600000,"mWalkTime":8004,"runStep":0,"walkStep":12},{"distance":16.539,"mCalorie":0.77,"mOthersTime":0,"mRunTime":0,"mStartTime":18600000,"mTimeUnit":600000,"mWalkTime":15341,"runStep":0,"walkStep":23},{"distance":102.769,"mCalorie":4.9,"mOthersTime":0,"mRunTime":800,"mStartTime":23400000,"mTimeUnit":600000,"mWalkTime":83375,"runStep":2,"walkStep":125},{"distance":256.65765,"mCalorie":15.369932,"mOthersTime":0,"mRunTime":6000,"mStartTime":24000000,"mTimeUnit":600000,"mWalkTime":214525,"runStep":15,"walkStep":338},{"distance":735.747,"mCalorie":46.65541,"mOthersTime":0,"mRunTime":0,"mStartTime":24600000,"mTimeUnit":600000,"mWalkTime":600000,"runStep":0,"walkStep":1132},{"distance":735.747,"mCalorie":46.65541,"mOthersTime":0,"mRunTime":0,"mStartTime":25200000,"mTimeUnit":600000,"mWalkTime":600000,"runStep":0,"walkStep":921},{"distance":108.410736,"mCalorie":6.755186,"mOthersTime":0,"mRunTime":0,"mStartTime":25800000,"mTimeUnit":600000,"mWalkTime":89572,"runStep":0,"walkStep":48},{"distance":15.85,"mCalorie":0.87,"mOthersTime":0,"mRunTime":0,"mStartTime":26400000,"mTimeUnit":600000,"mWalkTime":15341,"runStep":0,"walkStep":23},{"distance":13.59,"mCalorie":0.58,"mOthersTime":0,"mRunTime":0,"mStartTime":27000000,"mTimeUnit":600000,"mWalkTime":12006,"runStep":0,"walkStep":18},{"distance":208.30019,"mCalorie":36.1699,"mOthersTime":205028,"mRunTime":800,"mStartTime":27600000,"mTimeUnit":600000,"mWalkTime":164340,"runStep":2,"walkStep":630},{"distance":160.74393,"mCalorie":70.45621,"mOthersTime":478952,"mRunTime":0,"mStartTime":28200000,"mTimeUnit":600000,"mWalkTime":121048,"runStep":0,"walkStep":1062},{"distance":542.831,"mCalorie":28.34,"mOthersTime":0,"mRunTime":2000,"mStartTime":28800000,"mTimeUnit":600000,"mWalkTime":436038,"runStep":5,"walkStep":720},{"distance":56.821003,"mCalorie":2.8000002,"mOthersTime":0,"mRunTime":0,"mStartTime":29400000,"mTimeUnit":600000,"mWalkTime":50692,"runStep":0,"walkStep":76},{"distance":8.21,"mCalorie":0.36,"mOthersTime":0,"mRunTime":0,"mStartTime":30000000,"mTimeUnit":600000,"mWalkTime":7337,"runStep":0,"walkStep":11},{"distance":23.45,"mCalorie":0.97,"mOthersTime":0,"mRunTime":0,"mStartTime":30600000,"mTimeUnit":600000,"mWalkTime":20677,"runStep":0,"walkStep":31},{"distance":18.17,"mCalorie":0.98,"mOthersTime":0,"mRunTime":0,"mStartTime":31200000,"mTimeUnit":600000,"mWalkTime":16675,"runStep":0,"walkStep":25},{"distance":120.741,"mCalorie":6.18,"mOthersTime":0,"mRunTime":2800,"mStartTime":31800000,"mTimeUnit":600000,"mWalkTime":101384,"runStep":7,"walkStep":152},{"distance":39.53,"mCalorie":1.94,"mOthersTime":0,"mRunTime":0,"mStartTime":32400000,"mTimeUnit":600000,"mWalkTime":34684,"runStep":0,"walkStep":52},{"distance":121.068,"mCalorie":5.9500003,"mOthersTime":0,"mRunTime":0,"mStartTime":33000000,"mTimeUnit":600000,"mWalkTime":108054,"runStep":0,"walkStep":162},{"distance":30.38,"mCalorie":1.5,"mOthersTime":0,"mRunTime":0,"mStartTime":33600000,"mTimeUnit":600000,"mWalkTime":27347,"runStep":0,"walkStep":41},{"distance":132.211,"mCalorie":7.1499996,"mOthersTime":0,"mRunTime":0,"mStartTime":34200000,"mTimeUnit":600000,"mWalkTime":131399,"runStep":0,"walkStep":197},{"distance":214.94,"mCalorie":10.909999,"mOthersTime":0,"mRunTime":0,"mStartTime":34800000,"mTimeUnit":600000,"mWalkTime":194764,"runStep":0,"walkStep":292},{"distance":132.222,"mCalorie":6.6600003,"mOthersTime":0,"mRunTime":0,"mStartTime":35400000,"mTimeUnit":600000,"mWalkTime":118059,"runStep":0,"walkStep":177},{"distance":252.51997,"mCalorie":13.06,"mOthersTime":0,"mRunTime":0,"mStartTime":36000000,"mTimeUnit":600000,"mWalkTime":228114,"runStep":0,"walkStep":342},{"distance":286.96,"mCalorie":14.58,"mOthersTime":0,"mRunTime":0,"mStartTime":36600000,"mTimeUnit":600000,"mWalkTime":256128,"runStep":0,"walkStep":384},{"distance":217.93,"mCalorie":10.98,"mOthersTime":0,"mRunTime":0,"mStartTime":37200000,"mTimeUnit":600000,"mWalkTime":201434,"runStep":0,"walkStep":302},{"distance":166.77,"mCalorie":9.07,"mOthersTime":0,"mRunTime":0,"mStartTime":37800000,"mTimeUnit":600000,"mWalkTime":158746,"runStep":0,"walkStep":238},{"distance":251.72,"mCalorie":13.24,"mOthersTime":0,"mRunTime":2400,"mStartTime":38400000,"mTimeUnit":600000,"mWalkTime":224779,"runStep":6,"walkStep":337},{"distance":185.59001,"mCalorie":9.820001,"mOthersTime":0,"mRunTime":0,"mStartTime":39000000,"mTimeUnit":600000,"mWalkTime":173420,"runStep":0,"walkStep":260},{"distance":379.46,"mCalorie":20.07,"mOthersTime":0,"mRunTime":0,"mStartTime":39600000,"mTimeUnit":600000,"mWalkTime":347477,"runStep":0,"walkStep":525},{"distance":98.03002,"mCalorie":5.0699987,"mOthersTime":0,"mRunTime":0,"mStartTime":40200000,"mTimeUnit":600000,"mWalkTime":86710,"runStep":0,"walkStep":130},{"distance":86.48,"mCalorie":4.07,"mOthersTime":0,"mRunTime":0,"mStartTime":40800000,"mTimeUnit":600000,"mWalkTime":76038,"runStep":0,"walkStep":114},{"distance":78.740005,"mCalorie":3.8500001,"mOthersTime":0,"mRunTime":0,"mStartTime":41400000,"mTimeUnit":600000,"mWalkTime":69368,"runStep":0,"walkStep":104},{"distance":157.229,"mCalorie":7.2999997,"mOthersTime":0,"mRunTime":0,"mStartTime":42000000,"mTimeUnit":600000,"mWalkTime":136735,"runStep":0,"walkStep":205},{"distance":168.73099,"mCalorie":8.96,"mOthersTime":0,"mRunTime":6400,"mStartTime":42600000,"mTimeUnit":600000,"mWalkTime":137402,"runStep":16,"walkStep":206},{"distance":150.71,"mCalorie":7.9799995,"mOthersTime":0,"mRunTime":0,"mStartTime":43200000,"mTimeUnit":600000,"mWalkTime":140040,"runStep":0,"walkStep":211},{"distance":63.629997,"mCalorie":3.37,"mOthersTime":0,"mRunTime":0,"mStartTime":43800000,"mTimeUnit":600000,"mWalkTime":58696,"runStep":0,"walkStep":88},{"distance":9.92,"mCalorie":0.51,"mOthersTime":0,"mRunTime":0,"mStartTime":44400000,"mTimeUnit":600000,"mWalkTime":9338,"runStep":0,"walkStep":14},{"distance":206.8,"mCalorie":10.719999,"mOthersTime":0,"mRunTime":0,"mStartTime":45600000,"mTimeUnit":600000,"mWalkTime":182061,"runStep":0,"walkStep":284},{"distance":160.01,"mCalorie":8.2,"mOthersTime":0,"mRunTime":400,"mStartTime":46200000,"mTimeUnit":600000,"mWalkTime":144072,"runStep":1,"walkStep":216},{"distance":136.95999,"mCalorie":8.85,"mOthersTime":0,"mRunTime":0,"mStartTime":46800000,"mTimeUnit":600000,"mWalkTime":133400,"runStep":0,"walkStep":200},{"distance":216.72998,"mCalorie":11.16,"mOthersTime":0,"mRunTime":0,"mStartTime":47400000,"mTimeUnit":600000,"mWalkTime":197402,"runStep":0,"walkStep":301},{"distance":104.45,"mCalorie":5.5299997,"mOthersTime":0,"mRunTime":0,"mStartTime":48000000,"mTimeUnit":600000,"mWalkTime":85346,"runStep":0,"walkStep":141},{"distance":313.58997,"mCalorie":16.09,"mOthersTime":0,"mRunTime":0,"mStartTime":48600000,"mTimeUnit":600000,"mWalkTime":242031,"runStep":0,"walkStep":417},{"distance":23.73,"mCalorie":1.219,"mOthersTime":0,"mRunTime":0,"mStartTime":49200000,"mTimeUnit":600000,"mWalkTime":22678,"runStep":0,"walkStep":34},{"distance":20.48,"mCalorie":0.97,"mOthersTime":0,"mRunTime":0,"mStartTime":49800000,"mTimeUnit":600000,"mWalkTime":18676,"runStep":0,"walkStep":28},{"distance":40.47,"mCalorie":2.1000001,"mOthersTime":0,"mRunTime":0,"mStartTime":51000000,"mTimeUnit":600000,"mWalkTime":34684,"runStep":0,"walkStep":52},{"distance":94.659,"mCalorie":4.65,"mOthersTime":0,"mRunTime":2000,"mStartTime":51600000,"mTimeUnit":600000,"mWalkTime":79373,"runStep":5,"walkStep":119},{"distance":15.84,"mCalorie":0.82,"mOthersTime":0,"mRunTime":0,"mStartTime":52200000,"mTimeUnit":600000,"mWalkTime":14674,"runStep":0,"walkStep":22},{"distance":5.2,"mCalorie":0.25,"mOthersTime":0,"mRunTime":0,"mStartTime":54600000,"mTimeUnit":600000,"mWalkTime":4669,"runStep":0,"walkStep":7},{"distance":72.39,"mCalorie":3.49,"mOthersTime":0,"mRunTime":800,"mStartTime":55200000,"mTimeUnit":600000,"mWalkTime":62031,"runStep":2,"walkStep":93},{"distance":78.73799,"mCalorie":3.791,"mOthersTime":0,"mRunTime":0,"mStartTime":55800000,"mTimeUnit":600000,"mWalkTime":68034,"runStep":0,"walkStep":102},{"distance":70.29,"mCalorie":3.5300002,"mOthersTime":0,"mRunTime":2400,"mStartTime":56400000,"mTimeUnit":600000,"mWalkTime":57362,"runStep":6,"walkStep":86},{"distance":48.32,"mCalorie":2.3899999,"mOthersTime":0,"mRunTime":0,"mStartTime":57600000,"mTimeUnit":600000,"mWalkTime":41354,"runStep":0,"walkStep":62},{"distance":280.562,"mCalorie":15.679999,"mOthersTime":0,"mRunTime":2800,"mStartTime":58200000,"mTimeUnit":600000,"mWalkTime":254764,"runStep":7,"walkStep":389},{"distance":390.47998,"mCalorie":18.050001,"mOthersTime":0,"mRunTime":0,"mStartTime":58800000,"mTimeUnit":600000,"mWalkTime":316098,"runStep":0,"walkStep":511},{"distance":218.79901,"mCalorie":11.039998,"mOthersTime":0,"mRunTime":400,"mStartTime":59400000,"mTimeUnit":600000,"mWalkTime":191429,"runStep":1,"walkStep":287},{"distance":138.76,"mCalorie":6.53,"mOthersTime":0,"mRunTime":0,"mStartTime":60000000,"mTimeUnit":600000,"mWalkTime":122061,"runStep":0,"walkStep":183},{"distance":76.46,"mCalorie":3.71,"mOthersTime":0,"mRunTime":0,"mStartTime":60600000,"mTimeUnit":600000,"mWalkTime":70035,"runStep":0,"walkStep":105},{"distance":450.84003,"mCalorie":22.470001,"mOthersTime":0,"mRunTime":0,"mStartTime":61200000,"mTimeUnit":600000,"mWalkTime":405506,"runStep":0,"walkStep":608},{"distance":121.46999,"mCalorie":5.87,"mOthersTime":0,"mRunTime":0,"mStartTime":61800000,"mTimeUnit":600000,"mWalkTime":108721,"runStep":0,"walkStep":163},{"distance":76.71,"mCalorie":3.72,"mOthersTime":0,"mRunTime":0,"mStartTime":62400000,"mTimeUnit":600000,"mWalkTime":70035,"runStep":0,"walkStep":105},{"distance":9.88,"mCalorie":0.5,"mOthersTime":0,"mRunTime":0,"mStartTime":64200000,"mTimeUnit":600000,"mWalkTime":9338,"runStep":0,"walkStep":14},{"distance":26.869999,"mCalorie":1.24,"mOthersTime":0,"mRunTime":0,"mStartTime":65400000,"mTimeUnit":600000,"mWalkTime":24679,"runStep":0,"walkStep":37},{"distance":194.17099,"mCalorie":9.51,"mOthersTime":0,"mRunTime":1600,"mStartTime":66000000,"mTimeUnit":600000,"mWalkTime":170085,"runStep":4,"walkStep":255},{"distance":199.68,"mCalorie":9.28,"mOthersTime":0,"mRunTime":0,"mStartTime":66600000,"mTimeUnit":600000,"mWalkTime":175421,"runStep":0,"walkStep":263},{"distance":92.66,"mCalorie":4.8599997,"mOthersTime":0,"mRunTime":0,"mStartTime":67200000,"mTimeUnit":600000,"mWalkTime":84709,"runStep":0,"walkStep":127},{"distance":91.18001,"mCalorie":4.27,"mOthersTime":0,"mRunTime":0,"mStartTime":67800000,"mTimeUnit":600000,"mWalkTime":81374,"runStep":0,"walkStep":122},{"distance":22.02,"mCalorie":0.99,"mOthersTime":0,"mRunTime":0,"mStartTime":68400000,"mTimeUnit":600000,"mWalkTime":19343,"runStep":0,"walkStep":29},{"distance":13.22,"mCalorie":0.67,"mOthersTime":0,"mRunTime":0,"mStartTime":69000000,"mTimeUnit":600000,"mWalkTime":12006,"runStep":0,"walkStep":18},{"distance":18.64,"mCalorie":0.99,"mOthersTime":0,"mRunTime":0,"mStartTime":69600000,"mTimeUnit":600000,"mWalkTime":17342,"runStep":0,"walkStep":26},{"distance":16.649998,"mCalorie":0.77,"mOthersTime":0,"mRunTime":0,"mStartTime":70200000,"mTimeUnit":600000,"mWalkTime":14674,"runStep":0,"walkStep":22},{"distance":160.09,"mCalorie":7.67,"mOthersTime":0,"mRunTime":0,"mStartTime":70800000,"mTimeUnit":600000,"mWalkTime":143405,"runStep":0,"walkStep":215},{"distance":76.46,"mCalorie":3.75,"mOthersTime":0,"mRunTime":0,"mStartTime":71400000,"mTimeUnit":600000,"mWalkTime":68701,"runStep":0,"walkStep":103},{"distance":30.3,"mCalorie":1.49,"mOthersTime":0,"mRunTime":0,"mStartTime":72000000,"mTimeUnit":600000,"mWalkTime":28014,"runStep":0,"walkStep":42},{"distance":23.8,"mCalorie":1.11,"mOthersTime":0,"mRunTime":0,"mStartTime":76800000,"mTimeUnit":600000,"mWalkTime":20677,"runStep":0,"walkStep":31},{"distance":26.84,"mCalorie":1.3199999,"mOthersTime":0,"mRunTime":0,"mStartTime":77400000,"mTimeUnit":600000,"mWalkTime":24012,"runStep":0,"walkStep":36},{"distance":73.32,"mCalorie":3.72,"mOthersTime":0,"mRunTime":0,"mStartTime":79200000,"mTimeUnit":600000,"mWalkTime":66700,"runStep":0,"walkStep":100}],"version":1}