{"mActivityList":[{"mActiveTime":3006435,"mActiveTimeType":0,"mCalorie":346.0,"mCategory":204,"mDetailInfoId":"509c39aa-9db2-6035-7483-86d6e348513c","mDistance":3357.082,"mDuration":3006435,"mEndTime":47173098,"mStartTime":44166663,"mType":1001}],"mAdaptiveGoal":0,"mIsGoalAchieved":false,"mIsMostActiveAchieved":false,"mMostActiveMinutes":0,"mStreakDayCount":0,"mUnitDataList":[{"distance":8.27,"mCalorie":0.39,"mOthersTime":0,"mRunTime":0,"mStartTime":7200000,"mTimeUnit":600000,"mWalkTime":7337,"runStep":0,"walkStep":11},{"distance":68.369995,"mCalorie":3.85,"mOthersTime":0,"mRunTime":800,"mStartTime":12600000,"mTimeUnit":600000,"mWalkTime":54027,"runStep":2,"walkStep":81},{"distance":6.95,"mCalorie":0.37,"mOthersTime":0,"mRunTime":0,"mStartTime":13200000,"mTimeUnit":600000,"mWalkTime":6670,"runStep":0,"walkStep":10},{"distance":15.64,"mCalorie":0.78999996,"mOthersTime":0,"mRunTime":0,"mStartTime":15000000,"mTimeUnit":600000,"mWalkTime":13340,"runStep":0,"walkStep":20},{"distance":7.86,"mCalorie":0.44,"mOthersTime":0,"mRunTime":0,"mStartTime":17400000,"mTimeUnit":600000,"mWalkTime":7337,"runStep":0,"walkStep":11},{"distance":36.13,"mCalorie":1.5500001,"mOthersTime":0,"mRunTime":0,"mStartTime":18000000,"mTimeUnit":600000,"mWalkTime":32016,"runStep":0,"walkStep":48},{"distance":22.213,"mCalorie":1.39,"mOthersTime":0,"mRunTime":3600,"mStartTime":18600000,"mTimeUnit":600000,"mWalkTime":14674,"runStep":9,"walkStep":22},{"distance":13.75,"mCalorie":0.62,"mOthersTime":0,"mRunTime":0,"mStartTime":19200000,"mTimeUnit":600000,"mWalkTime":11339,"runStep":0,"walkStep":17},{"distance":39.42,"mCalorie":1.8800001,"mOthersTime":0,"mRunTime":1600,"mStartTime":25800000,"mTimeUnit":600000,"mWalkTime":28681,"runStep":4,"walkStep":43},{"distance":10.99,"mCalorie":0.54,"mOthersTime":0,"mRunTime":0,"mStartTime":34200000,"mTimeUnit":600000,"mWalkTime":10005,"runStep":0,"walkStep":15},{"distance":48.16,"mCalorie":2.27,"mOthersTime":0,"mRunTime":0,"mStartTime":36000000,"mTimeUnit":600000,"mWalkTime":42688,"runStep":0,"walkStep":64},{"distance":59.600002,"mCalorie":2.83,"mOthersTime":0,"mRunTime":0,"mStartTime":36600000,"mTimeUnit":600000,"mWalkTime":52693,"runStep":0,"walkStep":79},{"distance":73.630005,"mCalorie":4.19,"mOthersTime":0,"mRunTime":0,"mStartTime":41400000,"mTimeUnit":600000,"mWalkTime":72036,"runStep":0,"walkStep":108},{"distance":65.009995,"mCalorie":3.0900002,"mOthersTime":0,"mRunTime":0,"mStartTime":42000000,"mTimeUnit":600000,"mWalkTime":56028,"runStep":0,"walkStep":84},{"distance":91.504005,"mCalorie":4.531,"mOthersTime":0,"mRunTime":0,"mStartTime":42600000,"mTimeUnit":600000,"mWalkTime":82708,"runStep":0,"walkStep":124},{"distance":87.61,"mCalorie":4.44,"mOthersTime":0,"mRunTime":800,"mStartTime":43200000,"mTimeUnit":600000,"mWalkTime":74037,"runStep":2,"walkStep":111},{"distance":305.474,"mCalorie":29.011627,"mOthersTime":0,"mRunTime":0,"mStartTime":43800000,"mTimeUnit":600000,"mWalkTime":272762,"runStep":0,"walkStep":274},{"distance":669.9793,"mCalorie":69.05189,"mOthersTime":0,"mRunTime":0,"mStartTime":44400000,"mTimeUnit":600000,"mWalkTime":600000,"runStep":0,"walkStep":1045},{"distance":669.9793,"mCalorie":69.05189,"mOthersTime":0,"mRunTime":0,"mStartTime":45000000,"mTimeUnit":600000,"mWalkTime":600000,"runStep":0,"walkStep":1089},{"distance":669.9793,"mCalorie":69.05189,"mOthersTime":0,"mRunTime":0,"mStartTime":45600000,"mTimeUnit":600000,"mWalkTime":600000,"runStep":0,"walkStep":1046},{"distance":669.9793,"mCalorie":69.05189,"mOthersTime":0,"mRunTime":0,"mStartTime":46200000,"mTimeUnit":600000,"mWalkTime":600000,"runStep":0,"walkStep":1043},{"distance":433.1032,"mCalorie":43.578533,"mOthersTime":0,"mRunTime":0,"mStartTime":46800000,"mTimeUnit":600000,"mWalkTime":386438,"runStep":0,"walkStep":270},{"distance":9.83,"mCalorie":0.44,"mOthersTime":0,"mRunTime":0,"mStartTime":48600000,"mTimeUnit":600000,"mWalkTime":8671,"runStep":0,"walkStep":13},{"distance":101.869995,"mCalorie":6.37,"mOthersTime":0,"mRunTime":2800,"mStartTime":49200000,"mTimeUnit":600000,"mWalkTime":103385,"runStep":7,"walkStep":155},{"distance":115.350006,"mCalorie":5.85,"mOthersTime":0,"mRunTime":0,"mStartTime":49800000,"mTimeUnit":600000,"mWalkTime":103385,"runStep":0,"walkStep":155},{"distance":145.67001,"mCalorie":6.99,"mOthersTime":0,"mRunTime":0,"mStartTime":50400000,"mTimeUnit":600000,"mWalkTime":128731,"runStep":0,"walkStep":193},{"distance":6.04,"mCalorie":0.29,"mOthersTime":0,"mRunTime":0,"mStartTime":51600000,"mTimeUnit":600000,"mWalkTime":5336,"runStep":0,"walkStep":8},{"distance":13.72,"mCalorie":0.63,"mOthersTime":0,"mRunTime":0,"mStartTime":52200000,"mTimeUnit":600000,"mWalkTime":12006,"runStep":0,"walkStep":18},{"distance":8.26,"mCalorie":0.25,"mOthersTime":0,"mRunTime":0,"mStartTime":52800000,"mTimeUnit":600000,"mWalkTime":6670,"runStep":0,"walkStep":10},{"distance":20.541,"mCalorie":0.93999994,"mOthersTime":0,"mRunTime":0,"mStartTime":55800000,"mTimeUnit":600000,"mWalkTime":18009,"runStep":0,"walkStep":27},{"distance":53.13,"mCalorie":2.66,"mOthersTime":0,"mRunTime":0,"mStartTime":56400000,"mTimeUnit":600000,"mWalkTime":46690,"runStep":0,"walkStep":70},{"distance":57.65,"mCalorie":2.8,"mOthersTime":0,"mRunTime":0,"mStartTime":57000000,"mTimeUnit":600000,"mWalkTime":50692,"runStep":0,"walkStep":76},{"distance":81.130005,"mCalorie":3.62,"mOthersTime":0,"mRunTime":0,"mStartTime":57600000,"mTimeUnit":600000,"mWalkTime":70702,"runStep":0,"walkStep":106},{"distance":25.26,"mCalorie":1.46,"mOthersTime":0,"mRunTime":400,"mStartTime":58200000,"mTimeUnit":600000,"mWalkTime":22011,"runStep":1,"walkStep":33},{"distance":51.505997,"mCalorie":2.52,"mOthersTime":0,"mRunTime":0,"mStartTime":61800000,"mTimeUnit":600000,"mWalkTime":45356,"runStep":0,"walkStep":68},{"distance":21.749,"mCalorie":1.16,"mOthersTime":0,"mRunTime":0,"mStartTime":62400000,"mTimeUnit":600000,"mWalkTime":21344,"runStep":0,"walkStep":32},{"distance":150.183,"mCalorie":8.09,"mOthersTime":0,"mRunTime":3200,"mStartTime":63600000,"mTimeUnit":600000,"mWalkTime":132066,"runStep":8,"walkStep":198},{"distance":226.76599,"mCalorie":10.86,"mOthersTime":0,"mRunTime":0,"mStartTime":64200000,"mTimeUnit":600000,"mWalkTime":196068,"runStep":0,"walkStep":304},{"distance":105.840004,"mCalorie":5.3599997,"mOthersTime":0,"mRunTime":0,"mStartTime":64800000,"mTimeUnit":600000,"mWalkTime":93380,"runStep":0,"walkStep":140},{"distance":28.83,"mCalorie":1.45,"mOthersTime":0,"mRunTime":0,"mStartTime":65400000,"mTimeUnit":600000,"mWalkTime":27347,"runStep":0,"walkStep":41},{"distance":37.605,"mCalorie":1.94,"mOthersTime":0,"mRunTime":0,"mStartTime":66000000,"mTimeUnit":600000,"mWalkTime":35351,"runStep":0,"walkStep":53},{"distance":37.66,"mCalorie":2.08,"mOthersTime":0,"mRunTime":2400,"mStartTime":70800000,"mTimeUnit":600000,"mWalkTime":26680,"runStep":6,"walkStep":40},{"distance":15.051,"mCalorie":0.71,"mOthersTime":0,"mRunTime":0,"mStartTime":71400000,"mTimeUnit":600000,"mWalkTime":13340,"runStep":0,"walkStep":20},{"distance":46.79,"mCalorie":2.46,"mOthersTime":0,"mRunTime":0,"mStartTime":73200000,"mTimeUnit":600000,"mWalkTime":43355,"runStep":0,"walkStep":65},{"distance":41.642,"mCalorie":1.97,"mOthersTime":0,"mRunTime":0,"mStartTime":73800000,"mTimeUnit":600000,"mWalkTime":36685,"runStep":0,"walkStep":55},{"distance":17.72,"mCalorie":0.86,"mOthersTime":0,"mRunTime":0,"mStartTime":74400000,"mTimeUnit":600000,"mWalkTime":16008,"runStep":0,"walkStep":24},{"distance":8.1,"mCalorie":0.32,"mOthersTime":0,"mRunTime":0,"mStartTime":75000000,"mTimeUnit":600000,"mWalkTime":6670,"runStep":0,"walkStep":10},{"distance":16.66,"mCalorie":0.88,"mOthersTime":0,"mRunTime":0,"mStartTime":75600000,"mTimeUnit":600000,"mWalkTime":16008,"runStep":0,"walkStep":24},{"distance":7.45,"mCalorie":0.4,"mOthersTime":0,"mRunTime":0,"mStartTime":76200000,"mTimeUnit":600000,"mWalkTime":7337,"runStep":0,"walkStep":11},{"distance":19.87,"mCalorie":0.89,"mOthersTime":0,"mRunTime":0,"mStartTime":76800000,"mTimeUnit":600000,"mWalkTime":18009,"runStep":0,"walkStep":27},{"distance":41.212997,"mCalorie":1.81,"mOthersTime":0,"mRunTime":0,"mStartTime":77400000,"mTimeUnit":600000,"mWalkTime":36685,"runStep":0,"walkStep":55},{"distance":58.379,"mCalorie":3.15,"mOthersTime":0,"mRunTime":0,"mStartTime":78000000,"mTimeUnit":600000,"mWalkTime":50025,"runStep":0,"walkStep":75},{"distance":69.92,"mCalorie":3.4899998,"mOthersTime":0,"mRunTime":0,"mStartTime":79200000,"mTimeUnit":600000,"mWalkTime":63365,"runStep":0,"walkStep":95},{"distance":30.839,"mCalorie":1.7,"mOthersTime":0,"mRunTime":1200,"mStartTime":79800000,"mTimeUnit":600000,"mWalkTime":23345,"runStep":3,"walkStep":35}],"version":1}