{"mActivityList":[{"mActiveTime":600000,"mActiveTimeType":2,"mCalorie":66.35,"mCategory":204,"mDetailInfoId":"6ba9eb80-abdb-f220-87d1-65881d331144","mDistance":0.0,"mDuration":600000,"mEndTime":24825028,"mStartTime":24225028,"mType":11007}],"mAdaptiveGoal":0,"mIsGoalAchieved":false,"mIsMostActiveAchieved":false,"mMostActiveMinutes":0,"mStreakDayCount":0,"mUnitDataList":[{"distance":8.25,"mCalorie":0.38,"mOthersTime":0,"mRunTime":0,"mStartTime":3600000,"mTimeUnit":600000,"mWalkTime":6670,"runStep":0,"walkStep":10},{"distance":7.25,"mCalorie":0.34,"mOthersTime":0,"mRunTime":0,"mStartTime":4200000,"mTimeUnit":600000,"mWalkTime":6670,"runStep":0,"walkStep":10},{"distance":11.64,"mCalorie":0.45,"mOthersTime":0,"mRunTime":400,"mStartTime":15000000,"mTimeUnit":600000,"mWalkTime":6670,"runStep":1,"walkStep":10},{"distance":7.8,"mCalorie":0.58,"mOthersTime":0,"mRunTime":0,"mStartTime":18600000,"mTimeUnit":600000,"mWalkTime":7337,"runStep":0,"walkStep":11},{"distance":112.53,"mCalorie":6.04,"mOthersTime":0,"mRunTime":2800,"mStartTime":21000000,"mTimeUnit":600000,"mWalkTime":89378,"runStep":7,"walkStep":134},{"distance":66.66,"mCalorie":3.4299998,"mOthersTime":0,"mRunTime":0,"mStartTime":21600000,"mTimeUnit":600000,"mWalkTime":63365,"runStep":0,"walkStep":95},{"distance":88.92799,"mCalorie":4.39,"mOthersTime":0,"mRunTime":0,"mStartTime":22200000,"mTimeUnit":600000,"mWalkTime":78039,"runStep":0,"walkStep":117},{"distance":23.03,"mCalorie":1.09,"mOthersTime":0,"mRunTime":0,"mStartTime":23400000,"mTimeUnit":600000,"mWalkTime":20677,"runStep":0,"walkStep":31},{"distance":111.981,"mCalorie":46.445652,"mOthersTime":374972,"mRunTime":0,"mStartTime":24000000,"mTimeUnit":600000,"mWalkTime":99383,"runStep":0,"walkStep":159},{"distance":43.809284,"mCalorie":27.126654,"mOthersTime":225028,"mRunTime":0,"mStartTime":24600000,"mTimeUnit":600000,"mWalkTime":40350,"runStep":0,"walkStep":68},{"distance":91.490005,"mCalorie":4.5699997,"mOthersTime":0,"mRunTime":0,"mStartTime":25200000,"mTimeUnit":600000,"mWalkTime":83375,"runStep":0,"walkStep":125},{"distance":9.49,"mCalorie":0.52,"mOthersTime":0,"mRunTime":0,"mStartTime":29400000,"mTimeUnit":600000,"mWalkTime":9338,"runStep":0,"walkStep":14},{"distance":7.19,"mCalorie":0.41,"mOthersTime":0,"mRunTime":0,"mStartTime":30000000,"mTimeUnit":600000,"mWalkTime":6670,"runStep":0,"walkStep":10},{"distance":65.929,"mCalorie":3.36,"mOthersTime":0,"mRunTime":800,"mStartTime":30600000,"mTimeUnit":600000,"mWalkTime":58696,"runStep":2,"walkStep":88},{"distance":43.79,"mCalorie":2.05,"mOthersTime":0,"mRunTime":0,"mStartTime":31200000,"mTimeUnit":600000,"mWalkTime":39353,"runStep":0,"walkStep":59},{"distance":56.440002,"mCalorie":3.08,"mOthersTime":0,"mRunTime":2000,"mStartTime":34200000,"mTimeUnit":600000,"mWalkTime":45356,"runStep":5,"walkStep":68},{"distance":285.82098,"mCalorie":14.53,"mOthersTime":0,"mRunTime":0,"mStartTime":34800000,"mTimeUnit":600000,"mWalkTime":234027,"runStep":0,"walkStep":394},{"distance":208.65002,"mCalorie":12.109993,"mOthersTime":0,"mRunTime":0,"mStartTime":35400000,"mTimeUnit":600000,"mWalkTime":174694,"runStep":0,"walkStep":289},{"distance":65.16,"mCalorie":3.37,"mOthersTime":0,"mRunTime":0,"mStartTime":37200000,"mTimeUnit":600000,"mWalkTime":60030,"runStep":0,"walkStep":90},{"distance":340.45004,"mCalorie":18.14,"mOthersTime":0,"mRunTime":0,"mStartTime":37800000,"mTimeUnit":600000,"mWalkTime":308124,"runStep":0,"walkStep":471},{"distance":147.14699,"mCalorie":7.57,"mOthersTime":0,"mRunTime":0,"mStartTime":38400000,"mTimeUnit":600000,"mWalkTime":116695,"runStep":0,"walkStep":198},{"distance":83.17,"mCalorie":4.23,"mOthersTime":0,"mRunTime":0,"mStartTime":39000000,"mTimeUnit":600000,"mWalkTime":77372,"runStep":0,"walkStep":116},{"distance":579.22003,"mCalorie":29.66,"mOthersTime":0,"mRunTime":0,"mStartTime":41400000,"mTimeUnit":600000,"mWalkTime":465446,"runStep":0,"walkStep":785},{"distance":45.528,"mCalorie":2.35,"mOthersTime":0,"mRunTime":400,"mStartTime":42000000,"mTimeUnit":600000,"mWalkTime":40020,"runStep":1,"walkStep":60},{"distance":6.97,"mCalorie":0.37,"mOthersTime":0,"mRunTime":0,"mStartTime":42600000,"mTimeUnit":600000,"mWalkTime":6670,"runStep":0,"walkStep":10},{"distance":127.811005,"mCalorie":8.07,"mOthersTime":0,"mRunTime":11200,"mStartTime":43200000,"mTimeUnit":600000,"mWalkTime":95351,"runStep":28,"walkStep":153},{"distance":129.20999,"mCalorie":6.75,"mOthersTime":0,"mRunTime":0,"mStartTime":43800000,"mTimeUnit":600000,"mWalkTime":118059,"runStep":0,"walkStep":177},{"distance":143.31999,"mCalorie":7.5800004,"mOthersTime":0,"mRunTime":0,"mStartTime":44400000,"mTimeUnit":600000,"mWalkTime":132066,"runStep":0,"walkStep":198},{"distance":10.2,"mCalorie":0.53,"mOthersTime":0,"mRunTime":0,"mStartTime":45000000,"mTimeUnit":600000,"mWalkTime":9338,"runStep":0,"walkStep":14},{"distance":39.19,"mCalorie":1.99,"mOthersTime":0,"mRunTime":0,"mStartTime":46200000,"mTimeUnit":600000,"mWalkTime":35351,"runStep":0,"walkStep":53},{"distance":188.57,"mCalorie":9.71,"mOthersTime":0,"mRunTime":0,"mStartTime":46800000,"mTimeUnit":600000,"mWalkTime":160050,"runStep":0,"walkStep":252},{"distance":156.17,"mCalorie":7.5000005,"mOthersTime":0,"mRunTime":0,"mStartTime":47400000,"mTimeUnit":600000,"mWalkTime":132036,"runStep":0,"walkStep":210},{"distance":128.12999,"mCalorie":6.5699997,"mOthersTime":0,"mRunTime":3600,"mStartTime":48000000,"mTimeUnit":600000,"mWalkTime":110722,"runStep":9,"walkStep":166},{"distance":49.62,"mCalorie":2.47,"mOthersTime":0,"mRunTime":2000,"mStartTime":48600000,"mTimeUnit":600000,"mWalkTime":41354,"runStep":5,"walkStep":62},{"distance":206.541,"mCalorie":10.71,"mOthersTime":0,"mRunTime":0,"mStartTime":49200000,"mTimeUnit":600000,"mWalkTime":182061,"runStep":0,"walkStep":281},{"distance":88.28999,"mCalorie":4.75,"mOthersTime":0,"mRunTime":0,"mStartTime":49800000,"mTimeUnit":600000,"mWalkTime":81374,"runStep":0,"walkStep":122},{"distance":257.46,"mCalorie":13.470001,"mOthersTime":0,"mRunTime":0,"mStartTime":50400000,"mTimeUnit":600000,"mWalkTime":231449,"runStep":0,"walkStep":347},{"distance":7.06,"mCalorie":0.34,"mOthersTime":0,"mRunTime":0,"mStartTime":51000000,"mTimeUnit":600000,"mWalkTime":6670,"runStep":0,"walkStep":10},{"distance":243.35999,"mCalorie":13.140001,"mOthersTime":0,"mRunTime":0,"mStartTime":51600000,"mTimeUnit":600000,"mWalkTime":220747,"runStep":0,"walkStep":339},{"distance":234.98999,"mCalorie":12.04,"mOthersTime":0,"mRunTime":0,"mStartTime":52200000,"mTimeUnit":600000,"mWalkTime":217442,"runStep":0,"walkStep":326},{"distance":235.21,"mCalorie":12.780001,"mOthersTime":0,"mRunTime":0,"mStartTime":52800000,"mTimeUnit":600000,"mWalkTime":211409,"runStep":0,"walkStep":326},{"distance":55.93,"mCalorie":3.06,"mOthersTime":0,"mRunTime":0,"mStartTime":53400000,"mTimeUnit":600000,"mWalkTime":53360,"runStep":0,"walkStep":80},{"distance":117.34999,"mCalorie":6.18,"mOthersTime":0,"mRunTime":0,"mStartTime":54000000,"mTimeUnit":600000,"mWalkTime":109388,"runStep":0,"walkStep":164},{"distance":236.841,"mCalorie":12.3,"mOthersTime":0,"mRunTime":0,"mStartTime":54600000,"mTimeUnit":600000,"mWalkTime":216775,"runStep":0,"walkStep":325},{"distance":102.59,"mCalorie":5.02,"mOthersTime":0,"mRunTime":0,"mStartTime":55200000,"mTimeUnit":600000,"mWalkTime":92713,"runStep":0,"walkStep":139},{"distance":268.4,"mCalorie":13.69,"mOthersTime":0,"mRunTime":0,"mStartTime":55800000,"mTimeUnit":600000,"mWalkTime":238089,"runStep":0,"walkStep":360},{"distance":6.93,"mCalorie":0.39,"mOthersTime":0,"mRunTime":0,"mStartTime":56400000,"mTimeUnit":600000,"mWalkTime":6670,"runStep":0,"walkStep":10},{"distance":148.73,"mCalorie":7.4099994,"mOthersTime":0,"mRunTime":0,"mStartTime":57000000,"mTimeUnit":600000,"mWalkTime":134067,"runStep":0,"walkStep":201},{"distance":128.151,"mCalorie":6.22,"mOthersTime":0,"mRunTime":3200,"mStartTime":57600000,"mTimeUnit":600000,"mWalkTime":102051,"runStep":8,"walkStep":153},{"distance":9.232,"mCalorie":0.43,"mOthersTime":0,"mRunTime":0,"mStartTime":58200000,"mTimeUnit":600000,"mWalkTime":8671,"runStep":0,"walkStep":13},{"distance":91.977005,"mCalorie":4.32,"mOthersTime":0,"mRunTime":0,"mStartTime":59400000,"mTimeUnit":600000,"mWalkTime":82708,"runStep":0,"walkStep":124},{"distance":50.020004,"mCalorie":2.3899999,"mOthersTime":0,"mRunTime":0,"mStartTime":60000000,"mTimeUnit":600000,"mWalkTime":43355,"runStep":0,"walkStep":65},{"distance":20.3,"mCalorie":0.88,"mOthersTime":0,"mRunTime":0,"mStartTime":60600000,"mTimeUnit":600000,"mWalkTime":14674,"runStep":0,"walkStep":22},{"distance":51.89,"mCalorie":2.52,"mOthersTime":0,"mRunTime":0,"mStartTime":61800000,"mTimeUnit":600000,"mWalkTime":44689,"runStep":0,"walkStep":67},{"distance":7.48,"mCalorie":0.54,"mOthersTime":0,"mRunTime":0,"mStartTime":62400000,"mTimeUnit":600000,"mWalkTime":7337,"runStep":0,"walkStep":11},{"distance":13.38,"mCalorie":0.68,"mOthersTime":0,"mRunTime":0,"mStartTime":64200000,"mTimeUnit":600000,"mWalkTime":12673,"runStep":0,"walkStep":19},{"distance":24.48,"mCalorie":1.26,"mOthersTime":0,"mRunTime":0,"mStartTime":64800000,"mTimeUnit":600000,"mWalkTime":22678,"runStep":0,"walkStep":34},{"distance":27.111,"mCalorie":1.77,"mOthersTime":0,"mRunTime":3600,"mStartTime":65400000,"mTimeUnit":600000,"mWalkTime":16008,"runStep":9,"walkStep":24},{"distance":68.576004,"mCalorie":3.32,"mOthersTime":0,"mRunTime":1200,"mStartTime":66000000,"mTimeUnit":600000,"mWalkTime":58029,"runStep":3,"walkStep":87},{"distance":35.42,"mCalorie":1.72,"mOthersTime":0,"mRunTime":0,"mStartTime":66600000,"mTimeUnit":600000,"mWalkTime":32016,"runStep":0,"walkStep":48},{"distance":58.629997,"mCalorie":3.1,"mOthersTime":0,"mRunTime":0,"mStartTime":70800000,"mTimeUnit":600000,"mWalkTime":54027,"runStep":0,"walkStep":81},{"distance":38.47,"mCalorie":2.0900002,"mOthersTime":0,"mRunTime":0,"mStartTime":71400000,"mTimeUnit":600000,"mWalkTime":35351,"runStep":0,"walkStep":53},{"distance":20.48,"mCalorie":1.1,"mOthersTime":0,"mRunTime":0,"mStartTime":72600000,"mTimeUnit":600000,"mWalkTime":19343,"runStep":0,"walkStep":29},{"distance":18.53,"mCalorie":0.99,"mOthersTime":0,"mRunTime":0,"mStartTime":73200000,"mTimeUnit":600000,"mWalkTime":17342,"runStep":0,"walkStep":26},{"distance":55.570004,"mCalorie":2.72,"mOthersTime":0,"mRunTime":0,"mStartTime":73800000,"mTimeUnit":600000,"mWalkTime":50025,"runStep":0,"walkStep":75},{"distance":9.04,"mCalorie":0.43,"mOthersTime":0,"mRunTime":0,"mStartTime":77400000,"mTimeUnit":600000,"mWalkTime":8004,"runStep":0,"walkStep":12},{"distance":31.68,"mCalorie":1.62,"mOthersTime":0,"mRunTime":0,"mStartTime":78000000,"mTimeUnit":600000,"mWalkTime":29348,"runStep":0,"walkStep":44},{"distance":43.54,"mCalorie":2.1,"mOthersTime":0,"mRunTime":0,"mStartTime":79200000,"mTimeUnit":600000,"mWalkTime":39353,"runStep":0,"walkStep":59},{"distance":40.951,"mCalorie":2.001,"mOthersTime":0,"mRunTime":0,"mStartTime":82200000,"mTimeUnit":600000,"mWalkTime":36018,"runStep":0,"walkStep":54},{"distance":8.07,"mCalorie":0.399,"mOthersTime":0,"mRunTime":0,"mStartTime":83400000,"mTimeUnit":600000,"mWalkTime":7337,"runStep":0,"walkStep":11}],"version":1}