{"mAdaptiveGoal":0,"mIsGoalAchieved":false,"mIsMostActiveAchieved":false,"mMostActiveMinutes":0,"mStreakDayCount":0,"mUnitDataList":[{"distance":40.670002,"mCalorie":1.91,"mOthersTime":0,"mRunTime":0,"mStartTime":10800000,"mTimeUnit":600000,"mWalkTime":36018,"runStep":0,"walkStep":54},{"distance":10.82,"mCalorie":0.6,"mOthersTime":0,"mRunTime":0,"mStartTime":11400000,"mTimeUnit":600000,"mWalkTime":10672,"runStep":0,"walkStep":16},{"distance":25.08,"mCalorie":1.4000001,"mOthersTime":0,"mRunTime":0,"mStartTime":13200000,"mTimeUnit":600000,"mWalkTime":21344,"runStep":0,"walkStep":32},{"distance":36.6,"mCalorie":2.04,"mOthersTime":0,"mRunTime":0,"mStartTime":15600000,"mTimeUnit":600000,"mWalkTime":33350,"runStep":0,"walkStep":50},{"distance":9.27,"mCalorie":0.31,"mOthersTime":0,"mRunTime":0,"mStartTime":16200000,"mTimeUnit":600000,"mWalkTime":6670,"runStep":0,"walkStep":10},{"distance":7.91,"mCalorie":0.34,"mOthersTime":0,"mRunTime":0,"mStartTime":16800000,"mTimeUnit":600000,"mWalkTime":6670,"runStep":0,"walkStep":10},{"distance":7.48,"mCalorie":0.42,"mOthersTime":0,"mRunTime":0,"mStartTime":17400000,"mTimeUnit":600000,"mWalkTime":6670,"runStep":0,"walkStep":10},{"distance":6.91,"mCalorie":0.42,"mOthersTime":0,"mRunTime":0,"mStartTime":31200000,"mTimeUnit":600000,"mWalkTime":6670,"runStep":0,"walkStep":10},{"distance":62.510002,"mCalorie":3.45,"mOthersTime":0,"mRunTime":400,"mStartTime":31800000,"mTimeUnit":600000,"mWalkTime":56028,"runStep":1,"walkStep":84},{"distance":17.5,"mCalorie":0.8,"mOthersTime":0,"mRunTime":0,"mStartTime":32400000,"mTimeUnit":600000,"mWalkTime":15341,"runStep":0,"walkStep":23},{"distance":23.169998,"mCalorie":1.0799999,"mOthersTime":0,"mRunTime":0,"mStartTime":33000000,"mTimeUnit":600000,"mWalkTime":20677,"runStep":0,"walkStep":31},{"distance":68.89001,"mCalorie":3.57,"mOthersTime":0,"mRunTime":0,"mStartTime":33600000,"mTimeUnit":600000,"mWalkTime":62698,"runStep":0,"walkStep":94},{"distance":12.34,"mCalorie":0.63,"mOthersTime":0,"mRunTime":0,"mStartTime":34200000,"mTimeUnit":600000,"mWalkTime":11339,"runStep":0,"walkStep":17},{"distance":54.929,"mCalorie":2.3999999,"mOthersTime":0,"mRunTime":0,"mStartTime":35400000,"mTimeUnit":600000,"mWalkTime":48024,"runStep":0,"walkStep":72},{"distance":64.569,"mCalorie":3.46,"mOthersTime":0,"mRunTime":2800,"mStartTime":36600000,"mTimeUnit":600000,"mWalkTime":49358,"runStep":7,"walkStep":74},{"distance":136.64,"mCalorie":7.33,"mOthersTime":0,"mRunTime":0,"mStartTime":37200000,"mTimeUnit":600000,"mWalkTime":133400,"runStep":0,"walkStep":200},{"distance":70.869995,"mCalorie":3.8499997,"mOthersTime":0,"mRunTime":0,"mStartTime":37800000,"mTimeUnit":600000,"mWalkTime":66033,"runStep":0,"walkStep":99},{"distance":464.464,"mCalorie":23.22,"mOthersTime":0,"mRunTime":0,"mStartTime":38400000,"mTimeUnit":600000,"mWalkTime":390015,"runStep":0,"walkStep":634},{"distance":209.73999,"mCalorie":11.369999,"mOthersTime":0,"mRunTime":0,"mStartTime":39000000,"mTimeUnit":600000,"mWalkTime":192096,"runStep":0,"walkStep":288},{"distance":273.222,"mCalorie":14.86,"mOthersTime":0,"mRunTime":0,"mStartTime":39600000,"mTimeUnit":600000,"mWalkTime":249428,"runStep":0,"walkStep":378},{"distance":8.93,"mCalorie":0.36,"mOthersTime":0,"mRunTime":0,"mStartTime":40200000,"mTimeUnit":600000,"mWalkTime":7337,"runStep":0,"walkStep":11},{"distance":178.96,"mCalorie":8.9800005,"mOthersTime":0,"mRunTime":0,"mStartTime":41400000,"mTimeUnit":600000,"mWalkTime":152713,"runStep":0,"walkStep":243},{"distance":206.71999,"mCalorie":10.899999,"mOthersTime":0,"mRunTime":0,"mStartTime":42000000,"mTimeUnit":600000,"mWalkTime":186730,"runStep":0,"walkStep":284},{"distance":239.34702,"mCalorie":12.11,"mOthersTime":0,"mRunTime":0,"mStartTime":42600000,"mTimeUnit":600000,"mWalkTime":218109,"runStep":0,"walkStep":327},{"distance":483.34003,"mCalorie":27.71,"mOthersTime":0,"mRunTime":0,"mStartTime":43200000,"mTimeUnit":600000,"mWalkTime":408721,"runStep":0,"walkStep":672},{"distance":36.550003,"mCalorie":1.97,"mOthersTime":0,"mRunTime":400,"mStartTime":43800000,"mTimeUnit":600000,"mWalkTime":33350,"runStep":1,"walkStep":50},{"distance":62.769997,"mCalorie":3.1000001,"mOthersTime":0,"mRunTime":0,"mStartTime":44400000,"mTimeUnit":600000,"mWalkTime":56695,"runStep":0,"walkStep":85},{"distance":30.811,"mCalorie":1.61,"mOthersTime":0,"mRunTime":800,"mStartTime":48000000,"mTimeUnit":600000,"mWalkTime":24012,"runStep":2,"walkStep":36},{"distance":20.9,"mCalorie":1.06,"mOthersTime":0,"mRunTime":0,"mStartTime":49200000,"mTimeUnit":600000,"mWalkTime":19343,"runStep":0,"walkStep":29},{"distance":97.86,"mCalorie":5.1499996,"mOthersTime":0,"mRunTime":0,"mStartTime":49800000,"mTimeUnit":600000,"mWalkTime":97382,"runStep":0,"walkStep":146},{"distance":133.92,"mCalorie":7.19,"mOthersTime":0,"mRunTime":0,"mStartTime":50400000,"mTimeUnit":600000,"mWalkTime":124062,"runStep":0,"walkStep":186},{"distance":108.66,"mCalorie":5.71,"mOthersTime":0,"mRunTime":0,"mStartTime":51000000,"mTimeUnit":600000,"mWalkTime":99383,"runStep":0,"walkStep":149},{"distance":15.6,"mCalorie":0.83,"mOthersTime":0,"mRunTime":0,"mStartTime":51600000,"mTimeUnit":600000,"mWalkTime":14674,"runStep":0,"walkStep":22},{"distance":76.49,"mCalorie":4.59,"mOthersTime":0,"mRunTime":0,"mStartTime":52200000,"mTimeUnit":600000,"mWalkTime":73370,"runStep":0,"walkStep":110},{"distance":108.42,"mCalorie":5.9900002,"mOthersTime":0,"mRunTime":0,"mStartTime":52800000,"mTimeUnit":600000,"mWalkTime":105386,"runStep":0,"walkStep":158},{"distance":145.76999,"mCalorie":7.7799997,"mOthersTime":0,"mRunTime":0,"mStartTime":53400000,"mTimeUnit":600000,"mWalkTime":134734,"runStep":0,"walkStep":202},{"distance":187.88199,"mCalorie":9.97,"mOthersTime":0,"mRunTime":0,"mStartTime":54000000,"mTimeUnit":600000,"mWalkTime":174754,"runStep":0,"walkStep":262},{"distance":183.78,"mCalorie":9.63,"mOthersTime":0,"mRunTime":0,"mStartTime":54600000,"mTimeUnit":600000,"mWalkTime":167417,"runStep":0,"walkStep":251},{"distance":191.98,"mCalorie":10.199999,"mOthersTime":0,"mRunTime":2800,"mStartTime":55200000,"mTimeUnit":600000,"mWalkTime":167387,"runStep":7,"walkStep":258},{"distance":20.57,"mCalorie":0.76,"mOthersTime":0,"mRunTime":0,"mStartTime":58800000,"mTimeUnit":600000,"mWalkTime":16675,"runStep":0,"walkStep":25},{"distance":11.05,"mCalorie":0.48,"mOthersTime":0,"mRunTime":0,"mStartTime":59400000,"mTimeUnit":600000,"mWalkTime":9338,"runStep":0,"walkStep":14},{"distance":40.888,"mCalorie":1.9300001,"mOthersTime":0,"mRunTime":400,"mStartTime":60000000,"mTimeUnit":600000,"mWalkTime":32016,"runStep":1,"walkStep":48},{"distance":7.22,"mCalorie":0.43,"mOthersTime":0,"mRunTime":0,"mStartTime":60600000,"mTimeUnit":600000,"mWalkTime":6670,"runStep":0,"walkStep":10},{"distance":39.771,"mCalorie":1.93,"mOthersTime":0,"mRunTime":0,"mStartTime":62400000,"mTimeUnit":600000,"mWalkTime":35351,"runStep":0,"walkStep":53},{"distance":34.760002,"mCalorie":1.66,"mOthersTime":0,"mRunTime":0,"mStartTime":63000000,"mTimeUnit":600000,"mWalkTime":30682,"runStep":0,"walkStep":46},{"distance":7.09,"mCalorie":0.35,"mOthersTime":0,"mRunTime":0,"mStartTime":63600000,"mTimeUnit":600000,"mWalkTime":6670,"runStep":0,"walkStep":10},{"distance":4.41,"mCalorie":0.21,"mOthersTime":0,"mRunTime":0,"mStartTime":64200000,"mTimeUnit":600000,"mWalkTime":4002,"runStep":0,"walkStep":6},{"distance":123.729996,"mCalorie":7.0399995,"mOthersTime":0,"mRunTime":0,"mStartTime":64800000,"mTimeUnit":600000,"mWalkTime":116725,"runStep":0,"walkStep":175},{"distance":269.52002,"mCalorie":14.289998,"mOthersTime":0,"mRunTime":1600,"mStartTime":65400000,"mTimeUnit":600000,"mWalkTime":243455,"runStep":4,"walkStep":365},{"distance":152.04001,"mCalorie":16.26,"mOthersTime":0,"mRunTime":0,"mStartTime":66000000,"mTimeUnit":600000,"mWalkTime":159413,"runStep":0,"walkStep":239},{"distance":128.4,"mCalorie":7.0,"mOthersTime":0,"mRunTime":0,"mStartTime":66600000,"mTimeUnit":600000,"mWalkTime":118726,"runStep":0,"walkStep":178},{"distance":39.58,"mCalorie":2.01,"mOthersTime":0,"mRunTime":0,"mStartTime":67200000,"mTimeUnit":600000,"mWalkTime":36018,"runStep":0,"walkStep":54},{"distance":45.17,"mCalorie":2.39,"mOthersTime":0,"mRunTime":0,"mStartTime":67800000,"mTimeUnit":600000,"mWalkTime":40687,"runStep":0,"walkStep":61},{"distance":101.481,"mCalorie":5.22,"mOthersTime":0,"mRunTime":0,"mStartTime":68400000,"mTimeUnit":600000,"mWalkTime":94047,"runStep":0,"walkStep":141},{"distance":393.69,"mCalorie":17.99,"mOthersTime":0,"mRunTime":0,"mStartTime":69000000,"mTimeUnit":600000,"mWalkTime":343505,"runStep":0,"walkStep":515},{"distance":290.4,"mCalorie":12.74,"mOthersTime":0,"mRunTime":0,"mStartTime":69600000,"mTimeUnit":600000,"mWalkTime":251429,"runStep":0,"walkStep":377},{"distance":69.002,"mCalorie":3.67,"mOthersTime":0,"mRunTime":2400,"mStartTime":70200000,"mTimeUnit":600000,"mWalkTime":55361,"runStep":6,"walkStep":83},{"distance":13.33,"mCalorie":0.61,"mOthersTime":0,"mRunTime":0,"mStartTime":74400000,"mTimeUnit":600000,"mWalkTime":12006,"runStep":0,"walkStep":18},{"distance":8.13,"mCalorie":0.53,"mOthersTime":0,"mRunTime":0,"mStartTime":75000000,"mTimeUnit":600000,"mWalkTime":8004,"runStep":0,"walkStep":12},{"distance":33.32,"mCalorie":1.8399999,"mOthersTime":0,"mRunTime":0,"mStartTime":75600000,"mTimeUnit":600000,"mWalkTime":32016,"runStep":0,"walkStep":48},{"distance":18.54,"mCalorie":1.0,"mOthersTime":0,"mRunTime":0,"mStartTime":76200000,"mTimeUnit":600000,"mWalkTime":16675,"runStep":0,"walkStep":25},{"distance":20.04,"mCalorie":0.99,"mOthersTime":0,"mRunTime":0,"mStartTime":77400000,"mTimeUnit":600000,"mWalkTime":18009,"runStep":0,"walkStep":27},{"distance":12.67,"mCalorie":0.67,"mOthersTime":0,"mRunTime":0,"mStartTime":79800000,"mTimeUnit":600000,"mWalkTime":12006,"runStep":0,"walkStep":18},{"distance":36.559998,"mCalorie":1.8699999,"mOthersTime":0,"mRunTime":0,"mStartTime":81000000,"mTimeUnit":600000,"mWalkTime":34017,"runStep":0,"walkStep":51},{"distance":18.76,"mCalorie":0.86,"mOthersTime":0,"mRunTime":0,"mStartTime":84000000,"mTimeUnit":600000,"mWalkTime":16675,"runStep":0,"walkStep":25}],"version":1}