{"mActivityList":[{"mActiveTime":1992271,"mActiveTimeType":0,"mCalorie":168.0,"mCategory":204,"mDetailInfoId":"d7a0313f-bfc6-eb71-e0af-a7fe97ee5cc0","mDistance":2368.649,"mDuration":1992271,"mEndTime":45343519,"mStartTime":43351248,"mType":1001},{"mActiveTime":600000,"mActiveTimeType":2,"mCalorie":46.39,"mCategory":204,"mDetailInfoId":"21091c88-9a5e-796f-0dbd-bcae64378342","mDistance":0.0,"mDuration":600000,"mEndTime":71209043,"mStartTime":70609043,"mType":11007}],"mAdaptiveGoal":0,"mIsGoalAchieved":false,"mIsMostActiveAchieved":false,"mMostActiveMinutes":0,"mStreakDayCount":0,"mUnitDataList":[{"distance":26.96,"mCalorie":1.39,"mOthersTime":0,"mRunTime":0,"mStartTime":14400000,"mTimeUnit":600000,"mWalkTime":22678,"runStep":0,"walkStep":34},{"distance":188.09999,"mCalorie":9.830001,"mOthersTime":0,"mRunTime":0,"mStartTime":15000000,"mTimeUnit":600000,"mWalkTime":165386,"runStep":0,"walkStep":259},{"distance":97.81,"mCalorie":4.85,"mOthersTime":0,"mRunTime":0,"mStartTime":15600000,"mTimeUnit":600000,"mWalkTime":90712,"runStep":0,"walkStep":136},{"distance":11.1,"mCalorie":0.45,"mOthersTime":0,"mRunTime":400,"mStartTime":16200000,"mTimeUnit":600000,"mWalkTime":7337,"runStep":1,"walkStep":11},{"distance":15.34,"mCalorie":0.79,"mOthersTime":0,"mRunTime":0,"mStartTime":17400000,"mTimeUnit":600000,"mWalkTime":14007,"runStep":0,"walkStep":21},{"distance":48.46,"mCalorie":2.56,"mOthersTime":0,"mRunTime":0,"mStartTime":18000000,"mTimeUnit":600000,"mWalkTime":42688,"runStep":0,"walkStep":64},{"distance":135.97,"mCalorie":6.43,"mOthersTime":0,"mRunTime":0,"mStartTime":18600000,"mTimeUnit":600000,"mWalkTime":122728,"runStep":0,"walkStep":184},{"distance":38.87,"mCalorie":2.08,"mOthersTime":0,"mRunTime":400,"mStartTime":19200000,"mTimeUnit":600000,"mWalkTime":35351,"runStep":1,"walkStep":53},{"distance":11.21,"mCalorie":0.58,"mOthersTime":0,"mRunTime":400,"mStartTime":25200000,"mTimeUnit":600000,"mWalkTime":8004,"runStep":1,"walkStep":12},{"distance":45.43,"mCalorie":2.59,"mOthersTime":0,"mRunTime":3200,"mStartTime":30600000,"mTimeUnit":600000,"mWalkTime":34684,"runStep":8,"walkStep":52},{"distance":11.32,"mCalorie":0.77,"mOthersTime":0,"mRunTime":400,"mStartTime":31200000,"mTimeUnit":600000,"mWalkTime":8004,"runStep":1,"walkStep":12},{"distance":62.239998,"mCalorie":3.24,"mOthersTime":0,"mRunTime":0,"mStartTime":31800000,"mTimeUnit":600000,"mWalkTime":59363,"runStep":0,"walkStep":89},{"distance":18.369999,"mCalorie":0.94,"mOthersTime":0,"mRunTime":0,"mStartTime":34800000,"mTimeUnit":600000,"mWalkTime":17342,"runStep":0,"walkStep":26},{"distance":57.61,"mCalorie":3.0,"mOthersTime":0,"mRunTime":2400,"mStartTime":37200000,"mTimeUnit":600000,"mWalkTime":44689,"runStep":6,"walkStep":67},{"distance":75.799995,"mCalorie":4.1,"mOthersTime":0,"mRunTime":4000,"mStartTime":37800000,"mTimeUnit":600000,"mWalkTime":58029,"runStep":10,"walkStep":87},{"distance":115.46999,"mCalorie":6.5,"mOthersTime":0,"mRunTime":800,"mStartTime":38400000,"mTimeUnit":600000,"mWalkTime":102051,"runStep":2,"walkStep":153},{"distance":158.69002,"mCalorie":8.580001,"mOthersTime":0,"mRunTime":3600,"mStartTime":39000000,"mTimeUnit":600000,"mWalkTime":127397,"runStep":9,"walkStep":191},{"distance":17.689999,"mCalorie":0.86,"mOthersTime":0,"mRunTime":0,"mStartTime":39600000,"mTimeUnit":600000,"mWalkTime":16008,"runStep":0,"walkStep":24},{"distance":88.36,"mCalorie":4.73,"mOthersTime":0,"mRunTime":400,"mStartTime":40200000,"mTimeUnit":600000,"mWalkTime":77372,"runStep":1,"walkStep":116},{"distance":31.890001,"mCalorie":1.51,"mOthersTime":0,"mRunTime":0,"mStartTime":40800000,"mTimeUnit":600000,"mWalkTime":28681,"runStep":0,"walkStep":43},{"distance":101.73999,"mCalorie":4.95,"mOthersTime":0,"mRunTime":0,"mStartTime":41400000,"mTimeUnit":600000,"mWalkTime":90712,"runStep":0,"walkStep":136},{"distance":36.440002,"mCalorie":2.0,"mOthersTime":0,"mRunTime":1600,"mStartTime":42000000,"mTimeUnit":600000,"mWalkTime":31349,"runStep":4,"walkStep":47},{"distance":55.620003,"mCalorie":3.23,"mOthersTime":0,"mRunTime":400,"mStartTime":42600000,"mTimeUnit":600000,"mWalkTime":50025,"runStep":1,"walkStep":75},{"distance":564.79395,"mCalorie":39.378845,"mOthersTime":0,"mRunTime":0,"mStartTime":43200000,"mTimeUnit":600000,"mWalkTime":477140,"runStep":0,"walkStep":642},{"distance":713.35144,"mCalorie":50.595528,"mOthersTime":0,"mRunTime":0,"mStartTime":43800000,"mTimeUnit":600000,"mWalkTime":600000,"runStep":0,"walkStep":1087},{"distance":713.35144,"mCalorie":50.595528,"mOthersTime":0,"mRunTime":0,"mStartTime":44400000,"mTimeUnit":600000,"mWalkTime":600000,"runStep":0,"walkStep":1041},{"distance":471.0526,"mCalorie":33.25158,"mOthersTime":0,"mRunTime":400,"mStartTime":45000000,"mTimeUnit":600000,"mWalkTime":404178,"runStep":1,"walkStep":614},{"distance":57.97,"mCalorie":2.7699997,"mOthersTime":0,"mRunTime":1200,"mStartTime":45600000,"mTimeUnit":600000,"mWalkTime":46690,"runStep":3,"walkStep":70},{"distance":68.11,"mCalorie":3.29,"mOthersTime":0,"mRunTime":0,"mStartTime":46200000,"mTimeUnit":600000,"mWalkTime":63365,"runStep":0,"walkStep":95},{"distance":592.02997,"mCalorie":31.05,"mOthersTime":0,"mRunTime":0,"mStartTime":46800000,"mTimeUnit":600000,"mWalkTime":497402,"runStep":0,"walkStep":816},{"distance":74.18001,"mCalorie":3.7499998,"mOthersTime":0,"mRunTime":0,"mStartTime":47400000,"mTimeUnit":600000,"mWalkTime":67367,"runStep":0,"walkStep":101},{"distance":8.48,"mCalorie":0.45,"mOthersTime":0,"mRunTime":0,"mStartTime":48000000,"mTimeUnit":600000,"mWalkTime":8004,"runStep":0,"walkStep":12},{"distance":10.3,"mCalorie":0.46,"mOthersTime":0,"mRunTime":0,"mStartTime":48600000,"mTimeUnit":600000,"mWalkTime":8671,"runStep":0,"walkStep":13},{"distance":65.46,"mCalorie":3.45,"mOthersTime":0,"mRunTime":1600,"mStartTime":49200000,"mTimeUnit":600000,"mWalkTime":53360,"runStep":4,"walkStep":80},{"distance":483.22998,"mCalorie":25.609999,"mOthersTime":0,"mRunTime":0,"mStartTime":49800000,"mTimeUnit":600000,"mWalkTime":379373,"runStep":0,"walkStep":664},{"distance":8.93,"mCalorie":0.38,"mOthersTime":0,"mRunTime":0,"mStartTime":50400000,"mTimeUnit":600000,"mWalkTime":6670,"runStep":0,"walkStep":10},{"distance":37.41,"mCalorie":1.99,"mOthersTime":0,"mRunTime":0,"mStartTime":54600000,"mTimeUnit":600000,"mWalkTime":34684,"runStep":0,"walkStep":52},{"distance":60.379997,"mCalorie":3.12,"mOthersTime":0,"mRunTime":0,"mStartTime":56400000,"mTimeUnit":600000,"mWalkTime":55361,"runStep":0,"walkStep":83},{"distance":97.59,"mCalorie":4.9699993,"mOthersTime":0,"mRunTime":0,"mStartTime":61800000,"mTimeUnit":600000,"mWalkTime":86710,"runStep":0,"walkStep":130},{"distance":279.73996,"mCalorie":15.689999,"mOthersTime":0,"mRunTime":0,"mStartTime":62400000,"mTimeUnit":600000,"mWalkTime":261464,"runStep":0,"walkStep":392},{"distance":84.54,"mCalorie":4.1,"mOthersTime":0,"mRunTime":0,"mStartTime":63000000,"mTimeUnit":600000,"mWalkTime":76038,"runStep":0,"walkStep":114},{"distance":26.49,"mCalorie":1.41,"mOthersTime":0,"mRunTime":0,"mStartTime":63600000,"mTimeUnit":600000,"mWalkTime":24012,"runStep":0,"walkStep":36},{"distance":51.58,"mCalorie":2.69,"mOthersTime":0,"mRunTime":0,"mStartTime":64200000,"mTimeUnit":600000,"mWalkTime":47357,"runStep":0,"walkStep":71},{"distance":127.62,"mCalorie":6.05,"mOthersTime":0,"mRunTime":0,"mStartTime":64800000,"mTimeUnit":600000,"mWalkTime":114724,"runStep":0,"walkStep":172},{"distance":212.93999,"mCalorie":16.6,"mOthersTime":0,"mRunTime":0,"mStartTime":65400000,"mTimeUnit":600000,"mWalkTime":208104,"runStep":0,"walkStep":312},{"distance":31.259998,"mCalorie":1.54,"mOthersTime":0,"mRunTime":0,"mStartTime":66000000,"mTimeUnit":600000,"mWalkTime":28681,"runStep":0,"walkStep":43},{"distance":84.35,"mCalorie":4.08,"mOthersTime":0,"mRunTime":0,"mStartTime":66600000,"mTimeUnit":600000,"mWalkTime":76705,"runStep":0,"walkStep":115},{"distance":48.410004,"mCalorie":2.5700002,"mOthersTime":0,"mRunTime":3200,"mStartTime":67200000,"mTimeUnit":600000,"mWalkTime":34684,"runStep":8,"walkStep":52},{"distance":12.08,"mCalorie":0.55,"mOthersTime":0,"mRunTime":0,"mStartTime":67800000,"mTimeUnit":600000,"mWalkTime":9338,"runStep":0,"walkStep":14},{"distance":69.46,"mCalorie":3.24,"mOthersTime":0,"mRunTime":0,"mStartTime":68400000,"mTimeUnit":600000,"mWalkTime":61364,"runStep":0,"walkStep":92},{"distance":180.43,"mCalorie":9.27,"mOthersTime":0,"mRunTime":2800,"mStartTime":69000000,"mTimeUnit":600000,"mWalkTime":151409,"runStep":7,"walkStep":227},{"distance":177.34,"mCalorie":8.86,"mOthersTime":0,"mRunTime":400,"mStartTime":69600000,"mTimeUnit":600000,"mWalkTime":156745,"runStep":1,"walkStep":235},{"distance":119.34041,"mCalorie":20.837284,"mOthersTime":190956,"mRunTime":0,"mStartTime":70200000,"mTimeUnit":600000,"mWalkTime":107740,"runStep":0,"walkStep":272},{"distance":62.432743,"mCalorie":34.588364,"mOthersTime":409043,"mRunTime":0,"mStartTime":70800000,"mTimeUnit":600000,"mWalkTime":55494,"runStep":0,"walkStep":325},{"distance":20.11,"mCalorie":1.02,"mOthersTime":0,"mRunTime":0,"mStartTime":71400000,"mTimeUnit":600000,"mWalkTime":18009,"runStep":0,"walkStep":27},{"distance":6.0,"mCalorie":0.28,"mOthersTime":0,"mRunTime":0,"mStartTime":72000000,"mTimeUnit":600000,"mWalkTime":5336,"runStep":0,"walkStep":8},{"distance":8.56,"mCalorie":0.42,"mOthersTime":0,"mRunTime":0,"mStartTime":73200000,"mTimeUnit":600000,"mWalkTime":6670,"runStep":0,"walkStep":10},{"distance":18.94,"mCalorie":0.81,"mOthersTime":0,"mRunTime":0,"mStartTime":75600000,"mTimeUnit":600000,"mWalkTime":16675,"runStep":0,"walkStep":25},{"distance":37.87,"mCalorie":1.8699999,"mOthersTime":0,"mRunTime":0,"mStartTime":76800000,"mTimeUnit":600000,"mWalkTime":34017,"runStep":0,"walkStep":51},{"distance":22.59,"mCalorie":1.13,"mOthersTime":0,"mRunTime":0,"mStartTime":78000000,"mTimeUnit":600000,"mWalkTime":20677,"runStep":0,"walkStep":31},{"distance":22.96,"mCalorie":1.26,"mOthersTime":0,"mRunTime":0,"mStartTime":81000000,"mTimeUnit":600000,"mWalkTime":22011,"runStep":0,"walkStep":33},{"distance":101.36,"mCalorie":5.01,"mOthersTime":0,"mRunTime":0,"mStartTime":81600000,"mTimeUnit":600000,"mWalkTime":92713,"runStep":0,"walkStep":139},{"distance":28.47,"mCalorie":1.43,"mOthersTime":0,"mRunTime":0,"mStartTime":82200000,"mTimeUnit":600000,"mWalkTime":26013,"runStep":0,"walkStep":39},{"distance":18.45,"mCalorie":0.9,"mOthersTime":0,"mRunTime":0,"mStartTime":84000000,"mTimeUnit":600000,"mWalkTime":16675,"runStep":0,"walkStep":25},{"distance":56.100002,"mCalorie":2.82,"mOthersTime":0,"mRunTime":0,"mStartTime":84600000,"mTimeUnit":600000,"mWalkTime":52693,"runStep":0,"walkStep":79},{"distance":77.979996,"mCalorie":4.0600004,"mOthersTime":0,"mRunTime":400,"mStartTime":85200000,"mTimeUnit":600000,"mWalkTime":68701,"runStep":1,"walkStep":103}],"version":1}