{"mAdaptiveGoal":0,"mIsGoalAchieved":false,"mIsMostActiveAchieved":false,"mMostActiveMinutes":0,"mStreakDayCount":0,"mUnitDataList":[{"distance":29.66,"mCalorie":1.29,"mOthersTime":0,"mRunTime":0,"mStartTime":12000000,"mTimeUnit":600000,"mWalkTime":24679,"runStep":0,"walkStep":37},{"distance":35.47,"mCalorie":1.67,"mOthersTime":0,"mRunTime":0,"mStartTime":16200000,"mTimeUnit":600000,"mWalkTime":30682,"runStep":0,"walkStep":46},{"distance":49.639,"mCalorie":2.58,"mOthersTime":0,"mRunTime":0,"mStartTime":16800000,"mTimeUnit":600000,"mWalkTime":48691,"runStep":0,"walkStep":73},{"distance":396.689,"mCalorie":20.99,"mOthersTime":0,"mRunTime":0,"mStartTime":17400000,"mTimeUnit":600000,"mWalkTime":345386,"runStep":0,"walkStep":567},{"distance":328.13202,"mCalorie":15.320001,"mOthersTime":0,"mRunTime":0,"mStartTime":19800000,"mTimeUnit":600000,"mWalkTime":261374,"runStep":0,"walkStep":436},{"distance":86.71,"mCalorie":5.05,"mOthersTime":0,"mRunTime":0,"mStartTime":20400000,"mTimeUnit":600000,"mWalkTime":82041,"runStep":0,"walkStep":123},{"distance":26.529,"mCalorie":1.75,"mOthersTime":0,"mRunTime":4400,"mStartTime":21000000,"mTimeUnit":600000,"mWalkTime":14007,"runStep":11,"walkStep":21},{"distance":7.69,"mCalorie":0.38,"mOthersTime":0,"mRunTime":0,"mStartTime":31800000,"mTimeUnit":600000,"mWalkTime":7337,"runStep":0,"walkStep":11},{"distance":16.01,"mCalorie":0.83,"mOthersTime":0,"mRunTime":0,"mStartTime":32400000,"mTimeUnit":600000,"mWalkTime":15341,"runStep":0,"walkStep":23},{"distance":9.09,"mCalorie":0.45,"mOthersTime":0,"mRunTime":0,"mStartTime":33000000,"mTimeUnit":600000,"mWalkTime":8671,"runStep":0,"walkStep":13},{"distance":5.95,"mCalorie":0.29,"mOthersTime":0,"mRunTime":0,"mStartTime":33600000,"mTimeUnit":600000,"mWalkTime":5336,"runStep":0,"walkStep":8},{"distance":21.52,"mCalorie":1.21,"mOthersTime":0,"mRunTime":0,"mStartTime":34800000,"mTimeUnit":600000,"mWalkTime":19343,"runStep":0,"walkStep":29},{"distance":64.9,"mCalorie":3.3400002,"mOthersTime":0,"mRunTime":0,"mStartTime":35400000,"mTimeUnit":600000,"mWalkTime":60030,"runStep":0,"walkStep":90},{"distance":41.75,"mCalorie":1.8299999,"mOthersTime":0,"mRunTime":0,"mStartTime":36000000,"mTimeUnit":600000,"mWalkTime":36018,"runStep":0,"walkStep":54},{"distance":5.64,"mCalorie":0.27,"mOthersTime":0,"mRunTime":0,"mStartTime":36600000,"mTimeUnit":600000,"mWalkTime":5336,"runStep":0,"walkStep":8},{"distance":31.14,"mCalorie":1.72,"mOthersTime":0,"mRunTime":0,"mStartTime":37200000,"mTimeUnit":600000,"mWalkTime":29348,"runStep":0,"walkStep":44},{"distance":7.79,"mCalorie":0.31,"mOthersTime":0,"mRunTime":0,"mStartTime":37800000,"mTimeUnit":600000,"mWalkTime":6670,"runStep":0,"walkStep":10},{"distance":54.120003,"mCalorie":2.49,"mOthersTime":0,"mRunTime":0,"mStartTime":38400000,"mTimeUnit":600000,"mWalkTime":48691,"runStep":0,"walkStep":73},{"distance":40.81,"mCalorie":2.11,"mOthersTime":0,"mRunTime":0,"mStartTime":39000000,"mTimeUnit":600000,"mWalkTime":38019,"runStep":0,"walkStep":57},{"distance":68.619995,"mCalorie":3.4799998,"mOthersTime":0,"mRunTime":0,"mStartTime":39600000,"mTimeUnit":600000,"mWalkTime":66700,"runStep":0,"walkStep":100},{"distance":136.22,"mCalorie":7.45,"mOthersTime":0,"mRunTime":8800,"mStartTime":40200000,"mTimeUnit":600000,"mWalkTime":96715,"runStep":22,"walkStep":145},{"distance":46.858,"mCalorie":2.83,"mOthersTime":0,"mRunTime":4400,"mStartTime":40800000,"mTimeUnit":600000,"mWalkTime":30682,"runStep":11,"walkStep":46},{"distance":6.8,"mCalorie":0.33,"mOthersTime":0,"mRunTime":0,"mStartTime":42600000,"mTimeUnit":600000,"mWalkTime":6003,"runStep":0,"walkStep":9},{"distance":8.11,"mCalorie":0.41,"mOthersTime":0,"mRunTime":0,"mStartTime":43200000,"mTimeUnit":600000,"mWalkTime":7337,"runStep":0,"walkStep":11},{"distance":48.130005,"mCalorie":2.6,"mOthersTime":0,"mRunTime":0,"mStartTime":43800000,"mTimeUnit":600000,"mWalkTime":45356,"runStep":0,"walkStep":68},{"distance":28.52,"mCalorie":1.5,"mOthersTime":0,"mRunTime":0,"mStartTime":45000000,"mTimeUnit":600000,"mWalkTime":26680,"runStep":0,"walkStep":40},{"distance":137.551,"mCalorie":6.87,"mOthersTime":0,"mRunTime":400,"mStartTime":45600000,"mTimeUnit":600000,"mWalkTime":123395,"runStep":1,"walkStep":185},{"distance":249.16998,"mCalorie":14.989999,"mOthersTime":0,"mRunTime":0,"mStartTime":46200000,"mTimeUnit":600000,"mWalkTime":240120,"runStep":0,"walkStep":360},{"distance":84.87001,"mCalorie":4.46,"mOthersTime":0,"mRunTime":0,"mStartTime":46800000,"mTimeUnit":600000,"mWalkTime":78039,"runStep":0,"walkStep":117},{"distance":45.2,"mCalorie":2.42,"mOthersTime":0,"mRunTime":0,"mStartTime":48000000,"mTimeUnit":600000,"mWalkTime":42021,"runStep":0,"walkStep":63},{"distance":10.2,"mCalorie":0.42,"mOthersTime":0,"mRunTime":0,"mStartTime":48600000,"mTimeUnit":600000,"mWalkTime":6670,"runStep":0,"walkStep":10},{"distance":155.25,"mCalorie":8.339999,"mOthersTime":0,"mRunTime":0,"mStartTime":49800000,"mTimeUnit":600000,"mWalkTime":142041,"runStep":0,"walkStep":214},{"distance":174.85999,"mCalorie":9.0,"mOthersTime":0,"mRunTime":0,"mStartTime":51600000,"mTimeUnit":600000,"mWalkTime":161384,"runStep":0,"walkStep":244},{"distance":134.819,"mCalorie":7.5,"mOthersTime":0,"mRunTime":0,"mStartTime":52200000,"mTimeUnit":600000,"mWalkTime":124729,"runStep":0,"walkStep":187},{"distance":35.41,"mCalorie":1.8699999,"mOthersTime":0,"mRunTime":0,"mStartTime":52800000,"mTimeUnit":600000,"mWalkTime":32683,"runStep":0,"walkStep":49},{"distance":79.06999,"mCalorie":4.06,"mOthersTime":0,"mRunTime":400,"mStartTime":53400000,"mTimeUnit":600000,"mWalkTime":66700,"runStep":1,"walkStep":100},{"distance":36.24,"mCalorie":2.08,"mOthersTime":0,"mRunTime":4000,"mStartTime":54000000,"mTimeUnit":600000,"mWalkTime":25346,"runStep":10,"walkStep":38},{"distance":10.09,"mCalorie":0.53,"mOthersTime":0,"mRunTime":0,"mStartTime":54600000,"mTimeUnit":600000,"mWalkTime":9338,"runStep":0,"walkStep":14},{"distance":29.75,"mCalorie":1.52,"mOthersTime":0,"mRunTime":0,"mStartTime":57600000,"mTimeUnit":600000,"mWalkTime":26680,"runStep":0,"walkStep":40},{"distance":62.059998,"mCalorie":3.2099998,"mOthersTime":0,"mRunTime":0,"mStartTime":58200000,"mTimeUnit":600000,"mWalkTime":56695,"runStep":0,"walkStep":85},{"distance":106.090004,"mCalorie":5.34,"mOthersTime":0,"mRunTime":0,"mStartTime":58800000,"mTimeUnit":600000,"mWalkTime":96048,"runStep":0,"walkStep":144},{"distance":70.03,"mCalorie":3.33,"mOthersTime":0,"mRunTime":0,"mStartTime":59400000,"mTimeUnit":600000,"mWalkTime":62698,"runStep":0,"walkStep":94},{"distance":215.04999,"mCalorie":10.44,"mOthersTime":0,"mRunTime":0,"mStartTime":60000000,"mTimeUnit":600000,"mWalkTime":191429,"runStep":0,"walkStep":287},{"distance":196.58002,"mCalorie":9.129999,"mOthersTime":0,"mRunTime":0,"mStartTime":60600000,"mTimeUnit":600000,"mWalkTime":172753,"runStep":0,"walkStep":259},{"distance":72.05,"mCalorie":3.71,"mOthersTime":0,"mRunTime":0,"mStartTime":61200000,"mTimeUnit":600000,"mWalkTime":66700,"runStep":0,"walkStep":100},{"distance":109.759,"mCalorie":5.56,"mOthersTime":0,"mRunTime":2000,"mStartTime":61800000,"mTimeUnit":600000,"mWalkTime":93380,"runStep":5,"walkStep":140},{"distance":303.012,"mCalorie":19.080002,"mOthersTime":0,"mRunTime":0,"mStartTime":62400000,"mTimeUnit":600000,"mWalkTime":288811,"runStep":0,"walkStep":433},{"distance":54.3,"mCalorie":2.69,"mOthersTime":0,"mRunTime":0,"mStartTime":63000000,"mTimeUnit":600000,"mWalkTime":47357,"runStep":0,"walkStep":71},{"distance":156.789,"mCalorie":7.94,"mOthersTime":0,"mRunTime":0,"mStartTime":64200000,"mTimeUnit":600000,"mWalkTime":140070,"runStep":0,"walkStep":210},{"distance":333.43,"mCalorie":17.61,"mOthersTime":0,"mRunTime":0,"mStartTime":64800000,"mTimeUnit":600000,"mWalkTime":307487,"runStep":0,"walkStep":461},{"distance":38.990997,"mCalorie":2.27,"mOthersTime":0,"mRunTime":0,"mStartTime":65400000,"mTimeUnit":600000,"mWalkTime":36685,"runStep":0,"walkStep":55},{"distance":14.1,"mCalorie":0.74,"mOthersTime":0,"mRunTime":0,"mStartTime":67800000,"mTimeUnit":600000,"mWalkTime":13340,"runStep":0,"walkStep":20},{"distance":21.81,"mCalorie":1.08,"mOthersTime":0,"mRunTime":0,"mStartTime":68400000,"mTimeUnit":600000,"mWalkTime":20010,"runStep":0,"walkStep":30},{"distance":16.68,"mCalorie":1.09,"mOthersTime":0,"mRunTime":2400,"mStartTime":69000000,"mTimeUnit":600000,"mWalkTime":8671,"runStep":6,"walkStep":13},{"distance":8.4,"mCalorie":0.41,"mOthersTime":0,"mRunTime":0,"mStartTime":69600000,"mTimeUnit":600000,"mWalkTime":8004,"runStep":0,"walkStep":12},{"distance":26.83,"mCalorie":1.35,"mOthersTime":0,"mRunTime":0,"mStartTime":70200000,"mTimeUnit":600000,"mWalkTime":25346,"runStep":0,"walkStep":38},{"distance":35.78,"mCalorie":1.78,"mOthersTime":0,"mRunTime":0,"mStartTime":70800000,"mTimeUnit":600000,"mWalkTime":33350,"runStep":0,"walkStep":50},{"distance":22.39,"mCalorie":1.17,"mOthersTime":0,"mRunTime":0,"mStartTime":71400000,"mTimeUnit":600000,"mWalkTime":20677,"runStep":0,"walkStep":31},{"distance":31.65,"mCalorie":1.65,"mOthersTime":0,"mRunTime":0,"mStartTime":73200000,"mTimeUnit":600000,"mWalkTime":29348,"runStep":0,"walkStep":44},{"distance":164.179,"mCalorie":9.370001,"mOthersTime":0,"mRunTime":400,"mStartTime":73800000,"mTimeUnit":600000,"mWalkTime":161414,"runStep":1,"walkStep":242},{"distance":26.13,"mCalorie":1.2899998,"mOthersTime":0,"mRunTime":0,"mStartTime":74400000,"mTimeUnit":600000,"mWalkTime":23345,"runStep":0,"walkStep":35},{"distance":129.77,"mCalorie":6.64,"mOthersTime":0,"mRunTime":0,"mStartTime":75000000,"mTimeUnit":600000,"mWalkTime":118059,"runStep":0,"walkStep":177},{"distance":24.29,"mCalorie":1.1,"mOthersTime":0,"mRunTime":0,"mStartTime":76200000,"mTimeUnit":600000,"mWalkTime":21344,"runStep":0,"walkStep":32},{"distance":57.769,"mCalorie":2.9799998,"mOthersTime":0,"mRunTime":0,"mStartTime":76800000,"mTimeUnit":600000,"mWalkTime":53360,"runStep":0,"walkStep":80},{"distance":435.46002,"mCalorie":22.23,"mOthersTime":0,"mRunTime":0,"mStartTime":77400000,"mTimeUnit":600000,"mWalkTime":367367,"runStep":0,"walkStep":588},{"distance":172.17,"mCalorie":9.21,"mOthersTime":0,"mRunTime":0,"mStartTime":78000000,"mTimeUnit":600000,"mWalkTime":159413,"runStep":0,"walkStep":239},{"distance":491.08997,"mCalorie":25.86,"mOthersTime":0,"mRunTime":0,"mStartTime":78600000,"mTimeUnit":600000,"mWalkTime":449468,"runStep":0,"walkStep":678},{"distance":576.48,"mCalorie":28.769997,"mOthersTime":0,"mRunTime":0,"mStartTime":79200000,"mTimeUnit":600000,"mWalkTime":506163,"runStep":0,"walkStep":780},{"distance":45.58,"mCalorie":2.32,"mOthersTime":0,"mRunTime":0,"mStartTime":79800000,"mTimeUnit":600000,"mWalkTime":42688,"runStep":0,"walkStep":64},{"distance":47.5,"mCalorie":2.52,"mOthersTime":0,"mRunTime":0,"mStartTime":81000000,"mTimeUnit":600000,"mWalkTime":44022,"runStep":0,"walkStep":66},{"distance":142.508,"mCalorie":6.8099995,"mOthersTime":0,"mRunTime":0,"mStartTime":82800000,"mTimeUnit":600000,"mWalkTime":126063,"runStep":0,"walkStep":189},{"distance":292.96002,"mCalorie":12.920001,"mOthersTime":0,"mRunTime":0,"mStartTime":83400000,"mTimeUnit":600000,"mWalkTime":254794,"runStep":0,"walkStep":382},{"distance":46.789997,"mCalorie":2.52,"mOthersTime":0,"mRunTime":2000,"mStartTime":84000000,"mTimeUnit":600000,"mWalkTime":35351,"runStep":5,"walkStep":53},{"distance":31.071001,"mCalorie":1.55,"mOthersTime":0,"mRunTime":0,"mStartTime":84600000,"mTimeUnit":600000,"mWalkTime":28014,"runStep":0,"walkStep":42}],"version":1}