{"mAdaptiveGoal":0,"mIsGoalAchieved":false,"mIsMostActiveAchieved":false,"mMostActiveMinutes":0,"mStreakDayCount":0,"mUnitDataList":[{"distance":10.18,"mCalorie":0.5,"mOthersTime":0,"mRunTime":0,"mStartTime":2400000,"mTimeUnit":600000,"mWalkTime":9338,"runStep":0,"walkStep":14},{"distance":105.04,"mCalorie":5.36,"mOthersTime":0,"mRunTime":3600,"mStartTime":14400000,"mTimeUnit":600000,"mWalkTime":86043,"runStep":9,"walkStep":129},{"distance":14.72,"mCalorie":0.69,"mOthersTime":0,"mRunTime":0,"mStartTime":15000000,"mTimeUnit":600000,"mWalkTime":13340,"runStep":0,"walkStep":20},{"distance":20.63,"mCalorie":1.06,"mOthersTime":0,"mRunTime":0,"mStartTime":15600000,"mTimeUnit":600000,"mWalkTime":18676,"runStep":0,"walkStep":28},{"distance":122.12,"mCalorie":6.2599998,"mOthersTime":0,"mRunTime":0,"mStartTime":16200000,"mTimeUnit":600000,"mWalkTime":112056,"runStep":0,"walkStep":168},{"distance":65.130005,"mCalorie":3.25,"mOthersTime":0,"mRunTime":0,"mStartTime":16800000,"mTimeUnit":600000,"mWalkTime":58696,"runStep":0,"walkStep":88},{"distance":8.48,"mCalorie":0.46,"mOthersTime":0,"mRunTime":0,"mStartTime":17400000,"mTimeUnit":600000,"mWalkTime":8004,"runStep":0,"walkStep":12},{"distance":89.34,"mCalorie":4.47,"mOthersTime":0,"mRunTime":0,"mStartTime":18600000,"mTimeUnit":600000,"mWalkTime":78706,"runStep":0,"walkStep":118},{"distance":181.88,"mCalorie":10.68,"mOthersTime":0,"mRunTime":0,"mStartTime":19200000,"mTimeUnit":600000,"mWalkTime":180727,"runStep":0,"walkStep":273},{"distance":17.55,"mCalorie":0.84000003,"mOthersTime":0,"mRunTime":0,"mStartTime":31800000,"mTimeUnit":600000,"mWalkTime":16008,"runStep":0,"walkStep":24},{"distance":65.21,"mCalorie":3.56,"mOthersTime":0,"mRunTime":0,"mStartTime":32400000,"mTimeUnit":600000,"mWalkTime":60697,"runStep":0,"walkStep":91},{"distance":6.76,"mCalorie":0.54,"mOthersTime":0,"mRunTime":0,"mStartTime":36000000,"mTimeUnit":600000,"mWalkTime":6670,"runStep":0,"walkStep":10},{"distance":8.57,"mCalorie":0.58,"mOthersTime":0,"mRunTime":0,"mStartTime":36600000,"mTimeUnit":600000,"mWalkTime":8004,"runStep":0,"walkStep":12},{"distance":140.303,"mCalorie":6.45,"mOthersTime":0,"mRunTime":0,"mStartTime":37200000,"mTimeUnit":600000,"mWalkTime":124729,"runStep":0,"walkStep":187},{"distance":7.3,"mCalorie":0.35,"mOthersTime":0,"mRunTime":0,"mStartTime":38400000,"mTimeUnit":600000,"mWalkTime":6670,"runStep":0,"walkStep":10},{"distance":8.73,"mCalorie":0.34,"mOthersTime":0,"mRunTime":0,"mStartTime":39000000,"mTimeUnit":600000,"mWalkTime":7337,"runStep":0,"walkStep":11},{"distance":17.12,"mCalorie":1.13,"mOthersTime":0,"mRunTime":0,"mStartTime":39600000,"mTimeUnit":600000,"mWalkTime":16675,"runStep":0,"walkStep":25},{"distance":62.99,"mCalorie":3.1799998,"mOthersTime":0,"mRunTime":0,"mStartTime":40200000,"mTimeUnit":600000,"mWalkTime":56695,"runStep":0,"walkStep":85},{"distance":359.81,"mCalorie":21.070002,"mOthersTime":0,"mRunTime":0,"mStartTime":40800000,"mTimeUnit":600000,"mWalkTime":322768,"runStep":0,"walkStep":506},{"distance":106.92999,"mCalorie":5.56,"mOthersTime":0,"mRunTime":0,"mStartTime":41400000,"mTimeUnit":600000,"mWalkTime":96715,"runStep":0,"walkStep":145},{"distance":131.02,"mCalorie":6.3500004,"mOthersTime":0,"mRunTime":0,"mStartTime":42000000,"mTimeUnit":600000,"mWalkTime":116725,"runStep":0,"walkStep":175},{"distance":398.07,"mCalorie":18.380001,"mOthersTime":0,"mRunTime":2395,"mStartTime":42600000,"mTimeUnit":600000,"mWalkTime":325709,"runStep":7,"walkStep":512},{"distance":110.74,"mCalorie":5.6499996,"mOthersTime":0,"mRunTime":0,"mStartTime":43200000,"mTimeUnit":600000,"mWalkTime":104052,"runStep":0,"walkStep":156},{"distance":32.96,"mCalorie":1.67,"mOthersTime":0,"mRunTime":0,"mStartTime":44400000,"mTimeUnit":600000,"mWalkTime":30682,"runStep":0,"walkStep":46},{"distance":47.969,"mCalorie":2.62,"mOthersTime":0,"mRunTime":400,"mStartTime":45600000,"mTimeUnit":600000,"mWalkTime":42021,"runStep":1,"walkStep":63},{"distance":138.34999,"mCalorie":7.56,"mOthersTime":0,"mRunTime":3200,"mStartTime":46200000,"mTimeUnit":600000,"mWalkTime":120727,"runStep":8,"walkStep":181},{"distance":402.28,"mCalorie":21.429998,"mOthersTime":0,"mRunTime":0,"mStartTime":46800000,"mTimeUnit":600000,"mWalkTime":353480,"runStep":0,"walkStep":549},{"distance":287.93,"mCalorie":15.159998,"mOthersTime":0,"mRunTime":0,"mStartTime":47400000,"mTimeUnit":600000,"mWalkTime":259463,"runStep":0,"walkStep":389},{"distance":30.86,"mCalorie":1.62,"mOthersTime":0,"mRunTime":0,"mStartTime":48000000,"mTimeUnit":600000,"mWalkTime":28014,"runStep":0,"walkStep":42},{"distance":51.28,"mCalorie":2.67,"mOthersTime":0,"mRunTime":0,"mStartTime":49200000,"mTimeUnit":600000,"mWalkTime":47357,"runStep":0,"walkStep":71},{"distance":46.14,"mCalorie":2.22,"mOthersTime":0,"mRunTime":0,"mStartTime":49800000,"mTimeUnit":600000,"mWalkTime":42021,"runStep":0,"walkStep":63},{"distance":158.63,"mCalorie":8.2,"mOthersTime":0,"mRunTime":0,"mStartTime":50400000,"mTimeUnit":600000,"mWalkTime":143405,"runStep":0,"walkStep":215},{"distance":198.95,"mCalorie":9.8,"mOthersTime":0,"mRunTime":0,"mStartTime":51000000,"mTimeUnit":600000,"mWalkTime":178089,"runStep":0,"walkStep":267},{"distance":209.36002,"mCalorie":11.04,"mOthersTime":0,"mRunTime":0,"mStartTime":51600000,"mTimeUnit":600000,"mWalkTime":195431,"runStep":0,"walkStep":293},{"distance":56.08,"mCalorie":2.8899999,"mOthersTime":0,"mRunTime":0,"mStartTime":52200000,"mTimeUnit":600000,"mWalkTime":50692,"runStep":0,"walkStep":76},{"distance":12.99,"mCalorie":0.54,"mOthersTime":0,"mRunTime":0,"mStartTime":54000000,"mTimeUnit":600000,"mWalkTime":10672,"runStep":0,"walkStep":16},{"distance":30.06,"mCalorie":1.49,"mOthersTime":0,"mRunTime":0,"mStartTime":54600000,"mTimeUnit":600000,"mWalkTime":27347,"runStep":0,"walkStep":41},{"distance":256.63,"mCalorie":13.09,"mOthersTime":0,"mRunTime":0,"mStartTime":55200000,"mTimeUnit":600000,"mWalkTime":221414,"runStep":0,"walkStep":362},{"distance":366.75998,"mCalorie":26.560001,"mOthersTime":0,"mRunTime":0,"mStartTime":55800000,"mTimeUnit":600000,"mWalkTime":344142,"runStep":0,"walkStep":535},{"distance":108.959,"mCalorie":5.42,"mOthersTime":0,"mRunTime":0,"mStartTime":56400000,"mTimeUnit":600000,"mWalkTime":98716,"runStep":0,"walkStep":148},{"distance":18.43,"mCalorie":1.03,"mOthersTime":0,"mRunTime":0,"mStartTime":57600000,"mTimeUnit":600000,"mWalkTime":18009,"runStep":0,"walkStep":27},{"distance":6.77,"mCalorie":0.46,"mOthersTime":0,"mRunTime":0,"mStartTime":58200000,"mTimeUnit":600000,"mWalkTime":6670,"runStep":0,"walkStep":10},{"distance":39.260002,"mCalorie":2.24,"mOthersTime":0,"mRunTime":0,"mStartTime":59400000,"mTimeUnit":600000,"mWalkTime":38019,"runStep":0,"walkStep":57},{"distance":9.03,"mCalorie":0.43,"mOthersTime":0,"mRunTime":0,"mStartTime":60000000,"mTimeUnit":600000,"mWalkTime":8004,"runStep":0,"walkStep":12},{"distance":103.69799,"mCalorie":4.7200003,"mOthersTime":0,"mRunTime":400,"mStartTime":60600000,"mTimeUnit":600000,"mWalkTime":88044,"runStep":1,"walkStep":132},{"distance":94.050995,"mCalorie":4.6,"mOthersTime":0,"mRunTime":2000,"mStartTime":61200000,"mTimeUnit":600000,"mWalkTime":80040,"runStep":5,"walkStep":120},{"distance":228.82,"mCalorie":12.61,"mOthersTime":0,"mRunTime":0,"mStartTime":61800000,"mTimeUnit":600000,"mWalkTime":210105,"runStep":0,"walkStep":315},{"distance":119.49,"mCalorie":6.44,"mOthersTime":0,"mRunTime":0,"mStartTime":62400000,"mTimeUnit":600000,"mWalkTime":110055,"runStep":0,"walkStep":165},{"distance":22.199997,"mCalorie":1.1299999,"mOthersTime":0,"mRunTime":0,"mStartTime":63000000,"mTimeUnit":600000,"mWalkTime":20010,"runStep":0,"walkStep":30},{"distance":30.130001,"mCalorie":1.5899999,"mOthersTime":0,"mRunTime":0,"mStartTime":63600000,"mTimeUnit":600000,"mWalkTime":27347,"runStep":0,"walkStep":41},{"distance":53.819996,"mCalorie":2.68,"mOthersTime":0,"mRunTime":0,"mStartTime":64200000,"mTimeUnit":600000,"mWalkTime":50025,"runStep":0,"walkStep":75},{"distance":169.819,"mCalorie":8.78,"mOthersTime":0,"mRunTime":0,"mStartTime":64800000,"mTimeUnit":600000,"mWalkTime":147377,"runStep":0,"walkStep":232},{"distance":294.85,"mCalorie":15.459999,"mOthersTime":0,"mRunTime":0,"mStartTime":65400000,"mTimeUnit":600000,"mWalkTime":268134,"runStep":0,"walkStep":402},{"distance":12.91,"mCalorie":0.67,"mOthersTime":0,"mRunTime":0,"mStartTime":66000000,"mTimeUnit":600000,"mWalkTime":12006,"runStep":0,"walkStep":18},{"distance":25.57,"mCalorie":1.3199999,"mOthersTime":0,"mRunTime":0,"mStartTime":66600000,"mTimeUnit":600000,"mWalkTime":24012,"runStep":0,"walkStep":36},{"distance":32.31,"mCalorie":1.5499998,"mOthersTime":0,"mRunTime":0,"mStartTime":67200000,"mTimeUnit":600000,"mWalkTime":28681,"runStep":0,"walkStep":43},{"distance":14.85,"mCalorie":0.65,"mOthersTime":0,"mRunTime":0,"mStartTime":67800000,"mTimeUnit":600000,"mWalkTime":12673,"runStep":0,"walkStep":19},{"distance":15.08,"mCalorie":0.76,"mOthersTime":0,"mRunTime":0,"mStartTime":71400000,"mTimeUnit":600000,"mWalkTime":14007,"runStep":0,"walkStep":21},{"distance":21.07,"mCalorie":1.04,"mOthersTime":0,"mRunTime":0,"mStartTime":72000000,"mTimeUnit":600000,"mWalkTime":19343,"runStep":0,"walkStep":29},{"distance":20.54,"mCalorie":0.94,"mOthersTime":0,"mRunTime":0,"mStartTime":73200000,"mTimeUnit":600000,"mWalkTime":18009,"runStep":0,"walkStep":27},{"distance":44.96,"mCalorie":2.25,"mOthersTime":0,"mRunTime":0,"mStartTime":73800000,"mTimeUnit":600000,"mWalkTime":41354,"runStep":0,"walkStep":62},{"distance":47.629997,"mCalorie":2.58,"mOthersTime":0,"mRunTime":1600,"mStartTime":74400000,"mTimeUnit":600000,"mWalkTime":40020,"runStep":4,"walkStep":60},{"distance":52.351,"mCalorie":2.73,"mOthersTime":0,"mRunTime":3600,"mStartTime":75000000,"mTimeUnit":600000,"mWalkTime":36018,"runStep":9,"walkStep":54},{"distance":127.429,"mCalorie":6.0999994,"mOthersTime":0,"mRunTime":0,"mStartTime":75600000,"mTimeUnit":600000,"mWalkTime":117392,"runStep":0,"walkStep":176},{"distance":7.869,"mCalorie":0.2,"mOthersTime":0,"mRunTime":0,"mStartTime":76200000,"mTimeUnit":600000,"mWalkTime":6670,"runStep":0,"walkStep":10},{"distance":97.8,"mCalorie":4.79,"mOthersTime":0,"mRunTime":0,"mStartTime":77400000,"mTimeUnit":600000,"mWalkTime":90045,"runStep":0,"walkStep":135},{"distance":27.560001,"mCalorie":1.37,"mOthersTime":0,"mRunTime":0,"mStartTime":78000000,"mTimeUnit":600000,"mWalkTime":26013,"runStep":0,"walkStep":39},{"distance":94.229996,"mCalorie":4.8,"mOthersTime":0,"mRunTime":4000,"mStartTime":79800000,"mTimeUnit":600000,"mWalkTime":70702,"runStep":10,"walkStep":106},{"distance":37.27,"mCalorie":1.74,"mOthersTime":0,"mRunTime":0,"mStartTime":80400000,"mTimeUnit":600000,"mWalkTime":33350,"runStep":0,"walkStep":50},{"distance":88.11,"mCalorie":4.8199997,"mOthersTime":0,"mRunTime":3600,"mStartTime":81000000,"mTimeUnit":600000,"mWalkTime":78039,"runStep":9,"walkStep":117},{"distance":62.948997,"mCalorie":3.1599998,"mOthersTime":0,"mRunTime":0,"mStartTime":81600000,"mTimeUnit":600000,"mWalkTime":58029,"runStep":0,"walkStep":87},{"distance":77.75,"mCalorie":3.81,"mOthersTime":0,"mRunTime":0,"mStartTime":83400000,"mTimeUnit":600000,"mWalkTime":70035,"runStep":0,"walkStep":105},{"distance":96.3,"mCalorie":5.27,"mOthersTime":0,"mRunTime":6800,"mStartTime":84000000,"mTimeUnit":600000,"mWalkTime":78039,"runStep":17,"walkStep":117},{"distance":31.151001,"mCalorie":1.36,"mOthersTime":0,"mRunTime":0,"mStartTime":84600000,"mTimeUnit":600000,"mWalkTime":26680,"runStep":0,"walkStep":40},{"distance":10.23,"mCalorie":0.64,"mOthersTime":0,"mRunTime":0,"mStartTime":85800000,"mTimeUnit":600000,"mWalkTime":10005,"runStep":0,"walkStep":15}],"version":1}