{"mActivityList":[{"mActiveTime":912844,"mActiveTimeType":2,"mCalorie":91.0,"mCategory":204,"mDetailInfoId":"b6e67188-85e2-edc9-a133-ee9da541f6f7","mDistance":0.0,"mDuration":912844,"mEndTime":54053839,"mStartTime":53140995,"mType":0},{"mActiveTime":710560,"mActiveTimeType":2,"mCalorie":118.57,"mCategory":204,"mDetailInfoId":"2e17d8d2-b9e4-76b4-64bf-5d27d5fb529d","mDistance":0.0,"mDuration":710560,"mEndTime":55467586,"mStartTime":54757026,"mType":11007},{"mActiveTime":1521551,"mActiveTimeType":0,"mCalorie":160.0,"mCategory":204,"mDetailInfoId":"07eaa000-0c60-427e-c996-fb47d2bb5157","mDistance":1532.221,"mDuration":1521551,"mEndTime":77309809,"mStartTime":75788258,"mType":1001}],"mAdaptiveGoal":0,"mIsGoalAchieved":false,"mIsMostActiveAchieved":false,"mMostActiveMinutes":0,"mStreakDayCount":0,"mUnitDataList":[{"distance":9.37,"mCalorie":0.61,"mOthersTime":0,"mRunTime":1600,"mStartTime":0,"mTimeUnit":600000,"mWalkTime":6670,"runStep":4,"walkStep":10},{"distance":32.08,"mCalorie":1.83,"mOthersTime":0,"mRunTime":1600,"mStartTime":7200000,"mTimeUnit":600000,"mWalkTime":24012,"runStep":4,"walkStep":36},{"distance":11.21,"mCalorie":0.75,"mOthersTime":0,"mRunTime":1200,"mStartTime":13800000,"mTimeUnit":600000,"mWalkTime":6670,"runStep":3,"walkStep":10},{"distance":74.351006,"mCalorie":3.3200002,"mOthersTime":0,"mRunTime":0,"mStartTime":19800000,"mTimeUnit":600000,"mWalkTime":65366,"runStep":0,"walkStep":98},{"distance":17.199001,"mCalorie":1.03,"mOthersTime":0,"mRunTime":800,"mStartTime":21000000,"mTimeUnit":600000,"mWalkTime":14674,"runStep":2,"walkStep":22},{"distance":22.98,"mCalorie":1.03,"mOthersTime":0,"mRunTime":0,"mStartTime":22200000,"mTimeUnit":600000,"mWalkTime":20677,"runStep":0,"walkStep":31},{"distance":23.0,"mCalorie":1.17,"mOthersTime":0,"mRunTime":0,"mStartTime":22800000,"mTimeUnit":600000,"mWalkTime":20677,"runStep":0,"walkStep":31},{"distance":10.83,"mCalorie":0.55,"mOthersTime":0,"mRunTime":0,"mStartTime":25800000,"mTimeUnit":600000,"mWalkTime":10005,"runStep":0,"walkStep":15},{"distance":17.661999,"mCalorie":1.01,"mOthersTime":0,"mRunTime":0,"mStartTime":26400000,"mTimeUnit":600000,"mWalkTime":17342,"runStep":0,"walkStep":26},{"distance":38.09,"mCalorie":1.67,"mOthersTime":0,"mRunTime":800,"mStartTime":27000000,"mTimeUnit":600000,"mWalkTime":29348,"runStep":2,"walkStep":44},{"distance":39.401,"mCalorie":2.02,"mOthersTime":0,"mRunTime":0,"mStartTime":27600000,"mTimeUnit":600000,"mWalkTime":35351,"runStep":0,"walkStep":53},{"distance":79.21,"mCalorie":3.9099998,"mOthersTime":0,"mRunTime":0,"mStartTime":28200000,"mTimeUnit":600000,"mWalkTime":72703,"runStep":0,"walkStep":109},{"distance":155.42099,"mCalorie":7.67,"mOthersTime":0,"mRunTime":0,"mStartTime":28800000,"mTimeUnit":600000,"mWalkTime":137402,"runStep":0,"walkStep":206},{"distance":153.47,"mCalorie":8.12,"mOthersTime":0,"mRunTime":0,"mStartTime":29400000,"mTimeUnit":600000,"mWalkTime":140737,"runStep":0,"walkStep":211},{"distance":10.89,"mCalorie":0.45,"mOthersTime":0,"mRunTime":0,"mStartTime":31200000,"mTimeUnit":600000,"mWalkTime":9338,"runStep":0,"walkStep":14},{"distance":16.08,"mCalorie":0.73,"mOthersTime":0,"mRunTime":0,"mStartTime":31800000,"mTimeUnit":600000,"mWalkTime":14007,"runStep":0,"walkStep":21},{"distance":159.15999,"mCalorie":8.68,"mOthersTime":0,"mRunTime":0,"mStartTime":32400000,"mTimeUnit":600000,"mWalkTime":146073,"runStep":0,"walkStep":219},{"distance":29.64,"mCalorie":1.52,"mOthersTime":0,"mRunTime":0,"mStartTime":33000000,"mTimeUnit":600000,"mWalkTime":27347,"runStep":0,"walkStep":41},{"distance":229.39,"mCalorie":12.76,"mOthersTime":0,"mRunTime":0,"mStartTime":34200000,"mTimeUnit":600000,"mWalkTime":216775,"runStep":0,"walkStep":325},{"distance":186.39899,"mCalorie":9.94,"mOthersTime":0,"mRunTime":0,"mStartTime":34800000,"mTimeUnit":600000,"mWalkTime":174754,"runStep":0,"walkStep":262},{"distance":179.28001,"mCalorie":9.37,"mOthersTime":0,"mRunTime":0,"mStartTime":36000000,"mTimeUnit":600000,"mWalkTime":166750,"runStep":0,"walkStep":250},{"distance":8.88,"mCalorie":0.4,"mOthersTime":0,"mRunTime":0,"mStartTime":36600000,"mTimeUnit":600000,"mWalkTime":8004,"runStep":0,"walkStep":12},{"distance":104.770004,"mCalorie":6.13,"mOthersTime":0,"mRunTime":0,"mStartTime":37200000,"mTimeUnit":600000,"mWalkTime":100050,"runStep":0,"walkStep":150},{"distance":180.16,"mCalorie":9.81,"mOthersTime":0,"mRunTime":0,"mStartTime":37800000,"mTimeUnit":600000,"mWalkTime":172753,"runStep":0,"walkStep":259},{"distance":77.77,"mCalorie":3.96,"mOthersTime":0,"mRunTime":0,"mStartTime":38400000,"mTimeUnit":600000,"mWalkTime":69368,"runStep":0,"walkStep":104},{"distance":61.19,"mCalorie":2.99,"mOthersTime":0,"mRunTime":0,"mStartTime":39000000,"mTimeUnit":600000,"mWalkTime":56028,"runStep":0,"walkStep":84},{"distance":116.398994,"mCalorie":6.1500006,"mOthersTime":0,"mRunTime":2400,"mStartTime":39600000,"mTimeUnit":600000,"mWalkTime":96715,"runStep":6,"walkStep":145},{"distance":82.92,"mCalorie":3.61,"mOthersTime":0,"mRunTime":0,"mStartTime":40200000,"mTimeUnit":600000,"mWalkTime":71369,"runStep":0,"walkStep":107},{"distance":101.5,"mCalorie":4.8500004,"mOthersTime":0,"mRunTime":400,"mStartTime":40800000,"mTimeUnit":600000,"mWalkTime":88044,"runStep":1,"walkStep":132},{"distance":19.67,"mCalorie":0.9,"mOthersTime":0,"mRunTime":0,"mStartTime":41400000,"mTimeUnit":600000,"mWalkTime":16675,"runStep":0,"walkStep":25},{"distance":19.57,"mCalorie":0.92,"mOthersTime":0,"mRunTime":1200,"mStartTime":42000000,"mTimeUnit":600000,"mWalkTime":14007,"runStep":3,"walkStep":21},{"distance":17.59,"mCalorie":0.83,"mOthersTime":0,"mRunTime":0,"mStartTime":42600000,"mTimeUnit":600000,"mWalkTime":16008,"runStep":0,"walkStep":24},{"distance":67.229996,"mCalorie":4.13,"mOthersTime":0,"mRunTime":7600,"mStartTime":43200000,"mTimeUnit":600000,"mWalkTime":42021,"runStep":19,"walkStep":63},{"distance":7.5299997,"mCalorie":0.35,"mOthersTime":0,"mRunTime":0,"mStartTime":43800000,"mTimeUnit":600000,"mWalkTime":6670,"runStep":0,"walkStep":10},{"distance":7.8,"mCalorie":0.38,"mOthersTime":0,"mRunTime":0,"mStartTime":45000000,"mTimeUnit":600000,"mWalkTime":7337,"runStep":0,"walkStep":11},{"distance":113.7,"mCalorie":5.8099995,"mOthersTime":0,"mRunTime":1200,"mStartTime":45600000,"mTimeUnit":600000,"mWalkTime":96715,"runStep":3,"walkStep":145},{"distance":246.6,"mCalorie":13.920001,"mOthersTime":0,"mRunTime":1200,"mStartTime":46200000,"mTimeUnit":600000,"mWalkTime":218109,"runStep":3,"walkStep":327},{"distance":116.65999,"mCalorie":7.109999,"mOthersTime":0,"mRunTime":0,"mStartTime":46800000,"mTimeUnit":600000,"mWalkTime":112056,"runStep":0,"walkStep":168},{"distance":126.93,"mCalorie":7.1,"mOthersTime":0,"mRunTime":400,"mStartTime":48000000,"mTimeUnit":600000,"mWalkTime":114057,"runStep":1,"walkStep":171},{"distance":36.75,"mCalorie":1.94,"mOthersTime":0,"mRunTime":0,"mStartTime":49200000,"mTimeUnit":600000,"mWalkTime":34017,"runStep":0,"walkStep":51},{"distance":270.92,"mCalorie":15.79,"mOthersTime":0,"mRunTime":0,"mStartTime":49800000,"mTimeUnit":600000,"mWalkTime":254794,"runStep":0,"walkStep":382},{"distance":81.28999,"mCalorie":4.04,"mOthersTime":0,"mRunTime":0,"mStartTime":50400000,"mTimeUnit":600000,"mWalkTime":74037,"runStep":0,"walkStep":111},{"distance":113.26999,"mCalorie":6.03,"mOthersTime":0,"mRunTime":0,"mStartTime":51000000,"mTimeUnit":600000,"mWalkTime":105386,"runStep":0,"walkStep":158},{"distance":50.82,"mCalorie":2.65,"mOthersTime":0,"mRunTime":0,"mStartTime":51600000,"mTimeUnit":600000,"mWalkTime":47357,"runStep":0,"walkStep":71},{"distance":141.92,"mCalorie":7.0499997,"mOthersTime":0,"mRunTime":800,"mStartTime":52200000,"mTimeUnit":600000,"mWalkTime":124062,"runStep":2,"walkStep":186},{"distance":44.53218,"mCalorie":27.93193,"mOthersTime":259005,"mRunTime":0,"mStartTime":52800000,"mTimeUnit":600000,"mWalkTime":38818,"runStep":0,"walkStep":127},{"distance":0.0,"mCalorie":59.81307,"mOthersTime":600000,"mRunTime":0,"mStartTime":53400000,"mTimeUnit":600000,"mWalkTime":0,"runStep":11,"walkStep":121},{"distance":65.39731,"mCalorie":8.831817,"mOthersTime":53839,"mRunTime":400,"mStartTime":54000000,"mTimeUnit":600000,"mWalkTime":57859,"runStep":1,"walkStep":102},{"distance":62.90397,"mCalorie":77.187164,"mOthersTime":442974,"mRunTime":3200,"mStartTime":54600000,"mTimeUnit":600000,"mWalkTime":47855,"runStep":8,"walkStep":520},{"distance":38.45269,"mCalorie":46.245102,"mOthersTime":267586,"mRunTime":0,"mStartTime":55200000,"mTimeUnit":600000,"mWalkTime":32959,"runStep":0,"walkStep":362},{"distance":84.88,"mCalorie":4.06,"mOthersTime":0,"mRunTime":0,"mStartTime":55800000,"mTimeUnit":600000,"mWalkTime":76038,"runStep":0,"walkStep":114},{"distance":213.57,"mCalorie":11.98,"mOthersTime":0,"mRunTime":3600,"mStartTime":56400000,"mTimeUnit":600000,"mWalkTime":190095,"runStep":9,"walkStep":285},{"distance":166.18,"mCalorie":8.71,"mOthersTime":0,"mRunTime":3600,"mStartTime":57000000,"mTimeUnit":600000,"mWalkTime":139403,"runStep":9,"walkStep":209},{"distance":36.73,"mCalorie":1.76,"mOthersTime":0,"mRunTime":0,"mStartTime":57600000,"mTimeUnit":600000,"mWalkTime":32016,"runStep":0,"walkStep":48},{"distance":31.79,"mCalorie":1.64,"mOthersTime":0,"mRunTime":0,"mStartTime":58200000,"mTimeUnit":600000,"mWalkTime":29348,"runStep":0,"walkStep":44},{"distance":26.98,"mCalorie":1.36,"mOthersTime":0,"mRunTime":0,"mStartTime":61800000,"mTimeUnit":600000,"mWalkTime":24012,"runStep":0,"walkStep":36},{"distance":27.7,"mCalorie":1.3499999,"mOthersTime":0,"mRunTime":400,"mStartTime":63000000,"mTimeUnit":600000,"mWalkTime":24012,"runStep":1,"walkStep":36},{"distance":18.18,"mCalorie":0.95,"mOthersTime":0,"mRunTime":0,"mStartTime":63600000,"mTimeUnit":600000,"mWalkTime":16675,"runStep":0,"walkStep":25},{"distance":87.121,"mCalorie":4.15,"mOthersTime":0,"mRunTime":400,"mStartTime":64200000,"mTimeUnit":600000,"mWalkTime":73370,"runStep":1,"walkStep":110},{"distance":146.43001,"mCalorie":7.1800003,"mOthersTime":0,"mRunTime":400,"mStartTime":64800000,"mTimeUnit":600000,"mWalkTime":128064,"runStep":1,"walkStep":192},{"distance":14.85,"mCalorie":0.69,"mOthersTime":0,"mRunTime":0,"mStartTime":65400000,"mTimeUnit":600000,"mWalkTime":13340,"runStep":0,"walkStep":20},{"distance":8.81,"mCalorie":0.57,"mOthersTime":0,"mRunTime":0,"mStartTime":66600000,"mTimeUnit":600000,"mWalkTime":8671,"runStep":0,"walkStep":13},{"distance":25.66,"mCalorie":1.29,"mOthersTime":0,"mRunTime":0,"mStartTime":67200000,"mTimeUnit":600000,"mWalkTime":22678,"runStep":0,"walkStep":34},{"distance":71.229996,"mCalorie":3.6600003,"mOthersTime":0,"mRunTime":400,"mStartTime":70800000,"mTimeUnit":600000,"mWalkTime":62698,"runStep":1,"walkStep":94},{"distance":277.98898,"mCalorie":15.039999,"mOthersTime":0,"mRunTime":0,"mStartTime":71400000,"mTimeUnit":600000,"mWalkTime":260130,"runStep":0,"walkStep":390},{"distance":248.04002,"mCalorie":13.079999,"mOthersTime":0,"mRunTime":0,"mStartTime":72000000,"mTimeUnit":600000,"mWalkTime":206043,"runStep":0,"walkStep":348},{"distance":90.45999,"mCalorie":4.7599998,"mOthersTime":0,"mRunTime":0,"mStartTime":72600000,"mTimeUnit":600000,"mWalkTime":83375,"runStep":0,"walkStep":125},{"distance":41.95,"mCalorie":1.94,"mOthersTime":0,"mRunTime":0,"mStartTime":73200000,"mTimeUnit":600000,"mWalkTime":37352,"runStep":0,"walkStep":56},{"distance":25.16,"mCalorie":1.26,"mOthersTime":0,"mRunTime":0,"mStartTime":74400000,"mTimeUnit":600000,"mWalkTime":22678,"runStep":0,"walkStep":34},{"distance":482.86633,"mCalorie":46.588413,"mOthersTime":0,"mRunTime":0,"mStartTime":75600000,"mTimeUnit":600000,"mWalkTime":472218,"runStep":0,"walkStep":740},{"distance":604.2075,"mCalorie":63.093513,"mOthersTime":0,"mRunTime":0,"mStartTime":76200000,"mTimeUnit":600000,"mWalkTime":600000,"runStep":0,"walkStep":839},{"distance":518.431,"mCalorie":53.866028,"mOthersTime":0,"mRunTime":0,"mStartTime":76800000,"mTimeUnit":600000,"mWalkTime":514507,"runStep":0,"walkStep":626},{"distance":64.14,"mCalorie":3.0700002,"mOthersTime":0,"mRunTime":0,"mStartTime":78600000,"mTimeUnit":600000,"mWalkTime":56695,"runStep":0,"walkStep":85},{"distance":114.299995,"mCalorie":5.8199997,"mOthersTime":0,"mRunTime":0,"mStartTime":80400000,"mTimeUnit":600000,"mWalkTime":104719,"runStep":0,"walkStep":157},{"distance":141.211,"mCalorie":7.29,"mOthersTime":0,"mRunTime":0,"mStartTime":81000000,"mTimeUnit":600000,"mWalkTime":131399,"runStep":0,"walkStep":197},{"distance":83.09,"mCalorie":4.3500004,"mOthersTime":0,"mRunTime":0,"mStartTime":81600000,"mTimeUnit":600000,"mWalkTime":74704,"runStep":0,"walkStep":112}],"version":1}