{"mActivityList":[{"mActiveTime":600000,"mActiveTimeType":2,"mCalorie":69.14,"mCategory":204,"mDetailInfoId":"14ccf7a7-5185-3f4f-e036-a21b517b53c2","mDistance":0.0,"mDuration":600000,"mEndTime":58215044,"mStartTime":57615044,"mType":11007}],"mAdaptiveGoal":0,"mIsGoalAchieved":false,"mIsMostActiveAchieved":false,"mMostActiveMinutes":0,"mStreakDayCount":0,"mUnitDataList":[{"distance":10.42,"mCalorie":0.44,"mOthersTime":0,"mRunTime":0,"mStartTime":11400000,"mTimeUnit":600000,"mWalkTime":9338,"runStep":0,"walkStep":14},{"distance":11.059999,"mCalorie":0.52,"mOthersTime":0,"mRunTime":0,"mStartTime":12000000,"mTimeUnit":600000,"mWalkTime":10005,"runStep":0,"walkStep":15},{"distance":15.28,"mCalorie":0.73,"mOthersTime":0,"mRunTime":0,"mStartTime":17400000,"mTimeUnit":600000,"mWalkTime":13340,"runStep":0,"walkStep":20},{"distance":12.28,"mCalorie":0.52,"mOthersTime":0,"mRunTime":0,"mStartTime":33600000,"mTimeUnit":600000,"mWalkTime":10672,"runStep":0,"walkStep":16},{"distance":18.96,"mCalorie":0.95,"mOthersTime":0,"mRunTime":0,"mStartTime":34200000,"mTimeUnit":600000,"mWalkTime":17342,"runStep":0,"walkStep":26},{"distance":22.400002,"mCalorie":1.05,"mOthersTime":0,"mRunTime":0,"mStartTime":36600000,"mTimeUnit":600000,"mWalkTime":20010,"runStep":0,"walkStep":30},{"distance":76.55,"mCalorie":3.9399998,"mOthersTime":0,"mRunTime":0,"mStartTime":37200000,"mTimeUnit":600000,"mWalkTime":70035,"runStep":0,"walkStep":105},{"distance":36.88,"mCalorie":1.96,"mOthersTime":0,"mRunTime":0,"mStartTime":37800000,"mTimeUnit":600000,"mWalkTime":32016,"runStep":0,"walkStep":48},{"distance":141.87001,"mCalorie":7.1400003,"mOthersTime":0,"mRunTime":0,"mStartTime":38400000,"mTimeUnit":600000,"mWalkTime":127397,"runStep":0,"walkStep":191},{"distance":112.880005,"mCalorie":5.9999995,"mOthersTime":0,"mRunTime":0,"mStartTime":39000000,"mTimeUnit":600000,"mWalkTime":104052,"runStep":0,"walkStep":156},{"distance":43.230003,"mCalorie":2.1399999,"mOthersTime":0,"mRunTime":0,"mStartTime":39600000,"mTimeUnit":600000,"mWalkTime":39353,"runStep":0,"walkStep":59},{"distance":6.79,"mCalorie":0.33,"mOthersTime":0,"mRunTime":0,"mStartTime":40200000,"mTimeUnit":600000,"mWalkTime":6003,"runStep":0,"walkStep":9},{"distance":4.26,"mCalorie":0.22,"mOthersTime":0,"mRunTime":0,"mStartTime":42000000,"mTimeUnit":600000,"mWalkTime":4002,"runStep":0,"walkStep":6},{"distance":8.44,"mCalorie":0.37,"mOthersTime":0,"mRunTime":0,"mStartTime":46200000,"mTimeUnit":600000,"mWalkTime":7337,"runStep":0,"walkStep":11},{"distance":57.2,"mCalorie":3.46,"mOthersTime":0,"mRunTime":6800,"mStartTime":46800000,"mTimeUnit":600000,"mWalkTime":34017,"runStep":17,"walkStep":51},{"distance":31.84,"mCalorie":1.65,"mOthersTime":0,"mRunTime":0,"mStartTime":47400000,"mTimeUnit":600000,"mWalkTime":29348,"runStep":0,"walkStep":44},{"distance":9.51,"mCalorie":0.54,"mOthersTime":0,"mRunTime":0,"mStartTime":48000000,"mTimeUnit":600000,"mWalkTime":7337,"runStep":0,"walkStep":11},{"distance":8.19,"mCalorie":0.43,"mOthersTime":0,"mRunTime":0,"mStartTime":49200000,"mTimeUnit":600000,"mWalkTime":8004,"runStep":0,"walkStep":12},{"distance":41.26,"mCalorie":2.0,"mOthersTime":0,"mRunTime":0,"mStartTime":51000000,"mTimeUnit":600000,"mWalkTime":36685,"runStep":0,"walkStep":55},{"distance":365.6,"mCalorie":19.550001,"mOthersTime":0,"mRunTime":0,"mStartTime":51600000,"mTimeUnit":600000,"mWalkTime":344172,"runStep":0,"walkStep":516},{"distance":507.44,"mCalorie":27.529999,"mOthersTime":0,"mRunTime":0,"mStartTime":52200000,"mTimeUnit":600000,"mWalkTime":435431,"runStep":0,"walkStep":691},{"distance":166.2,"mCalorie":8.3,"mOthersTime":0,"mRunTime":0,"mStartTime":52800000,"mTimeUnit":600000,"mWalkTime":150075,"runStep":0,"walkStep":225},{"distance":8.14,"mCalorie":0.36,"mOthersTime":0,"mRunTime":0,"mStartTime":54600000,"mTimeUnit":600000,"mWalkTime":7337,"runStep":0,"walkStep":11},{"distance":64.18,"mCalorie":3.23,"mOthersTime":0,"mRunTime":0,"mStartTime":55200000,"mTimeUnit":600000,"mWalkTime":62031,"runStep":0,"walkStep":93},{"distance":115.14,"mCalorie":6.2,"mOthersTime":0,"mRunTime":0,"mStartTime":55800000,"mTimeUnit":600000,"mWalkTime":106053,"runStep":0,"walkStep":159},{"distance":28.97,"mCalorie":1.3699999,"mOthersTime":0,"mRunTime":0,"mStartTime":57000000,"mTimeUnit":600000,"mWalkTime":26013,"runStep":0,"walkStep":39},{"distance":6.877616,"mCalorie":67.775,"mOthersTime":584956,"mRunTime":0,"mStartTime":57600000,"mTimeUnit":600000,"mWalkTime":6355,"runStep":2,"walkStep":387},{"distance":51.97,"mCalorie":4.4535704,"mOthersTime":15044,"mRunTime":0,"mStartTime":58200000,"mTimeUnit":600000,"mWalkTime":48024,"runStep":0,"walkStep":72},{"distance":20.59,"mCalorie":0.86,"mOthersTime":0,"mRunTime":0,"mStartTime":58800000,"mTimeUnit":600000,"mWalkTime":18009,"runStep":0,"walkStep":27},{"distance":106.209984,"mCalorie":5.62,"mOthersTime":0,"mRunTime":400,"mStartTime":59400000,"mTimeUnit":600000,"mWalkTime":94047,"runStep":1,"walkStep":141},{"distance":9.18,"mCalorie":0.33,"mOthersTime":0,"mRunTime":400,"mStartTime":60000000,"mTimeUnit":600000,"mWalkTime":6670,"runStep":1,"walkStep":10},{"distance":57.949997,"mCalorie":2.7399998,"mOthersTime":0,"mRunTime":0,"mStartTime":60600000,"mTimeUnit":600000,"mWalkTime":51359,"runStep":0,"walkStep":77},{"distance":5.61,"mCalorie":0.3,"mOthersTime":0,"mRunTime":0,"mStartTime":61200000,"mTimeUnit":600000,"mWalkTime":5336,"runStep":0,"walkStep":8},{"distance":45.03,"mCalorie":2.08,"mOthersTime":0,"mRunTime":0,"mStartTime":61800000,"mTimeUnit":600000,"mWalkTime":40687,"runStep":0,"walkStep":61},{"distance":25.25,"mCalorie":1.28,"mOthersTime":0,"mRunTime":0,"mStartTime":62400000,"mTimeUnit":600000,"mWalkTime":23345,"runStep":0,"walkStep":35},{"distance":21.210001,"mCalorie":1.16,"mOthersTime":0,"mRunTime":0,"mStartTime":63600000,"mTimeUnit":600000,"mWalkTime":19343,"runStep":0,"walkStep":29},{"distance":18.029999,"mCalorie":0.89,"mOthersTime":0,"mRunTime":0,"mStartTime":67200000,"mTimeUnit":600000,"mWalkTime":15341,"runStep":0,"walkStep":23},{"distance":4.68,"mCalorie":0.21,"mOthersTime":0,"mRunTime":0,"mStartTime":67800000,"mTimeUnit":600000,"mWalkTime":4002,"runStep":0,"walkStep":6},{"distance":34.05,"mCalorie":1.74,"mOthersTime":0,"mRunTime":0,"mStartTime":69000000,"mTimeUnit":600000,"mWalkTime":30682,"runStep":0,"walkStep":46},{"distance":71.020004,"mCalorie":3.46,"mOthersTime":0,"mRunTime":1200,"mStartTime":73800000,"mTimeUnit":600000,"mWalkTime":58029,"runStep":3,"walkStep":87},{"distance":110.15,"mCalorie":5.62,"mOthersTime":0,"mRunTime":0,"mStartTime":74400000,"mTimeUnit":600000,"mWalkTime":100717,"runStep":0,"walkStep":151},{"distance":17.12,"mCalorie":0.83,"mOthersTime":0,"mRunTime":0,"mStartTime":75000000,"mTimeUnit":600000,"mWalkTime":16008,"runStep":0,"walkStep":24},{"distance":10.04,"mCalorie":0.4,"mOthersTime":0,"mRunTime":0,"mStartTime":76200000,"mTimeUnit":600000,"mWalkTime":8671,"runStep":0,"walkStep":13},{"distance":27.57,"mCalorie":1.59,"mOthersTime":0,"mRunTime":1200,"mStartTime":76800000,"mTimeUnit":600000,"mWalkTime":20677,"runStep":3,"walkStep":31},{"distance":34.27,"mCalorie":1.74,"mOthersTime":0,"mRunTime":0,"mStartTime":79800000,"mTimeUnit":600000,"mWalkTime":31349,"runStep":0,"walkStep":47},{"distance":18.85,"mCalorie":0.96000004,"mOthersTime":0,"mRunTime":0,"mStartTime":80400000,"mTimeUnit":600000,"mWalkTime":17342,"runStep":0,"walkStep":26},{"distance":67.0,"mCalorie":3.44,"mOthersTime":0,"mRunTime":800,"mStartTime":83400000,"mTimeUnit":600000,"mWalkTime":58696,"runStep":2,"walkStep":88}],"version":1}