{"mActivityList":[{"mActiveTime":600000,"mActiveTimeType":2,"mCalorie":66.77,"mCategory":204,"mDetailInfoId":"0c29790b-0c1d-b426-2066-f71153c38bff","mDistance":0.0,"mDuration":600000,"mEndTime":43725131,"mStartTime":43125131,"mType":11007}],"mAdaptiveGoal":0,"mIsGoalAchieved":false,"mIsMostActiveAchieved":false,"mMostActiveMinutes":0,"mStreakDayCount":0,"mUnitDataList":[{"distance":28.18,"mCalorie":1.96,"mOthersTime":0,"mRunTime":5200,"mStartTime":7800000,"mTimeUnit":600000,"mWalkTime":15341,"runStep":13,"walkStep":23},{"distance":72.32001,"mCalorie":3.8400002,"mOthersTime":0,"mRunTime":1200,"mStartTime":15000000,"mTimeUnit":600000,"mWalkTime":61364,"runStep":3,"walkStep":92},{"distance":28.279999,"mCalorie":1.37,"mOthersTime":0,"mRunTime":0,"mStartTime":15600000,"mTimeUnit":600000,"mWalkTime":26013,"runStep":0,"walkStep":39},{"distance":62.449997,"mCalorie":3.1599998,"mOthersTime":0,"mRunTime":0,"mStartTime":16200000,"mTimeUnit":600000,"mWalkTime":56028,"runStep":0,"walkStep":84},{"distance":9.2,"mCalorie":0.4,"mOthersTime":0,"mRunTime":0,"mStartTime":17400000,"mTimeUnit":600000,"mWalkTime":8004,"runStep":0,"walkStep":12},{"distance":88.42,"mCalorie":4.78,"mOthersTime":0,"mRunTime":400,"mStartTime":18000000,"mTimeUnit":600000,"mWalkTime":80707,"runStep":1,"walkStep":121},{"distance":60.65,"mCalorie":3.13,"mOthersTime":0,"mRunTime":0,"mStartTime":18600000,"mTimeUnit":600000,"mWalkTime":53360,"runStep":0,"walkStep":80},{"distance":25.11,"mCalorie":1.17,"mOthersTime":0,"mRunTime":0,"mStartTime":19200000,"mTimeUnit":600000,"mWalkTime":23345,"runStep":0,"walkStep":35},{"distance":44.36,"mCalorie":2.26,"mOthersTime":0,"mRunTime":0,"mStartTime":31200000,"mTimeUnit":600000,"mWalkTime":40687,"runStep":0,"walkStep":61},{"distance":46.74,"mCalorie":2.4499998,"mOthersTime":0,"mRunTime":3200,"mStartTime":31800000,"mTimeUnit":600000,"mWalkTime":35351,"runStep":8,"walkStep":53},{"distance":96.130005,"mCalorie":6.23,"mOthersTime":0,"mRunTime":0,"mStartTime":32400000,"mTimeUnit":600000,"mWalkTime":98049,"runStep":0,"walkStep":147},{"distance":23.45,"mCalorie":1.13,"mOthersTime":0,"mRunTime":0,"mStartTime":33000000,"mTimeUnit":600000,"mWalkTime":21344,"runStep":0,"walkStep":32},{"distance":7.66,"mCalorie":0.34,"mOthersTime":0,"mRunTime":0,"mStartTime":34200000,"mTimeUnit":600000,"mWalkTime":6670,"runStep":0,"walkStep":10},{"distance":17.7,"mCalorie":0.88,"mOthersTime":0,"mRunTime":0,"mStartTime":34800000,"mTimeUnit":600000,"mWalkTime":14674,"runStep":0,"walkStep":22},{"distance":21.64,"mCalorie":1.33,"mOthersTime":0,"mRunTime":2400,"mStartTime":35400000,"mTimeUnit":600000,"mWalkTime":13340,"runStep":6,"walkStep":20},{"distance":57.490005,"mCalorie":2.77,"mOthersTime":0,"mRunTime":0,"mStartTime":36000000,"mTimeUnit":600000,"mWalkTime":52026,"runStep":0,"walkStep":78},{"distance":119.759,"mCalorie":5.75,"mOthersTime":0,"mRunTime":0,"mStartTime":36600000,"mTimeUnit":600000,"mWalkTime":107387,"runStep":0,"walkStep":161},{"distance":99.701,"mCalorie":5.06,"mOthersTime":0,"mRunTime":0,"mStartTime":37200000,"mTimeUnit":600000,"mWalkTime":90712,"runStep":0,"walkStep":136},{"distance":49.579002,"mCalorie":2.48,"mOthersTime":0,"mRunTime":400,"mStartTime":37800000,"mTimeUnit":600000,"mWalkTime":42688,"runStep":1,"walkStep":64},{"distance":21.94,"mCalorie":1.33,"mOthersTime":0,"mRunTime":2400,"mStartTime":38400000,"mTimeUnit":600000,"mWalkTime":13340,"runStep":6,"walkStep":20},{"distance":133.26999,"mCalorie":7.61,"mOthersTime":0,"mRunTime":0,"mStartTime":39600000,"mTimeUnit":600000,"mWalkTime":134067,"runStep":0,"walkStep":201},{"distance":222.03998,"mCalorie":12.67,"mOthersTime":0,"mRunTime":0,"mStartTime":40200000,"mTimeUnit":600000,"mWalkTime":208104,"runStep":0,"walkStep":312},{"distance":17.99,"mCalorie":1.25,"mOthersTime":0,"mRunTime":0,"mStartTime":41400000,"mTimeUnit":600000,"mWalkTime":17342,"runStep":0,"walkStep":26},{"distance":278.89398,"mCalorie":13.799999,"mOthersTime":0,"mRunTime":3200,"mStartTime":42000000,"mTimeUnit":600000,"mWalkTime":240787,"runStep":8,"walkStep":361},{"distance":260.42575,"mCalorie":28.765865,"mOthersTime":74869,"mRunTime":0,"mStartTime":42600000,"mTimeUnit":600000,"mWalkTime":252697,"runStep":0,"walkStep":448},{"distance":26.770973,"mCalorie":59.782528,"mOthersTime":525131,"mRunTime":0,"mStartTime":43200000,"mTimeUnit":600000,"mWalkTime":25110,"runStep":0,"walkStep":310},{"distance":41.98,"mCalorie":2.24,"mOthersTime":0,"mRunTime":0,"mStartTime":43800000,"mTimeUnit":600000,"mWalkTime":38686,"runStep":0,"walkStep":58},{"distance":19.14,"mCalorie":0.95,"mOthersTime":0,"mRunTime":0,"mStartTime":44400000,"mTimeUnit":600000,"mWalkTime":17342,"runStep":0,"walkStep":26},{"distance":6.96,"mCalorie":0.35,"mOthersTime":0,"mRunTime":0,"mStartTime":45000000,"mTimeUnit":600000,"mWalkTime":6670,"runStep":0,"walkStep":10},{"distance":13.52,"mCalorie":0.65999997,"mOthersTime":0,"mRunTime":0,"mStartTime":45600000,"mTimeUnit":600000,"mWalkTime":12673,"runStep":0,"walkStep":19},{"distance":153.26,"mCalorie":8.05,"mOthersTime":0,"mRunTime":0,"mStartTime":46200000,"mTimeUnit":600000,"mWalkTime":140070,"runStep":0,"walkStep":210},{"distance":184.85,"mCalorie":10.44,"mOthersTime":0,"mRunTime":800,"mStartTime":46800000,"mTimeUnit":600000,"mWalkTime":168084,"runStep":2,"walkStep":252},{"distance":131.431,"mCalorie":6.5699997,"mOthersTime":0,"mRunTime":0,"mStartTime":47400000,"mTimeUnit":600000,"mWalkTime":120727,"runStep":0,"walkStep":181},{"distance":41.199997,"mCalorie":2.17,"mOthersTime":0,"mRunTime":0,"mStartTime":48000000,"mTimeUnit":600000,"mWalkTime":38019,"runStep":0,"walkStep":57},{"distance":225.70001,"mCalorie":12.33,"mOthersTime":0,"mRunTime":0,"mStartTime":49200000,"mTimeUnit":600000,"mWalkTime":206740,"runStep":0,"walkStep":311},{"distance":148.63,"mCalorie":7.4900002,"mOthersTime":0,"mRunTime":0,"mStartTime":49800000,"mTimeUnit":600000,"mWalkTime":134037,"runStep":0,"walkStep":202},{"distance":7.33,"mCalorie":0.36,"mOthersTime":0,"mRunTime":0,"mStartTime":52800000,"mTimeUnit":600000,"mWalkTime":6670,"runStep":0,"walkStep":10},{"distance":363.97995,"mCalorie":18.54,"mOthersTime":0,"mRunTime":0,"mStartTime":53400000,"mTimeUnit":600000,"mWalkTime":312096,"runStep":0,"walkStep":490},{"distance":127.00001,"mCalorie":6.63,"mOthersTime":0,"mRunTime":0,"mStartTime":54000000,"mTimeUnit":600000,"mWalkTime":116058,"runStep":0,"walkStep":174},{"distance":117.772,"mCalorie":6.19,"mOthersTime":0,"mRunTime":0,"mStartTime":54600000,"mTimeUnit":600000,"mWalkTime":108721,"runStep":0,"walkStep":163},{"distance":31.32,"mCalorie":1.44,"mOthersTime":0,"mRunTime":0,"mStartTime":55200000,"mTimeUnit":600000,"mWalkTime":27347,"runStep":0,"walkStep":41},{"distance":67.289,"mCalorie":3.6999998,"mOthersTime":0,"mRunTime":6000,"mStartTime":55800000,"mTimeUnit":600000,"mWalkTime":44689,"runStep":15,"walkStep":67},{"distance":67.162,"mCalorie":3.26,"mOthersTime":0,"mRunTime":0,"mStartTime":56400000,"mTimeUnit":600000,"mWalkTime":60697,"runStep":0,"walkStep":91},{"distance":144.02899,"mCalorie":7.2299995,"mOthersTime":0,"mRunTime":1200,"mStartTime":57000000,"mTimeUnit":600000,"mWalkTime":128064,"runStep":3,"walkStep":192},{"distance":186.0,"mCalorie":8.79,"mOthersTime":0,"mRunTime":0,"mStartTime":57600000,"mTimeUnit":600000,"mWalkTime":168084,"runStep":0,"walkStep":252},{"distance":79.7,"mCalorie":3.79,"mOthersTime":0,"mRunTime":0,"mStartTime":58200000,"mTimeUnit":600000,"mWalkTime":70702,"runStep":0,"walkStep":106},{"distance":87.651,"mCalorie":6.7200003,"mOthersTime":0,"mRunTime":21600,"mStartTime":58800000,"mTimeUnit":600000,"mWalkTime":41354,"runStep":54,"walkStep":62},{"distance":214.04999,"mCalorie":9.35,"mOthersTime":0,"mRunTime":0,"mStartTime":59400000,"mTimeUnit":600000,"mWalkTime":186093,"runStep":0,"walkStep":279},{"distance":21.7,"mCalorie":1.05,"mOthersTime":0,"mRunTime":0,"mStartTime":60000000,"mTimeUnit":600000,"mWalkTime":19343,"runStep":0,"walkStep":29},{"distance":221.45999,"mCalorie":10.22,"mOthersTime":0,"mRunTime":0,"mStartTime":60600000,"mTimeUnit":600000,"mWalkTime":180727,"runStep":0,"walkStep":291},{"distance":192.063,"mCalorie":9.47,"mOthersTime":0,"mRunTime":800,"mStartTime":61200000,"mTimeUnit":600000,"mWalkTime":172086,"runStep":2,"walkStep":258},{"distance":53.371,"mCalorie":2.58,"mOthersTime":0,"mRunTime":0,"mStartTime":61800000,"mTimeUnit":600000,"mWalkTime":48691,"runStep":0,"walkStep":73},{"distance":23.079,"mCalorie":1.14,"mOthersTime":0,"mRunTime":400,"mStartTime":62400000,"mTimeUnit":600000,"mWalkTime":17342,"runStep":1,"walkStep":26},{"distance":39.769997,"mCalorie":1.79,"mOthersTime":0,"mRunTime":0,"mStartTime":63000000,"mTimeUnit":600000,"mWalkTime":35351,"runStep":0,"walkStep":53},{"distance":39.192,"mCalorie":2.079,"mOthersTime":0,"mRunTime":2400,"mStartTime":63600000,"mTimeUnit":600000,"mWalkTime":28681,"runStep":6,"walkStep":43},{"distance":7.52,"mCalorie":0.4,"mOthersTime":0,"mRunTime":0,"mStartTime":64200000,"mTimeUnit":600000,"mWalkTime":7337,"runStep":0,"walkStep":11},{"distance":35.33,"mCalorie":1.8199999,"mOthersTime":0,"mRunTime":0,"mStartTime":64800000,"mTimeUnit":600000,"mWalkTime":33350,"runStep":0,"walkStep":50},{"distance":18.27,"mCalorie":0.94,"mOthersTime":0,"mRunTime":0,"mStartTime":66000000,"mTimeUnit":600000,"mWalkTime":16675,"runStep":0,"walkStep":25},{"distance":31.78,"mCalorie":1.52,"mOthersTime":0,"mRunTime":0,"mStartTime":66600000,"mTimeUnit":600000,"mWalkTime":26680,"runStep":0,"walkStep":40},{"distance":17.02,"mCalorie":0.95,"mOthersTime":0,"mRunTime":0,"mStartTime":67200000,"mTimeUnit":600000,"mWalkTime":16675,"runStep":0,"walkStep":25},{"distance":10.38,"mCalorie":0.48,"mOthersTime":0,"mRunTime":0,"mStartTime":67800000,"mTimeUnit":600000,"mWalkTime":9338,"runStep":0,"walkStep":14},{"distance":7.76,"mCalorie":0.28,"mOthersTime":0,"mRunTime":0,"mStartTime":68400000,"mTimeUnit":600000,"mWalkTime":6670,"runStep":0,"walkStep":10},{"distance":17.0,"mCalorie":0.76,"mOthersTime":0,"mRunTime":0,"mStartTime":69000000,"mTimeUnit":600000,"mWalkTime":15341,"runStep":0,"walkStep":23},{"distance":21.1,"mCalorie":0.97,"mOthersTime":0,"mRunTime":0,"mStartTime":69600000,"mTimeUnit":600000,"mWalkTime":17342,"runStep":0,"walkStep":26},{"distance":118.43,"mCalorie":5.88,"mOthersTime":0,"mRunTime":0,"mStartTime":70200000,"mTimeUnit":600000,"mWalkTime":106720,"runStep":0,"walkStep":160},{"distance":39.010002,"mCalorie":1.87,"mOthersTime":0,"mRunTime":0,"mStartTime":70800000,"mTimeUnit":600000,"mWalkTime":34684,"runStep":0,"walkStep":52},{"distance":213.65,"mCalorie":10.829997,"mOthersTime":0,"mRunTime":0,"mStartTime":71400000,"mTimeUnit":600000,"mWalkTime":183395,"runStep":0,"walkStep":290},{"distance":123.508995,"mCalorie":6.0909996,"mOthersTime":0,"mRunTime":0,"mStartTime":72000000,"mTimeUnit":600000,"mWalkTime":111389,"runStep":0,"walkStep":167},{"distance":180.172,"mCalorie":9.190001,"mOthersTime":0,"mRunTime":0,"mStartTime":72600000,"mTimeUnit":600000,"mWalkTime":164749,"runStep":0,"walkStep":247},{"distance":33.15,"mCalorie":1.51,"mOthersTime":0,"mRunTime":0,"mStartTime":73200000,"mTimeUnit":600000,"mWalkTime":29348,"runStep":0,"walkStep":44},{"distance":100.98,"mCalorie":5.13,"mOthersTime":0,"mRunTime":0,"mStartTime":73800000,"mTimeUnit":600000,"mWalkTime":91379,"runStep":0,"walkStep":137},{"distance":190.429,"mCalorie":9.429999,"mOthersTime":0,"mRunTime":1600,"mStartTime":74400000,"mTimeUnit":600000,"mWalkTime":166750,"runStep":4,"walkStep":250},{"distance":258.358,"mCalorie":12.799,"mOthersTime":0,"mRunTime":0,"mStartTime":75000000,"mTimeUnit":600000,"mWalkTime":223415,"runStep":0,"walkStep":348},{"distance":148.278,"mCalorie":7.62,"mOthersTime":0,"mRunTime":0,"mStartTime":75600000,"mTimeUnit":600000,"mWalkTime":121364,"runStep":0,"walkStep":199},{"distance":21.91,"mCalorie":1.14,"mOthersTime":0,"mRunTime":0,"mStartTime":76200000,"mTimeUnit":600000,"mWalkTime":20010,"runStep":0,"walkStep":30},{"distance":45.86,"mCalorie":2.32,"mOthersTime":0,"mRunTime":0,"mStartTime":76800000,"mTimeUnit":600000,"mWalkTime":41354,"runStep":0,"walkStep":62},{"distance":74.229996,"mCalorie":4.0200005,"mOthersTime":0,"mRunTime":1200,"mStartTime":77400000,"mTimeUnit":600000,"mWalkTime":63365,"runStep":3,"walkStep":95},{"distance":143.55,"mCalorie":7.07,"mOthersTime":0,"mRunTime":0,"mStartTime":78000000,"mTimeUnit":600000,"mWalkTime":120697,"runStep":0,"walkStep":191},{"distance":22.85,"mCalorie":1.13,"mOthersTime":0,"mRunTime":0,"mStartTime":78600000,"mTimeUnit":600000,"mWalkTime":20677,"runStep":0,"walkStep":31},{"distance":16.41,"mCalorie":0.79999995,"mOthersTime":0,"mRunTime":0,"mStartTime":79800000,"mTimeUnit":600000,"mWalkTime":14674,"runStep":0,"walkStep":22},{"distance":84.437,"mCalorie":4.39,"mOthersTime":0,"mRunTime":0,"mStartTime":80400000,"mTimeUnit":600000,"mWalkTime":80040,"runStep":0,"walkStep":120},{"distance":330.22,"mCalorie":16.029999,"mOthersTime":0,"mRunTime":0,"mStartTime":81000000,"mTimeUnit":600000,"mWalkTime":282688,"runStep":0,"walkStep":462},{"distance":140.541,"mCalorie":6.6489997,"mOthersTime":0,"mRunTime":1600,"mStartTime":81600000,"mTimeUnit":600000,"mWalkTime":110692,"runStep":4,"walkStep":182},{"distance":9.15,"mCalorie":0.49,"mOthersTime":0,"mRunTime":0,"mStartTime":83400000,"mTimeUnit":600000,"mWalkTime":8671,"runStep":0,"walkStep":13},{"distance":487.68198,"mCalorie":23.401,"mOthersTime":0,"mRunTime":0,"mStartTime":84000000,"mTimeUnit":600000,"mWalkTime":410722,"runStep":0,"walkStep":672},{"distance":75.751,"mCalorie":3.6100001,"mOthersTime":0,"mRunTime":0,"mStartTime":84600000,"mTimeUnit":600000,"mWalkTime":69368,"runStep":0,"walkStep":104}],"version":1}