{"mAdaptiveGoal":0,"mIsGoalAchieved":false,"mIsMostActiveAchieved":false,"mMostActiveMinutes":0,"mStreakDayCount":0,"mUnitDataList":[{"distance":8.3,"mCalorie":0.46,"mOthersTime":0,"mRunTime":0,"mStartTime":1800000,"mTimeUnit":600000,"mWalkTime":8004,"runStep":0,"walkStep":12},{"distance":8.08,"mCalorie":0.31,"mOthersTime":0,"mRunTime":0,"mStartTime":13200000,"mTimeUnit":600000,"mWalkTime":6670,"runStep":0,"walkStep":10},{"distance":8.52,"mCalorie":0.44,"mOthersTime":0,"mRunTime":0,"mStartTime":14400000,"mTimeUnit":600000,"mWalkTime":8004,"runStep":0,"walkStep":12},{"distance":7.25,"mCalorie":0.5,"mOthersTime":0,"mRunTime":0,"mStartTime":15600000,"mTimeUnit":600000,"mWalkTime":6670,"runStep":0,"walkStep":10},{"distance":16.8,"mCalorie":1.07,"mOthersTime":0,"mRunTime":3200,"mStartTime":16800000,"mTimeUnit":600000,"mWalkTime":6670,"runStep":8,"walkStep":10},{"distance":25.54,"mCalorie":1.1400001,"mOthersTime":0,"mRunTime":0,"mStartTime":17400000,"mTimeUnit":600000,"mWalkTime":22011,"runStep":0,"walkStep":33},{"distance":70.64,"mCalorie":3.56,"mOthersTime":0,"mRunTime":800,"mStartTime":18000000,"mTimeUnit":600000,"mWalkTime":60697,"runStep":2,"walkStep":91},{"distance":373.74097,"mCalorie":17.930002,"mOthersTime":0,"mRunTime":0,"mStartTime":18600000,"mTimeUnit":600000,"mWalkTime":314704,"runStep":0,"walkStep":513},{"distance":99.548996,"mCalorie":4.76,"mOthersTime":0,"mRunTime":0,"mStartTime":21000000,"mTimeUnit":600000,"mWalkTime":90712,"runStep":0,"walkStep":136},{"distance":328.068,"mCalorie":16.0,"mOthersTime":0,"mRunTime":0,"mStartTime":21600000,"mTimeUnit":600000,"mWalkTime":283415,"runStep":0,"walkStep":446},{"distance":45.15,"mCalorie":2.01,"mOthersTime":0,"mRunTime":0,"mStartTime":22200000,"mTimeUnit":600000,"mWalkTime":40020,"runStep":0,"walkStep":60},{"distance":60.42,"mCalorie":3.18,"mOthersTime":0,"mRunTime":0,"mStartTime":28800000,"mTimeUnit":600000,"mWalkTime":56028,"runStep":0,"walkStep":84},{"distance":10.030001,"mCalorie":0.48,"mOthersTime":0,"mRunTime":0,"mStartTime":39600000,"mTimeUnit":600000,"mWalkTime":9338,"runStep":0,"walkStep":14},{"distance":7.02,"mCalorie":0.38,"mOthersTime":0,"mRunTime":0,"mStartTime":42000000,"mTimeUnit":600000,"mWalkTime":6670,"runStep":0,"walkStep":10},{"distance":50.92,"mCalorie":2.6399999,"mOthersTime":0,"mRunTime":0,"mStartTime":42600000,"mTimeUnit":600000,"mWalkTime":47357,"runStep":0,"walkStep":71},{"distance":123.54001,"mCalorie":6.48,"mOthersTime":0,"mRunTime":0,"mStartTime":43200000,"mTimeUnit":600000,"mWalkTime":110055,"runStep":0,"walkStep":165},{"distance":10.91,"mCalorie":0.56,"mOthersTime":0,"mRunTime":0,"mStartTime":43800000,"mTimeUnit":600000,"mWalkTime":10005,"runStep":0,"walkStep":15},{"distance":183.38,"mCalorie":9.74,"mOthersTime":0,"mRunTime":0,"mStartTime":44400000,"mTimeUnit":600000,"mWalkTime":166083,"runStep":0,"walkStep":249},{"distance":407.09998,"mCalorie":21.309998,"mOthersTime":0,"mRunTime":0,"mStartTime":45600000,"mTimeUnit":600000,"mWalkTime":346750,"runStep":0,"walkStep":548},{"distance":74.96,"mCalorie":3.7600002,"mOthersTime":0,"mRunTime":0,"mStartTime":46200000,"mTimeUnit":600000,"mWalkTime":68034,"runStep":0,"walkStep":102},{"distance":34.27,"mCalorie":1.79,"mOthersTime":0,"mRunTime":0,"mStartTime":46800000,"mTimeUnit":600000,"mWalkTime":31349,"runStep":0,"walkStep":47},{"distance":13.159,"mCalorie":0.66,"mOthersTime":0,"mRunTime":0,"mStartTime":47400000,"mTimeUnit":600000,"mWalkTime":12006,"runStep":0,"walkStep":18},{"distance":8.17,"mCalorie":0.4,"mOthersTime":0,"mRunTime":0,"mStartTime":49800000,"mTimeUnit":600000,"mWalkTime":7337,"runStep":0,"walkStep":11},{"distance":128.88,"mCalorie":6.85,"mOthersTime":0,"mRunTime":0,"mStartTime":50400000,"mTimeUnit":600000,"mWalkTime":122728,"runStep":0,"walkStep":184},{"distance":58.489998,"mCalorie":2.8899999,"mOthersTime":0,"mRunTime":0,"mStartTime":51000000,"mTimeUnit":600000,"mWalkTime":52693,"runStep":0,"walkStep":79},{"distance":113.95,"mCalorie":6.16,"mOthersTime":0,"mRunTime":0,"mStartTime":52200000,"mTimeUnit":600000,"mWalkTime":105386,"runStep":0,"walkStep":158},{"distance":220.20001,"mCalorie":11.099999,"mOthersTime":0,"mRunTime":0,"mStartTime":52800000,"mTimeUnit":600000,"mWalkTime":182668,"runStep":0,"walkStep":298},{"distance":263.63,"mCalorie":13.64,"mOthersTime":0,"mRunTime":0,"mStartTime":53400000,"mTimeUnit":600000,"mWalkTime":231419,"runStep":0,"walkStep":358},{"distance":197.68001,"mCalorie":10.35,"mOthersTime":0,"mRunTime":0,"mStartTime":54000000,"mTimeUnit":600000,"mWalkTime":172056,"runStep":0,"walkStep":269},{"distance":47.61,"mCalorie":2.3,"mOthersTime":0,"mRunTime":0,"mStartTime":54600000,"mTimeUnit":600000,"mWalkTime":42688,"runStep":0,"walkStep":64},{"distance":20.949997,"mCalorie":1.04,"mOthersTime":0,"mRunTime":0,"mStartTime":55200000,"mTimeUnit":600000,"mWalkTime":18676,"runStep":0,"walkStep":28},{"distance":8.67,"mCalorie":0.44,"mOthersTime":0,"mRunTime":0,"mStartTime":57000000,"mTimeUnit":600000,"mWalkTime":8004,"runStep":0,"walkStep":12},{"distance":93.829994,"mCalorie":4.66,"mOthersTime":0,"mRunTime":2800,"mStartTime":57600000,"mTimeUnit":600000,"mWalkTime":76705,"runStep":7,"walkStep":115},{"distance":438.649,"mCalorie":22.499998,"mOthersTime":0,"mRunTime":0,"mStartTime":58200000,"mTimeUnit":600000,"mWalkTime":367427,"runStep":0,"walkStep":596},{"distance":98.72,"mCalorie":4.9100003,"mOthersTime":0,"mRunTime":0,"mStartTime":58800000,"mTimeUnit":600000,"mWalkTime":90712,"runStep":0,"walkStep":136},{"distance":235.45001,"mCalorie":12.22,"mOthersTime":0,"mRunTime":0,"mStartTime":59400000,"mTimeUnit":600000,"mWalkTime":214107,"runStep":0,"walkStep":321},{"distance":327.19998,"mCalorie":17.279999,"mOthersTime":0,"mRunTime":800,"mStartTime":60000000,"mTimeUnit":600000,"mWalkTime":274047,"runStep":2,"walkStep":436},{"distance":180.72,"mCalorie":9.5,"mOthersTime":0,"mRunTime":400,"mStartTime":60600000,"mTimeUnit":600000,"mWalkTime":178756,"runStep":1,"walkStep":268},{"distance":250.94899,"mCalorie":13.75,"mOthersTime":0,"mRunTime":0,"mStartTime":61200000,"mTimeUnit":600000,"mWalkTime":215381,"runStep":0,"walkStep":355},{"distance":144.30997,"mCalorie":7.469998,"mOthersTime":0,"mRunTime":0,"mStartTime":61800000,"mTimeUnit":600000,"mWalkTime":130732,"runStep":0,"walkStep":196},{"distance":52.469994,"mCalorie":2.6899998,"mOthersTime":0,"mRunTime":0,"mStartTime":62400000,"mTimeUnit":600000,"mWalkTime":48691,"runStep":0,"walkStep":73},{"distance":193.87,"mCalorie":10.129999,"mOthersTime":0,"mRunTime":0,"mStartTime":63600000,"mTimeUnit":600000,"mWalkTime":170722,"runStep":0,"walkStep":262},{"distance":240.4,"mCalorie":13.52,"mOthersTime":0,"mRunTime":0,"mStartTime":64200000,"mTimeUnit":600000,"mWalkTime":204042,"runStep":0,"walkStep":337},{"distance":40.540997,"mCalorie":2.15,"mOthersTime":0,"mRunTime":1600,"mStartTime":64800000,"mTimeUnit":600000,"mWalkTime":33350,"runStep":4,"walkStep":50},{"distance":81.020004,"mCalorie":4.17,"mOthersTime":0,"mRunTime":800,"mStartTime":65400000,"mTimeUnit":600000,"mWalkTime":69368,"runStep":2,"walkStep":104},{"distance":17.84,"mCalorie":0.90999997,"mOthersTime":0,"mRunTime":0,"mStartTime":66000000,"mTimeUnit":600000,"mWalkTime":16675,"runStep":0,"walkStep":25},{"distance":45.890003,"mCalorie":2.26,"mOthersTime":0,"mRunTime":0,"mStartTime":66600000,"mTimeUnit":600000,"mWalkTime":40687,"runStep":0,"walkStep":61},{"distance":35.92,"mCalorie":1.76,"mOthersTime":0,"mRunTime":0,"mStartTime":67200000,"mTimeUnit":600000,"mWalkTime":32683,"runStep":0,"walkStep":49},{"distance":8.93,"mCalorie":0.5,"mOthersTime":0,"mRunTime":0,"mStartTime":69000000,"mTimeUnit":600000,"mWalkTime":8671,"runStep":0,"walkStep":13},{"distance":39.04001,"mCalorie":1.9099995,"mOthersTime":0,"mRunTime":0,"mStartTime":69600000,"mTimeUnit":600000,"mWalkTime":34684,"runStep":0,"walkStep":52},{"distance":12.47,"mCalorie":0.62,"mOthersTime":0,"mRunTime":0,"mStartTime":70200000,"mTimeUnit":600000,"mWalkTime":11339,"runStep":0,"walkStep":17},{"distance":62.5,"mCalorie":3.37,"mOthersTime":0,"mRunTime":0,"mStartTime":70800000,"mTimeUnit":600000,"mWalkTime":58696,"runStep":0,"walkStep":88},{"distance":24.689999,"mCalorie":1.1600001,"mOthersTime":0,"mRunTime":0,"mStartTime":71400000,"mTimeUnit":600000,"mWalkTime":22011,"runStep":0,"walkStep":33},{"distance":18.78,"mCalorie":0.99,"mOthersTime":0,"mRunTime":0,"mStartTime":72000000,"mTimeUnit":600000,"mWalkTime":17342,"runStep":0,"walkStep":26},{"distance":137.76001,"mCalorie":7.9599996,"mOthersTime":0,"mRunTime":4000,"mStartTime":72600000,"mTimeUnit":600000,"mWalkTime":129398,"runStep":10,"walkStep":194},{"distance":191.20001,"mCalorie":8.74,"mOthersTime":0,"mRunTime":0,"mStartTime":73200000,"mTimeUnit":600000,"mWalkTime":147347,"runStep":0,"walkStep":253},{"distance":89.5,"mCalorie":4.63,"mOthersTime":0,"mRunTime":800,"mStartTime":73800000,"mTimeUnit":600000,"mWalkTime":79373,"runStep":2,"walkStep":119},{"distance":9.36,"mCalorie":0.42,"mOthersTime":0,"mRunTime":0,"mStartTime":74400000,"mTimeUnit":600000,"mWalkTime":8004,"runStep":0,"walkStep":12},{"distance":15.57,"mCalorie":0.69,"mOthersTime":0,"mRunTime":400,"mStartTime":75000000,"mTimeUnit":600000,"mWalkTime":12006,"runStep":1,"walkStep":18},{"distance":92.05,"mCalorie":4.39,"mOthersTime":0,"mRunTime":0,"mStartTime":76200000,"mTimeUnit":600000,"mWalkTime":80040,"runStep":0,"walkStep":120},{"distance":99.401,"mCalorie":5.08,"mOthersTime":0,"mRunTime":2000,"mStartTime":76800000,"mTimeUnit":600000,"mWalkTime":84042,"runStep":5,"walkStep":126},{"distance":269.0,"mCalorie":12.42,"mOthersTime":0,"mRunTime":0,"mStartTime":77400000,"mTimeUnit":600000,"mWalkTime":218049,"runStep":0,"walkStep":355},{"distance":388.83,"mCalorie":19.460001,"mOthersTime":0,"mRunTime":0,"mStartTime":78000000,"mTimeUnit":600000,"mWalkTime":321404,"runStep":0,"walkStep":520},{"distance":283.15,"mCalorie":14.629999,"mOthersTime":0,"mRunTime":0,"mStartTime":78600000,"mTimeUnit":600000,"mWalkTime":232723,"runStep":0,"walkStep":377},{"distance":22.809994,"mCalorie":1.2100002,"mOthersTime":0,"mRunTime":0,"mStartTime":79200000,"mTimeUnit":600000,"mWalkTime":20677,"runStep":0,"walkStep":31},{"distance":13.1,"mCalorie":0.65,"mOthersTime":0,"mRunTime":0,"mStartTime":79800000,"mTimeUnit":600000,"mWalkTime":12006,"runStep":0,"walkStep":18},{"distance":240.648,"mCalorie":11.71,"mOthersTime":0,"mRunTime":0,"mStartTime":81600000,"mTimeUnit":600000,"mWalkTime":212713,"runStep":0,"walkStep":329},{"distance":43.001,"mCalorie":2.09,"mOthersTime":0,"mRunTime":0,"mStartTime":82200000,"mTimeUnit":600000,"mWalkTime":40020,"runStep":0,"walkStep":60},{"distance":92.17801,"mCalorie":5.23,"mOthersTime":0,"mRunTime":400,"mStartTime":82800000,"mTimeUnit":600000,"mWalkTime":82708,"runStep":1,"walkStep":124},{"distance":36.701,"mCalorie":1.71,"mOthersTime":0,"mRunTime":0,"mStartTime":83400000,"mTimeUnit":600000,"mWalkTime":31349,"runStep":0,"walkStep":47}],"version":1}