{"mAdaptiveGoal":0,"mIsGoalAchieved":false,"mIsMostActiveAchieved":false,"mMostActiveMinutes":0,"mStreakDayCount":0,"mUnitDataList":[{"distance":91.05,"mCalorie":5.42,"mOthersTime":0,"mRunTime":0,"mStartTime":21600000,"mTimeUnit":600000,"mWalkTime":97382,"runStep":0,"walkStep":146},{"distance":398.28998,"mCalorie":21.74,"mOthersTime":0,"mRunTime":0,"mStartTime":22200000,"mTimeUnit":600000,"mWalkTime":317372,"runStep":0,"walkStep":548},{"distance":62.86,"mCalorie":3.12,"mOthersTime":0,"mRunTime":0,"mStartTime":22800000,"mTimeUnit":600000,"mWalkTime":56695,"runStep":0,"walkStep":85},{"distance":45.449997,"mCalorie":2.32,"mOthersTime":0,"mRunTime":0,"mStartTime":24600000,"mTimeUnit":600000,"mWalkTime":42021,"runStep":0,"walkStep":63},{"distance":359.69,"mCalorie":19.0,"mOthersTime":0,"mRunTime":0,"mStartTime":25200000,"mTimeUnit":600000,"mWalkTime":272016,"runStep":0,"walkStep":492},{"distance":49.43,"mCalorie":2.45,"mOthersTime":0,"mRunTime":0,"mStartTime":25800000,"mTimeUnit":600000,"mWalkTime":45356,"runStep":0,"walkStep":68},{"distance":10.15,"mCalorie":0.49,"mOthersTime":0,"mRunTime":400,"mStartTime":30000000,"mTimeUnit":600000,"mWalkTime":6670,"runStep":1,"walkStep":10},{"distance":32.36,"mCalorie":1.8299999,"mOthersTime":0,"mRunTime":0,"mStartTime":31200000,"mTimeUnit":600000,"mWalkTime":31349,"runStep":0,"walkStep":47},{"distance":28.150002,"mCalorie":1.4300001,"mOthersTime":0,"mRunTime":0,"mStartTime":31800000,"mTimeUnit":600000,"mWalkTime":27347,"runStep":0,"walkStep":41},{"distance":10.01,"mCalorie":0.46,"mOthersTime":0,"mRunTime":0,"mStartTime":32400000,"mTimeUnit":600000,"mWalkTime":9338,"runStep":0,"walkStep":14},{"distance":26.39,"mCalorie":1.44,"mOthersTime":0,"mRunTime":0,"mStartTime":33000000,"mTimeUnit":600000,"mWalkTime":24679,"runStep":0,"walkStep":37},{"distance":9.22,"mCalorie":0.43999997,"mOthersTime":0,"mRunTime":0,"mStartTime":33600000,"mTimeUnit":600000,"mWalkTime":8004,"runStep":0,"walkStep":12},{"distance":98.51,"mCalorie":4.5899997,"mOthersTime":0,"mRunTime":400,"mStartTime":34200000,"mTimeUnit":600000,"mWalkTime":84042,"runStep":1,"walkStep":126},{"distance":84.31999,"mCalorie":4.8500004,"mOthersTime":0,"mRunTime":0,"mStartTime":35400000,"mTimeUnit":600000,"mWalkTime":92713,"runStep":0,"walkStep":139},{"distance":58.949997,"mCalorie":2.8300002,"mOthersTime":0,"mRunTime":0,"mStartTime":36000000,"mTimeUnit":600000,"mWalkTime":52026,"runStep":0,"walkStep":78},{"distance":20.43,"mCalorie":0.97,"mOthersTime":0,"mRunTime":0,"mStartTime":36600000,"mTimeUnit":600000,"mWalkTime":18676,"runStep":0,"walkStep":28},{"distance":25.28,"mCalorie":1.16,"mOthersTime":0,"mRunTime":0,"mStartTime":37200000,"mTimeUnit":600000,"mWalkTime":22678,"runStep":0,"walkStep":34},{"distance":30.43,"mCalorie":1.47,"mOthersTime":0,"mRunTime":0,"mStartTime":37800000,"mTimeUnit":600000,"mWalkTime":27347,"runStep":0,"walkStep":41},{"distance":22.18,"mCalorie":1.24,"mOthersTime":0,"mRunTime":0,"mStartTime":38400000,"mTimeUnit":600000,"mWalkTime":20677,"runStep":0,"walkStep":31},{"distance":147.90001,"mCalorie":7.4,"mOthersTime":0,"mRunTime":0,"mStartTime":39000000,"mTimeUnit":600000,"mWalkTime":132733,"runStep":0,"walkStep":199},{"distance":41.23,"mCalorie":2.18,"mOthersTime":0,"mRunTime":0,"mStartTime":39600000,"mTimeUnit":600000,"mWalkTime":38019,"runStep":0,"walkStep":57},{"distance":66.05,"mCalorie":3.3500001,"mOthersTime":0,"mRunTime":0,"mStartTime":40800000,"mTimeUnit":600000,"mWalkTime":60697,"runStep":0,"walkStep":91},{"distance":26.56,"mCalorie":1.17,"mOthersTime":0,"mRunTime":0,"mStartTime":41400000,"mTimeUnit":600000,"mWalkTime":22678,"runStep":0,"walkStep":34},{"distance":68.100006,"mCalorie":3.98,"mOthersTime":0,"mRunTime":0,"mStartTime":42000000,"mTimeUnit":600000,"mWalkTime":73370,"runStep":0,"walkStep":110},{"distance":40.300003,"mCalorie":2.0,"mOthersTime":0,"mRunTime":0,"mStartTime":42600000,"mTimeUnit":600000,"mWalkTime":36018,"runStep":0,"walkStep":54},{"distance":308.37,"mCalorie":15.76,"mOthersTime":0,"mRunTime":0,"mStartTime":43200000,"mTimeUnit":600000,"mWalkTime":279473,"runStep":0,"walkStep":419},{"distance":193.54001,"mCalorie":10.26,"mOthersTime":0,"mRunTime":0,"mStartTime":43800000,"mTimeUnit":600000,"mWalkTime":161384,"runStep":0,"walkStep":259},{"distance":295.40002,"mCalorie":15.44,"mOthersTime":0,"mRunTime":0,"mStartTime":44400000,"mTimeUnit":600000,"mWalkTime":246730,"runStep":0,"walkStep":396},{"distance":276.96,"mCalorie":13.9,"mOthersTime":0,"mRunTime":0,"mStartTime":45600000,"mTimeUnit":600000,"mWalkTime":232753,"runStep":0,"walkStep":371},{"distance":89.42,"mCalorie":4.69,"mOthersTime":0,"mRunTime":0,"mStartTime":46200000,"mTimeUnit":600000,"mWalkTime":82041,"runStep":0,"walkStep":123},{"distance":91.21999,"mCalorie":4.46,"mOthersTime":0,"mRunTime":0,"mStartTime":47400000,"mTimeUnit":600000,"mWalkTime":82041,"runStep":0,"walkStep":123},{"distance":53.8,"mCalorie":2.53,"mOthersTime":0,"mRunTime":0,"mStartTime":48600000,"mTimeUnit":600000,"mWalkTime":48024,"runStep":0,"walkStep":72},{"distance":330.61002,"mCalorie":17.859999,"mOthersTime":0,"mRunTime":2000,"mStartTime":49200000,"mTimeUnit":600000,"mWalkTime":289448,"runStep":5,"walkStep":445},{"distance":245.16,"mCalorie":12.889999,"mOthersTime":0,"mRunTime":0,"mStartTime":49800000,"mTimeUnit":600000,"mWalkTime":219413,"runStep":0,"walkStep":333},{"distance":32.14,"mCalorie":1.6700001,"mOthersTime":0,"mRunTime":0,"mStartTime":50400000,"mTimeUnit":600000,"mWalkTime":29348,"runStep":0,"walkStep":44},{"distance":14.82,"mCalorie":0.75000006,"mOthersTime":0,"mRunTime":0,"mStartTime":51000000,"mTimeUnit":600000,"mWalkTime":14007,"runStep":0,"walkStep":21},{"distance":8.04,"mCalorie":0.38,"mOthersTime":0,"mRunTime":0,"mStartTime":52200000,"mTimeUnit":600000,"mWalkTime":7337,"runStep":0,"walkStep":11},{"distance":13.71,"mCalorie":1.03,"mOthersTime":0,"mRunTime":0,"mStartTime":52800000,"mTimeUnit":600000,"mWalkTime":13340,"runStep":0,"walkStep":20},{"distance":93.740005,"mCalorie":4.6,"mOthersTime":0,"mRunTime":0,"mStartTime":53400000,"mTimeUnit":600000,"mWalkTime":84042,"runStep":0,"walkStep":126},{"distance":21.04,"mCalorie":1.01,"mOthersTime":0,"mRunTime":0,"mStartTime":54000000,"mTimeUnit":600000,"mWalkTime":19343,"runStep":0,"walkStep":29},{"distance":29.18,"mCalorie":1.45,"mOthersTime":0,"mRunTime":0,"mStartTime":54600000,"mTimeUnit":600000,"mWalkTime":26680,"runStep":0,"walkStep":40},{"distance":59.190002,"mCalorie":3.06,"mOthersTime":0,"mRunTime":0,"mStartTime":55800000,"mTimeUnit":600000,"mWalkTime":54027,"runStep":0,"walkStep":81},{"distance":82.3,"mCalorie":4.09,"mOthersTime":0,"mRunTime":0,"mStartTime":56400000,"mTimeUnit":600000,"mWalkTime":74037,"runStep":0,"walkStep":111},{"distance":8.11,"mCalorie":0.28,"mOthersTime":0,"mRunTime":0,"mStartTime":57000000,"mTimeUnit":600000,"mWalkTime":6670,"runStep":0,"walkStep":10},{"distance":20.75,"mCalorie":1.3399999,"mOthersTime":0,"mRunTime":400,"mStartTime":58200000,"mTimeUnit":600000,"mWalkTime":15341,"runStep":1,"walkStep":23},{"distance":10.02,"mCalorie":0.51,"mOthersTime":0,"mRunTime":0,"mStartTime":59400000,"mTimeUnit":600000,"mWalkTime":6670,"runStep":0,"walkStep":10},{"distance":122.520004,"mCalorie":6.7300005,"mOthersTime":0,"mRunTime":0,"mStartTime":60000000,"mTimeUnit":600000,"mWalkTime":112723,"runStep":0,"walkStep":169},{"distance":21.95,"mCalorie":1.21,"mOthersTime":0,"mRunTime":0,"mStartTime":60600000,"mTimeUnit":600000,"mWalkTime":20677,"runStep":0,"walkStep":31},{"distance":8.81,"mCalorie":0.41,"mOthersTime":0,"mRunTime":0,"mStartTime":61200000,"mTimeUnit":600000,"mWalkTime":8004,"runStep":0,"walkStep":12},{"distance":13.18,"mCalorie":0.65,"mOthersTime":0,"mRunTime":0,"mStartTime":61800000,"mTimeUnit":600000,"mWalkTime":12006,"runStep":0,"walkStep":18},{"distance":8.66,"mCalorie":0.36,"mOthersTime":0,"mRunTime":0,"mStartTime":62400000,"mTimeUnit":600000,"mWalkTime":7337,"runStep":0,"walkStep":11},{"distance":7.87,"mCalorie":0.33,"mOthersTime":0,"mRunTime":0,"mStartTime":63000000,"mTimeUnit":600000,"mWalkTime":6670,"runStep":0,"walkStep":10},{"distance":15.82,"mCalorie":0.87,"mOthersTime":0,"mRunTime":0,"mStartTime":63600000,"mTimeUnit":600000,"mWalkTime":15341,"runStep":0,"walkStep":23},{"distance":33.78,"mCalorie":1.5899999,"mOthersTime":0,"mRunTime":0,"mStartTime":64200000,"mTimeUnit":600000,"mWalkTime":30682,"runStep":0,"walkStep":46},{"distance":7.12,"mCalorie":0.37,"mOthersTime":0,"mRunTime":0,"mStartTime":64800000,"mTimeUnit":600000,"mWalkTime":6670,"runStep":0,"walkStep":10},{"distance":16.1,"mCalorie":0.75,"mOthersTime":0,"mRunTime":0,"mStartTime":65400000,"mTimeUnit":600000,"mWalkTime":14674,"runStep":0,"walkStep":22},{"distance":32.54,"mCalorie":1.47,"mOthersTime":0,"mRunTime":0,"mStartTime":66000000,"mTimeUnit":600000,"mWalkTime":28014,"runStep":0,"walkStep":42},{"distance":13.34,"mCalorie":0.72,"mOthersTime":0,"mRunTime":0,"mStartTime":66600000,"mTimeUnit":600000,"mWalkTime":12673,"runStep":0,"walkStep":19},{"distance":55.140003,"mCalorie":2.5500002,"mOthersTime":0,"mRunTime":0,"mStartTime":69000000,"mTimeUnit":600000,"mWalkTime":48024,"runStep":0,"walkStep":72},{"distance":43.69,"mCalorie":2.1299999,"mOthersTime":0,"mRunTime":0,"mStartTime":70200000,"mTimeUnit":600000,"mWalkTime":38686,"runStep":0,"walkStep":58},{"distance":15.29,"mCalorie":0.66,"mOthersTime":0,"mRunTime":0,"mStartTime":70800000,"mTimeUnit":600000,"mWalkTime":13340,"runStep":0,"walkStep":20},{"distance":24.51,"mCalorie":1.23,"mOthersTime":0,"mRunTime":0,"mStartTime":71400000,"mTimeUnit":600000,"mWalkTime":22678,"runStep":0,"walkStep":34},{"distance":33.739998,"mCalorie":1.6899999,"mOthersTime":0,"mRunTime":0,"mStartTime":72000000,"mTimeUnit":600000,"mWalkTime":30015,"runStep":0,"walkStep":45},{"distance":120.16001,"mCalorie":6.35,"mOthersTime":0,"mRunTime":0,"mStartTime":72600000,"mTimeUnit":600000,"mWalkTime":124729,"runStep":0,"walkStep":187},{"distance":89.27,"mCalorie":4.749999,"mOthersTime":0,"mRunTime":0,"mStartTime":73200000,"mTimeUnit":600000,"mWalkTime":82708,"runStep":0,"walkStep":124},{"distance":6.84,"mCalorie":0.38,"mOthersTime":0,"mRunTime":0,"mStartTime":75000000,"mTimeUnit":600000,"mWalkTime":6670,"runStep":0,"walkStep":10},{"distance":7.89,"mCalorie":0.42,"mOthersTime":0,"mRunTime":0,"mStartTime":75600000,"mTimeUnit":600000,"mWalkTime":7337,"runStep":0,"walkStep":11},{"distance":182.40999,"mCalorie":8.91,"mOthersTime":0,"mRunTime":400,"mStartTime":76200000,"mTimeUnit":600000,"mWalkTime":163415,"runStep":1,"walkStep":245},{"distance":56.579998,"mCalorie":2.93,"mOthersTime":0,"mRunTime":400,"mStartTime":76800000,"mTimeUnit":600000,"mWalkTime":50692,"runStep":1,"walkStep":76},{"distance":6.78,"mCalorie":0.39,"mOthersTime":0,"mRunTime":0,"mStartTime":77400000,"mTimeUnit":600000,"mWalkTime":6670,"runStep":0,"walkStep":10}],"version":1}