{"mAdaptiveGoal":0,"mIsGoalAchieved":false,"mIsMostActiveAchieved":false,"mMostActiveMinutes":0,"mStreakDayCount":0,"mUnitDataList":[{"distance":8.42,"mCalorie":0.45,"mOthersTime":0,"mRunTime":0,"mStartTime":16200000,"mTimeUnit":600000,"mWalkTime":8004,"runStep":0,"walkStep":12},{"distance":8.12,"mCalorie":0.35,"mOthersTime":0,"mRunTime":0,"mStartTime":16800000,"mTimeUnit":600000,"mWalkTime":7337,"runStep":0,"walkStep":11},{"distance":71.389,"mCalorie":3.5,"mOthersTime":0,"mRunTime":2000,"mStartTime":21600000,"mTimeUnit":600000,"mWalkTime":55361,"runStep":5,"walkStep":83},{"distance":142.131,"mCalorie":6.6000004,"mOthersTime":0,"mRunTime":0,"mStartTime":22200000,"mTimeUnit":600000,"mWalkTime":119363,"runStep":0,"walkStep":186},{"distance":33.96,"mCalorie":1.45,"mOthersTime":0,"mRunTime":0,"mStartTime":22800000,"mTimeUnit":600000,"mWalkTime":30015,"runStep":0,"walkStep":45},{"distance":177.57,"mCalorie":8.48,"mOthersTime":0,"mRunTime":0,"mStartTime":23400000,"mTimeUnit":600000,"mWalkTime":155381,"runStep":0,"walkStep":242},{"distance":208.56001,"mCalorie":9.91,"mOthersTime":0,"mRunTime":0,"mStartTime":25200000,"mTimeUnit":600000,"mWalkTime":176028,"runStep":0,"walkStep":282},{"distance":112.920006,"mCalorie":5.2300005,"mOthersTime":0,"mRunTime":0,"mStartTime":25800000,"mTimeUnit":600000,"mWalkTime":101384,"runStep":0,"walkStep":152},{"distance":108.12,"mCalorie":5.25,"mOthersTime":0,"mRunTime":0,"mStartTime":26400000,"mTimeUnit":600000,"mWalkTime":100050,"runStep":0,"walkStep":150},{"distance":55.829998,"mCalorie":2.59,"mOthersTime":0,"mRunTime":0,"mStartTime":27000000,"mTimeUnit":600000,"mWalkTime":47357,"runStep":0,"walkStep":71},{"distance":194.488,"mCalorie":9.509999,"mOthersTime":0,"mRunTime":1200,"mStartTime":27600000,"mTimeUnit":600000,"mWalkTime":167417,"runStep":3,"walkStep":251},{"distance":16.470001,"mCalorie":0.78,"mOthersTime":0,"mRunTime":0,"mStartTime":28200000,"mTimeUnit":600000,"mWalkTime":15341,"runStep":0,"walkStep":23},{"distance":11.3,"mCalorie":0.46,"mOthersTime":0,"mRunTime":0,"mStartTime":28800000,"mTimeUnit":600000,"mWalkTime":10005,"runStep":0,"walkStep":15},{"distance":64.78,"mCalorie":3.04,"mOthersTime":0,"mRunTime":0,"mStartTime":29400000,"mTimeUnit":600000,"mWalkTime":58029,"runStep":0,"walkStep":87},{"distance":33.29,"mCalorie":1.5,"mOthersTime":0,"mRunTime":0,"mStartTime":30000000,"mTimeUnit":600000,"mWalkTime":30015,"runStep":0,"walkStep":45},{"distance":25.77,"mCalorie":1.4,"mOthersTime":0,"mRunTime":0,"mStartTime":31200000,"mTimeUnit":600000,"mWalkTime":23345,"runStep":0,"walkStep":35},{"distance":95.85,"mCalorie":4.72,"mOthersTime":0,"mRunTime":1200,"mStartTime":32400000,"mTimeUnit":600000,"mWalkTime":74704,"runStep":3,"walkStep":112},{"distance":25.0,"mCalorie":1.54,"mOthersTime":0,"mRunTime":3200,"mStartTime":33000000,"mTimeUnit":600000,"mWalkTime":14674,"runStep":8,"walkStep":22},{"distance":17.439999,"mCalorie":0.78999996,"mOthersTime":0,"mRunTime":0,"mStartTime":36600000,"mTimeUnit":600000,"mWalkTime":15341,"runStep":0,"walkStep":23},{"distance":52.53,"mCalorie":2.62,"mOthersTime":0,"mRunTime":400,"mStartTime":37200000,"mTimeUnit":600000,"mWalkTime":44689,"runStep":1,"walkStep":67},{"distance":28.01,"mCalorie":1.54,"mOthersTime":0,"mRunTime":0,"mStartTime":37800000,"mTimeUnit":600000,"mWalkTime":24012,"runStep":0,"walkStep":36},{"distance":22.619999,"mCalorie":1.0899999,"mOthersTime":0,"mRunTime":0,"mStartTime":38400000,"mTimeUnit":600000,"mWalkTime":18676,"runStep":0,"walkStep":28},{"distance":63.730003,"mCalorie":3.56,"mOthersTime":0,"mRunTime":1600,"mStartTime":39000000,"mTimeUnit":600000,"mWalkTime":52026,"runStep":4,"walkStep":78},{"distance":51.649998,"mCalorie":2.5100002,"mOthersTime":0,"mRunTime":0,"mStartTime":39600000,"mTimeUnit":600000,"mWalkTime":47357,"runStep":0,"walkStep":71},{"distance":37.06,"mCalorie":1.8399999,"mOthersTime":0,"mRunTime":0,"mStartTime":40200000,"mTimeUnit":600000,"mWalkTime":33350,"runStep":0,"walkStep":50},{"distance":50.780003,"mCalorie":2.9299998,"mOthersTime":0,"mRunTime":2800,"mStartTime":40800000,"mTimeUnit":600000,"mWalkTime":42021,"runStep":7,"walkStep":63},{"distance":7.27,"mCalorie":0.4,"mOthersTime":0,"mRunTime":0,"mStartTime":41400000,"mTimeUnit":600000,"mWalkTime":6670,"runStep":0,"walkStep":10},{"distance":21.11,"mCalorie":1.07,"mOthersTime":0,"mRunTime":0,"mStartTime":42000000,"mTimeUnit":600000,"mWalkTime":19343,"runStep":0,"walkStep":29},{"distance":81.831,"mCalorie":4.3900003,"mOthersTime":0,"mRunTime":4800,"mStartTime":42600000,"mTimeUnit":600000,"mWalkTime":60030,"runStep":12,"walkStep":90},{"distance":15.07,"mCalorie":0.72,"mOthersTime":0,"mRunTime":0,"mStartTime":43200000,"mTimeUnit":600000,"mWalkTime":14007,"runStep":0,"walkStep":21},{"distance":71.159996,"mCalorie":3.3899999,"mOthersTime":0,"mRunTime":0,"mStartTime":43800000,"mTimeUnit":600000,"mWalkTime":64699,"runStep":0,"walkStep":97},{"distance":205.04999,"mCalorie":10.360001,"mOthersTime":0,"mRunTime":0,"mStartTime":44400000,"mTimeUnit":600000,"mWalkTime":186730,"runStep":0,"walkStep":283},{"distance":35.79,"mCalorie":1.9100001,"mOthersTime":0,"mRunTime":0,"mStartTime":45000000,"mTimeUnit":600000,"mWalkTime":33350,"runStep":0,"walkStep":50},{"distance":13.19,"mCalorie":0.69,"mOthersTime":0,"mRunTime":0,"mStartTime":45600000,"mTimeUnit":600000,"mWalkTime":12006,"runStep":0,"walkStep":18},{"distance":42.72,"mCalorie":2.16,"mOthersTime":0,"mRunTime":0,"mStartTime":46200000,"mTimeUnit":600000,"mWalkTime":38686,"runStep":0,"walkStep":58},{"distance":175.61,"mCalorie":9.259999,"mOthersTime":0,"mRunTime":0,"mStartTime":46800000,"mTimeUnit":600000,"mWalkTime":160050,"runStep":0,"walkStep":242},{"distance":88.621,"mCalorie":4.29,"mOthersTime":0,"mRunTime":1200,"mStartTime":47400000,"mTimeUnit":600000,"mWalkTime":76038,"runStep":3,"walkStep":114},{"distance":69.77,"mCalorie":3.3400002,"mOthersTime":0,"mRunTime":0,"mStartTime":48000000,"mTimeUnit":600000,"mWalkTime":63365,"runStep":0,"walkStep":95},{"distance":38.59,"mCalorie":1.95,"mOthersTime":0,"mRunTime":0,"mStartTime":48600000,"mTimeUnit":600000,"mWalkTime":36018,"runStep":0,"walkStep":54},{"distance":4.44,"mCalorie":0.21,"mOthersTime":0,"mRunTime":0,"mStartTime":49800000,"mTimeUnit":600000,"mWalkTime":4002,"runStep":0,"walkStep":6},{"distance":4.38,"mCalorie":0.22,"mOthersTime":0,"mRunTime":0,"mStartTime":50400000,"mTimeUnit":600000,"mWalkTime":4002,"runStep":0,"walkStep":6},{"distance":80.71,"mCalorie":4.9300003,"mOthersTime":0,"mRunTime":4400,"mStartTime":51600000,"mTimeUnit":600000,"mWalkTime":61364,"runStep":11,"walkStep":92},{"distance":270.19,"mCalorie":14.530001,"mOthersTime":0,"mRunTime":1894,"mStartTime":52200000,"mTimeUnit":600000,"mWalkTime":242168,"runStep":5,"walkStep":371},{"distance":21.74,"mCalorie":1.0799999,"mOthersTime":0,"mRunTime":0,"mStartTime":52800000,"mTimeUnit":600000,"mWalkTime":17342,"runStep":0,"walkStep":26},{"distance":88.76,"mCalorie":4.72,"mOthersTime":0,"mRunTime":0,"mStartTime":54000000,"mTimeUnit":600000,"mWalkTime":80677,"runStep":0,"walkStep":121},{"distance":216.27,"mCalorie":11.280001,"mOthersTime":0,"mRunTime":0,"mStartTime":54600000,"mTimeUnit":600000,"mWalkTime":192733,"runStep":0,"walkStep":299},{"distance":37.68,"mCalorie":1.87,"mOthersTime":0,"mRunTime":0,"mStartTime":55800000,"mTimeUnit":600000,"mWalkTime":34017,"runStep":0,"walkStep":51},{"distance":224.36,"mCalorie":11.83,"mOthersTime":0,"mRunTime":0,"mStartTime":56400000,"mTimeUnit":600000,"mWalkTime":192733,"runStep":0,"walkStep":302},{"distance":93.810005,"mCalorie":4.58,"mOthersTime":0,"mRunTime":0,"mStartTime":57000000,"mTimeUnit":600000,"mWalkTime":72006,"runStep":0,"walkStep":125},{"distance":244.15,"mCalorie":12.79,"mOthersTime":0,"mRunTime":5973,"mStartTime":57600000,"mTimeUnit":600000,"mWalkTime":195295,"runStep":15,"walkStep":296},{"distance":9.72,"mCalorie":0.41,"mOthersTime":0,"mRunTime":0,"mStartTime":58800000,"mTimeUnit":600000,"mWalkTime":8004,"runStep":0,"walkStep":12},{"distance":7.37,"mCalorie":0.35,"mOthersTime":0,"mRunTime":0,"mStartTime":60000000,"mTimeUnit":600000,"mWalkTime":6670,"runStep":0,"walkStep":10},{"distance":69.11,"mCalorie":3.58,"mOthersTime":0,"mRunTime":0,"mStartTime":60600000,"mTimeUnit":600000,"mWalkTime":63365,"runStep":0,"walkStep":95},{"distance":130.84,"mCalorie":6.84,"mOthersTime":0,"mRunTime":0,"mStartTime":61200000,"mTimeUnit":600000,"mWalkTime":116058,"runStep":0,"walkStep":174},{"distance":142.48001,"mCalorie":9.62,"mOthersTime":0,"mRunTime":800,"mStartTime":61800000,"mTimeUnit":600000,"mWalkTime":135401,"runStep":2,"walkStep":203},{"distance":23.95,"mCalorie":1.25,"mOthersTime":0,"mRunTime":1600,"mStartTime":62400000,"mTimeUnit":600000,"mWalkTime":16008,"runStep":4,"walkStep":24},{"distance":21.721,"mCalorie":1.11,"mOthersTime":0,"mRunTime":0,"mStartTime":64200000,"mTimeUnit":600000,"mWalkTime":20010,"runStep":0,"walkStep":30},{"distance":24.01,"mCalorie":1.03,"mOthersTime":0,"mRunTime":0,"mStartTime":64800000,"mTimeUnit":600000,"mWalkTime":20010,"runStep":0,"walkStep":30},{"distance":9.189,"mCalorie":0.52,"mOthersTime":0,"mRunTime":0,"mStartTime":66000000,"mTimeUnit":600000,"mWalkTime":8671,"runStep":0,"walkStep":13},{"distance":100.02,"mCalorie":5.2099996,"mOthersTime":0,"mRunTime":400,"mStartTime":67200000,"mTimeUnit":600000,"mWalkTime":88044,"runStep":1,"walkStep":132},{"distance":256.86002,"mCalorie":15.599999,"mOthersTime":0,"mRunTime":400,"mStartTime":67800000,"mTimeUnit":600000,"mWalkTime":254127,"runStep":1,"walkStep":381},{"distance":141.61,"mCalorie":8.25,"mOthersTime":0,"mRunTime":0,"mStartTime":68400000,"mTimeUnit":600000,"mWalkTime":132066,"runStep":0,"walkStep":198},{"distance":68.15,"mCalorie":3.52,"mOthersTime":0,"mRunTime":0,"mStartTime":69000000,"mTimeUnit":600000,"mWalkTime":63365,"runStep":0,"walkStep":95},{"distance":50.77,"mCalorie":2.67,"mOthersTime":0,"mRunTime":0,"mStartTime":69600000,"mTimeUnit":600000,"mWalkTime":46690,"runStep":0,"walkStep":70},{"distance":9.72,"mCalorie":0.49,"mOthersTime":0,"mRunTime":0,"mStartTime":70800000,"mTimeUnit":600000,"mWalkTime":8671,"runStep":0,"walkStep":13},{"distance":349.75,"mCalorie":17.36,"mOthersTime":0,"mRunTime":1200,"mStartTime":71400000,"mTimeUnit":600000,"mWalkTime":306820,"runStep":3,"walkStep":460},{"distance":55.489998,"mCalorie":2.9099998,"mOthersTime":0,"mRunTime":0,"mStartTime":72000000,"mTimeUnit":600000,"mWalkTime":50025,"runStep":0,"walkStep":75},{"distance":17.86,"mCalorie":0.89,"mOthersTime":0,"mRunTime":0,"mStartTime":75000000,"mTimeUnit":600000,"mWalkTime":16008,"runStep":0,"walkStep":24},{"distance":14.950001,"mCalorie":0.75000006,"mOthersTime":0,"mRunTime":0,"mStartTime":76200000,"mTimeUnit":600000,"mWalkTime":14007,"runStep":0,"walkStep":21},{"distance":100.01,"mCalorie":5.1800003,"mOthersTime":0,"mRunTime":3600,"mStartTime":79800000,"mTimeUnit":600000,"mWalkTime":80707,"runStep":9,"walkStep":121},{"distance":32.86,"mCalorie":1.54,"mOthersTime":0,"mRunTime":0,"mStartTime":80400000,"mTimeUnit":600000,"mWalkTime":30015,"runStep":0,"walkStep":45},{"distance":13.0,"mCalorie":0.62,"mOthersTime":0,"mRunTime":0,"mStartTime":81000000,"mTimeUnit":600000,"mWalkTime":10672,"runStep":0,"walkStep":16}],"version":1}