{"mAdaptiveGoal":0,"mIsGoalAchieved":false,"mIsMostActiveAchieved":false,"mMostActiveMinutes":0,"mStreakDayCount":0,"mUnitDataList":[{"distance":10.26,"mCalorie":0.62,"mOthersTime":0,"mRunTime":400,"mStartTime":7200000,"mTimeUnit":600000,"mWalkTime":8004,"runStep":1,"walkStep":12},{"distance":78.97,"mCalorie":3.7400002,"mOthersTime":0,"mRunTime":800,"mStartTime":18600000,"mTimeUnit":600000,"mWalkTime":62031,"runStep":2,"walkStep":93},{"distance":85.449005,"mCalorie":5.3199997,"mOthersTime":0,"mRunTime":0,"mStartTime":19200000,"mTimeUnit":600000,"mWalkTime":90045,"runStep":0,"walkStep":135},{"distance":96.25,"mCalorie":5.01,"mOthersTime":0,"mRunTime":0,"mStartTime":19800000,"mTimeUnit":600000,"mWalkTime":86013,"runStep":0,"walkStep":129},{"distance":16.32,"mCalorie":0.9,"mOthersTime":0,"mRunTime":0,"mStartTime":20400000,"mTimeUnit":600000,"mWalkTime":15341,"runStep":0,"walkStep":23},{"distance":8.99,"mCalorie":0.45,"mOthersTime":0,"mRunTime":0,"mStartTime":21000000,"mTimeUnit":600000,"mWalkTime":8004,"runStep":0,"walkStep":12},{"distance":125.92,"mCalorie":6.23,"mOthersTime":0,"mRunTime":0,"mStartTime":22200000,"mTimeUnit":600000,"mWalkTime":114057,"runStep":0,"walkStep":171},{"distance":40.54,"mCalorie":2.03,"mOthersTime":0,"mRunTime":0,"mStartTime":22800000,"mTimeUnit":600000,"mWalkTime":38019,"runStep":0,"walkStep":57},{"distance":21.04,"mCalorie":1.06,"mOthersTime":0,"mRunTime":0,"mStartTime":28800000,"mTimeUnit":600000,"mWalkTime":19343,"runStep":0,"walkStep":29},{"distance":9.48,"mCalorie":0.4,"mOthersTime":0,"mRunTime":0,"mStartTime":29400000,"mTimeUnit":600000,"mWalkTime":8004,"runStep":0,"walkStep":12},{"distance":12.08,"mCalorie":0.67,"mOthersTime":0,"mRunTime":0,"mStartTime":30000000,"mTimeUnit":600000,"mWalkTime":11339,"runStep":0,"walkStep":17},{"distance":32.79,"mCalorie":1.6099999,"mOthersTime":0,"mRunTime":400,"mStartTime":31200000,"mTimeUnit":600000,"mWalkTime":27347,"runStep":1,"walkStep":41},{"distance":18.830002,"mCalorie":0.8799998,"mOthersTime":0,"mRunTime":0,"mStartTime":33600000,"mTimeUnit":600000,"mWalkTime":16675,"runStep":0,"walkStep":25},{"distance":7.0099993,"mCalorie":0.37999997,"mOthersTime":0,"mRunTime":0,"mStartTime":34800000,"mTimeUnit":600000,"mWalkTime":6670,"runStep":0,"walkStep":10},{"distance":18.230001,"mCalorie":0.83,"mOthersTime":0,"mRunTime":0,"mStartTime":36600000,"mTimeUnit":600000,"mWalkTime":16675,"runStep":0,"walkStep":25},{"distance":58.61,"mCalorie":2.99,"mOthersTime":0,"mRunTime":1200,"mStartTime":37200000,"mTimeUnit":600000,"mWalkTime":48024,"runStep":3,"walkStep":72},{"distance":25.209,"mCalorie":1.5,"mOthersTime":0,"mRunTime":0,"mStartTime":37800000,"mTimeUnit":600000,"mWalkTime":23345,"runStep":0,"walkStep":35},{"distance":47.030003,"mCalorie":2.37,"mOthersTime":0,"mRunTime":0,"mStartTime":38400000,"mTimeUnit":600000,"mWalkTime":44022,"runStep":0,"walkStep":66},{"distance":88.5,"mCalorie":4.46,"mOthersTime":0,"mRunTime":0,"mStartTime":39000000,"mTimeUnit":600000,"mWalkTime":82041,"runStep":0,"walkStep":123},{"distance":55.760002,"mCalorie":2.8500001,"mOthersTime":0,"mRunTime":0,"mStartTime":39600000,"mTimeUnit":600000,"mWalkTime":52026,"runStep":0,"walkStep":78},{"distance":16.119999,"mCalorie":1.06,"mOthersTime":0,"mRunTime":2400,"mStartTime":40200000,"mTimeUnit":600000,"mWalkTime":11339,"runStep":6,"walkStep":17},{"distance":43.79,"mCalorie":1.8999999,"mOthersTime":0,"mRunTime":0,"mStartTime":40800000,"mTimeUnit":600000,"mWalkTime":39353,"runStep":0,"walkStep":59},{"distance":21.1,"mCalorie":0.99,"mOthersTime":0,"mRunTime":0,"mStartTime":42000000,"mTimeUnit":600000,"mWalkTime":18009,"runStep":0,"walkStep":27},{"distance":8.34,"mCalorie":0.43,"mOthersTime":0,"mRunTime":0,"mStartTime":42600000,"mTimeUnit":600000,"mWalkTime":7337,"runStep":0,"walkStep":11},{"distance":17.71,"mCalorie":0.71000004,"mOthersTime":0,"mRunTime":0,"mStartTime":48000000,"mTimeUnit":600000,"mWalkTime":14674,"runStep":0,"walkStep":22},{"distance":24.14,"mCalorie":1.29,"mOthersTime":0,"mRunTime":2000,"mStartTime":49800000,"mTimeUnit":600000,"mWalkTime":17342,"runStep":5,"walkStep":26},{"distance":108.630005,"mCalorie":5.46,"mOthersTime":0,"mRunTime":0,"mStartTime":51600000,"mTimeUnit":600000,"mWalkTime":100050,"runStep":0,"walkStep":150},{"distance":11.16,"mCalorie":0.64,"mOthersTime":0,"mRunTime":0,"mStartTime":52200000,"mTimeUnit":600000,"mWalkTime":10672,"runStep":0,"walkStep":16},{"distance":208.52,"mCalorie":10.33,"mOthersTime":0,"mRunTime":0,"mStartTime":52800000,"mTimeUnit":600000,"mWalkTime":183395,"runStep":0,"walkStep":283},{"distance":14.35,"mCalorie":0.65999997,"mOthersTime":0,"mRunTime":0,"mStartTime":54000000,"mTimeUnit":600000,"mWalkTime":12673,"runStep":0,"walkStep":19},{"distance":200.95001,"mCalorie":10.89,"mOthersTime":0,"mRunTime":0,"mStartTime":54600000,"mTimeUnit":600000,"mWalkTime":172723,"runStep":0,"walkStep":271},{"distance":16.95,"mCalorie":1.0999999,"mOthersTime":0,"mRunTime":0,"mStartTime":55200000,"mTimeUnit":600000,"mWalkTime":11339,"runStep":0,"walkStep":17},{"distance":95.661,"mCalorie":4.56,"mOthersTime":0,"mRunTime":400,"mStartTime":55800000,"mTimeUnit":600000,"mWalkTime":84042,"runStep":1,"walkStep":126},{"distance":27.079998,"mCalorie":1.3800001,"mOthersTime":0,"mRunTime":0,"mStartTime":58200000,"mTimeUnit":600000,"mWalkTime":24679,"runStep":0,"walkStep":37},{"distance":24.119999,"mCalorie":1.29,"mOthersTime":0,"mRunTime":0,"mStartTime":59400000,"mTimeUnit":600000,"mWalkTime":22678,"runStep":0,"walkStep":34},{"distance":244.72,"mCalorie":14.28,"mOthersTime":0,"mRunTime":22800,"mStartTime":60000000,"mTimeUnit":600000,"mWalkTime":180757,"runStep":57,"walkStep":271},{"distance":449.25998,"mCalorie":23.16,"mOthersTime":0,"mRunTime":0,"mStartTime":60600000,"mTimeUnit":600000,"mWalkTime":343355,"runStep":0,"walkStep":610},{"distance":56.03,"mCalorie":2.69,"mOthersTime":0,"mRunTime":0,"mStartTime":61200000,"mTimeUnit":600000,"mWalkTime":49358,"runStep":0,"walkStep":74},{"distance":61.6,"mCalorie":3.05,"mOthersTime":0,"mRunTime":800,"mStartTime":62400000,"mTimeUnit":600000,"mWalkTime":55361,"runStep":2,"walkStep":83},{"distance":442.58002,"mCalorie":25.090002,"mOthersTime":0,"mRunTime":0,"mStartTime":63000000,"mTimeUnit":600000,"mWalkTime":373400,"runStep":0,"walkStep":618},{"distance":61.159996,"mCalorie":4.0,"mOthersTime":0,"mRunTime":0,"mStartTime":63600000,"mTimeUnit":600000,"mWalkTime":60030,"runStep":0,"walkStep":90},{"distance":36.89,"mCalorie":1.8900001,"mOthersTime":0,"mRunTime":0,"mStartTime":64200000,"mTimeUnit":600000,"mWalkTime":34017,"runStep":0,"walkStep":51},{"distance":12.74,"mCalorie":0.63,"mOthersTime":0,"mRunTime":0,"mStartTime":64800000,"mTimeUnit":600000,"mWalkTime":11339,"runStep":0,"walkStep":17},{"distance":46.42,"mCalorie":2.15,"mOthersTime":0,"mRunTime":0,"mStartTime":65400000,"mTimeUnit":600000,"mWalkTime":41354,"runStep":0,"walkStep":62},{"distance":24.24,"mCalorie":1.15,"mOthersTime":0,"mRunTime":0,"mStartTime":67200000,"mTimeUnit":600000,"mWalkTime":21344,"runStep":0,"walkStep":32},{"distance":27.289999,"mCalorie":1.33,"mOthersTime":0,"mRunTime":0,"mStartTime":69000000,"mTimeUnit":600000,"mWalkTime":23345,"runStep":0,"walkStep":35},{"distance":9.46,"mCalorie":0.38,"mOthersTime":0,"mRunTime":0,"mStartTime":70200000,"mTimeUnit":600000,"mWalkTime":8004,"runStep":0,"walkStep":12},{"distance":19.66,"mCalorie":0.96,"mOthersTime":0,"mRunTime":0,"mStartTime":70800000,"mTimeUnit":600000,"mWalkTime":18009,"runStep":0,"walkStep":27},{"distance":54.14,"mCalorie":2.8700001,"mOthersTime":0,"mRunTime":0,"mStartTime":71400000,"mTimeUnit":600000,"mWalkTime":50025,"runStep":0,"walkStep":75},{"distance":218.57999,"mCalorie":12.749999,"mOthersTime":0,"mRunTime":0,"mStartTime":72000000,"mTimeUnit":600000,"mWalkTime":212106,"runStep":0,"walkStep":318},{"distance":54.09,"mCalorie":3.1,"mOthersTime":0,"mRunTime":2400,"mStartTime":72600000,"mTimeUnit":600000,"mWalkTime":44022,"runStep":6,"walkStep":66},{"distance":9.28,"mCalorie":0.35,"mOthersTime":0,"mRunTime":0,"mStartTime":73200000,"mTimeUnit":600000,"mWalkTime":7337,"runStep":0,"walkStep":11},{"distance":14.03,"mCalorie":0.73,"mOthersTime":0,"mRunTime":0,"mStartTime":73800000,"mTimeUnit":600000,"mWalkTime":12673,"runStep":0,"walkStep":19},{"distance":6.8,"mCalorie":0.47,"mOthersTime":0,"mRunTime":0,"mStartTime":75000000,"mTimeUnit":600000,"mWalkTime":6670,"runStep":0,"walkStep":10},{"distance":22.06,"mCalorie":1.07,"mOthersTime":0,"mRunTime":0,"mStartTime":75600000,"mTimeUnit":600000,"mWalkTime":20677,"runStep":0,"walkStep":31},{"distance":69.229996,"mCalorie":3.44,"mOthersTime":0,"mRunTime":0,"mStartTime":76200000,"mTimeUnit":600000,"mWalkTime":66033,"runStep":0,"walkStep":99},{"distance":103.29,"mCalorie":4.8799996,"mOthersTime":0,"mRunTime":0,"mStartTime":76800000,"mTimeUnit":600000,"mWalkTime":92713,"runStep":0,"walkStep":139},{"distance":35.88,"mCalorie":1.61,"mOthersTime":0,"mRunTime":0,"mStartTime":78000000,"mTimeUnit":600000,"mWalkTime":30682,"runStep":0,"walkStep":46},{"distance":99.79,"mCalorie":5.15,"mOthersTime":0,"mRunTime":0,"mStartTime":79800000,"mTimeUnit":600000,"mWalkTime":94047,"runStep":0,"walkStep":141},{"distance":52.149998,"mCalorie":2.74,"mOthersTime":0,"mRunTime":3200,"mStartTime":80400000,"mTimeUnit":600000,"mWalkTime":33350,"runStep":8,"walkStep":50}],"version":1}