{"mAdaptiveGoal":0,"mIsGoalAchieved":false,"mIsMostActiveAchieved":false,"mMostActiveMinutes":0,"mStreakDayCount":0,"mUnitDataList":[{"distance":23.51,"mCalorie":1.04,"mOthersTime":0,"mRunTime":0,"mStartTime":7200000,"mTimeUnit":600000,"mWalkTime":20677,"runStep":0,"walkStep":31},{"distance":16.55,"mCalorie":0.79,"mOthersTime":0,"mRunTime":0,"mStartTime":19800000,"mTimeUnit":600000,"mWalkTime":14674,"runStep":0,"walkStep":22},{"distance":9.39,"mCalorie":0.67,"mOthersTime":0,"mRunTime":800,"mStartTime":20400000,"mTimeUnit":600000,"mWalkTime":8004,"runStep":2,"walkStep":12},{"distance":48.56,"mCalorie":2.4,"mOthersTime":0,"mRunTime":800,"mStartTime":22800000,"mTimeUnit":600000,"mWalkTime":40020,"runStep":2,"walkStep":60},{"distance":80.53999,"mCalorie":4.3599997,"mOthersTime":0,"mRunTime":0,"mStartTime":23400000,"mTimeUnit":600000,"mWalkTime":80040,"runStep":0,"walkStep":120},{"distance":132.23,"mCalorie":6.3,"mOthersTime":0,"mRunTime":0,"mStartTime":24000000,"mTimeUnit":600000,"mWalkTime":119393,"runStep":0,"walkStep":179},{"distance":216.85,"mCalorie":9.92,"mOthersTime":0,"mRunTime":0,"mStartTime":25800000,"mTimeUnit":600000,"mWalkTime":191399,"runStep":0,"walkStep":289},{"distance":64.72,"mCalorie":3.15,"mOthersTime":0,"mRunTime":0,"mStartTime":26400000,"mTimeUnit":600000,"mWalkTime":58696,"runStep":0,"walkStep":88},{"distance":39.999996,"mCalorie":2.09,"mOthersTime":0,"mRunTime":0,"mStartTime":27000000,"mTimeUnit":600000,"mWalkTime":36685,"runStep":0,"walkStep":55},{"distance":64.11,"mCalorie":2.95,"mOthersTime":0,"mRunTime":400,"mStartTime":27600000,"mTimeUnit":600000,"mWalkTime":56028,"runStep":1,"walkStep":84},{"distance":15.0,"mCalorie":0.62,"mOthersTime":0,"mRunTime":0,"mStartTime":28200000,"mTimeUnit":600000,"mWalkTime":12673,"runStep":0,"walkStep":19},{"distance":5.11,"mCalorie":0.25,"mOthersTime":0,"mRunTime":0,"mStartTime":30000000,"mTimeUnit":600000,"mWalkTime":4669,"runStep":0,"walkStep":7},{"distance":99.409996,"mCalorie":4.7099996,"mOthersTime":0,"mRunTime":0,"mStartTime":30600000,"mTimeUnit":600000,"mWalkTime":91379,"runStep":0,"walkStep":137},{"distance":463.12997,"mCalorie":22.9,"mOthersTime":0,"mRunTime":0,"mStartTime":31200000,"mTimeUnit":600000,"mWalkTime":391439,"runStep":0,"walkStep":635},{"distance":525.17993,"mCalorie":30.369995,"mOthersTime":0,"mRunTime":0,"mStartTime":31800000,"mTimeUnit":600000,"mWalkTime":433370,"runStep":0,"walkStep":743},{"distance":398.22,"mCalorie":20.540003,"mOthersTime":0,"mRunTime":0,"mStartTime":32400000,"mTimeUnit":600000,"mWalkTime":328711,"runStep":0,"walkStep":540},{"distance":55.27,"mCalorie":2.8899999,"mOthersTime":0,"mRunTime":0,"mStartTime":33000000,"mTimeUnit":600000,"mWalkTime":51359,"runStep":0,"walkStep":77},{"distance":32.9,"mCalorie":1.5899999,"mOthersTime":0,"mRunTime":0,"mStartTime":33600000,"mTimeUnit":600000,"mWalkTime":29348,"runStep":0,"walkStep":44},{"distance":68.1,"mCalorie":3.8899999,"mOthersTime":0,"mRunTime":800,"mStartTime":34200000,"mTimeUnit":600000,"mWalkTime":60697,"runStep":2,"walkStep":91},{"distance":95.35,"mCalorie":5.28,"mOthersTime":0,"mRunTime":4800,"mStartTime":34800000,"mTimeUnit":600000,"mWalkTime":72036,"runStep":12,"walkStep":108},{"distance":57.469997,"mCalorie":2.99,"mOthersTime":0,"mRunTime":0,"mStartTime":35400000,"mTimeUnit":600000,"mWalkTime":54694,"runStep":0,"walkStep":82},{"distance":54.72,"mCalorie":3.01,"mOthersTime":0,"mRunTime":1600,"mStartTime":36000000,"mTimeUnit":600000,"mWalkTime":45356,"runStep":4,"walkStep":68},{"distance":31.0,"mCalorie":1.51,"mOthersTime":0,"mRunTime":0,"mStartTime":36600000,"mTimeUnit":600000,"mWalkTime":27347,"runStep":0,"walkStep":41},{"distance":79.621,"mCalorie":4.4500003,"mOthersTime":0,"mRunTime":5200,"mStartTime":40800000,"mTimeUnit":600000,"mWalkTime":58696,"runStep":13,"walkStep":88},{"distance":57.91,"mCalorie":2.8000002,"mOthersTime":0,"mRunTime":0,"mStartTime":41400000,"mTimeUnit":600000,"mWalkTime":52026,"runStep":0,"walkStep":78},{"distance":79.25,"mCalorie":4.1899996,"mOthersTime":0,"mRunTime":0,"mStartTime":42000000,"mTimeUnit":600000,"mWalkTime":72036,"runStep":0,"walkStep":108},{"distance":65.64,"mCalorie":3.1000001,"mOthersTime":0,"mRunTime":0,"mStartTime":42600000,"mTimeUnit":600000,"mWalkTime":58696,"runStep":0,"walkStep":88},{"distance":67.289,"mCalorie":3.3899999,"mOthersTime":0,"mRunTime":0,"mStartTime":43200000,"mTimeUnit":600000,"mWalkTime":62698,"runStep":0,"walkStep":94},{"distance":24.04,"mCalorie":1.2099999,"mOthersTime":0,"mRunTime":0,"mStartTime":44400000,"mTimeUnit":600000,"mWalkTime":22011,"runStep":0,"walkStep":33},{"distance":7.07,"mCalorie":0.38,"mOthersTime":0,"mRunTime":0,"mStartTime":45000000,"mTimeUnit":600000,"mWalkTime":6670,"runStep":0,"walkStep":10},{"distance":53.69,"mCalorie":2.71,"mOthersTime":0,"mRunTime":0,"mStartTime":45600000,"mTimeUnit":600000,"mWalkTime":49358,"runStep":0,"walkStep":74},{"distance":50.67,"mCalorie":2.5500002,"mOthersTime":0,"mRunTime":0,"mStartTime":46200000,"mTimeUnit":600000,"mWalkTime":46023,"runStep":0,"walkStep":69},{"distance":178.01999,"mCalorie":10.3,"mOthersTime":0,"mRunTime":0,"mStartTime":46800000,"mTimeUnit":600000,"mWalkTime":173420,"runStep":0,"walkStep":260},{"distance":131.34,"mCalorie":7.3100004,"mOthersTime":0,"mRunTime":0,"mStartTime":47400000,"mTimeUnit":600000,"mWalkTime":119393,"runStep":0,"walkStep":179},{"distance":152.24998,"mCalorie":8.32,"mOthersTime":0,"mRunTime":0,"mStartTime":48000000,"mTimeUnit":600000,"mWalkTime":138706,"runStep":0,"walkStep":209},{"distance":8.77,"mCalorie":0.34,"mOthersTime":0,"mRunTime":0,"mStartTime":48600000,"mTimeUnit":600000,"mWalkTime":7337,"runStep":0,"walkStep":11},{"distance":54.38,"mCalorie":2.73,"mOthersTime":0,"mRunTime":0,"mStartTime":49200000,"mTimeUnit":600000,"mWalkTime":49358,"runStep":0,"walkStep":74},{"distance":195.75,"mCalorie":10.67,"mOthersTime":0,"mRunTime":0,"mStartTime":51600000,"mTimeUnit":600000,"mWalkTime":178726,"runStep":0,"walkStep":270},{"distance":120.28,"mCalorie":6.0699997,"mOthersTime":0,"mRunTime":0,"mStartTime":52200000,"mTimeUnit":600000,"mWalkTime":108054,"runStep":0,"walkStep":162},{"distance":214.67099,"mCalorie":10.929999,"mOthersTime":0,"mRunTime":1600,"mStartTime":52800000,"mTimeUnit":600000,"mWalkTime":175391,"runStep":4,"walkStep":285},{"distance":7.17,"mCalorie":0.37,"mOthersTime":0,"mRunTime":0,"mStartTime":53400000,"mTimeUnit":600000,"mWalkTime":6670,"runStep":0,"walkStep":10},{"distance":103.64,"mCalorie":5.1899996,"mOthersTime":0,"mRunTime":0,"mStartTime":54600000,"mTimeUnit":600000,"mWalkTime":95381,"runStep":0,"walkStep":143},{"distance":23.07,"mCalorie":1.27,"mOthersTime":0,"mRunTime":0,"mStartTime":55800000,"mTimeUnit":600000,"mWalkTime":22011,"runStep":0,"walkStep":33},{"distance":8.51,"mCalorie":0.45,"mOthersTime":0,"mRunTime":0,"mStartTime":56400000,"mTimeUnit":600000,"mWalkTime":8004,"runStep":0,"walkStep":12},{"distance":58.25,"mCalorie":3.0900002,"mOthersTime":0,"mRunTime":0,"mStartTime":57000000,"mTimeUnit":600000,"mWalkTime":52693,"runStep":0,"walkStep":79},{"distance":134.35,"mCalorie":7.29,"mOthersTime":0,"mRunTime":0,"mStartTime":57600000,"mTimeUnit":600000,"mWalkTime":124729,"runStep":0,"walkStep":187},{"distance":23.74,"mCalorie":1.03,"mOthersTime":0,"mRunTime":0,"mStartTime":58200000,"mTimeUnit":600000,"mWalkTime":21344,"runStep":0,"walkStep":32},{"distance":64.979996,"mCalorie":3.05,"mOthersTime":0,"mRunTime":0,"mStartTime":58800000,"mTimeUnit":600000,"mWalkTime":57362,"runStep":0,"walkStep":86},{"distance":32.4,"mCalorie":1.73,"mOthersTime":0,"mRunTime":0,"mStartTime":59400000,"mTimeUnit":600000,"mWalkTime":30015,"runStep":0,"walkStep":45},{"distance":17.529999,"mCalorie":0.86,"mOthersTime":0,"mRunTime":0,"mStartTime":61200000,"mTimeUnit":600000,"mWalkTime":16008,"runStep":0,"walkStep":24},{"distance":91.759995,"mCalorie":4.58,"mOthersTime":0,"mRunTime":2000,"mStartTime":61800000,"mTimeUnit":600000,"mWalkTime":76038,"runStep":5,"walkStep":114},{"distance":284.99,"mCalorie":14.52,"mOthersTime":0,"mRunTime":2000,"mStartTime":62400000,"mTimeUnit":600000,"mWalkTime":236695,"runStep":5,"walkStep":400},{"distance":452.48004,"mCalorie":24.210001,"mOthersTime":0,"mRunTime":0,"mStartTime":63000000,"mTimeUnit":600000,"mWalkTime":396108,"runStep":0,"walkStep":617},{"distance":101.651,"mCalorie":4.92,"mOthersTime":0,"mRunTime":400,"mStartTime":63600000,"mTimeUnit":600000,"mWalkTime":88711,"runStep":1,"walkStep":133},{"distance":301.36,"mCalorie":15.429999,"mOthersTime":0,"mRunTime":0,"mStartTime":64800000,"mTimeUnit":600000,"mWalkTime":244032,"runStep":0,"walkStep":404},{"distance":265.41,"mCalorie":16.53,"mOthersTime":0,"mRunTime":0,"mStartTime":65400000,"mTimeUnit":600000,"mWalkTime":229358,"runStep":0,"walkStep":377},{"distance":143.41101,"mCalorie":7.8999996,"mOthersTime":0,"mRunTime":0,"mStartTime":66000000,"mTimeUnit":600000,"mWalkTime":134734,"runStep":0,"walkStep":202},{"distance":27.029999,"mCalorie":1.3599999,"mOthersTime":0,"mRunTime":0,"mStartTime":67200000,"mTimeUnit":600000,"mWalkTime":24012,"runStep":0,"walkStep":36},{"distance":51.278,"mCalorie":3.0700002,"mOthersTime":0,"mRunTime":0,"mStartTime":67800000,"mTimeUnit":600000,"mWalkTime":58029,"runStep":0,"walkStep":87},{"distance":163.409,"mCalorie":7.96,"mOthersTime":0,"mRunTime":0,"mStartTime":68400000,"mTimeUnit":600000,"mWalkTime":144739,"runStep":0,"walkStep":217},{"distance":40.03,"mCalorie":2.01,"mOthersTime":0,"mRunTime":0,"mStartTime":70800000,"mTimeUnit":600000,"mWalkTime":36685,"runStep":0,"walkStep":55},{"distance":65.94,"mCalorie":3.43,"mOthersTime":0,"mRunTime":0,"mStartTime":71400000,"mTimeUnit":600000,"mWalkTime":61364,"runStep":0,"walkStep":92},{"distance":176.77,"mCalorie":8.349999,"mOthersTime":0,"mRunTime":0,"mStartTime":72000000,"mTimeUnit":600000,"mWalkTime":158079,"runStep":0,"walkStep":237},{"distance":11.91,"mCalorie":0.75,"mOthersTime":0,"mRunTime":0,"mStartTime":72600000,"mTimeUnit":600000,"mWalkTime":11339,"runStep":0,"walkStep":17},{"distance":59.8,"mCalorie":3.0900002,"mOthersTime":0,"mRunTime":0,"mStartTime":73200000,"mTimeUnit":600000,"mWalkTime":54027,"runStep":0,"walkStep":81},{"distance":29.489998,"mCalorie":1.5899999,"mOthersTime":0,"mRunTime":0,"mStartTime":78600000,"mTimeUnit":600000,"mWalkTime":28681,"runStep":0,"walkStep":43},{"distance":28.21,"mCalorie":1.61,"mOthersTime":0,"mRunTime":0,"mStartTime":79200000,"mTimeUnit":600000,"mWalkTime":27347,"runStep":0,"walkStep":41}],"version":1}