{"mActivityList":[{"mActiveTime":1894781,"mActiveTimeType":0,"mCalorie":117.0,"mCategory":204,"mDetailInfoId":"e3f612a9-2610-7680-6722-e6b2ff58fe26","mDistance":2280.36,"mDuration":1894781,"mEndTime":39342975,"mStartTime":37448194,"mType":1001},{"mActiveTime":1422793,"mActiveTimeType":0,"mCalorie":163.0,"mCategory":204,"mDetailInfoId":"306f98dd-9727-b146-00ce-51b7e154254a","mDistance":1608.0,"mDuration":1422793,"mEndTime":41785988,"mStartTime":40363195,"mType":1001}],"mAdaptiveGoal":0,"mIsGoalAchieved":false,"mIsMostActiveAchieved":false,"mMostActiveMinutes":0,"mStreakDayCount":0,"mUnitDataList":[{"distance":27.619999,"mCalorie":1.26,"mOthersTime":0,"mRunTime":0,"mStartTime":13200000,"mTimeUnit":600000,"mWalkTime":25346,"runStep":0,"walkStep":38},{"distance":8.4,"mCalorie":0.47,"mOthersTime":0,"mRunTime":0,"mStartTime":20400000,"mTimeUnit":600000,"mWalkTime":7337,"runStep":0,"walkStep":11},{"distance":31.4,"mCalorie":1.75,"mOthersTime":0,"mRunTime":1600,"mStartTime":24000000,"mTimeUnit":600000,"mWalkTime":23345,"runStep":4,"walkStep":35},{"distance":41.87,"mCalorie":2.1000001,"mOthersTime":0,"mRunTime":0,"mStartTime":24600000,"mTimeUnit":600000,"mWalkTime":38686,"runStep":0,"walkStep":58},{"distance":30.33,"mCalorie":1.39,"mOthersTime":0,"mRunTime":0,"mStartTime":25200000,"mTimeUnit":600000,"mWalkTime":28014,"runStep":0,"walkStep":42},{"distance":89.69,"mCalorie":4.64,"mOthersTime":0,"mRunTime":1600,"mStartTime":31200000,"mTimeUnit":600000,"mWalkTime":76038,"runStep":4,"walkStep":114},{"distance":8.72,"mCalorie":0.34,"mOthersTime":0,"mRunTime":0,"mStartTime":31800000,"mTimeUnit":600000,"mWalkTime":7337,"runStep":0,"walkStep":11},{"distance":45.13,"mCalorie":2.44,"mOthersTime":0,"mRunTime":0,"mStartTime":33000000,"mTimeUnit":600000,"mWalkTime":42688,"runStep":0,"walkStep":64},{"distance":89.159996,"mCalorie":4.35,"mOthersTime":0,"mRunTime":0,"mStartTime":33600000,"mTimeUnit":600000,"mWalkTime":80707,"runStep":0,"walkStep":121},{"distance":10.26,"mCalorie":0.48,"mOthersTime":0,"mRunTime":0,"mStartTime":36600000,"mTimeUnit":600000,"mWalkTime":9338,"runStep":0,"walkStep":14},{"distance":509.9118,"mCalorie":26.172863,"mOthersTime":0,"mRunTime":0,"mStartTime":37200000,"mTimeUnit":600000,"mWalkTime":430702,"runStep":0,"walkStep":702},{"distance":722.0972,"mCalorie":37.049137,"mOthersTime":0,"mRunTime":0,"mStartTime":37800000,"mTimeUnit":600000,"mWalkTime":600000,"runStep":0,"walkStep":1042},{"distance":722.0972,"mCalorie":37.049137,"mOthersTime":0,"mRunTime":0,"mStartTime":38400000,"mTimeUnit":600000,"mWalkTime":600000,"runStep":0,"walkStep":1034},{"distance":442.94226,"mCalorie":22.76089,"mOthersTime":0,"mRunTime":0,"mStartTime":39000000,"mTimeUnit":600000,"mWalkTime":370961,"runStep":0,"walkStep":528},{"distance":114.799995,"mCalorie":6.25,"mOthersTime":0,"mRunTime":0,"mStartTime":39600000,"mTimeUnit":600000,"mWalkTime":108054,"runStep":0,"walkStep":162},{"distance":532.57605,"mCalorie":52.115227,"mOthersTime":0,"mRunTime":0,"mStartTime":40200000,"mTimeUnit":600000,"mWalkTime":472818,"runStep":0,"walkStep":758},{"distance":678.10284,"mCalorie":68.73804,"mOthersTime":0,"mRunTime":0,"mStartTime":40800000,"mTimeUnit":600000,"mWalkTime":600000,"runStep":0,"walkStep":985},{"distance":479.4126,"mCalorie":46.600098,"mOthersTime":0,"mRunTime":0,"mStartTime":41400000,"mTimeUnit":600000,"mWalkTime":426008,"runStep":0,"walkStep":618},{"distance":8.8,"mCalorie":0.41,"mOthersTime":0,"mRunTime":0,"mStartTime":42000000,"mTimeUnit":600000,"mWalkTime":8004,"runStep":0,"walkStep":12},{"distance":43.32,"mCalorie":1.86,"mOthersTime":0,"mRunTime":0,"mStartTime":43200000,"mTimeUnit":600000,"mWalkTime":36018,"runStep":0,"walkStep":54},{"distance":68.23,"mCalorie":3.29,"mOthersTime":0,"mRunTime":1600,"mStartTime":43800000,"mTimeUnit":600000,"mWalkTime":56695,"runStep":4,"walkStep":85},{"distance":28.63,"mCalorie":1.39,"mOthersTime":0,"mRunTime":0,"mStartTime":45000000,"mTimeUnit":600000,"mWalkTime":25346,"runStep":0,"walkStep":38},{"distance":19.18,"mCalorie":1.0699999,"mOthersTime":0,"mRunTime":0,"mStartTime":46200000,"mTimeUnit":600000,"mWalkTime":18676,"runStep":0,"walkStep":28},{"distance":29.17,"mCalorie":1.31,"mOthersTime":0,"mRunTime":0,"mStartTime":48000000,"mTimeUnit":600000,"mWalkTime":25346,"runStep":0,"walkStep":38},{"distance":13.39,"mCalorie":0.57,"mOthersTime":0,"mRunTime":0,"mStartTime":48600000,"mTimeUnit":600000,"mWalkTime":12006,"runStep":0,"walkStep":18},{"distance":19.61,"mCalorie":0.91999996,"mOthersTime":0,"mRunTime":0,"mStartTime":49200000,"mTimeUnit":600000,"mWalkTime":17342,"runStep":0,"walkStep":26},{"distance":35.14,"mCalorie":1.98,"mOthersTime":0,"mRunTime":0,"mStartTime":49800000,"mTimeUnit":600000,"mWalkTime":30015,"runStep":0,"walkStep":45},{"distance":8.59,"mCalorie":0.4,"mOthersTime":0,"mRunTime":0,"mStartTime":51600000,"mTimeUnit":600000,"mWalkTime":7337,"runStep":0,"walkStep":11},{"distance":15.86,"mCalorie":0.89,"mOthersTime":0,"mRunTime":0,"mStartTime":52800000,"mTimeUnit":600000,"mWalkTime":15341,"runStep":0,"walkStep":23},{"distance":29.919998,"mCalorie":1.46,"mOthersTime":0,"mRunTime":0,"mStartTime":54000000,"mTimeUnit":600000,"mWalkTime":27347,"runStep":0,"walkStep":41},{"distance":23.880001,"mCalorie":1.14,"mOthersTime":0,"mRunTime":0,"mStartTime":54600000,"mTimeUnit":600000,"mWalkTime":20010,"runStep":0,"walkStep":30},{"distance":19.55,"mCalorie":0.82,"mOthersTime":0,"mRunTime":0,"mStartTime":55200000,"mTimeUnit":600000,"mWalkTime":16675,"runStep":0,"walkStep":25},{"distance":13.12,"mCalorie":0.66,"mOthersTime":0,"mRunTime":0,"mStartTime":55800000,"mTimeUnit":600000,"mWalkTime":12006,"runStep":0,"walkStep":18},{"distance":7.32,"mCalorie":0.34,"mOthersTime":0,"mRunTime":0,"mStartTime":56400000,"mTimeUnit":600000,"mWalkTime":6670,"runStep":0,"walkStep":10},{"distance":36.14,"mCalorie":1.66,"mOthersTime":0,"mRunTime":0,"mStartTime":57000000,"mTimeUnit":600000,"mWalkTime":31349,"runStep":0,"walkStep":47},{"distance":13.36,"mCalorie":0.69,"mOthersTime":0,"mRunTime":0,"mStartTime":60000000,"mTimeUnit":600000,"mWalkTime":12006,"runStep":0,"walkStep":18},{"distance":22.75,"mCalorie":1.04,"mOthersTime":0,"mRunTime":0,"mStartTime":63000000,"mTimeUnit":600000,"mWalkTime":20010,"runStep":0,"walkStep":30},{"distance":12.21,"mCalorie":0.74,"mOthersTime":0,"mRunTime":0,"mStartTime":63600000,"mTimeUnit":600000,"mWalkTime":12006,"runStep":0,"walkStep":18},{"distance":15.629,"mCalorie":0.84,"mOthersTime":0,"mRunTime":0,"mStartTime":64200000,"mTimeUnit":600000,"mWalkTime":14007,"runStep":0,"walkStep":21},{"distance":14.959999,"mCalorie":0.77,"mOthersTime":0,"mRunTime":0,"mStartTime":64800000,"mTimeUnit":600000,"mWalkTime":14007,"runStep":0,"walkStep":21},{"distance":8.05,"mCalorie":0.4,"mOthersTime":0,"mRunTime":0,"mStartTime":65400000,"mTimeUnit":600000,"mWalkTime":7337,"runStep":0,"walkStep":11},{"distance":24.02,"mCalorie":1.11,"mOthersTime":0,"mRunTime":0,"mStartTime":69000000,"mTimeUnit":600000,"mWalkTime":22011,"runStep":0,"walkStep":33},{"distance":8.0,"mCalorie":0.32,"mOthersTime":0,"mRunTime":0,"mStartTime":69600000,"mTimeUnit":600000,"mWalkTime":6670,"runStep":0,"walkStep":10},{"distance":41.44,"mCalorie":2.18,"mOthersTime":0,"mRunTime":0,"mStartTime":70200000,"mTimeUnit":600000,"mWalkTime":38019,"runStep":0,"walkStep":57},{"distance":21.11,"mCalorie":0.98,"mOthersTime":0,"mRunTime":0,"mStartTime":72000000,"mTimeUnit":600000,"mWalkTime":18676,"runStep":0,"walkStep":28},{"distance":13.29,"mCalorie":0.69,"mOthersTime":0,"mRunTime":0,"mStartTime":76200000,"mTimeUnit":600000,"mWalkTime":12673,"runStep":0,"walkStep":19},{"distance":6.94,"mCalorie":0.36,"mOthersTime":0,"mRunTime":0,"mStartTime":78600000,"mTimeUnit":600000,"mWalkTime":6670,"runStep":0,"walkStep":10},{"distance":54.750004,"mCalorie":2.78,"mOthersTime":0,"mRunTime":0,"mStartTime":79200000,"mTimeUnit":600000,"mWalkTime":50692,"runStep":0,"walkStep":76},{"distance":47.300003,"mCalorie":2.32,"mOthersTime":0,"mRunTime":0,"mStartTime":79800000,"mTimeUnit":600000,"mWalkTime":40687,"runStep":0,"walkStep":61},{"distance":8.74,"mCalorie":0.38,"mOthersTime":0,"mRunTime":0,"mStartTime":80400000,"mTimeUnit":600000,"mWalkTime":7337,"runStep":0,"walkStep":11},{"distance":0.79,"mCalorie":0.04,"mOthersTime":0,"mRunTime":0,"mStartTime":81000000,"mTimeUnit":600000,"mWalkTime":667,"runStep":0,"walkStep":1}],"version":1}