{"mAdaptiveGoal":0,"mIsGoalAchieved":false,"mIsMostActiveAchieved":false,"mMostActiveMinutes":0,"mStreakDayCount":0,"mUnitDataList":[{"distance":13.47,"mCalorie":0.59,"mOthersTime":0,"mRunTime":0,"mStartTime":5400000,"mTimeUnit":600000,"mWalkTime":11339,"runStep":0,"walkStep":17},{"distance":28.03,"mCalorie":1.23,"mOthersTime":0,"mRunTime":0,"mStartTime":21000000,"mTimeUnit":600000,"mWalkTime":23345,"runStep":0,"walkStep":35},{"distance":6.95,"mCalorie":0.32,"mOthersTime":0,"mRunTime":0,"mStartTime":27600000,"mTimeUnit":600000,"mWalkTime":6003,"runStep":0,"walkStep":9},{"distance":8.06,"mCalorie":0.41,"mOthersTime":0,"mRunTime":0,"mStartTime":33000000,"mTimeUnit":600000,"mWalkTime":7337,"runStep":0,"walkStep":11},{"distance":62.94,"mCalorie":3.27,"mOthersTime":0,"mRunTime":0,"mStartTime":33600000,"mTimeUnit":600000,"mWalkTime":57362,"runStep":0,"walkStep":86},{"distance":334.47998,"mCalorie":20.369999,"mOthersTime":0,"mRunTime":0,"mStartTime":34200000,"mTimeUnit":600000,"mWalkTime":288721,"runStep":0,"walkStep":481},{"distance":330.74896,"mCalorie":16.619999,"mOthersTime":0,"mRunTime":0,"mStartTime":34800000,"mTimeUnit":600000,"mWalkTime":289448,"runStep":0,"walkStep":447},{"distance":215.39,"mCalorie":11.610001,"mOthersTime":0,"mRunTime":0,"mStartTime":35400000,"mTimeUnit":600000,"mWalkTime":198766,"runStep":0,"walkStep":298},{"distance":261.36,"mCalorie":13.0199995,"mOthersTime":0,"mRunTime":0,"mStartTime":36000000,"mTimeUnit":600000,"mWalkTime":233420,"runStep":0,"walkStep":350},{"distance":52.66,"mCalorie":2.48,"mOthersTime":0,"mRunTime":0,"mStartTime":36600000,"mTimeUnit":600000,"mWalkTime":47357,"runStep":0,"walkStep":71},{"distance":33.57,"mCalorie":1.71,"mOthersTime":0,"mRunTime":0,"mStartTime":37800000,"mTimeUnit":600000,"mWalkTime":32016,"runStep":0,"walkStep":48},{"distance":12.48,"mCalorie":0.72,"mOthersTime":0,"mRunTime":0,"mStartTime":39000000,"mTimeUnit":600000,"mWalkTime":11339,"runStep":0,"walkStep":17},{"distance":149.357,"mCalorie":6.96,"mOthersTime":0,"mRunTime":0,"mStartTime":39600000,"mTimeUnit":600000,"mWalkTime":133400,"runStep":0,"walkStep":200},{"distance":358.204,"mCalorie":18.17,"mOthersTime":0,"mRunTime":0,"mStartTime":40200000,"mTimeUnit":600000,"mWalkTime":322798,"runStep":0,"walkStep":484},{"distance":159.84999,"mCalorie":8.349999,"mOthersTime":0,"mRunTime":0,"mStartTime":40800000,"mTimeUnit":600000,"mWalkTime":148741,"runStep":0,"walkStep":223},{"distance":31.021,"mCalorie":1.45,"mOthersTime":0,"mRunTime":0,"mStartTime":41400000,"mTimeUnit":600000,"mWalkTime":27347,"runStep":0,"walkStep":41},{"distance":12.46,"mCalorie":0.65,"mOthersTime":0,"mRunTime":0,"mStartTime":42000000,"mTimeUnit":600000,"mWalkTime":11339,"runStep":0,"walkStep":17},{"distance":157.66101,"mCalorie":7.72,"mOthersTime":0,"mRunTime":2000,"mStartTime":42600000,"mTimeUnit":600000,"mWalkTime":142071,"runStep":5,"walkStep":213},{"distance":20.95,"mCalorie":1.06,"mOthersTime":0,"mRunTime":0,"mStartTime":43200000,"mTimeUnit":600000,"mWalkTime":19343,"runStep":0,"walkStep":29},{"distance":211.225,"mCalorie":10.46,"mOthersTime":0,"mRunTime":0,"mStartTime":43800000,"mTimeUnit":600000,"mWalkTime":183365,"runStep":0,"walkStep":288},{"distance":20.810001,"mCalorie":1.12,"mOthersTime":0,"mRunTime":0,"mStartTime":45000000,"mTimeUnit":600000,"mWalkTime":19343,"runStep":0,"walkStep":29},{"distance":204.23001,"mCalorie":10.49,"mOthersTime":0,"mRunTime":0,"mStartTime":46200000,"mTimeUnit":600000,"mWalkTime":172056,"runStep":0,"walkStep":272},{"distance":183.31,"mCalorie":9.280001,"mOthersTime":0,"mRunTime":0,"mStartTime":46800000,"mTimeUnit":600000,"mWalkTime":162718,"runStep":0,"walkStep":248},{"distance":212.9,"mCalorie":11.87,"mOthersTime":0,"mRunTime":3600,"mStartTime":47400000,"mTimeUnit":600000,"mWalkTime":186093,"runStep":9,"walkStep":279},{"distance":9.03,"mCalorie":0.39,"mOthersTime":0,"mRunTime":0,"mStartTime":48600000,"mTimeUnit":600000,"mWalkTime":8004,"runStep":0,"walkStep":12},{"distance":43.480003,"mCalorie":2.1999998,"mOthersTime":0,"mRunTime":0,"mStartTime":51000000,"mTimeUnit":600000,"mWalkTime":40020,"runStep":0,"walkStep":60},{"distance":38.22,"mCalorie":2.21,"mOthersTime":0,"mRunTime":1200,"mStartTime":51600000,"mTimeUnit":600000,"mWalkTime":32016,"runStep":3,"walkStep":48},{"distance":100.966995,"mCalorie":5.2100005,"mOthersTime":0,"mRunTime":4000,"mStartTime":52200000,"mTimeUnit":600000,"mWalkTime":82708,"runStep":10,"walkStep":124},{"distance":15.290001,"mCalorie":0.63,"mOthersTime":0,"mRunTime":0,"mStartTime":52800000,"mTimeUnit":600000,"mWalkTime":13340,"runStep":0,"walkStep":20},{"distance":145.27002,"mCalorie":7.2200003,"mOthersTime":0,"mRunTime":2000,"mStartTime":55800000,"mTimeUnit":600000,"mWalkTime":124062,"runStep":5,"walkStep":186},{"distance":259.838,"mCalorie":14.349,"mOthersTime":0,"mRunTime":27200,"mStartTime":56400000,"mTimeUnit":600000,"mWalkTime":176088,"runStep":68,"walkStep":264},{"distance":32.895,"mCalorie":1.671,"mOthersTime":0,"mRunTime":0,"mStartTime":57000000,"mTimeUnit":600000,"mWalkTime":30015,"runStep":0,"walkStep":45},{"distance":40.440002,"mCalorie":1.87,"mOthersTime":0,"mRunTime":0,"mStartTime":58200000,"mTimeUnit":600000,"mWalkTime":35351,"runStep":0,"walkStep":53},{"distance":69.343994,"mCalorie":3.959,"mOthersTime":0,"mRunTime":8000,"mStartTime":58800000,"mTimeUnit":600000,"mWalkTime":41354,"runStep":20,"walkStep":62},{"distance":104.369995,"mCalorie":5.3599997,"mOthersTime":0,"mRunTime":800,"mStartTime":59400000,"mTimeUnit":600000,"mWalkTime":94047,"runStep":2,"walkStep":141},{"distance":22.4,"mCalorie":1.02,"mOthersTime":0,"mRunTime":0,"mStartTime":60600000,"mTimeUnit":600000,"mWalkTime":20010,"runStep":0,"walkStep":30},{"distance":148.8,"mCalorie":8.28,"mOthersTime":0,"mRunTime":800,"mStartTime":63600000,"mTimeUnit":600000,"mWalkTime":132733,"runStep":2,"walkStep":199},{"distance":166.319,"mCalorie":8.74,"mOthersTime":0,"mRunTime":0,"mStartTime":64200000,"mTimeUnit":600000,"mWalkTime":150075,"runStep":0,"walkStep":225},{"distance":335.41998,"mCalorie":17.17,"mOthersTime":0,"mRunTime":0,"mStartTime":64800000,"mTimeUnit":600000,"mWalkTime":299483,"runStep":0,"walkStep":449},{"distance":11.62,"mCalorie":0.55,"mOthersTime":0,"mRunTime":0,"mStartTime":65400000,"mTimeUnit":600000,"mWalkTime":10672,"runStep":0,"walkStep":16},{"distance":147.15,"mCalorie":7.9900002,"mOthersTime":0,"mRunTime":2800,"mStartTime":66600000,"mTimeUnit":600000,"mWalkTime":124062,"runStep":7,"walkStep":186},{"distance":42.520004,"mCalorie":1.9699999,"mOthersTime":0,"mRunTime":0,"mStartTime":67200000,"mTimeUnit":600000,"mWalkTime":37352,"runStep":0,"walkStep":56},{"distance":27.14,"mCalorie":1.01,"mOthersTime":0,"mRunTime":0,"mStartTime":67800000,"mTimeUnit":600000,"mWalkTime":14674,"runStep":0,"walkStep":22},{"distance":26.119999,"mCalorie":1.22,"mOthersTime":0,"mRunTime":0,"mStartTime":69000000,"mTimeUnit":600000,"mWalkTime":23345,"runStep":0,"walkStep":35},{"distance":39.46,"mCalorie":2.3200002,"mOthersTime":0,"mRunTime":4800,"mStartTime":69600000,"mTimeUnit":600000,"mWalkTime":24679,"runStep":12,"walkStep":37},{"distance":35.2,"mCalorie":1.81,"mOthersTime":0,"mRunTime":0,"mStartTime":70200000,"mTimeUnit":600000,"mWalkTime":33350,"runStep":0,"walkStep":50},{"distance":52.85,"mCalorie":2.65,"mOthersTime":0,"mRunTime":0,"mStartTime":70800000,"mTimeUnit":600000,"mWalkTime":49358,"runStep":0,"walkStep":74},{"distance":31.84,"mCalorie":1.55,"mOthersTime":0,"mRunTime":0,"mStartTime":72600000,"mTimeUnit":600000,"mWalkTime":27347,"runStep":0,"walkStep":41},{"distance":42.690002,"mCalorie":2.03,"mOthersTime":0,"mRunTime":0,"mStartTime":73200000,"mTimeUnit":600000,"mWalkTime":38686,"runStep":0,"walkStep":58},{"distance":47.1,"mCalorie":2.4499998,"mOthersTime":0,"mRunTime":0,"mStartTime":73800000,"mTimeUnit":600000,"mWalkTime":42688,"runStep":0,"walkStep":64},{"distance":16.140001,"mCalorie":0.80999994,"mOthersTime":0,"mRunTime":0,"mStartTime":74400000,"mTimeUnit":600000,"mWalkTime":14674,"runStep":0,"walkStep":22},{"distance":24.380001,"mCalorie":0.92999995,"mOthersTime":0,"mRunTime":400,"mStartTime":79200000,"mTimeUnit":600000,"mWalkTime":13340,"runStep":1,"walkStep":20},{"distance":57.629997,"mCalorie":3.27,"mOthersTime":0,"mRunTime":3200,"mStartTime":79800000,"mTimeUnit":600000,"mWalkTime":45356,"runStep":8,"walkStep":68}],"version":1}