{"mActivityList":[{"mActiveTime":777700,"mActiveTimeType":0,"mCalorie":81.0,"mCategory":204,"mDetailInfoId":"74e3fc50-4856-cfd8-3a52-107f51723d82","mDistance":889.57,"mDuration":777700,"mEndTime":74295620,"mStartTime":73517920,"mType":1001}],"mAdaptiveGoal":0,"mIsGoalAchieved":false,"mIsMostActiveAchieved":false,"mMostActiveMinutes":0,"mStreakDayCount":0,"mUnitDataList":[{"distance":38.48,"mCalorie":1.89,"mOthersTime":0,"mRunTime":0,"mStartTime":8400000,"mTimeUnit":600000,"mWalkTime":34017,"runStep":0,"walkStep":51},{"distance":9.66,"mCalorie":0.7,"mOthersTime":0,"mRunTime":800,"mStartTime":18600000,"mTimeUnit":600000,"mWalkTime":8004,"runStep":2,"walkStep":12},{"distance":9.75,"mCalorie":0.61,"mOthersTime":0,"mRunTime":0,"mStartTime":19200000,"mTimeUnit":600000,"mWalkTime":7337,"runStep":0,"walkStep":11},{"distance":35.79,"mCalorie":1.75,"mOthersTime":0,"mRunTime":0,"mStartTime":23400000,"mTimeUnit":600000,"mWalkTime":32016,"runStep":0,"walkStep":48},{"distance":37.32,"mCalorie":2.1,"mOthersTime":0,"mRunTime":800,"mStartTime":24000000,"mTimeUnit":600000,"mWalkTime":29348,"runStep":2,"walkStep":44},{"distance":70.85,"mCalorie":3.46,"mOthersTime":0,"mRunTime":0,"mStartTime":24600000,"mTimeUnit":600000,"mWalkTime":68034,"runStep":0,"walkStep":102},{"distance":196.69,"mCalorie":9.24,"mOthersTime":0,"mRunTime":400,"mStartTime":25200000,"mTimeUnit":600000,"mWalkTime":160050,"runStep":1,"walkStep":258},{"distance":320.4,"mCalorie":14.87,"mOthersTime":0,"mRunTime":0,"mStartTime":27000000,"mTimeUnit":600000,"mWalkTime":268044,"runStep":0,"walkStep":435},{"distance":82.75,"mCalorie":3.72,"mOthersTime":0,"mRunTime":0,"mStartTime":27600000,"mTimeUnit":600000,"mWalkTime":75371,"runStep":0,"walkStep":113},{"distance":51.91,"mCalorie":2.3500001,"mOthersTime":0,"mRunTime":0,"mStartTime":28200000,"mTimeUnit":600000,"mWalkTime":44689,"runStep":0,"walkStep":67},{"distance":166.43001,"mCalorie":8.01,"mOthersTime":0,"mRunTime":0,"mStartTime":28800000,"mTimeUnit":600000,"mWalkTime":150075,"runStep":0,"walkStep":225},{"distance":91.25,"mCalorie":4.24,"mOthersTime":0,"mRunTime":1200,"mStartTime":29400000,"mTimeUnit":600000,"mWalkTime":71369,"runStep":3,"walkStep":107},{"distance":15.900001,"mCalorie":0.72,"mOthersTime":0,"mRunTime":0,"mStartTime":31200000,"mTimeUnit":600000,"mWalkTime":14007,"runStep":0,"walkStep":21},{"distance":19.720001,"mCalorie":1.01,"mOthersTime":0,"mRunTime":0,"mStartTime":31800000,"mTimeUnit":600000,"mWalkTime":18676,"runStep":0,"walkStep":28},{"distance":31.91,"mCalorie":1.65,"mOthersTime":0,"mRunTime":0,"mStartTime":33000000,"mTimeUnit":600000,"mWalkTime":30015,"runStep":0,"walkStep":45},{"distance":36.19,"mCalorie":1.67,"mOthersTime":0,"mRunTime":0,"mStartTime":34800000,"mTimeUnit":600000,"mWalkTime":32683,"runStep":0,"walkStep":49},{"distance":23.33,"mCalorie":1.13,"mOthersTime":0,"mRunTime":0,"mStartTime":35400000,"mTimeUnit":600000,"mWalkTime":21344,"runStep":0,"walkStep":32},{"distance":13.47,"mCalorie":0.74,"mOthersTime":0,"mRunTime":0,"mStartTime":36600000,"mTimeUnit":600000,"mWalkTime":12673,"runStep":0,"walkStep":19},{"distance":18.45,"mCalorie":0.91,"mOthersTime":0,"mRunTime":0,"mStartTime":37800000,"mTimeUnit":600000,"mWalkTime":17342,"runStep":0,"walkStep":26},{"distance":8.96,"mCalorie":0.43,"mOthersTime":0,"mRunTime":0,"mStartTime":38400000,"mTimeUnit":600000,"mWalkTime":8004,"runStep":0,"walkStep":12},{"distance":17.12,"mCalorie":1.05,"mOthersTime":0,"mRunTime":2000,"mStartTime":39600000,"mTimeUnit":600000,"mWalkTime":6670,"runStep":5,"walkStep":10},{"distance":84.53,"mCalorie":4.18,"mOthersTime":0,"mRunTime":0,"mStartTime":40200000,"mTimeUnit":600000,"mWalkTime":78039,"runStep":0,"walkStep":117},{"distance":19.36,"mCalorie":0.99,"mOthersTime":0,"mRunTime":400,"mStartTime":40800000,"mTimeUnit":600000,"mWalkTime":15341,"runStep":1,"walkStep":23},{"distance":7.84,"mCalorie":0.41,"mOthersTime":0,"mRunTime":0,"mStartTime":41400000,"mTimeUnit":600000,"mWalkTime":7337,"runStep":0,"walkStep":11},{"distance":34.620003,"mCalorie":2.01,"mOthersTime":0,"mRunTime":2000,"mStartTime":42000000,"mTimeUnit":600000,"mWalkTime":26013,"runStep":5,"walkStep":39},{"distance":58.32,"mCalorie":3.02,"mOthersTime":0,"mRunTime":0,"mStartTime":42600000,"mTimeUnit":600000,"mWalkTime":53360,"runStep":0,"walkStep":80},{"distance":92.420006,"mCalorie":4.65,"mOthersTime":0,"mRunTime":0,"mStartTime":43200000,"mTimeUnit":600000,"mWalkTime":88711,"runStep":0,"walkStep":133},{"distance":220.58,"mCalorie":11.58,"mOthersTime":0,"mRunTime":0,"mStartTime":43800000,"mTimeUnit":600000,"mWalkTime":186730,"runStep":0,"walkStep":297},{"distance":10.88,"mCalorie":0.5,"mOthersTime":0,"mRunTime":0,"mStartTime":44400000,"mTimeUnit":600000,"mWalkTime":9338,"runStep":0,"walkStep":14},{"distance":4.62,"mCalorie":0.21,"mOthersTime":0,"mRunTime":0,"mStartTime":45000000,"mTimeUnit":600000,"mWalkTime":4002,"runStep":0,"walkStep":6},{"distance":24.36,"mCalorie":1.21,"mOthersTime":0,"mRunTime":0,"mStartTime":46200000,"mTimeUnit":600000,"mWalkTime":22011,"runStep":0,"walkStep":33},{"distance":178.13998,"mCalorie":9.33,"mOthersTime":0,"mRunTime":0,"mStartTime":46800000,"mTimeUnit":600000,"mWalkTime":164749,"runStep":0,"walkStep":247},{"distance":58.709995,"mCalorie":3.2099996,"mOthersTime":0,"mRunTime":800,"mStartTime":47400000,"mTimeUnit":600000,"mWalkTime":52693,"runStep":2,"walkStep":79},{"distance":249.72998,"mCalorie":13.1,"mOthersTime":0,"mRunTime":0,"mStartTime":48000000,"mTimeUnit":600000,"mWalkTime":226083,"runStep":0,"walkStep":349},{"distance":275.19,"mCalorie":14.5199995,"mOthersTime":0,"mRunTime":0,"mStartTime":48600000,"mTimeUnit":600000,"mWalkTime":254097,"runStep":0,"walkStep":382},{"distance":165.1,"mCalorie":7.99,"mOthersTime":0,"mRunTime":0,"mStartTime":49200000,"mTimeUnit":600000,"mWalkTime":146073,"runStep":0,"walkStep":219},{"distance":12.21,"mCalorie":0.63999987,"mOthersTime":0,"mRunTime":0,"mStartTime":49800000,"mTimeUnit":600000,"mWalkTime":9338,"runStep":0,"walkStep":14},{"distance":282.88998,"mCalorie":14.849999,"mOthersTime":0,"mRunTime":0,"mStartTime":51600000,"mTimeUnit":600000,"mWalkTime":254067,"runStep":0,"walkStep":395},{"distance":236.02,"mCalorie":11.21,"mOthersTime":0,"mRunTime":0,"mStartTime":52200000,"mTimeUnit":600000,"mWalkTime":188034,"runStep":0,"walkStep":316},{"distance":7.1,"mCalorie":0.36,"mOthersTime":0,"mRunTime":0,"mStartTime":52800000,"mTimeUnit":600000,"mWalkTime":6670,"runStep":0,"walkStep":10},{"distance":11.5,"mCalorie":0.6,"mOthersTime":0,"mRunTime":0,"mStartTime":53400000,"mTimeUnit":600000,"mWalkTime":8671,"runStep":0,"walkStep":13},{"distance":92.28,"mCalorie":4.56,"mOthersTime":0,"mRunTime":0,"mStartTime":54000000,"mTimeUnit":600000,"mWalkTime":84042,"runStep":0,"walkStep":126},{"distance":158.85,"mCalorie":7.65,"mOthersTime":0,"mRunTime":0,"mStartTime":54600000,"mTimeUnit":600000,"mWalkTime":142071,"runStep":0,"walkStep":213},{"distance":31.619999,"mCalorie":1.5,"mOthersTime":0,"mRunTime":0,"mStartTime":55200000,"mTimeUnit":600000,"mWalkTime":28014,"runStep":0,"walkStep":42},{"distance":35.54,"mCalorie":2.09,"mOthersTime":0,"mRunTime":1200,"mStartTime":55800000,"mTimeUnit":600000,"mWalkTime":30015,"runStep":3,"walkStep":45},{"distance":165.56,"mCalorie":8.79,"mOthersTime":0,"mRunTime":0,"mStartTime":56400000,"mTimeUnit":600000,"mWalkTime":162081,"runStep":0,"walkStep":243},{"distance":15.349999,"mCalorie":0.78999996,"mOthersTime":0,"mRunTime":0,"mStartTime":57000000,"mTimeUnit":600000,"mWalkTime":14007,"runStep":0,"walkStep":21},{"distance":31.07,"mCalorie":1.55,"mOthersTime":0,"mRunTime":0,"mStartTime":57600000,"mTimeUnit":600000,"mWalkTime":28681,"runStep":0,"walkStep":43},{"distance":6.88,"mCalorie":0.4,"mOthersTime":0,"mRunTime":0,"mStartTime":58200000,"mTimeUnit":600000,"mWalkTime":6670,"runStep":0,"walkStep":10},{"distance":18.36,"mCalorie":0.96,"mOthersTime":0,"mRunTime":0,"mStartTime":58800000,"mTimeUnit":600000,"mWalkTime":17342,"runStep":0,"walkStep":26},{"distance":25.779999,"mCalorie":1.27,"mOthersTime":0,"mRunTime":0,"mStartTime":59400000,"mTimeUnit":600000,"mWalkTime":24012,"runStep":0,"walkStep":36},{"distance":21.62,"mCalorie":1.1,"mOthersTime":0,"mRunTime":0,"mStartTime":60000000,"mTimeUnit":600000,"mWalkTime":20010,"runStep":0,"walkStep":30},{"distance":31.99,"mCalorie":1.55,"mOthersTime":0,"mRunTime":0,"mStartTime":60600000,"mTimeUnit":600000,"mWalkTime":28681,"runStep":0,"walkStep":43},{"distance":253.55,"mCalorie":12.55,"mOthersTime":0,"mRunTime":0,"mStartTime":61200000,"mTimeUnit":600000,"mWalkTime":219413,"runStep":0,"walkStep":343},{"distance":229.96999,"mCalorie":12.62,"mOthersTime":0,"mRunTime":0,"mStartTime":61800000,"mTimeUnit":600000,"mWalkTime":188701,"runStep":0,"walkStep":313},{"distance":167.63,"mCalorie":8.910001,"mOthersTime":0,"mRunTime":0,"mStartTime":63600000,"mTimeUnit":600000,"mWalkTime":150075,"runStep":0,"walkStep":225},{"distance":90.21001,"mCalorie":4.4100003,"mOthersTime":0,"mRunTime":400,"mStartTime":64200000,"mTimeUnit":600000,"mWalkTime":79373,"runStep":1,"walkStep":119},{"distance":9.29,"mCalorie":0.55,"mOthersTime":0,"mRunTime":0,"mStartTime":64800000,"mTimeUnit":600000,"mWalkTime":8671,"runStep":0,"walkStep":13},{"distance":24.91,"mCalorie":1.3499999,"mOthersTime":0,"mRunTime":0,"mStartTime":69000000,"mTimeUnit":600000,"mWalkTime":24012,"runStep":0,"walkStep":36},{"distance":38.85,"mCalorie":1.98,"mOthersTime":0,"mRunTime":0,"mStartTime":70800000,"mTimeUnit":600000,"mWalkTime":35351,"runStep":0,"walkStep":53},{"distance":363.5849,"mCalorie":31.42713,"mOthersTime":0,"mRunTime":0,"mStartTime":73200000,"mTimeUnit":600000,"mWalkTime":320426,"runStep":0,"walkStep":495},{"distance":574.4436,"mCalorie":51.990444,"mOthersTime":0,"mRunTime":0,"mStartTime":73800000,"mTimeUnit":600000,"mWalkTime":502290,"runStep":0,"walkStep":802},{"distance":23.849998,"mCalorie":1.27,"mOthersTime":0,"mRunTime":0,"mStartTime":74400000,"mTimeUnit":600000,"mWalkTime":22011,"runStep":0,"walkStep":33},{"distance":20.64,"mCalorie":1.09,"mOthersTime":0,"mRunTime":0,"mStartTime":80400000,"mTimeUnit":600000,"mWalkTime":19343,"runStep":0,"walkStep":29},{"distance":32.7,"mCalorie":1.6200001,"mOthersTime":0,"mRunTime":0,"mStartTime":81000000,"mTimeUnit":600000,"mWalkTime":30015,"runStep":0,"walkStep":45}],"version":1}