{"mActivityList":[{"mActiveTime":710560,"mActiveTimeType":2,"mCalorie":100.4,"mCategory":204,"mDetailInfoId":"7206a3d9-853c-540a-17e3-5a437fa6fe09","mDistance":0.0,"mDuration":710560,"mEndTime":58703850,"mStartTime":57993290,"mType":11007},{"mActiveTime":600000,"mActiveTimeType":2,"mCalorie":59.98,"mCategory":204,"mDetailInfoId":"5354edb7-d3f2-121d-234d-0fa98c275ff3","mDistance":0.0,"mDuration":600000,"mEndTime":60068077,"mStartTime":59468077,"mType":11007}],"mAdaptiveGoal":0,"mIsGoalAchieved":false,"mIsMostActiveAchieved":false,"mMostActiveMinutes":0,"mStreakDayCount":0,"mUnitDataList":[{"distance":9.13,"mCalorie":0.39,"mOthersTime":0,"mRunTime":0,"mStartTime":5400000,"mTimeUnit":600000,"mWalkTime":8004,"runStep":0,"walkStep":12},{"distance":18.91,"mCalorie":0.97,"mOthersTime":0,"mRunTime":0,"mStartTime":6600000,"mTimeUnit":600000,"mWalkTime":14674,"runStep":0,"walkStep":22},{"distance":57.48,"mCalorie":2.94,"mOthersTime":0,"mRunTime":0,"mStartTime":12600000,"mTimeUnit":600000,"mWalkTime":51359,"runStep":0,"walkStep":77},{"distance":9.05,"mCalorie":0.41,"mOthersTime":0,"mRunTime":0,"mStartTime":13200000,"mTimeUnit":600000,"mWalkTime":8004,"runStep":0,"walkStep":12},{"distance":20.33,"mCalorie":0.95,"mOthersTime":0,"mRunTime":0,"mStartTime":13800000,"mTimeUnit":600000,"mWalkTime":18009,"runStep":0,"walkStep":27},{"distance":23.47,"mCalorie":1.3,"mOthersTime":0,"mRunTime":0,"mStartTime":15000000,"mTimeUnit":600000,"mWalkTime":22011,"runStep":0,"walkStep":33},{"distance":6.03,"mCalorie":0.28,"mOthersTime":0,"mRunTime":0,"mStartTime":16800000,"mTimeUnit":600000,"mWalkTime":5336,"runStep":0,"walkStep":8},{"distance":32.08,"mCalorie":1.66,"mOthersTime":0,"mRunTime":0,"mStartTime":17400000,"mTimeUnit":600000,"mWalkTime":28681,"runStep":0,"walkStep":43},{"distance":119.577995,"mCalorie":5.7799997,"mOthersTime":0,"mRunTime":400,"mStartTime":18600000,"mTimeUnit":600000,"mWalkTime":104719,"runStep":1,"walkStep":157},{"distance":12.58,"mCalorie":0.76,"mOthersTime":0,"mRunTime":1200,"mStartTime":24600000,"mTimeUnit":600000,"mWalkTime":10672,"runStep":3,"walkStep":16},{"distance":11.133,"mCalorie":0.431,"mOthersTime":0,"mRunTime":0,"mStartTime":32400000,"mTimeUnit":600000,"mWalkTime":9338,"runStep":0,"walkStep":14},{"distance":7.94,"mCalorie":0.43,"mOthersTime":0,"mRunTime":0,"mStartTime":35400000,"mTimeUnit":600000,"mWalkTime":7337,"runStep":0,"walkStep":11},{"distance":157.66301,"mCalorie":7.9989996,"mOthersTime":0,"mRunTime":400,"mStartTime":37200000,"mTimeUnit":600000,"mWalkTime":138736,"runStep":1,"walkStep":208},{"distance":182.17001,"mCalorie":9.29,"mOthersTime":0,"mRunTime":0,"mStartTime":37800000,"mTimeUnit":600000,"mWalkTime":170752,"runStep":0,"walkStep":256},{"distance":84.17,"mCalorie":4.09,"mOthersTime":0,"mRunTime":0,"mStartTime":38400000,"mTimeUnit":600000,"mWalkTime":75371,"runStep":0,"walkStep":113},{"distance":31.68,"mCalorie":1.53,"mOthersTime":0,"mRunTime":0,"mStartTime":41400000,"mTimeUnit":600000,"mWalkTime":29348,"runStep":0,"walkStep":44},{"distance":10.09,"mCalorie":0.49,"mOthersTime":0,"mRunTime":0,"mStartTime":42600000,"mTimeUnit":600000,"mWalkTime":9338,"runStep":0,"walkStep":14},{"distance":8.5,"mCalorie":0.43,"mOthersTime":0,"mRunTime":0,"mStartTime":45600000,"mTimeUnit":600000,"mWalkTime":8004,"runStep":0,"walkStep":12},{"distance":21.66,"mCalorie":0.98,"mOthersTime":0,"mRunTime":0,"mStartTime":46200000,"mTimeUnit":600000,"mWalkTime":19343,"runStep":0,"walkStep":29},{"distance":36.04,"mCalorie":1.8100001,"mOthersTime":0,"mRunTime":0,"mStartTime":46800000,"mTimeUnit":600000,"mWalkTime":32683,"runStep":0,"walkStep":49},{"distance":23.279999,"mCalorie":1.13,"mOthersTime":0,"mRunTime":0,"mStartTime":47400000,"mTimeUnit":600000,"mWalkTime":20677,"runStep":0,"walkStep":31},{"distance":32.69,"mCalorie":1.51,"mOthersTime":0,"mRunTime":0,"mStartTime":48000000,"mTimeUnit":600000,"mWalkTime":28681,"runStep":0,"walkStep":43},{"distance":13.62,"mCalorie":0.74,"mOthersTime":0,"mRunTime":0,"mStartTime":49800000,"mTimeUnit":600000,"mWalkTime":12673,"runStep":0,"walkStep":19},{"distance":6.61,"mCalorie":0.33,"mOthersTime":0,"mRunTime":0,"mStartTime":50400000,"mTimeUnit":600000,"mWalkTime":6003,"runStep":0,"walkStep":9},{"distance":4.51,"mCalorie":0.21,"mOthersTime":0,"mRunTime":0,"mStartTime":52200000,"mTimeUnit":600000,"mWalkTime":4002,"runStep":0,"walkStep":6},{"distance":5.16,"mCalorie":0.25,"mOthersTime":0,"mRunTime":0,"mStartTime":52800000,"mTimeUnit":600000,"mWalkTime":4669,"runStep":0,"walkStep":7},{"distance":19.16,"mCalorie":1.02,"mOthersTime":0,"mRunTime":0,"mStartTime":53400000,"mTimeUnit":600000,"mWalkTime":18009,"runStep":0,"walkStep":27},{"distance":6.77,"mCalorie":0.38,"mOthersTime":0,"mRunTime":0,"mStartTime":54000000,"mTimeUnit":600000,"mWalkTime":6670,"runStep":0,"walkStep":10},{"distance":8.01,"mCalorie":0.38,"mOthersTime":0,"mRunTime":0,"mStartTime":56400000,"mTimeUnit":600000,"mWalkTime":7337,"runStep":0,"walkStep":11},{"distance":76.840004,"mCalorie":3.91,"mOthersTime":0,"mRunTime":0,"mStartTime":57000000,"mTimeUnit":600000,"mWalkTime":70035,"runStep":0,"walkStep":105},{"distance":136.79178,"mCalorie":36.576847,"mOthersTime":206710,"mRunTime":0,"mStartTime":57600000,"mTimeUnit":600000,"mWalkTime":128042,"runStep":0,"walkStep":389},{"distance":52.1511,"mCalorie":73.834145,"mOthersTime":503850,"mRunTime":0,"mStartTime":58200000,"mTimeUnit":600000,"mWalkTime":47320,"runStep":0,"walkStep":412},{"distance":177.73,"mCalorie":8.93,"mOthersTime":0,"mRunTime":0,"mStartTime":58800000,"mTimeUnit":600000,"mWalkTime":159413,"runStep":0,"walkStep":239},{"distance":61.665813,"mCalorie":56.447647,"mOthersTime":531923,"mRunTime":0,"mStartTime":59400000,"mTimeUnit":600000,"mWalkTime":55668,"runStep":0,"walkStep":437},{"distance":104.409996,"mCalorie":12.165431,"mOthersTime":68077,"mRunTime":0,"mStartTime":60000000,"mTimeUnit":600000,"mWalkTime":94714,"runStep":0,"walkStep":142},{"distance":26.41,"mCalorie":1.34,"mOthersTime":0,"mRunTime":0,"mStartTime":60600000,"mTimeUnit":600000,"mWalkTime":24679,"runStep":0,"walkStep":37},{"distance":11.93,"mCalorie":0.51,"mOthersTime":0,"mRunTime":0,"mStartTime":61200000,"mTimeUnit":600000,"mWalkTime":10005,"runStep":0,"walkStep":15},{"distance":33.45,"mCalorie":1.84,"mOthersTime":0,"mRunTime":2800,"mStartTime":61800000,"mTimeUnit":600000,"mWalkTime":22678,"runStep":7,"walkStep":34},{"distance":16.36,"mCalorie":0.76,"mOthersTime":0,"mRunTime":0,"mStartTime":62400000,"mTimeUnit":600000,"mWalkTime":14674,"runStep":0,"walkStep":22},{"distance":15.43,"mCalorie":0.84,"mOthersTime":0,"mRunTime":0,"mStartTime":63000000,"mTimeUnit":600000,"mWalkTime":14674,"runStep":0,"walkStep":22},{"distance":7.523,"mCalorie":0.3,"mOthersTime":0,"mRunTime":0,"mStartTime":63600000,"mTimeUnit":600000,"mWalkTime":6670,"runStep":0,"walkStep":10},{"distance":12.83,"mCalorie":0.58,"mOthersTime":0,"mRunTime":0,"mStartTime":68400000,"mTimeUnit":600000,"mWalkTime":11339,"runStep":0,"walkStep":17},{"distance":40.354,"mCalorie":1.94,"mOthersTime":0,"mRunTime":0,"mStartTime":69000000,"mTimeUnit":600000,"mWalkTime":36685,"runStep":0,"walkStep":55},{"distance":19.758999,"mCalorie":1.02,"mOthersTime":0,"mRunTime":0,"mStartTime":69600000,"mTimeUnit":600000,"mWalkTime":18009,"runStep":0,"walkStep":27},{"distance":60.85,"mCalorie":3.2000003,"mOthersTime":0,"mRunTime":2000,"mStartTime":73800000,"mTimeUnit":600000,"mWalkTime":48691,"runStep":5,"walkStep":73},{"distance":21.16,"mCalorie":1.15,"mOthersTime":0,"mRunTime":0,"mStartTime":74400000,"mTimeUnit":600000,"mWalkTime":19343,"runStep":0,"walkStep":29},{"distance":11.07,"mCalorie":0.59,"mOthersTime":0,"mRunTime":0,"mStartTime":75000000,"mTimeUnit":600000,"mWalkTime":10672,"runStep":0,"walkStep":16},{"distance":22.85,"mCalorie":1.17,"mOthersTime":0,"mRunTime":0,"mStartTime":76200000,"mTimeUnit":600000,"mWalkTime":20010,"runStep":0,"walkStep":30},{"distance":9.33,"mCalorie":0.44,"mOthersTime":0,"mRunTime":0,"mStartTime":77400000,"mTimeUnit":600000,"mWalkTime":8671,"runStep":0,"walkStep":13},{"distance":33.78,"mCalorie":1.76,"mOthersTime":0,"mRunTime":0,"mStartTime":78600000,"mTimeUnit":600000,"mWalkTime":32016,"runStep":0,"walkStep":48},{"distance":63.741,"mCalorie":3.25,"mOthersTime":0,"mRunTime":1200,"mStartTime":79200000,"mTimeUnit":600000,"mWalkTime":51359,"runStep":3,"walkStep":77},{"distance":35.02,"mCalorie":1.75,"mOthersTime":0,"mRunTime":0,"mStartTime":79800000,"mTimeUnit":600000,"mWalkTime":31349,"runStep":0,"walkStep":47},{"distance":18.66,"mCalorie":1.1,"mOthersTime":0,"mRunTime":0,"mStartTime":82200000,"mTimeUnit":600000,"mWalkTime":18009,"runStep":0,"walkStep":27},{"distance":63.16,"mCalorie":3.2500002,"mOthersTime":0,"mRunTime":0,"mStartTime":82800000,"mTimeUnit":600000,"mWalkTime":60030,"runStep":0,"walkStep":90},{"distance":9.58,"mCalorie":0.45,"mOthersTime":0,"mRunTime":0,"mStartTime":83400000,"mTimeUnit":600000,"mWalkTime":8671,"runStep":0,"walkStep":13}],"version":1}