{"mAdaptiveGoal":0,"mIsGoalAchieved":false,"mIsMostActiveAchieved":false,"mMostActiveMinutes":0,"mStreakDayCount":0,"mUnitDataList":[{"distance":14.231,"mCalorie":0.8,"mOthersTime":0,"mRunTime":1600,"mStartTime":0,"mTimeUnit":600000,"mWalkTime":8671,"runStep":4,"walkStep":13},{"distance":23.357,"mCalorie":1.1199999,"mOthersTime":0,"mRunTime":0,"mStartTime":9000000,"mTimeUnit":600000,"mWalkTime":20677,"runStep":0,"walkStep":31},{"distance":67.75,"mCalorie":3.1799998,"mOthersTime":0,"mRunTime":800,"mStartTime":9600000,"mTimeUnit":600000,"mWalkTime":56695,"runStep":2,"walkStep":85},{"distance":11.26,"mCalorie":0.49,"mOthersTime":0,"mRunTime":0,"mStartTime":13200000,"mTimeUnit":600000,"mWalkTime":9338,"runStep":0,"walkStep":14},{"distance":72.56,"mCalorie":3.81,"mOthersTime":0,"mRunTime":2000,"mStartTime":14400000,"mTimeUnit":600000,"mWalkTime":59363,"runStep":5,"walkStep":89},{"distance":142.53099,"mCalorie":6.9399996,"mOthersTime":0,"mRunTime":0,"mStartTime":15000000,"mTimeUnit":600000,"mWalkTime":127397,"runStep":0,"walkStep":191},{"distance":8.74,"mCalorie":0.37,"mOthersTime":0,"mRunTime":0,"mStartTime":15600000,"mTimeUnit":600000,"mWalkTime":7337,"runStep":0,"walkStep":11},{"distance":88.27,"mCalorie":4.669999,"mOthersTime":0,"mRunTime":0,"mStartTime":16200000,"mTimeUnit":600000,"mWalkTime":80040,"runStep":0,"walkStep":120},{"distance":7.85,"mCalorie":0.38,"mOthersTime":0,"mRunTime":0,"mStartTime":16800000,"mTimeUnit":600000,"mWalkTime":7337,"runStep":0,"walkStep":11},{"distance":7.1,"mCalorie":0.38,"mOthersTime":0,"mRunTime":0,"mStartTime":17400000,"mTimeUnit":600000,"mWalkTime":6670,"runStep":0,"walkStep":10},{"distance":44.54,"mCalorie":2.3600001,"mOthersTime":0,"mRunTime":0,"mStartTime":18000000,"mTimeUnit":600000,"mWalkTime":41354,"runStep":0,"walkStep":62},{"distance":87.98799,"mCalorie":4.31,"mOthersTime":0,"mRunTime":0,"mStartTime":18600000,"mTimeUnit":600000,"mWalkTime":80040,"runStep":0,"walkStep":120},{"distance":108.895,"mCalorie":5.2000003,"mOthersTime":0,"mRunTime":400,"mStartTime":19200000,"mTimeUnit":600000,"mWalkTime":96048,"runStep":1,"walkStep":144},{"distance":8.41,"mCalorie":0.42,"mOthersTime":0,"mRunTime":0,"mStartTime":24600000,"mTimeUnit":600000,"mWalkTime":7337,"runStep":0,"walkStep":11},{"distance":9.75,"mCalorie":0.57,"mOthersTime":0,"mRunTime":0,"mStartTime":28200000,"mTimeUnit":600000,"mWalkTime":9338,"runStep":0,"walkStep":14},{"distance":43.870003,"mCalorie":2.08,"mOthersTime":0,"mRunTime":0,"mStartTime":30000000,"mTimeUnit":600000,"mWalkTime":40020,"runStep":0,"walkStep":60},{"distance":13.79,"mCalorie":0.59000003,"mOthersTime":0,"mRunTime":0,"mStartTime":30600000,"mTimeUnit":600000,"mWalkTime":12006,"runStep":0,"walkStep":18},{"distance":10.29,"mCalorie":0.55,"mOthersTime":0,"mRunTime":0,"mStartTime":31200000,"mTimeUnit":600000,"mWalkTime":10005,"runStep":0,"walkStep":15},{"distance":39.09,"mCalorie":2.28,"mOthersTime":0,"mRunTime":0,"mStartTime":31800000,"mTimeUnit":600000,"mWalkTime":37352,"runStep":0,"walkStep":56},{"distance":12.47,"mCalorie":0.6,"mOthersTime":0,"mRunTime":0,"mStartTime":35400000,"mTimeUnit":600000,"mWalkTime":11339,"runStep":0,"walkStep":17},{"distance":11.01,"mCalorie":0.63,"mOthersTime":0,"mRunTime":0,"mStartTime":36000000,"mTimeUnit":600000,"mWalkTime":10672,"runStep":0,"walkStep":16},{"distance":90.8,"mCalorie":4.47,"mOthersTime":0,"mRunTime":0,"mStartTime":36600000,"mTimeUnit":600000,"mWalkTime":84042,"runStep":0,"walkStep":126},{"distance":29.78,"mCalorie":1.5400001,"mOthersTime":0,"mRunTime":0,"mStartTime":37200000,"mTimeUnit":600000,"mWalkTime":28014,"runStep":0,"walkStep":42},{"distance":21.33,"mCalorie":0.97,"mOthersTime":0,"mRunTime":0,"mStartTime":38400000,"mTimeUnit":600000,"mWalkTime":18676,"runStep":0,"walkStep":28},{"distance":43.350002,"mCalorie":2.52,"mOthersTime":0,"mRunTime":0,"mStartTime":39000000,"mTimeUnit":600000,"mWalkTime":42021,"runStep":0,"walkStep":63},{"distance":57.61,"mCalorie":2.95,"mOthersTime":0,"mRunTime":0,"mStartTime":39600000,"mTimeUnit":600000,"mWalkTime":53360,"runStep":0,"walkStep":80},{"distance":23.14,"mCalorie":1.24,"mOthersTime":0,"mRunTime":2000,"mStartTime":40200000,"mTimeUnit":600000,"mWalkTime":15341,"runStep":5,"walkStep":23},{"distance":56.39,"mCalorie":2.58,"mOthersTime":0,"mRunTime":0,"mStartTime":40800000,"mTimeUnit":600000,"mWalkTime":50025,"runStep":0,"walkStep":75},{"distance":57.230003,"mCalorie":2.8899999,"mOthersTime":0,"mRunTime":0,"mStartTime":41400000,"mTimeUnit":600000,"mWalkTime":51359,"runStep":0,"walkStep":77},{"distance":18.33,"mCalorie":0.76,"mOthersTime":0,"mRunTime":0,"mStartTime":42000000,"mTimeUnit":600000,"mWalkTime":16008,"runStep":0,"walkStep":24},{"distance":47.229,"mCalorie":2.15,"mOthersTime":0,"mRunTime":0,"mStartTime":42600000,"mTimeUnit":600000,"mWalkTime":42021,"runStep":0,"walkStep":63},{"distance":10.8,"mCalorie":0.41,"mOthersTime":0,"mRunTime":0,"mStartTime":44400000,"mTimeUnit":600000,"mWalkTime":9338,"runStep":0,"walkStep":14},{"distance":35.219,"mCalorie":1.5699999,"mOthersTime":0,"mRunTime":0,"mStartTime":45000000,"mTimeUnit":600000,"mWalkTime":29348,"runStep":0,"walkStep":44},{"distance":188.47499,"mCalorie":9.08,"mOthersTime":0,"mRunTime":2000,"mStartTime":45600000,"mTimeUnit":600000,"mWalkTime":164082,"runStep":5,"walkStep":246},{"distance":60.050003,"mCalorie":3.02,"mOthersTime":0,"mRunTime":0,"mStartTime":46200000,"mTimeUnit":600000,"mWalkTime":54027,"runStep":0,"walkStep":81},{"distance":311.31,"mCalorie":15.34,"mOthersTime":0,"mRunTime":2400,"mStartTime":46800000,"mTimeUnit":600000,"mWalkTime":272803,"runStep":6,"walkStep":409},{"distance":53.58,"mCalorie":2.57,"mOthersTime":0,"mRunTime":0,"mStartTime":47400000,"mTimeUnit":600000,"mWalkTime":48024,"runStep":0,"walkStep":72},{"distance":35.319,"mCalorie":1.8,"mOthersTime":0,"mRunTime":0,"mStartTime":48000000,"mTimeUnit":600000,"mWalkTime":33350,"runStep":0,"walkStep":50},{"distance":120.630005,"mCalorie":5.6799994,"mOthersTime":0,"mRunTime":0,"mStartTime":49200000,"mTimeUnit":600000,"mWalkTime":106053,"runStep":0,"walkStep":159},{"distance":63.149002,"mCalorie":3.1399999,"mOthersTime":0,"mRunTime":0,"mStartTime":49800000,"mTimeUnit":600000,"mWalkTime":54027,"runStep":0,"walkStep":81},{"distance":230.409,"mCalorie":12.03,"mOthersTime":0,"mRunTime":0,"mStartTime":50400000,"mTimeUnit":600000,"mWalkTime":214774,"runStep":0,"walkStep":322},{"distance":22.369999,"mCalorie":1.3,"mOthersTime":0,"mRunTime":0,"mStartTime":51000000,"mTimeUnit":600000,"mWalkTime":22011,"runStep":0,"walkStep":33},{"distance":84.13,"mCalorie":4.5299997,"mOthersTime":0,"mRunTime":0,"mStartTime":52200000,"mTimeUnit":600000,"mWalkTime":78039,"runStep":0,"walkStep":117},{"distance":62.75,"mCalorie":3.3600001,"mOthersTime":0,"mRunTime":0,"mStartTime":52800000,"mTimeUnit":600000,"mWalkTime":58696,"runStep":0,"walkStep":88},{"distance":10.21,"mCalorie":0.49,"mOthersTime":0,"mRunTime":0,"mStartTime":55200000,"mTimeUnit":600000,"mWalkTime":9338,"runStep":0,"walkStep":14},{"distance":122.71,"mCalorie":6.33,"mOthersTime":0,"mRunTime":0,"mStartTime":58800000,"mTimeUnit":600000,"mWalkTime":114724,"runStep":0,"walkStep":172},{"distance":14.61,"mCalorie":0.75,"mOthersTime":0,"mRunTime":0,"mStartTime":60000000,"mTimeUnit":600000,"mWalkTime":14007,"runStep":0,"walkStep":21},{"distance":0.73,"mCalorie":0.03,"mOthersTime":0,"mRunTime":0,"mStartTime":60600000,"mTimeUnit":600000,"mWalkTime":667,"runStep":0,"walkStep":1},{"distance":17.869999,"mCalorie":0.92999995,"mOthersTime":0,"mRunTime":0,"mStartTime":61200000,"mTimeUnit":600000,"mWalkTime":15341,"runStep":0,"walkStep":23},{"distance":137.05,"mCalorie":6.54,"mOthersTime":0,"mRunTime":0,"mStartTime":61800000,"mTimeUnit":600000,"mWalkTime":120727,"runStep":0,"walkStep":181},{"distance":104.37499,"mCalorie":5.15,"mOthersTime":0,"mRunTime":400,"mStartTime":63000000,"mTimeUnit":600000,"mWalkTime":94714,"runStep":1,"walkStep":142},{"distance":89.923004,"mCalorie":4.5,"mOthersTime":0,"mRunTime":5600,"mStartTime":64200000,"mTimeUnit":600000,"mWalkTime":62698,"runStep":14,"walkStep":94},{"distance":5.9700003,"mCalorie":0.29,"mOthersTime":0,"mRunTime":0,"mStartTime":65400000,"mTimeUnit":600000,"mWalkTime":5336,"runStep":0,"walkStep":8},{"distance":53.059998,"mCalorie":2.74,"mOthersTime":0,"mRunTime":0,"mStartTime":66000000,"mTimeUnit":600000,"mWalkTime":49358,"runStep":0,"walkStep":74},{"distance":99.84,"mCalorie":5.69,"mOthersTime":0,"mRunTime":0,"mStartTime":66600000,"mTimeUnit":600000,"mWalkTime":102021,"runStep":0,"walkStep":156},{"distance":43.31,"mCalorie":2.1100001,"mOthersTime":0,"mRunTime":0,"mStartTime":67200000,"mTimeUnit":600000,"mWalkTime":39353,"runStep":0,"walkStep":59},{"distance":35.733,"mCalorie":1.7800001,"mOthersTime":0,"mRunTime":0,"mStartTime":67800000,"mTimeUnit":600000,"mWalkTime":33350,"runStep":0,"walkStep":50},{"distance":141.24,"mCalorie":6.7000003,"mOthersTime":0,"mRunTime":0,"mStartTime":68400000,"mTimeUnit":600000,"mWalkTime":126063,"runStep":0,"walkStep":189},{"distance":132.15001,"mCalorie":6.5899997,"mOthersTime":0,"mRunTime":1600,"mStartTime":69000000,"mTimeUnit":600000,"mWalkTime":106053,"runStep":4,"walkStep":159},{"distance":90.03,"mCalorie":4.33,"mOthersTime":0,"mRunTime":0,"mStartTime":69600000,"mTimeUnit":600000,"mWalkTime":82708,"runStep":0,"walkStep":124},{"distance":337.21,"mCalorie":17.039,"mOthersTime":0,"mRunTime":2800,"mStartTime":70200000,"mTimeUnit":600000,"mWalkTime":298816,"runStep":7,"walkStep":448},{"distance":185.59,"mCalorie":9.290001,"mOthersTime":0,"mRunTime":0,"mStartTime":70800000,"mTimeUnit":600000,"mWalkTime":168721,"runStep":0,"walkStep":254},{"distance":8.64,"mCalorie":0.35,"mOthersTime":0,"mRunTime":0,"mStartTime":71400000,"mTimeUnit":600000,"mWalkTime":7337,"runStep":0,"walkStep":11},{"distance":98.639,"mCalorie":4.9309998,"mOthersTime":0,"mRunTime":1200,"mStartTime":72000000,"mTimeUnit":600000,"mWalkTime":83375,"runStep":3,"walkStep":125},{"distance":10.81,"mCalorie":0.52,"mOthersTime":0,"mRunTime":0,"mStartTime":73800000,"mTimeUnit":600000,"mWalkTime":10005,"runStep":0,"walkStep":15},{"distance":65.652,"mCalorie":3.22,"mOthersTime":0,"mRunTime":0,"mStartTime":74400000,"mTimeUnit":600000,"mWalkTime":60030,"runStep":0,"walkStep":90},{"distance":259.03,"mCalorie":13.72,"mOthersTime":0,"mRunTime":10800,"mStartTime":75000000,"mTimeUnit":600000,"mWalkTime":208104,"runStep":27,"walkStep":312},{"distance":77.66,"mCalorie":3.7599998,"mOthersTime":0,"mRunTime":0,"mStartTime":75600000,"mTimeUnit":600000,"mWalkTime":70035,"runStep":0,"walkStep":105},{"distance":35.748,"mCalorie":1.889,"mOthersTime":0,"mRunTime":0,"mStartTime":76200000,"mTimeUnit":600000,"mWalkTime":33350,"runStep":0,"walkStep":50},{"distance":10.55,"mCalorie":0.46,"mOthersTime":0,"mRunTime":0,"mStartTime":76800000,"mTimeUnit":600000,"mWalkTime":9338,"runStep":0,"walkStep":14},{"distance":111.451,"mCalorie":5.33,"mOthersTime":0,"mRunTime":0,"mStartTime":78000000,"mTimeUnit":600000,"mWalkTime":95381,"runStep":0,"walkStep":143},{"distance":74.909996,"mCalorie":3.701,"mOthersTime":0,"mRunTime":0,"mStartTime":78600000,"mTimeUnit":600000,"mWalkTime":68701,"runStep":0,"walkStep":103},{"distance":35.54,"mCalorie":1.8399999,"mOthersTime":0,"mRunTime":800,"mStartTime":79200000,"mTimeUnit":600000,"mWalkTime":31349,"runStep":2,"walkStep":47},{"distance":243.91899,"mCalorie":12.909,"mOthersTime":0,"mRunTime":1200,"mStartTime":81000000,"mTimeUnit":600000,"mWalkTime":212076,"runStep":3,"walkStep":335},{"distance":405.87103,"mCalorie":21.94,"mOthersTime":0,"mRunTime":0,"mStartTime":81600000,"mTimeUnit":600000,"mWalkTime":334047,"runStep":0,"walkStep":567},{"distance":19.55,"mCalorie":0.86,"mOthersTime":0,"mRunTime":0,"mStartTime":82200000,"mTimeUnit":600000,"mWalkTime":17342,"runStep":0,"walkStep":26},{"distance":13.0,"mCalorie":0.62,"mOthersTime":0,"mRunTime":0,"mStartTime":83400000,"mTimeUnit":600000,"mWalkTime":12006,"runStep":0,"walkStep":18},{"distance":470.07,"mCalorie":25.67,"mOthersTime":0,"mRunTime":4400,"mStartTime":84000000,"mTimeUnit":600000,"mWalkTime":378069,"runStep":11,"walkStep":642},{"distance":162.32,"mCalorie":8.42,"mOthersTime":0,"mRunTime":0,"mStartTime":84600000,"mTimeUnit":600000,"mWalkTime":142041,"runStep":0,"walkStep":224},{"distance":109.41701,"mCalorie":5.47,"mOthersTime":0,"mRunTime":4000,"mStartTime":85200000,"mTimeUnit":600000,"mWalkTime":88044,"runStep":10,"walkStep":132},{"distance":47.841,"mCalorie":2.15,"mOthersTime":0,"mRunTime":400,"mStartTime":85800000,"mTimeUnit":600000,"mWalkTime":37352,"runStep":1,"walkStep":56}],"version":1}