{"mAdaptiveGoal":0,"mIsGoalAchieved":false,"mIsMostActiveAchieved":false,"mMostActiveMinutes":0,"mStreakDayCount":0,"mUnitDataList":[{"distance":12.88,"mCalorie":0.76,"mOthersTime":0,"mRunTime":2000,"mStartTime":4200000,"mTimeUnit":600000,"mWalkTime":6670,"runStep":5,"walkStep":10},{"distance":21.53,"mCalorie":0.96,"mOthersTime":0,"mRunTime":0,"mStartTime":10800000,"mTimeUnit":600000,"mWalkTime":19343,"runStep":0,"walkStep":29},{"distance":32.59,"mCalorie":1.9100001,"mOthersTime":0,"mRunTime":4000,"mStartTime":16800000,"mTimeUnit":600000,"mWalkTime":18676,"runStep":10,"walkStep":28},{"distance":101.462,"mCalorie":4.92,"mOthersTime":0,"mRunTime":0,"mStartTime":17400000,"mTimeUnit":600000,"mWalkTime":92713,"runStep":0,"walkStep":139},{"distance":22.85,"mCalorie":0.96000004,"mOthersTime":0,"mRunTime":0,"mStartTime":18600000,"mTimeUnit":600000,"mWalkTime":20010,"runStep":0,"walkStep":30},{"distance":178.18901,"mCalorie":9.331,"mOthersTime":0,"mRunTime":2800,"mStartTime":19200000,"mTimeUnit":600000,"mWalkTime":155411,"runStep":7,"walkStep":233},{"distance":41.350002,"mCalorie":2.1399999,"mOthersTime":0,"mRunTime":0,"mStartTime":19800000,"mTimeUnit":600000,"mWalkTime":37352,"runStep":0,"walkStep":56},{"distance":10.88,"mCalorie":0.49,"mOthersTime":0,"mRunTime":0,"mStartTime":23400000,"mTimeUnit":600000,"mWalkTime":10005,"runStep":0,"walkStep":15},{"distance":35.43,"mCalorie":1.6600001,"mOthersTime":0,"mRunTime":0,"mStartTime":24000000,"mTimeUnit":600000,"mWalkTime":30682,"runStep":0,"walkStep":46},{"distance":149.51799,"mCalorie":7.2400002,"mOthersTime":0,"mRunTime":2000,"mStartTime":24600000,"mTimeUnit":600000,"mWalkTime":127397,"runStep":5,"walkStep":191},{"distance":15.35,"mCalorie":0.96999997,"mOthersTime":0,"mRunTime":0,"mStartTime":30000000,"mTimeUnit":600000,"mWalkTime":14007,"runStep":0,"walkStep":21},{"distance":78.97,"mCalorie":3.9099998,"mOthersTime":0,"mRunTime":400,"mStartTime":32400000,"mTimeUnit":600000,"mWalkTime":66033,"runStep":1,"walkStep":99},{"distance":37.4,"mCalorie":1.78,"mOthersTime":0,"mRunTime":0,"mStartTime":33000000,"mTimeUnit":600000,"mWalkTime":34017,"runStep":0,"walkStep":51},{"distance":15.32,"mCalorie":0.78999996,"mOthersTime":0,"mRunTime":0,"mStartTime":33600000,"mTimeUnit":600000,"mWalkTime":14007,"runStep":0,"walkStep":21},{"distance":144.18,"mCalorie":7.2400002,"mOthersTime":0,"mRunTime":0,"mStartTime":34200000,"mTimeUnit":600000,"mWalkTime":131399,"runStep":0,"walkStep":197},{"distance":75.270004,"mCalorie":3.83,"mOthersTime":0,"mRunTime":0,"mStartTime":34800000,"mTimeUnit":600000,"mWalkTime":70702,"runStep":0,"walkStep":106},{"distance":70.962006,"mCalorie":3.44,"mOthersTime":0,"mRunTime":2000,"mStartTime":35400000,"mTimeUnit":600000,"mWalkTime":54027,"runStep":5,"walkStep":81},{"distance":101.873,"mCalorie":5.009,"mOthersTime":0,"mRunTime":800,"mStartTime":36000000,"mTimeUnit":600000,"mWalkTime":88711,"runStep":2,"walkStep":133},{"distance":75.14,"mCalorie":3.8599997,"mOthersTime":0,"mRunTime":1200,"mStartTime":36600000,"mTimeUnit":600000,"mWalkTime":62698,"runStep":3,"walkStep":94},{"distance":39.339996,"mCalorie":1.95,"mOthersTime":0,"mRunTime":0,"mStartTime":37200000,"mTimeUnit":600000,"mWalkTime":36018,"runStep":0,"walkStep":54},{"distance":16.62,"mCalorie":1.04,"mOthersTime":0,"mRunTime":2800,"mStartTime":39000000,"mTimeUnit":600000,"mWalkTime":6670,"runStep":7,"walkStep":10},{"distance":14.639999,"mCalorie":0.85,"mOthersTime":0,"mRunTime":0,"mStartTime":39600000,"mTimeUnit":600000,"mWalkTime":14007,"runStep":0,"walkStep":21},{"distance":9.69,"mCalorie":0.45,"mOthersTime":0,"mRunTime":0,"mStartTime":40200000,"mTimeUnit":600000,"mWalkTime":8671,"runStep":0,"walkStep":13},{"distance":77.93,"mCalorie":4.0699997,"mOthersTime":0,"mRunTime":0,"mStartTime":40800000,"mTimeUnit":600000,"mWalkTime":72703,"runStep":0,"walkStep":109},{"distance":24.279999,"mCalorie":1.2,"mOthersTime":0,"mRunTime":0,"mStartTime":41400000,"mTimeUnit":600000,"mWalkTime":22011,"runStep":0,"walkStep":33},{"distance":26.380001,"mCalorie":1.2,"mOthersTime":0,"mRunTime":0,"mStartTime":43800000,"mTimeUnit":600000,"mWalkTime":23345,"runStep":0,"walkStep":35},{"distance":24.61,"mCalorie":1.28,"mOthersTime":0,"mRunTime":0,"mStartTime":45600000,"mTimeUnit":600000,"mWalkTime":23345,"runStep":0,"walkStep":35},{"distance":111.01,"mCalorie":6.1000004,"mOthersTime":0,"mRunTime":0,"mStartTime":46200000,"mTimeUnit":600000,"mWalkTime":107387,"runStep":0,"walkStep":161},{"distance":440.59,"mCalorie":23.89,"mOthersTime":0,"mRunTime":0,"mStartTime":46800000,"mTimeUnit":600000,"mWalkTime":388741,"runStep":0,"walkStep":617},{"distance":136.04001,"mCalorie":7.0399995,"mOthersTime":0,"mRunTime":0,"mStartTime":47400000,"mTimeUnit":600000,"mWalkTime":123395,"runStep":0,"walkStep":185},{"distance":8.34,"mCalorie":0.43,"mOthersTime":0,"mRunTime":0,"mStartTime":48600000,"mTimeUnit":600000,"mWalkTime":8004,"runStep":0,"walkStep":12},{"distance":212.73,"mCalorie":10.66,"mOthersTime":0,"mRunTime":0,"mStartTime":49800000,"mTimeUnit":600000,"mWalkTime":181394,"runStep":0,"walkStep":290},{"distance":317.74,"mCalorie":18.119999,"mOthersTime":0,"mRunTime":800,"mStartTime":50400000,"mTimeUnit":600000,"mWalkTime":265346,"runStep":2,"walkStep":443},{"distance":53.160004,"mCalorie":2.6100001,"mOthersTime":0,"mRunTime":0,"mStartTime":51000000,"mTimeUnit":600000,"mWalkTime":49358,"runStep":0,"walkStep":74},{"distance":527.87994,"mCalorie":26.75,"mOthersTime":0,"mRunTime":0,"mStartTime":51600000,"mTimeUnit":600000,"mWalkTime":413420,"runStep":0,"walkStep":700},{"distance":10.11,"mCalorie":0.46,"mOthersTime":0,"mRunTime":0,"mStartTime":54600000,"mTimeUnit":600000,"mWalkTime":9338,"runStep":0,"walkStep":14},{"distance":65.49,"mCalorie":3.42,"mOthersTime":0,"mRunTime":2000,"mStartTime":55800000,"mTimeUnit":600000,"mWalkTime":52026,"runStep":5,"walkStep":78},{"distance":161.8,"mCalorie":8.62,"mOthersTime":0,"mRunTime":0,"mStartTime":57600000,"mTimeUnit":600000,"mWalkTime":149408,"runStep":0,"walkStep":224},{"distance":362.98004,"mCalorie":21.72,"mOthersTime":0,"mRunTime":0,"mStartTime":58200000,"mTimeUnit":600000,"mWalkTime":342778,"runStep":0,"walkStep":540},{"distance":81.52999,"mCalorie":4.33,"mOthersTime":0,"mRunTime":0,"mStartTime":58800000,"mTimeUnit":600000,"mWalkTime":76038,"runStep":0,"walkStep":114},{"distance":194.91998,"mCalorie":11.68,"mOthersTime":0,"mRunTime":0,"mStartTime":59400000,"mTimeUnit":600000,"mWalkTime":184729,"runStep":0,"walkStep":287},{"distance":11.99,"mCalorie":0.57,"mOthersTime":0,"mRunTime":0,"mStartTime":61200000,"mTimeUnit":600000,"mWalkTime":10672,"runStep":0,"walkStep":16},{"distance":124.409996,"mCalorie":6.8099995,"mOthersTime":0,"mRunTime":0,"mStartTime":61800000,"mTimeUnit":600000,"mWalkTime":122728,"runStep":0,"walkStep":184},{"distance":393.11,"mCalorie":23.17,"mOthersTime":0,"mRunTime":0,"mStartTime":62400000,"mTimeUnit":600000,"mWalkTime":368851,"runStep":0,"walkStep":553},{"distance":104.09,"mCalorie":5.4900002,"mOthersTime":0,"mRunTime":0,"mStartTime":63000000,"mTimeUnit":600000,"mWalkTime":94047,"runStep":0,"walkStep":141},{"distance":36.67,"mCalorie":1.9200001,"mOthersTime":0,"mRunTime":0,"mStartTime":64200000,"mTimeUnit":600000,"mWalkTime":34017,"runStep":0,"walkStep":51},{"distance":361.46997,"mCalorie":18.56,"mOthersTime":0,"mRunTime":0,"mStartTime":64800000,"mTimeUnit":600000,"mWalkTime":324162,"runStep":0,"walkStep":486},{"distance":234.40999,"mCalorie":14.349999,"mOthersTime":0,"mRunTime":400,"mStartTime":65400000,"mTimeUnit":600000,"mWalkTime":221444,"runStep":1,"walkStep":332},{"distance":9.92,"mCalorie":0.54,"mOthersTime":0,"mRunTime":0,"mStartTime":66000000,"mTimeUnit":600000,"mWalkTime":9338,"runStep":0,"walkStep":14},{"distance":56.410004,"mCalorie":2.55,"mOthersTime":0,"mRunTime":0,"mStartTime":69000000,"mTimeUnit":600000,"mWalkTime":48024,"runStep":0,"walkStep":72},{"distance":182.85999,"mCalorie":9.02,"mOthersTime":0,"mRunTime":3600,"mStartTime":69600000,"mTimeUnit":600000,"mWalkTime":151379,"runStep":9,"walkStep":228},{"distance":318.8,"mCalorie":16.25,"mOthersTime":0,"mRunTime":1600,"mStartTime":70200000,"mTimeUnit":600000,"mWalkTime":274774,"runStep":4,"walkStep":434},{"distance":20.38,"mCalorie":1.05,"mOthersTime":0,"mRunTime":0,"mStartTime":70800000,"mTimeUnit":600000,"mWalkTime":18009,"runStep":0,"walkStep":27},{"distance":49.54,"mCalorie":2.5,"mOthersTime":0,"mRunTime":1600,"mStartTime":71400000,"mTimeUnit":600000,"mWalkTime":40020,"runStep":4,"walkStep":60},{"distance":35.76,"mCalorie":1.9200001,"mOthersTime":0,"mRunTime":0,"mStartTime":72000000,"mTimeUnit":600000,"mWalkTime":33350,"runStep":0,"walkStep":50},{"distance":26.34,"mCalorie":1.53,"mOthersTime":0,"mRunTime":0,"mStartTime":72600000,"mTimeUnit":600000,"mWalkTime":25346,"runStep":0,"walkStep":38},{"distance":4.75,"mCalorie":0.21,"mOthersTime":0,"mRunTime":0,"mStartTime":73200000,"mTimeUnit":600000,"mWalkTime":4002,"runStep":0,"walkStep":6},{"distance":71.37,"mCalorie":3.73,"mOthersTime":0,"mRunTime":400,"mStartTime":75000000,"mTimeUnit":600000,"mWalkTime":59363,"runStep":1,"walkStep":89},{"distance":148.93002,"mCalorie":7.97,"mOthersTime":0,"mRunTime":0,"mStartTime":75600000,"mTimeUnit":600000,"mWalkTime":132703,"runStep":0,"walkStep":212},{"distance":358.49002,"mCalorie":19.1,"mOthersTime":0,"mRunTime":0,"mStartTime":76200000,"mTimeUnit":600000,"mWalkTime":300060,"runStep":0,"walkStep":483},{"distance":26.08,"mCalorie":1.44,"mOthersTime":0,"mRunTime":0,"mStartTime":77400000,"mTimeUnit":600000,"mWalkTime":24679,"runStep":0,"walkStep":37},{"distance":458.98,"mCalorie":25.220001,"mOthersTime":0,"mRunTime":0,"mStartTime":78000000,"mTimeUnit":600000,"mWalkTime":424152,"runStep":0,"walkStep":637},{"distance":533.61,"mCalorie":29.740002,"mOthersTime":0,"mRunTime":0,"mStartTime":78600000,"mTimeUnit":600000,"mWalkTime":499583,"runStep":0,"walkStep":749},{"distance":495.34995,"mCalorie":27.93,"mOthersTime":0,"mRunTime":0,"mStartTime":79200000,"mTimeUnit":600000,"mWalkTime":468234,"runStep":0,"walkStep":702},{"distance":349.77002,"mCalorie":19.67,"mOthersTime":0,"mRunTime":0,"mStartTime":79800000,"mTimeUnit":600000,"mWalkTime":325466,"runStep":0,"walkStep":491}],"version":1}