{"mActivityList":[{"mActiveTime":600000,"mActiveTimeType":2,"mCalorie":53.41,"mCategory":204,"mDetailInfoId":"d0a04bea-e378-6dcb-0066-5b07ec856bd8","mDistance":0.0,"mDuration":600000,"mEndTime":85073076,"mStartTime":84473076,"mType":11007}],"mAdaptiveGoal":0,"mIsGoalAchieved":false,"mIsMostActiveAchieved":false,"mMostActiveMinutes":0,"mStreakDayCount":0,"mUnitDataList":[{"distance":8.9,"mCalorie":0.43,"mOthersTime":0,"mRunTime":0,"mStartTime":1800000,"mTimeUnit":600000,"mWalkTime":8004,"runStep":0,"walkStep":12},{"distance":26.95,"mCalorie":1.6899999,"mOthersTime":0,"mRunTime":3200,"mStartTime":3000000,"mTimeUnit":600000,"mWalkTime":16675,"runStep":8,"walkStep":25},{"distance":38.09,"mCalorie":1.6600001,"mOthersTime":0,"mRunTime":0,"mStartTime":3600000,"mTimeUnit":600000,"mWalkTime":33350,"runStep":0,"walkStep":50},{"distance":15.33,"mCalorie":0.67,"mOthersTime":0,"mRunTime":0,"mStartTime":10800000,"mTimeUnit":600000,"mWalkTime":13340,"runStep":0,"walkStep":20},{"distance":134.59,"mCalorie":6.2,"mOthersTime":0,"mRunTime":0,"mStartTime":14400000,"mTimeUnit":600000,"mWalkTime":118059,"runStep":0,"walkStep":177},{"distance":68.11,"mCalorie":3.46,"mOthersTime":0,"mRunTime":400,"mStartTime":15000000,"mTimeUnit":600000,"mWalkTime":58029,"runStep":1,"walkStep":87},{"distance":54.0,"mCalorie":2.38,"mOthersTime":0,"mRunTime":0,"mStartTime":15600000,"mTimeUnit":600000,"mWalkTime":47357,"runStep":0,"walkStep":71},{"distance":8.26,"mCalorie":0.42,"mOthersTime":0,"mRunTime":0,"mStartTime":16200000,"mTimeUnit":600000,"mWalkTime":7337,"runStep":0,"walkStep":11},{"distance":81.51,"mCalorie":3.95,"mOthersTime":0,"mRunTime":0,"mStartTime":18000000,"mTimeUnit":600000,"mWalkTime":72703,"runStep":0,"walkStep":109},{"distance":149.87,"mCalorie":7.4,"mOthersTime":0,"mRunTime":0,"mStartTime":18600000,"mTimeUnit":600000,"mWalkTime":136735,"runStep":0,"walkStep":205},{"distance":10.55,"mCalorie":0.47,"mOthersTime":0,"mRunTime":0,"mStartTime":20400000,"mTimeUnit":600000,"mWalkTime":9338,"runStep":0,"walkStep":14},{"distance":12.620001,"mCalorie":0.53000003,"mOthersTime":0,"mRunTime":0,"mStartTime":25200000,"mTimeUnit":600000,"mWalkTime":10672,"runStep":0,"walkStep":16},{"distance":9.04,"mCalorie":0.39,"mOthersTime":0,"mRunTime":0,"mStartTime":26400000,"mTimeUnit":600000,"mWalkTime":8004,"runStep":0,"walkStep":12},{"distance":21.91,"mCalorie":1.06,"mOthersTime":0,"mRunTime":0,"mStartTime":27600000,"mTimeUnit":600000,"mWalkTime":20010,"runStep":0,"walkStep":30},{"distance":24.95,"mCalorie":1.08,"mOthersTime":0,"mRunTime":0,"mStartTime":28200000,"mTimeUnit":600000,"mWalkTime":21344,"runStep":0,"walkStep":32},{"distance":11.69,"mCalorie":0.79,"mOthersTime":0,"mRunTime":1200,"mStartTime":33000000,"mTimeUnit":600000,"mWalkTime":6670,"runStep":3,"walkStep":10},{"distance":113.43,"mCalorie":6.1000004,"mOthersTime":0,"mRunTime":10400,"mStartTime":33600000,"mTimeUnit":600000,"mWalkTime":74704,"runStep":26,"walkStep":112},{"distance":28.99,"mCalorie":1.62,"mOthersTime":0,"mRunTime":0,"mStartTime":34200000,"mTimeUnit":600000,"mWalkTime":27347,"runStep":0,"walkStep":41},{"distance":154.51999,"mCalorie":7.7,"mOthersTime":0,"mRunTime":0,"mStartTime":36600000,"mTimeUnit":600000,"mWalkTime":138736,"runStep":0,"walkStep":208},{"distance":218.47,"mCalorie":11.0199995,"mOthersTime":0,"mRunTime":0,"mStartTime":37200000,"mTimeUnit":600000,"mWalkTime":201434,"runStep":0,"walkStep":302},{"distance":429.09,"mCalorie":22.24,"mOthersTime":0,"mRunTime":0,"mStartTime":37800000,"mTimeUnit":600000,"mWalkTime":370125,"runStep":0,"walkStep":586},{"distance":98.79,"mCalorie":4.74,"mOthersTime":0,"mRunTime":0,"mStartTime":38400000,"mTimeUnit":600000,"mWalkTime":84042,"runStep":0,"walkStep":126},{"distance":305.56998,"mCalorie":14.45,"mOthersTime":0,"mRunTime":800,"mStartTime":39000000,"mTimeUnit":600000,"mWalkTime":258039,"runStep":2,"walkStep":414},{"distance":43.22,"mCalorie":2.23,"mOthersTime":0,"mRunTime":0,"mStartTime":39600000,"mTimeUnit":600000,"mWalkTime":39353,"runStep":0,"walkStep":59},{"distance":115.82001,"mCalorie":5.65,"mOthersTime":0,"mRunTime":1600,"mStartTime":40800000,"mTimeUnit":600000,"mWalkTime":98049,"runStep":4,"walkStep":147},{"distance":277.84,"mCalorie":14.460001,"mOthersTime":0,"mRunTime":7200,"mStartTime":41400000,"mTimeUnit":600000,"mWalkTime":214047,"runStep":18,"walkStep":344},{"distance":173.59,"mCalorie":7.9800005,"mOthersTime":0,"mRunTime":0,"mStartTime":42000000,"mTimeUnit":600000,"mWalkTime":134674,"runStep":0,"walkStep":226},{"distance":433.69998,"mCalorie":20.94,"mOthersTime":0,"mRunTime":0,"mStartTime":42600000,"mTimeUnit":600000,"mWalkTime":362758,"runStep":0,"walkStep":581},{"distance":112.42,"mCalorie":5.87,"mOthersTime":0,"mRunTime":0,"mStartTime":43200000,"mTimeUnit":600000,"mWalkTime":102718,"runStep":0,"walkStep":154},{"distance":9.53,"mCalorie":0.49,"mOthersTime":0,"mRunTime":0,"mStartTime":43800000,"mTimeUnit":600000,"mWalkTime":8671,"runStep":0,"walkStep":13},{"distance":5.61,"mCalorie":0.3,"mOthersTime":0,"mRunTime":0,"mStartTime":44400000,"mTimeUnit":600000,"mWalkTime":5336,"runStep":0,"walkStep":8},{"distance":194.64001,"mCalorie":9.19,"mOthersTime":0,"mRunTime":0,"mStartTime":45000000,"mTimeUnit":600000,"mWalkTime":174087,"runStep":0,"walkStep":261},{"distance":148.6,"mCalorie":7.71,"mOthersTime":0,"mRunTime":0,"mStartTime":45600000,"mTimeUnit":600000,"mWalkTime":145406,"runStep":0,"walkStep":218},{"distance":404.61996,"mCalorie":20.07,"mOthersTime":0,"mRunTime":0,"mStartTime":46200000,"mTimeUnit":600000,"mWalkTime":338049,"runStep":0,"walkStep":543},{"distance":162.09,"mCalorie":8.119998,"mOthersTime":0,"mRunTime":0,"mStartTime":46800000,"mTimeUnit":600000,"mWalkTime":147407,"runStep":0,"walkStep":221},{"distance":44.339996,"mCalorie":2.21,"mOthersTime":0,"mRunTime":0,"mStartTime":49200000,"mTimeUnit":600000,"mWalkTime":40020,"runStep":0,"walkStep":60},{"distance":250.35999,"mCalorie":12.17,"mOthersTime":0,"mRunTime":0,"mStartTime":50400000,"mTimeUnit":600000,"mWalkTime":226780,"runStep":0,"walkStep":340},{"distance":230.63,"mCalorie":10.98,"mOthersTime":0,"mRunTime":0,"mStartTime":51000000,"mTimeUnit":600000,"mWalkTime":204769,"runStep":0,"walkStep":307},{"distance":70.26,"mCalorie":3.35,"mOthersTime":0,"mRunTime":0,"mStartTime":51600000,"mTimeUnit":600000,"mWalkTime":62698,"runStep":0,"walkStep":94},{"distance":177.34,"mCalorie":9.58,"mOthersTime":0,"mRunTime":0,"mStartTime":52200000,"mTimeUnit":600000,"mWalkTime":168751,"runStep":0,"walkStep":253},{"distance":153.79001,"mCalorie":8.51,"mOthersTime":0,"mRunTime":0,"mStartTime":52800000,"mTimeUnit":600000,"mWalkTime":148074,"runStep":0,"walkStep":222},{"distance":358.66998,"mCalorie":16.460001,"mOthersTime":0,"mRunTime":0,"mStartTime":53400000,"mTimeUnit":600000,"mWalkTime":286750,"runStep":0,"walkStep":474},{"distance":114.840004,"mCalorie":5.3900003,"mOthersTime":0,"mRunTime":0,"mStartTime":54000000,"mTimeUnit":600000,"mWalkTime":102051,"runStep":0,"walkStep":153},{"distance":164.34,"mCalorie":8.1,"mOthersTime":0,"mRunTime":2000,"mStartTime":54600000,"mTimeUnit":600000,"mWalkTime":140070,"runStep":5,"walkStep":210},{"distance":142.9,"mCalorie":7.18,"mOthersTime":0,"mRunTime":0,"mStartTime":55200000,"mTimeUnit":600000,"mWalkTime":130065,"runStep":0,"walkStep":195},{"distance":158.81,"mCalorie":9.58,"mOthersTime":0,"mRunTime":18000,"mStartTime":55800000,"mTimeUnit":600000,"mWalkTime":74037,"runStep":45,"walkStep":111},{"distance":10.43,"mCalorie":0.48,"mOthersTime":0,"mRunTime":0,"mStartTime":56400000,"mTimeUnit":600000,"mWalkTime":9338,"runStep":0,"walkStep":14},{"distance":100.2,"mCalorie":4.56,"mOthersTime":0,"mRunTime":0,"mStartTime":57600000,"mTimeUnit":600000,"mWalkTime":87377,"runStep":0,"walkStep":131},{"distance":105.229996,"mCalorie":5.19,"mOthersTime":0,"mRunTime":0,"mStartTime":58200000,"mTimeUnit":600000,"mWalkTime":94047,"runStep":0,"walkStep":141},{"distance":45.96,"mCalorie":2.3100002,"mOthersTime":0,"mRunTime":0,"mStartTime":58800000,"mTimeUnit":600000,"mWalkTime":42021,"runStep":0,"walkStep":63},{"distance":69.18,"mCalorie":3.48,"mOthersTime":0,"mRunTime":0,"mStartTime":59400000,"mTimeUnit":600000,"mWalkTime":63365,"runStep":0,"walkStep":95},{"distance":43.65,"mCalorie":2.27,"mOthersTime":0,"mRunTime":0,"mStartTime":60000000,"mTimeUnit":600000,"mWalkTime":39353,"runStep":0,"walkStep":59},{"distance":34.93,"mCalorie":1.6099999,"mOthersTime":0,"mRunTime":400,"mStartTime":63000000,"mTimeUnit":600000,"mWalkTime":29348,"runStep":1,"walkStep":44},{"distance":76.560005,"mCalorie":3.65,"mOthersTime":0,"mRunTime":0,"mStartTime":63600000,"mTimeUnit":600000,"mWalkTime":68034,"runStep":0,"walkStep":102},{"distance":23.029999,"mCalorie":1.3199999,"mOthersTime":0,"mRunTime":0,"mStartTime":64200000,"mTimeUnit":600000,"mWalkTime":22011,"runStep":0,"walkStep":33},{"distance":65.33,"mCalorie":3.4400003,"mOthersTime":0,"mRunTime":0,"mStartTime":64800000,"mTimeUnit":600000,"mWalkTime":60697,"runStep":0,"walkStep":91},{"distance":156.99998,"mCalorie":7.6,"mOthersTime":0,"mRunTime":0,"mStartTime":65400000,"mTimeUnit":600000,"mWalkTime":143405,"runStep":0,"walkStep":215},{"distance":48.019997,"mCalorie":2.31,"mOthersTime":0,"mRunTime":0,"mStartTime":68400000,"mTimeUnit":600000,"mWalkTime":43355,"runStep":0,"walkStep":65},{"distance":5.98,"mCalorie":0.29,"mOthersTime":0,"mRunTime":0,"mStartTime":69600000,"mTimeUnit":600000,"mWalkTime":5336,"runStep":0,"walkStep":8},{"distance":6.78,"mCalorie":0.49,"mOthersTime":0,"mRunTime":0,"mStartTime":70800000,"mTimeUnit":600000,"mWalkTime":6670,"runStep":0,"walkStep":10},{"distance":42.47,"mCalorie":2.23,"mOthersTime":0,"mRunTime":2400,"mStartTime":71400000,"mTimeUnit":600000,"mWalkTime":31349,"runStep":6,"walkStep":47},{"distance":6.9,"mCalorie":0.45,"mOthersTime":0,"mRunTime":0,"mStartTime":72000000,"mTimeUnit":600000,"mWalkTime":6670,"runStep":0,"walkStep":10},{"distance":31.27,"mCalorie":1.42,"mOthersTime":0,"mRunTime":800,"mStartTime":74400000,"mTimeUnit":600000,"mWalkTime":25346,"runStep":2,"walkStep":38},{"distance":232.64001,"mCalorie":11.64,"mOthersTime":0,"mRunTime":2800,"mStartTime":75000000,"mTimeUnit":600000,"mWalkTime":200767,"runStep":7,"walkStep":301},{"distance":112.82,"mCalorie":5.46,"mOthersTime":0,"mRunTime":0,"mStartTime":75600000,"mTimeUnit":600000,"mWalkTime":100717,"runStep":0,"walkStep":151},{"distance":67.88,"mCalorie":3.1200001,"mOthersTime":0,"mRunTime":0,"mStartTime":76200000,"mTimeUnit":600000,"mWalkTime":60030,"runStep":0,"walkStep":90},{"distance":121.799995,"mCalorie":5.63,"mOthersTime":0,"mRunTime":0,"mStartTime":78000000,"mTimeUnit":600000,"mWalkTime":108054,"runStep":0,"walkStep":162},{"distance":143.48,"mCalorie":6.95,"mOthersTime":0,"mRunTime":1600,"mStartTime":78600000,"mTimeUnit":600000,"mWalkTime":126063,"runStep":4,"walkStep":189},{"distance":83.57,"mCalorie":4.29,"mOthersTime":0,"mRunTime":0,"mStartTime":81000000,"mTimeUnit":600000,"mWalkTime":86043,"runStep":0,"walkStep":129},{"distance":48.59,"mCalorie":2.29,"mOthersTime":0,"mRunTime":0,"mStartTime":81600000,"mTimeUnit":600000,"mWalkTime":44689,"runStep":0,"walkStep":67},{"distance":8.86,"mCalorie":0.39,"mOthersTime":0,"mRunTime":0,"mStartTime":82200000,"mTimeUnit":600000,"mWalkTime":8004,"runStep":0,"walkStep":12},{"distance":6.79,"mCalorie":0.38,"mOthersTime":0,"mRunTime":0,"mStartTime":82800000,"mTimeUnit":600000,"mWalkTime":6670,"runStep":0,"walkStep":10},{"distance":91.729996,"mCalorie":15.678351,"mOthersTime":126924,"mRunTime":0,"mStartTime":84000000,"mTimeUnit":600000,"mWalkTime":80707,"runStep":0,"walkStep":136},{"distance":23.869076,"mCalorie":43.254757,"mOthersTime":473076,"mRunTime":0,"mStartTime":84600000,"mTimeUnit":600000,"mWalkTime":21575,"runStep":2,"walkStep":102},{"distance":79.18,"mCalorie":3.65,"mOthersTime":0,"mRunTime":0,"mStartTime":85200000,"mTimeUnit":600000,"mWalkTime":69368,"runStep":0,"walkStep":104}],"version":1}