{"mAdaptiveGoal":0,"mIsGoalAchieved":false,"mIsMostActiveAchieved":false,"mMostActiveMinutes":0,"mStreakDayCount":0,"mUnitDataList":[{"distance":28.9,"mCalorie":1.8,"mOthersTime":0,"mRunTime":0,"mStartTime":34800000,"mTimeUnit":600000,"mWalkTime":31349,"runStep":0,"walkStep":47},{"distance":166.12,"mCalorie":8.62,"mOthersTime":0,"mRunTime":0,"mStartTime":37200000,"mTimeUnit":600000,"mWalkTime":138706,"runStep":0,"walkStep":221},{"distance":19.42,"mCalorie":1.03,"mOthersTime":0,"mRunTime":0,"mStartTime":41400000,"mTimeUnit":600000,"mWalkTime":18009,"runStep":0,"walkStep":27},{"distance":27.8,"mCalorie":1.37,"mOthersTime":0,"mRunTime":0,"mStartTime":42000000,"mTimeUnit":600000,"mWalkTime":25346,"runStep":0,"walkStep":38},{"distance":43.41,"mCalorie":2.91,"mOthersTime":0,"mRunTime":0,"mStartTime":42600000,"mTimeUnit":600000,"mWalkTime":41354,"runStep":0,"walkStep":62},{"distance":69.47,"mCalorie":3.87,"mOthersTime":0,"mRunTime":0,"mStartTime":43200000,"mTimeUnit":600000,"mWalkTime":64699,"runStep":0,"walkStep":97},{"distance":92.149994,"mCalorie":5.3099995,"mOthersTime":0,"mRunTime":0,"mStartTime":43800000,"mTimeUnit":600000,"mWalkTime":86710,"runStep":0,"walkStep":130},{"distance":51.53,"mCalorie":2.78,"mOthersTime":0,"mRunTime":0,"mStartTime":44400000,"mTimeUnit":600000,"mWalkTime":48691,"runStep":0,"walkStep":73},{"distance":328.88998,"mCalorie":18.61,"mOthersTime":0,"mRunTime":0,"mStartTime":45000000,"mTimeUnit":600000,"mWalkTime":312793,"runStep":0,"walkStep":473},{"distance":224.69,"mCalorie":12.080001,"mOthersTime":0,"mRunTime":0,"mStartTime":45600000,"mTimeUnit":600000,"mWalkTime":207437,"runStep":0,"walkStep":311},{"distance":58.25,"mCalorie":3.0100002,"mOthersTime":0,"mRunTime":0,"mStartTime":46200000,"mTimeUnit":600000,"mWalkTime":52026,"runStep":0,"walkStep":78},{"distance":40.13,"mCalorie":2.06,"mOthersTime":0,"mRunTime":0,"mStartTime":46800000,"mTimeUnit":600000,"mWalkTime":36685,"runStep":0,"walkStep":55},{"distance":127.81,"mCalorie":7.46,"mOthersTime":0,"mRunTime":0,"mStartTime":47400000,"mTimeUnit":600000,"mWalkTime":120060,"runStep":0,"walkStep":180},{"distance":114.99,"mCalorie":6.2200003,"mOthersTime":0,"mRunTime":0,"mStartTime":48000000,"mTimeUnit":600000,"mWalkTime":107387,"runStep":0,"walkStep":161},{"distance":4.22,"mCalorie":0.22,"mOthersTime":0,"mRunTime":0,"mStartTime":48600000,"mTimeUnit":600000,"mWalkTime":4002,"runStep":0,"walkStep":6},{"distance":56.57,"mCalorie":3.07,"mOthersTime":0,"mRunTime":0,"mStartTime":49200000,"mTimeUnit":600000,"mWalkTime":52693,"runStep":0,"walkStep":79},{"distance":7.41,"mCalorie":0.36,"mOthersTime":0,"mRunTime":0,"mStartTime":50400000,"mTimeUnit":600000,"mWalkTime":6670,"runStep":0,"walkStep":10},{"distance":35.05,"mCalorie":1.78,"mOthersTime":0,"mRunTime":0,"mStartTime":51600000,"mTimeUnit":600000,"mWalkTime":31349,"runStep":0,"walkStep":47},{"distance":75.2,"mCalorie":3.56,"mOthersTime":0,"mRunTime":0,"mStartTime":52200000,"mTimeUnit":600000,"mWalkTime":67367,"runStep":0,"walkStep":101},{"distance":35.37,"mCalorie":1.83,"mOthersTime":0,"mRunTime":0,"mStartTime":54600000,"mTimeUnit":600000,"mWalkTime":32016,"runStep":0,"walkStep":48},{"distance":6.6800003,"mCalorie":0.32999998,"mOthersTime":0,"mRunTime":0,"mStartTime":55200000,"mTimeUnit":600000,"mWalkTime":6003,"runStep":0,"walkStep":9},{"distance":175.88998,"mCalorie":9.28,"mOthersTime":0,"mRunTime":0,"mStartTime":55800000,"mTimeUnit":600000,"mWalkTime":150045,"runStep":0,"walkStep":236},{"distance":179.96999,"mCalorie":9.4800005,"mOthersTime":0,"mRunTime":0,"mStartTime":56400000,"mTimeUnit":600000,"mWalkTime":147377,"runStep":0,"walkStep":240},{"distance":5.06,"mCalorie":0.25,"mOthersTime":0,"mRunTime":0,"mStartTime":57000000,"mTimeUnit":600000,"mWalkTime":4669,"runStep":0,"walkStep":7},{"distance":24.02,"mCalorie":1.23,"mOthersTime":0,"mRunTime":0,"mStartTime":57600000,"mTimeUnit":600000,"mWalkTime":22011,"runStep":0,"walkStep":33},{"distance":39.510002,"mCalorie":1.96,"mOthersTime":0,"mRunTime":0,"mStartTime":60600000,"mTimeUnit":600000,"mWalkTime":35351,"runStep":0,"walkStep":53},{"distance":80.5,"mCalorie":4.28,"mOthersTime":0,"mRunTime":0,"mStartTime":61200000,"mTimeUnit":600000,"mWalkTime":75371,"runStep":0,"walkStep":113},{"distance":153.49,"mCalorie":7.94,"mOthersTime":0,"mRunTime":0,"mStartTime":61800000,"mTimeUnit":600000,"mWalkTime":138069,"runStep":0,"walkStep":207},{"distance":123.259995,"mCalorie":6.47,"mOthersTime":0,"mRunTime":0,"mStartTime":62400000,"mTimeUnit":600000,"mWalkTime":112723,"runStep":0,"walkStep":169},{"distance":75.33,"mCalorie":3.99,"mOthersTime":0,"mRunTime":0,"mStartTime":63000000,"mTimeUnit":600000,"mWalkTime":68701,"runStep":0,"walkStep":103},{"distance":17.75,"mCalorie":1.77,"mOthersTime":0,"mRunTime":0,"mStartTime":63600000,"mTimeUnit":600000,"mWalkTime":19343,"runStep":0,"walkStep":29},{"distance":72.29,"mCalorie":3.8300002,"mOthersTime":0,"mRunTime":0,"mStartTime":64200000,"mTimeUnit":600000,"mWalkTime":68034,"runStep":0,"walkStep":102},{"distance":114.71001,"mCalorie":5.7299995,"mOthersTime":0,"mRunTime":0,"mStartTime":64800000,"mTimeUnit":600000,"mWalkTime":102051,"runStep":0,"walkStep":153},{"distance":38.88,"mCalorie":1.99,"mOthersTime":0,"mRunTime":0,"mStartTime":65400000,"mTimeUnit":600000,"mWalkTime":35351,"runStep":0,"walkStep":53},{"distance":11.52,"mCalorie":0.59,"mOthersTime":0,"mRunTime":0,"mStartTime":66600000,"mTimeUnit":600000,"mWalkTime":10672,"runStep":0,"walkStep":16},{"distance":4.71,"mCalorie":0.21,"mOthersTime":0,"mRunTime":0,"mStartTime":70200000,"mTimeUnit":600000,"mWalkTime":4002,"runStep":0,"walkStep":6},{"distance":4.9399996,"mCalorie":0.26,"mOthersTime":0,"mRunTime":0,"mStartTime":70800000,"mTimeUnit":600000,"mWalkTime":4669,"runStep":0,"walkStep":7},{"distance":40.539997,"mCalorie":2.88,"mOthersTime":0,"mRunTime":0,"mStartTime":80400000,"mTimeUnit":600000,"mWalkTime":40020,"runStep":0,"walkStep":60}],"version":1}