{"mAdaptiveGoal":0,"mIsGoalAchieved":false,"mIsMostActiveAchieved":false,"mMostActiveMinutes":0,"mStreakDayCount":0,"mUnitDataList":[{"distance":261.18,"mCalorie":13.96,"mOthersTime":0,"mRunTime":0,"mStartTime":0,"mTimeUnit":600000,"mWalkTime":233420,"runStep":0,"walkStep":354},{"distance":223.79,"mCalorie":12.02,"mOthersTime":0,"mRunTime":0,"mStartTime":600000,"mTimeUnit":600000,"mWalkTime":194067,"runStep":0,"walkStep":302},{"distance":61.51,"mCalorie":3.31,"mOthersTime":0,"mRunTime":0,"mStartTime":1200000,"mTimeUnit":600000,"mWalkTime":56695,"runStep":0,"walkStep":85},{"distance":300.99997,"mCalorie":16.310001,"mOthersTime":0,"mRunTime":0,"mStartTime":1800000,"mTimeUnit":600000,"mWalkTime":269408,"runStep":0,"walkStep":411},{"distance":251.58998,"mCalorie":14.170001,"mOthersTime":0,"mRunTime":0,"mStartTime":2400000,"mTimeUnit":600000,"mWalkTime":240787,"runStep":0,"walkStep":361},{"distance":46.690002,"mCalorie":2.46,"mOthersTime":0,"mRunTime":0,"mStartTime":13800000,"mTimeUnit":600000,"mWalkTime":43355,"runStep":0,"walkStep":65},{"distance":84.85999,"mCalorie":4.4999995,"mOthersTime":0,"mRunTime":0,"mStartTime":33000000,"mTimeUnit":600000,"mWalkTime":78706,"runStep":0,"walkStep":118},{"distance":61.45,"mCalorie":3.19,"mOthersTime":0,"mRunTime":0,"mStartTime":33600000,"mTimeUnit":600000,"mWalkTime":56695,"runStep":0,"walkStep":85},{"distance":128.28001,"mCalorie":8.09,"mOthersTime":0,"mRunTime":0,"mStartTime":36000000,"mTimeUnit":600000,"mWalkTime":140737,"runStep":0,"walkStep":211},{"distance":29.3,"mCalorie":1.5699999,"mOthersTime":0,"mRunTime":0,"mStartTime":36600000,"mTimeUnit":600000,"mWalkTime":27347,"runStep":0,"walkStep":41},{"distance":81.2,"mCalorie":4.2799997,"mOthersTime":0,"mRunTime":0,"mStartTime":37200000,"mTimeUnit":600000,"mWalkTime":74704,"runStep":0,"walkStep":112},{"distance":52.709988,"mCalorie":2.7199996,"mOthersTime":0,"mRunTime":0,"mStartTime":37800000,"mTimeUnit":600000,"mWalkTime":48024,"runStep":0,"walkStep":72},{"distance":105.0,"mCalorie":5.32,"mOthersTime":0,"mRunTime":0,"mStartTime":45600000,"mTimeUnit":600000,"mWalkTime":95381,"runStep":0,"walkStep":143},{"distance":279.33002,"mCalorie":18.86,"mOthersTime":0,"mRunTime":0,"mStartTime":46200000,"mTimeUnit":600000,"mWalkTime":268771,"runStep":0,"walkStep":404},{"distance":207.26001,"mCalorie":11.86,"mOthersTime":0,"mRunTime":0,"mStartTime":49200000,"mTimeUnit":600000,"mWalkTime":198069,"runStep":0,"walkStep":300},{"distance":199.52,"mCalorie":10.639999,"mOthersTime":0,"mRunTime":0,"mStartTime":49800000,"mTimeUnit":600000,"mWalkTime":176725,"runStep":0,"walkStep":276},{"distance":33.35,"mCalorie":1.69,"mOthersTime":0,"mRunTime":0,"mStartTime":51000000,"mTimeUnit":600000,"mWalkTime":30015,"runStep":0,"walkStep":45},{"distance":116.28,"mCalorie":6.43,"mOthersTime":0,"mRunTime":0,"mStartTime":51600000,"mTimeUnit":600000,"mWalkTime":110055,"runStep":0,"walkStep":165},{"distance":108.409996,"mCalorie":6.09,"mOthersTime":0,"mRunTime":0,"mStartTime":52800000,"mTimeUnit":600000,"mWalkTime":102718,"runStep":0,"walkStep":154},{"distance":138.87,"mCalorie":7.39,"mOthersTime":0,"mRunTime":0,"mStartTime":53400000,"mTimeUnit":600000,"mWalkTime":129398,"runStep":0,"walkStep":194},{"distance":277.80002,"mCalorie":15.24,"mOthersTime":0,"mRunTime":0,"mStartTime":54000000,"mTimeUnit":600000,"mWalkTime":258129,"runStep":0,"walkStep":387},{"distance":54.8,"mCalorie":2.9900002,"mOthersTime":0,"mRunTime":0,"mStartTime":56400000,"mTimeUnit":600000,"mWalkTime":51359,"runStep":0,"walkStep":77},{"distance":42.79,"mCalorie":2.31,"mOthersTime":0,"mRunTime":0,"mStartTime":67800000,"mTimeUnit":600000,"mWalkTime":39353,"runStep":0,"walkStep":59},{"distance":107.17999,"mCalorie":5.68,"mOthersTime":0,"mRunTime":0,"mStartTime":68400000,"mTimeUnit":600000,"mWalkTime":99383,"runStep":0,"walkStep":149},{"distance":24.109999,"mCalorie":1.26,"mOthersTime":0,"mRunTime":0,"mStartTime":70200000,"mTimeUnit":600000,"mWalkTime":22011,"runStep":0,"walkStep":33},{"distance":102.61,"mCalorie":5.39,"mOthersTime":0,"mRunTime":0,"mStartTime":70800000,"mTimeUnit":600000,"mWalkTime":94714,"runStep":0,"walkStep":142},{"distance":56.239998,"mCalorie":2.94,"mOthersTime":0,"mRunTime":0,"mStartTime":71400000,"mTimeUnit":600000,"mWalkTime":51359,"runStep":0,"walkStep":77},{"distance":264.11,"mCalorie":16.210001,"mOthersTime":0,"mRunTime":0,"mStartTime":73200000,"mTimeUnit":600000,"mWalkTime":242061,"runStep":0,"walkStep":371},{"distance":13.18,"mCalorie":0.66,"mOthersTime":0,"mRunTime":0,"mStartTime":73800000,"mTimeUnit":600000,"mWalkTime":12006,"runStep":0,"walkStep":18},{"distance":7.14,"mCalorie":0.38,"mOthersTime":0,"mRunTime":0,"mStartTime":74400000,"mTimeUnit":600000,"mWalkTime":6670,"runStep":0,"walkStep":10},{"distance":348.53,"mCalorie":18.9,"mOthersTime":0,"mRunTime":0,"mStartTime":76800000,"mTimeUnit":600000,"mWalkTime":317432,"runStep":0,"walkStep":479},{"distance":90.67,"mCalorie":4.77,"mOthersTime":0,"mRunTime":0,"mStartTime":77400000,"mTimeUnit":600000,"mWalkTime":83375,"runStep":0,"walkStep":125},{"distance":4.36,"mCalorie":0.22,"mOthersTime":0,"mRunTime":0,"mStartTime":79800000,"mTimeUnit":600000,"mWalkTime":4002,"runStep":0,"walkStep":6},{"distance":18.210001,"mCalorie":0.90999997,"mOthersTime":0,"mRunTime":0,"mStartTime":80400000,"mTimeUnit":600000,"mWalkTime":16675,"runStep":0,"walkStep":25},{"distance":61.410004,"mCalorie":3.36,"mOthersTime":0,"mRunTime":0,"mStartTime":81000000,"mTimeUnit":600000,"mWalkTime":57362,"runStep":0,"walkStep":86}],"version":1}