{"mActivityList":[{"mActiveTime":1692068,"mActiveTimeType":0,"mCalorie":103.0,"mCategory":204,"mDetailInfoId":"5c9a14c5-ddc7-a818-cade-1db962510552","mDistance":1683.69,"mDuration":1692068,"mEndTime":28525826,"mStartTime":26833758,"mType":1001}],"mAdaptiveGoal":0,"mIsGoalAchieved":false,"mIsMostActiveAchieved":false,"mMostActiveMinutes":0,"mStreakDayCount":0,"mUnitDataList":[{"distance":22.42,"mCalorie":1.01,"mOthersTime":0,"mRunTime":0,"mStartTime":3000000,"mTimeUnit":600000,"mWalkTime":16008,"runStep":0,"walkStep":24},{"distance":21.28,"mCalorie":1.39,"mOthersTime":0,"mRunTime":1600,"mStartTime":10200000,"mTimeUnit":600000,"mWalkTime":15341,"runStep":4,"walkStep":23},{"distance":40.92,"mCalorie":2.11,"mOthersTime":0,"mRunTime":0,"mStartTime":17400000,"mTimeUnit":600000,"mWalkTime":36018,"runStep":0,"walkStep":54},{"distance":107.94,"mCalorie":5.34,"mOthersTime":0,"mRunTime":400,"mStartTime":22200000,"mTimeUnit":600000,"mWalkTime":96715,"runStep":1,"walkStep":145},{"distance":149.37,"mCalorie":7.5099998,"mOthersTime":0,"mRunTime":6165,"mStartTime":22800000,"mTimeUnit":600000,"mWalkTime":116131,"runStep":16,"walkStep":182},{"distance":100.899994,"mCalorie":5.04,"mOthersTime":0,"mRunTime":0,"mStartTime":23400000,"mTimeUnit":600000,"mWalkTime":91379,"runStep":0,"walkStep":137},{"distance":11.49,"mCalorie":0.49,"mOthersTime":0,"mRunTime":0,"mStartTime":24600000,"mTimeUnit":600000,"mWalkTime":10005,"runStep":0,"walkStep":15},{"distance":113.5,"mCalorie":5.64,"mOthersTime":0,"mRunTime":0,"mStartTime":25200000,"mTimeUnit":600000,"mWalkTime":103385,"runStep":0,"walkStep":155},{"distance":40.28,"mCalorie":1.93,"mOthersTime":0,"mRunTime":0,"mStartTime":25800000,"mTimeUnit":600000,"mWalkTime":36685,"runStep":0,"walkStep":55},{"distance":180.32336,"mCalorie":10.80284,"mOthersTime":0,"mRunTime":0,"mStartTime":26400000,"mTimeUnit":600000,"mWalkTime":180000,"runStep":0,"walkStep":203},{"distance":597.0292,"mCalorie":36.523357,"mOthersTime":0,"mRunTime":0,"mStartTime":27000000,"mTimeUnit":600000,"mWalkTime":600000,"runStep":0,"walkStep":1094},{"distance":597.0292,"mCalorie":36.523357,"mOthersTime":0,"mRunTime":0,"mStartTime":27600000,"mTimeUnit":600000,"mWalkTime":600000,"runStep":0,"walkStep":894},{"distance":332.3227,"mCalorie":20.243765,"mOthersTime":0,"mRunTime":0,"mStartTime":28200000,"mTimeUnit":600000,"mWalkTime":333163,"runStep":0,"walkStep":96},{"distance":61.82,"mCalorie":3.1,"mOthersTime":0,"mRunTime":0,"mStartTime":28800000,"mTimeUnit":600000,"mWalkTime":56028,"runStep":0,"walkStep":84},{"distance":31.73,"mCalorie":1.8499999,"mOthersTime":0,"mRunTime":0,"mStartTime":30000000,"mTimeUnit":600000,"mWalkTime":30682,"runStep":0,"walkStep":46},{"distance":202.35,"mCalorie":9.79,"mOthersTime":0,"mRunTime":7200,"mStartTime":30600000,"mTimeUnit":600000,"mWalkTime":155381,"runStep":18,"walkStep":247},{"distance":96.43,"mCalorie":5.0099983,"mOthersTime":0,"mRunTime":0,"mStartTime":31200000,"mTimeUnit":600000,"mWalkTime":72673,"runStep":0,"walkStep":129},{"distance":52.0,"mCalorie":2.7,"mOthersTime":0,"mRunTime":0,"mStartTime":31800000,"mTimeUnit":600000,"mWalkTime":47357,"runStep":0,"walkStep":71},{"distance":215.01999,"mCalorie":11.84,"mOthersTime":0,"mRunTime":0,"mStartTime":32400000,"mTimeUnit":600000,"mWalkTime":202071,"runStep":0,"walkStep":303},{"distance":178.81,"mCalorie":9.420001,"mOthersTime":0,"mRunTime":0,"mStartTime":33000000,"mTimeUnit":600000,"mWalkTime":166750,"runStep":0,"walkStep":250},{"distance":358.841,"mCalorie":19.36,"mOthersTime":0,"mRunTime":0,"mStartTime":33600000,"mTimeUnit":600000,"mWalkTime":317432,"runStep":0,"walkStep":495},{"distance":341.77997,"mCalorie":18.060001,"mOthersTime":0,"mRunTime":0,"mStartTime":34200000,"mTimeUnit":600000,"mWalkTime":302758,"runStep":0,"walkStep":472},{"distance":183.18001,"mCalorie":10.02,"mOthersTime":0,"mRunTime":0,"mStartTime":34800000,"mTimeUnit":600000,"mWalkTime":171419,"runStep":0,"walkStep":257},{"distance":371.64,"mCalorie":20.06,"mOthersTime":0,"mRunTime":0,"mStartTime":35400000,"mTimeUnit":600000,"mWalkTime":322101,"runStep":0,"walkStep":507},{"distance":45.97,"mCalorie":2.43,"mOthersTime":0,"mRunTime":0,"mStartTime":36000000,"mTimeUnit":600000,"mWalkTime":42688,"runStep":0,"walkStep":64},{"distance":28.94,"mCalorie":1.26,"mOthersTime":0,"mRunTime":0,"mStartTime":36600000,"mTimeUnit":600000,"mWalkTime":25346,"runStep":0,"walkStep":38},{"distance":66.95,"mCalorie":3.59,"mOthersTime":0,"mRunTime":0,"mStartTime":37200000,"mTimeUnit":600000,"mWalkTime":62031,"runStep":0,"walkStep":93},{"distance":58.020004,"mCalorie":2.94,"mOthersTime":0,"mRunTime":0,"mStartTime":38400000,"mTimeUnit":600000,"mWalkTime":52693,"runStep":0,"walkStep":79},{"distance":124.840004,"mCalorie":8.34,"mOthersTime":0,"mRunTime":0,"mStartTime":39000000,"mTimeUnit":600000,"mWalkTime":133370,"runStep":0,"walkStep":209},{"distance":124.47,"mCalorie":7.6099997,"mOthersTime":0,"mRunTime":0,"mStartTime":39600000,"mTimeUnit":600000,"mWalkTime":120060,"runStep":0,"walkStep":180},{"distance":20.02,"mCalorie":1.28,"mOthersTime":0,"mRunTime":3600,"mStartTime":40200000,"mTimeUnit":600000,"mWalkTime":8671,"runStep":9,"walkStep":13},{"distance":11.16,"mCalorie":0.53,"mOthersTime":0,"mRunTime":0,"mStartTime":40800000,"mTimeUnit":600000,"mWalkTime":10005,"runStep":0,"walkStep":15},{"distance":117.98,"mCalorie":7.78,"mOthersTime":0,"mRunTime":0,"mStartTime":41400000,"mTimeUnit":600000,"mWalkTime":111389,"runStep":0,"walkStep":167},{"distance":8.77,"mCalorie":0.45,"mOthersTime":0,"mRunTime":0,"mStartTime":42000000,"mTimeUnit":600000,"mWalkTime":8004,"runStep":0,"walkStep":12},{"distance":80.46,"mCalorie":3.85,"mOthersTime":0,"mRunTime":0,"mStartTime":42600000,"mTimeUnit":600000,"mWalkTime":71369,"runStep":0,"walkStep":107},{"distance":66.08,"mCalorie":3.37,"mOthersTime":0,"mRunTime":0,"mStartTime":43200000,"mTimeUnit":600000,"mWalkTime":61364,"runStep":0,"walkStep":92},{"distance":48.809998,"mCalorie":2.51,"mOthersTime":0,"mRunTime":0,"mStartTime":43800000,"mTimeUnit":600000,"mWalkTime":44689,"runStep":0,"walkStep":67},{"distance":192.40001,"mCalorie":10.329999,"mOthersTime":0,"mRunTime":0,"mStartTime":44400000,"mTimeUnit":600000,"mWalkTime":179423,"runStep":0,"walkStep":269},{"distance":83.84,"mCalorie":4.26,"mOthersTime":0,"mRunTime":0,"mStartTime":45000000,"mTimeUnit":600000,"mWalkTime":76038,"runStep":0,"walkStep":114},{"distance":8.85,"mCalorie":0.4,"mOthersTime":0,"mRunTime":0,"mStartTime":46200000,"mTimeUnit":600000,"mWalkTime":8004,"runStep":0,"walkStep":12},{"distance":189.18001,"mCalorie":10.099999,"mOthersTime":0,"mRunTime":0,"mStartTime":46800000,"mTimeUnit":600000,"mWalkTime":170025,"runStep":0,"walkStep":262},{"distance":18.06,"mCalorie":0.92,"mOthersTime":0,"mRunTime":0,"mStartTime":47400000,"mTimeUnit":600000,"mWalkTime":16675,"runStep":0,"walkStep":25},{"distance":19.57,"mCalorie":0.97,"mOthersTime":0,"mRunTime":0,"mStartTime":48000000,"mTimeUnit":600000,"mWalkTime":18009,"runStep":0,"walkStep":27},{"distance":111.89,"mCalorie":6.22,"mOthersTime":0,"mRunTime":0,"mStartTime":48600000,"mTimeUnit":600000,"mWalkTime":104719,"runStep":0,"walkStep":157},{"distance":132.05,"mCalorie":6.4199996,"mOthersTime":0,"mRunTime":0,"mStartTime":49200000,"mTimeUnit":600000,"mWalkTime":116725,"runStep":0,"walkStep":175},{"distance":116.979996,"mCalorie":6.0299997,"mOthersTime":0,"mRunTime":0,"mStartTime":49800000,"mTimeUnit":600000,"mWalkTime":105386,"runStep":0,"walkStep":158},{"distance":146.59099,"mCalorie":7.48,"mOthersTime":0,"mRunTime":0,"mStartTime":50400000,"mTimeUnit":600000,"mWalkTime":134067,"runStep":0,"walkStep":201},{"distance":85.45,"mCalorie":4.19,"mOthersTime":0,"mRunTime":0,"mStartTime":53400000,"mTimeUnit":600000,"mWalkTime":78039,"runStep":0,"walkStep":117},{"distance":93.17,"mCalorie":4.81,"mOthersTime":0,"mRunTime":0,"mStartTime":54000000,"mTimeUnit":600000,"mWalkTime":83375,"runStep":0,"walkStep":125},{"distance":8.91,"mCalorie":0.36,"mOthersTime":0,"mRunTime":0,"mStartTime":55200000,"mTimeUnit":600000,"mWalkTime":7337,"runStep":0,"walkStep":11},{"distance":223.48997,"mCalorie":11.780001,"mOthersTime":0,"mRunTime":0,"mStartTime":55800000,"mTimeUnit":600000,"mWalkTime":196735,"runStep":0,"walkStep":304},{"distance":51.15,"mCalorie":2.4699998,"mOthersTime":0,"mRunTime":0,"mStartTime":57600000,"mTimeUnit":600000,"mWalkTime":45356,"runStep":0,"walkStep":68},{"distance":111.40001,"mCalorie":5.92,"mOthersTime":0,"mRunTime":4800,"mStartTime":58200000,"mTimeUnit":600000,"mWalkTime":89378,"runStep":12,"walkStep":134},{"distance":16.5,"mCalorie":0.82,"mOthersTime":0,"mRunTime":0,"mStartTime":59400000,"mTimeUnit":600000,"mWalkTime":15341,"runStep":0,"walkStep":23},{"distance":19.869999,"mCalorie":0.83000004,"mOthersTime":0,"mRunTime":0,"mStartTime":62400000,"mTimeUnit":600000,"mWalkTime":17342,"runStep":0,"walkStep":26},{"distance":45.309998,"mCalorie":2.48,"mOthersTime":0,"mRunTime":400,"mStartTime":63600000,"mTimeUnit":600000,"mWalkTime":38686,"runStep":1,"walkStep":58},{"distance":17.95,"mCalorie":0.8,"mOthersTime":0,"mRunTime":0,"mStartTime":64200000,"mTimeUnit":600000,"mWalkTime":16008,"runStep":0,"walkStep":24},{"distance":9.3,"mCalorie":0.48,"mOthersTime":0,"mRunTime":0,"mStartTime":65400000,"mTimeUnit":600000,"mWalkTime":8671,"runStep":0,"walkStep":13},{"distance":146.66,"mCalorie":7.2799997,"mOthersTime":0,"mRunTime":0,"mStartTime":67200000,"mTimeUnit":600000,"mWalkTime":131399,"runStep":0,"walkStep":197},{"distance":21.86,"mCalorie":1.11,"mOthersTime":0,"mRunTime":0,"mStartTime":67800000,"mTimeUnit":600000,"mWalkTime":20010,"runStep":0,"walkStep":30},{"distance":58.48999,"mCalorie":3.119999,"mOthersTime":0,"mRunTime":0,"mStartTime":68400000,"mTimeUnit":600000,"mWalkTime":54027,"runStep":0,"walkStep":81},{"distance":90.32,"mCalorie":4.7200003,"mOthersTime":0,"mRunTime":0,"mStartTime":69000000,"mTimeUnit":600000,"mWalkTime":84042,"runStep":0,"walkStep":126},{"distance":14.540001,"mCalorie":0.77,"mOthersTime":0,"mRunTime":0,"mStartTime":69600000,"mTimeUnit":600000,"mWalkTime":13340,"runStep":0,"walkStep":20},{"distance":8.02,"mCalorie":0.4,"mOthersTime":0,"mRunTime":0,"mStartTime":70200000,"mTimeUnit":600000,"mWalkTime":7337,"runStep":0,"walkStep":11},{"distance":34.67,"mCalorie":1.71,"mOthersTime":0,"mRunTime":0,"mStartTime":70800000,"mTimeUnit":600000,"mWalkTime":31349,"runStep":0,"walkStep":47},{"distance":83.240005,"mCalorie":4.36,"mOthersTime":0,"mRunTime":0,"mStartTime":71400000,"mTimeUnit":600000,"mWalkTime":76705,"runStep":0,"walkStep":115},{"distance":117.11,"mCalorie":5.73,"mOthersTime":0,"mRunTime":0,"mStartTime":72000000,"mTimeUnit":600000,"mWalkTime":105386,"runStep":0,"walkStep":158},{"distance":13.63,"mCalorie":0.64000005,"mOthersTime":0,"mRunTime":0,"mStartTime":74400000,"mTimeUnit":600000,"mWalkTime":12006,"runStep":0,"walkStep":18},{"distance":9.13,"mCalorie":0.44,"mOthersTime":0,"mRunTime":0,"mStartTime":79800000,"mTimeUnit":600000,"mWalkTime":8671,"runStep":0,"walkStep":13},{"distance":66.0,"mCalorie":3.3500001,"mOthersTime":0,"mRunTime":0,"mStartTime":80400000,"mTimeUnit":600000,"mWalkTime":60030,"runStep":0,"walkStep":90}],"version":1}