{"mAdaptiveGoal":0,"mIsGoalAchieved":false,"mIsMostActiveAchieved":false,"mMostActiveMinutes":0,"mStreakDayCount":0,"mUnitDataList":[{"distance":10.45,"mCalorie":0.62,"mOthersTime":0,"mRunTime":0,"mStartTime":22800000,"mTimeUnit":600000,"mWalkTime":10005,"runStep":0,"walkStep":15},{"distance":72.41,"mCalorie":4.1699996,"mOthersTime":0,"mRunTime":0,"mStartTime":23400000,"mTimeUnit":600000,"mWalkTime":80707,"runStep":0,"walkStep":121},{"distance":365.38,"mCalorie":19.2,"mOthersTime":0,"mRunTime":0,"mStartTime":24000000,"mTimeUnit":600000,"mWalkTime":304699,"runStep":0,"walkStep":508},{"distance":14.84,"mCalorie":0.75,"mOthersTime":0,"mRunTime":400,"mStartTime":24600000,"mTimeUnit":600000,"mWalkTime":11339,"runStep":1,"walkStep":17},{"distance":26.18,"mCalorie":1.24,"mOthersTime":0,"mRunTime":0,"mStartTime":25200000,"mTimeUnit":600000,"mWalkTime":24012,"runStep":0,"walkStep":36},{"distance":369.50998,"mCalorie":19.75,"mOthersTime":0,"mRunTime":0,"mStartTime":25800000,"mTimeUnit":600000,"mWalkTime":319403,"runStep":0,"walkStep":520},{"distance":54.639,"mCalorie":2.85,"mOthersTime":0,"mRunTime":0,"mStartTime":26400000,"mTimeUnit":600000,"mWalkTime":51359,"runStep":0,"walkStep":77},{"distance":43.670002,"mCalorie":2.56,"mOthersTime":0,"mRunTime":1200,"mStartTime":27000000,"mTimeUnit":600000,"mWalkTime":36018,"runStep":3,"walkStep":54},{"distance":9.48,"mCalorie":0.48,"mOthersTime":0,"mRunTime":0,"mStartTime":28800000,"mTimeUnit":600000,"mWalkTime":8671,"runStep":0,"walkStep":13},{"distance":16.94,"mCalorie":0.94,"mOthersTime":0,"mRunTime":0,"mStartTime":29400000,"mTimeUnit":600000,"mWalkTime":16675,"runStep":0,"walkStep":25},{"distance":17.39,"mCalorie":0.71000004,"mOthersTime":0,"mRunTime":0,"mStartTime":30000000,"mTimeUnit":600000,"mWalkTime":15341,"runStep":0,"walkStep":23},{"distance":159.111,"mCalorie":7.85,"mOthersTime":0,"mRunTime":2400,"mStartTime":31200000,"mTimeUnit":600000,"mWalkTime":134067,"runStep":6,"walkStep":201},{"distance":24.35,"mCalorie":1.19,"mOthersTime":0,"mRunTime":0,"mStartTime":31800000,"mTimeUnit":600000,"mWalkTime":22678,"runStep":0,"walkStep":34},{"distance":14.55,"mCalorie":0.75,"mOthersTime":0,"mRunTime":0,"mStartTime":32400000,"mTimeUnit":600000,"mWalkTime":13340,"runStep":0,"walkStep":20},{"distance":9.03,"mCalorie":0.54,"mOthersTime":0,"mRunTime":0,"mStartTime":33000000,"mTimeUnit":600000,"mWalkTime":8671,"runStep":0,"walkStep":13},{"distance":37.620003,"mCalorie":1.94,"mOthersTime":0,"mRunTime":0,"mStartTime":33600000,"mTimeUnit":600000,"mWalkTime":34684,"runStep":0,"walkStep":52},{"distance":111.31999,"mCalorie":6.3599997,"mOthersTime":0,"mRunTime":0,"mStartTime":34200000,"mTimeUnit":600000,"mWalkTime":114057,"runStep":0,"walkStep":171},{"distance":169.88,"mCalorie":8.489999,"mOthersTime":0,"mRunTime":0,"mStartTime":34800000,"mTimeUnit":600000,"mWalkTime":154077,"runStep":0,"walkStep":231},{"distance":143.12999,"mCalorie":7.67,"mOthersTime":0,"mRunTime":1200,"mStartTime":36600000,"mTimeUnit":600000,"mWalkTime":129398,"runStep":3,"walkStep":194},{"distance":19.8,"mCalorie":0.99,"mOthersTime":0,"mRunTime":0,"mStartTime":37200000,"mTimeUnit":600000,"mWalkTime":18009,"runStep":0,"walkStep":27},{"distance":10.94,"mCalorie":0.54,"mOthersTime":0,"mRunTime":0,"mStartTime":37800000,"mTimeUnit":600000,"mWalkTime":10005,"runStep":0,"walkStep":15},{"distance":25.69,"mCalorie":1.39,"mOthersTime":0,"mRunTime":0,"mStartTime":38400000,"mTimeUnit":600000,"mWalkTime":24012,"runStep":0,"walkStep":36},{"distance":24.18,"mCalorie":1.2,"mOthersTime":0,"mRunTime":0,"mStartTime":39000000,"mTimeUnit":600000,"mWalkTime":22011,"runStep":0,"walkStep":33},{"distance":6.78,"mCalorie":0.46,"mOthersTime":0,"mRunTime":0,"mStartTime":39600000,"mTimeUnit":600000,"mWalkTime":6670,"runStep":0,"walkStep":10},{"distance":5.49,"mCalorie":0.24,"mOthersTime":0,"mRunTime":0,"mStartTime":40200000,"mTimeUnit":600000,"mWalkTime":4669,"runStep":0,"walkStep":7},{"distance":37.43,"mCalorie":1.8199999,"mOthersTime":0,"mRunTime":0,"mStartTime":40800000,"mTimeUnit":600000,"mWalkTime":34017,"runStep":0,"walkStep":51},{"distance":314.01996,"mCalorie":16.119999,"mOthersTime":0,"mRunTime":0,"mStartTime":41400000,"mTimeUnit":600000,"mWalkTime":268741,"runStep":0,"walkStep":422},{"distance":357.47,"mCalorie":17.610003,"mOthersTime":0,"mRunTime":0,"mStartTime":42000000,"mTimeUnit":600000,"mWalkTime":315431,"runStep":0,"walkStep":475},{"distance":110.28,"mCalorie":5.5499997,"mOthersTime":0,"mRunTime":0,"mStartTime":42600000,"mTimeUnit":600000,"mWalkTime":99383,"runStep":0,"walkStep":149},{"distance":165.52,"mCalorie":8.79,"mOthersTime":0,"mRunTime":0,"mStartTime":43200000,"mTimeUnit":600000,"mWalkTime":149408,"runStep":0,"walkStep":224},{"distance":44.899998,"mCalorie":2.2900002,"mOthersTime":0,"mRunTime":0,"mStartTime":43800000,"mTimeUnit":600000,"mWalkTime":41354,"runStep":0,"walkStep":62},{"distance":123.76,"mCalorie":7.12,"mOthersTime":0,"mRunTime":0,"mStartTime":44400000,"mTimeUnit":600000,"mWalkTime":116725,"runStep":0,"walkStep":175},{"distance":310.63,"mCalorie":15.52,"mOthersTime":0,"mRunTime":0,"mStartTime":45000000,"mTimeUnit":600000,"mWalkTime":282141,"runStep":0,"walkStep":423},{"distance":112.33,"mCalorie":5.6800003,"mOthersTime":0,"mRunTime":0,"mStartTime":45600000,"mTimeUnit":600000,"mWalkTime":101384,"runStep":0,"walkStep":152},{"distance":178.21,"mCalorie":9.17,"mOthersTime":0,"mRunTime":0,"mStartTime":46200000,"mTimeUnit":600000,"mWalkTime":162081,"runStep":0,"walkStep":243},{"distance":15.88,"mCalorie":0.77,"mOthersTime":0,"mRunTime":0,"mStartTime":46800000,"mTimeUnit":600000,"mWalkTime":14007,"runStep":0,"walkStep":21},{"distance":5.26,"mCalorie":0.25,"mOthersTime":0,"mRunTime":0,"mStartTime":52800000,"mTimeUnit":600000,"mWalkTime":4669,"runStep":0,"walkStep":7},{"distance":224.31998,"mCalorie":11.620001,"mOthersTime":0,"mRunTime":0,"mStartTime":63000000,"mTimeUnit":600000,"mWalkTime":197402,"runStep":0,"walkStep":319},{"distance":456.02997,"mCalorie":25.330002,"mOthersTime":0,"mRunTime":0,"mStartTime":63600000,"mTimeUnit":600000,"mWalkTime":364032,"runStep":0,"walkStep":625},{"distance":29.08,"mCalorie":1.53,"mOthersTime":0,"mRunTime":0,"mStartTime":64800000,"mTimeUnit":600000,"mWalkTime":26680,"runStep":0,"walkStep":40},{"distance":469.57996,"mCalorie":27.449999,"mOthersTime":0,"mRunTime":0,"mStartTime":65400000,"mTimeUnit":600000,"mWalkTime":406053,"runStep":0,"walkStep":652},{"distance":18.15,"mCalorie":0.91,"mOthersTime":0,"mRunTime":0,"mStartTime":66600000,"mTimeUnit":600000,"mWalkTime":16675,"runStep":0,"walkStep":25},{"distance":15.96,"mCalorie":0.86,"mOthersTime":0,"mRunTime":0,"mStartTime":67200000,"mTimeUnit":600000,"mWalkTime":14674,"runStep":0,"walkStep":22},{"distance":80.3,"mCalorie":4.23,"mOthersTime":0,"mRunTime":0,"mStartTime":67800000,"mTimeUnit":600000,"mWalkTime":78706,"runStep":0,"walkStep":118},{"distance":121.93,"mCalorie":6.23,"mOthersTime":0,"mRunTime":0,"mStartTime":68400000,"mTimeUnit":600000,"mWalkTime":111389,"runStep":0,"walkStep":167},{"distance":9.05,"mCalorie":0.43,"mOthersTime":0,"mRunTime":0,"mStartTime":69000000,"mTimeUnit":600000,"mWalkTime":8004,"runStep":0,"walkStep":12},{"distance":16.84,"mCalorie":0.79999995,"mOthersTime":0,"mRunTime":0,"mStartTime":69600000,"mTimeUnit":600000,"mWalkTime":15341,"runStep":0,"walkStep":23},{"distance":16.25,"mCalorie":0.71,"mOthersTime":0,"mRunTime":0,"mStartTime":70200000,"mTimeUnit":600000,"mWalkTime":14674,"runStep":0,"walkStep":22},{"distance":117.91,"mCalorie":5.71,"mOthersTime":0,"mRunTime":800,"mStartTime":71400000,"mTimeUnit":600000,"mWalkTime":101384,"runStep":2,"walkStep":152},{"distance":201.22,"mCalorie":9.95,"mOthersTime":0,"mRunTime":0,"mStartTime":72000000,"mTimeUnit":600000,"mWalkTime":181394,"runStep":0,"walkStep":276},{"distance":46.27,"mCalorie":2.4299998,"mOthersTime":0,"mRunTime":800,"mStartTime":72600000,"mTimeUnit":600000,"mWalkTime":40020,"runStep":2,"walkStep":60},{"distance":7.39,"mCalorie":0.35,"mOthersTime":0,"mRunTime":0,"mStartTime":73800000,"mTimeUnit":600000,"mWalkTime":6670,"runStep":0,"walkStep":10},{"distance":51.56,"mCalorie":2.6100001,"mOthersTime":0,"mRunTime":0,"mStartTime":76200000,"mTimeUnit":600000,"mWalkTime":48691,"runStep":0,"walkStep":73},{"distance":10.67,"mCalorie":0.51,"mOthersTime":0,"mRunTime":0,"mStartTime":76800000,"mTimeUnit":600000,"mWalkTime":10005,"runStep":0,"walkStep":15},{"distance":42.25,"mCalorie":2.0,"mOthersTime":0,"mRunTime":0,"mStartTime":77400000,"mTimeUnit":600000,"mWalkTime":36685,"runStep":0,"walkStep":55},{"distance":26.79,"mCalorie":1.41,"mOthersTime":0,"mRunTime":0,"mStartTime":78000000,"mTimeUnit":600000,"mWalkTime":25346,"runStep":0,"walkStep":38},{"distance":50.300003,"mCalorie":2.41,"mOthersTime":0,"mRunTime":0,"mStartTime":80400000,"mTimeUnit":600000,"mWalkTime":45356,"runStep":0,"walkStep":68},{"distance":30.97,"mCalorie":1.52,"mOthersTime":0,"mRunTime":0,"mStartTime":81000000,"mTimeUnit":600000,"mWalkTime":28014,"runStep":0,"walkStep":42}],"version":1}