{"mAdaptiveGoal":0,"mIsGoalAchieved":false,"mIsMostActiveAchieved":false,"mMostActiveMinutes":0,"mStreakDayCount":0,"mUnitDataList":[{"distance":5.6299996,"mCalorie":0.29999998,"mOthersTime":0,"mRunTime":0,"mStartTime":40200000,"mTimeUnit":600000,"mWalkTime":5336,"runStep":0,"walkStep":8},{"distance":27.07,"mCalorie":1.64,"mOthersTime":0,"mRunTime":4000,"mStartTime":42600000,"mTimeUnit":600000,"mWalkTime":12673,"runStep":10,"walkStep":19},{"distance":25.619999,"mCalorie":1.28,"mOthersTime":0,"mRunTime":0,"mStartTime":43200000,"mTimeUnit":600000,"mWalkTime":21344,"runStep":0,"walkStep":32},{"distance":4.71,"mCalorie":0.21,"mOthersTime":0,"mRunTime":0,"mStartTime":46200000,"mTimeUnit":600000,"mWalkTime":4002,"runStep":0,"walkStep":6},{"distance":7.44,"mCalorie":0.45,"mOthersTime":0,"mRunTime":0,"mStartTime":50400000,"mTimeUnit":600000,"mWalkTime":7337,"runStep":0,"walkStep":11},{"distance":30.7,"mCalorie":1.5999999,"mOthersTime":0,"mRunTime":1200,"mStartTime":51600000,"mTimeUnit":600000,"mWalkTime":24012,"runStep":3,"walkStep":36},{"distance":9.5,"mCalorie":0.71,"mOthersTime":0,"mRunTime":1200,"mStartTime":52200000,"mTimeUnit":600000,"mWalkTime":6670,"runStep":3,"walkStep":10},{"distance":6.77,"mCalorie":0.42,"mOthersTime":0,"mRunTime":0,"mStartTime":53400000,"mTimeUnit":600000,"mWalkTime":6670,"runStep":0,"walkStep":10},{"distance":8.27,"mCalorie":0.51,"mOthersTime":0,"mRunTime":0,"mStartTime":54000000,"mTimeUnit":600000,"mWalkTime":8004,"runStep":0,"walkStep":12},{"distance":11.95,"mCalorie":0.6,"mOthersTime":0,"mRunTime":0,"mStartTime":60600000,"mTimeUnit":600000,"mWalkTime":10672,"runStep":0,"walkStep":16},{"distance":17.880001,"mCalorie":1.22,"mOthersTime":0,"mRunTime":2000,"mStartTime":61200000,"mTimeUnit":600000,"mWalkTime":14007,"runStep":5,"walkStep":21},{"distance":7.05,"mCalorie":0.4,"mOthersTime":0,"mRunTime":0,"mStartTime":61800000,"mTimeUnit":600000,"mWalkTime":6670,"runStep":0,"walkStep":10},{"distance":7.0,"mCalorie":0.4,"mOthersTime":0,"mRunTime":0,"mStartTime":69000000,"mTimeUnit":600000,"mWalkTime":6670,"runStep":0,"walkStep":10},{"distance":9.9,"mCalorie":0.36,"mOthersTime":0,"mRunTime":0,"mStartTime":70200000,"mTimeUnit":600000,"mWalkTime":8004,"runStep":0,"walkStep":12},{"distance":7.42,"mCalorie":0.39,"mOthersTime":0,"mRunTime":0,"mStartTime":73200000,"mTimeUnit":600000,"mWalkTime":6670,"runStep":0,"walkStep":10},{"distance":15.59,"mCalorie":0.78,"mOthersTime":0,"mRunTime":0,"mStartTime":73800000,"mTimeUnit":600000,"mWalkTime":12673,"runStep":0,"walkStep":19},{"distance":8.59,"mCalorie":0.39,"mOthersTime":0,"mRunTime":0,"mStartTime":76200000,"mTimeUnit":600000,"mWalkTime":6670,"runStep":0,"walkStep":10},{"distance":15.34,"mCalorie":0.77,"mOthersTime":0,"mRunTime":0,"mStartTime":78000000,"mTimeUnit":600000,"mWalkTime":14007,"runStep":0,"walkStep":21},{"distance":35.13,"mCalorie":1.63,"mOthersTime":0,"mRunTime":0,"mStartTime":78600000,"mTimeUnit":600000,"mWalkTime":31349,"runStep":0,"walkStep":47}],"version":1}