{"mAdaptiveGoal":0,"mIsGoalAchieved":false,"mIsMostActiveAchieved":false,"mMostActiveMinutes":0,"mStreakDayCount":0,"mUnitDataList":[{"distance":26.43,"mCalorie":1.13,"mOthersTime":0,"mRunTime":0,"mStartTime":21600000,"mTimeUnit":600000,"mWalkTime":22011,"runStep":0,"walkStep":33},{"distance":61.769997,"mCalorie":3.26,"mOthersTime":0,"mRunTime":800,"mStartTime":22200000,"mTimeUnit":600000,"mWalkTime":45356,"runStep":2,"walkStep":68},{"distance":111.369995,"mCalorie":5.39,"mOthersTime":0,"mRunTime":0,"mStartTime":22800000,"mTimeUnit":600000,"mWalkTime":101384,"runStep":0,"walkStep":152},{"distance":11.17,"mCalorie":0.49,"mOthersTime":0,"mRunTime":0,"mStartTime":23400000,"mTimeUnit":600000,"mWalkTime":10005,"runStep":0,"walkStep":15},{"distance":64.71,"mCalorie":3.34,"mOthersTime":0,"mRunTime":1600,"mStartTime":25800000,"mTimeUnit":600000,"mWalkTime":54027,"runStep":4,"walkStep":81},{"distance":13.12,"mCalorie":0.69,"mOthersTime":0,"mRunTime":0,"mStartTime":26400000,"mTimeUnit":600000,"mWalkTime":12006,"runStep":0,"walkStep":18},{"distance":29.76,"mCalorie":1.42,"mOthersTime":0,"mRunTime":0,"mStartTime":27000000,"mTimeUnit":600000,"mWalkTime":26680,"runStep":0,"walkStep":40},{"distance":95.57,"mCalorie":5.1,"mOthersTime":0,"mRunTime":4400,"mStartTime":30000000,"mTimeUnit":600000,"mWalkTime":70702,"runStep":11,"walkStep":106},{"distance":86.69,"mCalorie":4.6299996,"mOthersTime":0,"mRunTime":400,"mStartTime":30600000,"mTimeUnit":600000,"mWalkTime":80707,"runStep":1,"walkStep":121},{"distance":9.51,"mCalorie":0.52,"mOthersTime":0,"mRunTime":0,"mStartTime":31200000,"mTimeUnit":600000,"mWalkTime":9338,"runStep":0,"walkStep":14},{"distance":31.82,"mCalorie":1.53,"mOthersTime":0,"mRunTime":1200,"mStartTime":31800000,"mTimeUnit":600000,"mWalkTime":24012,"runStep":3,"walkStep":36},{"distance":64.13,"mCalorie":3.5500002,"mOthersTime":0,"mRunTime":0,"mStartTime":32400000,"mTimeUnit":600000,"mWalkTime":60697,"runStep":0,"walkStep":91},{"distance":83.41,"mCalorie":4.26,"mOthersTime":0,"mRunTime":0,"mStartTime":33000000,"mTimeUnit":600000,"mWalkTime":76038,"runStep":0,"walkStep":114},{"distance":55.659996,"mCalorie":2.6100001,"mOthersTime":0,"mRunTime":0,"mStartTime":33600000,"mTimeUnit":600000,"mWalkTime":48691,"runStep":0,"walkStep":73},{"distance":126.57,"mCalorie":6.41,"mOthersTime":0,"mRunTime":0,"mStartTime":34200000,"mTimeUnit":600000,"mWalkTime":116725,"runStep":0,"walkStep":175},{"distance":15.57,"mCalorie":0.76,"mOthersTime":0,"mRunTime":0,"mStartTime":36000000,"mTimeUnit":600000,"mWalkTime":14007,"runStep":0,"walkStep":21},{"distance":16.54,"mCalorie":0.97,"mOthersTime":0,"mRunTime":3200,"mStartTime":36600000,"mTimeUnit":600000,"mWalkTime":6670,"runStep":8,"walkStep":10},{"distance":25.81,"mCalorie":1.28,"mOthersTime":0,"mRunTime":0,"mStartTime":39000000,"mTimeUnit":600000,"mWalkTime":23345,"runStep":0,"walkStep":35},{"distance":9.24,"mCalorie":0.39,"mOthersTime":0,"mRunTime":0,"mStartTime":39600000,"mTimeUnit":600000,"mWalkTime":8004,"runStep":0,"walkStep":12},{"distance":6.77,"mCalorie":0.37,"mOthersTime":0,"mRunTime":0,"mStartTime":40200000,"mTimeUnit":600000,"mWalkTime":6670,"runStep":0,"walkStep":10},{"distance":18.15,"mCalorie":0.98,"mOthersTime":0,"mRunTime":400,"mStartTime":40800000,"mTimeUnit":600000,"mWalkTime":13340,"runStep":1,"walkStep":20},{"distance":62.03,"mCalorie":3.2899997,"mOthersTime":0,"mRunTime":2000,"mStartTime":41400000,"mTimeUnit":600000,"mWalkTime":49358,"runStep":5,"walkStep":74},{"distance":11.01,"mCalorie":0.57,"mOthersTime":0,"mRunTime":0,"mStartTime":42000000,"mTimeUnit":600000,"mWalkTime":10005,"runStep":0,"walkStep":15},{"distance":9.29,"mCalorie":0.5,"mOthersTime":0,"mRunTime":0,"mStartTime":42600000,"mTimeUnit":600000,"mWalkTime":8671,"runStep":0,"walkStep":13},{"distance":7.11,"mCalorie":0.39,"mOthersTime":0,"mRunTime":0,"mStartTime":43200000,"mTimeUnit":600000,"mWalkTime":6670,"runStep":0,"walkStep":10},{"distance":62.980003,"mCalorie":3.35,"mOthersTime":0,"mRunTime":3600,"mStartTime":43800000,"mTimeUnit":600000,"mWalkTime":35351,"runStep":9,"walkStep":53},{"distance":99.950005,"mCalorie":6.49,"mOthersTime":0,"mRunTime":0,"mStartTime":44400000,"mTimeUnit":600000,"mWalkTime":104719,"runStep":0,"walkStep":157},{"distance":56.82,"mCalorie":2.8600001,"mOthersTime":0,"mRunTime":0,"mStartTime":45000000,"mTimeUnit":600000,"mWalkTime":51359,"runStep":0,"walkStep":77},{"distance":180.43001,"mCalorie":9.13,"mOthersTime":0,"mRunTime":0,"mStartTime":45600000,"mTimeUnit":600000,"mWalkTime":166053,"runStep":0,"walkStep":250},{"distance":9.36,"mCalorie":0.41,"mOthersTime":0,"mRunTime":0,"mStartTime":48000000,"mTimeUnit":600000,"mWalkTime":8004,"runStep":0,"walkStep":12},{"distance":203.68,"mCalorie":10.460001,"mOthersTime":0,"mRunTime":0,"mStartTime":48600000,"mTimeUnit":600000,"mWalkTime":184759,"runStep":0,"walkStep":277},{"distance":17.97,"mCalorie":1.0799999,"mOthersTime":0,"mRunTime":0,"mStartTime":49200000,"mTimeUnit":600000,"mWalkTime":16675,"runStep":0,"walkStep":25},{"distance":308.54,"mCalorie":16.34,"mOthersTime":0,"mRunTime":0,"mStartTime":51000000,"mTimeUnit":600000,"mWalkTime":269408,"runStep":0,"walkStep":422},{"distance":48.4,"mCalorie":2.52,"mOthersTime":0,"mRunTime":0,"mStartTime":51600000,"mTimeUnit":600000,"mWalkTime":44022,"runStep":0,"walkStep":66},{"distance":22.359999,"mCalorie":1.0999999,"mOthersTime":0,"mRunTime":0,"mStartTime":52200000,"mTimeUnit":600000,"mWalkTime":20677,"runStep":0,"walkStep":31},{"distance":49.46,"mCalorie":2.38,"mOthersTime":0,"mRunTime":0,"mStartTime":53400000,"mTimeUnit":600000,"mWalkTime":44689,"runStep":0,"walkStep":67},{"distance":30.079998,"mCalorie":1.48,"mOthersTime":0,"mRunTime":0,"mStartTime":54000000,"mTimeUnit":600000,"mWalkTime":25346,"runStep":0,"walkStep":38},{"distance":86.79001,"mCalorie":4.3,"mOthersTime":0,"mRunTime":0,"mStartTime":54600000,"mTimeUnit":600000,"mWalkTime":79373,"runStep":0,"walkStep":119},{"distance":41.84,"mCalorie":2.1,"mOthersTime":0,"mRunTime":0,"mStartTime":55200000,"mTimeUnit":600000,"mWalkTime":38019,"runStep":0,"walkStep":57},{"distance":12.32,"mCalorie":0.65,"mOthersTime":0,"mRunTime":0,"mStartTime":55800000,"mTimeUnit":600000,"mWalkTime":11339,"runStep":0,"walkStep":17},{"distance":31.59,"mCalorie":1.57,"mOthersTime":0,"mRunTime":0,"mStartTime":56400000,"mTimeUnit":600000,"mWalkTime":28014,"runStep":0,"walkStep":42},{"distance":127.27,"mCalorie":6.9300003,"mOthersTime":0,"mRunTime":0,"mStartTime":57000000,"mTimeUnit":600000,"mWalkTime":128731,"runStep":0,"walkStep":193},{"distance":82.16,"mCalorie":4.38,"mOthersTime":0,"mRunTime":0,"mStartTime":57600000,"mTimeUnit":600000,"mWalkTime":76705,"runStep":0,"walkStep":115},{"distance":42.43,"mCalorie":2.25,"mOthersTime":0,"mRunTime":0,"mStartTime":58200000,"mTimeUnit":600000,"mWalkTime":40020,"runStep":0,"walkStep":60},{"distance":31.44,"mCalorie":1.67,"mOthersTime":0,"mRunTime":0,"mStartTime":59400000,"mTimeUnit":600000,"mWalkTime":29348,"runStep":0,"walkStep":44},{"distance":120.72,"mCalorie":6.3,"mOthersTime":0,"mRunTime":0,"mStartTime":60000000,"mTimeUnit":600000,"mWalkTime":110722,"runStep":0,"walkStep":166},{"distance":34.0,"mCalorie":1.54,"mOthersTime":0,"mRunTime":0,"mStartTime":61200000,"mTimeUnit":600000,"mWalkTime":24679,"runStep":0,"walkStep":37},{"distance":45.69,"mCalorie":2.1499999,"mOthersTime":0,"mRunTime":0,"mStartTime":61800000,"mTimeUnit":600000,"mWalkTime":41354,"runStep":0,"walkStep":62},{"distance":125.27,"mCalorie":7.37,"mOthersTime":0,"mRunTime":0,"mStartTime":62400000,"mTimeUnit":600000,"mWalkTime":120697,"runStep":0,"walkStep":195},{"distance":42.31,"mCalorie":2.04,"mOthersTime":0,"mRunTime":0,"mStartTime":63000000,"mTimeUnit":600000,"mWalkTime":39353,"runStep":0,"walkStep":59},{"distance":187.64,"mCalorie":9.92,"mOthersTime":0,"mRunTime":0,"mStartTime":63600000,"mTimeUnit":600000,"mWalkTime":164719,"runStep":0,"walkStep":254},{"distance":182.31999,"mCalorie":9.57,"mOthersTime":0,"mRunTime":0,"mStartTime":64200000,"mTimeUnit":600000,"mWalkTime":165416,"runStep":0,"walkStep":248},{"distance":1.53,"mCalorie":0.07,"mOthersTime":0,"mRunTime":0,"mStartTime":64800000,"mTimeUnit":600000,"mWalkTime":1334,"runStep":0,"walkStep":2},{"distance":204.81,"mCalorie":10.98,"mOthersTime":0,"mRunTime":0,"mStartTime":66000000,"mTimeUnit":600000,"mWalkTime":174694,"runStep":0,"walkStep":276},{"distance":38.72,"mCalorie":1.91,"mOthersTime":0,"mRunTime":0,"mStartTime":67200000,"mTimeUnit":600000,"mWalkTime":36018,"runStep":0,"walkStep":54},{"distance":110.96,"mCalorie":5.4700003,"mOthersTime":0,"mRunTime":0,"mStartTime":67800000,"mTimeUnit":600000,"mWalkTime":99383,"runStep":0,"walkStep":149},{"distance":20.77,"mCalorie":1.1600001,"mOthersTime":0,"mRunTime":1600,"mStartTime":68400000,"mTimeUnit":600000,"mWalkTime":14674,"runStep":4,"walkStep":22},{"distance":72.61,"mCalorie":3.48,"mOthersTime":0,"mRunTime":0,"mStartTime":69000000,"mTimeUnit":600000,"mWalkTime":64032,"runStep":0,"walkStep":96},{"distance":8.22,"mCalorie":0.38,"mOthersTime":0,"mRunTime":0,"mStartTime":69600000,"mTimeUnit":600000,"mWalkTime":7337,"runStep":0,"walkStep":11},{"distance":18.87,"mCalorie":0.95,"mOthersTime":0,"mRunTime":0,"mStartTime":70200000,"mTimeUnit":600000,"mWalkTime":17342,"runStep":0,"walkStep":26},{"distance":89.53,"mCalorie":4.59,"mOthersTime":0,"mRunTime":1600,"mStartTime":70800000,"mTimeUnit":600000,"mWalkTime":80040,"runStep":4,"walkStep":120},{"distance":55.58,"mCalorie":2.46,"mOthersTime":0,"mRunTime":0,"mStartTime":71400000,"mTimeUnit":600000,"mWalkTime":51359,"runStep":0,"walkStep":77},{"distance":114.02,"mCalorie":5.7400002,"mOthersTime":0,"mRunTime":0,"mStartTime":72000000,"mTimeUnit":600000,"mWalkTime":102718,"runStep":0,"walkStep":154},{"distance":17.56,"mCalorie":0.88,"mOthersTime":0,"mRunTime":0,"mStartTime":72600000,"mTimeUnit":600000,"mWalkTime":16675,"runStep":0,"walkStep":25},{"distance":127.509995,"mCalorie":6.5,"mOthersTime":0,"mRunTime":0,"mStartTime":75000000,"mTimeUnit":600000,"mWalkTime":112723,"runStep":0,"walkStep":169},{"distance":98.16001,"mCalorie":5.08,"mOthersTime":0,"mRunTime":0,"mStartTime":75600000,"mTimeUnit":600000,"mWalkTime":89378,"runStep":0,"walkStep":134},{"distance":13.59,"mCalorie":0.71000004,"mOthersTime":0,"mRunTime":0,"mStartTime":78600000,"mTimeUnit":600000,"mWalkTime":12673,"runStep":0,"walkStep":19},{"distance":111.409,"mCalorie":5.85,"mOthersTime":0,"mRunTime":1600,"mStartTime":79200000,"mTimeUnit":600000,"mWalkTime":96048,"runStep":4,"walkStep":144},{"distance":17.17,"mCalorie":0.84,"mOthersTime":0,"mRunTime":0,"mStartTime":79800000,"mTimeUnit":600000,"mWalkTime":14674,"runStep":0,"walkStep":22},{"distance":7.19,"mCalorie":0.36,"mOthersTime":0,"mRunTime":0,"mStartTime":84600000,"mTimeUnit":600000,"mWalkTime":6670,"runStep":0,"walkStep":10}],"version":1}