{"mAdaptiveGoal":0,"mIsGoalAchieved":false,"mIsMostActiveAchieved":false,"mMostActiveMinutes":0,"mStreakDayCount":0,"mUnitDataList":[{"distance":63.370003,"mCalorie":3.19,"mOthersTime":0,"mRunTime":2400,"mStartTime":23400000,"mTimeUnit":600000,"mWalkTime":44689,"runStep":6,"walkStep":67},{"distance":9.4,"mCalorie":0.51,"mOthersTime":0,"mRunTime":0,"mStartTime":24000000,"mTimeUnit":600000,"mWalkTime":8671,"runStep":0,"walkStep":13},{"distance":72.119995,"mCalorie":4.16,"mOthersTime":0,"mRunTime":0,"mStartTime":24600000,"mTimeUnit":600000,"mWalkTime":80040,"runStep":0,"walkStep":120},{"distance":137.22,"mCalorie":6.66,"mOthersTime":0,"mRunTime":0,"mStartTime":25200000,"mTimeUnit":600000,"mWalkTime":124729,"runStep":0,"walkStep":187},{"distance":13.18,"mCalorie":0.68,"mOthersTime":0,"mRunTime":0,"mStartTime":25800000,"mTimeUnit":600000,"mWalkTime":12673,"runStep":0,"walkStep":19},{"distance":7.14,"mCalorie":0.38,"mOthersTime":0,"mRunTime":0,"mStartTime":27000000,"mTimeUnit":600000,"mWalkTime":6670,"runStep":0,"walkStep":10},{"distance":26.84,"mCalorie":1.35,"mOthersTime":0,"mRunTime":0,"mStartTime":27600000,"mTimeUnit":600000,"mWalkTime":24679,"runStep":0,"walkStep":37},{"distance":114.19,"mCalorie":5.0,"mOthersTime":0,"mRunTime":0,"mStartTime":28200000,"mTimeUnit":600000,"mWalkTime":103385,"runStep":0,"walkStep":155},{"distance":17.37,"mCalorie":0.89,"mOthersTime":0,"mRunTime":0,"mStartTime":28800000,"mTimeUnit":600000,"mWalkTime":16008,"runStep":0,"walkStep":24},{"distance":23.880001,"mCalorie":0.99,"mOthersTime":0,"mRunTime":0,"mStartTime":29400000,"mTimeUnit":600000,"mWalkTime":20677,"runStep":0,"walkStep":31},{"distance":17.99,"mCalorie":0.82,"mOthersTime":0,"mRunTime":0,"mStartTime":30000000,"mTimeUnit":600000,"mWalkTime":16675,"runStep":0,"walkStep":25},{"distance":19.87,"mCalorie":1.0,"mOthersTime":0,"mRunTime":400,"mStartTime":31200000,"mTimeUnit":600000,"mWalkTime":15341,"runStep":1,"walkStep":23},{"distance":10.25,"mCalorie":0.55,"mOthersTime":0,"mRunTime":0,"mStartTime":31800000,"mTimeUnit":600000,"mWalkTime":10005,"runStep":0,"walkStep":15},{"distance":22.13,"mCalorie":1.25,"mOthersTime":0,"mRunTime":0,"mStartTime":32400000,"mTimeUnit":600000,"mWalkTime":21344,"runStep":0,"walkStep":32},{"distance":16.89,"mCalorie":0.76,"mOthersTime":0,"mRunTime":0,"mStartTime":33000000,"mTimeUnit":600000,"mWalkTime":14674,"runStep":0,"walkStep":22},{"distance":88.47,"mCalorie":4.44,"mOthersTime":0,"mRunTime":2000,"mStartTime":33600000,"mTimeUnit":600000,"mWalkTime":77372,"runStep":5,"walkStep":116},{"distance":145.93,"mCalorie":7.9900002,"mOthersTime":0,"mRunTime":1200,"mStartTime":34200000,"mTimeUnit":600000,"mWalkTime":130065,"runStep":3,"walkStep":195},{"distance":9.07,"mCalorie":0.26,"mOthersTime":0,"mRunTime":0,"mStartTime":34800000,"mTimeUnit":600000,"mWalkTime":7337,"runStep":0,"walkStep":11},{"distance":185.06,"mCalorie":10.45,"mOthersTime":0,"mRunTime":400,"mStartTime":35400000,"mTimeUnit":600000,"mWalkTime":164719,"runStep":1,"walkStep":259},{"distance":41.17,"mCalorie":2.08,"mOthersTime":0,"mRunTime":0,"mStartTime":36000000,"mTimeUnit":600000,"mWalkTime":38019,"runStep":0,"walkStep":57},{"distance":64.23,"mCalorie":3.5700002,"mOthersTime":0,"mRunTime":0,"mStartTime":36600000,"mTimeUnit":600000,"mWalkTime":61364,"runStep":0,"walkStep":92},{"distance":98.770004,"mCalorie":5.11,"mOthersTime":0,"mRunTime":0,"mStartTime":37200000,"mTimeUnit":600000,"mWalkTime":92046,"runStep":0,"walkStep":138},{"distance":94.37,"mCalorie":4.98,"mOthersTime":0,"mRunTime":0,"mStartTime":37800000,"mTimeUnit":600000,"mWalkTime":88044,"runStep":0,"walkStep":132},{"distance":214.53001,"mCalorie":11.34,"mOthersTime":0,"mRunTime":0,"mStartTime":38400000,"mTimeUnit":600000,"mWalkTime":194097,"runStep":0,"walkStep":291},{"distance":202.0,"mCalorie":10.349999,"mOthersTime":0,"mRunTime":0,"mStartTime":39000000,"mTimeUnit":600000,"mWalkTime":177392,"runStep":0,"walkStep":273},{"distance":258.16,"mCalorie":13.450001,"mOthersTime":0,"mRunTime":3200,"mStartTime":39600000,"mTimeUnit":600000,"mWalkTime":226780,"runStep":8,"walkStep":340},{"distance":83.911,"mCalorie":4.03,"mOthersTime":0,"mRunTime":0,"mStartTime":40200000,"mTimeUnit":600000,"mWalkTime":62668,"runStep":0,"walkStep":111},{"distance":200.5,"mCalorie":9.57,"mOthersTime":0,"mRunTime":0,"mStartTime":40800000,"mTimeUnit":600000,"mWalkTime":180090,"runStep":0,"walkStep":270},{"distance":34.64,"mCalorie":2.18,"mOthersTime":0,"mRunTime":2800,"mStartTime":41400000,"mTimeUnit":600000,"mWalkTime":24679,"runStep":7,"walkStep":37},{"distance":30.64,"mCalorie":1.51,"mOthersTime":0,"mRunTime":0,"mStartTime":42000000,"mTimeUnit":600000,"mWalkTime":27347,"runStep":0,"walkStep":41},{"distance":207.81,"mCalorie":10.969999,"mOthersTime":0,"mRunTime":0,"mStartTime":42600000,"mTimeUnit":600000,"mWalkTime":193430,"runStep":0,"walkStep":290},{"distance":127.22,"mCalorie":7.13,"mOthersTime":0,"mRunTime":0,"mStartTime":43200000,"mTimeUnit":600000,"mWalkTime":117362,"runStep":0,"walkStep":176},{"distance":121.99,"mCalorie":6.0600004,"mOthersTime":0,"mRunTime":0,"mStartTime":43800000,"mTimeUnit":600000,"mWalkTime":110722,"runStep":0,"walkStep":166},{"distance":91.39,"mCalorie":4.48,"mOthersTime":0,"mRunTime":0,"mStartTime":45600000,"mTimeUnit":600000,"mWalkTime":82041,"runStep":0,"walkStep":123},{"distance":153.87999,"mCalorie":7.76,"mOthersTime":0,"mRunTime":0,"mStartTime":46200000,"mTimeUnit":600000,"mWalkTime":138676,"runStep":0,"walkStep":216},{"distance":72.19,"mCalorie":3.31,"mOthersTime":0,"mRunTime":0,"mStartTime":46800000,"mTimeUnit":600000,"mWalkTime":64032,"runStep":0,"walkStep":96},{"distance":37.72,"mCalorie":1.9300001,"mOthersTime":0,"mRunTime":0,"mStartTime":48000000,"mTimeUnit":600000,"mWalkTime":35351,"runStep":0,"walkStep":53},{"distance":34.09,"mCalorie":1.44,"mOthersTime":0,"mRunTime":0,"mStartTime":49200000,"mTimeUnit":600000,"mWalkTime":28681,"runStep":0,"walkStep":43},{"distance":15.07,"mCalorie":0.69,"mOthersTime":0,"mRunTime":0,"mStartTime":49800000,"mTimeUnit":600000,"mWalkTime":12006,"runStep":0,"walkStep":18},{"distance":18.87,"mCalorie":0.99,"mOthersTime":0,"mRunTime":0,"mStartTime":50400000,"mTimeUnit":600000,"mWalkTime":17342,"runStep":0,"walkStep":26},{"distance":8.73,"mCalorie":0.5,"mOthersTime":0,"mRunTime":0,"mStartTime":51000000,"mTimeUnit":600000,"mWalkTime":7337,"runStep":0,"walkStep":11},{"distance":10.86,"mCalorie":0.56,"mOthersTime":0,"mRunTime":0,"mStartTime":51600000,"mTimeUnit":600000,"mWalkTime":8671,"runStep":0,"walkStep":13},{"distance":7.91,"mCalorie":0.33,"mOthersTime":0,"mRunTime":0,"mStartTime":52200000,"mTimeUnit":600000,"mWalkTime":6670,"runStep":0,"walkStep":10},{"distance":52.589996,"mCalorie":3.02,"mOthersTime":0,"mRunTime":0,"mStartTime":52800000,"mTimeUnit":600000,"mWalkTime":53360,"runStep":0,"walkStep":80},{"distance":113.880005,"mCalorie":5.97,"mOthersTime":0,"mRunTime":0,"mStartTime":54000000,"mTimeUnit":600000,"mWalkTime":104719,"runStep":0,"walkStep":157},{"distance":71.31,"mCalorie":3.7000003,"mOthersTime":0,"mRunTime":0,"mStartTime":55800000,"mTimeUnit":600000,"mWalkTime":65366,"runStep":0,"walkStep":98},{"distance":57.480003,"mCalorie":3.1399999,"mOthersTime":0,"mRunTime":6000,"mStartTime":58800000,"mTimeUnit":600000,"mWalkTime":36018,"runStep":15,"walkStep":54},{"distance":116.848,"mCalorie":5.45,"mOthersTime":0,"mRunTime":0,"mStartTime":59400000,"mTimeUnit":600000,"mWalkTime":106720,"runStep":0,"walkStep":160},{"distance":44.59,"mCalorie":2.3,"mOthersTime":0,"mRunTime":2400,"mStartTime":60000000,"mTimeUnit":600000,"mWalkTime":30682,"runStep":6,"walkStep":46},{"distance":76.55,"mCalorie":3.74,"mOthersTime":0,"mRunTime":0,"mStartTime":61200000,"mTimeUnit":600000,"mWalkTime":60000,"runStep":0,"walkStep":100},{"distance":49.510002,"mCalorie":2.43,"mOthersTime":0,"mRunTime":0,"mStartTime":61800000,"mTimeUnit":600000,"mWalkTime":44689,"runStep":0,"walkStep":67},{"distance":25.39,"mCalorie":1.34,"mOthersTime":0,"mRunTime":0,"mStartTime":64800000,"mTimeUnit":600000,"mWalkTime":24012,"runStep":0,"walkStep":36},{"distance":8.57,"mCalorie":0.62,"mOthersTime":0,"mRunTime":400,"mStartTime":66600000,"mTimeUnit":600000,"mWalkTime":6670,"runStep":1,"walkStep":10},{"distance":21.251,"mCalorie":0.96999997,"mOthersTime":0,"mRunTime":1200,"mStartTime":67800000,"mTimeUnit":600000,"mWalkTime":16675,"runStep":3,"walkStep":25},{"distance":7.48,"mCalorie":0.35,"mOthersTime":0,"mRunTime":0,"mStartTime":69000000,"mTimeUnit":600000,"mWalkTime":6670,"runStep":0,"walkStep":10},{"distance":30.97,"mCalorie":1.48,"mOthersTime":0,"mRunTime":0,"mStartTime":69600000,"mTimeUnit":600000,"mWalkTime":28014,"runStep":0,"walkStep":42},{"distance":11.79,"mCalorie":0.46,"mOthersTime":0,"mRunTime":0,"mStartTime":75000000,"mTimeUnit":600000,"mWalkTime":10005,"runStep":0,"walkStep":15},{"distance":22.84,"mCalorie":1.14,"mOthersTime":0,"mRunTime":0,"mStartTime":75600000,"mTimeUnit":600000,"mWalkTime":21344,"runStep":0,"walkStep":32},{"distance":22.69,"mCalorie":1.0899999,"mOthersTime":0,"mRunTime":0,"mStartTime":79800000,"mTimeUnit":600000,"mWalkTime":20010,"runStep":0,"walkStep":30},{"distance":50.93,"mCalorie":2.43,"mOthersTime":0,"mRunTime":0,"mStartTime":80400000,"mTimeUnit":600000,"mWalkTime":45356,"runStep":0,"walkStep":68}],"version":1}