{"mActivityList":[{"mActiveTime":1414252,"mActiveTimeType":0,"mCalorie":172.0,"mCategory":204,"mDetailInfoId":"d6ae7b31-83f4-9cf3-90fb-8980f45fbd12","mDistance":1667.11,"mDuration":1414252,"mEndTime":25802511,"mStartTime":24388259,"mType":1001},{"mActiveTime":1208814,"mActiveTimeType":0,"mCalorie":144.0,"mCategory":204,"mDetailInfoId":"36474ec1-ba20-93e6-de97-1d4886603975","mDistance":1462.788,"mDuration":1208814,"mEndTime":29369855,"mStartTime":28161041,"mType":1001}],"mAdaptiveGoal":0,"mIsGoalAchieved":false,"mIsMostActiveAchieved":false,"mMostActiveMinutes":0,"mStreakDayCount":0,"mUnitDataList":[{"distance":7.68,"mCalorie":0.4,"mOthersTime":0,"mRunTime":0,"mStartTime":6600000,"mTimeUnit":600000,"mWalkTime":7337,"runStep":0,"walkStep":11},{"distance":36.85,"mCalorie":1.77,"mOthersTime":0,"mRunTime":0,"mStartTime":23400000,"mTimeUnit":600000,"mWalkTime":32683,"runStep":0,"walkStep":49},{"distance":343.5609,"mCalorie":30.61317,"mOthersTime":0,"mRunTime":0,"mStartTime":24000000,"mTimeUnit":600000,"mWalkTime":302104,"runStep":0,"walkStep":436},{"distance":707.27563,"mCalorie":72.971436,"mOthersTime":0,"mRunTime":0,"mStartTime":24600000,"mTimeUnit":600000,"mWalkTime":600000,"runStep":0,"walkStep":1091},{"distance":707.27563,"mCalorie":72.971436,"mOthersTime":0,"mRunTime":0,"mStartTime":25200000,"mTimeUnit":600000,"mWalkTime":600000,"runStep":0,"walkStep":810},{"distance":21.45995,"mCalorie":1.1653855,"mOthersTime":0,"mRunTime":0,"mStartTime":25800000,"mTimeUnit":600000,"mWalkTime":19186,"runStep":0,"walkStep":25},{"distance":8.22,"mCalorie":0.27,"mOthersTime":0,"mRunTime":0,"mStartTime":26400000,"mTimeUnit":600000,"mWalkTime":6670,"runStep":0,"walkStep":10},{"distance":308.74503,"mCalorie":16.960056,"mOthersTime":0,"mRunTime":2800,"mStartTime":27600000,"mTimeUnit":600000,"mWalkTime":255346,"runStep":7,"walkStep":401},{"distance":726.0611,"mCalorie":71.47501,"mOthersTime":0,"mRunTime":0,"mStartTime":28200000,"mTimeUnit":600000,"mWalkTime":600000,"runStep":0,"walkStep":1040},{"distance":689.5826,"mCalorie":67.883995,"mOthersTime":0,"mRunTime":0,"mStartTime":28800000,"mTimeUnit":600000,"mWalkTime":569855,"runStep":0,"walkStep":877},{"distance":59.28,"mCalorie":2.7799997,"mOthersTime":0,"mRunTime":0,"mStartTime":29400000,"mTimeUnit":600000,"mWalkTime":52026,"runStep":0,"walkStep":78},{"distance":26.6,"mCalorie":1.42,"mOthersTime":0,"mRunTime":0,"mStartTime":30000000,"mTimeUnit":600000,"mWalkTime":25346,"runStep":0,"walkStep":38},{"distance":14.85,"mCalorie":0.72,"mOthersTime":0,"mRunTime":0,"mStartTime":30600000,"mTimeUnit":600000,"mWalkTime":13340,"runStep":0,"walkStep":20},{"distance":110.23,"mCalorie":5.6,"mOthersTime":0,"mRunTime":0,"mStartTime":31200000,"mTimeUnit":600000,"mWalkTime":100717,"runStep":0,"walkStep":151},{"distance":86.22,"mCalorie":4.71,"mOthersTime":0,"mRunTime":3600,"mStartTime":31800000,"mTimeUnit":600000,"mWalkTime":70035,"runStep":9,"walkStep":105},{"distance":11.509,"mCalorie":0.66,"mOthersTime":0,"mRunTime":0,"mStartTime":32400000,"mTimeUnit":600000,"mWalkTime":11339,"runStep":0,"walkStep":17},{"distance":10.42,"mCalorie":0.47,"mOthersTime":0,"mRunTime":0,"mStartTime":33000000,"mTimeUnit":600000,"mWalkTime":9338,"runStep":0,"walkStep":14},{"distance":8.8,"mCalorie":0.59,"mOthersTime":0,"mRunTime":0,"mStartTime":33600000,"mTimeUnit":600000,"mWalkTime":8671,"runStep":0,"walkStep":13},{"distance":32.171,"mCalorie":1.52,"mOthersTime":0,"mRunTime":0,"mStartTime":39600000,"mTimeUnit":600000,"mWalkTime":28014,"runStep":0,"walkStep":42},{"distance":13.56,"mCalorie":0.95,"mOthersTime":0,"mRunTime":0,"mStartTime":40200000,"mTimeUnit":600000,"mWalkTime":13340,"runStep":0,"walkStep":20},{"distance":23.44,"mCalorie":1.32,"mOthersTime":0,"mRunTime":0,"mStartTime":40800000,"mTimeUnit":600000,"mWalkTime":20677,"runStep":0,"walkStep":31},{"distance":13.99,"mCalorie":0.84000003,"mOthersTime":0,"mRunTime":0,"mStartTime":41400000,"mTimeUnit":600000,"mWalkTime":13340,"runStep":0,"walkStep":20},{"distance":24.77,"mCalorie":1.12,"mOthersTime":0,"mRunTime":0,"mStartTime":42000000,"mTimeUnit":600000,"mWalkTime":22011,"runStep":0,"walkStep":33},{"distance":84.851,"mCalorie":5.09,"mOthersTime":0,"mRunTime":0,"mStartTime":42600000,"mTimeUnit":600000,"mWalkTime":92713,"runStep":0,"walkStep":139},{"distance":209.23999,"mCalorie":11.3,"mOthersTime":0,"mRunTime":0,"mStartTime":43200000,"mTimeUnit":600000,"mWalkTime":181364,"runStep":0,"walkStep":285},{"distance":36.82,"mCalorie":1.76,"mOthersTime":0,"mRunTime":0,"mStartTime":43800000,"mTimeUnit":600000,"mWalkTime":32683,"runStep":0,"walkStep":49},{"distance":22.27,"mCalorie":1.15,"mOthersTime":0,"mRunTime":0,"mStartTime":44400000,"mTimeUnit":600000,"mWalkTime":21344,"runStep":0,"walkStep":32},{"distance":14.739,"mCalorie":0.67,"mOthersTime":0,"mRunTime":0,"mStartTime":45000000,"mTimeUnit":600000,"mWalkTime":12673,"runStep":0,"walkStep":19},{"distance":377.18002,"mCalorie":19.53,"mOthersTime":0,"mRunTime":0,"mStartTime":45600000,"mTimeUnit":600000,"mWalkTime":330045,"runStep":0,"walkStep":514},{"distance":315.979,"mCalorie":16.62,"mOthersTime":0,"mRunTime":0,"mStartTime":46200000,"mTimeUnit":600000,"mWalkTime":274714,"runStep":0,"walkStep":434},{"distance":592.49005,"mCalorie":31.15,"mOthersTime":0,"mRunTime":0,"mStartTime":46800000,"mTimeUnit":600000,"mWalkTime":494037,"runStep":0,"walkStep":802},{"distance":175.78,"mCalorie":8.71,"mOthersTime":0,"mRunTime":0,"mStartTime":47400000,"mTimeUnit":600000,"mWalkTime":146043,"runStep":0,"walkStep":235},{"distance":27.43,"mCalorie":1.41,"mOthersTime":0,"mRunTime":0,"mStartTime":49200000,"mTimeUnit":600000,"mWalkTime":25346,"runStep":0,"walkStep":38},{"distance":60.730003,"mCalorie":3.06,"mOthersTime":0,"mRunTime":1600,"mStartTime":49800000,"mTimeUnit":600000,"mWalkTime":51359,"runStep":4,"walkStep":77},{"distance":272.03998,"mCalorie":14.65,"mOthersTime":0,"mRunTime":0,"mStartTime":51000000,"mTimeUnit":600000,"mWalkTime":246093,"runStep":0,"walkStep":375},{"distance":223.22,"mCalorie":11.97,"mOthersTime":0,"mRunTime":0,"mStartTime":51600000,"mTimeUnit":600000,"mWalkTime":206740,"runStep":0,"walkStep":310},{"distance":396.06,"mCalorie":21.539999,"mOthersTime":0,"mRunTime":0,"mStartTime":52200000,"mTimeUnit":600000,"mWalkTime":348751,"runStep":0,"walkStep":546},{"distance":66.03,"mCalorie":3.5800002,"mOthersTime":0,"mRunTime":0,"mStartTime":52800000,"mTimeUnit":600000,"mWalkTime":62698,"runStep":0,"walkStep":94},{"distance":104.57001,"mCalorie":5.24,"mOthersTime":0,"mRunTime":0,"mStartTime":53400000,"mTimeUnit":600000,"mWalkTime":96715,"runStep":0,"walkStep":145},{"distance":241.05,"mCalorie":12.659999,"mOthersTime":0,"mRunTime":0,"mStartTime":54000000,"mTimeUnit":600000,"mWalkTime":226113,"runStep":0,"walkStep":339},{"distance":174.67,"mCalorie":9.25,"mOthersTime":0,"mRunTime":0,"mStartTime":54600000,"mTimeUnit":600000,"mWalkTime":162748,"runStep":0,"walkStep":244},{"distance":254.70999,"mCalorie":13.65,"mOthersTime":0,"mRunTime":0,"mStartTime":55200000,"mTimeUnit":600000,"mWalkTime":232753,"runStep":0,"walkStep":351},{"distance":44.35,"mCalorie":2.25,"mOthersTime":0,"mRunTime":0,"mStartTime":55800000,"mTimeUnit":600000,"mWalkTime":40687,"runStep":0,"walkStep":61},{"distance":18.29,"mCalorie":0.94,"mOthersTime":0,"mRunTime":0,"mStartTime":56400000,"mTimeUnit":600000,"mWalkTime":17342,"runStep":0,"walkStep":26},{"distance":69.46,"mCalorie":3.59,"mOthersTime":0,"mRunTime":0,"mStartTime":57000000,"mTimeUnit":600000,"mWalkTime":65366,"runStep":0,"walkStep":98},{"distance":149.26,"mCalorie":7.75,"mOthersTime":0,"mRunTime":0,"mStartTime":57600000,"mTimeUnit":600000,"mWalkTime":137402,"runStep":0,"walkStep":206},{"distance":225.62999,"mCalorie":12.09,"mOthersTime":0,"mRunTime":0,"mStartTime":58200000,"mTimeUnit":600000,"mWalkTime":202738,"runStep":0,"walkStep":309},{"distance":116.51,"mCalorie":5.7,"mOthersTime":0,"mRunTime":0,"mStartTime":59400000,"mTimeUnit":600000,"mWalkTime":104052,"runStep":0,"walkStep":156},{"distance":112.299995,"mCalorie":5.3399997,"mOthersTime":0,"mRunTime":1200,"mStartTime":60000000,"mTimeUnit":600000,"mWalkTime":96715,"runStep":3,"walkStep":145},{"distance":32.42,"mCalorie":1.71,"mOthersTime":0,"mRunTime":0,"mStartTime":61200000,"mTimeUnit":600000,"mWalkTime":30682,"runStep":0,"walkStep":46},{"distance":92.189995,"mCalorie":4.9,"mOthersTime":0,"mRunTime":0,"mStartTime":61800000,"mTimeUnit":600000,"mWalkTime":85376,"runStep":0,"walkStep":128},{"distance":71.98,"mCalorie":3.53,"mOthersTime":0,"mRunTime":0,"mStartTime":62400000,"mTimeUnit":600000,"mWalkTime":64699,"runStep":0,"walkStep":97},{"distance":63.72,"mCalorie":3.27,"mOthersTime":0,"mRunTime":800,"mStartTime":63600000,"mTimeUnit":600000,"mWalkTime":57362,"runStep":2,"walkStep":86},{"distance":80.590004,"mCalorie":3.94,"mOthersTime":0,"mRunTime":0,"mStartTime":64200000,"mTimeUnit":600000,"mWalkTime":73370,"runStep":0,"walkStep":110},{"distance":37.139,"mCalorie":2.1000001,"mOthersTime":0,"mRunTime":800,"mStartTime":64800000,"mTimeUnit":600000,"mWalkTime":32683,"runStep":2,"walkStep":49},{"distance":28.09,"mCalorie":1.47,"mOthersTime":0,"mRunTime":0,"mStartTime":66600000,"mTimeUnit":600000,"mWalkTime":25346,"runStep":0,"walkStep":38},{"distance":175.97,"mCalorie":9.04,"mOthersTime":0,"mRunTime":0,"mStartTime":67200000,"mTimeUnit":600000,"mWalkTime":166083,"runStep":0,"walkStep":249},{"distance":58.41,"mCalorie":2.7600002,"mOthersTime":0,"mRunTime":0,"mStartTime":67800000,"mTimeUnit":600000,"mWalkTime":50025,"runStep":0,"walkStep":75},{"distance":7.34,"mCalorie":0.34,"mOthersTime":0,"mRunTime":0,"mStartTime":68400000,"mTimeUnit":600000,"mWalkTime":6670,"runStep":0,"walkStep":10},{"distance":9.76,"mCalorie":0.54,"mOthersTime":0,"mRunTime":0,"mStartTime":69000000,"mTimeUnit":600000,"mWalkTime":9338,"runStep":0,"walkStep":14},{"distance":100.14,"mCalorie":5.2000003,"mOthersTime":0,"mRunTime":0,"mStartTime":70200000,"mTimeUnit":600000,"mWalkTime":90045,"runStep":0,"walkStep":135},{"distance":13.620001,"mCalorie":0.58000004,"mOthersTime":0,"mRunTime":0,"mStartTime":76200000,"mTimeUnit":600000,"mWalkTime":12006,"runStep":0,"walkStep":18},{"distance":7.063,"mCalorie":0.4,"mOthersTime":0,"mRunTime":0,"mStartTime":78000000,"mTimeUnit":600000,"mWalkTime":6670,"runStep":0,"walkStep":10},{"distance":130.89,"mCalorie":7.4999995,"mOthersTime":0,"mRunTime":1600,"mStartTime":78600000,"mTimeUnit":600000,"mWalkTime":116058,"runStep":4,"walkStep":174},{"distance":8.59,"mCalorie":0.43,"mOthersTime":0,"mRunTime":0,"mStartTime":79800000,"mTimeUnit":600000,"mWalkTime":8004,"runStep":0,"walkStep":12},{"distance":35.98,"mCalorie":1.77,"mOthersTime":0,"mRunTime":0,"mStartTime":80400000,"mTimeUnit":600000,"mWalkTime":32683,"runStep":0,"walkStep":49},{"distance":111.84,"mCalorie":5.63,"mOthersTime":0,"mRunTime":0,"mStartTime":81000000,"mTimeUnit":600000,"mWalkTime":100717,"runStep":0,"walkStep":151},{"distance":96.131,"mCalorie":5.12,"mOthersTime":0,"mRunTime":2000,"mStartTime":81600000,"mTimeUnit":600000,"mWalkTime":84042,"runStep":5,"walkStep":126},{"distance":9.12,"mCalorie":0.44,"mOthersTime":0,"mRunTime":0,"mStartTime":82200000,"mTimeUnit":600000,"mWalkTime":8004,"runStep":0,"walkStep":12},{"distance":45.04,"mCalorie":2.22,"mOthersTime":0,"mRunTime":0,"mStartTime":82800000,"mTimeUnit":600000,"mWalkTime":40687,"runStep":0,"walkStep":61}],"version":1}