{"mActivityList":[{"mActiveTime":600000,"mActiveTimeType":2,"mCalorie":67.21,"mCategory":204,"mDetailInfoId":"998d9402-9ec8-72e5-0004-8d69a784b346","mDistance":0.0,"mDuration":600000,"mEndTime":71918201,"mStartTime":71318201,"mType":11007}],"mAdaptiveGoal":0,"mIsGoalAchieved":false,"mIsMostActiveAchieved":false,"mMostActiveMinutes":0,"mStreakDayCount":0,"mUnitDataList":[{"distance":33.29,"mCalorie":1.3799999,"mOthersTime":0,"mRunTime":0,"mStartTime":6000000,"mTimeUnit":600000,"mWalkTime":28681,"runStep":0,"walkStep":43},{"distance":44.311,"mCalorie":1.8900001,"mOthersTime":0,"mRunTime":0,"mStartTime":14400000,"mTimeUnit":600000,"mWalkTime":39353,"runStep":0,"walkStep":59},{"distance":87.270996,"mCalorie":4.16,"mOthersTime":0,"mRunTime":400,"mStartTime":15000000,"mTimeUnit":600000,"mWalkTime":76705,"runStep":1,"walkStep":115},{"distance":429.411,"mCalorie":23.44,"mOthersTime":0,"mRunTime":0,"mStartTime":15600000,"mTimeUnit":600000,"mWalkTime":364699,"runStep":0,"walkStep":592},{"distance":44.89,"mCalorie":2.37,"mOthersTime":0,"mRunTime":0,"mStartTime":16200000,"mTimeUnit":600000,"mWalkTime":41354,"runStep":0,"walkStep":62},{"distance":380.59,"mCalorie":22.080002,"mOthersTime":0,"mRunTime":0,"mStartTime":18600000,"mTimeUnit":600000,"mWalkTime":324042,"runStep":0,"walkStep":539},{"distance":62.581,"mCalorie":3.24,"mOthersTime":0,"mRunTime":0,"mStartTime":19200000,"mTimeUnit":600000,"mWalkTime":57362,"runStep":0,"walkStep":86},{"distance":36.49,"mCalorie":1.77,"mOthersTime":0,"mRunTime":0,"mStartTime":19800000,"mTimeUnit":600000,"mWalkTime":34017,"runStep":0,"walkStep":51},{"distance":49.729996,"mCalorie":2.5299997,"mOthersTime":0,"mRunTime":400,"mStartTime":32400000,"mTimeUnit":600000,"mWalkTime":42021,"runStep":1,"walkStep":63},{"distance":96.78,"mCalorie":4.85,"mOthersTime":0,"mRunTime":1200,"mStartTime":34200000,"mTimeUnit":600000,"mWalkTime":85376,"runStep":3,"walkStep":128},{"distance":100.27999,"mCalorie":5.05,"mOthersTime":0,"mRunTime":0,"mStartTime":34800000,"mTimeUnit":600000,"mWalkTime":91379,"runStep":0,"walkStep":137},{"distance":34.5,"mCalorie":1.8,"mOthersTime":0,"mRunTime":0,"mStartTime":35400000,"mTimeUnit":600000,"mWalkTime":31349,"runStep":0,"walkStep":47},{"distance":223.09,"mCalorie":12.35,"mOthersTime":0,"mRunTime":0,"mStartTime":36000000,"mTimeUnit":600000,"mWalkTime":208771,"runStep":0,"walkStep":313},{"distance":219.01999,"mCalorie":11.529999,"mOthersTime":0,"mRunTime":0,"mStartTime":36600000,"mTimeUnit":600000,"mWalkTime":201434,"runStep":0,"walkStep":302},{"distance":206.19998,"mCalorie":10.879999,"mOthersTime":0,"mRunTime":0,"mStartTime":37200000,"mTimeUnit":600000,"mWalkTime":185426,"runStep":0,"walkStep":278},{"distance":458.68005,"mCalorie":25.399994,"mOthersTime":0,"mRunTime":0,"mStartTime":37800000,"mTimeUnit":600000,"mWalkTime":402778,"runStep":0,"walkStep":633},{"distance":68.15,"mCalorie":3.87,"mOthersTime":0,"mRunTime":5200,"mStartTime":38400000,"mTimeUnit":600000,"mWalkTime":49358,"runStep":13,"walkStep":74},{"distance":61.5,"mCalorie":3.3000002,"mOthersTime":0,"mRunTime":0,"mStartTime":39600000,"mTimeUnit":600000,"mWalkTime":56695,"runStep":0,"walkStep":85},{"distance":307.77,"mCalorie":15.42,"mOthersTime":0,"mRunTime":0,"mStartTime":40200000,"mTimeUnit":600000,"mWalkTime":269408,"runStep":0,"walkStep":419},{"distance":422.38095,"mCalorie":23.369999,"mOthersTime":0,"mRunTime":0,"mStartTime":40800000,"mTimeUnit":600000,"mWalkTime":374097,"runStep":0,"walkStep":582},{"distance":426.75204,"mCalorie":22.409996,"mOthersTime":0,"mRunTime":0,"mStartTime":41400000,"mTimeUnit":600000,"mWalkTime":354724,"runStep":0,"walkStep":583},{"distance":121.237,"mCalorie":8.311,"mOthersTime":0,"mRunTime":0,"mStartTime":42000000,"mTimeUnit":600000,"mWalkTime":120030,"runStep":0,"walkStep":184},{"distance":35.971,"mCalorie":2.38,"mOthersTime":0,"mRunTime":0,"mStartTime":42600000,"mTimeUnit":600000,"mWalkTime":40687,"runStep":0,"walkStep":61},{"distance":9.76,"mCalorie":0.37,"mOthersTime":0,"mRunTime":0,"mStartTime":43200000,"mTimeUnit":600000,"mWalkTime":8004,"runStep":0,"walkStep":12},{"distance":7.84,"mCalorie":0.34,"mOthersTime":0,"mRunTime":0,"mStartTime":45000000,"mTimeUnit":600000,"mWalkTime":7337,"runStep":0,"walkStep":11},{"distance":21.32,"mCalorie":1.09,"mOthersTime":0,"mRunTime":0,"mStartTime":45600000,"mTimeUnit":600000,"mWalkTime":19343,"runStep":0,"walkStep":29},{"distance":12.190001,"mCalorie":0.57,"mOthersTime":0,"mRunTime":0,"mStartTime":46200000,"mTimeUnit":600000,"mWalkTime":9338,"runStep":0,"walkStep":14},{"distance":6.87,"mCalorie":0.59,"mOthersTime":0,"mRunTime":0,"mStartTime":46800000,"mTimeUnit":600000,"mWalkTime":6670,"runStep":0,"walkStep":10},{"distance":76.410995,"mCalorie":4.09,"mOthersTime":0,"mRunTime":400,"mStartTime":47400000,"mTimeUnit":600000,"mWalkTime":68034,"runStep":1,"walkStep":102},{"distance":7.17,"mCalorie":0.38,"mOthersTime":0,"mRunTime":0,"mStartTime":48000000,"mTimeUnit":600000,"mWalkTime":6670,"runStep":0,"walkStep":10},{"distance":123.409004,"mCalorie":6.05,"mOthersTime":0,"mRunTime":2800,"mStartTime":49200000,"mTimeUnit":600000,"mWalkTime":100050,"runStep":7,"walkStep":150},{"distance":132.429,"mCalorie":6.5,"mOthersTime":0,"mRunTime":0,"mStartTime":49800000,"mTimeUnit":600000,"mWalkTime":118726,"runStep":0,"walkStep":178},{"distance":68.84,"mCalorie":3.2800002,"mOthersTime":0,"mRunTime":2400,"mStartTime":50400000,"mTimeUnit":600000,"mWalkTime":52693,"runStep":6,"walkStep":79},{"distance":93.982,"mCalorie":4.979,"mOthersTime":0,"mRunTime":2800,"mStartTime":51000000,"mTimeUnit":600000,"mWalkTime":73370,"runStep":7,"walkStep":110},{"distance":8.07,"mCalorie":0.56,"mOthersTime":0,"mRunTime":0,"mStartTime":51600000,"mTimeUnit":600000,"mWalkTime":6670,"runStep":0,"walkStep":10},{"distance":51.928,"mCalorie":2.69,"mOthersTime":0,"mRunTime":0,"mStartTime":52200000,"mTimeUnit":600000,"mWalkTime":48691,"runStep":0,"walkStep":73},{"distance":18.84,"mCalorie":0.931,"mOthersTime":0,"mRunTime":0,"mStartTime":52800000,"mTimeUnit":600000,"mWalkTime":17342,"runStep":0,"walkStep":26},{"distance":38.531,"mCalorie":1.76,"mOthersTime":0,"mRunTime":0,"mStartTime":53400000,"mTimeUnit":600000,"mWalkTime":34017,"runStep":0,"walkStep":51},{"distance":35.53,"mCalorie":1.7,"mOthersTime":0,"mRunTime":0,"mStartTime":54000000,"mTimeUnit":600000,"mWalkTime":32016,"runStep":0,"walkStep":48},{"distance":44.302002,"mCalorie":2.19,"mOthersTime":0,"mRunTime":0,"mStartTime":54600000,"mTimeUnit":600000,"mWalkTime":39353,"runStep":0,"walkStep":59},{"distance":79.45,"mCalorie":3.8400002,"mOthersTime":0,"mRunTime":0,"mStartTime":55200000,"mTimeUnit":600000,"mWalkTime":70702,"runStep":0,"walkStep":106},{"distance":146.91,"mCalorie":7.159,"mOthersTime":0,"mRunTime":0,"mStartTime":55800000,"mTimeUnit":600000,"mWalkTime":132066,"runStep":0,"walkStep":198},{"distance":185.39099,"mCalorie":9.32,"mOthersTime":0,"mRunTime":400,"mStartTime":56400000,"mTimeUnit":600000,"mWalkTime":164082,"runStep":1,"walkStep":246},{"distance":151.749,"mCalorie":8.41,"mOthersTime":0,"mRunTime":11600,"mStartTime":57000000,"mTimeUnit":600000,"mWalkTime":98049,"runStep":29,"walkStep":147},{"distance":12.09,"mCalorie":0.75,"mOthersTime":0,"mRunTime":0,"mStartTime":57600000,"mTimeUnit":600000,"mWalkTime":10005,"runStep":0,"walkStep":15},{"distance":34.85,"mCalorie":1.79,"mOthersTime":0,"mRunTime":0,"mStartTime":58200000,"mTimeUnit":600000,"mWalkTime":31349,"runStep":0,"walkStep":47},{"distance":150.37,"mCalorie":7.9599996,"mOthersTime":0,"mRunTime":2000,"mStartTime":60600000,"mTimeUnit":600000,"mWalkTime":136068,"runStep":5,"walkStep":204},{"distance":221.58,"mCalorie":13.12,"mOthersTime":0,"mRunTime":0,"mStartTime":61200000,"mTimeUnit":600000,"mWalkTime":204769,"runStep":0,"walkStep":307},{"distance":269.41098,"mCalorie":13.89,"mOthersTime":0,"mRunTime":0,"mStartTime":61800000,"mTimeUnit":600000,"mWalkTime":245456,"runStep":0,"walkStep":368},{"distance":188.06,"mCalorie":9.66,"mOthersTime":0,"mRunTime":0,"mStartTime":62400000,"mTimeUnit":600000,"mWalkTime":169418,"runStep":0,"walkStep":254},{"distance":177.64001,"mCalorie":8.84,"mOthersTime":0,"mRunTime":0,"mStartTime":64200000,"mTimeUnit":600000,"mWalkTime":160080,"runStep":0,"walkStep":240},{"distance":140.42,"mCalorie":7.609999,"mOthersTime":0,"mRunTime":2800,"mStartTime":64800000,"mTimeUnit":600000,"mWalkTime":120060,"runStep":7,"walkStep":180},{"distance":68.58,"mCalorie":3.4399998,"mOthersTime":0,"mRunTime":0,"mStartTime":65400000,"mTimeUnit":600000,"mWalkTime":62031,"runStep":0,"walkStep":93},{"distance":28.710001,"mCalorie":1.44,"mOthersTime":0,"mRunTime":0,"mStartTime":66000000,"mTimeUnit":600000,"mWalkTime":26013,"runStep":0,"walkStep":39},{"distance":18.83,"mCalorie":0.87,"mOthersTime":0,"mRunTime":0,"mStartTime":67200000,"mTimeUnit":600000,"mWalkTime":16675,"runStep":0,"walkStep":25},{"distance":139.73999,"mCalorie":7.61,"mOthersTime":0,"mRunTime":3200,"mStartTime":68400000,"mTimeUnit":600000,"mWalkTime":118726,"runStep":8,"walkStep":178},{"distance":51.9,"mCalorie":2.54,"mOthersTime":0,"mRunTime":0,"mStartTime":69000000,"mTimeUnit":600000,"mWalkTime":47357,"runStep":0,"walkStep":71},{"distance":168.65,"mCalorie":8.46,"mOthersTime":0,"mRunTime":0,"mStartTime":69600000,"mTimeUnit":600000,"mWalkTime":155411,"runStep":0,"walkStep":233},{"distance":84.06,"mCalorie":4.21,"mOthersTime":0,"mRunTime":0,"mStartTime":70200000,"mTimeUnit":600000,"mWalkTime":76705,"runStep":0,"walkStep":115},{"distance":148.04642,"mCalorie":16.442514,"mOthersTime":81799,"mRunTime":0,"mStartTime":70800000,"mTimeUnit":600000,"mWalkTime":133591,"runStep":0,"walkStep":275},{"distance":12.198643,"mCalorie":58.60621,"mOthersTime":518201,"mRunTime":0,"mStartTime":71400000,"mTimeUnit":600000,"mWalkTime":10489,"runStep":0,"walkStep":327},{"distance":91.73,"mCalorie":4.79,"mOthersTime":0,"mRunTime":0,"mStartTime":72000000,"mTimeUnit":600000,"mWalkTime":83375,"runStep":0,"walkStep":125},{"distance":39.45,"mCalorie":2.05,"mOthersTime":0,"mRunTime":0,"mStartTime":72600000,"mTimeUnit":600000,"mWalkTime":36685,"runStep":0,"walkStep":55},{"distance":10.63,"mCalorie":0.54,"mOthersTime":0,"mRunTime":0,"mStartTime":73200000,"mTimeUnit":600000,"mWalkTime":9338,"runStep":0,"walkStep":14},{"distance":7.7,"mCalorie":0.42,"mOthersTime":0,"mRunTime":0,"mStartTime":75600000,"mTimeUnit":600000,"mWalkTime":7337,"runStep":0,"walkStep":11},{"distance":46.45,"mCalorie":2.47,"mOthersTime":0,"mRunTime":1600,"mStartTime":76200000,"mTimeUnit":600000,"mWalkTime":37352,"runStep":4,"walkStep":56},{"distance":107.189995,"mCalorie":5.6600003,"mOthersTime":0,"mRunTime":2800,"mStartTime":77400000,"mTimeUnit":600000,"mWalkTime":88711,"runStep":7,"walkStep":133},{"distance":12.639998,"mCalorie":0.68999994,"mOthersTime":0,"mRunTime":0,"mStartTime":79200000,"mTimeUnit":600000,"mWalkTime":12006,"runStep":0,"walkStep":18}],"version":1}