{"mActivityList":[{"mActiveTime":600000,"mActiveTimeType":2,"mCalorie":70.99,"mCategory":204,"mDetailInfoId":"fac0d039-c121-25f3-4937-dcdd58f01084","mDistance":0.0,"mDuration":600000,"mEndTime":23672042,"mStartTime":23072042,"mType":11007},{"mActiveTime":600000,"mActiveTimeType":2,"mCalorie":99.62,"mCategory":204,"mDetailInfoId":"01541b9c-4fe2-e9c1-f432-4bbf5b7a438d","mDistance":0.0,"mDuration":600000,"mEndTime":65292051,"mStartTime":64692051,"mType":11007}],"mAdaptiveGoal":0,"mIsGoalAchieved":false,"mIsMostActiveAchieved":false,"mMostActiveMinutes":0,"mStreakDayCount":0,"mUnitDataList":[{"distance":88.07,"mCalorie":4.52,"mOthersTime":0,"mRunTime":0,"mStartTime":19800000,"mTimeUnit":600000,"mWalkTime":86710,"runStep":0,"walkStep":130},{"distance":206.67001,"mCalorie":9.72,"mOthersTime":0,"mRunTime":0,"mStartTime":20400000,"mTimeUnit":600000,"mWalkTime":178059,"runStep":0,"walkStep":281},{"distance":29.169998,"mCalorie":1.55,"mOthersTime":0,"mRunTime":0,"mStartTime":21000000,"mTimeUnit":600000,"mWalkTime":27347,"runStep":0,"walkStep":41},{"distance":19.14,"mCalorie":1.06,"mOthersTime":0,"mRunTime":0,"mStartTime":22200000,"mTimeUnit":600000,"mWalkTime":18676,"runStep":0,"walkStep":28},{"distance":77.921005,"mCalorie":42.352894,"mOthersTime":327958,"mRunTime":0,"mStartTime":22800000,"mTimeUnit":600000,"mWalkTime":71369,"runStep":0,"walkStep":107},{"distance":48.448997,"mCalorie":34.5371,"mOthersTime":272042,"mRunTime":0,"mStartTime":23400000,"mTimeUnit":600000,"mWalkTime":42021,"runStep":0,"walkStep":79},{"distance":36.1,"mCalorie":1.93,"mOthersTime":0,"mRunTime":4000,"mStartTime":24000000,"mTimeUnit":600000,"mWalkTime":24012,"runStep":10,"walkStep":36},{"distance":25.59,"mCalorie":1.35,"mOthersTime":0,"mRunTime":0,"mStartTime":29400000,"mTimeUnit":600000,"mWalkTime":23345,"runStep":0,"walkStep":35},{"distance":9.51,"mCalorie":0.46,"mOthersTime":0,"mRunTime":0,"mStartTime":30000000,"mTimeUnit":600000,"mWalkTime":8671,"runStep":0,"walkStep":13},{"distance":78.800995,"mCalorie":3.79,"mOthersTime":0,"mRunTime":400,"mStartTime":30600000,"mTimeUnit":600000,"mWalkTime":69368,"runStep":1,"walkStep":104},{"distance":60.659996,"mCalorie":2.8600001,"mOthersTime":0,"mRunTime":0,"mStartTime":31200000,"mTimeUnit":600000,"mWalkTime":53360,"runStep":0,"walkStep":80},{"distance":46.1,"mCalorie":2.17,"mOthersTime":0,"mRunTime":0,"mStartTime":31800000,"mTimeUnit":600000,"mWalkTime":42688,"runStep":0,"walkStep":64},{"distance":40.95,"mCalorie":2.29,"mOthersTime":0,"mRunTime":1200,"mStartTime":32400000,"mTimeUnit":600000,"mWalkTime":34017,"runStep":3,"walkStep":51},{"distance":61.109997,"mCalorie":3.01,"mOthersTime":0,"mRunTime":0,"mStartTime":33000000,"mTimeUnit":600000,"mWalkTime":56028,"runStep":0,"walkStep":84},{"distance":111.91,"mCalorie":5.48,"mOthersTime":0,"mRunTime":0,"mStartTime":33600000,"mTimeUnit":600000,"mWalkTime":101384,"runStep":0,"walkStep":152},{"distance":128.41,"mCalorie":9.45,"mOthersTime":0,"mRunTime":4800,"mStartTime":34200000,"mTimeUnit":600000,"mWalkTime":114057,"runStep":12,"walkStep":171},{"distance":306.67,"mCalorie":20.59,"mOthersTime":0,"mRunTime":0,"mStartTime":34800000,"mTimeUnit":600000,"mWalkTime":293480,"runStep":0,"walkStep":440},{"distance":146.0,"mCalorie":10.16,"mOthersTime":0,"mRunTime":0,"mStartTime":35400000,"mTimeUnit":600000,"mWalkTime":142738,"runStep":0,"walkStep":214},{"distance":43.93,"mCalorie":2.28,"mOthersTime":0,"mRunTime":0,"mStartTime":36000000,"mTimeUnit":600000,"mWalkTime":40687,"runStep":0,"walkStep":61},{"distance":9.63,"mCalorie":0.33,"mOthersTime":0,"mRunTime":0,"mStartTime":37200000,"mTimeUnit":600000,"mWalkTime":8004,"runStep":0,"walkStep":12},{"distance":71.25,"mCalorie":3.42,"mOthersTime":0,"mRunTime":400,"mStartTime":37800000,"mTimeUnit":600000,"mWalkTime":65366,"runStep":1,"walkStep":98},{"distance":158.48001,"mCalorie":8.07,"mOthersTime":0,"mRunTime":0,"mStartTime":38400000,"mTimeUnit":600000,"mWalkTime":138736,"runStep":0,"walkStep":208},{"distance":76.328995,"mCalorie":3.94,"mOthersTime":0,"mRunTime":0,"mStartTime":39000000,"mTimeUnit":600000,"mWalkTime":70035,"runStep":0,"walkStep":105},{"distance":70.53,"mCalorie":3.98,"mOthersTime":0,"mRunTime":0,"mStartTime":40200000,"mTimeUnit":600000,"mWalkTime":70035,"runStep":0,"walkStep":105},{"distance":10.17,"mCalorie":0.51,"mOthersTime":0,"mRunTime":0,"mStartTime":41400000,"mTimeUnit":600000,"mWalkTime":9338,"runStep":0,"walkStep":14},{"distance":52.81,"mCalorie":2.47,"mOthersTime":0,"mRunTime":0,"mStartTime":42000000,"mTimeUnit":600000,"mWalkTime":47357,"runStep":0,"walkStep":71},{"distance":138.823,"mCalorie":7.97,"mOthersTime":0,"mRunTime":9200,"mStartTime":42600000,"mTimeUnit":600000,"mWalkTime":99383,"runStep":23,"walkStep":149},{"distance":94.155,"mCalorie":4.7999997,"mOthersTime":0,"mRunTime":3200,"mStartTime":43200000,"mTimeUnit":600000,"mWalkTime":77372,"runStep":8,"walkStep":116},{"distance":65.711,"mCalorie":3.08,"mOthersTime":0,"mRunTime":0,"mStartTime":43800000,"mTimeUnit":600000,"mWalkTime":59363,"runStep":0,"walkStep":89},{"distance":9.061,"mCalorie":0.38,"mOthersTime":0,"mRunTime":0,"mStartTime":44400000,"mTimeUnit":600000,"mWalkTime":8004,"runStep":0,"walkStep":12},{"distance":38.787,"mCalorie":1.94,"mOthersTime":0,"mRunTime":0,"mStartTime":45000000,"mTimeUnit":600000,"mWalkTime":35351,"runStep":0,"walkStep":53},{"distance":29.229,"mCalorie":1.32,"mOthersTime":0,"mRunTime":0,"mStartTime":46800000,"mTimeUnit":600000,"mWalkTime":25346,"runStep":0,"walkStep":38},{"distance":220.439,"mCalorie":12.0,"mOthersTime":0,"mRunTime":400,"mStartTime":47400000,"mTimeUnit":600000,"mWalkTime":208104,"runStep":1,"walkStep":312},{"distance":150.84,"mCalorie":7.8999996,"mOthersTime":0,"mRunTime":0,"mStartTime":48000000,"mTimeUnit":600000,"mWalkTime":138039,"runStep":0,"walkStep":209},{"distance":279.88,"mCalorie":15.23,"mOthersTime":0,"mRunTime":0,"mStartTime":48600000,"mTimeUnit":600000,"mWalkTime":262798,"runStep":0,"walkStep":394},{"distance":119.32,"mCalorie":6.01,"mOthersTime":0,"mRunTime":0,"mStartTime":49200000,"mTimeUnit":600000,"mWalkTime":111389,"runStep":0,"walkStep":167},{"distance":41.36,"mCalorie":2.1200001,"mOthersTime":0,"mRunTime":0,"mStartTime":51600000,"mTimeUnit":600000,"mWalkTime":38019,"runStep":0,"walkStep":57},{"distance":229.40999,"mCalorie":11.91,"mOthersTime":0,"mRunTime":0,"mStartTime":52200000,"mTimeUnit":600000,"mWalkTime":192703,"runStep":0,"walkStep":325},{"distance":302.66003,"mCalorie":17.07,"mOthersTime":0,"mRunTime":4000,"mStartTime":52800000,"mTimeUnit":600000,"mWalkTime":263465,"runStep":10,"walkStep":395},{"distance":58.51,"mCalorie":3.22,"mOthersTime":0,"mRunTime":0,"mStartTime":53400000,"mTimeUnit":600000,"mWalkTime":54694,"runStep":0,"walkStep":82},{"distance":184.439,"mCalorie":9.33,"mOthersTime":0,"mRunTime":0,"mStartTime":54000000,"mTimeUnit":600000,"mWalkTime":160050,"runStep":0,"walkStep":248},{"distance":23.16,"mCalorie":1.0899999,"mOthersTime":0,"mRunTime":0,"mStartTime":54600000,"mTimeUnit":600000,"mWalkTime":20677,"runStep":0,"walkStep":31},{"distance":199.99901,"mCalorie":11.64,"mOthersTime":0,"mRunTime":0,"mStartTime":55200000,"mTimeUnit":600000,"mWalkTime":190065,"runStep":0,"walkStep":292},{"distance":288.26,"mCalorie":17.65,"mOthersTime":0,"mRunTime":0,"mStartTime":55800000,"mTimeUnit":600000,"mWalkTime":274137,"runStep":0,"walkStep":411},{"distance":33.170002,"mCalorie":1.76,"mOthersTime":0,"mRunTime":0,"mStartTime":56400000,"mTimeUnit":600000,"mWalkTime":30682,"runStep":0,"walkStep":46},{"distance":90.57,"mCalorie":5.49,"mOthersTime":0,"mRunTime":0,"mStartTime":57600000,"mTimeUnit":600000,"mWalkTime":86043,"runStep":0,"walkStep":129},{"distance":274.80002,"mCalorie":14.879999,"mOthersTime":0,"mRunTime":0,"mStartTime":58200000,"mTimeUnit":600000,"mWalkTime":230025,"runStep":0,"walkStep":373},{"distance":7.75,"mCalorie":0.3,"mOthersTime":0,"mRunTime":0,"mStartTime":60000000,"mTimeUnit":600000,"mWalkTime":6670,"runStep":0,"walkStep":10},{"distance":8.41,"mCalorie":0.43,"mOthersTime":0,"mRunTime":0,"mStartTime":60600000,"mTimeUnit":600000,"mWalkTime":6670,"runStep":0,"walkStep":10},{"distance":6.87,"mCalorie":0.38,"mOthersTime":0,"mRunTime":0,"mStartTime":61200000,"mTimeUnit":600000,"mWalkTime":6670,"runStep":0,"walkStep":10},{"distance":10.76,"mCalorie":0.43,"mOthersTime":0,"mRunTime":0,"mStartTime":63600000,"mTimeUnit":600000,"mWalkTime":9338,"runStep":0,"walkStep":14},{"distance":43.398056,"mCalorie":19.852016,"mOthersTime":107949,"mRunTime":0,"mStartTime":64200000,"mTimeUnit":600000,"mWalkTime":37369,"runStep":0,"walkStep":108},{"distance":57.921516,"mCalorie":84.3865,"mOthersTime":492051,"mRunTime":0,"mStartTime":64800000,"mTimeUnit":600000,"mWalkTime":54645,"runStep":0,"walkStep":477},{"distance":45.239,"mCalorie":2.3,"mOthersTime":0,"mRunTime":0,"mStartTime":65400000,"mTimeUnit":600000,"mWalkTime":42021,"runStep":0,"walkStep":63},{"distance":71.761,"mCalorie":3.35,"mOthersTime":0,"mRunTime":0,"mStartTime":66600000,"mTimeUnit":600000,"mWalkTime":62698,"runStep":0,"walkStep":94},{"distance":23.841,"mCalorie":1.06,"mOthersTime":0,"mRunTime":0,"mStartTime":67200000,"mTimeUnit":600000,"mWalkTime":20677,"runStep":0,"walkStep":31},{"distance":129.13,"mCalorie":6.52,"mOthersTime":0,"mRunTime":0,"mStartTime":70200000,"mTimeUnit":600000,"mWalkTime":126063,"runStep":0,"walkStep":189},{"distance":109.99,"mCalorie":5.29,"mOthersTime":0,"mRunTime":0,"mStartTime":70800000,"mTimeUnit":600000,"mWalkTime":98716,"runStep":0,"walkStep":148},{"distance":20.11,"mCalorie":0.97,"mOthersTime":0,"mRunTime":0,"mStartTime":73200000,"mTimeUnit":600000,"mWalkTime":18676,"runStep":0,"walkStep":28},{"distance":65.82,"mCalorie":3.04,"mOthersTime":0,"mRunTime":0,"mStartTime":73800000,"mTimeUnit":600000,"mWalkTime":59363,"runStep":0,"walkStep":89},{"distance":60.590996,"mCalorie":2.96,"mOthersTime":0,"mRunTime":2400,"mStartTime":75600000,"mTimeUnit":600000,"mWalkTime":47357,"runStep":6,"walkStep":71},{"distance":9.54,"mCalorie":0.47,"mOthersTime":0,"mRunTime":0,"mStartTime":76200000,"mTimeUnit":600000,"mWalkTime":8671,"runStep":0,"walkStep":13},{"distance":82.47099,"mCalorie":4.58,"mOthersTime":0,"mRunTime":0,"mStartTime":76800000,"mTimeUnit":600000,"mWalkTime":86710,"runStep":0,"walkStep":130},{"distance":19.48,"mCalorie":0.94,"mOthersTime":0,"mRunTime":0,"mStartTime":77400000,"mTimeUnit":600000,"mWalkTime":18009,"runStep":0,"walkStep":27},{"distance":27.319,"mCalorie":1.26,"mOthersTime":0,"mRunTime":0,"mStartTime":79800000,"mTimeUnit":600000,"mWalkTime":24012,"runStep":0,"walkStep":36},{"distance":9.991,"mCalorie":0.52,"mOthersTime":0,"mRunTime":0,"mStartTime":80400000,"mTimeUnit":600000,"mWalkTime":9338,"runStep":0,"walkStep":14}],"version":1}