{"mActivityList":[{"mActiveTime":608160,"mActiveTimeType":2,"mCalorie":60.07,"mCategory":204,"mDetailInfoId":"874e1cb4-83b0-7cbc-4bdf-d87cca5d0e45","mDistance":0.0,"mDuration":608160,"mEndTime":56439336,"mStartTime":55831176,"mType":11007}],"mAdaptiveGoal":0,"mIsGoalAchieved":false,"mIsMostActiveAchieved":false,"mMostActiveMinutes":0,"mStreakDayCount":0,"mUnitDataList":[{"distance":9.44,"mCalorie":0.48,"mOthersTime":0,"mRunTime":0,"mStartTime":3600000,"mTimeUnit":600000,"mWalkTime":8671,"runStep":0,"walkStep":13},{"distance":9.01,"mCalorie":0.44,"mOthersTime":0,"mRunTime":0,"mStartTime":17400000,"mTimeUnit":600000,"mWalkTime":8671,"runStep":0,"walkStep":13},{"distance":8.19,"mCalorie":0.39,"mOthersTime":0,"mRunTime":0,"mStartTime":19200000,"mTimeUnit":600000,"mWalkTime":7337,"runStep":0,"walkStep":11},{"distance":87.372,"mCalorie":5.2400002,"mOthersTime":0,"mRunTime":0,"mStartTime":19800000,"mTimeUnit":600000,"mWalkTime":93380,"runStep":0,"walkStep":140},{"distance":377.42996,"mCalorie":19.89,"mOthersTime":0,"mRunTime":0,"mStartTime":20400000,"mTimeUnit":600000,"mWalkTime":297362,"runStep":0,"walkStep":517},{"distance":17.24,"mCalorie":0.93,"mOthersTime":0,"mRunTime":0,"mStartTime":21000000,"mTimeUnit":600000,"mWalkTime":16008,"runStep":0,"walkStep":24},{"distance":11.35,"mCalorie":0.58,"mOthersTime":0,"mRunTime":400,"mStartTime":21600000,"mTimeUnit":600000,"mWalkTime":6670,"runStep":1,"walkStep":10},{"distance":66.700005,"mCalorie":3.2999997,"mOthersTime":0,"mRunTime":0,"mStartTime":22800000,"mTimeUnit":600000,"mWalkTime":58696,"runStep":0,"walkStep":88},{"distance":345.61,"mCalorie":18.23,"mOthersTime":0,"mRunTime":0,"mStartTime":23400000,"mTimeUnit":600000,"mWalkTime":268711,"runStep":0,"walkStep":471},{"distance":66.962006,"mCalorie":3.381,"mOthersTime":0,"mRunTime":0,"mStartTime":24000000,"mTimeUnit":600000,"mWalkTime":60697,"runStep":0,"walkStep":91},{"distance":24.899998,"mCalorie":1.28,"mOthersTime":0,"mRunTime":0,"mStartTime":30000000,"mTimeUnit":600000,"mWalkTime":22678,"runStep":0,"walkStep":34},{"distance":24.372,"mCalorie":1.34,"mOthersTime":0,"mRunTime":0,"mStartTime":31800000,"mTimeUnit":600000,"mWalkTime":22011,"runStep":0,"walkStep":33},{"distance":30.419998,"mCalorie":1.73,"mOthersTime":0,"mRunTime":0,"mStartTime":33600000,"mTimeUnit":600000,"mWalkTime":28681,"runStep":0,"walkStep":43},{"distance":104.512,"mCalorie":5.3,"mOthersTime":0,"mRunTime":0,"mStartTime":34200000,"mTimeUnit":600000,"mWalkTime":95381,"runStep":0,"walkStep":143},{"distance":105.752,"mCalorie":4.85,"mOthersTime":0,"mRunTime":800,"mStartTime":35400000,"mTimeUnit":600000,"mWalkTime":89378,"runStep":2,"walkStep":134},{"distance":82.562,"mCalorie":3.91,"mOthersTime":0,"mRunTime":800,"mStartTime":36000000,"mTimeUnit":600000,"mWalkTime":70035,"runStep":2,"walkStep":105},{"distance":32.878998,"mCalorie":1.4,"mOthersTime":0,"mRunTime":0,"mStartTime":36600000,"mTimeUnit":600000,"mWalkTime":28681,"runStep":0,"walkStep":43},{"distance":26.25,"mCalorie":1.3299999,"mOthersTime":0,"mRunTime":400,"mStartTime":37200000,"mTimeUnit":600000,"mWalkTime":23345,"runStep":1,"walkStep":35},{"distance":16.25,"mCalorie":0.73,"mOthersTime":0,"mRunTime":0,"mStartTime":37800000,"mTimeUnit":600000,"mWalkTime":14007,"runStep":0,"walkStep":21},{"distance":68.88,"mCalorie":3.5700002,"mOthersTime":0,"mRunTime":800,"mStartTime":38400000,"mTimeUnit":600000,"mWalkTime":54694,"runStep":2,"walkStep":82},{"distance":79.498,"mCalorie":4.27,"mOthersTime":0,"mRunTime":2800,"mStartTime":39000000,"mTimeUnit":600000,"mWalkTime":62698,"runStep":7,"walkStep":94},{"distance":162.08,"mCalorie":8.43,"mOthersTime":0,"mRunTime":800,"mStartTime":39600000,"mTimeUnit":600000,"mWalkTime":152076,"runStep":2,"walkStep":228},{"distance":136.46,"mCalorie":6.91,"mOthersTime":0,"mRunTime":0,"mStartTime":40200000,"mTimeUnit":600000,"mWalkTime":124062,"runStep":0,"walkStep":186},{"distance":69.93,"mCalorie":3.61,"mOthersTime":0,"mRunTime":0,"mStartTime":40800000,"mTimeUnit":600000,"mWalkTime":62698,"runStep":0,"walkStep":94},{"distance":113.100006,"mCalorie":5.9500003,"mOthersTime":0,"mRunTime":0,"mStartTime":42000000,"mTimeUnit":600000,"mWalkTime":101384,"runStep":0,"walkStep":152},{"distance":124.130005,"mCalorie":6.4,"mOthersTime":0,"mRunTime":0,"mStartTime":42600000,"mTimeUnit":600000,"mWalkTime":108691,"runStep":0,"walkStep":166},{"distance":37.68,"mCalorie":1.87,"mOthersTime":0,"mRunTime":0,"mStartTime":43200000,"mTimeUnit":600000,"mWalkTime":34017,"runStep":0,"walkStep":51},{"distance":77.020004,"mCalorie":3.94,"mOthersTime":0,"mRunTime":0,"mStartTime":44400000,"mTimeUnit":600000,"mWalkTime":69368,"runStep":0,"walkStep":104},{"distance":132.66899,"mCalorie":6.921,"mOthersTime":0,"mRunTime":0,"mStartTime":45000000,"mTimeUnit":600000,"mWalkTime":120060,"runStep":0,"walkStep":180},{"distance":215.17001,"mCalorie":11.59,"mOthersTime":0,"mRunTime":0,"mStartTime":45600000,"mTimeUnit":600000,"mWalkTime":194067,"runStep":0,"walkStep":295},{"distance":50.59,"mCalorie":2.71,"mOthersTime":0,"mRunTime":0,"mStartTime":46800000,"mTimeUnit":600000,"mWalkTime":46023,"runStep":0,"walkStep":69},{"distance":47.839996,"mCalorie":2.52,"mOthersTime":0,"mRunTime":2400,"mStartTime":47400000,"mTimeUnit":600000,"mWalkTime":32683,"runStep":6,"walkStep":49},{"distance":7.48,"mCalorie":0.35,"mOthersTime":0,"mRunTime":0,"mStartTime":48600000,"mTimeUnit":600000,"mWalkTime":6670,"runStep":0,"walkStep":10},{"distance":30.76,"mCalorie":1.64,"mOthersTime":0,"mRunTime":0,"mStartTime":49200000,"mTimeUnit":600000,"mWalkTime":28014,"runStep":0,"walkStep":42},{"distance":130.246,"mCalorie":6.95,"mOthersTime":0,"mRunTime":0,"mStartTime":50400000,"mTimeUnit":600000,"mWalkTime":111359,"runStep":0,"walkStep":176},{"distance":90.93,"mCalorie":4.09,"mOthersTime":0,"mRunTime":0,"mStartTime":51000000,"mTimeUnit":600000,"mWalkTime":76675,"runStep":0,"walkStep":122},{"distance":38.34,"mCalorie":1.8299999,"mOthersTime":0,"mRunTime":0,"mStartTime":51600000,"mTimeUnit":600000,"mWalkTime":34017,"runStep":0,"walkStep":51},{"distance":24.271,"mCalorie":1.22,"mOthersTime":0,"mRunTime":0,"mStartTime":54600000,"mTimeUnit":600000,"mWalkTime":22011,"runStep":0,"walkStep":33},{"distance":130.2,"mCalorie":6.6800003,"mOthersTime":0,"mRunTime":800,"mStartTime":55200000,"mTimeUnit":600000,"mWalkTime":124729,"runStep":2,"walkStep":187},{"distance":27.169884,"mCalorie":58.018837,"mOthersTime":568824,"mRunTime":0,"mStartTime":55800000,"mTimeUnit":600000,"mWalkTime":26339,"runStep":0,"walkStep":710},{"distance":135.27554,"mCalorie":10.606229,"mOthersTime":39336,"mRunTime":0,"mStartTime":56400000,"mTimeUnit":600000,"mWalkTime":122362,"runStep":0,"walkStep":230},{"distance":72.64,"mCalorie":3.58,"mOthersTime":0,"mRunTime":0,"mStartTime":57000000,"mTimeUnit":600000,"mWalkTime":66700,"runStep":0,"walkStep":100},{"distance":33.99,"mCalorie":1.6700001,"mOthersTime":0,"mRunTime":0,"mStartTime":57600000,"mTimeUnit":600000,"mWalkTime":31349,"runStep":0,"walkStep":47},{"distance":40.038,"mCalorie":2.03,"mOthersTime":0,"mRunTime":0,"mStartTime":58200000,"mTimeUnit":600000,"mWalkTime":37352,"runStep":0,"walkStep":56},{"distance":242.55998,"mCalorie":11.789999,"mOthersTime":0,"mRunTime":0,"mStartTime":58800000,"mTimeUnit":600000,"mWalkTime":214077,"runStep":0,"walkStep":324},{"distance":55.66,"mCalorie":2.92,"mOthersTime":0,"mRunTime":0,"mStartTime":59400000,"mTimeUnit":600000,"mWalkTime":50025,"runStep":0,"walkStep":75},{"distance":103.60999,"mCalorie":5.39,"mOthersTime":0,"mRunTime":0,"mStartTime":60000000,"mTimeUnit":600000,"mWalkTime":94047,"runStep":0,"walkStep":141},{"distance":21.4,"mCalorie":1.13,"mOthersTime":0,"mRunTime":0,"mStartTime":60600000,"mTimeUnit":600000,"mWalkTime":20010,"runStep":0,"walkStep":30},{"distance":37.56,"mCalorie":1.95,"mOthersTime":0,"mRunTime":0,"mStartTime":61800000,"mTimeUnit":600000,"mWalkTime":34684,"runStep":0,"walkStep":52},{"distance":278.00003,"mCalorie":14.589999,"mOthersTime":0,"mRunTime":0,"mStartTime":62400000,"mTimeUnit":600000,"mWalkTime":249428,"runStep":0,"walkStep":375},{"distance":113.71999,"mCalorie":5.9199996,"mOthersTime":0,"mRunTime":0,"mStartTime":63000000,"mTimeUnit":600000,"mWalkTime":101384,"runStep":0,"walkStep":152},{"distance":380.94,"mCalorie":16.23,"mOthersTime":0,"mRunTime":0,"mStartTime":63600000,"mTimeUnit":600000,"mWalkTime":322798,"runStep":0,"walkStep":490},{"distance":124.810005,"mCalorie":6.3799996,"mOthersTime":0,"mRunTime":0,"mStartTime":64200000,"mTimeUnit":600000,"mWalkTime":116725,"runStep":0,"walkStep":175},{"distance":19.289999,"mCalorie":0.92999995,"mOthersTime":0,"mRunTime":0,"mStartTime":71400000,"mTimeUnit":600000,"mWalkTime":17342,"runStep":0,"walkStep":26},{"distance":20.78,"mCalorie":0.91999996,"mOthersTime":0,"mRunTime":0,"mStartTime":73200000,"mTimeUnit":600000,"mWalkTime":18009,"runStep":0,"walkStep":27},{"distance":55.440002,"mCalorie":3.4899998,"mOthersTime":0,"mRunTime":0,"mStartTime":75000000,"mTimeUnit":600000,"mWalkTime":66033,"runStep":0,"walkStep":99},{"distance":60.96,"mCalorie":3.2,"mOthersTime":0,"mRunTime":0,"mStartTime":75600000,"mTimeUnit":600000,"mWalkTime":55361,"runStep":0,"walkStep":83},{"distance":94.39,"mCalorie":4.9700003,"mOthersTime":0,"mRunTime":0,"mStartTime":78600000,"mTimeUnit":600000,"mWalkTime":84709,"runStep":0,"walkStep":127},{"distance":36.420002,"mCalorie":1.87,"mOthersTime":0,"mRunTime":0,"mStartTime":79200000,"mTimeUnit":600000,"mWalkTime":33350,"runStep":0,"walkStep":50},{"distance":16.73,"mCalorie":0.87,"mOthersTime":0,"mRunTime":0,"mStartTime":79800000,"mTimeUnit":600000,"mWalkTime":15341,"runStep":0,"walkStep":23}],"version":1}