{"mAdaptiveGoal":0,"mIsGoalAchieved":false,"mIsMostActiveAchieved":false,"mMostActiveMinutes":0,"mStreakDayCount":0,"mUnitDataList":[{"distance":62.031,"mCalorie":3.08,"mOthersTime":0,"mRunTime":0,"mStartTime":24600000,"mTimeUnit":600000,"mWalkTime":61364,"runStep":0,"walkStep":92},{"distance":179.20001,"mCalorie":7.9,"mOthersTime":0,"mRunTime":0,"mStartTime":25200000,"mTimeUnit":600000,"mWalkTime":152046,"runStep":0,"walkStep":242},{"distance":86.479996,"mCalorie":4.23,"mOthersTime":0,"mRunTime":0,"mStartTime":25800000,"mTimeUnit":600000,"mWalkTime":80040,"runStep":0,"walkStep":120},{"distance":19.08,"mCalorie":0.99,"mOthersTime":0,"mRunTime":0,"mStartTime":27600000,"mTimeUnit":600000,"mWalkTime":18009,"runStep":0,"walkStep":27},{"distance":145.72,"mCalorie":6.6500006,"mOthersTime":0,"mRunTime":0,"mStartTime":28200000,"mTimeUnit":600000,"mWalkTime":121364,"runStep":0,"walkStep":197},{"distance":34.16,"mCalorie":1.74,"mOthersTime":0,"mRunTime":0,"mStartTime":28800000,"mTimeUnit":600000,"mWalkTime":32016,"runStep":0,"walkStep":48},{"distance":54.760002,"mCalorie":3.06,"mOthersTime":0,"mRunTime":1600,"mStartTime":29400000,"mTimeUnit":600000,"mWalkTime":49358,"runStep":4,"walkStep":74},{"distance":17.24,"mCalorie":0.91,"mOthersTime":0,"mRunTime":0,"mStartTime":30000000,"mTimeUnit":600000,"mWalkTime":16008,"runStep":0,"walkStep":24},{"distance":17.220001,"mCalorie":0.83000004,"mOthersTime":0,"mRunTime":0,"mStartTime":30600000,"mTimeUnit":600000,"mWalkTime":16008,"runStep":0,"walkStep":24},{"distance":10.15,"mCalorie":0.58,"mOthersTime":0,"mRunTime":0,"mStartTime":31200000,"mTimeUnit":600000,"mWalkTime":10005,"runStep":0,"walkStep":15},{"distance":85.17,"mCalorie":4.18,"mOthersTime":0,"mRunTime":0,"mStartTime":31800000,"mTimeUnit":600000,"mWalkTime":78039,"runStep":0,"walkStep":117},{"distance":11.59,"mCalorie":0.61,"mOthersTime":0,"mRunTime":0,"mStartTime":33600000,"mTimeUnit":600000,"mWalkTime":10672,"runStep":0,"walkStep":16},{"distance":99.701,"mCalorie":4.8900003,"mOthersTime":0,"mRunTime":0,"mStartTime":34200000,"mTimeUnit":600000,"mWalkTime":92046,"runStep":0,"walkStep":138},{"distance":13.54,"mCalorie":0.69,"mOthersTime":0,"mRunTime":0,"mStartTime":34800000,"mTimeUnit":600000,"mWalkTime":12673,"runStep":0,"walkStep":19},{"distance":17.24,"mCalorie":0.76,"mOthersTime":0,"mRunTime":0,"mStartTime":37200000,"mTimeUnit":600000,"mWalkTime":14674,"runStep":0,"walkStep":22},{"distance":35.0,"mCalorie":1.84,"mOthersTime":0,"mRunTime":3200,"mStartTime":37800000,"mTimeUnit":600000,"mWalkTime":21344,"runStep":8,"walkStep":32},{"distance":27.3,"mCalorie":1.3499999,"mOthersTime":0,"mRunTime":0,"mStartTime":39000000,"mTimeUnit":600000,"mWalkTime":24679,"runStep":0,"walkStep":37},{"distance":44.52,"mCalorie":2.1399999,"mOthersTime":0,"mRunTime":0,"mStartTime":39600000,"mTimeUnit":600000,"mWalkTime":40020,"runStep":0,"walkStep":60},{"distance":27.29,"mCalorie":1.17,"mOthersTime":0,"mRunTime":0,"mStartTime":40200000,"mTimeUnit":600000,"mWalkTime":22678,"runStep":0,"walkStep":34},{"distance":72.31,"mCalorie":3.75,"mOthersTime":0,"mRunTime":800,"mStartTime":40800000,"mTimeUnit":600000,"mWalkTime":60697,"runStep":2,"walkStep":91},{"distance":50.050003,"mCalorie":2.7199998,"mOthersTime":0,"mRunTime":0,"mStartTime":41400000,"mTimeUnit":600000,"mWalkTime":46023,"runStep":0,"walkStep":69},{"distance":61.77,"mCalorie":3.2800002,"mOthersTime":0,"mRunTime":0,"mStartTime":42000000,"mTimeUnit":600000,"mWalkTime":57362,"runStep":0,"walkStep":86},{"distance":10.391,"mCalorie":0.44,"mOthersTime":0,"mRunTime":0,"mStartTime":42600000,"mTimeUnit":600000,"mWalkTime":8671,"runStep":0,"walkStep":13},{"distance":266.059,"mCalorie":13.09,"mOthersTime":0,"mRunTime":0,"mStartTime":43200000,"mTimeUnit":600000,"mWalkTime":220747,"runStep":0,"walkStep":353},{"distance":8.01,"mCalorie":0.43,"mOthersTime":0,"mRunTime":0,"mStartTime":43800000,"mTimeUnit":600000,"mWalkTime":7337,"runStep":0,"walkStep":11},{"distance":63.37,"mCalorie":3.3100002,"mOthersTime":0,"mRunTime":0,"mStartTime":46200000,"mTimeUnit":600000,"mWalkTime":60030,"runStep":0,"walkStep":90},{"distance":248.72,"mCalorie":13.669999,"mOthersTime":0,"mRunTime":0,"mStartTime":46800000,"mTimeUnit":600000,"mWalkTime":208681,"runStep":0,"walkStep":350},{"distance":188.22,"mCalorie":9.75,"mOthersTime":0,"mRunTime":0,"mStartTime":47400000,"mTimeUnit":600000,"mWalkTime":155381,"runStep":0,"walkStep":250},{"distance":96.08,"mCalorie":5.72,"mOthersTime":0,"mRunTime":0,"mStartTime":49200000,"mTimeUnit":600000,"mWalkTime":102051,"runStep":0,"walkStep":153},{"distance":72.47,"mCalorie":3.7800002,"mOthersTime":0,"mRunTime":0,"mStartTime":49800000,"mTimeUnit":600000,"mWalkTime":67367,"runStep":0,"walkStep":101},{"distance":89.46,"mCalorie":4.8900003,"mOthersTime":0,"mRunTime":0,"mStartTime":50400000,"mTimeUnit":600000,"mWalkTime":83375,"runStep":0,"walkStep":125},{"distance":296.82,"mCalorie":15.1,"mOthersTime":0,"mRunTime":0,"mStartTime":51000000,"mTimeUnit":600000,"mWalkTime":265406,"runStep":0,"walkStep":406},{"distance":145.15,"mCalorie":7.2400002,"mOthersTime":0,"mRunTime":2400,"mStartTime":51600000,"mTimeUnit":600000,"mWalkTime":120727,"runStep":6,"walkStep":181},{"distance":210.59,"mCalorie":10.91,"mOthersTime":0,"mRunTime":1600,"mStartTime":53400000,"mTimeUnit":600000,"mWalkTime":184062,"runStep":4,"walkStep":277},{"distance":315.14,"mCalorie":16.97,"mOthersTime":0,"mRunTime":0,"mStartTime":54000000,"mTimeUnit":600000,"mWalkTime":281444,"runStep":0,"walkStep":431},{"distance":162.13,"mCalorie":7.59,"mOthersTime":0,"mRunTime":0,"mStartTime":54600000,"mTimeUnit":600000,"mWalkTime":142738,"runStep":0,"walkStep":214},{"distance":184.62999,"mCalorie":9.91,"mOthersTime":0,"mRunTime":0,"mStartTime":55200000,"mTimeUnit":600000,"mWalkTime":176088,"runStep":0,"walkStep":264},{"distance":126.64,"mCalorie":6.7200003,"mOthersTime":0,"mRunTime":0,"mStartTime":55800000,"mTimeUnit":600000,"mWalkTime":116058,"runStep":0,"walkStep":174},{"distance":83.65,"mCalorie":4.3399997,"mOthersTime":0,"mRunTime":400,"mStartTime":56400000,"mTimeUnit":600000,"mWalkTime":74704,"runStep":1,"walkStep":112},{"distance":51.100002,"mCalorie":2.64,"mOthersTime":0,"mRunTime":0,"mStartTime":57000000,"mTimeUnit":600000,"mWalkTime":46690,"runStep":0,"walkStep":70},{"distance":116.130005,"mCalorie":5.76,"mOthersTime":0,"mRunTime":0,"mStartTime":57600000,"mTimeUnit":600000,"mWalkTime":104719,"runStep":0,"walkStep":157},{"distance":31.310001,"mCalorie":1.63,"mOthersTime":0,"mRunTime":0,"mStartTime":58200000,"mTimeUnit":600000,"mWalkTime":29348,"runStep":0,"walkStep":44},{"distance":7.73,"mCalorie":0.42,"mOthersTime":0,"mRunTime":0,"mStartTime":60600000,"mTimeUnit":600000,"mWalkTime":7337,"runStep":0,"walkStep":11},{"distance":11.6,"mCalorie":0.58,"mOthersTime":0,"mRunTime":0,"mStartTime":61200000,"mTimeUnit":600000,"mWalkTime":10672,"runStep":0,"walkStep":16},{"distance":33.120003,"mCalorie":1.7299998,"mOthersTime":0,"mRunTime":0,"mStartTime":61800000,"mTimeUnit":600000,"mWalkTime":30682,"runStep":0,"walkStep":46},{"distance":10.18,"mCalorie":0.52,"mOthersTime":0,"mRunTime":0,"mStartTime":62400000,"mTimeUnit":600000,"mWalkTime":9338,"runStep":0,"walkStep":14},{"distance":74.950005,"mCalorie":3.92,"mOthersTime":0,"mRunTime":0,"mStartTime":63000000,"mTimeUnit":600000,"mWalkTime":70035,"runStep":0,"walkStep":105},{"distance":56.910004,"mCalorie":2.72,"mOthersTime":0,"mRunTime":400,"mStartTime":63600000,"mTimeUnit":600000,"mWalkTime":49358,"runStep":1,"walkStep":74},{"distance":37.05,"mCalorie":1.89,"mOthersTime":0,"mRunTime":0,"mStartTime":64200000,"mTimeUnit":600000,"mWalkTime":34684,"runStep":0,"walkStep":52},{"distance":33.03,"mCalorie":1.6600001,"mOthersTime":0,"mRunTime":0,"mStartTime":64800000,"mTimeUnit":600000,"mWalkTime":27347,"runStep":0,"walkStep":41},{"distance":88.060005,"mCalorie":4.89,"mOthersTime":0,"mRunTime":4400,"mStartTime":66600000,"mTimeUnit":600000,"mWalkTime":70702,"runStep":11,"walkStep":106},{"distance":80.7,"mCalorie":3.8899999,"mOthersTime":0,"mRunTime":0,"mStartTime":67200000,"mTimeUnit":600000,"mWalkTime":73370,"runStep":0,"walkStep":110},{"distance":76.05,"mCalorie":3.6600003,"mOthersTime":0,"mRunTime":0,"mStartTime":67800000,"mTimeUnit":600000,"mWalkTime":68701,"runStep":0,"walkStep":103},{"distance":12.52,"mCalorie":0.6,"mOthersTime":0,"mRunTime":0,"mStartTime":68400000,"mTimeUnit":600000,"mWalkTime":11339,"runStep":0,"walkStep":17},{"distance":7.5,"mCalorie":0.34,"mOthersTime":0,"mRunTime":0,"mStartTime":69600000,"mTimeUnit":600000,"mWalkTime":6670,"runStep":0,"walkStep":10},{"distance":29.73,"mCalorie":1.54,"mOthersTime":0,"mRunTime":0,"mStartTime":70200000,"mTimeUnit":600000,"mWalkTime":28014,"runStep":0,"walkStep":42},{"distance":55.700005,"mCalorie":3.0299997,"mOthersTime":0,"mRunTime":400,"mStartTime":71400000,"mTimeUnit":600000,"mWalkTime":46690,"runStep":1,"walkStep":70},{"distance":5.62,"mCalorie":0.3,"mOthersTime":0,"mRunTime":0,"mStartTime":73800000,"mTimeUnit":600000,"mWalkTime":5336,"runStep":0,"walkStep":8},{"distance":4.21,"mCalorie":0.22,"mOthersTime":0,"mRunTime":0,"mStartTime":75000000,"mTimeUnit":600000,"mWalkTime":4002,"runStep":0,"walkStep":6},{"distance":23.519001,"mCalorie":1.13,"mOthersTime":0,"mRunTime":0,"mStartTime":78600000,"mTimeUnit":600000,"mWalkTime":21344,"runStep":0,"walkStep":32}],"version":1}