{"mActivityList":[{"mActiveTime":1136103,"mActiveTimeType":0,"mCalorie":96.0,"mCategory":204,"mDetailInfoId":"c13f1703-af6a-9915-d362-db71d4cc1918","mDistance":1501.004,"mDuration":1136103,"mEndTime":26056655,"mStartTime":24920552,"mType":1001},{"mActiveTime":1232571,"mActiveTimeType":0,"mCalorie":203.0,"mCategory":204,"mDetailInfoId":"9308803b-2c93-00e6-116a-ffec3916bdc7","mDistance":1478.007,"mDuration":1232571,"mEndTime":29950281,"mStartTime":28717710,"mType":1001}],"mAdaptiveGoal":0,"mIsGoalAchieved":false,"mIsMostActiveAchieved":false,"mMostActiveMinutes":0,"mStreakDayCount":0,"mUnitDataList":[{"distance":10.38,"mCalorie":0.45,"mOthersTime":0,"mRunTime":0,"mStartTime":23400000,"mTimeUnit":600000,"mWalkTime":8671,"runStep":0,"walkStep":13},{"distance":59.53,"mCalorie":3.2399998,"mOthersTime":0,"mRunTime":800,"mStartTime":24000000,"mTimeUnit":600000,"mWalkTime":55361,"runStep":2,"walkStep":83},{"distance":473.50616,"mCalorie":29.435312,"mOthersTime":0,"mRunTime":0,"mStartTime":24600000,"mTimeUnit":600000,"mWalkTime":384170,"runStep":0,"walkStep":641},{"distance":792.7119,"mCalorie":50.699627,"mOthersTime":0,"mRunTime":0,"mStartTime":25200000,"mTimeUnit":600000,"mWalkTime":600000,"runStep":0,"walkStep":1100},{"distance":559.57916,"mCalorie":31.597189,"mOthersTime":0,"mRunTime":0,"mStartTime":25800000,"mTimeUnit":600000,"mWalkTime":434714,"runStep":0,"walkStep":681},{"distance":57.781,"mCalorie":3.0500002,"mOthersTime":0,"mRunTime":400,"mStartTime":26400000,"mTimeUnit":600000,"mWalkTime":49358,"runStep":1,"walkStep":74},{"distance":332.98563,"mCalorie":23.92139,"mOthersTime":0,"mRunTime":0,"mStartTime":28200000,"mTimeUnit":600000,"mWalkTime":269198,"runStep":0,"walkStep":439},{"distance":719.47516,"mCalorie":98.81784,"mOthersTime":0,"mRunTime":0,"mStartTime":28800000,"mTimeUnit":600000,"mWalkTime":600000,"runStep":0,"walkStep":1052},{"distance":659.8558,"mCalorie":90.629295,"mOthersTime":0,"mRunTime":0,"mStartTime":29400000,"mTimeUnit":600000,"mWalkTime":550281,"runStep":0,"walkStep":841},{"distance":36.440002,"mCalorie":1.9100001,"mOthersTime":0,"mRunTime":0,"mStartTime":30000000,"mTimeUnit":600000,"mWalkTime":34017,"runStep":0,"walkStep":51},{"distance":23.94,"mCalorie":1.3,"mOthersTime":0,"mRunTime":0,"mStartTime":30600000,"mTimeUnit":600000,"mWalkTime":22678,"runStep":0,"walkStep":34},{"distance":17.55,"mCalorie":0.74,"mOthersTime":0,"mRunTime":0,"mStartTime":31200000,"mTimeUnit":600000,"mWalkTime":15341,"runStep":0,"walkStep":23},{"distance":10.84,"mCalorie":0.64,"mOthersTime":0,"mRunTime":0,"mStartTime":31800000,"mTimeUnit":600000,"mWalkTime":10672,"runStep":0,"walkStep":16},{"distance":15.360001,"mCalorie":0.68,"mOthersTime":0,"mRunTime":0,"mStartTime":32400000,"mTimeUnit":600000,"mWalkTime":13340,"runStep":0,"walkStep":20},{"distance":51.55,"mCalorie":2.6100001,"mOthersTime":0,"mRunTime":0,"mStartTime":33000000,"mTimeUnit":600000,"mWalkTime":46690,"runStep":0,"walkStep":70},{"distance":39.92,"mCalorie":2.04,"mOthersTime":0,"mRunTime":0,"mStartTime":36000000,"mTimeUnit":600000,"mWalkTime":36018,"runStep":0,"walkStep":54},{"distance":127.270004,"mCalorie":7.1200004,"mOthersTime":0,"mRunTime":0,"mStartTime":36600000,"mTimeUnit":600000,"mWalkTime":125396,"runStep":0,"walkStep":188},{"distance":79.41,"mCalorie":4.23,"mOthersTime":0,"mRunTime":0,"mStartTime":37200000,"mTimeUnit":600000,"mWalkTime":60000,"runStep":0,"walkStep":108},{"distance":220.46,"mCalorie":11.67,"mOthersTime":0,"mRunTime":0,"mStartTime":37800000,"mTimeUnit":600000,"mWalkTime":204102,"runStep":0,"walkStep":306},{"distance":349.18,"mCalorie":18.059998,"mOthersTime":0,"mRunTime":0,"mStartTime":38400000,"mTimeUnit":600000,"mWalkTime":302091,"runStep":0,"walkStep":474},{"distance":205.62999,"mCalorie":10.889999,"mOthersTime":0,"mRunTime":0,"mStartTime":39000000,"mTimeUnit":600000,"mWalkTime":181394,"runStep":0,"walkStep":280},{"distance":199.94,"mCalorie":10.309999,"mOthersTime":0,"mRunTime":0,"mStartTime":39600000,"mTimeUnit":600000,"mWalkTime":172056,"runStep":0,"walkStep":271},{"distance":58.89,"mCalorie":2.69,"mOthersTime":0,"mRunTime":0,"mStartTime":40200000,"mTimeUnit":600000,"mWalkTime":52693,"runStep":0,"walkStep":79},{"distance":82.812,"mCalorie":4.9,"mOthersTime":0,"mRunTime":8000,"mStartTime":40800000,"mTimeUnit":600000,"mWalkTime":54694,"runStep":20,"walkStep":82},{"distance":46.31,"mCalorie":2.23,"mOthersTime":0,"mRunTime":0,"mStartTime":41400000,"mTimeUnit":600000,"mWalkTime":40687,"runStep":0,"walkStep":61},{"distance":56.349,"mCalorie":3.71,"mOthersTime":0,"mRunTime":0,"mStartTime":42000000,"mTimeUnit":600000,"mWalkTime":69368,"runStep":0,"walkStep":104},{"distance":8.25,"mCalorie":0.24,"mOthersTime":0,"mRunTime":0,"mStartTime":42600000,"mTimeUnit":600000,"mWalkTime":6670,"runStep":0,"walkStep":10},{"distance":188.36,"mCalorie":10.029999,"mOthersTime":0,"mRunTime":0,"mStartTime":43200000,"mTimeUnit":600000,"mWalkTime":170055,"runStep":0,"walkStep":258},{"distance":78.36,"mCalorie":4.01,"mOthersTime":0,"mRunTime":0,"mStartTime":43800000,"mTimeUnit":600000,"mWalkTime":72036,"runStep":0,"walkStep":108},{"distance":94.1,"mCalorie":4.6,"mOthersTime":0,"mRunTime":400,"mStartTime":44400000,"mTimeUnit":600000,"mWalkTime":76705,"runStep":1,"walkStep":115},{"distance":8.91,"mCalorie":0.47,"mOthersTime":0,"mRunTime":0,"mStartTime":45000000,"mTimeUnit":600000,"mWalkTime":8671,"runStep":0,"walkStep":13},{"distance":189.22,"mCalorie":9.04,"mOthersTime":0,"mRunTime":0,"mStartTime":46200000,"mTimeUnit":600000,"mWalkTime":171419,"runStep":0,"walkStep":257},{"distance":130.81999,"mCalorie":7.1799994,"mOthersTime":0,"mRunTime":0,"mStartTime":46800000,"mTimeUnit":600000,"mWalkTime":122728,"runStep":0,"walkStep":184},{"distance":19.92,"mCalorie":1.05,"mOthersTime":0,"mRunTime":0,"mStartTime":47400000,"mTimeUnit":600000,"mWalkTime":18676,"runStep":0,"walkStep":28},{"distance":166.65001,"mCalorie":10.23,"mOthersTime":0,"mRunTime":0,"mStartTime":48000000,"mTimeUnit":600000,"mWalkTime":161414,"runStep":0,"walkStep":242},{"distance":115.770004,"mCalorie":6.2299995,"mOthersTime":0,"mRunTime":0,"mStartTime":48600000,"mTimeUnit":600000,"mWalkTime":109388,"runStep":0,"walkStep":164},{"distance":5.31,"mCalorie":0.25,"mOthersTime":0,"mRunTime":0,"mStartTime":49200000,"mTimeUnit":600000,"mWalkTime":4669,"runStep":0,"walkStep":7},{"distance":113.53999,"mCalorie":6.6,"mOthersTime":0,"mRunTime":0,"mStartTime":49800000,"mTimeUnit":600000,"mWalkTime":108054,"runStep":0,"walkStep":162},{"distance":61.299,"mCalorie":3.2099998,"mOthersTime":0,"mRunTime":400,"mStartTime":50400000,"mTimeUnit":600000,"mWalkTime":56028,"runStep":1,"walkStep":84},{"distance":56.511,"mCalorie":2.68,"mOthersTime":0,"mRunTime":0,"mStartTime":51600000,"mTimeUnit":600000,"mWalkTime":48691,"runStep":0,"walkStep":73},{"distance":12.277,"mCalorie":0.54,"mOthersTime":0,"mRunTime":0,"mStartTime":52200000,"mTimeUnit":600000,"mWalkTime":10672,"runStep":0,"walkStep":16},{"distance":27.82,"mCalorie":1.1899999,"mOthersTime":0,"mRunTime":0,"mStartTime":52800000,"mTimeUnit":600000,"mWalkTime":24012,"runStep":0,"walkStep":36},{"distance":46.068,"mCalorie":2.18,"mOthersTime":0,"mRunTime":0,"mStartTime":55200000,"mTimeUnit":600000,"mWalkTime":41354,"runStep":0,"walkStep":62},{"distance":30.460001,"mCalorie":1.48,"mOthersTime":0,"mRunTime":0,"mStartTime":55800000,"mTimeUnit":600000,"mWalkTime":27347,"runStep":0,"walkStep":41},{"distance":9.9,"mCalorie":0.51,"mOthersTime":0,"mRunTime":0,"mStartTime":56400000,"mTimeUnit":600000,"mWalkTime":9338,"runStep":0,"walkStep":14},{"distance":173.95299,"mCalorie":8.55,"mOthersTime":0,"mRunTime":0,"mStartTime":57000000,"mTimeUnit":600000,"mWalkTime":162081,"runStep":0,"walkStep":243},{"distance":57.299995,"mCalorie":2.79,"mOthersTime":0,"mRunTime":0,"mStartTime":57600000,"mTimeUnit":600000,"mWalkTime":51359,"runStep":0,"walkStep":77},{"distance":48.43,"mCalorie":2.4299998,"mOthersTime":0,"mRunTime":0,"mStartTime":58200000,"mTimeUnit":600000,"mWalkTime":42688,"runStep":0,"walkStep":64},{"distance":507.13995,"mCalorie":25.98,"mOthersTime":0,"mRunTime":0,"mStartTime":58800000,"mTimeUnit":600000,"mWalkTime":421424,"runStep":0,"walkStep":676},{"distance":111.643005,"mCalorie":5.51,"mOthersTime":0,"mRunTime":0,"mStartTime":60000000,"mTimeUnit":600000,"mWalkTime":100717,"runStep":0,"walkStep":151},{"distance":7.68,"mCalorie":0.34,"mOthersTime":0,"mRunTime":0,"mStartTime":60600000,"mTimeUnit":600000,"mWalkTime":6670,"runStep":0,"walkStep":10},{"distance":123.27,"mCalorie":6.07,"mOthersTime":0,"mRunTime":0,"mStartTime":61200000,"mTimeUnit":600000,"mWalkTime":108691,"runStep":0,"walkStep":167},{"distance":23.39,"mCalorie":1.2,"mOthersTime":0,"mRunTime":0,"mStartTime":61800000,"mTimeUnit":600000,"mWalkTime":22011,"runStep":0,"walkStep":33},{"distance":23.189999,"mCalorie":1.21,"mOthersTime":0,"mRunTime":0,"mStartTime":62400000,"mTimeUnit":600000,"mWalkTime":21344,"runStep":0,"walkStep":32},{"distance":8.02,"mCalorie":0.37,"mOthersTime":0,"mRunTime":0,"mStartTime":63600000,"mTimeUnit":600000,"mWalkTime":7337,"runStep":0,"walkStep":11},{"distance":136.612,"mCalorie":7.019,"mOthersTime":0,"mRunTime":2800,"mStartTime":64200000,"mTimeUnit":600000,"mWalkTime":116725,"runStep":7,"walkStep":175},{"distance":70.038,"mCalorie":3.4299998,"mOthersTime":0,"mRunTime":1200,"mStartTime":64800000,"mTimeUnit":600000,"mWalkTime":60030,"runStep":3,"walkStep":90},{"distance":7.57,"mCalorie":0.3,"mOthersTime":0,"mRunTime":0,"mStartTime":65400000,"mTimeUnit":600000,"mWalkTime":6670,"runStep":0,"walkStep":10},{"distance":11.91,"mCalorie":0.73,"mOthersTime":0,"mRunTime":400,"mStartTime":66000000,"mTimeUnit":600000,"mWalkTime":7337,"runStep":1,"walkStep":11},{"distance":8.21,"mCalorie":0.5,"mOthersTime":0,"mRunTime":0,"mStartTime":67200000,"mTimeUnit":600000,"mWalkTime":6670,"runStep":0,"walkStep":10},{"distance":96.849,"mCalorie":4.781,"mOthersTime":0,"mRunTime":1600,"mStartTime":68400000,"mTimeUnit":600000,"mWalkTime":80707,"runStep":4,"walkStep":121},{"distance":553.719,"mCalorie":29.150002,"mOthersTime":0,"mRunTime":0,"mStartTime":69000000,"mTimeUnit":600000,"mWalkTime":430035,"runStep":0,"walkStep":748},{"distance":101.6,"mCalorie":8.1,"mOthersTime":0,"mRunTime":0,"mStartTime":69600000,"mTimeUnit":600000,"mWalkTime":103385,"runStep":0,"walkStep":155},{"distance":6.98,"mCalorie":0.38,"mOthersTime":0,"mRunTime":0,"mStartTime":70200000,"mTimeUnit":600000,"mWalkTime":6670,"runStep":0,"walkStep":10},{"distance":37.15,"mCalorie":1.95,"mOthersTime":0,"mRunTime":0,"mStartTime":70800000,"mTimeUnit":600000,"mWalkTime":34017,"runStep":0,"walkStep":51},{"distance":5.84,"mCalorie":0.29,"mOthersTime":0,"mRunTime":0,"mStartTime":72000000,"mTimeUnit":600000,"mWalkTime":5336,"runStep":0,"walkStep":8},{"distance":5.05,"mCalorie":0.26,"mOthersTime":0,"mRunTime":0,"mStartTime":73200000,"mTimeUnit":600000,"mWalkTime":4669,"runStep":0,"walkStep":7},{"distance":17.36,"mCalorie":0.94000006,"mOthersTime":0,"mRunTime":800,"mStartTime":73800000,"mTimeUnit":600000,"mWalkTime":12673,"runStep":2,"walkStep":19},{"distance":5.89,"mCalorie":0.28,"mOthersTime":0,"mRunTime":0,"mStartTime":75000000,"mTimeUnit":600000,"mWalkTime":5336,"runStep":0,"walkStep":8},{"distance":9.691,"mCalorie":0.34,"mOthersTime":0,"mRunTime":0,"mStartTime":76200000,"mTimeUnit":600000,"mWalkTime":8004,"runStep":0,"walkStep":12},{"distance":31.539999,"mCalorie":1.56,"mOthersTime":0,"mRunTime":0,"mStartTime":76800000,"mTimeUnit":600000,"mWalkTime":27347,"runStep":0,"walkStep":41},{"distance":123.112,"mCalorie":6.8,"mOthersTime":0,"mRunTime":18000,"mStartTime":77400000,"mTimeUnit":600000,"mWalkTime":70035,"runStep":45,"walkStep":105},{"distance":58.229996,"mCalorie":2.95,"mOthersTime":0,"mRunTime":0,"mStartTime":78000000,"mTimeUnit":600000,"mWalkTime":52693,"runStep":0,"walkStep":79},{"distance":46.53,"mCalorie":2.2200003,"mOthersTime":0,"mRunTime":0,"mStartTime":78600000,"mTimeUnit":600000,"mWalkTime":41354,"runStep":0,"walkStep":62},{"distance":14.66,"mCalorie":0.65999997,"mOthersTime":0,"mRunTime":0,"mStartTime":79200000,"mTimeUnit":600000,"mWalkTime":12673,"runStep":0,"walkStep":19},{"distance":20.36,"mCalorie":1.24,"mOthersTime":0,"mRunTime":1200,"mStartTime":79800000,"mTimeUnit":600000,"mWalkTime":13340,"runStep":3,"walkStep":20},{"distance":6.93,"mCalorie":0.45,"mOthersTime":0,"mRunTime":0,"mStartTime":80400000,"mTimeUnit":600000,"mWalkTime":6670,"runStep":0,"walkStep":10},{"distance":52.92,"mCalorie":2.7800002,"mOthersTime":0,"mRunTime":0,"mStartTime":81600000,"mTimeUnit":600000,"mWalkTime":48024,"runStep":0,"walkStep":72},{"distance":144.26001,"mCalorie":8.459999,"mOthersTime":0,"mRunTime":0,"mStartTime":82200000,"mTimeUnit":600000,"mWalkTime":136735,"runStep":0,"walkStep":205}],"version":1}