{"mActivityList":[{"mActiveTime":600000,"mActiveTimeType":2,"mCalorie":59.42,"mCategory":204,"mDetailInfoId":"613c314a-7578-2a0c-6ad1-932949640a9a","mDistance":0.0,"mDuration":600000,"mEndTime":42398022,"mStartTime":41798022,"mType":11007},{"mActiveTime":600000,"mActiveTimeType":2,"mCalorie":47.13,"mCategory":204,"mDetailInfoId":"60af92bc-3ba5-6cee-ab22-76a6fee028bf","mDistance":0.0,"mDuration":600000,"mEndTime":50971028,"mStartTime":50371028,"mType":11007}],"mAdaptiveGoal":0,"mIsGoalAchieved":false,"mIsMostActiveAchieved":false,"mMostActiveMinutes":0,"mStreakDayCount":0,"mUnitDataList":[{"distance":17.94,"mCalorie":1.07,"mOthersTime":0,"mRunTime":800,"mStartTime":7200000,"mTimeUnit":600000,"mWalkTime":16008,"runStep":2,"walkStep":24},{"distance":28.589998,"mCalorie":1.4,"mOthersTime":0,"mRunTime":0,"mStartTime":16200000,"mTimeUnit":600000,"mWalkTime":25346,"runStep":0,"walkStep":38},{"distance":153.63,"mCalorie":7.9700003,"mOthersTime":0,"mRunTime":0,"mStartTime":16800000,"mTimeUnit":600000,"mWalkTime":143375,"runStep":0,"walkStep":228},{"distance":354.05,"mCalorie":17.609999,"mOthersTime":0,"mRunTime":0,"mStartTime":17400000,"mTimeUnit":600000,"mWalkTime":290692,"runStep":0,"walkStep":487},{"distance":7.88,"mCalorie":0.38,"mOthersTime":0,"mRunTime":0,"mStartTime":18600000,"mTimeUnit":600000,"mWalkTime":7337,"runStep":0,"walkStep":11},{"distance":24.29,"mCalorie":1.25,"mOthersTime":0,"mRunTime":0,"mStartTime":19200000,"mTimeUnit":600000,"mWalkTime":22011,"runStep":0,"walkStep":33},{"distance":356.88098,"mCalorie":18.369999,"mOthersTime":0,"mRunTime":0,"mStartTime":19800000,"mTimeUnit":600000,"mWalkTime":284689,"runStep":0,"walkStep":494},{"distance":51.07,"mCalorie":2.53,"mOthersTime":0,"mRunTime":0,"mStartTime":20400000,"mTimeUnit":600000,"mWalkTime":46690,"runStep":0,"walkStep":70},{"distance":31.29,"mCalorie":1.43,"mOthersTime":0,"mRunTime":0,"mStartTime":21000000,"mTimeUnit":600000,"mWalkTime":27347,"runStep":0,"walkStep":41},{"distance":97.19,"mCalorie":4.7400002,"mOthersTime":0,"mRunTime":0,"mStartTime":30000000,"mTimeUnit":600000,"mWalkTime":84709,"runStep":0,"walkStep":127},{"distance":18.9,"mCalorie":0.81,"mOthersTime":0,"mRunTime":0,"mStartTime":30600000,"mTimeUnit":600000,"mWalkTime":16675,"runStep":0,"walkStep":25},{"distance":90.7,"mCalorie":5.17,"mOthersTime":0,"mRunTime":0,"mStartTime":31200000,"mTimeUnit":600000,"mWalkTime":95381,"runStep":0,"walkStep":143},{"distance":57.559998,"mCalorie":2.65,"mOthersTime":0,"mRunTime":0,"mStartTime":31800000,"mTimeUnit":600000,"mWalkTime":51359,"runStep":0,"walkStep":77},{"distance":172.47,"mCalorie":9.03,"mOthersTime":0,"mRunTime":0,"mStartTime":32400000,"mTimeUnit":600000,"mWalkTime":158079,"runStep":0,"walkStep":237},{"distance":298.59,"mCalorie":15.01,"mOthersTime":0,"mRunTime":0,"mStartTime":34200000,"mTimeUnit":600000,"mWalkTime":254037,"runStep":0,"walkStep":405},{"distance":258.21,"mCalorie":14.21,"mOthersTime":0,"mRunTime":0,"mStartTime":34800000,"mTimeUnit":600000,"mWalkTime":243455,"runStep":0,"walkStep":365},{"distance":8.07,"mCalorie":0.37,"mOthersTime":0,"mRunTime":0,"mStartTime":36000000,"mTimeUnit":600000,"mWalkTime":7337,"runStep":0,"walkStep":11},{"distance":85.74,"mCalorie":4.39,"mOthersTime":0,"mRunTime":0,"mStartTime":36600000,"mTimeUnit":600000,"mWalkTime":75371,"runStep":0,"walkStep":113},{"distance":68.24,"mCalorie":3.3899999,"mOthersTime":0,"mRunTime":0,"mStartTime":39600000,"mTimeUnit":600000,"mWalkTime":61364,"runStep":0,"walkStep":92},{"distance":33.88,"mCalorie":1.8199999,"mOthersTime":0,"mRunTime":4000,"mStartTime":40200000,"mTimeUnit":600000,"mWalkTime":20010,"runStep":10,"walkStep":30},{"distance":80.75,"mCalorie":4.2999997,"mOthersTime":0,"mRunTime":0,"mStartTime":40800000,"mTimeUnit":600000,"mWalkTime":76038,"runStep":0,"walkStep":114},{"distance":60.01396,"mCalorie":24.16369,"mOthersTime":201977,"mRunTime":0,"mStartTime":41400000,"mTimeUnit":600000,"mWalkTime":59060,"runStep":0,"walkStep":278},{"distance":43.42681,"mCalorie":41.60455,"mOthersTime":398022,"mRunTime":0,"mStartTime":42000000,"mTimeUnit":600000,"mWalkTime":39260,"runStep":0,"walkStep":419},{"distance":77.44,"mCalorie":3.96,"mOthersTime":0,"mRunTime":0,"mStartTime":42600000,"mTimeUnit":600000,"mWalkTime":71369,"runStep":0,"walkStep":107},{"distance":88.87,"mCalorie":4.49,"mOthersTime":0,"mRunTime":0,"mStartTime":43200000,"mTimeUnit":600000,"mWalkTime":81374,"runStep":0,"walkStep":122},{"distance":124.920006,"mCalorie":6.37,"mOthersTime":0,"mRunTime":0,"mStartTime":43800000,"mTimeUnit":600000,"mWalkTime":112723,"runStep":0,"walkStep":169},{"distance":310.80002,"mCalorie":16.41,"mOthersTime":0,"mRunTime":0,"mStartTime":44400000,"mTimeUnit":600000,"mWalkTime":275411,"runStep":0,"walkStep":421},{"distance":319.94897,"mCalorie":15.52,"mOthersTime":0,"mRunTime":0,"mStartTime":45000000,"mTimeUnit":600000,"mWalkTime":253400,"runStep":0,"walkStep":425},{"distance":4.37,"mCalorie":0.22,"mOthersTime":0,"mRunTime":0,"mStartTime":46200000,"mTimeUnit":600000,"mWalkTime":4002,"runStep":0,"walkStep":6},{"distance":327.84998,"mCalorie":16.43,"mOthersTime":0,"mRunTime":0,"mStartTime":46800000,"mTimeUnit":600000,"mWalkTime":282748,"runStep":0,"walkStep":447},{"distance":74.369995,"mCalorie":4.03,"mOthersTime":0,"mRunTime":0,"mStartTime":47400000,"mTimeUnit":600000,"mWalkTime":70035,"runStep":0,"walkStep":105},{"distance":129.92632,"mCalorie":8.589457,"mOthersTime":28972,"mRunTime":0,"mStartTime":49800000,"mTimeUnit":600000,"mWalkTime":114630,"runStep":0,"walkStep":182},{"distance":0.0,"mCalorie":44.85425,"mOthersTime":571028,"mRunTime":0,"mStartTime":50400000,"mTimeUnit":600000,"mWalkTime":0,"runStep":0,"walkStep":266},{"distance":46.57,"mCalorie":2.2,"mOthersTime":0,"mRunTime":0,"mStartTime":51000000,"mTimeUnit":600000,"mWalkTime":42021,"runStep":0,"walkStep":63},{"distance":4.95,"mCalorie":0.26,"mOthersTime":0,"mRunTime":0,"mStartTime":51600000,"mTimeUnit":600000,"mWalkTime":4669,"runStep":0,"walkStep":7},{"distance":196.85,"mCalorie":11.0199995,"mOthersTime":0,"mRunTime":0,"mStartTime":52200000,"mTimeUnit":600000,"mWalkTime":191399,"runStep":0,"walkStep":287},{"distance":18.81,"mCalorie":1.01,"mOthersTime":0,"mRunTime":0,"mStartTime":52800000,"mTimeUnit":600000,"mWalkTime":17342,"runStep":0,"walkStep":26},{"distance":74.130005,"mCalorie":4.1800003,"mOthersTime":0,"mRunTime":800,"mStartTime":53400000,"mTimeUnit":600000,"mWalkTime":68034,"runStep":2,"walkStep":102},{"distance":46.0,"mCalorie":2.25,"mOthersTime":0,"mRunTime":0,"mStartTime":54000000,"mTimeUnit":600000,"mWalkTime":42688,"runStep":0,"walkStep":64},{"distance":11.77,"mCalorie":0.49,"mOthersTime":0,"mRunTime":0,"mStartTime":54600000,"mTimeUnit":600000,"mWalkTime":10005,"runStep":0,"walkStep":15},{"distance":51.739998,"mCalorie":2.85,"mOthersTime":0,"mRunTime":8000,"mStartTime":56400000,"mTimeUnit":600000,"mWalkTime":32016,"runStep":20,"walkStep":48},{"distance":4.93,"mCalorie":0.26,"mOthersTime":0,"mRunTime":0,"mStartTime":58200000,"mTimeUnit":600000,"mWalkTime":4669,"runStep":0,"walkStep":7},{"distance":13.16,"mCalorie":0.57,"mOthersTime":0,"mRunTime":0,"mStartTime":60000000,"mTimeUnit":600000,"mWalkTime":10672,"runStep":0,"walkStep":16},{"distance":69.461,"mCalorie":3.4899998,"mOthersTime":0,"mRunTime":2800,"mStartTime":60600000,"mTimeUnit":600000,"mWalkTime":58696,"runStep":7,"walkStep":88},{"distance":209.41998,"mCalorie":12.36,"mOthersTime":0,"mRunTime":4400,"mStartTime":61200000,"mTimeUnit":600000,"mWalkTime":196765,"runStep":11,"walkStep":295},{"distance":300.51,"mCalorie":16.4,"mOthersTime":0,"mRunTime":2400,"mStartTime":61800000,"mTimeUnit":600000,"mWalkTime":262101,"runStep":6,"walkStep":416},{"distance":196.35,"mCalorie":10.179999,"mOthersTime":0,"mRunTime":0,"mStartTime":62400000,"mTimeUnit":600000,"mWalkTime":176088,"runStep":0,"walkStep":264},{"distance":12.059999,"mCalorie":0.58000004,"mOthersTime":0,"mRunTime":0,"mStartTime":63000000,"mTimeUnit":600000,"mWalkTime":10672,"runStep":0,"walkStep":16},{"distance":109.44,"mCalorie":5.71,"mOthersTime":0,"mRunTime":0,"mStartTime":64200000,"mTimeUnit":600000,"mWalkTime":98716,"runStep":0,"walkStep":148},{"distance":254.49,"mCalorie":13.179999,"mOthersTime":0,"mRunTime":0,"mStartTime":64800000,"mTimeUnit":600000,"mWalkTime":217382,"runStep":0,"walkStep":340},{"distance":6.77,"mCalorie":0.4,"mOthersTime":0,"mRunTime":0,"mStartTime":66600000,"mTimeUnit":600000,"mWalkTime":6670,"runStep":0,"walkStep":10},{"distance":11.05,"mCalorie":0.47,"mOthersTime":0,"mRunTime":0,"mStartTime":67200000,"mTimeUnit":600000,"mWalkTime":10005,"runStep":0,"walkStep":15},{"distance":29.38,"mCalorie":1.54,"mOthersTime":0,"mRunTime":0,"mStartTime":68400000,"mTimeUnit":600000,"mWalkTime":27347,"runStep":0,"walkStep":41},{"distance":27.98,"mCalorie":1.44,"mOthersTime":0,"mRunTime":0,"mStartTime":69000000,"mTimeUnit":600000,"mWalkTime":25346,"runStep":0,"walkStep":38},{"distance":105.59,"mCalorie":5.47,"mOthersTime":0,"mRunTime":0,"mStartTime":69600000,"mTimeUnit":600000,"mWalkTime":98716,"runStep":0,"walkStep":148},{"distance":8.68,"mCalorie":0.39,"mOthersTime":0,"mRunTime":0,"mStartTime":70200000,"mTimeUnit":600000,"mWalkTime":8004,"runStep":0,"walkStep":12},{"distance":9.86,"mCalorie":0.43,"mOthersTime":0,"mRunTime":0,"mStartTime":70800000,"mTimeUnit":600000,"mWalkTime":8671,"runStep":0,"walkStep":13},{"distance":35.52,"mCalorie":1.8999999,"mOthersTime":0,"mRunTime":0,"mStartTime":72000000,"mTimeUnit":600000,"mWalkTime":33350,"runStep":0,"walkStep":50},{"distance":87.52,"mCalorie":4.51,"mOthersTime":0,"mRunTime":0,"mStartTime":72600000,"mTimeUnit":600000,"mWalkTime":79373,"runStep":0,"walkStep":119},{"distance":57.420002,"mCalorie":2.93,"mOthersTime":0,"mRunTime":0,"mStartTime":73200000,"mTimeUnit":600000,"mWalkTime":52026,"runStep":0,"walkStep":78},{"distance":150.899,"mCalorie":8.21,"mOthersTime":0,"mRunTime":2000,"mStartTime":73800000,"mTimeUnit":600000,"mWalkTime":143405,"runStep":5,"walkStep":215},{"distance":234.06,"mCalorie":15.410001,"mOthersTime":0,"mRunTime":0,"mStartTime":74400000,"mTimeUnit":600000,"mWalkTime":227447,"runStep":0,"walkStep":341},{"distance":202.98001,"mCalorie":10.77,"mOthersTime":0,"mRunTime":0,"mStartTime":75000000,"mTimeUnit":600000,"mWalkTime":174057,"runStep":0,"walkStep":276},{"distance":21.6,"mCalorie":1.15,"mOthersTime":0,"mRunTime":0,"mStartTime":75600000,"mTimeUnit":600000,"mWalkTime":20010,"runStep":0,"walkStep":30},{"distance":199.43001,"mCalorie":12.2699995,"mOthersTime":0,"mRunTime":0,"mStartTime":76800000,"mTimeUnit":600000,"mWalkTime":189428,"runStep":0,"walkStep":284},{"distance":204.21,"mCalorie":10.63,"mOthersTime":0,"mRunTime":0,"mStartTime":77400000,"mTimeUnit":600000,"mWalkTime":185426,"runStep":0,"walkStep":278},{"distance":136.56,"mCalorie":7.2400002,"mOthersTime":0,"mRunTime":4000,"mStartTime":78000000,"mTimeUnit":600000,"mWalkTime":112056,"runStep":10,"walkStep":168},{"distance":9.5,"mCalorie":0.43,"mOthersTime":0,"mRunTime":0,"mStartTime":78600000,"mTimeUnit":600000,"mWalkTime":8004,"runStep":0,"walkStep":12},{"distance":17.51,"mCalorie":0.79,"mOthersTime":0,"mRunTime":0,"mStartTime":79200000,"mTimeUnit":600000,"mWalkTime":15341,"runStep":0,"walkStep":23},{"distance":136.599,"mCalorie":7.9800005,"mOthersTime":0,"mRunTime":19600,"mStartTime":79800000,"mTimeUnit":600000,"mWalkTime":71369,"runStep":49,"walkStep":107},{"distance":24.36,"mCalorie":1.08,"mOthersTime":0,"mRunTime":0,"mStartTime":80400000,"mTimeUnit":600000,"mWalkTime":22011,"runStep":0,"walkStep":33},{"distance":18.06,"mCalorie":0.93,"mOthersTime":0,"mRunTime":0,"mStartTime":81000000,"mTimeUnit":600000,"mWalkTime":16675,"runStep":0,"walkStep":25},{"distance":19.33,"mCalorie":1.04,"mOthersTime":0,"mRunTime":0,"mStartTime":82800000,"mTimeUnit":600000,"mWalkTime":18676,"runStep":0,"walkStep":28},{"distance":31.419998,"mCalorie":1.46,"mOthersTime":0,"mRunTime":0,"mStartTime":83400000,"mTimeUnit":600000,"mWalkTime":28681,"runStep":0,"walkStep":43},{"distance":21.95,"mCalorie":1.07,"mOthersTime":0,"mRunTime":0,"mStartTime":84000000,"mTimeUnit":600000,"mWalkTime":19343,"runStep":0,"walkStep":29},{"distance":101.45999,"mCalorie":4.92,"mOthersTime":0,"mRunTime":1200,"mStartTime":84600000,"mTimeUnit":600000,"mWalkTime":86710,"runStep":3,"walkStep":130}],"version":1}