{"mAdaptiveGoal":0,"mIsGoalAchieved":false,"mIsMostActiveAchieved":false,"mMostActiveMinutes":0,"mStreakDayCount":0,"mUnitDataList":[{"distance":16.81,"mCalorie":0.88,"mOthersTime":0,"mRunTime":0,"mStartTime":7800000,"mTimeUnit":600000,"mWalkTime":14007,"runStep":0,"walkStep":21},{"distance":15.56,"mCalorie":0.77,"mOthersTime":0,"mRunTime":0,"mStartTime":18000000,"mTimeUnit":600000,"mWalkTime":14007,"runStep":0,"walkStep":21},{"distance":9.93,"mCalorie":0.45,"mOthersTime":0,"mRunTime":0,"mStartTime":25200000,"mTimeUnit":600000,"mWalkTime":8671,"runStep":0,"walkStep":13},{"distance":7.84,"mCalorie":0.33,"mOthersTime":0,"mRunTime":0,"mStartTime":25800000,"mTimeUnit":600000,"mWalkTime":6670,"runStep":0,"walkStep":10},{"distance":30.55,"mCalorie":1.47,"mOthersTime":0,"mRunTime":0,"mStartTime":27600000,"mTimeUnit":600000,"mWalkTime":27347,"runStep":0,"walkStep":41},{"distance":179.58,"mCalorie":9.67,"mOthersTime":0,"mRunTime":0,"mStartTime":28200000,"mTimeUnit":600000,"mWalkTime":162051,"runStep":0,"walkStep":247},{"distance":254.01999,"mCalorie":13.289999,"mOthersTime":0,"mRunTime":0,"mStartTime":28800000,"mTimeUnit":600000,"mWalkTime":207377,"runStep":0,"walkStep":340},{"distance":6.03,"mCalorie":0.29,"mOthersTime":0,"mRunTime":0,"mStartTime":29400000,"mTimeUnit":600000,"mWalkTime":5336,"runStep":0,"walkStep":8},{"distance":30.17,"mCalorie":1.5,"mOthersTime":0,"mRunTime":0,"mStartTime":30000000,"mTimeUnit":600000,"mWalkTime":27347,"runStep":0,"walkStep":41},{"distance":73.49,"mCalorie":3.6200001,"mOthersTime":0,"mRunTime":0,"mStartTime":34200000,"mTimeUnit":600000,"mWalkTime":66033,"runStep":0,"walkStep":99},{"distance":23.779999,"mCalorie":1.0799999,"mOthersTime":0,"mRunTime":0,"mStartTime":34800000,"mTimeUnit":600000,"mWalkTime":20677,"runStep":0,"walkStep":31},{"distance":230.09999,"mCalorie":12.29,"mOthersTime":0,"mRunTime":0,"mStartTime":35400000,"mTimeUnit":600000,"mWalkTime":210105,"runStep":0,"walkStep":315},{"distance":177.03,"mCalorie":9.51,"mOthersTime":0,"mRunTime":0,"mStartTime":36000000,"mTimeUnit":600000,"mWalkTime":162051,"runStep":0,"walkStep":244},{"distance":233.31,"mCalorie":12.36,"mOthersTime":0,"mRunTime":0,"mStartTime":36600000,"mTimeUnit":600000,"mWalkTime":210105,"runStep":0,"walkStep":315},{"distance":145.12,"mCalorie":8.43,"mOthersTime":0,"mRunTime":0,"mStartTime":37800000,"mTimeUnit":600000,"mWalkTime":135401,"runStep":0,"walkStep":203},{"distance":10.21,"mCalorie":0.51,"mOthersTime":0,"mRunTime":0,"mStartTime":38400000,"mTimeUnit":600000,"mWalkTime":9338,"runStep":0,"walkStep":14},{"distance":86.350006,"mCalorie":4.74,"mOthersTime":0,"mRunTime":0,"mStartTime":39000000,"mTimeUnit":600000,"mWalkTime":84709,"runStep":0,"walkStep":127},{"distance":31.32,"mCalorie":1.54,"mOthersTime":0,"mRunTime":0,"mStartTime":39600000,"mTimeUnit":600000,"mWalkTime":28014,"runStep":0,"walkStep":42},{"distance":54.1,"mCalorie":2.74,"mOthersTime":0,"mRunTime":0,"mStartTime":40200000,"mTimeUnit":600000,"mWalkTime":48691,"runStep":0,"walkStep":73},{"distance":7.95,"mCalorie":0.42000002,"mOthersTime":0,"mRunTime":0,"mStartTime":40800000,"mTimeUnit":600000,"mWalkTime":7337,"runStep":0,"walkStep":11},{"distance":21.91,"mCalorie":1.11,"mOthersTime":0,"mRunTime":0,"mStartTime":41400000,"mTimeUnit":600000,"mWalkTime":20010,"runStep":0,"walkStep":30},{"distance":192.62,"mCalorie":10.74,"mOthersTime":0,"mRunTime":2400,"mStartTime":42000000,"mTimeUnit":600000,"mWalkTime":167417,"runStep":6,"walkStep":251},{"distance":44.28,"mCalorie":2.0700002,"mOthersTime":0,"mRunTime":0,"mStartTime":42600000,"mTimeUnit":600000,"mWalkTime":39353,"runStep":0,"walkStep":59},{"distance":321.6,"mCalorie":15.82,"mOthersTime":0,"mRunTime":0,"mStartTime":43200000,"mTimeUnit":600000,"mWalkTime":288084,"runStep":0,"walkStep":440},{"distance":27.71,"mCalorie":1.32,"mOthersTime":0,"mRunTime":0,"mStartTime":43800000,"mTimeUnit":600000,"mWalkTime":24679,"runStep":0,"walkStep":37},{"distance":9.14,"mCalorie":0.41,"mOthersTime":0,"mRunTime":0,"mStartTime":45000000,"mTimeUnit":600000,"mWalkTime":8004,"runStep":0,"walkStep":12},{"distance":226.90099,"mCalorie":11.499999,"mOthersTime":0,"mRunTime":800,"mStartTime":45600000,"mTimeUnit":600000,"mWalkTime":188731,"runStep":2,"walkStep":306},{"distance":129.2,"mCalorie":7.0000005,"mOthersTime":0,"mRunTime":0,"mStartTime":46200000,"mTimeUnit":600000,"mWalkTime":120060,"runStep":0,"walkStep":180},{"distance":135.81,"mCalorie":7.1899996,"mOthersTime":0,"mRunTime":0,"mStartTime":46800000,"mTimeUnit":600000,"mWalkTime":127397,"runStep":0,"walkStep":191},{"distance":147.70001,"mCalorie":7.8599997,"mOthersTime":0,"mRunTime":0,"mStartTime":47400000,"mTimeUnit":600000,"mWalkTime":136735,"runStep":0,"walkStep":205},{"distance":40.65,"mCalorie":2.0900002,"mOthersTime":0,"mRunTime":0,"mStartTime":48000000,"mTimeUnit":600000,"mWalkTime":36685,"runStep":0,"walkStep":55},{"distance":67.32,"mCalorie":3.65,"mOthersTime":0,"mRunTime":2400,"mStartTime":48600000,"mTimeUnit":600000,"mWalkTime":54694,"runStep":6,"walkStep":82},{"distance":9.67,"mCalorie":0.5,"mOthersTime":0,"mRunTime":0,"mStartTime":51600000,"mTimeUnit":600000,"mWalkTime":9338,"runStep":0,"walkStep":14},{"distance":6.83,"mCalorie":0.36,"mOthersTime":0,"mRunTime":0,"mStartTime":54600000,"mTimeUnit":600000,"mWalkTime":6670,"runStep":0,"walkStep":10},{"distance":17.75,"mCalorie":0.79,"mOthersTime":0,"mRunTime":0,"mStartTime":55200000,"mTimeUnit":600000,"mWalkTime":16008,"runStep":0,"walkStep":24},{"distance":83.70999,"mCalorie":4.9599996,"mOthersTime":0,"mRunTime":6400,"mStartTime":55800000,"mTimeUnit":600000,"mWalkTime":64032,"runStep":16,"walkStep":96},{"distance":16.96,"mCalorie":1.03,"mOthersTime":0,"mRunTime":0,"mStartTime":56400000,"mTimeUnit":600000,"mWalkTime":14007,"runStep":0,"walkStep":21},{"distance":44.121002,"mCalorie":2.1,"mOthersTime":0,"mRunTime":0,"mStartTime":57000000,"mTimeUnit":600000,"mWalkTime":38686,"runStep":0,"walkStep":58},{"distance":58.439003,"mCalorie":2.73,"mOthersTime":0,"mRunTime":400,"mStartTime":57600000,"mTimeUnit":600000,"mWalkTime":50692,"runStep":1,"walkStep":76},{"distance":124.43,"mCalorie":6.38,"mOthersTime":0,"mRunTime":0,"mStartTime":58200000,"mTimeUnit":600000,"mWalkTime":118059,"runStep":0,"walkStep":177},{"distance":497.2,"mCalorie":26.900002,"mOthersTime":0,"mRunTime":0,"mStartTime":58800000,"mTimeUnit":600000,"mWalkTime":412723,"runStep":0,"walkStep":683},{"distance":239.62999,"mCalorie":11.91,"mOthersTime":0,"mRunTime":0,"mStartTime":59400000,"mTimeUnit":600000,"mWalkTime":212106,"runStep":0,"walkStep":318},{"distance":37.55,"mCalorie":1.84,"mOthersTime":0,"mRunTime":0,"mStartTime":60600000,"mTimeUnit":600000,"mWalkTime":34017,"runStep":0,"walkStep":51},{"distance":383.06998,"mCalorie":20.539999,"mOthersTime":0,"mRunTime":0,"mStartTime":61200000,"mTimeUnit":600000,"mWalkTime":310702,"runStep":0,"walkStep":530},{"distance":64.17,"mCalorie":3.0099998,"mOthersTime":0,"mRunTime":0,"mStartTime":61800000,"mTimeUnit":600000,"mWalkTime":57362,"runStep":0,"walkStep":86},{"distance":43.89,"mCalorie":2.1100001,"mOthersTime":0,"mRunTime":0,"mStartTime":62400000,"mTimeUnit":600000,"mWalkTime":39353,"runStep":0,"walkStep":59},{"distance":4.63,"mCalorie":0.21,"mOthersTime":0,"mRunTime":0,"mStartTime":63600000,"mTimeUnit":600000,"mWalkTime":4002,"runStep":0,"walkStep":6},{"distance":51.29,"mCalorie":2.46,"mOthersTime":0,"mRunTime":0,"mStartTime":64200000,"mTimeUnit":600000,"mWalkTime":46023,"runStep":0,"walkStep":69},{"distance":8.0,"mCalorie":0.36,"mOthersTime":0,"mRunTime":0,"mStartTime":65400000,"mTimeUnit":600000,"mWalkTime":6670,"runStep":0,"walkStep":10},{"distance":8.7,"mCalorie":0.31,"mOthersTime":0,"mRunTime":0,"mStartTime":67800000,"mTimeUnit":600000,"mWalkTime":7337,"runStep":0,"walkStep":11},{"distance":92.32,"mCalorie":5.4199996,"mOthersTime":0,"mRunTime":11600,"mStartTime":69000000,"mTimeUnit":600000,"mWalkTime":58029,"runStep":29,"walkStep":87},{"distance":102.41,"mCalorie":5.1000004,"mOthersTime":0,"mRunTime":400,"mStartTime":69600000,"mTimeUnit":600000,"mWalkTime":91379,"runStep":1,"walkStep":137},{"distance":79.81,"mCalorie":4.08,"mOthersTime":0,"mRunTime":0,"mStartTime":72000000,"mTimeUnit":600000,"mWalkTime":72703,"runStep":0,"walkStep":109},{"distance":47.3,"mCalorie":2.13,"mOthersTime":0,"mRunTime":0,"mStartTime":72600000,"mTimeUnit":600000,"mWalkTime":42021,"runStep":0,"walkStep":63},{"distance":16.58,"mCalorie":0.78999996,"mOthersTime":0,"mRunTime":0,"mStartTime":73200000,"mTimeUnit":600000,"mWalkTime":15341,"runStep":0,"walkStep":23},{"distance":56.36,"mCalorie":3.01,"mOthersTime":0,"mRunTime":400,"mStartTime":79200000,"mTimeUnit":600000,"mWalkTime":50025,"runStep":1,"walkStep":75}],"version":1}