{"mActivityList":[{"mActiveTime":600000,"mActiveTimeType":2,"mCalorie":52.54,"mCategory":204,"mDetailInfoId":"3965f4c6-3e02-c509-4779-914869ba8929","mDistance":0.0,"mDuration":600000,"mEndTime":61176285,"mStartTime":60576285,"mType":11007},{"mActiveTime":600000,"mActiveTimeType":2,"mCalorie":79.63,"mCategory":204,"mDetailInfoId":"94fb91ea-8326-2588-7914-54230febfaaa","mDistance":0.0,"mDuration":600000,"mEndTime":76115035,"mStartTime":75515035,"mType":11007}],"mAdaptiveGoal":0,"mIsGoalAchieved":false,"mIsMostActiveAchieved":false,"mMostActiveMinutes":0,"mStreakDayCount":0,"mUnitDataList":[{"distance":157.23,"mCalorie":7.31,"mOthersTime":0,"mRunTime":0,"mStartTime":36600000,"mTimeUnit":600000,"mWalkTime":140070,"runStep":0,"walkStep":210},{"distance":25.07,"mCalorie":1.31,"mOthersTime":0,"mRunTime":0,"mStartTime":37200000,"mTimeUnit":600000,"mWalkTime":23345,"runStep":0,"walkStep":35},{"distance":40.45,"mCalorie":2.1,"mOthersTime":0,"mRunTime":0,"mStartTime":38400000,"mTimeUnit":600000,"mWalkTime":36685,"runStep":0,"walkStep":55},{"distance":17.35,"mCalorie":0.91999996,"mOthersTime":0,"mRunTime":0,"mStartTime":39000000,"mTimeUnit":600000,"mWalkTime":16008,"runStep":0,"walkStep":24},{"distance":27.5,"mCalorie":1.52,"mOthersTime":0,"mRunTime":0,"mStartTime":39600000,"mTimeUnit":600000,"mWalkTime":24679,"runStep":0,"walkStep":37},{"distance":30.8,"mCalorie":1.55,"mOthersTime":0,"mRunTime":0,"mStartTime":40200000,"mTimeUnit":600000,"mWalkTime":28014,"runStep":0,"walkStep":42},{"distance":55.54,"mCalorie":3.05,"mOthersTime":0,"mRunTime":1600,"mStartTime":41400000,"mTimeUnit":600000,"mWalkTime":44689,"runStep":4,"walkStep":67},{"distance":126.32099,"mCalorie":7.4400005,"mOthersTime":0,"mRunTime":0,"mStartTime":42000000,"mTimeUnit":600000,"mWalkTime":122061,"runStep":0,"walkStep":183},{"distance":153.579,"mCalorie":8.37,"mOthersTime":0,"mRunTime":6000,"mStartTime":42600000,"mTimeUnit":600000,"mWalkTime":117392,"runStep":15,"walkStep":176},{"distance":87.163,"mCalorie":5.04,"mOthersTime":0,"mRunTime":4000,"mStartTime":43200000,"mTimeUnit":600000,"mWalkTime":64032,"runStep":10,"walkStep":96},{"distance":8.58,"mCalorie":0.49,"mOthersTime":0,"mRunTime":0,"mStartTime":44400000,"mTimeUnit":600000,"mWalkTime":8004,"runStep":0,"walkStep":12},{"distance":19.830002,"mCalorie":0.92999995,"mOthersTime":0,"mRunTime":0,"mStartTime":45000000,"mTimeUnit":600000,"mWalkTime":17342,"runStep":0,"walkStep":26},{"distance":45.379997,"mCalorie":2.23,"mOthersTime":0,"mRunTime":0,"mStartTime":45600000,"mTimeUnit":600000,"mWalkTime":41354,"runStep":0,"walkStep":62},{"distance":135.02,"mCalorie":7.84,"mOthersTime":0,"mRunTime":0,"mStartTime":46200000,"mTimeUnit":600000,"mWalkTime":133400,"runStep":0,"walkStep":200},{"distance":245.54,"mCalorie":12.15,"mOthersTime":0,"mRunTime":0,"mStartTime":46800000,"mTimeUnit":600000,"mWalkTime":202708,"runStep":0,"walkStep":336},{"distance":352.42004,"mCalorie":16.689999,"mOthersTime":0,"mRunTime":0,"mStartTime":47400000,"mTimeUnit":600000,"mWalkTime":292693,"runStep":0,"walkStep":467},{"distance":324.28,"mCalorie":17.32,"mOthersTime":0,"mRunTime":0,"mStartTime":49800000,"mTimeUnit":600000,"mWalkTime":276715,"runStep":0,"walkStep":444},{"distance":126.08,"mCalorie":7.03,"mOthersTime":0,"mRunTime":0,"mStartTime":50400000,"mTimeUnit":600000,"mWalkTime":111359,"runStep":0,"walkStep":194},{"distance":224.53001,"mCalorie":10.849999,"mOthersTime":0,"mRunTime":0,"mStartTime":51000000,"mTimeUnit":600000,"mWalkTime":188671,"runStep":0,"walkStep":303},{"distance":52.61,"mCalorie":2.76,"mOthersTime":0,"mRunTime":0,"mStartTime":51600000,"mTimeUnit":600000,"mWalkTime":49358,"runStep":0,"walkStep":74},{"distance":214.25,"mCalorie":11.400001,"mOthersTime":0,"mRunTime":0,"mStartTime":52200000,"mTimeUnit":600000,"mWalkTime":198766,"runStep":0,"walkStep":298},{"distance":164.822,"mCalorie":8.549999,"mOthersTime":0,"mRunTime":0,"mStartTime":52800000,"mTimeUnit":600000,"mWalkTime":152076,"runStep":0,"walkStep":228},{"distance":114.3,"mCalorie":6.0699997,"mOthersTime":0,"mRunTime":400,"mStartTime":53400000,"mTimeUnit":600000,"mWalkTime":101384,"runStep":1,"walkStep":152},{"distance":217.46999,"mCalorie":10.77,"mOthersTime":0,"mRunTime":400,"mStartTime":54000000,"mTimeUnit":600000,"mWalkTime":194097,"runStep":1,"walkStep":291},{"distance":242.51999,"mCalorie":12.67,"mOthersTime":0,"mRunTime":0,"mStartTime":54600000,"mTimeUnit":600000,"mWalkTime":221444,"runStep":0,"walkStep":332},{"distance":193.54901,"mCalorie":9.91,"mOthersTime":0,"mRunTime":0,"mStartTime":57000000,"mTimeUnit":600000,"mWalkTime":162718,"runStep":0,"walkStep":261},{"distance":50.03,"mCalorie":2.37,"mOthersTime":0,"mRunTime":0,"mStartTime":57600000,"mTimeUnit":600000,"mWalkTime":44689,"runStep":0,"walkStep":67},{"distance":265.76,"mCalorie":12.65,"mOthersTime":0,"mRunTime":0,"mStartTime":58200000,"mTimeUnit":600000,"mWalkTime":230085,"runStep":0,"walkStep":353},{"distance":235.67001,"mCalorie":10.35,"mOthersTime":0,"mRunTime":0,"mStartTime":59400000,"mTimeUnit":600000,"mWalkTime":193400,"runStep":0,"walkStep":308},{"distance":146.95335,"mCalorie":9.380877,"mOthersTime":23715,"mRunTime":0,"mStartTime":60000000,"mTimeUnit":600000,"mWalkTime":131306,"runStep":0,"walkStep":202},{"distance":6.0710397,"mCalorie":50.736084,"mOthersTime":576285,"mRunTime":0,"mStartTime":60600000,"mTimeUnit":600000,"mWalkTime":5272,"runStep":14,"walkStep":466},{"distance":24.259998,"mCalorie":1.41,"mOthersTime":0,"mRunTime":0,"mStartTime":61200000,"mTimeUnit":600000,"mWalkTime":23345,"runStep":0,"walkStep":35},{"distance":63.47,"mCalorie":3.26,"mOthersTime":0,"mRunTime":800,"mStartTime":61800000,"mTimeUnit":600000,"mWalkTime":56028,"runStep":2,"walkStep":84},{"distance":35.71,"mCalorie":2.2199998,"mOthersTime":0,"mRunTime":3200,"mStartTime":62400000,"mTimeUnit":600000,"mWalkTime":22678,"runStep":8,"walkStep":34},{"distance":17.650002,"mCalorie":0.82,"mOthersTime":0,"mRunTime":0,"mStartTime":63000000,"mTimeUnit":600000,"mWalkTime":15341,"runStep":0,"walkStep":23},{"distance":10.22,"mCalorie":0.59,"mOthersTime":0,"mRunTime":0,"mStartTime":63600000,"mTimeUnit":600000,"mWalkTime":10005,"runStep":0,"walkStep":15},{"distance":27.470001,"mCalorie":1.29,"mOthersTime":0,"mRunTime":0,"mStartTime":64200000,"mTimeUnit":600000,"mWalkTime":24679,"runStep":0,"walkStep":37},{"distance":39.52,"mCalorie":1.57,"mOthersTime":0,"mRunTime":0,"mStartTime":64800000,"mTimeUnit":600000,"mWalkTime":32683,"runStep":0,"walkStep":49},{"distance":27.5,"mCalorie":1.29,"mOthersTime":0,"mRunTime":0,"mStartTime":65400000,"mTimeUnit":600000,"mWalkTime":24012,"runStep":0,"walkStep":36},{"distance":24.08,"mCalorie":1.57,"mOthersTime":0,"mRunTime":2000,"mStartTime":66000000,"mTimeUnit":600000,"mWalkTime":14674,"runStep":5,"walkStep":22},{"distance":19.810001,"mCalorie":1.01,"mOthersTime":0,"mRunTime":0,"mStartTime":66600000,"mTimeUnit":600000,"mWalkTime":18009,"runStep":0,"walkStep":27},{"distance":35.71,"mCalorie":2.07,"mOthersTime":0,"mRunTime":1600,"mStartTime":67200000,"mTimeUnit":600000,"mWalkTime":28681,"runStep":4,"walkStep":43},{"distance":60.54,"mCalorie":2.98,"mOthersTime":0,"mRunTime":0,"mStartTime":67800000,"mTimeUnit":600000,"mWalkTime":54694,"runStep":0,"walkStep":82},{"distance":55.43,"mCalorie":2.6,"mOthersTime":0,"mRunTime":0,"mStartTime":68400000,"mTimeUnit":600000,"mWalkTime":49358,"runStep":0,"walkStep":74},{"distance":126.68,"mCalorie":6.77,"mOthersTime":0,"mRunTime":1600,"mStartTime":69000000,"mTimeUnit":600000,"mWalkTime":112056,"runStep":4,"walkStep":168},{"distance":279.68997,"mCalorie":13.74,"mOthersTime":0,"mRunTime":0,"mStartTime":69600000,"mTimeUnit":600000,"mWalkTime":236088,"runStep":0,"walkStep":372},{"distance":26.86,"mCalorie":2.13,"mOthersTime":0,"mRunTime":0,"mStartTime":70200000,"mTimeUnit":600000,"mWalkTime":28014,"runStep":0,"walkStep":42},{"distance":127.68301,"mCalorie":6.7599998,"mOthersTime":0,"mRunTime":0,"mStartTime":70800000,"mTimeUnit":600000,"mWalkTime":120060,"runStep":0,"walkStep":180},{"distance":9.46,"mCalorie":0.44,"mOthersTime":0,"mRunTime":0,"mStartTime":72600000,"mTimeUnit":600000,"mWalkTime":8671,"runStep":0,"walkStep":13},{"distance":8.15,"mCalorie":0.38,"mOthersTime":0,"mRunTime":0,"mStartTime":73800000,"mTimeUnit":600000,"mWalkTime":7337,"runStep":0,"walkStep":11},{"distance":23.23,"mCalorie":1.22,"mOthersTime":0,"mRunTime":0,"mStartTime":74400000,"mTimeUnit":600000,"mWalkTime":21344,"runStep":0,"walkStep":32},{"distance":98.654,"mCalorie":16.55627,"mOthersTime":84965,"mRunTime":2400,"mStartTime":75000000,"mTimeUnit":600000,"mWalkTime":88711,"runStep":6,"walkStep":133},{"distance":25.999,"mCalorie":69.78372,"mOthersTime":515035,"mRunTime":0,"mStartTime":75600000,"mTimeUnit":600000,"mWalkTime":24679,"runStep":0,"walkStep":73},{"distance":59.320004,"mCalorie":2.78,"mOthersTime":0,"mRunTime":0,"mStartTime":76200000,"mTimeUnit":600000,"mWalkTime":53360,"runStep":0,"walkStep":80},{"distance":29.36,"mCalorie":1.43,"mOthersTime":0,"mRunTime":0,"mStartTime":76800000,"mTimeUnit":600000,"mWalkTime":26680,"runStep":0,"walkStep":40},{"distance":59.77,"mCalorie":3.02,"mOthersTime":0,"mRunTime":0,"mStartTime":78000000,"mTimeUnit":600000,"mWalkTime":55361,"runStep":0,"walkStep":83},{"distance":46.02,"mCalorie":2.33,"mOthersTime":0,"mRunTime":0,"mStartTime":78600000,"mTimeUnit":600000,"mWalkTime":42021,"runStep":0,"walkStep":63},{"distance":35.21,"mCalorie":1.88,"mOthersTime":0,"mRunTime":2000,"mStartTime":80400000,"mTimeUnit":600000,"mWalkTime":26013,"runStep":5,"walkStep":39},{"distance":219.36,"mCalorie":12.32,"mOthersTime":0,"mRunTime":0,"mStartTime":81000000,"mTimeUnit":600000,"mWalkTime":202768,"runStep":0,"walkStep":304},{"distance":176.94,"mCalorie":9.750001,"mOthersTime":0,"mRunTime":0,"mStartTime":81600000,"mTimeUnit":600000,"mWalkTime":165416,"runStep":0,"walkStep":248},{"distance":166.35999,"mCalorie":8.940001,"mOthersTime":0,"mRunTime":0,"mStartTime":84000000,"mTimeUnit":600000,"mWalkTime":154744,"runStep":0,"walkStep":232},{"distance":157.42,"mCalorie":8.6,"mOthersTime":0,"mRunTime":400,"mStartTime":84600000,"mTimeUnit":600000,"mWalkTime":144739,"runStep":1,"walkStep":217},{"distance":80.799995,"mCalorie":4.5,"mOthersTime":0,"mRunTime":3200,"mStartTime":85200000,"mTimeUnit":600000,"mWalkTime":64699,"runStep":8,"walkStep":97}],"version":1}