{"mAdaptiveGoal":0,"mIsGoalAchieved":false,"mIsMostActiveAchieved":false,"mMostActiveMinutes":0,"mStreakDayCount":0,"mUnitDataList":[{"distance":28.300999,"mCalorie":1.23,"mOthersTime":0,"mRunTime":0,"mStartTime":7200000,"mTimeUnit":600000,"mWalkTime":24679,"runStep":0,"walkStep":37},{"distance":43.1,"mCalorie":2.3899999,"mOthersTime":0,"mRunTime":800,"mStartTime":23400000,"mTimeUnit":600000,"mWalkTime":36018,"runStep":2,"walkStep":54},{"distance":59.209,"mCalorie":2.9299998,"mOthersTime":0,"mRunTime":1600,"mStartTime":24000000,"mTimeUnit":600000,"mWalkTime":48691,"runStep":4,"walkStep":73},{"distance":59.66,"mCalorie":2.83,"mOthersTime":0,"mRunTime":0,"mStartTime":24600000,"mTimeUnit":600000,"mWalkTime":52693,"runStep":0,"walkStep":79},{"distance":347.71,"mCalorie":17.789999,"mOthersTime":0,"mRunTime":0,"mStartTime":25200000,"mTimeUnit":600000,"mWalkTime":291389,"runStep":0,"walkStep":469},{"distance":55.181,"mCalorie":2.66,"mOthersTime":0,"mRunTime":0,"mStartTime":25800000,"mTimeUnit":600000,"mWalkTime":49358,"runStep":0,"walkStep":74},{"distance":14.039999,"mCalorie":0.63,"mOthersTime":0,"mRunTime":0,"mStartTime":26400000,"mTimeUnit":600000,"mWalkTime":12006,"runStep":0,"walkStep":18},{"distance":19.849998,"mCalorie":1.08,"mOthersTime":0,"mRunTime":0,"mStartTime":27600000,"mTimeUnit":600000,"mWalkTime":18676,"runStep":0,"walkStep":28},{"distance":400.68002,"mCalorie":20.99,"mOthersTime":0,"mRunTime":0,"mStartTime":28200000,"mTimeUnit":600000,"mWalkTime":348781,"runStep":0,"walkStep":542},{"distance":58.96,"mCalorie":3.0899997,"mOthersTime":0,"mRunTime":0,"mStartTime":28800000,"mTimeUnit":600000,"mWalkTime":54694,"runStep":0,"walkStep":82},{"distance":135.85,"mCalorie":7.15,"mOthersTime":0,"mRunTime":0,"mStartTime":29400000,"mTimeUnit":600000,"mWalkTime":124729,"runStep":0,"walkStep":187},{"distance":8.03,"mCalorie":0.49,"mOthersTime":0,"mRunTime":0,"mStartTime":30000000,"mTimeUnit":600000,"mWalkTime":7337,"runStep":0,"walkStep":11},{"distance":92.89,"mCalorie":4.56,"mOthersTime":0,"mRunTime":0,"mStartTime":30600000,"mTimeUnit":600000,"mWalkTime":84709,"runStep":0,"walkStep":127},{"distance":48.759003,"mCalorie":2.7000003,"mOthersTime":0,"mRunTime":3200,"mStartTime":31200000,"mTimeUnit":600000,"mWalkTime":34684,"runStep":8,"walkStep":52},{"distance":47.07,"mCalorie":2.5000002,"mOthersTime":0,"mRunTime":2800,"mStartTime":31800000,"mTimeUnit":600000,"mWalkTime":36018,"runStep":7,"walkStep":54},{"distance":135.37201,"mCalorie":6.46,"mOthersTime":0,"mRunTime":0,"mStartTime":33000000,"mTimeUnit":600000,"mWalkTime":123395,"runStep":0,"walkStep":185},{"distance":45.228,"mCalorie":2.3200002,"mOthersTime":0,"mRunTime":2400,"mStartTime":34200000,"mTimeUnit":600000,"mWalkTime":32683,"runStep":6,"walkStep":49},{"distance":37.620003,"mCalorie":1.95,"mOthersTime":0,"mRunTime":0,"mStartTime":35400000,"mTimeUnit":600000,"mWalkTime":35351,"runStep":0,"walkStep":53},{"distance":24.799,"mCalorie":1.2,"mOthersTime":0,"mRunTime":0,"mStartTime":37800000,"mTimeUnit":600000,"mWalkTime":22678,"runStep":0,"walkStep":34},{"distance":91.39001,"mCalorie":4.86,"mOthersTime":0,"mRunTime":800,"mStartTime":38400000,"mTimeUnit":600000,"mWalkTime":78706,"runStep":2,"walkStep":118},{"distance":11.01,"mCalorie":0.57,"mOthersTime":0,"mRunTime":0,"mStartTime":39000000,"mTimeUnit":600000,"mWalkTime":10005,"runStep":0,"walkStep":15},{"distance":9.55,"mCalorie":0.48,"mOthersTime":0,"mRunTime":0,"mStartTime":39600000,"mTimeUnit":600000,"mWalkTime":8004,"runStep":0,"walkStep":12},{"distance":96.993004,"mCalorie":4.75,"mOthersTime":0,"mRunTime":0,"mStartTime":40800000,"mTimeUnit":600000,"mWalkTime":87377,"runStep":0,"walkStep":131},{"distance":106.81,"mCalorie":5.7,"mOthersTime":0,"mRunTime":800,"mStartTime":42000000,"mTimeUnit":600000,"mWalkTime":96715,"runStep":2,"walkStep":145},{"distance":104.45,"mCalorie":6.25,"mOthersTime":0,"mRunTime":0,"mStartTime":42600000,"mTimeUnit":600000,"mWalkTime":99383,"runStep":0,"walkStep":149},{"distance":132.86,"mCalorie":6.8799996,"mOthersTime":0,"mRunTime":0,"mStartTime":43200000,"mTimeUnit":600000,"mWalkTime":115361,"runStep":0,"walkStep":178},{"distance":273.79898,"mCalorie":14.5,"mOthersTime":0,"mRunTime":0,"mStartTime":43800000,"mTimeUnit":600000,"mWalkTime":238726,"runStep":0,"walkStep":373},{"distance":17.17,"mCalorie":0.94,"mOthersTime":0,"mRunTime":0,"mStartTime":44400000,"mTimeUnit":600000,"mWalkTime":16008,"runStep":0,"walkStep":24},{"distance":70.6,"mCalorie":3.42,"mOthersTime":0,"mRunTime":0,"mStartTime":45600000,"mTimeUnit":600000,"mWalkTime":62698,"runStep":0,"walkStep":94},{"distance":282.08902,"mCalorie":14.31,"mOthersTime":0,"mRunTime":0,"mStartTime":46200000,"mTimeUnit":600000,"mWalkTime":260767,"runStep":0,"walkStep":392},{"distance":298.24,"mCalorie":15.530001,"mOthersTime":0,"mRunTime":0,"mStartTime":46800000,"mTimeUnit":600000,"mWalkTime":274774,"runStep":0,"walkStep":416},{"distance":28.28,"mCalorie":1.1600001,"mOthersTime":0,"mRunTime":0,"mStartTime":48600000,"mTimeUnit":600000,"mWalkTime":24012,"runStep":0,"walkStep":36},{"distance":37.66,"mCalorie":1.99,"mOthersTime":0,"mRunTime":0,"mStartTime":49200000,"mTimeUnit":600000,"mWalkTime":34684,"runStep":0,"walkStep":52},{"distance":175.14,"mCalorie":8.75,"mOthersTime":0,"mRunTime":0,"mStartTime":49800000,"mTimeUnit":600000,"mWalkTime":134674,"runStep":0,"walkStep":236},{"distance":110.141,"mCalorie":5.6400003,"mOthersTime":0,"mRunTime":0,"mStartTime":50400000,"mTimeUnit":600000,"mWalkTime":100050,"runStep":0,"walkStep":150},{"distance":50.98,"mCalorie":2.5500002,"mOthersTime":0,"mRunTime":0,"mStartTime":51000000,"mTimeUnit":600000,"mWalkTime":46690,"runStep":0,"walkStep":70},{"distance":46.99,"mCalorie":2.33,"mOthersTime":0,"mRunTime":0,"mStartTime":52200000,"mTimeUnit":600000,"mWalkTime":42688,"runStep":0,"walkStep":64},{"distance":21.12,"mCalorie":1.16,"mOthersTime":0,"mRunTime":0,"mStartTime":52800000,"mTimeUnit":600000,"mWalkTime":20010,"runStep":0,"walkStep":30},{"distance":8.15,"mCalorie":0.27,"mOthersTime":0,"mRunTime":0,"mStartTime":54000000,"mTimeUnit":600000,"mWalkTime":6670,"runStep":0,"walkStep":10},{"distance":154.051,"mCalorie":7.7499995,"mOthersTime":0,"mRunTime":0,"mStartTime":54600000,"mTimeUnit":600000,"mWalkTime":134037,"runStep":0,"walkStep":210},{"distance":184.06,"mCalorie":9.63,"mOthersTime":0,"mRunTime":0,"mStartTime":55200000,"mTimeUnit":600000,"mWalkTime":166053,"runStep":0,"walkStep":252},{"distance":7.42,"mCalorie":0.37,"mOthersTime":0,"mRunTime":0,"mStartTime":55800000,"mTimeUnit":600000,"mWalkTime":6670,"runStep":0,"walkStep":10},{"distance":13.96,"mCalorie":0.7,"mOthersTime":0,"mRunTime":0,"mStartTime":56400000,"mTimeUnit":600000,"mWalkTime":12673,"runStep":0,"walkStep":19},{"distance":162.051,"mCalorie":8.33,"mOthersTime":0,"mRunTime":400,"mStartTime":57600000,"mTimeUnit":600000,"mWalkTime":133370,"runStep":1,"walkStep":214},{"distance":19.37,"mCalorie":0.97,"mOthersTime":0,"mRunTime":0,"mStartTime":58200000,"mTimeUnit":600000,"mWalkTime":17342,"runStep":0,"walkStep":26},{"distance":19.39,"mCalorie":1.03,"mOthersTime":0,"mRunTime":0,"mStartTime":58800000,"mTimeUnit":600000,"mWalkTime":18009,"runStep":0,"walkStep":27},{"distance":52.97,"mCalorie":2.74,"mOthersTime":0,"mRunTime":400,"mStartTime":60000000,"mTimeUnit":600000,"mWalkTime":45356,"runStep":1,"walkStep":68},{"distance":11.94,"mCalorie":0.9,"mOthersTime":0,"mRunTime":400,"mStartTime":60600000,"mTimeUnit":600000,"mWalkTime":9338,"runStep":1,"walkStep":14},{"distance":8.799,"mCalorie":0.52,"mOthersTime":0,"mRunTime":0,"mStartTime":61200000,"mTimeUnit":600000,"mWalkTime":8671,"runStep":0,"walkStep":13},{"distance":27.12,"mCalorie":1.59,"mOthersTime":0,"mRunTime":1200,"mStartTime":62400000,"mTimeUnit":600000,"mWalkTime":20677,"runStep":3,"walkStep":31},{"distance":6.94,"mCalorie":0.36,"mOthersTime":0,"mRunTime":0,"mStartTime":63000000,"mTimeUnit":600000,"mWalkTime":6670,"runStep":0,"walkStep":10},{"distance":9.79,"mCalorie":0.37,"mOthersTime":0,"mRunTime":0,"mStartTime":64800000,"mTimeUnit":600000,"mWalkTime":8671,"runStep":0,"walkStep":13},{"distance":41.331,"mCalorie":1.88,"mOthersTime":0,"mRunTime":0,"mStartTime":66000000,"mTimeUnit":600000,"mWalkTime":37352,"runStep":0,"walkStep":56},{"distance":18.01,"mCalorie":1.19,"mOthersTime":0,"mRunTime":2400,"mStartTime":70800000,"mTimeUnit":600000,"mWalkTime":6670,"runStep":6,"walkStep":10},{"distance":8.8,"mCalorie":0.49,"mOthersTime":0,"mRunTime":0,"mStartTime":71400000,"mTimeUnit":600000,"mWalkTime":8671,"runStep":0,"walkStep":13},{"distance":8.04,"mCalorie":0.39,"mOthersTime":0,"mRunTime":0,"mStartTime":79200000,"mTimeUnit":600000,"mWalkTime":7337,"runStep":0,"walkStep":11},{"distance":43.35,"mCalorie":2.12,"mOthersTime":0,"mRunTime":0,"mStartTime":79800000,"mTimeUnit":600000,"mWalkTime":38019,"runStep":0,"walkStep":57}],"version":1}