{"mActivityList":[{"mActiveTime":2848168,"mActiveTimeType":0,"mCalorie":237.0,"mCategory":204,"mDetailInfoId":"49037c22-d37a-fa59-c4d8-d7275d1aecf6","mDistance":3065.38,"mDuration":2848168,"mEndTime":55344496,"mStartTime":52496328,"mType":1001}],"mAdaptiveGoal":0,"mIsGoalAchieved":false,"mIsMostActiveAchieved":false,"mMostActiveMinutes":0,"mStreakDayCount":0,"mUnitDataList":[{"distance":38.84,"mCalorie":2.51,"mOthersTime":0,"mRunTime":5200,"mStartTime":13200000,"mTimeUnit":600000,"mWalkTime":22011,"runStep":13,"walkStep":33},{"distance":60.381996,"mCalorie":3.6299999,"mOthersTime":0,"mRunTime":3600,"mStartTime":21000000,"mTimeUnit":600000,"mWalkTime":46690,"runStep":9,"walkStep":70},{"distance":117.429,"mCalorie":5.9400005,"mOthersTime":0,"mRunTime":0,"mStartTime":21600000,"mTimeUnit":600000,"mWalkTime":111389,"runStep":0,"walkStep":167},{"distance":101.131004,"mCalorie":4.71,"mOthersTime":0,"mRunTime":0,"mStartTime":22200000,"mTimeUnit":600000,"mWalkTime":92046,"runStep":0,"walkStep":138},{"distance":136.95001,"mCalorie":6.51,"mOthersTime":0,"mRunTime":0,"mStartTime":24000000,"mTimeUnit":600000,"mWalkTime":113360,"runStep":0,"walkStep":186},{"distance":24.58,"mCalorie":1.39,"mOthersTime":0,"mRunTime":0,"mStartTime":24600000,"mTimeUnit":600000,"mWalkTime":24012,"runStep":0,"walkStep":36},{"distance":18.962,"mCalorie":0.801,"mOthersTime":0,"mRunTime":0,"mStartTime":25200000,"mTimeUnit":600000,"mWalkTime":16675,"runStep":0,"walkStep":25},{"distance":31.96,"mCalorie":1.55,"mOthersTime":0,"mRunTime":0,"mStartTime":33000000,"mTimeUnit":600000,"mWalkTime":28681,"runStep":0,"walkStep":43},{"distance":26.93,"mCalorie":1.52,"mOthersTime":0,"mRunTime":0,"mStartTime":33600000,"mTimeUnit":600000,"mWalkTime":26013,"runStep":0,"walkStep":39},{"distance":29.571,"mCalorie":1.42,"mOthersTime":0,"mRunTime":0,"mStartTime":37800000,"mTimeUnit":600000,"mWalkTime":26680,"runStep":0,"walkStep":40},{"distance":36.69,"mCalorie":1.56,"mOthersTime":0,"mRunTime":0,"mStartTime":38400000,"mTimeUnit":600000,"mWalkTime":31349,"runStep":0,"walkStep":47},{"distance":4.73,"mCalorie":0.35,"mOthersTime":0,"mRunTime":0,"mStartTime":39000000,"mTimeUnit":600000,"mWalkTime":4669,"runStep":0,"walkStep":7},{"distance":50.55,"mCalorie":2.6100001,"mOthersTime":0,"mRunTime":0,"mStartTime":40200000,"mTimeUnit":600000,"mWalkTime":46023,"runStep":0,"walkStep":69},{"distance":43.301,"mCalorie":2.47,"mOthersTime":0,"mRunTime":4000,"mStartTime":41400000,"mTimeUnit":600000,"mWalkTime":30682,"runStep":10,"walkStep":46},{"distance":60.992,"mCalorie":3.6399999,"mOthersTime":0,"mRunTime":2800,"mStartTime":42000000,"mTimeUnit":600000,"mWalkTime":46690,"runStep":7,"walkStep":70},{"distance":56.23,"mCalorie":2.8999999,"mOthersTime":0,"mRunTime":0,"mStartTime":42600000,"mTimeUnit":600000,"mWalkTime":51359,"runStep":0,"walkStep":77},{"distance":102.61,"mCalorie":5.62,"mOthersTime":0,"mRunTime":2800,"mStartTime":43200000,"mTimeUnit":600000,"mWalkTime":87377,"runStep":7,"walkStep":131},{"distance":52.19,"mCalorie":2.77,"mOthersTime":0,"mRunTime":0,"mStartTime":43800000,"mTimeUnit":600000,"mWalkTime":48691,"runStep":0,"walkStep":73},{"distance":134.85,"mCalorie":7.43,"mOthersTime":0,"mRunTime":0,"mStartTime":44400000,"mTimeUnit":600000,"mWalkTime":126063,"runStep":0,"walkStep":189},{"distance":207.008,"mCalorie":10.82,"mOthersTime":0,"mRunTime":0,"mStartTime":46800000,"mTimeUnit":600000,"mWalkTime":187397,"runStep":0,"walkStep":286},{"distance":157.13998,"mCalorie":7.74,"mOthersTime":0,"mRunTime":0,"mStartTime":47400000,"mTimeUnit":600000,"mWalkTime":129368,"runStep":0,"walkStep":210},{"distance":23.310001,"mCalorie":1.1800001,"mOthersTime":0,"mRunTime":0,"mStartTime":48000000,"mTimeUnit":600000,"mWalkTime":21344,"runStep":0,"walkStep":32},{"distance":15.130002,"mCalorie":0.8200001,"mOthersTime":0,"mRunTime":0,"mStartTime":49800000,"mTimeUnit":600000,"mWalkTime":14007,"runStep":0,"walkStep":21},{"distance":44.199997,"mCalorie":2.33,"mOthersTime":0,"mRunTime":0,"mStartTime":50400000,"mTimeUnit":600000,"mWalkTime":40687,"runStep":0,"walkStep":61},{"distance":12.98,"mCalorie":0.66999996,"mOthersTime":0,"mRunTime":0,"mStartTime":51000000,"mTimeUnit":600000,"mWalkTime":12006,"runStep":0,"walkStep":18},{"distance":18.29,"mCalorie":0.93,"mOthersTime":0,"mRunTime":0,"mStartTime":51600000,"mTimeUnit":600000,"mWalkTime":16675,"runStep":0,"walkStep":25},{"distance":371.01312,"mCalorie":27.24635,"mOthersTime":0,"mRunTime":0,"mStartTime":52200000,"mTimeUnit":600000,"mWalkTime":341473,"runStep":0,"walkStep":370},{"distance":645.75824,"mCalorie":49.92683,"mOthersTime":0,"mRunTime":0,"mStartTime":52800000,"mTimeUnit":600000,"mWalkTime":600000,"runStep":0,"walkStep":998},{"distance":645.75824,"mCalorie":49.92683,"mOthersTime":0,"mRunTime":0,"mStartTime":53400000,"mTimeUnit":600000,"mWalkTime":600000,"runStep":0,"walkStep":1006},{"distance":645.75824,"mCalorie":49.92683,"mOthersTime":0,"mRunTime":0,"mStartTime":54000000,"mTimeUnit":600000,"mWalkTime":600000,"runStep":0,"walkStep":1006},{"distance":645.75824,"mCalorie":49.92683,"mOthersTime":0,"mRunTime":0,"mStartTime":54600000,"mTimeUnit":600000,"mWalkTime":600000,"runStep":0,"walkStep":926},{"distance":165.5258,"mCalorie":12.473712,"mOthersTime":0,"mRunTime":0,"mStartTime":55200000,"mTimeUnit":600000,"mWalkTime":153167,"runStep":0,"walkStep":74},{"distance":30.05,"mCalorie":1.66,"mOthersTime":0,"mRunTime":0,"mStartTime":55800000,"mTimeUnit":600000,"mWalkTime":28014,"runStep":0,"walkStep":42},{"distance":38.42,"mCalorie":2.1299999,"mOthersTime":0,"mRunTime":800,"mStartTime":56400000,"mTimeUnit":600000,"mWalkTime":34017,"runStep":2,"walkStep":51},{"distance":29.32,"mCalorie":1.4699999,"mOthersTime":0,"mRunTime":0,"mStartTime":57000000,"mTimeUnit":600000,"mWalkTime":26680,"runStep":0,"walkStep":40},{"distance":17.03,"mCalorie":0.89,"mOthersTime":0,"mRunTime":0,"mStartTime":57600000,"mTimeUnit":600000,"mWalkTime":16008,"runStep":0,"walkStep":24},{"distance":7.9,"mCalorie":0.3,"mOthersTime":0,"mRunTime":0,"mStartTime":62400000,"mTimeUnit":600000,"mWalkTime":6670,"runStep":0,"walkStep":10},{"distance":16.291,"mCalorie":0.74,"mOthersTime":0,"mRunTime":0,"mStartTime":63000000,"mTimeUnit":600000,"mWalkTime":14674,"runStep":0,"walkStep":22},{"distance":120.96001,"mCalorie":7.519999,"mOthersTime":0,"mRunTime":5200,"mStartTime":63600000,"mTimeUnit":600000,"mWalkTime":106053,"runStep":13,"walkStep":159},{"distance":122.73001,"mCalorie":7.1600003,"mOthersTime":0,"mRunTime":0,"mStartTime":64200000,"mTimeUnit":600000,"mWalkTime":108721,"runStep":0,"walkStep":163},{"distance":27.279,"mCalorie":1.25,"mOthersTime":0,"mRunTime":0,"mStartTime":64800000,"mTimeUnit":600000,"mWalkTime":23345,"runStep":0,"walkStep":35},{"distance":20.79,"mCalorie":1.08,"mOthersTime":0,"mRunTime":0,"mStartTime":66000000,"mTimeUnit":600000,"mWalkTime":18676,"runStep":0,"walkStep":28},{"distance":105.39,"mCalorie":5.5,"mOthersTime":0,"mRunTime":800,"mStartTime":66600000,"mTimeUnit":600000,"mWalkTime":83375,"runStep":2,"walkStep":125},{"distance":35.22,"mCalorie":1.78,"mOthersTime":0,"mRunTime":0,"mStartTime":67200000,"mTimeUnit":600000,"mWalkTime":32016,"runStep":0,"walkStep":48},{"distance":54.329998,"mCalorie":2.51,"mOthersTime":0,"mRunTime":0,"mStartTime":67800000,"mTimeUnit":600000,"mWalkTime":48024,"runStep":0,"walkStep":72},{"distance":37.15,"mCalorie":1.8399999,"mOthersTime":0,"mRunTime":0,"mStartTime":68400000,"mTimeUnit":600000,"mWalkTime":33350,"runStep":0,"walkStep":50},{"distance":74.53,"mCalorie":3.61,"mOthersTime":0,"mRunTime":0,"mStartTime":69000000,"mTimeUnit":600000,"mWalkTime":66700,"runStep":0,"walkStep":100},{"distance":228.42,"mCalorie":13.710001,"mOthersTime":0,"mRunTime":0,"mStartTime":69600000,"mTimeUnit":600000,"mWalkTime":216108,"runStep":0,"walkStep":324},{"distance":250.53001,"mCalorie":13.370001,"mOthersTime":0,"mRunTime":2800,"mStartTime":70200000,"mTimeUnit":600000,"mWalkTime":200737,"runStep":7,"walkStep":322},{"distance":9.47,"mCalorie":0.54,"mOthersTime":0,"mRunTime":0,"mStartTime":72000000,"mTimeUnit":600000,"mWalkTime":9338,"runStep":0,"walkStep":14},{"distance":123.729996,"mCalorie":6.299999,"mOthersTime":0,"mRunTime":0,"mStartTime":72600000,"mTimeUnit":600000,"mWalkTime":111389,"runStep":0,"walkStep":167},{"distance":75.41,"mCalorie":3.8100002,"mOthersTime":0,"mRunTime":0,"mStartTime":73200000,"mTimeUnit":600000,"mWalkTime":68034,"runStep":0,"walkStep":102},{"distance":7.52,"mCalorie":0.38,"mOthersTime":0,"mRunTime":0,"mStartTime":73800000,"mTimeUnit":600000,"mWalkTime":6670,"runStep":0,"walkStep":10},{"distance":7.22,"mCalorie":0.37,"mOthersTime":0,"mRunTime":0,"mStartTime":74400000,"mTimeUnit":600000,"mWalkTime":6670,"runStep":0,"walkStep":10},{"distance":24.42,"mCalorie":1.1800001,"mOthersTime":0,"mRunTime":0,"mStartTime":75000000,"mTimeUnit":600000,"mWalkTime":22011,"runStep":0,"walkStep":33},{"distance":78.5,"mCalorie":3.69,"mOthersTime":0,"mRunTime":0,"mStartTime":78000000,"mTimeUnit":600000,"mWalkTime":70702,"runStep":0,"walkStep":106},{"distance":71.520004,"mCalorie":3.5499997,"mOthersTime":0,"mRunTime":800,"mStartTime":78600000,"mTimeUnit":600000,"mWalkTime":65366,"runStep":2,"walkStep":98},{"distance":70.981,"mCalorie":3.68,"mOthersTime":0,"mRunTime":2000,"mStartTime":79200000,"mTimeUnit":600000,"mWalkTime":58696,"runStep":5,"walkStep":88},{"distance":9.39,"mCalorie":0.54,"mOthersTime":0,"mRunTime":0,"mStartTime":80400000,"mTimeUnit":600000,"mWalkTime":8004,"runStep":0,"walkStep":12}],"version":1}