{"mAdaptiveGoal":0,"mIsGoalAchieved":false,"mIsMostActiveAchieved":false,"mMostActiveMinutes":0,"mStreakDayCount":0,"mUnitDataList":[{"distance":15.88,"mCalorie":0.88,"mOthersTime":0,"mRunTime":0,"mStartTime":27600000,"mTimeUnit":600000,"mWalkTime":15341,"runStep":0,"walkStep":23},{"distance":10.98,"mCalorie":0.55,"mOthersTime":0,"mRunTime":0,"mStartTime":28800000,"mTimeUnit":600000,"mWalkTime":10005,"runStep":0,"walkStep":15},{"distance":116.6,"mCalorie":7.09,"mOthersTime":0,"mRunTime":0,"mStartTime":29400000,"mTimeUnit":600000,"mWalkTime":112056,"runStep":0,"walkStep":168},{"distance":61.88,"mCalorie":3.87,"mOthersTime":0,"mRunTime":0,"mStartTime":30600000,"mTimeUnit":600000,"mWalkTime":68034,"runStep":0,"walkStep":102},{"distance":187.26,"mCalorie":10.929999,"mOthersTime":0,"mRunTime":0,"mStartTime":31200000,"mTimeUnit":600000,"mWalkTime":184092,"runStep":0,"walkStep":276},{"distance":282.53,"mCalorie":13.920001,"mOthersTime":0,"mRunTime":0,"mStartTime":32400000,"mTimeUnit":600000,"mWalkTime":227387,"runStep":0,"walkStep":374},{"distance":303.17996,"mCalorie":16.33,"mOthersTime":0,"mRunTime":0,"mStartTime":33000000,"mTimeUnit":600000,"mWalkTime":266103,"runStep":0,"walkStep":414},{"distance":147.0,"mCalorie":7.8099995,"mOthersTime":0,"mRunTime":0,"mStartTime":33600000,"mTimeUnit":600000,"mWalkTime":134734,"runStep":0,"walkStep":202},{"distance":189.94,"mCalorie":10.15,"mOthersTime":0,"mRunTime":0,"mStartTime":34200000,"mTimeUnit":600000,"mWalkTime":151349,"runStep":0,"walkStep":255},{"distance":23.560001,"mCalorie":1.17,"mOthersTime":0,"mRunTime":0,"mStartTime":34800000,"mTimeUnit":600000,"mWalkTime":21344,"runStep":0,"walkStep":32},{"distance":116.32,"mCalorie":6.23,"mOthersTime":0,"mRunTime":0,"mStartTime":35400000,"mTimeUnit":600000,"mWalkTime":108054,"runStep":0,"walkStep":162},{"distance":23.71,"mCalorie":1.24,"mOthersTime":0,"mRunTime":0,"mStartTime":36000000,"mTimeUnit":600000,"mWalkTime":22011,"runStep":0,"walkStep":33},{"distance":353.31003,"mCalorie":18.859999,"mOthersTime":0,"mRunTime":0,"mStartTime":36600000,"mTimeUnit":600000,"mWalkTime":286720,"runStep":0,"walkStep":475},{"distance":31.779999,"mCalorie":1.6700001,"mOthersTime":0,"mRunTime":0,"mStartTime":37200000,"mTimeUnit":600000,"mWalkTime":29348,"runStep":0,"walkStep":44},{"distance":40.54,"mCalorie":2.15,"mOthersTime":0,"mRunTime":0,"mStartTime":37800000,"mTimeUnit":600000,"mWalkTime":37352,"runStep":0,"walkStep":56},{"distance":477.51,"mCalorie":25.35,"mOthersTime":0,"mRunTime":0,"mStartTime":39000000,"mTimeUnit":600000,"mWalkTime":400747,"runStep":0,"walkStep":644},{"distance":39.95,"mCalorie":1.99,"mOthersTime":0,"mRunTime":0,"mStartTime":39600000,"mTimeUnit":600000,"mWalkTime":36018,"runStep":0,"walkStep":54},{"distance":19.57,"mCalorie":0.91,"mOthersTime":0,"mRunTime":0,"mStartTime":40800000,"mTimeUnit":600000,"mWalkTime":17342,"runStep":0,"walkStep":26},{"distance":16.03,"mCalorie":0.81999993,"mOthersTime":0,"mRunTime":0,"mStartTime":41400000,"mTimeUnit":600000,"mWalkTime":14674,"runStep":0,"walkStep":22},{"distance":33.129997,"mCalorie":1.6800001,"mOthersTime":0,"mRunTime":0,"mStartTime":43800000,"mTimeUnit":600000,"mWalkTime":30015,"runStep":0,"walkStep":45},{"distance":73.5,"mCalorie":4.15,"mOthersTime":0,"mRunTime":0,"mStartTime":45600000,"mTimeUnit":600000,"mWalkTime":69368,"runStep":0,"walkStep":104},{"distance":82.28001,"mCalorie":4.25,"mOthersTime":0,"mRunTime":0,"mStartTime":48600000,"mTimeUnit":600000,"mWalkTime":74704,"runStep":0,"walkStep":112},{"distance":80.340004,"mCalorie":4.06,"mOthersTime":0,"mRunTime":0,"mStartTime":49200000,"mTimeUnit":600000,"mWalkTime":72703,"runStep":0,"walkStep":109},{"distance":34.28,"mCalorie":1.72,"mOthersTime":0,"mRunTime":0,"mStartTime":49800000,"mTimeUnit":600000,"mWalkTime":30682,"runStep":0,"walkStep":46},{"distance":25.5,"mCalorie":1.27,"mOthersTime":0,"mRunTime":0,"mStartTime":50400000,"mTimeUnit":600000,"mWalkTime":22678,"runStep":0,"walkStep":34},{"distance":136.03,"mCalorie":7.3,"mOthersTime":0,"mRunTime":0,"mStartTime":51000000,"mTimeUnit":600000,"mWalkTime":125396,"runStep":0,"walkStep":188},{"distance":105.92,"mCalorie":5.72,"mOthersTime":0,"mRunTime":0,"mStartTime":51600000,"mTimeUnit":600000,"mWalkTime":99383,"runStep":0,"walkStep":149},{"distance":13.02,"mCalorie":0.65,"mOthersTime":0,"mRunTime":0,"mStartTime":52200000,"mTimeUnit":600000,"mWalkTime":12006,"runStep":0,"walkStep":18},{"distance":11.55,"mCalorie":0.58,"mOthersTime":0,"mRunTime":0,"mStartTime":52800000,"mTimeUnit":600000,"mWalkTime":10672,"runStep":0,"walkStep":16},{"distance":75.689995,"mCalorie":4.09,"mOthersTime":0,"mRunTime":0,"mStartTime":53400000,"mTimeUnit":600000,"mWalkTime":70702,"runStep":0,"walkStep":106},{"distance":44.15,"mCalorie":2.3,"mOthersTime":0,"mRunTime":0,"mStartTime":54600000,"mTimeUnit":600000,"mWalkTime":40020,"runStep":0,"walkStep":60},{"distance":42.2,"mCalorie":2.24,"mOthersTime":0,"mRunTime":0,"mStartTime":55200000,"mTimeUnit":600000,"mWalkTime":39353,"runStep":0,"walkStep":59},{"distance":80.47,"mCalorie":4.29,"mOthersTime":0,"mRunTime":0,"mStartTime":55800000,"mTimeUnit":600000,"mWalkTime":74704,"runStep":0,"walkStep":112},{"distance":125.05,"mCalorie":6.6600003,"mOthersTime":0,"mRunTime":0,"mStartTime":56400000,"mTimeUnit":600000,"mWalkTime":116058,"runStep":0,"walkStep":174},{"distance":114.259995,"mCalorie":6.0300007,"mOthersTime":0,"mRunTime":0,"mStartTime":57000000,"mTimeUnit":600000,"mWalkTime":106720,"runStep":0,"walkStep":160},{"distance":79.08,"mCalorie":4.2200003,"mOthersTime":0,"mRunTime":0,"mStartTime":57600000,"mTimeUnit":600000,"mWalkTime":68671,"runStep":0,"walkStep":111},{"distance":113.37,"mCalorie":5.8099995,"mOthersTime":0,"mRunTime":0,"mStartTime":58200000,"mTimeUnit":600000,"mWalkTime":101384,"runStep":0,"walkStep":152},{"distance":80.75,"mCalorie":4.19,"mOthersTime":0,"mRunTime":0,"mStartTime":58800000,"mTimeUnit":600000,"mWalkTime":73370,"runStep":0,"walkStep":110},{"distance":53.76,"mCalorie":2.65,"mOthersTime":0,"mRunTime":0,"mStartTime":59400000,"mTimeUnit":600000,"mWalkTime":48024,"runStep":0,"walkStep":72},{"distance":69.3,"mCalorie":3.33,"mOthersTime":0,"mRunTime":0,"mStartTime":60000000,"mTimeUnit":600000,"mWalkTime":62031,"runStep":0,"walkStep":93},{"distance":58.52,"mCalorie":3.04,"mOthersTime":0,"mRunTime":0,"mStartTime":61200000,"mTimeUnit":600000,"mWalkTime":55361,"runStep":0,"walkStep":83},{"distance":185.59,"mCalorie":9.670001,"mOthersTime":0,"mRunTime":0,"mStartTime":61800000,"mTimeUnit":600000,"mWalkTime":170752,"runStep":0,"walkStep":256},{"distance":46.62,"mCalorie":2.4,"mOthersTime":0,"mRunTime":0,"mStartTime":62400000,"mTimeUnit":600000,"mWalkTime":42688,"runStep":0,"walkStep":64},{"distance":42.68,"mCalorie":2.12,"mOthersTime":0,"mRunTime":0,"mStartTime":64200000,"mTimeUnit":600000,"mWalkTime":38019,"runStep":0,"walkStep":57},{"distance":9.68,"mCalorie":0.4,"mOthersTime":0,"mRunTime":0,"mStartTime":64800000,"mTimeUnit":600000,"mWalkTime":8671,"runStep":0,"walkStep":13},{"distance":37.79,"mCalorie":2.1399999,"mOthersTime":0,"mRunTime":0,"mStartTime":65400000,"mTimeUnit":600000,"mWalkTime":35351,"runStep":0,"walkStep":53},{"distance":201.56,"mCalorie":10.71,"mOthersTime":0,"mRunTime":0,"mStartTime":67200000,"mTimeUnit":600000,"mWalkTime":178059,"runStep":0,"walkStep":275},{"distance":93.28,"mCalorie":5.0200005,"mOthersTime":0,"mRunTime":0,"mStartTime":76200000,"mTimeUnit":600000,"mWalkTime":77342,"runStep":0,"walkStep":128},{"distance":70.87,"mCalorie":3.92,"mOthersTime":0,"mRunTime":0,"mStartTime":76800000,"mTimeUnit":600000,"mWalkTime":65366,"runStep":0,"walkStep":98}],"version":1}