{"mAdaptiveGoal":0,"mIsGoalAchieved":false,"mIsMostActiveAchieved":false,"mMostActiveMinutes":0,"mStreakDayCount":0,"mUnitDataList":[{"distance":32.439,"mCalorie":1.8100001,"mOthersTime":0,"mRunTime":2800,"mStartTime":13800000,"mTimeUnit":600000,"mWalkTime":21344,"runStep":7,"walkStep":32},{"distance":9.54,"mCalorie":0.38,"mOthersTime":0,"mRunTime":0,"mStartTime":19800000,"mTimeUnit":600000,"mWalkTime":8004,"runStep":0,"walkStep":12},{"distance":86.92,"mCalorie":3.9699998,"mOthersTime":0,"mRunTime":0,"mStartTime":20400000,"mTimeUnit":600000,"mWalkTime":76705,"runStep":0,"walkStep":115},{"distance":27.84,"mCalorie":1.48,"mOthersTime":0,"mRunTime":0,"mStartTime":21000000,"mTimeUnit":600000,"mWalkTime":26013,"runStep":0,"walkStep":39},{"distance":31.82,"mCalorie":1.47,"mOthersTime":0,"mRunTime":0,"mStartTime":21600000,"mTimeUnit":600000,"mWalkTime":28681,"runStep":0,"walkStep":43},{"distance":75.340004,"mCalorie":3.7799997,"mOthersTime":0,"mRunTime":0,"mStartTime":23400000,"mTimeUnit":600000,"mWalkTime":70035,"runStep":0,"walkStep":105},{"distance":10.03,"mCalorie":0.52,"mOthersTime":0,"mRunTime":0,"mStartTime":24000000,"mTimeUnit":600000,"mWalkTime":9338,"runStep":0,"walkStep":14},{"distance":37.63,"mCalorie":1.8799999,"mOthersTime":0,"mRunTime":0,"mStartTime":24600000,"mTimeUnit":600000,"mWalkTime":34684,"runStep":0,"walkStep":52},{"distance":30.050001,"mCalorie":1.49,"mOthersTime":0,"mRunTime":0,"mStartTime":25200000,"mTimeUnit":600000,"mWalkTime":26680,"runStep":0,"walkStep":40},{"distance":66.08,"mCalorie":3.23,"mOthersTime":0,"mRunTime":400,"mStartTime":31200000,"mTimeUnit":600000,"mWalkTime":58696,"runStep":1,"walkStep":88},{"distance":10.46,"mCalorie":0.57,"mOthersTime":0,"mRunTime":0,"mStartTime":31800000,"mTimeUnit":600000,"mWalkTime":10005,"runStep":0,"walkStep":15},{"distance":21.490002,"mCalorie":1.09,"mOthersTime":0,"mRunTime":800,"mStartTime":32400000,"mTimeUnit":600000,"mWalkTime":18009,"runStep":2,"walkStep":27},{"distance":7.51,"mCalorie":0.31,"mOthersTime":0,"mRunTime":0,"mStartTime":33000000,"mTimeUnit":600000,"mWalkTime":6670,"runStep":0,"walkStep":10},{"distance":25.479996,"mCalorie":1.2200003,"mOthersTime":0,"mRunTime":0,"mStartTime":33600000,"mTimeUnit":600000,"mWalkTime":23345,"runStep":0,"walkStep":35},{"distance":9.93,"mCalorie":0.44,"mOthersTime":0,"mRunTime":0,"mStartTime":38400000,"mTimeUnit":600000,"mWalkTime":8671,"runStep":0,"walkStep":13},{"distance":49.3,"mCalorie":2.22,"mOthersTime":0,"mRunTime":0,"mStartTime":39600000,"mTimeUnit":600000,"mWalkTime":44689,"runStep":0,"walkStep":67},{"distance":55.41,"mCalorie":2.72,"mOthersTime":0,"mRunTime":0,"mStartTime":40800000,"mTimeUnit":600000,"mWalkTime":50692,"runStep":0,"walkStep":76},{"distance":39.55,"mCalorie":2.18,"mOthersTime":0,"mRunTime":0,"mStartTime":41400000,"mTimeUnit":600000,"mWalkTime":37352,"runStep":0,"walkStep":56},{"distance":146.78,"mCalorie":8.070001,"mOthersTime":0,"mRunTime":3200,"mStartTime":42000000,"mTimeUnit":600000,"mWalkTime":124062,"runStep":8,"walkStep":186},{"distance":75.54,"mCalorie":4.18,"mOthersTime":0,"mRunTime":0,"mStartTime":42600000,"mTimeUnit":600000,"mWalkTime":75371,"runStep":0,"walkStep":113},{"distance":151.77,"mCalorie":7.3199997,"mOthersTime":0,"mRunTime":0,"mStartTime":43200000,"mTimeUnit":600000,"mWalkTime":132036,"runStep":0,"walkStep":203},{"distance":39.18,"mCalorie":2.1000001,"mOthersTime":0,"mRunTime":0,"mStartTime":43800000,"mTimeUnit":600000,"mWalkTime":36685,"runStep":0,"walkStep":55},{"distance":19.55,"mCalorie":1.01,"mOthersTime":0,"mRunTime":0,"mStartTime":45000000,"mTimeUnit":600000,"mWalkTime":18009,"runStep":0,"walkStep":27},{"distance":6.78,"mCalorie":0.48,"mOthersTime":0,"mRunTime":0,"mStartTime":45600000,"mTimeUnit":600000,"mWalkTime":6670,"runStep":0,"walkStep":10},{"distance":10.38,"mCalorie":0.47,"mOthersTime":0,"mRunTime":0,"mStartTime":46200000,"mTimeUnit":600000,"mWalkTime":9338,"runStep":0,"walkStep":14},{"distance":114.009995,"mCalorie":5.67,"mOthersTime":0,"mRunTime":0,"mStartTime":46800000,"mTimeUnit":600000,"mWalkTime":102718,"runStep":0,"walkStep":154},{"distance":177.641,"mCalorie":9.28,"mOthersTime":0,"mRunTime":4400,"mStartTime":47400000,"mTimeUnit":600000,"mWalkTime":144709,"runStep":11,"walkStep":217},{"distance":62.099,"mCalorie":3.15,"mOthersTime":0,"mRunTime":0,"mStartTime":48000000,"mTimeUnit":600000,"mWalkTime":57362,"runStep":0,"walkStep":86},{"distance":8.96,"mCalorie":0.47,"mOthersTime":0,"mRunTime":0,"mStartTime":49200000,"mTimeUnit":600000,"mWalkTime":8671,"runStep":0,"walkStep":13},{"distance":9.94,"mCalorie":0.48,"mOthersTime":0,"mRunTime":0,"mStartTime":49800000,"mTimeUnit":600000,"mWalkTime":8671,"runStep":0,"walkStep":13},{"distance":29.38,"mCalorie":1.8499999,"mOthersTime":0,"mRunTime":0,"mStartTime":51000000,"mTimeUnit":600000,"mWalkTime":28014,"runStep":0,"walkStep":42},{"distance":38.65,"mCalorie":2.33,"mOthersTime":0,"mRunTime":800,"mStartTime":51600000,"mTimeUnit":600000,"mWalkTime":32683,"runStep":2,"walkStep":49},{"distance":9.43,"mCalorie":0.42,"mOthersTime":0,"mRunTime":0,"mStartTime":52200000,"mTimeUnit":600000,"mWalkTime":8004,"runStep":0,"walkStep":12},{"distance":133.08,"mCalorie":7.61,"mOthersTime":0,"mRunTime":13600,"mStartTime":52800000,"mTimeUnit":600000,"mWalkTime":84042,"runStep":34,"walkStep":126},{"distance":70.58,"mCalorie":3.23,"mOthersTime":0,"mRunTime":0,"mStartTime":53400000,"mTimeUnit":600000,"mWalkTime":62698,"runStep":0,"walkStep":94},{"distance":79.13,"mCalorie":4.09,"mOthersTime":0,"mRunTime":2000,"mStartTime":54000000,"mTimeUnit":600000,"mWalkTime":62698,"runStep":5,"walkStep":94},{"distance":11.2,"mCalorie":0.45,"mOthersTime":0,"mRunTime":0,"mStartTime":54600000,"mTimeUnit":600000,"mWalkTime":8671,"runStep":0,"walkStep":13},{"distance":9.59,"mCalorie":0.51,"mOthersTime":0,"mRunTime":0,"mStartTime":55800000,"mTimeUnit":600000,"mWalkTime":8671,"runStep":0,"walkStep":13},{"distance":29.37,"mCalorie":1.8,"mOthersTime":0,"mRunTime":4800,"mStartTime":56400000,"mTimeUnit":600000,"mWalkTime":14674,"runStep":12,"walkStep":22},{"distance":7.92,"mCalorie":0.33,"mOthersTime":0,"mRunTime":0,"mStartTime":57000000,"mTimeUnit":600000,"mWalkTime":6670,"runStep":0,"walkStep":10},{"distance":115.020004,"mCalorie":5.7400002,"mOthersTime":0,"mRunTime":0,"mStartTime":57600000,"mTimeUnit":600000,"mWalkTime":108721,"runStep":0,"walkStep":163},{"distance":167.17,"mCalorie":8.35,"mOthersTime":0,"mRunTime":0,"mStartTime":58800000,"mTimeUnit":600000,"mWalkTime":150075,"runStep":0,"walkStep":225},{"distance":7.11,"mCalorie":0.39,"mOthersTime":0,"mRunTime":0,"mStartTime":61200000,"mTimeUnit":600000,"mWalkTime":6670,"runStep":0,"walkStep":10},{"distance":54.571,"mCalorie":2.58,"mOthersTime":0,"mRunTime":0,"mStartTime":62400000,"mTimeUnit":600000,"mWalkTime":50692,"runStep":0,"walkStep":76},{"distance":111.55899,"mCalorie":5.6,"mOthersTime":0,"mRunTime":0,"mStartTime":63000000,"mTimeUnit":600000,"mWalkTime":101384,"runStep":0,"walkStep":152},{"distance":8.96,"mCalorie":0.41,"mOthersTime":0,"mRunTime":0,"mStartTime":63600000,"mTimeUnit":600000,"mWalkTime":6670,"runStep":0,"walkStep":10},{"distance":136.89,"mCalorie":7.47,"mOthersTime":0,"mRunTime":2800,"mStartTime":64200000,"mTimeUnit":600000,"mWalkTime":117392,"runStep":7,"walkStep":176},{"distance":53.399998,"mCalorie":2.87,"mOthersTime":0,"mRunTime":0,"mStartTime":64800000,"mTimeUnit":600000,"mWalkTime":46690,"runStep":0,"walkStep":70},{"distance":8.13,"mCalorie":0.38,"mOthersTime":0,"mRunTime":0,"mStartTime":65400000,"mTimeUnit":600000,"mWalkTime":7337,"runStep":0,"walkStep":11},{"distance":26.5,"mCalorie":1.3,"mOthersTime":0,"mRunTime":0,"mStartTime":66000000,"mTimeUnit":600000,"mWalkTime":24012,"runStep":0,"walkStep":36},{"distance":7.96,"mCalorie":0.36,"mOthersTime":0,"mRunTime":0,"mStartTime":66600000,"mTimeUnit":600000,"mWalkTime":6670,"runStep":0,"walkStep":10},{"distance":87.03,"mCalorie":4.4700003,"mOthersTime":0,"mRunTime":0,"mStartTime":67200000,"mTimeUnit":600000,"mWalkTime":78706,"runStep":0,"walkStep":118},{"distance":76.489,"mCalorie":3.8600001,"mOthersTime":0,"mRunTime":1200,"mStartTime":67800000,"mTimeUnit":600000,"mWalkTime":66700,"runStep":3,"walkStep":100},{"distance":23.92,"mCalorie":1.13,"mOthersTime":0,"mRunTime":0,"mStartTime":68400000,"mTimeUnit":600000,"mWalkTime":21344,"runStep":0,"walkStep":32},{"distance":9.24,"mCalorie":0.5,"mOthersTime":0,"mRunTime":0,"mStartTime":69000000,"mTimeUnit":600000,"mWalkTime":8671,"runStep":0,"walkStep":13},{"distance":103.54001,"mCalorie":4.9599996,"mOthersTime":0,"mRunTime":0,"mStartTime":70200000,"mTimeUnit":600000,"mWalkTime":96048,"runStep":0,"walkStep":144},{"distance":120.479996,"mCalorie":5.85,"mOthersTime":0,"mRunTime":0,"mStartTime":70800000,"mTimeUnit":600000,"mWalkTime":110055,"runStep":0,"walkStep":165},{"distance":8.12,"mCalorie":0.43,"mOthersTime":0,"mRunTime":0,"mStartTime":71400000,"mTimeUnit":600000,"mWalkTime":7337,"runStep":0,"walkStep":11},{"distance":75.84,"mCalorie":3.52,"mOthersTime":0,"mRunTime":0,"mStartTime":73200000,"mTimeUnit":600000,"mWalkTime":68701,"runStep":0,"walkStep":103},{"distance":30.82,"mCalorie":1.64,"mOthersTime":0,"mRunTime":0,"mStartTime":73800000,"mTimeUnit":600000,"mWalkTime":28681,"runStep":0,"walkStep":43},{"distance":46.850002,"mCalorie":2.22,"mOthersTime":0,"mRunTime":2800,"mStartTime":74400000,"mTimeUnit":600000,"mWalkTime":32683,"runStep":7,"walkStep":49},{"distance":12.639999,"mCalorie":0.64,"mOthersTime":0,"mRunTime":0,"mStartTime":75000000,"mTimeUnit":600000,"mWalkTime":11339,"runStep":0,"walkStep":17},{"distance":65.33,"mCalorie":3.05,"mOthersTime":0,"mRunTime":800,"mStartTime":78000000,"mTimeUnit":600000,"mWalkTime":52693,"runStep":2,"walkStep":79},{"distance":7.96,"mCalorie":0.4,"mOthersTime":0,"mRunTime":0,"mStartTime":78600000,"mTimeUnit":600000,"mWalkTime":7337,"runStep":0,"walkStep":11}],"version":1}