{"mActivityList":[{"mActiveTime":600000,"mActiveTimeType":2,"mCalorie":72.3,"mCategory":204,"mDetailInfoId":"926c0926-538d-ee86-4237-e3483ef18161","mDistance":0.0,"mDuration":600000,"mEndTime":70197118,"mStartTime":69597118,"mType":11007},{"mActiveTime":613280,"mActiveTimeType":2,"mCalorie":88.59,"mCategory":204,"mDetailInfoId":"2dff0d1c-3bb1-2612-f404-bbc4d1017c83","mDistance":0.0,"mDuration":613280,"mEndTime":73843326,"mStartTime":73230046,"mType":11007}],"mAdaptiveGoal":0,"mIsGoalAchieved":false,"mIsMostActiveAchieved":false,"mMostActiveMinutes":0,"mStreakDayCount":0,"mUnitDataList":[{"distance":11.43,"mCalorie":0.77,"mOthersTime":0,"mRunTime":800,"mStartTime":9600000,"mTimeUnit":600000,"mWalkTime":8004,"runStep":2,"walkStep":12},{"distance":31.13,"mCalorie":1.7,"mOthersTime":0,"mRunTime":2000,"mStartTime":12000000,"mTimeUnit":600000,"mWalkTime":24679,"runStep":5,"walkStep":37},{"distance":27.6,"mCalorie":1.45,"mOthersTime":0,"mRunTime":0,"mStartTime":12600000,"mTimeUnit":600000,"mWalkTime":23345,"runStep":0,"walkStep":35},{"distance":7.69,"mCalorie":0.3,"mOthersTime":0,"mRunTime":0,"mStartTime":13800000,"mTimeUnit":600000,"mWalkTime":6670,"runStep":0,"walkStep":10},{"distance":27.650002,"mCalorie":1.76,"mOthersTime":0,"mRunTime":800,"mStartTime":14400000,"mTimeUnit":600000,"mWalkTime":24012,"runStep":2,"walkStep":36},{"distance":13.95,"mCalorie":0.72,"mOthersTime":0,"mRunTime":0,"mStartTime":16800000,"mTimeUnit":600000,"mWalkTime":12673,"runStep":0,"walkStep":19},{"distance":67.369995,"mCalorie":3.7599998,"mOthersTime":0,"mRunTime":2000,"mStartTime":18000000,"mTimeUnit":600000,"mWalkTime":56028,"runStep":5,"walkStep":84},{"distance":57.72,"mCalorie":2.66,"mOthersTime":0,"mRunTime":400,"mStartTime":24600000,"mTimeUnit":600000,"mWalkTime":48691,"runStep":1,"walkStep":73},{"distance":10.89,"mCalorie":0.53,"mOthersTime":0,"mRunTime":0,"mStartTime":33000000,"mTimeUnit":600000,"mWalkTime":9338,"runStep":0,"walkStep":14},{"distance":64.67,"mCalorie":3.21,"mOthersTime":0,"mRunTime":0,"mStartTime":33600000,"mTimeUnit":600000,"mWalkTime":58696,"runStep":0,"walkStep":88},{"distance":86.85,"mCalorie":4.68,"mOthersTime":0,"mRunTime":0,"mStartTime":36600000,"mTimeUnit":600000,"mWalkTime":82041,"runStep":0,"walkStep":123},{"distance":197.94,"mCalorie":10.48,"mOthersTime":0,"mRunTime":0,"mStartTime":37200000,"mTimeUnit":600000,"mWalkTime":181424,"runStep":0,"walkStep":272},{"distance":103.67,"mCalorie":5.33,"mOthersTime":0,"mRunTime":0,"mStartTime":37800000,"mTimeUnit":600000,"mWalkTime":94714,"runStep":0,"walkStep":142},{"distance":86.090004,"mCalorie":4.2599998,"mOthersTime":0,"mRunTime":0,"mStartTime":38400000,"mTimeUnit":600000,"mWalkTime":77372,"runStep":0,"walkStep":116},{"distance":40.93,"mCalorie":1.96,"mOthersTime":0,"mRunTime":0,"mStartTime":39000000,"mTimeUnit":600000,"mWalkTime":36685,"runStep":0,"walkStep":55},{"distance":66.229996,"mCalorie":3.47,"mOthersTime":0,"mRunTime":0,"mStartTime":39600000,"mTimeUnit":600000,"mWalkTime":60697,"runStep":0,"walkStep":91},{"distance":133.79001,"mCalorie":6.1800003,"mOthersTime":0,"mRunTime":0,"mStartTime":40200000,"mTimeUnit":600000,"mWalkTime":117392,"runStep":0,"walkStep":176},{"distance":28.67,"mCalorie":1.75,"mOthersTime":0,"mRunTime":1600,"mStartTime":40800000,"mTimeUnit":600000,"mWalkTime":15341,"runStep":4,"walkStep":23},{"distance":47.35,"mCalorie":2.29,"mOthersTime":0,"mRunTime":0,"mStartTime":41400000,"mTimeUnit":600000,"mWalkTime":42688,"runStep":0,"walkStep":64},{"distance":56.82,"mCalorie":2.73,"mOthersTime":0,"mRunTime":0,"mStartTime":42000000,"mTimeUnit":600000,"mWalkTime":50692,"runStep":0,"walkStep":76},{"distance":149.91,"mCalorie":7.42,"mOthersTime":0,"mRunTime":1200,"mStartTime":42600000,"mTimeUnit":600000,"mWalkTime":128731,"runStep":3,"walkStep":193},{"distance":9.88,"mCalorie":0.7,"mOthersTime":0,"mRunTime":1200,"mStartTime":43200000,"mTimeUnit":600000,"mWalkTime":6670,"runStep":3,"walkStep":10},{"distance":64.649994,"mCalorie":3.48,"mOthersTime":0,"mRunTime":0,"mStartTime":46200000,"mTimeUnit":600000,"mWalkTime":60697,"runStep":0,"walkStep":91},{"distance":227.26,"mCalorie":11.19,"mOthersTime":0,"mRunTime":0,"mStartTime":46800000,"mTimeUnit":600000,"mWalkTime":210772,"runStep":0,"walkStep":316},{"distance":146.16,"mCalorie":8.82,"mOthersTime":0,"mRunTime":400,"mStartTime":47400000,"mTimeUnit":600000,"mWalkTime":136068,"runStep":1,"walkStep":204},{"distance":8.87,"mCalorie":0.62,"mOthersTime":0,"mRunTime":0,"mStartTime":48000000,"mTimeUnit":600000,"mWalkTime":8671,"runStep":0,"walkStep":13},{"distance":41.78,"mCalorie":2.13,"mOthersTime":0,"mRunTime":0,"mStartTime":49200000,"mTimeUnit":600000,"mWalkTime":38019,"runStep":0,"walkStep":57},{"distance":17.35,"mCalorie":0.9,"mOthersTime":0,"mRunTime":0,"mStartTime":50400000,"mTimeUnit":600000,"mWalkTime":16008,"runStep":0,"walkStep":24},{"distance":10.54,"mCalorie":0.52,"mOthersTime":0,"mRunTime":0,"mStartTime":59400000,"mTimeUnit":600000,"mWalkTime":10005,"runStep":0,"walkStep":15},{"distance":21.39,"mCalorie":1.06,"mOthersTime":0,"mRunTime":0,"mStartTime":60000000,"mTimeUnit":600000,"mWalkTime":20010,"runStep":0,"walkStep":30},{"distance":153.95001,"mCalorie":8.45,"mOthersTime":0,"mRunTime":5200,"mStartTime":60600000,"mTimeUnit":600000,"mWalkTime":129398,"runStep":13,"walkStep":194},{"distance":138.35,"mCalorie":7.64,"mOthersTime":0,"mRunTime":8800,"mStartTime":61200000,"mTimeUnit":600000,"mWalkTime":100050,"runStep":22,"walkStep":150},{"distance":44.79,"mCalorie":2.26,"mOthersTime":0,"mRunTime":0,"mStartTime":61800000,"mTimeUnit":600000,"mWalkTime":40687,"runStep":0,"walkStep":61},{"distance":51.52,"mCalorie":2.8100002,"mOthersTime":0,"mRunTime":2000,"mStartTime":62400000,"mTimeUnit":600000,"mWalkTime":40687,"runStep":5,"walkStep":61},{"distance":26.300001,"mCalorie":1.25,"mOthersTime":0,"mRunTime":0,"mStartTime":63600000,"mTimeUnit":600000,"mWalkTime":24012,"runStep":0,"walkStep":36},{"distance":13.309999,"mCalorie":0.64,"mOthersTime":0,"mRunTime":0,"mStartTime":64200000,"mTimeUnit":600000,"mWalkTime":12006,"runStep":0,"walkStep":18},{"distance":20.93,"mCalorie":0.84,"mOthersTime":0,"mRunTime":0,"mStartTime":65400000,"mTimeUnit":600000,"mWalkTime":17342,"runStep":0,"walkStep":26},{"distance":10.5,"mCalorie":0.44,"mOthersTime":0,"mRunTime":0,"mStartTime":68400000,"mTimeUnit":600000,"mWalkTime":8671,"runStep":0,"walkStep":13},{"distance":135.0142,"mCalorie":8.052001,"mOthersTime":2882,"mRunTime":0,"mStartTime":69000000,"mTimeUnit":600000,"mWalkTime":140276,"runStep":0,"walkStep":213},{"distance":0.99284905,"mCalorie":72.00364,"mOthersTime":597118,"mRunTime":0,"mStartTime":69600000,"mTimeUnit":600000,"mWalkTime":897,"runStep":0,"walkStep":537},{"distance":212.95,"mCalorie":10.75,"mOthersTime":0,"mRunTime":0,"mStartTime":70200000,"mTimeUnit":600000,"mWalkTime":193430,"runStep":0,"walkStep":290},{"distance":142.65,"mCalorie":7.06,"mOthersTime":0,"mRunTime":0,"mStartTime":70800000,"mTimeUnit":600000,"mWalkTime":130065,"runStep":0,"walkStep":195},{"distance":274.74,"mCalorie":13.669999,"mOthersTime":0,"mRunTime":0,"mStartTime":71400000,"mTimeUnit":600000,"mWalkTime":248791,"runStep":0,"walkStep":373},{"distance":235.14,"mCalorie":11.349998,"mOthersTime":0,"mRunTime":0,"mStartTime":72000000,"mTimeUnit":600000,"mWalkTime":210105,"runStep":0,"walkStep":315},{"distance":269.383,"mCalorie":13.43,"mOthersTime":0,"mRunTime":1600,"mStartTime":72600000,"mTimeUnit":600000,"mWalkTime":234117,"runStep":4,"walkStep":351},{"distance":11.873178,"mCalorie":82.98243,"mOthersTime":569954,"mRunTime":0,"mStartTime":73200000,"mTimeUnit":600000,"mWalkTime":11022,"runStep":3,"walkStep":353},{"distance":111.970985,"mCalorie":11.897337,"mOthersTime":43326,"mRunTime":0,"mStartTime":73800000,"mTimeUnit":600000,"mWalkTime":100049,"runStep":0,"walkStep":220},{"distance":43.08,"mCalorie":2.38,"mOthersTime":0,"mRunTime":2800,"mStartTime":74400000,"mTimeUnit":600000,"mWalkTime":31349,"runStep":7,"walkStep":47},{"distance":17.32,"mCalorie":0.87,"mOthersTime":0,"mRunTime":0,"mStartTime":75600000,"mTimeUnit":600000,"mWalkTime":15341,"runStep":0,"walkStep":23},{"distance":20.66,"mCalorie":1.03,"mOthersTime":0,"mRunTime":0,"mStartTime":76800000,"mTimeUnit":600000,"mWalkTime":19343,"runStep":0,"walkStep":29},{"distance":11.52,"mCalorie":0.55,"mOthersTime":0,"mRunTime":0,"mStartTime":80400000,"mTimeUnit":600000,"mWalkTime":10005,"runStep":0,"walkStep":15},{"distance":30.220001,"mCalorie":1.5899999,"mOthersTime":0,"mRunTime":0,"mStartTime":82800000,"mTimeUnit":600000,"mWalkTime":28014,"runStep":0,"walkStep":42},{"distance":23.23,"mCalorie":1.05,"mOthersTime":0,"mRunTime":0,"mStartTime":83400000,"mTimeUnit":600000,"mWalkTime":20677,"runStep":0,"walkStep":31}],"version":1}