{"mAdaptiveGoal":0,"mIsGoalAchieved":false,"mIsMostActiveAchieved":false,"mMostActiveMinutes":0,"mStreakDayCount":0,"mUnitDataList":[{"distance":73.19,"mCalorie":4.23,"mOthersTime":0,"mRunTime":2800,"mStartTime":21000000,"mTimeUnit":600000,"mWalkTime":57362,"runStep":7,"walkStep":86},{"distance":69.67,"mCalorie":3.26,"mOthersTime":0,"mRunTime":0,"mStartTime":21600000,"mTimeUnit":600000,"mWalkTime":60697,"runStep":0,"walkStep":91},{"distance":63.86,"mCalorie":3.0,"mOthersTime":0,"mRunTime":0,"mStartTime":22200000,"mTimeUnit":600000,"mWalkTime":58029,"runStep":0,"walkStep":87},{"distance":31.87,"mCalorie":1.55,"mOthersTime":0,"mRunTime":0,"mStartTime":24600000,"mTimeUnit":600000,"mWalkTime":29348,"runStep":0,"walkStep":44},{"distance":16.77,"mCalorie":0.92,"mOthersTime":0,"mRunTime":0,"mStartTime":25200000,"mTimeUnit":600000,"mWalkTime":16008,"runStep":0,"walkStep":24},{"distance":51.7,"mCalorie":2.8000002,"mOthersTime":0,"mRunTime":4000,"mStartTime":25800000,"mTimeUnit":600000,"mWalkTime":37352,"runStep":10,"walkStep":56},{"distance":7.79,"mCalorie":0.43,"mOthersTime":0,"mRunTime":0,"mStartTime":30000000,"mTimeUnit":600000,"mWalkTime":7337,"runStep":0,"walkStep":11},{"distance":42.63,"mCalorie":2.08,"mOthersTime":0,"mRunTime":0,"mStartTime":30600000,"mTimeUnit":600000,"mWalkTime":38686,"runStep":0,"walkStep":58},{"distance":24.58,"mCalorie":1.1,"mOthersTime":0,"mRunTime":0,"mStartTime":31800000,"mTimeUnit":600000,"mWalkTime":22011,"runStep":0,"walkStep":33},{"distance":29.380001,"mCalorie":1.5500001,"mOthersTime":0,"mRunTime":0,"mStartTime":36000000,"mTimeUnit":600000,"mWalkTime":27347,"runStep":0,"walkStep":41},{"distance":72.15,"mCalorie":3.93,"mOthersTime":0,"mRunTime":1200,"mStartTime":37200000,"mTimeUnit":600000,"mWalkTime":62031,"runStep":3,"walkStep":93},{"distance":92.71001,"mCalorie":5.17,"mOthersTime":0,"mRunTime":0,"mStartTime":38400000,"mTimeUnit":600000,"mWalkTime":92713,"runStep":0,"walkStep":139},{"distance":62.71,"mCalorie":3.21,"mOthersTime":0,"mRunTime":4000,"mStartTime":39000000,"mTimeUnit":600000,"mWalkTime":46690,"runStep":10,"walkStep":70},{"distance":32.89,"mCalorie":1.6399999,"mOthersTime":0,"mRunTime":0,"mStartTime":39600000,"mTimeUnit":600000,"mWalkTime":30015,"runStep":0,"walkStep":45},{"distance":35.72,"mCalorie":1.55,"mOthersTime":0,"mRunTime":0,"mStartTime":40200000,"mTimeUnit":600000,"mWalkTime":30682,"runStep":0,"walkStep":46},{"distance":14.75,"mCalorie":0.72,"mOthersTime":0,"mRunTime":0,"mStartTime":41400000,"mTimeUnit":600000,"mWalkTime":14007,"runStep":0,"walkStep":21},{"distance":21.59,"mCalorie":0.9,"mOthersTime":0,"mRunTime":0,"mStartTime":42000000,"mTimeUnit":600000,"mWalkTime":17342,"runStep":0,"walkStep":26},{"distance":15.43,"mCalorie":0.86,"mOthersTime":0,"mRunTime":0,"mStartTime":42600000,"mTimeUnit":600000,"mWalkTime":14674,"runStep":0,"walkStep":22},{"distance":41.54,"mCalorie":2.15,"mOthersTime":0,"mRunTime":0,"mStartTime":43800000,"mTimeUnit":600000,"mWalkTime":38686,"runStep":0,"walkStep":58},{"distance":57.2,"mCalorie":2.9099998,"mOthersTime":0,"mRunTime":0,"mStartTime":44400000,"mTimeUnit":600000,"mWalkTime":51359,"runStep":0,"walkStep":77},{"distance":61.02,"mCalorie":3.8200002,"mOthersTime":0,"mRunTime":0,"mStartTime":45000000,"mTimeUnit":600000,"mWalkTime":69368,"runStep":0,"walkStep":104},{"distance":97.02,"mCalorie":5.0,"mOthersTime":0,"mRunTime":0,"mStartTime":45600000,"mTimeUnit":600000,"mWalkTime":89378,"runStep":0,"walkStep":134},{"distance":23.51,"mCalorie":1.4300001,"mOthersTime":0,"mRunTime":1200,"mStartTime":46200000,"mTimeUnit":600000,"mWalkTime":15341,"runStep":3,"walkStep":23},{"distance":301.84,"mCalorie":14.940001,"mOthersTime":0,"mRunTime":0,"mStartTime":46800000,"mTimeUnit":600000,"mWalkTime":258039,"runStep":0,"walkStep":413},{"distance":11.51,"mCalorie":0.58,"mOthersTime":0,"mRunTime":0,"mStartTime":47400000,"mTimeUnit":600000,"mWalkTime":10672,"runStep":0,"walkStep":16},{"distance":233.51,"mCalorie":11.51,"mOthersTime":0,"mRunTime":1600,"mStartTime":49200000,"mTimeUnit":600000,"mWalkTime":198736,"runStep":4,"walkStep":305},{"distance":55.2,"mCalorie":2.81,"mOthersTime":0,"mRunTime":0,"mStartTime":49800000,"mTimeUnit":600000,"mWalkTime":52026,"runStep":0,"walkStep":78},{"distance":63.58,"mCalorie":3.0499997,"mOthersTime":0,"mRunTime":0,"mStartTime":50400000,"mTimeUnit":600000,"mWalkTime":56695,"runStep":0,"walkStep":85},{"distance":7.57,"mCalorie":0.42,"mOthersTime":0,"mRunTime":0,"mStartTime":51000000,"mTimeUnit":600000,"mWalkTime":7337,"runStep":0,"walkStep":11},{"distance":53.620003,"mCalorie":3.13,"mOthersTime":0,"mRunTime":0,"mStartTime":53400000,"mTimeUnit":600000,"mWalkTime":56028,"runStep":0,"walkStep":84},{"distance":148.67,"mCalorie":7.85,"mOthersTime":0,"mRunTime":0,"mStartTime":54000000,"mTimeUnit":600000,"mWalkTime":141404,"runStep":0,"walkStep":212},{"distance":53.25,"mCalorie":2.5500002,"mOthersTime":0,"mRunTime":0,"mStartTime":54600000,"mTimeUnit":600000,"mWalkTime":48024,"runStep":0,"walkStep":72},{"distance":37.41,"mCalorie":1.9,"mOthersTime":0,"mRunTime":0,"mStartTime":55800000,"mTimeUnit":600000,"mWalkTime":34684,"runStep":0,"walkStep":52},{"distance":246.64,"mCalorie":13.2,"mOthersTime":0,"mRunTime":0,"mStartTime":56400000,"mTimeUnit":600000,"mWalkTime":207377,"runStep":0,"walkStep":331},{"distance":82.41,"mCalorie":3.7599998,"mOthersTime":0,"mRunTime":0,"mStartTime":57000000,"mTimeUnit":600000,"mWalkTime":68701,"runStep":0,"walkStep":103},{"distance":19.64,"mCalorie":1.06,"mOthersTime":0,"mRunTime":0,"mStartTime":58200000,"mTimeUnit":600000,"mWalkTime":18676,"runStep":0,"walkStep":28},{"distance":99.85,"mCalorie":5.14,"mOthersTime":0,"mRunTime":1600,"mStartTime":58800000,"mTimeUnit":600000,"mWalkTime":87377,"runStep":4,"walkStep":131},{"distance":20.12,"mCalorie":1.02,"mOthersTime":0,"mRunTime":0,"mStartTime":59400000,"mTimeUnit":600000,"mWalkTime":19343,"runStep":0,"walkStep":29},{"distance":8.67,"mCalorie":0.53,"mOthersTime":0,"mRunTime":0,"mStartTime":60000000,"mTimeUnit":600000,"mWalkTime":6670,"runStep":0,"walkStep":10},{"distance":526.16,"mCalorie":27.51,"mOthersTime":0,"mRunTime":0,"mStartTime":60600000,"mTimeUnit":600000,"mWalkTime":439403,"runStep":0,"walkStep":713},{"distance":52.1,"mCalorie":2.63,"mOthersTime":0,"mRunTime":0,"mStartTime":61200000,"mTimeUnit":600000,"mWalkTime":48024,"runStep":0,"walkStep":72},{"distance":32.59,"mCalorie":1.58,"mOthersTime":0,"mRunTime":0,"mStartTime":61800000,"mTimeUnit":600000,"mWalkTime":28014,"runStep":0,"walkStep":42},{"distance":49.559998,"mCalorie":2.53,"mOthersTime":0,"mRunTime":0,"mStartTime":63000000,"mTimeUnit":600000,"mWalkTime":46023,"runStep":0,"walkStep":69},{"distance":9.06,"mCalorie":0.53,"mOthersTime":0,"mRunTime":0,"mStartTime":65400000,"mTimeUnit":600000,"mWalkTime":8671,"runStep":0,"walkStep":13},{"distance":10.57,"mCalorie":0.5,"mOthersTime":0,"mRunTime":0,"mStartTime":66600000,"mTimeUnit":600000,"mWalkTime":8004,"runStep":0,"walkStep":12},{"distance":8.19,"mCalorie":0.47,"mOthersTime":0,"mRunTime":0,"mStartTime":68400000,"mTimeUnit":600000,"mWalkTime":8004,"runStep":0,"walkStep":12},{"distance":94.98101,"mCalorie":4.9499993,"mOthersTime":0,"mRunTime":0,"mStartTime":69000000,"mTimeUnit":600000,"mWalkTime":81374,"runStep":0,"walkStep":122},{"distance":7.54,"mCalorie":0.42,"mOthersTime":0,"mRunTime":0,"mStartTime":70200000,"mTimeUnit":600000,"mWalkTime":7337,"runStep":0,"walkStep":11},{"distance":23.77,"mCalorie":1.24,"mOthersTime":0,"mRunTime":0,"mStartTime":70800000,"mTimeUnit":600000,"mWalkTime":22678,"runStep":0,"walkStep":34},{"distance":109.71,"mCalorie":5.35,"mOthersTime":0,"mRunTime":1200,"mStartTime":73200000,"mTimeUnit":600000,"mWalkTime":100050,"runStep":3,"walkStep":150},{"distance":138.81,"mCalorie":7.1999993,"mOthersTime":0,"mRunTime":0,"mStartTime":73800000,"mTimeUnit":600000,"mWalkTime":126730,"runStep":0,"walkStep":190},{"distance":13.68,"mCalorie":0.65,"mOthersTime":0,"mRunTime":0,"mStartTime":74400000,"mTimeUnit":600000,"mWalkTime":12673,"runStep":0,"walkStep":19},{"distance":148.90001,"mCalorie":7.47,"mOthersTime":0,"mRunTime":0,"mStartTime":76200000,"mTimeUnit":600000,"mWalkTime":130702,"runStep":0,"walkStep":202},{"distance":77.75,"mCalorie":3.63,"mOthersTime":0,"mRunTime":0,"mStartTime":76800000,"mTimeUnit":600000,"mWalkTime":69368,"runStep":0,"walkStep":104},{"distance":36.04,"mCalorie":1.93,"mOthersTime":0,"mRunTime":0,"mStartTime":77400000,"mTimeUnit":600000,"mWalkTime":34017,"runStep":0,"walkStep":51},{"distance":45.81,"mCalorie":2.23,"mOthersTime":0,"mRunTime":2000,"mStartTime":79200000,"mTimeUnit":600000,"mWalkTime":34684,"runStep":5,"walkStep":52}],"version":1}