{"mAdaptiveGoal":0,"mIsGoalAchieved":false,"mIsMostActiveAchieved":false,"mMostActiveMinutes":0,"mStreakDayCount":0,"mUnitDataList":[{"distance":7.46,"mCalorie":0.35,"mOthersTime":0,"mRunTime":0,"mStartTime":4800000,"mTimeUnit":600000,"mWalkTime":6670,"runStep":0,"walkStep":10},{"distance":9.5,"mCalorie":0.46,"mOthersTime":0,"mRunTime":0,"mStartTime":13800000,"mTimeUnit":600000,"mWalkTime":8671,"runStep":0,"walkStep":13},{"distance":7.82,"mCalorie":0.43,"mOthersTime":0,"mRunTime":0,"mStartTime":14400000,"mTimeUnit":600000,"mWalkTime":7337,"runStep":0,"walkStep":11},{"distance":9.42,"mCalorie":0.45,"mOthersTime":0,"mRunTime":0,"mStartTime":15000000,"mTimeUnit":600000,"mWalkTime":8671,"runStep":0,"walkStep":13},{"distance":10.19,"mCalorie":0.63,"mOthersTime":0,"mRunTime":800,"mStartTime":23400000,"mTimeUnit":600000,"mWalkTime":6670,"runStep":2,"walkStep":10},{"distance":32.769997,"mCalorie":1.6700001,"mOthersTime":0,"mRunTime":0,"mStartTime":24000000,"mTimeUnit":600000,"mWalkTime":29348,"runStep":0,"walkStep":44},{"distance":49.18,"mCalorie":2.38,"mOthersTime":0,"mRunTime":800,"mStartTime":24600000,"mTimeUnit":600000,"mWalkTime":35351,"runStep":2,"walkStep":53},{"distance":54.440002,"mCalorie":2.9299998,"mOthersTime":0,"mRunTime":0,"mStartTime":25200000,"mTimeUnit":600000,"mWalkTime":54694,"runStep":0,"walkStep":82},{"distance":163.38,"mCalorie":7.7099996,"mOthersTime":0,"mRunTime":0,"mStartTime":25800000,"mTimeUnit":600000,"mWalkTime":134704,"runStep":0,"walkStep":221},{"distance":14.62,"mCalorie":0.74,"mOthersTime":0,"mRunTime":0,"mStartTime":27000000,"mTimeUnit":600000,"mWalkTime":13340,"runStep":0,"walkStep":20},{"distance":305.82,"mCalorie":15.25,"mOthersTime":0,"mRunTime":0,"mStartTime":27600000,"mTimeUnit":600000,"mWalkTime":280807,"runStep":0,"walkStep":421},{"distance":31.92,"mCalorie":1.6,"mOthersTime":0,"mRunTime":0,"mStartTime":28200000,"mTimeUnit":600000,"mWalkTime":29348,"runStep":0,"walkStep":44},{"distance":16.939999,"mCalorie":0.82,"mOthersTime":0,"mRunTime":0,"mStartTime":28800000,"mTimeUnit":600000,"mWalkTime":15341,"runStep":0,"walkStep":23},{"distance":6.76,"mCalorie":0.44,"mOthersTime":0,"mRunTime":0,"mStartTime":29400000,"mTimeUnit":600000,"mWalkTime":6670,"runStep":0,"walkStep":10},{"distance":110.57,"mCalorie":5.2599998,"mOthersTime":0,"mRunTime":0,"mStartTime":30000000,"mTimeUnit":600000,"mWalkTime":96715,"runStep":0,"walkStep":145},{"distance":31.3,"mCalorie":1.47,"mOthersTime":0,"mRunTime":0,"mStartTime":31800000,"mTimeUnit":600000,"mWalkTime":28014,"runStep":0,"walkStep":42},{"distance":131.77,"mCalorie":6.02,"mOthersTime":0,"mRunTime":0,"mStartTime":32400000,"mTimeUnit":600000,"mWalkTime":116058,"runStep":0,"walkStep":174},{"distance":21.55,"mCalorie":1.0699999,"mOthersTime":0,"mRunTime":0,"mStartTime":33600000,"mTimeUnit":600000,"mWalkTime":19343,"runStep":0,"walkStep":29},{"distance":39.35,"mCalorie":2.1499999,"mOthersTime":0,"mRunTime":0,"mStartTime":34200000,"mTimeUnit":600000,"mWalkTime":37352,"runStep":0,"walkStep":56},{"distance":62.22,"mCalorie":3.12,"mOthersTime":0,"mRunTime":0,"mStartTime":34800000,"mTimeUnit":600000,"mWalkTime":56695,"runStep":0,"walkStep":85},{"distance":37.12,"mCalorie":1.89,"mOthersTime":0,"mRunTime":0,"mStartTime":36600000,"mTimeUnit":600000,"mWalkTime":33350,"runStep":0,"walkStep":50},{"distance":8.12,"mCalorie":0.48,"mOthersTime":0,"mRunTime":0,"mStartTime":37800000,"mTimeUnit":600000,"mWalkTime":8004,"runStep":0,"walkStep":12},{"distance":19.86,"mCalorie":0.95,"mOthersTime":0,"mRunTime":0,"mStartTime":40800000,"mTimeUnit":600000,"mWalkTime":18676,"runStep":0,"walkStep":28},{"distance":65.490005,"mCalorie":3.17,"mOthersTime":0,"mRunTime":400,"mStartTime":41400000,"mTimeUnit":600000,"mWalkTime":55361,"runStep":1,"walkStep":83},{"distance":63.97,"mCalorie":3.4500003,"mOthersTime":0,"mRunTime":2400,"mStartTime":42000000,"mTimeUnit":600000,"mWalkTime":54027,"runStep":6,"walkStep":81},{"distance":141.13,"mCalorie":7.5299997,"mOthersTime":0,"mRunTime":1600,"mStartTime":42600000,"mTimeUnit":600000,"mWalkTime":135401,"runStep":4,"walkStep":203},{"distance":211.22,"mCalorie":10.78,"mOthersTime":0,"mRunTime":0,"mStartTime":43200000,"mTimeUnit":600000,"mWalkTime":178029,"runStep":0,"walkStep":281},{"distance":31.24,"mCalorie":1.6700001,"mOthersTime":0,"mRunTime":0,"mStartTime":43800000,"mTimeUnit":600000,"mWalkTime":28681,"runStep":0,"walkStep":43},{"distance":23.94,"mCalorie":1.27,"mOthersTime":0,"mRunTime":0,"mStartTime":46200000,"mTimeUnit":600000,"mWalkTime":22011,"runStep":0,"walkStep":33},{"distance":177.06999,"mCalorie":8.960001,"mOthersTime":0,"mRunTime":0,"mStartTime":46800000,"mTimeUnit":600000,"mWalkTime":164749,"runStep":0,"walkStep":247},{"distance":272.35,"mCalorie":14.35,"mOthersTime":0,"mRunTime":4000,"mStartTime":47400000,"mTimeUnit":600000,"mWalkTime":238059,"runStep":10,"walkStep":362},{"distance":60.050003,"mCalorie":2.76,"mOthersTime":0,"mRunTime":0,"mStartTime":48000000,"mTimeUnit":600000,"mWalkTime":49358,"runStep":0,"walkStep":74},{"distance":38.29,"mCalorie":1.99,"mOthersTime":0,"mRunTime":0,"mStartTime":48600000,"mTimeUnit":600000,"mWalkTime":34684,"runStep":0,"walkStep":52},{"distance":85.77,"mCalorie":4.57,"mOthersTime":0,"mRunTime":800,"mStartTime":49200000,"mTimeUnit":600000,"mWalkTime":74037,"runStep":2,"walkStep":111},{"distance":31.8,"mCalorie":1.77,"mOthersTime":0,"mRunTime":800,"mStartTime":49800000,"mTimeUnit":600000,"mWalkTime":26680,"runStep":2,"walkStep":40},{"distance":25.41,"mCalorie":1.29,"mOthersTime":0,"mRunTime":0,"mStartTime":50400000,"mTimeUnit":600000,"mWalkTime":24012,"runStep":0,"walkStep":36},{"distance":7.67,"mCalorie":0.41,"mOthersTime":0,"mRunTime":0,"mStartTime":51000000,"mTimeUnit":600000,"mWalkTime":7337,"runStep":0,"walkStep":11},{"distance":25.66,"mCalorie":1.31,"mOthersTime":0,"mRunTime":0,"mStartTime":52200000,"mTimeUnit":600000,"mWalkTime":23345,"runStep":0,"walkStep":35},{"distance":81.99,"mCalorie":3.7399998,"mOthersTime":0,"mRunTime":0,"mStartTime":52800000,"mTimeUnit":600000,"mWalkTime":72036,"runStep":0,"walkStep":108},{"distance":45.29,"mCalorie":2.12,"mOthersTime":0,"mRunTime":0,"mStartTime":53400000,"mTimeUnit":600000,"mWalkTime":40020,"runStep":0,"walkStep":60},{"distance":14.54,"mCalorie":0.69,"mOthersTime":0,"mRunTime":0,"mStartTime":54600000,"mTimeUnit":600000,"mWalkTime":12673,"runStep":0,"walkStep":19},{"distance":10.54,"mCalorie":0.44,"mOthersTime":0,"mRunTime":0,"mStartTime":57600000,"mTimeUnit":600000,"mWalkTime":8671,"runStep":0,"walkStep":13},{"distance":49.15,"mCalorie":2.5700002,"mOthersTime":0,"mRunTime":800,"mStartTime":61800000,"mTimeUnit":600000,"mWalkTime":41354,"runStep":2,"walkStep":62},{"distance":15.18,"mCalorie":0.7600001,"mOthersTime":0,"mRunTime":0,"mStartTime":62400000,"mTimeUnit":600000,"mWalkTime":14007,"runStep":0,"walkStep":21},{"distance":28.52,"mCalorie":1.8199999,"mOthersTime":0,"mRunTime":3200,"mStartTime":63000000,"mTimeUnit":600000,"mWalkTime":17342,"runStep":8,"walkStep":26},{"distance":10.39,"mCalorie":0.43,"mOthersTime":0,"mRunTime":0,"mStartTime":66000000,"mTimeUnit":600000,"mWalkTime":8671,"runStep":0,"walkStep":13},{"distance":133.17,"mCalorie":7.3499994,"mOthersTime":0,"mRunTime":400,"mStartTime":66600000,"mTimeUnit":600000,"mWalkTime":129398,"runStep":1,"walkStep":194},{"distance":118.57001,"mCalorie":6.0600004,"mOthersTime":0,"mRunTime":0,"mStartTime":67200000,"mTimeUnit":600000,"mWalkTime":107387,"runStep":0,"walkStep":161},{"distance":30.6,"mCalorie":1.64,"mOthersTime":0,"mRunTime":1200,"mStartTime":67800000,"mTimeUnit":600000,"mWalkTime":24679,"runStep":3,"walkStep":37},{"distance":7.17,"mCalorie":0.35,"mOthersTime":0,"mRunTime":0,"mStartTime":68400000,"mTimeUnit":600000,"mWalkTime":6670,"runStep":0,"walkStep":10},{"distance":35.25,"mCalorie":1.8000001,"mOthersTime":0,"mRunTime":0,"mStartTime":69600000,"mTimeUnit":600000,"mWalkTime":32683,"runStep":0,"walkStep":49},{"distance":54.4,"mCalorie":2.71,"mOthersTime":0,"mRunTime":0,"mStartTime":70200000,"mTimeUnit":600000,"mWalkTime":50025,"runStep":0,"walkStep":75},{"distance":61.76,"mCalorie":3.1,"mOthersTime":0,"mRunTime":0,"mStartTime":70800000,"mTimeUnit":600000,"mWalkTime":56028,"runStep":0,"walkStep":84},{"distance":32.29,"mCalorie":1.87,"mOthersTime":0,"mRunTime":0,"mStartTime":71400000,"mTimeUnit":600000,"mWalkTime":30682,"runStep":0,"walkStep":46},{"distance":4.22,"mCalorie":0.22,"mOthersTime":0,"mRunTime":0,"mStartTime":72000000,"mTimeUnit":600000,"mWalkTime":4002,"runStep":0,"walkStep":6},{"distance":7.6499996,"mCalorie":0.35999998,"mOthersTime":0,"mRunTime":0,"mStartTime":73200000,"mTimeUnit":600000,"mWalkTime":6670,"runStep":0,"walkStep":10},{"distance":5.9100003,"mCalorie":0.29,"mOthersTime":0,"mRunTime":0,"mStartTime":75000000,"mTimeUnit":600000,"mWalkTime":5336,"runStep":0,"walkStep":8},{"distance":17.88,"mCalorie":0.91999996,"mOthersTime":0,"mRunTime":400,"mStartTime":78000000,"mTimeUnit":600000,"mWalkTime":14007,"runStep":1,"walkStep":21},{"distance":29.419998,"mCalorie":1.63,"mOthersTime":0,"mRunTime":400,"mStartTime":78600000,"mTimeUnit":600000,"mWalkTime":24679,"runStep":1,"walkStep":37}],"version":1}