{"mAdaptiveGoal":0,"mIsGoalAchieved":false,"mIsMostActiveAchieved":false,"mMostActiveMinutes":0,"mStreakDayCount":0,"mUnitDataList":[{"distance":20.64,"mCalorie":1.1,"mOthersTime":0,"mRunTime":2400,"mStartTime":4200000,"mTimeUnit":600000,"mWalkTime":6670,"runStep":6,"walkStep":10},{"distance":7.29,"mCalorie":0.51,"mOthersTime":0,"mRunTime":0,"mStartTime":4800000,"mTimeUnit":600000,"mWalkTime":6670,"runStep":0,"walkStep":10},{"distance":8.13,"mCalorie":0.46,"mOthersTime":0,"mRunTime":0,"mStartTime":13200000,"mTimeUnit":600000,"mWalkTime":6670,"runStep":0,"walkStep":10},{"distance":77.45,"mCalorie":4.26,"mOthersTime":0,"mRunTime":3200,"mStartTime":25800000,"mTimeUnit":600000,"mWalkTime":57362,"runStep":8,"walkStep":86},{"distance":43.840004,"mCalorie":2.54,"mOthersTime":0,"mRunTime":400,"mStartTime":31800000,"mTimeUnit":600000,"mWalkTime":36685,"runStep":1,"walkStep":55},{"distance":7.45,"mCalorie":0.46,"mOthersTime":0,"mRunTime":0,"mStartTime":33600000,"mTimeUnit":600000,"mWalkTime":7337,"runStep":0,"walkStep":11},{"distance":33.49,"mCalorie":1.86,"mOthersTime":0,"mRunTime":1600,"mStartTime":34200000,"mTimeUnit":600000,"mWalkTime":25346,"runStep":4,"walkStep":38},{"distance":83.4,"mCalorie":5.08,"mOthersTime":0,"mRunTime":3600,"mStartTime":34800000,"mTimeUnit":600000,"mWalkTime":64032,"runStep":9,"walkStep":96},{"distance":17.51,"mCalorie":0.92,"mOthersTime":0,"mRunTime":0,"mStartTime":35400000,"mTimeUnit":600000,"mWalkTime":16675,"runStep":0,"walkStep":25},{"distance":19.900002,"mCalorie":1.12,"mOthersTime":0,"mRunTime":0,"mStartTime":38400000,"mTimeUnit":600000,"mWalkTime":18009,"runStep":0,"walkStep":27},{"distance":10.38,"mCalorie":0.52,"mOthersTime":0,"mRunTime":0,"mStartTime":39000000,"mTimeUnit":600000,"mWalkTime":9338,"runStep":0,"walkStep":14},{"distance":8.49,"mCalorie":0.4,"mOthersTime":0,"mRunTime":0,"mStartTime":46200000,"mTimeUnit":600000,"mWalkTime":7337,"runStep":0,"walkStep":11},{"distance":44.809998,"mCalorie":2.3400002,"mOthersTime":0,"mRunTime":0,"mStartTime":46800000,"mTimeUnit":600000,"mWalkTime":40687,"runStep":0,"walkStep":61},{"distance":16.34,"mCalorie":0.85,"mOthersTime":0,"mRunTime":0,"mStartTime":52800000,"mTimeUnit":600000,"mWalkTime":15341,"runStep":0,"walkStep":23},{"distance":5.2,"mCalorie":0.25,"mOthersTime":0,"mRunTime":0,"mStartTime":55200000,"mTimeUnit":600000,"mWalkTime":4669,"runStep":0,"walkStep":7},{"distance":78.21,"mCalorie":4.08,"mOthersTime":0,"mRunTime":0,"mStartTime":55800000,"mTimeUnit":600000,"mWalkTime":72036,"runStep":0,"walkStep":108},{"distance":9.29,"mCalorie":0.5,"mOthersTime":0,"mRunTime":0,"mStartTime":56400000,"mTimeUnit":600000,"mWalkTime":8671,"runStep":0,"walkStep":13},{"distance":14.03,"mCalorie":0.78,"mOthersTime":0,"mRunTime":0,"mStartTime":61200000,"mTimeUnit":600000,"mWalkTime":13340,"runStep":0,"walkStep":20},{"distance":29.869999,"mCalorie":1.3399999,"mOthersTime":0,"mRunTime":0,"mStartTime":62400000,"mTimeUnit":600000,"mWalkTime":26013,"runStep":0,"walkStep":39},{"distance":12.89,"mCalorie":0.65,"mOthersTime":0,"mRunTime":0,"mStartTime":63000000,"mTimeUnit":600000,"mWalkTime":11339,"runStep":0,"walkStep":17},{"distance":13.76,"mCalorie":0.78,"mOthersTime":0,"mRunTime":0,"mStartTime":64200000,"mTimeUnit":600000,"mWalkTime":13340,"runStep":0,"walkStep":20},{"distance":15.14,"mCalorie":0.86,"mOthersTime":0,"mRunTime":1600,"mStartTime":66000000,"mTimeUnit":600000,"mWalkTime":7337,"runStep":4,"walkStep":11},{"distance":93.27,"mCalorie":5.0,"mOthersTime":0,"mRunTime":1600,"mStartTime":66600000,"mTimeUnit":600000,"mWalkTime":78039,"runStep":4,"walkStep":117},{"distance":56.5,"mCalorie":2.85,"mOthersTime":0,"mRunTime":800,"mStartTime":68400000,"mTimeUnit":600000,"mWalkTime":46023,"runStep":2,"walkStep":69},{"distance":188.73001,"mCalorie":9.9800005,"mOthersTime":0,"mRunTime":4400,"mStartTime":69000000,"mTimeUnit":600000,"mWalkTime":163415,"runStep":11,"walkStep":245},{"distance":49.52,"mCalorie":2.4299998,"mOthersTime":0,"mRunTime":0,"mStartTime":70200000,"mTimeUnit":600000,"mWalkTime":45356,"runStep":0,"walkStep":68},{"distance":16.34,"mCalorie":0.91999996,"mOthersTime":0,"mRunTime":0,"mStartTime":70800000,"mTimeUnit":600000,"mWalkTime":15341,"runStep":0,"walkStep":23},{"distance":7.06,"mCalorie":0.36,"mOthersTime":0,"mRunTime":0,"mStartTime":71400000,"mTimeUnit":600000,"mWalkTime":6670,"runStep":0,"walkStep":10},{"distance":6.83,"mCalorie":0.43,"mOthersTime":0,"mRunTime":0,"mStartTime":72600000,"mTimeUnit":600000,"mWalkTime":6670,"runStep":0,"walkStep":10},{"distance":72.770004,"mCalorie":3.2099996,"mOthersTime":0,"mRunTime":0,"mStartTime":75000000,"mTimeUnit":600000,"mWalkTime":63365,"runStep":0,"walkStep":95},{"distance":8.15,"mCalorie":0.47,"mOthersTime":0,"mRunTime":0,"mStartTime":76800000,"mTimeUnit":600000,"mWalkTime":8004,"runStep":0,"walkStep":12},{"distance":2.72,"mCalorie":0.15,"mOthersTime":0,"mRunTime":0,"mStartTime":77400000,"mTimeUnit":600000,"mWalkTime":2668,"runStep":0,"walkStep":4},{"distance":9.6,"mCalorie":0.5,"mOthersTime":0,"mRunTime":0,"mStartTime":80400000,"mTimeUnit":600000,"mWalkTime":9338,"runStep":0,"walkStep":14},{"distance":37.46,"mCalorie":2.16,"mOthersTime":0,"mRunTime":0,"mStartTime":81000000,"mTimeUnit":600000,"mWalkTime":34684,"runStep":0,"walkStep":52},{"distance":19.62,"mCalorie":0.92,"mOthersTime":0,"mRunTime":0,"mStartTime":81600000,"mTimeUnit":600000,"mWalkTime":15341,"runStep":0,"walkStep":23}],"version":1}