{"mAdaptiveGoal":0,"mIsGoalAchieved":false,"mIsMostActiveAchieved":false,"mMostActiveMinutes":0,"mStreakDayCount":0,"mUnitDataList":[{"distance":13.62,"mCalorie":0.89,"mOthersTime":0,"mRunTime":2000,"mStartTime":1200000,"mTimeUnit":600000,"mWalkTime":6670,"runStep":5,"walkStep":10},{"distance":15.86,"mCalorie":1.13,"mOthersTime":0,"mRunTime":2800,"mStartTime":9000000,"mTimeUnit":600000,"mWalkTime":6670,"runStep":7,"walkStep":10},{"distance":66.69,"mCalorie":3.3600001,"mOthersTime":0,"mRunTime":800,"mStartTime":16800000,"mTimeUnit":600000,"mWalkTime":56028,"runStep":2,"walkStep":84},{"distance":120.2,"mCalorie":5.83,"mOthersTime":0,"mRunTime":0,"mStartTime":17400000,"mTimeUnit":600000,"mWalkTime":105386,"runStep":0,"walkStep":158},{"distance":403.28,"mCalorie":19.609999,"mOthersTime":0,"mRunTime":4363,"mStartTime":18000000,"mTimeUnit":600000,"mWalkTime":325815,"runStep":12,"walkStep":536},{"distance":8.05,"mCalorie":0.54,"mOthersTime":0,"mRunTime":0,"mStartTime":19200000,"mTimeUnit":600000,"mWalkTime":6670,"runStep":0,"walkStep":10},{"distance":211.38998,"mCalorie":9.77,"mOthersTime":0,"mRunTime":0,"mStartTime":19800000,"mTimeUnit":600000,"mWalkTime":168024,"runStep":0,"walkStep":283},{"distance":164.86,"mCalorie":9.43,"mOthersTime":0,"mRunTime":0,"mStartTime":20400000,"mTimeUnit":600000,"mWalkTime":139343,"runStep":0,"walkStep":242},{"distance":27.95,"mCalorie":1.4,"mOthersTime":0,"mRunTime":0,"mStartTime":21000000,"mTimeUnit":600000,"mWalkTime":22011,"runStep":0,"walkStep":33},{"distance":84.51,"mCalorie":4.76,"mOthersTime":0,"mRunTime":6400,"mStartTime":31800000,"mTimeUnit":600000,"mWalkTime":59363,"runStep":16,"walkStep":89},{"distance":18.61,"mCalorie":0.97999996,"mOthersTime":0,"mRunTime":0,"mStartTime":33000000,"mTimeUnit":600000,"mWalkTime":17342,"runStep":0,"walkStep":26},{"distance":22.32,"mCalorie":1.27,"mOthersTime":0,"mRunTime":800,"mStartTime":33600000,"mTimeUnit":600000,"mWalkTime":17342,"runStep":2,"walkStep":26},{"distance":24.88,"mCalorie":1.19,"mOthersTime":0,"mRunTime":0,"mStartTime":34200000,"mTimeUnit":600000,"mWalkTime":22678,"runStep":0,"walkStep":34},{"distance":17.43,"mCalorie":1.26,"mOthersTime":0,"mRunTime":0,"mStartTime":34800000,"mTimeUnit":600000,"mWalkTime":14007,"runStep":0,"walkStep":21},{"distance":20.69,"mCalorie":1.17,"mOthersTime":0,"mRunTime":0,"mStartTime":36000000,"mTimeUnit":600000,"mWalkTime":19343,"runStep":0,"walkStep":29},{"distance":15.59,"mCalorie":0.91,"mOthersTime":0,"mRunTime":0,"mStartTime":36600000,"mTimeUnit":600000,"mWalkTime":15341,"runStep":0,"walkStep":23},{"distance":97.119995,"mCalorie":5.1100006,"mOthersTime":0,"mRunTime":0,"mStartTime":37200000,"mTimeUnit":600000,"mWalkTime":88044,"runStep":0,"walkStep":132},{"distance":51.100002,"mCalorie":2.7399998,"mOthersTime":0,"mRunTime":0,"mStartTime":37800000,"mTimeUnit":600000,"mWalkTime":48691,"runStep":0,"walkStep":73},{"distance":14.58,"mCalorie":0.81,"mOthersTime":0,"mRunTime":0,"mStartTime":39600000,"mTimeUnit":600000,"mWalkTime":14007,"runStep":0,"walkStep":21},{"distance":12.8,"mCalorie":0.7,"mOthersTime":0,"mRunTime":0,"mStartTime":40200000,"mTimeUnit":600000,"mWalkTime":12006,"runStep":0,"walkStep":18},{"distance":10.65,"mCalorie":0.58000004,"mOthersTime":0,"mRunTime":0,"mStartTime":40800000,"mTimeUnit":600000,"mWalkTime":10005,"runStep":0,"walkStep":15},{"distance":6.82,"mCalorie":0.52,"mOthersTime":0,"mRunTime":0,"mStartTime":43200000,"mTimeUnit":600000,"mWalkTime":6670,"runStep":0,"walkStep":10},{"distance":66.520004,"mCalorie":2.91,"mOthersTime":0,"mRunTime":0,"mStartTime":43800000,"mTimeUnit":600000,"mWalkTime":56695,"runStep":0,"walkStep":85},{"distance":16.47,"mCalorie":0.78,"mOthersTime":0,"mRunTime":0,"mStartTime":44400000,"mTimeUnit":600000,"mWalkTime":15341,"runStep":0,"walkStep":23},{"distance":64.95,"mCalorie":3.42,"mOthersTime":0,"mRunTime":400,"mStartTime":45600000,"mTimeUnit":600000,"mWalkTime":54694,"runStep":1,"walkStep":82},{"distance":96.85,"mCalorie":4.5699997,"mOthersTime":0,"mRunTime":0,"mStartTime":46200000,"mTimeUnit":600000,"mWalkTime":85376,"runStep":0,"walkStep":128},{"distance":145.28,"mCalorie":7.5699997,"mOthersTime":0,"mRunTime":0,"mStartTime":46800000,"mTimeUnit":600000,"mWalkTime":133400,"runStep":0,"walkStep":200},{"distance":354.83002,"mCalorie":18.93,"mOthersTime":0,"mRunTime":0,"mStartTime":47400000,"mTimeUnit":600000,"mWalkTime":291359,"runStep":0,"walkStep":491},{"distance":143.65,"mCalorie":7.31,"mOthersTime":0,"mRunTime":400,"mStartTime":48000000,"mTimeUnit":600000,"mWalkTime":118696,"runStep":1,"walkStep":191},{"distance":223.59001,"mCalorie":11.29,"mOthersTime":0,"mRunTime":0,"mStartTime":49800000,"mTimeUnit":600000,"mWalkTime":193400,"runStep":0,"walkStep":305},{"distance":16.3,"mCalorie":0.84,"mOthersTime":0,"mRunTime":0,"mStartTime":50400000,"mTimeUnit":600000,"mWalkTime":15341,"runStep":0,"walkStep":23},{"distance":16.43,"mCalorie":0.84000003,"mOthersTime":0,"mRunTime":0,"mStartTime":52200000,"mTimeUnit":600000,"mWalkTime":15341,"runStep":0,"walkStep":23},{"distance":152.82,"mCalorie":7.7099996,"mOthersTime":0,"mRunTime":0,"mStartTime":53400000,"mTimeUnit":600000,"mWalkTime":140070,"runStep":0,"walkStep":210},{"distance":293.07004,"mCalorie":16.65,"mOthersTime":0,"mRunTime":0,"mStartTime":54000000,"mTimeUnit":600000,"mWalkTime":258039,"runStep":0,"walkStep":410},{"distance":63.04,"mCalorie":3.08,"mOthersTime":0,"mRunTime":0,"mStartTime":54600000,"mTimeUnit":600000,"mWalkTime":56028,"runStep":0,"walkStep":84},{"distance":57.27,"mCalorie":2.9199998,"mOthersTime":0,"mRunTime":0,"mStartTime":55200000,"mTimeUnit":600000,"mWalkTime":52026,"runStep":0,"walkStep":78},{"distance":9.15,"mCalorie":0.56,"mOthersTime":0,"mRunTime":0,"mStartTime":55800000,"mTimeUnit":600000,"mWalkTime":8671,"runStep":0,"walkStep":13},{"distance":87.509995,"mCalorie":4.78,"mOthersTime":0,"mRunTime":3600,"mStartTime":59400000,"mTimeUnit":600000,"mWalkTime":72703,"runStep":9,"walkStep":109},{"distance":48.770004,"mCalorie":3.12,"mOthersTime":0,"mRunTime":800,"mStartTime":60000000,"mTimeUnit":600000,"mWalkTime":37352,"runStep":2,"walkStep":56},{"distance":6.77,"mCalorie":0.37,"mOthersTime":0,"mRunTime":0,"mStartTime":60600000,"mTimeUnit":600000,"mWalkTime":6670,"runStep":0,"walkStep":10},{"distance":68.14,"mCalorie":3.4,"mOthersTime":0,"mRunTime":400,"mStartTime":61200000,"mTimeUnit":600000,"mWalkTime":58029,"runStep":1,"walkStep":87},{"distance":413.28998,"mCalorie":21.34,"mOthersTime":0,"mRunTime":0,"mStartTime":61800000,"mTimeUnit":600000,"mWalkTime":330045,"runStep":0,"walkStep":567},{"distance":60.46,"mCalorie":3.0200002,"mOthersTime":0,"mRunTime":0,"mStartTime":62400000,"mTimeUnit":600000,"mWalkTime":50692,"runStep":0,"walkStep":76},{"distance":8.5,"mCalorie":0.46,"mOthersTime":0,"mRunTime":0,"mStartTime":63000000,"mTimeUnit":600000,"mWalkTime":8004,"runStep":0,"walkStep":12},{"distance":421.22,"mCalorie":21.0,"mOthersTime":0,"mRunTime":0,"mStartTime":64200000,"mTimeUnit":600000,"mWalkTime":341414,"runStep":0,"walkStep":572},{"distance":35.870003,"mCalorie":1.96,"mOthersTime":0,"mRunTime":800,"mStartTime":64800000,"mTimeUnit":600000,"mWalkTime":30015,"runStep":2,"walkStep":45},{"distance":37.48,"mCalorie":2.03,"mOthersTime":0,"mRunTime":0,"mStartTime":65400000,"mTimeUnit":600000,"mWalkTime":34017,"runStep":0,"walkStep":51},{"distance":31.83,"mCalorie":1.62,"mOthersTime":0,"mRunTime":0,"mStartTime":67200000,"mTimeUnit":600000,"mWalkTime":29348,"runStep":0,"walkStep":44},{"distance":17.11,"mCalorie":0.70000005,"mOthersTime":0,"mRunTime":0,"mStartTime":67800000,"mTimeUnit":600000,"mWalkTime":14674,"runStep":0,"walkStep":22},{"distance":9.86,"mCalorie":0.35,"mOthersTime":0,"mRunTime":0,"mStartTime":68400000,"mTimeUnit":600000,"mWalkTime":8004,"runStep":0,"walkStep":12},{"distance":15.309999,"mCalorie":0.72,"mOthersTime":0,"mRunTime":0,"mStartTime":69000000,"mTimeUnit":600000,"mWalkTime":14007,"runStep":0,"walkStep":21},{"distance":40.9,"mCalorie":1.8499999,"mOthersTime":0,"mRunTime":0,"mStartTime":69600000,"mTimeUnit":600000,"mWalkTime":36685,"runStep":0,"walkStep":55},{"distance":19.38,"mCalorie":1.05,"mOthersTime":0,"mRunTime":0,"mStartTime":70800000,"mTimeUnit":600000,"mWalkTime":18676,"runStep":0,"walkStep":28},{"distance":10.68,"mCalorie":0.52,"mOthersTime":0,"mRunTime":0,"mStartTime":73200000,"mTimeUnit":600000,"mWalkTime":9338,"runStep":0,"walkStep":14},{"distance":12.6,"mCalorie":0.55,"mOthersTime":0,"mRunTime":0,"mStartTime":75000000,"mTimeUnit":600000,"mWalkTime":10672,"runStep":0,"walkStep":16},{"distance":92.7,"mCalorie":5.05,"mOthersTime":0,"mRunTime":4000,"mStartTime":75600000,"mTimeUnit":600000,"mWalkTime":70035,"runStep":10,"walkStep":105},{"distance":18.55,"mCalorie":0.95,"mOthersTime":0,"mRunTime":0,"mStartTime":76800000,"mTimeUnit":600000,"mWalkTime":17342,"runStep":0,"walkStep":26},{"distance":96.35,"mCalorie":5.15,"mOthersTime":0,"mRunTime":400,"mStartTime":79200000,"mTimeUnit":600000,"mWalkTime":94714,"runStep":1,"walkStep":142},{"distance":436.87997,"mCalorie":23.509998,"mOthersTime":0,"mRunTime":0,"mStartTime":79800000,"mTimeUnit":600000,"mWalkTime":358696,"runStep":0,"walkStep":605},{"distance":49.83,"mCalorie":2.56,"mOthersTime":0,"mRunTime":400,"mStartTime":80400000,"mTimeUnit":600000,"mWalkTime":40687,"runStep":1,"walkStep":61},{"distance":23.95,"mCalorie":1.03,"mOthersTime":0,"mRunTime":0,"mStartTime":81000000,"mTimeUnit":600000,"mWalkTime":22011,"runStep":0,"walkStep":33},{"distance":17.49,"mCalorie":0.92,"mOthersTime":0,"mRunTime":0,"mStartTime":82200000,"mTimeUnit":600000,"mWalkTime":16008,"runStep":0,"walkStep":24},{"distance":416.24,"mCalorie":23.1,"mOthersTime":0,"mRunTime":0,"mStartTime":82800000,"mTimeUnit":600000,"mWalkTime":326043,"runStep":0,"walkStep":570},{"distance":29.73,"mCalorie":1.3199999,"mOthersTime":0,"mRunTime":0,"mStartTime":83400000,"mTimeUnit":600000,"mWalkTime":26013,"runStep":0,"walkStep":39},{"distance":33.989998,"mCalorie":1.64,"mOthersTime":0,"mRunTime":1200,"mStartTime":84000000,"mTimeUnit":600000,"mWalkTime":24679,"runStep":3,"walkStep":37}],"version":1}