[{"mCalorie":0.0,"mDistance":0.0,"mNowHealthyStep":0,"mRunStepCount":0,"mSpeed":0.0,"mStartTime":1603753200000,"mStepCount":0,"mTimeUnit":600000,"mTotalActiveTime":0.0,"mWalkStepCount":0},{"mCalorie":0.0,"mDistance":0.0,"mNowHealthyStep":0,"mRunStepCount":0,"mSpeed":0.0,"mStartTime":1603753800000,"mStepCount":0,"mTimeUnit":600000,"mTotalActiveTime":0.0,"mWalkStepCount":0},{"mCalorie":0.0,"mDistance":0.0,"mNowHealthyStep":0,"mRunStepCount":0,"mSpeed":0.0,"mStartTime":1603754400000,"mStepCount":0,"mTimeUnit":600000,"mTotalActiveTime":0.0,"mWalkStepCount":0},{"mCalorie":0.0,"mDistance":0.0,"mNowHealthyStep":0,"mRunStepCount":0,"mSpeed":0.0,"mStartTime":1603755000000,"mStepCount":0,"mTimeUnit":600000,"mTotalActiveTime":0.0,"mWalkStepCount":0},{"mCalorie":0.0,"mDistance":0.0,"mNowHealthyStep":0,"mRunStepCount":0,"mSpeed":0.0,"mStartTime":1603755600000,"mStepCount":0,"mTimeUnit":600000,"mTotalActiveTime":0.0,"mWalkStepCount":0},{"mCalorie":0.0,"mDistance":0.0,"mNowHealthyStep":0,"mRunStepCount":0,"mSpeed":0.0,"mStartTime":1603756200000,"mStepCount":0,"mTimeUnit":600000,"mTotalActiveTime":0.0,"mWalkStepCount":0},{"mCalorie":0.0,"mDistance":0.0,"mNowHealthyStep":0,"mRunStepCount":0,"mSpeed":0.0,"mStartTime":1603756800000,"mStepCount":0,"mTimeUnit":600000,"mTotalActiveTime":0.0,"mWalkStepCount":0},{"mCalorie":0.0,"mDistance":0.0,"mNowHealthyStep":0,"mRunStepCount":0,"mSpeed":0.0,"mStartTime":1603757400000,"mStepCount":0,"mTimeUnit":600000,"mTotalActiveTime":0.0,"mWalkStepCount":0},{"mCalorie":0.0,"mDistance":0.0,"mNowHealthyStep":0,"mRunStepCount":0,"mSpeed":0.0,"mStartTime":1603758000000,"mStepCount":0,"mTimeUnit":600000,"mTotalActiveTime":0.0,"mWalkStepCount":0},{"mCalorie":0.0,"mDistance":0.0,"mNowHealthyStep":0,"mRunStepCount":0,"mSpeed":0.0,"mStartTime":1603758600000,"mStepCount":0,"mTimeUnit":600000,"mTotalActiveTime":0.0,"mWalkStepCount":0},{"mCalorie":0.0,"mDistance":0.0,"mNowHealthyStep":0,"mRunStepCount":0,"mSpeed":0.0,"mStartTime":1603759200000,"mStepCount":0,"mTimeUnit":600000,"mTotalActiveTime":0.0,"mWalkStepCount":0},{"mCalorie":0.0,"mDistance":0.0,"mNowHealthyStep":0,"mRunStepCount":0,"mSpeed":0.0,"mStartTime":1603759800000,"mStepCount":0,"mTimeUnit":600000,"mTotalActiveTime":0.0,"mWalkStepCount":0},{"mCalorie":0.0,"mDistance":0.0,"mNowHealthyStep":0,"mRunStepCount":0,"mSpeed":0.0,"mStartTime":1603760400000,"mStepCount":0,"mTimeUnit":600000,"mTotalActiveTime":0.0,"mWalkStepCount":0},{"mCalorie":0.0,"mDistance":0.0,"mNowHealthyStep":0,"mRunStepCount":0,"mSpeed":0.0,"mStartTime":1603761000000,"mStepCount":0,"mTimeUnit":600000,"mTotalActiveTime":0.0,"mWalkStepCount":0},{"mCalorie":0.0,"mDistance":0.0,"mNowHealthyStep":0,"mRunStepCount":0,"mSpeed":0.0,"mStartTime":1603761600000,"mStepCount":0,"mTimeUnit":600000,"mTotalActiveTime":0.0,"mWalkStepCount":0},{"mCalorie":0.0,"mDistance":0.0,"mNowHealthyStep":0,"mRunStepCount":0,"mSpeed":0.0,"mStartTime":1603762200000,"mStepCount":0,"mTimeUnit":600000,"mTotalActiveTime":0.0,"mWalkStepCount":0},{"mCalorie":0.0,"mDistance":0.0,"mNowHealthyStep":0,"mRunStepCount":0,"mSpeed":0.0,"mStartTime":1603762800000,"mStepCount":0,"mTimeUnit":600000,"mTotalActiveTime":0.0,"mWalkStepCount":0},{"mCalorie":0.0,"mDistance":0.0,"mNowHealthyStep":0,"mRunStepCount":0,"mSpeed":0.0,"mStartTime":1603763400000,"mStepCount":0,"mTimeUnit":600000,"mTotalActiveTime":0.0,"mWalkStepCount":0},{"mCalorie":0.0,"mDistance":0.0,"mNowHealthyStep":0,"mRunStepCount":0,"mSpeed":0.0,"mStartTime":1603764000000,"mStepCount":0,"mTimeUnit":600000,"mTotalActiveTime":0.0,"mWalkStepCount":0},{"mCalorie":0.0,"mDistance":0.0,"mNowHealthyStep":0,"mRunStepCount":0,"mSpeed":0.0,"mStartTime":1603764600000,"mStepCount":0,"mTimeUnit":600000,"mTotalActiveTime":0.0,"mWalkStepCount":0},{"mCalorie":0.0,"mDistance":0.0,"mNowHealthyStep":0,"mRunStepCount":0,"mSpeed":0.0,"mStartTime":1603765200000,"mStepCount":0,"mTimeUnit":600000,"mTotalActiveTime":0.0,"mWalkStepCount":0},{"mCalorie":0.0,"mDistance":0.0,"mNowHealthyStep":0,"mRunStepCount":0,"mSpeed":0.0,"mStartTime":1603765800000,"mStepCount":0,"mTimeUnit":600000,"mTotalActiveTime":0.0,"mWalkStepCount":0},{"mCalorie":0.0,"mDistance":0.0,"mNowHealthyStep":0,"mRunStepCount":0,"mSpeed":0.0,"mStartTime":1603766400000,"mStepCount":0,"mTimeUnit":600000,"mTotalActiveTime":0.0,"mWalkStepCount":0},{"mCalorie":0.0,"mDistance":0.0,"mNowHealthyStep":0,"mRunStepCount":0,"mSpeed":0.0,"mStartTime":1603767000000,"mStepCount":0,"mTimeUnit":600000,"mTotalActiveTime":0.0,"mWalkStepCount":0},{"mCalorie":0.0,"mDistance":0.0,"mNowHealthyStep":0,"mRunStepCount":0,"mSpeed":0.0,"mStartTime":1603767600000,"mStepCount":0,"mTimeUnit":600000,"mTotalActiveTime":0.0,"mWalkStepCount":0},{"mCalorie":0.0,"mDistance":0.0,"mNowHealthyStep":0,"mRunStepCount":0,"mSpeed":0.0,"mStartTime":1603768200000,"mStepCount":0,"mTimeUnit":600000,"mTotalActiveTime":0.0,"mWalkStepCount":0},{"mCalorie":0.0,"mDistance":0.0,"mNowHealthyStep":0,"mRunStepCount":0,"mSpeed":0.0,"mStartTime":1603768800000,"mStepCount":0,"mTimeUnit":600000,"mTotalActiveTime":0.0,"mWalkStepCount":0},{"mCalorie":0.0,"mDistance":0.0,"mNowHealthyStep":0,"mRunStepCount":0,"mSpeed":0.0,"mStartTime":1603769400000,"mStepCount":0,"mTimeUnit":600000,"mTotalActiveTime":0.0,"mWalkStepCount":0},{"mCalorie":0.0,"mDistance":0.0,"mNowHealthyStep":0,"mRunStepCount":0,"mSpeed":0.0,"mStartTime":1603770000000,"mStepCount":0,"mTimeUnit":600000,"mTotalActiveTime":0.0,"mWalkStepCount":0},{"mCalorie":0.0,"mDistance":0.0,"mNowHealthyStep":0,"mRunStepCount":0,"mSpeed":0.0,"mStartTime":1603770600000,"mStepCount":0,"mTimeUnit":600000,"mTotalActiveTime":0.0,"mWalkStepCount":0},{"mCalorie":0.0,"mDistance":0.0,"mNowHealthyStep":0,"mRunStepCount":0,"mSpeed":0.0,"mStartTime":1603771200000,"mStepCount":0,"mTimeUnit":600000,"mTotalActiveTime":0.0,"mWalkStepCount":0},{"mCalorie":0.0,"mDistance":0.0,"mNowHealthyStep":0,"mRunStepCount":0,"mSpeed":0.0,"mStartTime":1603771800000,"mStepCount":0,"mTimeUnit":600000,"mTotalActiveTime":0.0,"mWalkStepCount":0},{"mCalorie":0.0,"mDistance":0.0,"mNowHealthyStep":0,"mRunStepCount":0,"mSpeed":0.0,"mStartTime":1603772400000,"mStepCount":0,"mTimeUnit":600000,"mTotalActiveTime":0.0,"mWalkStepCount":0},{"mCalorie":0.0,"mDistance":0.0,"mNowHealthyStep":0,"mRunStepCount":0,"mSpeed":0.0,"mStartTime":1603773000000,"mStepCount":0,"mTimeUnit":600000,"mTotalActiveTime":0.0,"mWalkStepCount":0},{"mCalorie":0.0,"mDistance":0.0,"mNowHealthyStep":0,"mRunStepCount":0,"mSpeed":0.0,"mStartTime":1603773600000,"mStepCount":0,"mTimeUnit":600000,"mTotalActiveTime":0.0,"mWalkStepCount":0},{"mCalorie":0.0,"mDistance":0.0,"mNowHealthyStep":0,"mRunStepCount":0,"mSpeed":0.0,"mStartTime":1603774200000,"mStepCount":0,"mTimeUnit":600000,"mTotalActiveTime":0.0,"mWalkStepCount":0},{"mCalorie":0.0,"mDistance":0.0,"mNowHealthyStep":0,"mRunStepCount":0,"mSpeed":0.0,"mStartTime":1603774800000,"mStepCount":0,"mTimeUnit":600000,"mTotalActiveTime":0.0,"mWalkStepCount":0},{"mCalorie":0.0,"mDistance":0.0,"mNowHealthyStep":0,"mRunStepCount":0,"mSpeed":0.0,"mStartTime":1603775400000,"mStepCount":0,"mTimeUnit":600000,"mTotalActiveTime":0.0,"mWalkStepCount":0},{"mCalorie":0.0,"mDistance":0.0,"mNowHealthyStep":0,"mRunStepCount":0,"mSpeed":0.0,"mStartTime":1603776000000,"mStepCount":0,"mTimeUnit":600000,"mTotalActiveTime":0.0,"mWalkStepCount":0},{"mCalorie":0.0,"mDistance":0.0,"mNowHealthyStep":0,"mRunStepCount":0,"mSpeed":0.0,"mStartTime":1603776600000,"mStepCount":0,"mTimeUnit":600000,"mTotalActiveTime":0.0,"mWalkStepCount":0},{"mCalorie":0.0,"mDistance":0.0,"mNowHealthyStep":0,"mRunStepCount":0,"mSpeed":0.0,"mStartTime":1603777200000,"mStepCount":0,"mTimeUnit":600000,"mTotalActiveTime":0.0,"mWalkStepCount":0},{"mCalorie":0.0,"mDistance":0.0,"mNowHealthyStep":0,"mRunStepCount":0,"mSpeed":0.0,"mStartTime":1603777800000,"mStepCount":0,"mTimeUnit":600000,"mTotalActiveTime":0.0,"mWalkStepCount":0},{"mCalorie":0.0,"mDistance":0.0,"mNowHealthyStep":0,"mRunStepCount":0,"mSpeed":0.0,"mStartTime":1603778400000,"mStepCount":0,"mTimeUnit":600000,"mTotalActiveTime":0.0,"mWalkStepCount":0},{"mCalorie":0.0,"mDistance":0.0,"mNowHealthyStep":0,"mRunStepCount":0,"mSpeed":0.0,"mStartTime":1603779000000,"mStepCount":0,"mTimeUnit":600000,"mTotalActiveTime":0.0,"mWalkStepCount":0},{"mCalorie":0.0,"mDistance":0.0,"mNowHealthyStep":0,"mRunStepCount":0,"mSpeed":0.0,"mStartTime":1603779600000,"mStepCount":0,"mTimeUnit":600000,"mTotalActiveTime":0.0,"mWalkStepCount":0},{"mCalorie":0.0,"mDistance":0.0,"mNowHealthyStep":0,"mRunStepCount":0,"mSpeed":0.0,"mStartTime":1603780200000,"mStepCount":0,"mTimeUnit":600000,"mTotalActiveTime":0.0,"mWalkStepCount":0},{"mCalorie":0.0,"mDistance":0.0,"mNowHealthyStep":0,"mRunStepCount":0,"mSpeed":0.0,"mStartTime":1603780800000,"mStepCount":0,"mTimeUnit":600000,"mTotalActiveTime":0.0,"mWalkStepCount":0},{"mCalorie":0.0,"mDistance":0.0,"mNowHealthyStep":0,"mRunStepCount":0,"mSpeed":0.0,"mStartTime":1603781400000,"mStepCount":0,"mTimeUnit":600000,"mTotalActiveTime":0.0,"mWalkStepCount":0},{"mCalorie":0.0,"mDistance":0.0,"mNowHealthyStep":0,"mRunStepCount":0,"mSpeed":0.0,"mStartTime":1603782000000,"mStepCount":0,"mTimeUnit":600000,"mTotalActiveTime":0.0,"mWalkStepCount":0},{"mCalorie":0.0,"mDistance":0.0,"mNowHealthyStep":0,"mRunStepCount":0,"mSpeed":0.0,"mStartTime":1603782600000,"mStepCount":0,"mTimeUnit":600000,"mTotalActiveTime":0.0,"mWalkStepCount":0},{"mCalorie":0.0,"mDistance":0.0,"mNowHealthyStep":0,"mRunStepCount":0,"mSpeed":0.0,"mStartTime":1603783200000,"mStepCount":0,"mTimeUnit":600000,"mTotalActiveTime":0.0,"mWalkStepCount":0},{"mCalorie":0.0,"mDistance":0.0,"mNowHealthyStep":0,"mRunStepCount":0,"mSpeed":0.0,"mStartTime":1603783800000,"mStepCount":0,"mTimeUnit":600000,"mTotalActiveTime":0.0,"mWalkStepCount":0},{"mCalorie":0.0,"mDistance":0.0,"mNowHealthyStep":0,"mRunStepCount":0,"mSpeed":0.0,"mStartTime":1603784400000,"mStepCount":0,"mTimeUnit":600000,"mTotalActiveTime":0.0,"mWalkStepCount":0},{"mCalorie":0.0,"mDistance":0.0,"mNowHealthyStep":0,"mRunStepCount":0,"mSpeed":0.0,"mStartTime":1603785000000,"mStepCount":0,"mTimeUnit":600000,"mTotalActiveTime":0.0,"mWalkStepCount":0},{"mCalorie":0.0,"mDistance":0.0,"mNowHealthyStep":0,"mRunStepCount":0,"mSpeed":0.0,"mStartTime":1603785600000,"mStepCount":0,"mTimeUnit":600000,"mTotalActiveTime":0.0,"mWalkStepCount":0},{"mCalorie":0.0,"mDistance":0.0,"mNowHealthyStep":0,"mRunStepCount":0,"mSpeed":0.0,"mStartTime":1603786200000,"mStepCount":0,"mTimeUnit":600000,"mTotalActiveTime":0.0,"mWalkStepCount":0},{"mCalorie":0.0,"mDistance":0.0,"mNowHealthyStep":0,"mRunStepCount":0,"mSpeed":0.0,"mStartTime":1603786800000,"mStepCount":0,"mTimeUnit":600000,"mTotalActiveTime":0.0,"mWalkStepCount":0},{"mCalorie":0.0,"mDistance":0.0,"mNowHealthyStep":0,"mRunStepCount":0,"mSpeed":0.0,"mStartTime":1603787400000,"mStepCount":0,"mTimeUnit":600000,"mTotalActiveTime":0.0,"mWalkStepCount":0},{"mCalorie":0.0,"mDistance":0.0,"mNowHealthyStep":0,"mRunStepCount":0,"mSpeed":0.0,"mStartTime":1603788000000,"mStepCount":0,"mTimeUnit":600000,"mTotalActiveTime":0.0,"mWalkStepCount":0},{"mCalorie":0.0,"mDistance":0.0,"mNowHealthyStep":0,"mRunStepCount":0,"mSpeed":0.0,"mStartTime":1603788600000,"mStepCount":0,"mTimeUnit":600000,"mTotalActiveTime":0.0,"mWalkStepCount":0},{"mCalorie":0.0,"mDistance":0.0,"mNowHealthyStep":0,"mRunStepCount":0,"mSpeed":0.0,"mStartTime":1603789200000,"mStepCount":0,"mTimeUnit":600000,"mTotalActiveTime":0.0,"mWalkStepCount":0},{"mCalorie":0.0,"mDistance":0.0,"mNowHealthyStep":0,"mRunStepCount":0,"mSpeed":0.0,"mStartTime":1603789800000,"mStepCount":0,"mTimeUnit":600000,"mTotalActiveTime":0.0,"mWalkStepCount":0},{"mCalorie":2.1100000143051147,"mDistance":42.53999996185303,"mNowHealthyStep":0,"mRunStepCount":0,"mSpeed":4.476436614990234,"mStartTime":1603790400000,"mStepCount":57,"mTimeUnit":600000,"mTotalActiveTime":34211.14007885536,"mWalkStepCount":57},{"mCalorie":0.8500000238418579,"mDistance":17.09000015258789,"mNowHealthyStep":0,"mRunStepCount":0,"mSpeed":4.099999904632568,"mStartTime":1603791000000,"mStepCount":23,"mTimeUnit":600000,"mTotalActiveTime":15005.854141557604,"mWalkStepCount":23},{"mCalorie":5.730000019073486,"mDistance":109.8299994468689,"mNowHealthyStep":0,"mRunStepCount":0,"mSpeed":4.256115913391113,"mStartTime":1603791600000,"mStepCount":149,"mTimeUnit":600000,"mTotalActiveTime":92898.78603998451,"mWalkStepCount":149},{"mCalorie":4.629999876022339,"mDistance":85.7400016784668,"mNowHealthyStep":0,"mRunStepCount":0,"mSpeed":4.5732903480529785,"mStartTime":1603792200000,"mStepCount":123,"mTimeUnit":600000,"mTotalActiveTime":67492.76576349998,"mWalkStepCount":123},{"mCalorie":6.750000059604645,"mDistance":126.36999845504761,"mNowHealthyStep":0,"mRunStepCount":0,"mSpeed":3.7849059104919434,"mStartTime":1603792800000,"mStepCount":175,"mTimeUnit":600000,"mTotalActiveTime":120196.37843924043,"mWalkStepCount":175},{"mCalorie":14.490000069141388,"mDistance":270.76000595092773,"mNowHealthyStep":0,"mRunStepCount":0,"mSpeed":4.110127925872803,"mStartTime":1603793400000,"mStepCount":377,"mTimeUnit":600000,"mTotalActiveTime":237154.6559480371,"mWalkStepCount":377},{"mCalorie":32.19999957084656,"mDistance":627.6100063323975,"mNowHealthyStep":0,"mRunStepCount":0,"mSpeed":4.377381801605225,"mStartTime":1603794000000,"mStepCount":842,"mTimeUnit":600000,"mTotalActiveTime":516152.4040322513,"mWalkStepCount":842},{"mCalorie":27.18000030517578,"mDistance":519.2299957275391,"mNowHealthyStep":0,"mRunStepCount":0,"mSpeed":4.33322811126709,"mStartTime":1603794600000,"mStepCount":701,"mTimeUnit":600000,"mTotalActiveTime":431370.79632910504,"mWalkStepCount":701},{"mCalorie":25.53000020980835,"mDistance":493.79999256134033,"mNowHealthyStep":0,"mRunStepCount":0,"mSpeed":4.401220321655273,"mStartTime":1603795200000,"mStepCount":664,"mTimeUnit":600000,"mTotalActiveTime":403906.13797768456,"mWalkStepCount":664},{"mCalorie":23.229999899864197,"mDistance":452.85001277923584,"mNowHealthyStep":0,"mRunStepCount":0,"mSpeed":4.385223388671875,"mStartTime":1603795800000,"mStepCount":612,"mTimeUnit":600000,"mTotalActiveTime":371762.1352535125,"mWalkStepCount":612},{"mCalorie":1.9700000286102295,"mDistance":39.66999912261963,"mNowHealthyStep":0,"mRunStepCount":0,"mSpeed":4.564204692840576,"mStartTime":1603796400000,"mStepCount":54,"mTimeUnit":600000,"mTotalActiveTime":31289.569389903765,"mWalkStepCount":54},{"mCalorie":0.0,"mDistance":0.0,"mNowHealthyStep":0,"mRunStepCount":0,"mSpeed":0.0,"mStartTime":1603797000000,"mStepCount":0,"mTimeUnit":600000,"mTotalActiveTime":0.0,"mWalkStepCount":0},{"mCalorie":0.0,"mDistance":0.0,"mNowHealthyStep":0,"mRunStepCount":0,"mSpeed":0.0,"mStartTime":1603797600000,"mStepCount":0,"mTimeUnit":600000,"mTotalActiveTime":0.0,"mWalkStepCount":0},{"mCalorie":2.3299997597932816,"mDistance":44.59999680519104,"mNowHealthyStep":0,"mRunStepCount":0,"mSpeed":4.254281520843506,"mStartTime":1603798200000,"mStepCount":61,"mTimeUnit":600000,"mTotalActiveTime":37740.80135698903,"mWalkStepCount":61},{"mCalorie":2.899999976158142,"mDistance":44.44999885559082,"mNowHealthyStep":0,"mRunStepCount":0,"mSpeed":4.305699348449707,"mStartTime":1603798800000,"mStepCount":69,"mTimeUnit":600000,"mTotalActiveTime":37164.69190826012,"mWalkStepCount":69},{"mCalorie":0.0,"mDistance":0.0,"mNowHealthyStep":0,"mRunStepCount":0,"mSpeed":0.0,"mStartTime":1603799400000,"mStepCount":0,"mTimeUnit":600000,"mTotalActiveTime":0.0,"mWalkStepCount":0},{"mCalorie":2.510000079870224,"mDistance":27.190000534057617,"mNowHealthyStep":0,"mRunStepCount":0,"mSpeed":3.6673355102539062,"mStartTime":1603800000000,"mStepCount":43,"mTimeUnit":600000,"mTotalActiveTime":26690.768447162194,"mWalkStepCount":43},{"mCalorie":0.29999998211860657,"mDistance":5.75,"mNowHealthyStep":0,"mRunStepCount":0,"mSpeed":4.171731948852539,"mStartTime":1603800600000,"mStepCount":8,"mTimeUnit":600000,"mTotalActiveTime":4961.967895778554,"mWalkStepCount":8},{"mCalorie":9.520000010728836,"mDistance":178.05999660491943,"mNowHealthyStep":0,"mRunStepCount":0,"mSpeed":4.480871200561523,"mStartTime":1603801200000,"mStepCount":248,"mTimeUnit":600000,"mTotalActiveTime":143056.10224836506,"mWalkStepCount":248},{"mCalorie":0.0,"mDistance":0.0,"mNowHealthyStep":0,"mRunStepCount":0,"mSpeed":0.0,"mStartTime":1603801800000,"mStepCount":0,"mTimeUnit":600000,"mTotalActiveTime":0.0,"mWalkStepCount":0},{"mCalorie":1.929999977350235,"mDistance":40.84999990463257,"mNowHealthyStep":0,"mRunStepCount":0,"mSpeed":4.613762378692627,"mStartTime":1603802400000,"mStepCount":54,"mTimeUnit":600000,"mTotalActiveTime":31874.201588349642,"mWalkStepCount":54},{"mCalorie":3.1699999570846558,"mDistance":60.90999984741211,"mNowHealthyStep":0,"mRunStepCount":0,"mSpeed":4.1043477058410645,"mStartTime":1603803000000,"mStepCount":83,"mTimeUnit":600000,"mTotalActiveTime":53425.29924077682,"mWalkStepCount":83},{"mCalorie":3.3699997663497925,"mDistance":64.3499984741211,"mNowHealthyStep":0,"mRunStepCount":0,"mSpeed":4.235598564147949,"mStartTime":1603803600000,"mStepCount":87,"mTimeUnit":600000,"mTotalActiveTime":54693.56765340938,"mWalkStepCount":87},{"mCalorie":0.6899999976158142,"mDistance":13.84000015258789,"mNowHealthyStep":0,"mRunStepCount":0,"mSpeed":4.000419616699219,"mStartTime":1603804200000,"mStepCount":19,"mTimeUnit":600000,"mTotalActiveTime":12454.692923083156,"mWalkStepCount":19},{"mCalorie":6.030000060796738,"mDistance":104.63000392913818,"mNowHealthyStep":0,"mRunStepCount":0,"mSpeed":4.586475849151611,"mStartTime":1603804800000,"mStepCount":152,"mTimeUnit":600000,"mTotalActiveTime":82125.80679289237,"mWalkStepCount":152},{"mCalorie":6.660000041127205,"mDistance":123.41000247001648,"mNowHealthyStep":0,"mRunStepCount":0,"mSpeed":3.903859853744507,"mStartTime":1603805400000,"mStepCount":170,"mTimeUnit":600000,"mTotalActiveTime":113804.2946018244,"mWalkStepCount":170},{"mCalorie":33.619999170303345,"mDistance":649.5099983215332,"mNowHealthyStep":0,"mRunStepCount":0,"mSpeed":4.303325653076172,"mStartTime":1603806000000,"mStepCount":877,"mTimeUnit":600000,"mTotalActiveTime":543355.6015357445,"mWalkStepCount":877},{"mCalorie":23.58999925851822,"mDistance":409.93999767303467,"mNowHealthyStep":0,"mRunStepCount":0,"mSpeed":4.151958465576172,"mStartTime":1603806600000,"mStepCount":589,"mTimeUnit":600000,"mTotalActiveTime":355442.8531757412,"mWalkStepCount":589},{"mCalorie":10.150000095367432,"mDistance":191.33999824523926,"mNowHealthyStep":0,"mRunStepCount":0,"mSpeed":3.9262807369232178,"mStartTime":1603807200000,"mStepCount":263,"mTimeUnit":600000,"mTotalActiveTime":175439.3100620664,"mWalkStepCount":263},{"mCalorie":2.4999997317790985,"mDistance":48.269999980926514,"mNowHealthyStep":0,"mRunStepCount":0,"mSpeed":3.9558768272399902,"mStartTime":1603807800000,"mStepCount":66,"mTimeUnit":600000,"mTotalActiveTime":43927.556236807635,"mWalkStepCount":66},{"mCalorie":0.5699999928474426,"mDistance":12.049999713897705,"mNowHealthyStep":0,"mRunStepCount":0,"mSpeed":4.181784629821777,"mStartTime":1603808400000,"mStepCount":16,"mTimeUnit":600000,"mTotalActiveTime":10373.560826343051,"mWalkStepCount":16},{"mCalorie":3.679999977350235,"mDistance":69.30999994277954,"mNowHealthyStep":0,"mRunStepCount":0,"mSpeed":3.8070874214172363,"mStartTime":1603809000000,"mStepCount":96,"mTimeUnit":600000,"mTotalActiveTime":65539.86681654272,"mWalkStepCount":96},{"mCalorie":1.530000001192093,"mDistance":29.010000228881836,"mNowHealthyStep":0,"mRunStepCount":0,"mSpeed":3.999342203140259,"mStartTime":1603809600000,"mStepCount":40,"mTimeUnit":600000,"mTotalActiveTime":26113.295134876294,"mWalkStepCount":40},{"mCalorie":5.090000033378601,"mDistance":99.7400016784668,"mNowHealthyStep":0,"mRunStepCount":0,"mSpeed":4.196463108062744,"mStartTime":1603810200000,"mStepCount":136,"mTimeUnit":600000,"mTotalActiveTime":85563.48860476639,"mWalkStepCount":136},{"mCalorie":16.129999935626984,"mDistance":269.09000182151794,"mNowHealthyStep":0,"mRunStepCount":0,"mSpeed":4.366394996643066,"mStartTime":1603810800000,"mStepCount":396,"mTimeUnit":600000,"mTotalActiveTime":221858.98845199624,"mWalkStepCount":396},{"mCalorie":7.779999881982803,"mDistance":151.0199999809265,"mNowHealthyStep":0,"mRunStepCount":0,"mSpeed":3.807542085647583,"mStartTime":1603811400000,"mStepCount":208,"mTimeUnit":600000,"mTotalActiveTime":142788.18013021722,"mWalkStepCount":208},{"mCalorie":9.650000005960464,"mDistance":182.54000186920166,"mNowHealthyStep":0,"mRunStepCount":0,"mSpeed":3.922830104827881,"mStartTime":1603812000000,"mStepCount":251,"mTimeUnit":600000,"mTotalActiveTime":167517.83660376677,"mWalkStepCount":251},{"mCalorie":5.190000057220459,"mDistance":100.49999952316284,"mNowHealthyStep":0,"mRunStepCount":0,"mSpeed":3.8380916118621826,"mStartTime":1603812600000,"mStepCount":138,"mTimeUnit":600000,"mTotalActiveTime":94265.59476849063,"mWalkStepCount":138},{"mCalorie":21.209999978542328,"mDistance":375.5599994659424,"mNowHealthyStep":0,"mRunStepCount":0,"mSpeed":4.185734748840332,"mStartTime":1603813200000,"mStepCount":529,"mTimeUnit":600000,"mTotalActiveTime":323005.646233413,"mWalkStepCount":529},{"mCalorie":1.2700000405311584,"mDistance":26.03999900817871,"mNowHealthyStep":0,"mRunStepCount":0,"mSpeed":4.5093865394592285,"mStartTime":1603813800000,"mStepCount":35,"mTimeUnit":600000,"mTotalActiveTime":20788.63556883802,"mWalkStepCount":35},{"mCalorie":2.010000064969063,"mDistance":38.840001583099365,"mNowHealthyStep":0,"mRunStepCount":0,"mSpeed":4.1946916580200195,"mStartTime":1603814400000,"mStepCount":53,"mTimeUnit":600000,"mTotalActiveTime":33333.55871642399,"mWalkStepCount":53},{"mCalorie":2.1299999952316284,"mDistance":43.77000045776367,"mNowHealthyStep":0,"mRunStepCount":0,"mSpeed":4.629050254821777,"mStartTime":1603815000000,"mStepCount":59,"mTimeUnit":600000,"mTotalActiveTime":34039.81274214889,"mWalkStepCount":59},{"mCalorie":8.340000092983246,"mDistance":160.60000228881836,"mNowHealthyStep":0,"mRunStepCount":0,"mSpeed":3.9765512943267822,"mStartTime":1603815600000,"mStepCount":219,"mTimeUnit":600000,"mTotalActiveTime":145392.32108130524,"mWalkStepCount":219},{"mCalorie":0.0,"mDistance":0.0,"mNowHealthyStep":0,"mRunStepCount":0,"mSpeed":0.0,"mStartTime":1603816200000,"mStepCount":0,"mTimeUnit":600000,"mTotalActiveTime":0.0,"mWalkStepCount":0},{"mCalorie":0.25999999046325684,"mDistance":4.909999847412109,"mNowHealthyStep":0,"mRunStepCount":0,"mSpeed":3.200000286102295,"mStartTime":1603816800000,"mStepCount":7,"mTimeUnit":600000,"mTotalActiveTime":5523.749334476948,"mWalkStepCount":7},{"mCalorie":0.8899999856948853,"mDistance":16.719999313354492,"mNowHealthyStep":0,"mRunStepCount":0,"mSpeed":3.9000003337860107,"mStartTime":1603817400000,"mStepCount":23,"mTimeUnit":600000,"mTotalActiveTime":15433.844199096126,"mWalkStepCount":23},{"mCalorie":0.0,"mDistance":0.0,"mNowHealthyStep":0,"mRunStepCount":0,"mSpeed":0.0,"mStartTime":1603818000000,"mStepCount":0,"mTimeUnit":600000,"mTotalActiveTime":0.0,"mWalkStepCount":0},{"mCalorie":0.5399999618530273,"mDistance":9.940000534057617,"mNowHealthyStep":0,"mRunStepCount":0,"mSpeed":3.622568368911743,"mStartTime":1603818600000,"mStepCount":14,"mTimeUnit":600000,"mTotalActiveTime":9878.074967390416,"mWalkStepCount":14},{"mCalorie":0.0,"mDistance":0.0,"mNowHealthyStep":0,"mRunStepCount":0,"mSpeed":0.0,"mStartTime":1603819200000,"mStepCount":0,"mTimeUnit":600000,"mTotalActiveTime":0.0,"mWalkStepCount":0},{"mCalorie":0.0,"mDistance":0.0,"mNowHealthyStep":0,"mRunStepCount":0,"mSpeed":0.0,"mStartTime":1603819800000,"mStepCount":0,"mTimeUnit":600000,"mTotalActiveTime":0.0,"mWalkStepCount":0},{"mCalorie":0.0,"mDistance":0.0,"mNowHealthyStep":0,"mRunStepCount":0,"mSpeed":0.0,"mStartTime":1603820400000,"mStepCount":0,"mTimeUnit":600000,"mTotalActiveTime":0.0,"mWalkStepCount":0},{"mCalorie":1.7400000095367432,"mDistance":35.63999938964844,"mNowHealthyStep":0,"mRunStepCount":0,"mSpeed":5.010342121124268,"mStartTime":1603821000000,"mStepCount":50,"mTimeUnit":600000,"mTotalActiveTime":25607.832339911187,"mWalkStepCount":50},{"mCalorie":0.0,"mDistance":0.0,"mNowHealthyStep":0,"mRunStepCount":0,"mSpeed":0.0,"mStartTime":1603821600000,"mStepCount":0,"mTimeUnit":600000,"mTotalActiveTime":0.0,"mWalkStepCount":0},{"mCalorie":0.9300000071525574,"mDistance":19.190000534057617,"mNowHealthyStep":0,"mRunStepCount":0,"mSpeed":5.099999904632568,"mStartTime":1603822200000,"mStepCount":26,"mTimeUnit":600000,"mTotalActiveTime":13545.882983224214,"mWalkStepCount":26},{"mCalorie":0.0,"mDistance":0.0,"mNowHealthyStep":0,"mRunStepCount":0,"mSpeed":0.0,"mStartTime":1603822800000,"mStepCount":0,"mTimeUnit":600000,"mTotalActiveTime":0.0,"mWalkStepCount":0},{"mCalorie":0.0,"mDistance":0.0,"mNowHealthyStep":0,"mRunStepCount":0,"mSpeed":0.0,"mStartTime":1603823400000,"mStepCount":0,"mTimeUnit":600000,"mTotalActiveTime":0.0,"mWalkStepCount":0},{"mCalorie":0.0,"mDistance":0.0,"mNowHealthyStep":0,"mRunStepCount":0,"mSpeed":0.0,"mStartTime":1603824000000,"mStepCount":0,"mTimeUnit":600000,"mTotalActiveTime":0.0,"mWalkStepCount":0},{"mCalorie":1.8100000619888306,"mDistance":33.0,"mNowHealthyStep":0,"mRunStepCount":0,"mSpeed":4.570071697235107,"mStartTime":1603824600000,"mStepCount":42,"mTimeUnit":600000,"mTotalActiveTime":25995.21471995974,"mWalkStepCount":42},{"mCalorie":2.119999945163727,"mDistance":39.209999084472656,"mNowHealthyStep":0,"mRunStepCount":0,"mSpeed":3.4375479221343994,"mStartTime":1603825200000,"mStepCount":55,"mTimeUnit":600000,"mTotalActiveTime":41062.99096515375,"mWalkStepCount":55},{"mCalorie":0.5400000214576721,"mDistance":10.869999885559082,"mNowHealthyStep":0,"mRunStepCount":0,"mSpeed":4.0,"mStartTime":1603825800000,"mStepCount":15,"mTimeUnit":600000,"mTotalActiveTime":9782.999897003174,"mWalkStepCount":15},{"mCalorie":0.0,"mDistance":0.0,"mNowHealthyStep":0,"mRunStepCount":0,"mSpeed":0.0,"mStartTime":1603826400000,"mStepCount":0,"mTimeUnit":600000,"mTotalActiveTime":0.0,"mWalkStepCount":0},{"mCalorie":0.0,"mDistance":0.0,"mNowHealthyStep":0,"mRunStepCount":0,"mSpeed":0.0,"mStartTime":1603827000000,"mStepCount":0,"mTimeUnit":600000,"mTotalActiveTime":0.0,"mWalkStepCount":0},{"mCalorie":0.0,"mDistance":0.0,"mNowHealthyStep":0,"mRunStepCount":0,"mSpeed":0.0,"mStartTime":1603827600000,"mStepCount":0,"mTimeUnit":600000,"mTotalActiveTime":0.0,"mWalkStepCount":0},{"mCalorie":0.0,"mDistance":0.0,"mNowHealthyStep":0,"mRunStepCount":0,"mSpeed":0.0,"mStartTime":1603828200000,"mStepCount":0,"mTimeUnit":600000,"mTotalActiveTime":0.0,"mWalkStepCount":0},{"mCalorie":0.0,"mDistance":0.0,"mNowHealthyStep":0,"mRunStepCount":0,"mSpeed":0.0,"mStartTime":1603828800000,"mStepCount":0,"mTimeUnit":600000,"mTotalActiveTime":0.0,"mWalkStepCount":0},{"mCalorie":0.0,"mDistance":0.0,"mNowHealthyStep":0,"mRunStepCount":0,"mSpeed":0.0,"mStartTime":1603829400000,"mStepCount":0,"mTimeUnit":600000,"mTotalActiveTime":0.0,"mWalkStepCount":0},{"mCalorie":0.0,"mDistance":0.0,"mNowHealthyStep":0,"mRunStepCount":0,"mSpeed":0.0,"mStartTime":1603830000000,"mStepCount":0,"mTimeUnit":600000,"mTotalActiveTime":0.0,"mWalkStepCount":0},{"mCalorie":0.0,"mDistance":0.0,"mNowHealthyStep":0,"mRunStepCount":0,"mSpeed":0.0,"mStartTime":1603830600000,"mStepCount":0,"mTimeUnit":600000,"mTotalActiveTime":0.0,"mWalkStepCount":0},{"mCalorie":1.300000011920929,"mDistance":25.149999618530273,"mNowHealthyStep":0,"mRunStepCount":0,"mSpeed":3.7304811477661133,"mStartTime":1603831200000,"mStepCount":35,"mTimeUnit":600000,"mTotalActiveTime":24270.328121314422,"mWalkStepCount":35},{"mCalorie":1.350000023841858,"mDistance":25.49000072479248,"mNowHealthyStep":0,"mRunStepCount":0,"mSpeed":3.251919746398926,"mStartTime":1603831800000,"mStepCount":36,"mTimeUnit":600000,"mTotalActiveTime":28218.40884692569,"mWalkStepCount":36},{"mCalorie":0.0,"mDistance":0.0,"mNowHealthyStep":0,"mRunStepCount":0,"mSpeed":0.0,"mStartTime":1603832400000,"mStepCount":0,"mTimeUnit":600000,"mTotalActiveTime":0.0,"mWalkStepCount":0},{"mCalorie":0.0,"mDistance":0.0,"mNowHealthyStep":0,"mRunStepCount":0,"mSpeed":0.0,"mStartTime":1603833000000,"mStepCount":0,"mTimeUnit":600000,"mTotalActiveTime":0.0,"mWalkStepCount":0},{"mCalorie":0.0,"mDistance":0.0,"mNowHealthyStep":0,"mRunStepCount":0,"mSpeed":0.0,"mStartTime":1603833600000,"mStepCount":0,"mTimeUnit":600000,"mTotalActiveTime":0.0,"mWalkStepCount":0},{"mCalorie":0.0,"mDistance":0.0,"mNowHealthyStep":0,"mRunStepCount":0,"mSpeed":0.0,"mStartTime":1603834200000,"mStepCount":0,"mTimeUnit":600000,"mTotalActiveTime":0.0,"mWalkStepCount":0},{"mCalorie":0.0,"mDistance":0.0,"mNowHealthyStep":0,"mRunStepCount":0,"mSpeed":0.0,"mStartTime":1603834800000,"mStepCount":0,"mTimeUnit":600000,"mTotalActiveTime":0.0,"mWalkStepCount":0},{"mCalorie":0.0,"mDistance":0.0,"mNowHealthyStep":0,"mRunStepCount":0,"mSpeed":0.0,"mStartTime":1603835400000,"mStepCount":0,"mTimeUnit":600000,"mTotalActiveTime":0.0,"mWalkStepCount":0},{"mCalorie":0.0,"mDistance":0.0,"mNowHealthyStep":0,"mRunStepCount":0,"mSpeed":0.0,"mStartTime":1603836000000,"mStepCount":0,"mTimeUnit":600000,"mTotalActiveTime":0.0,"mWalkStepCount":0},{"mCalorie":0.0,"mDistance":0.0,"mNowHealthyStep":0,"mRunStepCount":0,"mSpeed":0.0,"mStartTime":1603836600000,"mStepCount":0,"mTimeUnit":600000,"mTotalActiveTime":0.0,"mWalkStepCount":0},{"mCalorie":0.0,"mDistance":0.0,"mNowHealthyStep":0,"mRunStepCount":0,"mSpeed":0.0,"mStartTime":1603837200000,"mStepCount":0,"mTimeUnit":600000,"mTotalActiveTime":0.0,"mWalkStepCount":0},{"mCalorie":0.0,"mDistance":0.0,"mNowHealthyStep":0,"mRunStepCount":0,"mSpeed":0.0,"mStartTime":1603837800000,"mStepCount":0,"mTimeUnit":600000,"mTotalActiveTime":0.0,"mWalkStepCount":0},{"mCalorie":0.0,"mDistance":0.0,"mNowHealthyStep":0,"mRunStepCount":0,"mSpeed":0.0,"mStartTime":1603838400000,"mStepCount":0,"mTimeUnit":600000,"mTotalActiveTime":0.0,"mWalkStepCount":0},{"mCalorie":0.0,"mDistance":0.0,"mNowHealthyStep":0,"mRunStepCount":0,"mSpeed":0.0,"mStartTime":1603839000000,"mStepCount":0,"mTimeUnit":600000,"mTotalActiveTime":0.0,"mWalkStepCount":0}]