[{"mCalorie":0.0,"mDistance":0.0,"mNowHealthyStep":0,"mRunStepCount":0,"mSpeed":0.0,"mStartTime":1596664800000,"mStepCount":0,"mTimeUnit":600000,"mTotalActiveTime":0.0,"mWalkStepCount":0},{"mCalorie":0.0,"mDistance":0.0,"mNowHealthyStep":0,"mRunStepCount":0,"mSpeed":0.0,"mStartTime":1596665400000,"mStepCount":0,"mTimeUnit":600000,"mTotalActiveTime":0.0,"mWalkStepCount":0},{"mCalorie":0.0,"mDistance":0.0,"mNowHealthyStep":0,"mRunStepCount":0,"mSpeed":0.0,"mStartTime":1596666000000,"mStepCount":0,"mTimeUnit":600000,"mTotalActiveTime":0.0,"mWalkStepCount":0},{"mCalorie":0.0,"mDistance":0.0,"mNowHealthyStep":0,"mRunStepCount":0,"mSpeed":0.0,"mStartTime":1596666600000,"mStepCount":0,"mTimeUnit":600000,"mTotalActiveTime":0.0,"mWalkStepCount":0},{"mCalorie":0.0,"mDistance":0.0,"mNowHealthyStep":0,"mRunStepCount":0,"mSpeed":0.0,"mStartTime":1596667200000,"mStepCount":0,"mTimeUnit":600000,"mTotalActiveTime":0.0,"mWalkStepCount":0},{"mCalorie":0.0,"mDistance":0.0,"mNowHealthyStep":0,"mRunStepCount":0,"mSpeed":0.0,"mStartTime":1596667800000,"mStepCount":0,"mTimeUnit":600000,"mTotalActiveTime":0.0,"mWalkStepCount":0},{"mCalorie":0.0,"mDistance":0.0,"mNowHealthyStep":0,"mRunStepCount":0,"mSpeed":0.0,"mStartTime":1596668400000,"mStepCount":0,"mTimeUnit":600000,"mTotalActiveTime":0.0,"mWalkStepCount":0},{"mCalorie":0.0,"mDistance":0.0,"mNowHealthyStep":0,"mRunStepCount":0,"mSpeed":0.0,"mStartTime":1596669000000,"mStepCount":0,"mTimeUnit":600000,"mTotalActiveTime":0.0,"mWalkStepCount":0},{"mCalorie":0.0,"mDistance":0.0,"mNowHealthyStep":0,"mRunStepCount":0,"mSpeed":0.0,"mStartTime":1596669600000,"mStepCount":0,"mTimeUnit":600000,"mTotalActiveTime":0.0,"mWalkStepCount":0},{"mCalorie":0.0,"mDistance":0.0,"mNowHealthyStep":0,"mRunStepCount":0,"mSpeed":0.0,"mStartTime":1596670200000,"mStepCount":0,"mTimeUnit":600000,"mTotalActiveTime":0.0,"mWalkStepCount":0},{"mCalorie":0.4,"mDistance":9.69,"mNowHealthyStep":0,"mRunStepCount":0,"mSpeed":6.300000190734863,"mStartTime":1596670800000,"mStepCount":12,"mTimeUnit":600000,"mTotalActiveTime":5537.142689503785,"mWalkStepCount":12},{"mCalorie":0.0,"mDistance":0.0,"mNowHealthyStep":0,"mRunStepCount":0,"mSpeed":0.0,"mStartTime":1596671400000,"mStepCount":0,"mTimeUnit":600000,"mTotalActiveTime":0.0,"mWalkStepCount":0},{"mCalorie":0.0,"mDistance":0.0,"mNowHealthyStep":0,"mRunStepCount":0,"mSpeed":0.0,"mStartTime":1596672000000,"mStepCount":0,"mTimeUnit":600000,"mTotalActiveTime":0.0,"mWalkStepCount":0},{"mCalorie":0.35,"mDistance":8.07,"mNowHealthyStep":0,"mRunStepCount":0,"mSpeed":6.400000095367432,"mStartTime":1596672600000,"mStepCount":10,"mTimeUnit":600000,"mTotalActiveTime":4539.374932358042,"mWalkStepCount":10},{"mCalorie":0.0,"mDistance":0.0,"mNowHealthyStep":0,"mRunStepCount":0,"mSpeed":0.0,"mStartTime":1596673200000,"mStepCount":0,"mTimeUnit":600000,"mTotalActiveTime":0.0,"mWalkStepCount":0},{"mCalorie":0.0,"mDistance":0.0,"mNowHealthyStep":0,"mRunStepCount":0,"mSpeed":0.0,"mStartTime":1596673800000,"mStepCount":0,"mTimeUnit":600000,"mTotalActiveTime":0.0,"mWalkStepCount":0},{"mCalorie":0.0,"mDistance":0.0,"mNowHealthyStep":0,"mRunStepCount":0,"mSpeed":0.0,"mStartTime":1596674400000,"mStepCount":0,"mTimeUnit":600000,"mTotalActiveTime":0.0,"mWalkStepCount":0},{"mCalorie":0.0,"mDistance":0.0,"mNowHealthyStep":0,"mRunStepCount":0,"mSpeed":0.0,"mStartTime":1596675000000,"mStepCount":0,"mTimeUnit":600000,"mTotalActiveTime":0.0,"mWalkStepCount":0},{"mCalorie":0.0,"mDistance":0.0,"mNowHealthyStep":0,"mRunStepCount":0,"mSpeed":0.0,"mStartTime":1596675600000,"mStepCount":0,"mTimeUnit":600000,"mTotalActiveTime":0.0,"mWalkStepCount":0},{"mCalorie":0.0,"mDistance":0.0,"mNowHealthyStep":0,"mRunStepCount":0,"mSpeed":0.0,"mStartTime":1596676200000,"mStepCount":0,"mTimeUnit":600000,"mTotalActiveTime":0.0,"mWalkStepCount":0},{"mCalorie":0.0,"mDistance":0.0,"mNowHealthyStep":0,"mRunStepCount":0,"mSpeed":0.0,"mStartTime":1596676800000,"mStepCount":0,"mTimeUnit":600000,"mTotalActiveTime":0.0,"mWalkStepCount":0},{"mCalorie":0.0,"mDistance":0.0,"mNowHealthyStep":0,"mRunStepCount":0,"mSpeed":0.0,"mStartTime":1596677400000,"mStepCount":0,"mTimeUnit":600000,"mTotalActiveTime":0.0,"mWalkStepCount":0},{"mCalorie":0.0,"mDistance":0.0,"mNowHealthyStep":0,"mRunStepCount":0,"mSpeed":0.0,"mStartTime":1596678000000,"mStepCount":0,"mTimeUnit":600000,"mTotalActiveTime":0.0,"mWalkStepCount":0},{"mCalorie":0.0,"mDistance":0.0,"mNowHealthyStep":0,"mRunStepCount":0,"mSpeed":0.0,"mStartTime":1596678600000,"mStepCount":0,"mTimeUnit":600000,"mTotalActiveTime":0.0,"mWalkStepCount":0},{"mCalorie":0.0,"mDistance":0.0,"mNowHealthyStep":0,"mRunStepCount":0,"mSpeed":0.0,"mStartTime":1596679200000,"mStepCount":0,"mTimeUnit":600000,"mTotalActiveTime":0.0,"mWalkStepCount":0},{"mCalorie":0.0,"mDistance":0.0,"mNowHealthyStep":0,"mRunStepCount":0,"mSpeed":0.0,"mStartTime":1596679800000,"mStepCount":0,"mTimeUnit":600000,"mTotalActiveTime":0.0,"mWalkStepCount":0},{"mCalorie":0.0,"mDistance":0.0,"mNowHealthyStep":0,"mRunStepCount":0,"mSpeed":0.0,"mStartTime":1596680400000,"mStepCount":0,"mTimeUnit":600000,"mTotalActiveTime":0.0,"mWalkStepCount":0},{"mCalorie":0.0,"mDistance":0.0,"mNowHealthyStep":0,"mRunStepCount":0,"mSpeed":0.0,"mStartTime":1596681000000,"mStepCount":0,"mTimeUnit":600000,"mTotalActiveTime":0.0,"mWalkStepCount":0},{"mCalorie":0.0,"mDistance":0.0,"mNowHealthyStep":0,"mRunStepCount":0,"mSpeed":0.0,"mStartTime":1596681600000,"mStepCount":0,"mTimeUnit":600000,"mTotalActiveTime":0.0,"mWalkStepCount":0},{"mCalorie":0.0,"mDistance":0.0,"mNowHealthyStep":0,"mRunStepCount":0,"mSpeed":0.0,"mStartTime":1596682200000,"mStepCount":0,"mTimeUnit":600000,"mTotalActiveTime":0.0,"mWalkStepCount":0},{"mCalorie":0.0,"mDistance":0.0,"mNowHealthyStep":0,"mRunStepCount":0,"mSpeed":0.0,"mStartTime":1596682800000,"mStepCount":0,"mTimeUnit":600000,"mTotalActiveTime":0.0,"mWalkStepCount":0},{"mCalorie":0.0,"mDistance":0.0,"mNowHealthyStep":0,"mRunStepCount":0,"mSpeed":0.0,"mStartTime":1596683400000,"mStepCount":0,"mTimeUnit":600000,"mTotalActiveTime":0.0,"mWalkStepCount":0},{"mCalorie":0.0,"mDistance":0.0,"mNowHealthyStep":0,"mRunStepCount":0,"mSpeed":0.0,"mStartTime":1596684000000,"mStepCount":0,"mTimeUnit":600000,"mTotalActiveTime":0.0,"mWalkStepCount":0},{"mCalorie":0.0,"mDistance":0.0,"mNowHealthyStep":0,"mRunStepCount":0,"mSpeed":0.0,"mStartTime":1596684600000,"mStepCount":0,"mTimeUnit":600000,"mTotalActiveTime":0.0,"mWalkStepCount":0},{"mCalorie":2.709999999999982,"mDistance":56.11999999999989,"mNowHealthyStep":0,"mRunStepCount":0,"mSpeed":5.215150833129883,"mStartTime":1596685200000,"mStepCount":74,"mTimeUnit":600000,"mTotalActiveTime":38739.43430883983,"mWalkStepCount":74},{"mCalorie":0.53,"mDistance":13.24,"mNowHealthyStep":0,"mRunStepCount":0,"mSpeed":5.5,"mStartTime":1596685800000,"mStepCount":17,"mTimeUnit":600000,"mTotalActiveTime":8666.18181818182,"mWalkStepCount":17},{"mCalorie":0.0,"mDistance":0.0,"mNowHealthyStep":0,"mRunStepCount":0,"mSpeed":0.0,"mStartTime":1596686400000,"mStepCount":0,"mTimeUnit":600000,"mTotalActiveTime":0.0,"mWalkStepCount":0},{"mCalorie":0.0,"mDistance":0.0,"mNowHealthyStep":0,"mRunStepCount":0,"mSpeed":0.0,"mStartTime":1596687000000,"mStepCount":0,"mTimeUnit":600000,"mTotalActiveTime":0.0,"mWalkStepCount":0},{"mCalorie":0.0,"mDistance":0.0,"mNowHealthyStep":0,"mRunStepCount":0,"mSpeed":0.0,"mStartTime":1596687600000,"mStepCount":0,"mTimeUnit":600000,"mTotalActiveTime":0.0,"mWalkStepCount":0},{"mCalorie":0.0,"mDistance":0.0,"mNowHealthyStep":0,"mRunStepCount":0,"mSpeed":0.0,"mStartTime":1596688200000,"mStepCount":0,"mTimeUnit":600000,"mTotalActiveTime":0.0,"mWalkStepCount":0},{"mCalorie":0.0,"mDistance":0.0,"mNowHealthyStep":0,"mRunStepCount":0,"mSpeed":0.0,"mStartTime":1596688800000,"mStepCount":0,"mTimeUnit":600000,"mTotalActiveTime":0.0,"mWalkStepCount":0},{"mCalorie":0.0,"mDistance":0.0,"mNowHealthyStep":0,"mRunStepCount":0,"mSpeed":0.0,"mStartTime":1596689400000,"mStepCount":0,"mTimeUnit":600000,"mTotalActiveTime":0.0,"mWalkStepCount":0},{"mCalorie":0.0,"mDistance":0.0,"mNowHealthyStep":0,"mRunStepCount":0,"mSpeed":0.0,"mStartTime":1596690000000,"mStepCount":0,"mTimeUnit":600000,"mTotalActiveTime":0.0,"mWalkStepCount":0},{"mCalorie":0.0,"mDistance":0.0,"mNowHealthyStep":0,"mRunStepCount":0,"mSpeed":0.0,"mStartTime":1596690600000,"mStepCount":0,"mTimeUnit":600000,"mTotalActiveTime":0.0,"mWalkStepCount":0},{"mCalorie":0.0,"mDistance":0.0,"mNowHealthyStep":0,"mRunStepCount":0,"mSpeed":0.0,"mStartTime":1596691200000,"mStepCount":0,"mTimeUnit":600000,"mTotalActiveTime":0.0,"mWalkStepCount":0},{"mCalorie":0.0,"mDistance":0.0,"mNowHealthyStep":0,"mRunStepCount":0,"mSpeed":0.0,"mStartTime":1596691800000,"mStepCount":0,"mTimeUnit":600000,"mTotalActiveTime":0.0,"mWalkStepCount":0},{"mCalorie":0.61,"mDistance":11.71,"mNowHealthyStep":0,"mRunStepCount":0,"mSpeed":3.1813385486602783,"mStartTime":1596692400000,"mStepCount":17,"mTimeUnit":600000,"mTotalActiveTime":13251.026323342963,"mWalkStepCount":17},{"mCalorie":2.470000000000009,"mDistance":48.02000000000025,"mNowHealthyStep":0,"mRunStepCount":1,"mSpeed":4.856132984161377,"mStartTime":1596693000000,"mStepCount":62,"mTimeUnit":600000,"mTotalActiveTime":35598.697018362116,"mWalkStepCount":61},{"mCalorie":0.0,"mDistance":0.0,"mNowHealthyStep":0,"mRunStepCount":0,"mSpeed":0.0,"mStartTime":1596693600000,"mStepCount":0,"mTimeUnit":600000,"mTotalActiveTime":0.0,"mWalkStepCount":0},{"mCalorie":5.280000013113022,"mDistance":95.37999994277953,"mNowHealthyStep":0,"mRunStepCount":7,"mSpeed":4.424360752105713,"mStartTime":1596694200000,"mStepCount":129,"mTimeUnit":600000,"mTotalActiveTime":77608.50118891697,"mWalkStepCount":122},{"mCalorie":3.5500000000000003,"mDistance":67.8,"mNowHealthyStep":0,"mRunStepCount":7,"mSpeed":5.437657833099365,"mStartTime":1596694800000,"mStepCount":83,"mTimeUnit":600000,"mTotalActiveTime":44886.973889058485,"mWalkStepCount":76},{"mCalorie":9.519999914169325,"mDistance":181.55000293731592,"mNowHealthyStep":0,"mRunStepCount":3,"mSpeed":4.61029577255249,"mStartTime":1596695400000,"mStepCount":259,"mTimeUnit":600000,"mTotalActiveTime":141765.30652217794,"mWalkStepCount":256},{"mCalorie":4.910000121593475,"mDistance":90.15000034332276,"mNowHealthyStep":0,"mRunStepCount":0,"mSpeed":4.420205116271973,"mStartTime":1596696000000,"mStepCount":135,"mTimeUnit":600000,"mTotalActiveTime":73421.92860475255,"mWalkStepCount":135},{"mCalorie":1.8700000047683716,"mDistance":34.72999954223633,"mNowHealthyStep":0,"mRunStepCount":0,"mSpeed":3.2672927379608154,"mStartTime":1596696600000,"mStepCount":49,"mTimeUnit":600000,"mTotalActiveTime":38266.5428732593,"mWalkStepCount":49},{"mCalorie":8.019999967813492,"mDistance":158.84999986648558,"mNowHealthyStep":0,"mRunStepCount":0,"mSpeed":3.9994707107543945,"mStartTime":1596697200000,"mStepCount":218,"mTimeUnit":600000,"mTotalActiveTime":142983.92310678886,"mWalkStepCount":218},{"mCalorie":1.4099999517202377,"mDistance":27.84000015258789,"mNowHealthyStep":0,"mRunStepCount":0,"mSpeed":4.608903884887695,"mStartTime":1596697800000,"mStepCount":37,"mTimeUnit":600000,"mTotalActiveTime":21745.734590737535,"mWalkStepCount":37},{"mCalorie":1.05,"mDistance":19.28,"mNowHealthyStep":0,"mRunStepCount":0,"mSpeed":3.886028528213501,"mStartTime":1596698400000,"mStepCount":27,"mTimeUnit":600000,"mTotalActiveTime":17860.908755599718,"mWalkStepCount":27},{"mCalorie":0.0,"mDistance":0.0,"mNowHealthyStep":0,"mRunStepCount":0,"mSpeed":0.0,"mStartTime":1596699000000,"mStepCount":0,"mTimeUnit":600000,"mTotalActiveTime":0.0,"mWalkStepCount":0},{"mCalorie":9.760000021457673,"mDistance":187.08999614715577,"mNowHealthyStep":0,"mRunStepCount":0,"mSpeed":4.360980033874512,"mStartTime":1596699600000,"mStepCount":265,"mTimeUnit":600000,"mTotalActiveTime":154443.25622947593,"mWalkStepCount":265},{"mCalorie":17.620000057220498,"mDistance":350.4499992370595,"mNowHealthyStep":0,"mRunStepCount":0,"mSpeed":4.3531293869018555,"mStartTime":1596700200000,"mStepCount":483,"mTimeUnit":600000,"mTotalActiveTime":289819.0950612606,"mWalkStepCount":483},{"mCalorie":0.3,"mDistance":9.07,"mNowHealthyStep":0,"mRunStepCount":0,"mSpeed":7.400000095367432,"mStartTime":1596700800000,"mStepCount":11,"mTimeUnit":600000,"mTotalActiveTime":4412.432375567251,"mWalkStepCount":11},{"mCalorie":2.1499999165534973,"mDistance":40.95000076293945,"mNowHealthyStep":0,"mRunStepCount":0,"mSpeed":3.7066638469696045,"mStartTime":1596701400000,"mStepCount":57,"mTimeUnit":600000,"mTotalActiveTime":39771.61408582728,"mWalkStepCount":57},{"mCalorie":0.5600000023841858,"mDistance":10.609999656677246,"mNowHealthyStep":0,"mRunStepCount":0,"mSpeed":3.200000047683716,"mStartTime":1596702000000,"mStepCount":15,"mTimeUnit":600000,"mTotalActiveTime":11936.249435897924,"mWalkStepCount":15},{"mCalorie":0.0,"mDistance":0.0,"mNowHealthyStep":0,"mRunStepCount":0,"mSpeed":0.0,"mStartTime":1596702600000,"mStepCount":0,"mTimeUnit":600000,"mTotalActiveTime":0.0,"mWalkStepCount":0},{"mCalorie":0.0,"mDistance":0.0,"mNowHealthyStep":0,"mRunStepCount":0,"mSpeed":0.0,"mStartTime":1596703200000,"mStepCount":0,"mTimeUnit":600000,"mTotalActiveTime":0.0,"mWalkStepCount":0},{"mCalorie":0.0,"mDistance":0.0,"mNowHealthyStep":0,"mRunStepCount":0,"mSpeed":0.0,"mStartTime":1596703800000,"mStepCount":0,"mTimeUnit":600000,"mTotalActiveTime":0.0,"mWalkStepCount":0},{"mCalorie":0.0,"mDistance":0.0,"mNowHealthyStep":0,"mRunStepCount":0,"mSpeed":0.0,"mStartTime":1596704400000,"mStepCount":0,"mTimeUnit":600000,"mTotalActiveTime":0.0,"mWalkStepCount":0},{"mCalorie":1.5499999076128006,"mDistance":30.839995861053467,"mNowHealthyStep":0,"mRunStepCount":0,"mSpeed":4.166426181793213,"mStartTime":1596705000000,"mStepCount":42,"mTimeUnit":600000,"mTotalActiveTime":26647.293752268164,"mWalkStepCount":42},{"mCalorie":0.0,"mDistance":0.0,"mNowHealthyStep":0,"mRunStepCount":0,"mSpeed":0.0,"mStartTime":1596705600000,"mStepCount":0,"mTimeUnit":600000,"mTotalActiveTime":0.0,"mWalkStepCount":0},{"mCalorie":0.0,"mDistance":0.0,"mNowHealthyStep":0,"mRunStepCount":0,"mSpeed":0.0,"mStartTime":1596706200000,"mStepCount":0,"mTimeUnit":600000,"mTotalActiveTime":0.0,"mWalkStepCount":0},{"mCalorie":0.0,"mDistance":0.0,"mNowHealthyStep":0,"mRunStepCount":0,"mSpeed":0.0,"mStartTime":1596706800000,"mStepCount":0,"mTimeUnit":600000,"mTotalActiveTime":0.0,"mWalkStepCount":0},{"mCalorie":0.0,"mDistance":0.0,"mNowHealthyStep":0,"mRunStepCount":0,"mSpeed":0.0,"mStartTime":1596707400000,"mStepCount":0,"mTimeUnit":600000,"mTotalActiveTime":0.0,"mWalkStepCount":0},{"mCalorie":0.0,"mDistance":0.0,"mNowHealthyStep":0,"mRunStepCount":0,"mSpeed":0.0,"mStartTime":1596708000000,"mStepCount":0,"mTimeUnit":600000,"mTotalActiveTime":0.0,"mWalkStepCount":0},{"mCalorie":0.74,"mDistance":15.39,"mNowHealthyStep":0,"mRunStepCount":0,"mSpeed":3.700000047683716,"mStartTime":1596708600000,"mStepCount":22,"mTimeUnit":600000,"mTotalActiveTime":14974.053861076074,"mWalkStepCount":22},{"mCalorie":0.48,"mDistance":9.97,"mNowHealthyStep":0,"mRunStepCount":0,"mSpeed":3.700000047683716,"mStartTime":1596709200000,"mStepCount":14,"mTimeUnit":600000,"mTotalActiveTime":9700.540415524916,"mWalkStepCount":14},{"mCalorie":3.020000000000005,"mDistance":57.71000000000014,"mNowHealthyStep":0,"mRunStepCount":9,"mSpeed":5.8554253578186035,"mStartTime":1596709800000,"mStepCount":72,"mTimeUnit":600000,"mTotalActiveTime":35480.94173406026,"mWalkStepCount":63},{"mCalorie":1.71,"mDistance":34.78,"mNowHealthyStep":0,"mRunStepCount":0,"mSpeed":4.232826232910156,"mStartTime":1596710400000,"mStepCount":48,"mTimeUnit":600000,"mTotalActiveTime":29580.23751897034,"mWalkStepCount":48},{"mCalorie":4.229999985694885,"mDistance":69.6599976348877,"mNowHealthyStep":0,"mRunStepCount":0,"mSpeed":4.561119079589844,"mStartTime":1596711000000,"mStepCount":114,"mTimeUnit":600000,"mTotalActiveTime":54981.241188705666,"mWalkStepCount":114},{"mCalorie":15.900000244379044,"mDistance":266.7199983596802,"mNowHealthyStep":0,"mRunStepCount":0,"mSpeed":3.73620867729187,"mStartTime":1596711600000,"mStepCount":379,"mTimeUnit":600000,"mTotalActiveTime":256996.3499968644,"mWalkStepCount":379},{"mCalorie":12.999999952316283,"mDistance":224.93000205993653,"mNowHealthyStep":0,"mRunStepCount":0,"mSpeed":4.3770599365234375,"mStartTime":1596712200000,"mStepCount":310,"mTimeUnit":600000,"mTotalActiveTime":184998.14826774521,"mWalkStepCount":310},{"mCalorie":0.0,"mDistance":0.0,"mNowHealthyStep":0,"mRunStepCount":0,"mSpeed":0.0,"mStartTime":1596712800000,"mStepCount":0,"mTimeUnit":600000,"mTotalActiveTime":0.0,"mWalkStepCount":0},{"mCalorie":0.79,"mDistance":13.61,"mNowHealthyStep":0,"mRunStepCount":0,"mSpeed":4.299999713897705,"mStartTime":1596713400000,"mStepCount":19,"mTimeUnit":600000,"mTotalActiveTime":11394.41936278361,"mWalkStepCount":19},{"mCalorie":0.0,"mDistance":0.0,"mNowHealthyStep":0,"mRunStepCount":0,"mSpeed":0.0,"mStartTime":1596714000000,"mStepCount":0,"mTimeUnit":600000,"mTotalActiveTime":0.0,"mWalkStepCount":0},{"mCalorie":8.279999837875366,"mDistance":159.49999967575073,"mNowHealthyStep":0,"mRunStepCount":0,"mSpeed":4.165093421936035,"mStartTime":1596714600000,"mStepCount":217,"mTimeUnit":600000,"mTotalActiveTime":137860.05233359165,"mWalkStepCount":217},{"mCalorie":16.910000133514405,"mDistance":196.68000030517578,"mNowHealthyStep":0,"mRunStepCount":0,"mSpeed":3.823690176010132,"mStartTime":1596715200000,"mStepCount":287,"mTimeUnit":600000,"mTotalActiveTime":185173.9939666509,"mWalkStepCount":287},{"mCalorie":3.6899999728798867,"mDistance":69.12000064849853,"mNowHealthyStep":0,"mRunStepCount":1,"mSpeed":4.402862071990967,"mStartTime":1596715800000,"mStepCount":93,"mTimeUnit":600000,"mTotalActiveTime":56515.96395619081,"mWalkStepCount":92},{"mCalorie":2.189999988079071,"mDistance":37.22999965667725,"mNowHealthyStep":0,"mRunStepCount":1,"mSpeed":4.297261714935303,"mStartTime":1596716400000,"mStepCount":49,"mTimeUnit":600000,"mTotalActiveTime":31189.162028981806,"mWalkStepCount":48},{"mCalorie":2.3499999690055846,"mDistance":47.83999988555908,"mNowHealthyStep":0,"mRunStepCount":0,"mSpeed":4.394566059112549,"mStartTime":1596717000000,"mStepCount":64,"mTimeUnit":600000,"mTotalActiveTime":39190.21689007601,"mWalkStepCount":64},{"mCalorie":2.0099999999999953,"mDistance":36.969999999999786,"mNowHealthyStep":0,"mRunStepCount":0,"mSpeed":6.4744648933410645,"mStartTime":1596717600000,"mStepCount":41,"mTimeUnit":600000,"mTotalActiveTime":20556.44845704474,"mWalkStepCount":41},{"mCalorie":2.9499999785423276,"mDistance":63.890000076293944,"mNowHealthyStep":0,"mRunStepCount":0,"mSpeed":4.308176040649414,"mStartTime":1596718200000,"mStepCount":86,"mTimeUnit":600000,"mTotalActiveTime":53387.792922321736,"mWalkStepCount":86},{"mCalorie":0.77,"mDistance":16.73,"mNowHealthyStep":0,"mRunStepCount":0,"mSpeed":5.600000381469727,"mStartTime":1596718800000,"mStepCount":21,"mTimeUnit":600000,"mTotalActiveTime":10754.999267373818,"mWalkStepCount":21},{"mCalorie":0.0,"mDistance":0.0,"mNowHealthyStep":0,"mRunStepCount":0,"mSpeed":0.0,"mStartTime":1596719400000,"mStepCount":0,"mTimeUnit":600000,"mTotalActiveTime":0.0,"mWalkStepCount":0},{"mCalorie":1.2800000035762786,"mDistance":25.689999942779544,"mNowHealthyStep":0,"mRunStepCount":0,"mSpeed":4.1655497550964355,"mStartTime":1596720000000,"mStepCount":35,"mTimeUnit":600000,"mTotalActiveTime":22202.11167227445,"mWalkStepCount":35},{"mCalorie":3.860000011920929,"mDistance":73.92000005722046,"mNowHealthyStep":0,"mRunStepCount":2,"mSpeed":4.77990198135376,"mStartTime":1596720600000,"mStepCount":97,"mTimeUnit":600000,"mTotalActiveTime":55673.108337527745,"mWalkStepCount":95},{"mCalorie":7.15000006198883,"mDistance":153.4000005340576,"mNowHealthyStep":0,"mRunStepCount":0,"mSpeed":5.095951080322266,"mStartTime":1596721200000,"mStepCount":200,"mTimeUnit":600000,"mTotalActiveTime":108368.38330011822,"mWalkStepCount":200},{"mCalorie":8.529999907016755,"mDistance":164.74000011444093,"mNowHealthyStep":0,"mRunStepCount":0,"mSpeed":3.9464025497436523,"mStartTime":1596721800000,"mStepCount":226,"mTimeUnit":600000,"mTotalActiveTime":150279.65588638574,"mWalkStepCount":226},{"mCalorie":9.290000092983245,"mDistance":181.02999904632568,"mNowHealthyStep":0,"mRunStepCount":0,"mSpeed":4.225036144256592,"mStartTime":1596722400000,"mStepCount":245,"mTimeUnit":600000,"mTotalActiveTime":154249.1017466726,"mWalkStepCount":245},{"mCalorie":1.3899999856948853,"mDistance":26.5,"mNowHealthyStep":0,"mRunStepCount":0,"mSpeed":4.5,"mStartTime":1596723000000,"mStepCount":37,"mTimeUnit":600000,"mTotalActiveTime":21200.0,"mWalkStepCount":37},{"mCalorie":0.0,"mDistance":0.0,"mNowHealthyStep":0,"mRunStepCount":0,"mSpeed":0.0,"mStartTime":1596723600000,"mStepCount":0,"mTimeUnit":600000,"mTotalActiveTime":0.0,"mWalkStepCount":0},{"mCalorie":6.340000069141388,"mDistance":123.42999990463257,"mNowHealthyStep":0,"mRunStepCount":0,"mSpeed":4.326828479766846,"mStartTime":1596724200000,"mStepCount":167,"mTimeUnit":600000,"mTotalActiveTime":102696.00300881203,"mWalkStepCount":167},{"mCalorie":2.2299999594688416,"mDistance":42.97000074386597,"mNowHealthyStep":0,"mRunStepCount":0,"mSpeed":3.4733455181121826,"mStartTime":1596724800000,"mStepCount":60,"mTimeUnit":600000,"mTotalActiveTime":44536.88833849806,"mWalkStepCount":60},{"mCalorie":4.8299999952316295,"mDistance":95.56000007629393,"mNowHealthyStep":0,"mRunStepCount":0,"mSpeed":4.261618614196777,"mStartTime":1596725400000,"mStepCount":131,"mTimeUnit":600000,"mTotalActiveTime":80724.25906637267,"mWalkStepCount":131},{"mCalorie":11.129999836683274,"mDistance":209.83000144958496,"mNowHealthyStep":0,"mRunStepCount":0,"mSpeed":3.7608847618103027,"mStartTime":1596726000000,"mStepCount":290,"mTimeUnit":600000,"mTotalActiveTime":200853.79769310966,"mWalkStepCount":290},{"mCalorie":14.249999997615815,"mDistance":266.54000526428223,"mNowHealthyStep":0,"mRunStepCount":0,"mSpeed":3.9174020290374756,"mStartTime":1596726600000,"mStepCount":366,"mTimeUnit":600000,"mTotalActiveTime":244943.9719217448,"mWalkStepCount":366},{"mCalorie":3.2000000143051146,"mDistance":64.11999984741212,"mNowHealthyStep":0,"mRunStepCount":0,"mSpeed":4.893078804016113,"mStartTime":1596727200000,"mStepCount":84,"mTimeUnit":600000,"mTotalActiveTime":47175.205989502014,"mWalkStepCount":84},{"mCalorie":0.0,"mDistance":0.0,"mNowHealthyStep":0,"mRunStepCount":0,"mSpeed":0.0,"mStartTime":1596727800000,"mStepCount":0,"mTimeUnit":600000,"mTotalActiveTime":0.0,"mWalkStepCount":0},{"mCalorie":2.8300000727176666,"mDistance":54.440001010894775,"mNowHealthyStep":0,"mRunStepCount":0,"mSpeed":4.164846420288086,"mStartTime":1596728400000,"mStepCount":74,"mTimeUnit":600000,"mTotalActiveTime":47056.71640785379,"mWalkStepCount":74},{"mCalorie":13.910000033378601,"mDistance":265.28000038146973,"mNowHealthyStep":0,"mRunStepCount":0,"mSpeed":3.6875085830688477,"mStartTime":1596729000000,"mStepCount":367,"mTimeUnit":600000,"mTotalActiveTime":258984.61602277393,"mWalkStepCount":367},{"mCalorie":12.030000000000001,"mDistance":229.19999711990357,"mNowHealthyStep":0,"mRunStepCount":0,"mSpeed":3.9230105876922607,"mStartTime":1596729600000,"mStepCount":320,"mTimeUnit":600000,"mTotalActiveTime":210328.2631704599,"mWalkStepCount":320},{"mCalorie":0.98,"mDistance":19.08,"mNowHealthyStep":0,"mRunStepCount":0,"mSpeed":3.700000047683716,"mStartTime":1596730200000,"mStepCount":27,"mTimeUnit":600000,"mTotalActiveTime":18564.324085076765,"mWalkStepCount":27},{"mCalorie":0.5,"mDistance":8.82,"mNowHealthyStep":0,"mRunStepCount":0,"mSpeed":3.0999999046325684,"mStartTime":1596730800000,"mStepCount":13,"mTimeUnit":600000,"mTotalActiveTime":10242.580960260853,"mWalkStepCount":13},{"mCalorie":0.65,"mDistance":10.85,"mNowHealthyStep":0,"mRunStepCount":0,"mSpeed":3.0999999046325684,"mStartTime":1596731400000,"mStepCount":16,"mTimeUnit":600000,"mTotalActiveTime":12600.000387622476,"mWalkStepCount":16},{"mCalorie":0.0,"mDistance":0.0,"mNowHealthyStep":0,"mRunStepCount":0,"mSpeed":0.0,"mStartTime":1596732000000,"mStepCount":0,"mTimeUnit":600000,"mTotalActiveTime":0.0,"mWalkStepCount":0},{"mCalorie":0.0,"mDistance":0.0,"mNowHealthyStep":0,"mRunStepCount":0,"mSpeed":0.0,"mStartTime":1596732600000,"mStepCount":0,"mTimeUnit":600000,"mTotalActiveTime":0.0,"mWalkStepCount":0},{"mCalorie":0.0,"mDistance":0.0,"mNowHealthyStep":0,"mRunStepCount":0,"mSpeed":0.0,"mStartTime":1596733200000,"mStepCount":0,"mTimeUnit":600000,"mTotalActiveTime":0.0,"mWalkStepCount":0},{"mCalorie":1.25,"mDistance":22.229999999999997,"mNowHealthyStep":0,"mRunStepCount":0,"mSpeed":4.541202545166016,"mStartTime":1596733800000,"mStepCount":28,"mTimeUnit":600000,"mTotalActiveTime":17622.645130405137,"mWalkStepCount":28},{"mCalorie":0.48,"mDistance":9.76,"mNowHealthyStep":0,"mRunStepCount":0,"mSpeed":3.499999761581421,"mStartTime":1596734400000,"mStepCount":14,"mTimeUnit":600000,"mTotalActiveTime":10038.857826700061,"mWalkStepCount":14},{"mCalorie":0.0,"mDistance":0.0,"mNowHealthyStep":0,"mRunStepCount":0,"mSpeed":0.0,"mStartTime":1596735000000,"mStepCount":0,"mTimeUnit":600000,"mTotalActiveTime":0.0,"mWalkStepCount":0},{"mCalorie":1.8099999952316284,"mDistance":39.04999931335449,"mNowHealthyStep":0,"mRunStepCount":0,"mSpeed":4.54273796081543,"mStartTime":1596735600000,"mStepCount":52,"mTimeUnit":600000,"mTotalActiveTime":30946.095893508867,"mWalkStepCount":52},{"mCalorie":0.0,"mDistance":0.0,"mNowHealthyStep":0,"mRunStepCount":0,"mSpeed":0.0,"mStartTime":1596736200000,"mStepCount":0,"mTimeUnit":600000,"mTotalActiveTime":0.0,"mWalkStepCount":0},{"mCalorie":0.3199999928474426,"mDistance":7.029999732971191,"mNowHealthyStep":0,"mRunStepCount":0,"mSpeed":5.028495788574219,"mStartTime":1596736800000,"mStepCount":9,"mTimeUnit":600000,"mTotalActiveTime":5032.916423277374,"mWalkStepCount":9},{"mCalorie":0.0,"mDistance":0.0,"mNowHealthyStep":0,"mRunStepCount":0,"mSpeed":0.0,"mStartTime":1596737400000,"mStepCount":0,"mTimeUnit":600000,"mTotalActiveTime":0.0,"mWalkStepCount":0},{"mCalorie":3.05,"mDistance":63.73,"mNowHealthyStep":0,"mRunStepCount":0,"mSpeed":4.482235431671143,"mStartTime":1596738000000,"mStepCount":86,"mTimeUnit":600000,"mTotalActiveTime":51186.06839221459,"mWalkStepCount":86},{"mCalorie":2.1,"mDistance":43.559999999999995,"mNowHealthyStep":0,"mRunStepCount":0,"mSpeed":4.4672088623046875,"mStartTime":1596738600000,"mStepCount":59,"mTimeUnit":600000,"mTotalActiveTime":35103.79897123855,"mWalkStepCount":59},{"mCalorie":1.67,"mDistance":36.76,"mNowHealthyStep":0,"mRunStepCount":0,"mSpeed":5.180417537689209,"mStartTime":1596739200000,"mStepCount":48,"mTimeUnit":600000,"mTotalActiveTime":25545.431168123643,"mWalkStepCount":48},{"mCalorie":0.37,"mDistance":7.14,"mNowHealthyStep":0,"mRunStepCount":0,"mSpeed":3.799999952316284,"mStartTime":1596739800000,"mStepCount":10,"mTimeUnit":600000,"mTotalActiveTime":6764.210611195446,"mWalkStepCount":10},{"mCalorie":0.0,"mDistance":0.0,"mNowHealthyStep":0,"mRunStepCount":0,"mSpeed":0.0,"mStartTime":1596740400000,"mStepCount":0,"mTimeUnit":600000,"mTotalActiveTime":0.0,"mWalkStepCount":0},{"mCalorie":1.8399999999999999,"mDistance":36.980000000000004,"mNowHealthyStep":0,"mRunStepCount":0,"mSpeed":4.262317180633545,"mStartTime":1596741000000,"mStepCount":51,"mTimeUnit":600000,"mTotalActiveTime":31233.715409493012,"mWalkStepCount":51},{"mCalorie":3.830000021457672,"mDistance":76.82000286102294,"mNowHealthyStep":0,"mRunStepCount":0,"mSpeed":4.230433464050293,"mStartTime":1596741600000,"mStepCount":105,"mTimeUnit":600000,"mTotalActiveTime":65372.02786720211,"mWalkStepCount":105},{"mCalorie":0.0,"mDistance":0.0,"mNowHealthyStep":0,"mRunStepCount":0,"mSpeed":0.0,"mStartTime":1596742200000,"mStepCount":0,"mTimeUnit":600000,"mTotalActiveTime":0.0,"mWalkStepCount":0},{"mCalorie":0.0,"mDistance":0.0,"mNowHealthyStep":0,"mRunStepCount":0,"mSpeed":0.0,"mStartTime":1596742800000,"mStepCount":0,"mTimeUnit":600000,"mTotalActiveTime":0.0,"mWalkStepCount":0},{"mCalorie":1.3599999999999999,"mDistance":31.55,"mNowHealthyStep":0,"mRunStepCount":0,"mSpeed":5.825495719909668,"mStartTime":1596743400000,"mStepCount":40,"mTimeUnit":600000,"mTotalActiveTime":19497.052535765815,"mWalkStepCount":40},{"mCalorie":15.339999999999987,"mDistance":291.92999999999944,"mNowHealthyStep":0,"mRunStepCount":0,"mSpeed":4.420482635498047,"mStartTime":1596744000000,"mStepCount":418,"mTimeUnit":600000,"mTotalActiveTime":237745.08805626427,"mWalkStepCount":418},{"mCalorie":8.479999999999999,"mDistance":170.84999999999997,"mNowHealthyStep":0,"mRunStepCount":0,"mSpeed":4.625792503356934,"mStartTime":1596744600000,"mStepCount":231,"mTimeUnit":600000,"mTotalActiveTime":132963.1580004431,"mWalkStepCount":231},{"mCalorie":0.0,"mDistance":0.0,"mNowHealthyStep":0,"mRunStepCount":0,"mSpeed":0.0,"mStartTime":1596745200000,"mStepCount":0,"mTimeUnit":600000,"mTotalActiveTime":0.0,"mWalkStepCount":0},{"mCalorie":0.0,"mDistance":0.0,"mNowHealthyStep":0,"mRunStepCount":0,"mSpeed":0.0,"mStartTime":1596745800000,"mStepCount":0,"mTimeUnit":600000,"mTotalActiveTime":0.0,"mWalkStepCount":0},{"mCalorie":0.0,"mDistance":0.0,"mNowHealthyStep":0,"mRunStepCount":0,"mSpeed":0.0,"mStartTime":1596746400000,"mStepCount":0,"mTimeUnit":600000,"mTotalActiveTime":0.0,"mWalkStepCount":0},{"mCalorie":14.91,"mDistance":313.15000000000003,"mNowHealthyStep":0,"mRunStepCount":0,"mSpeed":4.5912981033325195,"mStartTime":1596747000000,"mStepCount":430,"mTimeUnit":600000,"mTotalActiveTime":245538.40280256307,"mWalkStepCount":430},{"mCalorie":4.47,"mDistance":92.03000000000002,"mNowHealthyStep":0,"mRunStepCount":0,"mSpeed":4.627514362335205,"mStartTime":1596747600000,"mStepCount":124,"mTimeUnit":600000,"mTotalActiveTime":71595.23797024161,"mWalkStepCount":124},{"mCalorie":3.289999965429306,"mDistance":67.95999988555909,"mNowHealthyStep":0,"mRunStepCount":0,"mSpeed":4.643378734588623,"mStartTime":1596748200000,"mStepCount":91,"mTimeUnit":600000,"mTotalActiveTime":52689.219432517566,"mWalkStepCount":91},{"mCalorie":3.69,"mDistance":66.08,"mNowHealthyStep":0,"mRunStepCount":9,"mSpeed":5.595427513122559,"mStartTime":1596748800000,"mStepCount":84,"mTimeUnit":600000,"mTotalActiveTime":42514.71345540218,"mWalkStepCount":75},{"mCalorie":0.0,"mDistance":0.0,"mNowHealthyStep":0,"mRunStepCount":0,"mSpeed":0.0,"mStartTime":1596749400000,"mStepCount":0,"mTimeUnit":600000,"mTotalActiveTime":0.0,"mWalkStepCount":0},{"mCalorie":0.0,"mDistance":0.0,"mNowHealthyStep":0,"mRunStepCount":0,"mSpeed":0.0,"mStartTime":1596750000000,"mStepCount":0,"mTimeUnit":600000,"mTotalActiveTime":0.0,"mWalkStepCount":0},{"mCalorie":0.0,"mDistance":0.0,"mNowHealthyStep":0,"mRunStepCount":0,"mSpeed":0.0,"mStartTime":1596750600000,"mStepCount":0,"mTimeUnit":600000,"mTotalActiveTime":0.0,"mWalkStepCount":0}]