[{"mCalorie":0.0,"mDistance":0.0,"mNowHealthyStep":0,"mRunStepCount":0,"mSpeed":0.0,"mStartTime":1609974000000,"mStepCount":0,"mTimeUnit":600000,"mTotalActiveTime":0.0,"mWalkStepCount":0},{"mCalorie":0.0,"mDistance":0.0,"mNowHealthyStep":0,"mRunStepCount":0,"mSpeed":0.0,"mStartTime":1609974600000,"mStepCount":0,"mTimeUnit":600000,"mTotalActiveTime":0.0,"mWalkStepCount":0},{"mCalorie":0.0,"mDistance":0.0,"mNowHealthyStep":0,"mRunStepCount":0,"mSpeed":0.0,"mStartTime":1609975200000,"mStepCount":0,"mTimeUnit":600000,"mTotalActiveTime":0.0,"mWalkStepCount":0},{"mCalorie":0.0,"mDistance":0.0,"mNowHealthyStep":0,"mRunStepCount":0,"mSpeed":0.0,"mStartTime":1609975800000,"mStepCount":0,"mTimeUnit":600000,"mTotalActiveTime":0.0,"mWalkStepCount":0},{"mCalorie":0.0,"mDistance":0.0,"mNowHealthyStep":0,"mRunStepCount":0,"mSpeed":0.0,"mStartTime":1609976400000,"mStepCount":0,"mTimeUnit":600000,"mTotalActiveTime":0.0,"mWalkStepCount":0},{"mCalorie":0.0,"mDistance":0.0,"mNowHealthyStep":0,"mRunStepCount":0,"mSpeed":0.0,"mStartTime":1609977000000,"mStepCount":0,"mTimeUnit":600000,"mTotalActiveTime":0.0,"mWalkStepCount":0},{"mCalorie":0.0,"mDistance":0.0,"mNowHealthyStep":0,"mRunStepCount":0,"mSpeed":0.0,"mStartTime":1609977600000,"mStepCount":0,"mTimeUnit":600000,"mTotalActiveTime":0.0,"mWalkStepCount":0},{"mCalorie":0.0,"mDistance":0.0,"mNowHealthyStep":0,"mRunStepCount":0,"mSpeed":0.0,"mStartTime":1609978200000,"mStepCount":0,"mTimeUnit":600000,"mTotalActiveTime":0.0,"mWalkStepCount":0},{"mCalorie":0.0,"mDistance":0.0,"mNowHealthyStep":0,"mRunStepCount":0,"mSpeed":0.0,"mStartTime":1609978800000,"mStepCount":0,"mTimeUnit":600000,"mTotalActiveTime":0.0,"mWalkStepCount":0},{"mCalorie":0.0,"mDistance":0.0,"mNowHealthyStep":0,"mRunStepCount":0,"mSpeed":0.0,"mStartTime":1609979400000,"mStepCount":0,"mTimeUnit":600000,"mTotalActiveTime":0.0,"mWalkStepCount":0},{"mCalorie":0.0,"mDistance":0.0,"mNowHealthyStep":0,"mRunStepCount":0,"mSpeed":0.0,"mStartTime":1609980000000,"mStepCount":0,"mTimeUnit":600000,"mTotalActiveTime":0.0,"mWalkStepCount":0},{"mCalorie":0.0,"mDistance":0.0,"mNowHealthyStep":0,"mRunStepCount":0,"mSpeed":0.0,"mStartTime":1609980600000,"mStepCount":0,"mTimeUnit":600000,"mTotalActiveTime":0.0,"mWalkStepCount":0},{"mCalorie":0.46,"mDistance":9.38,"mNowHealthyStep":0,"mRunStepCount":0,"mSpeed":4.299999713897705,"mStartTime":1609981200000,"mStepCount":13,"mTimeUnit":600000,"mTotalActiveTime":7853.023778318169,"mWalkStepCount":13},{"mCalorie":0.0,"mDistance":0.0,"mNowHealthyStep":0,"mRunStepCount":0,"mSpeed":0.0,"mStartTime":1609981800000,"mStepCount":0,"mTimeUnit":600000,"mTotalActiveTime":0.0,"mWalkStepCount":0},{"mCalorie":0.0,"mDistance":0.0,"mNowHealthyStep":0,"mRunStepCount":0,"mSpeed":0.0,"mStartTime":1609982400000,"mStepCount":0,"mTimeUnit":600000,"mTotalActiveTime":0.0,"mWalkStepCount":0},{"mCalorie":0.0,"mDistance":0.0,"mNowHealthyStep":0,"mRunStepCount":0,"mSpeed":0.0,"mStartTime":1609983000000,"mStepCount":0,"mTimeUnit":600000,"mTotalActiveTime":0.0,"mWalkStepCount":0},{"mCalorie":0.0,"mDistance":0.0,"mNowHealthyStep":0,"mRunStepCount":0,"mSpeed":0.0,"mStartTime":1609983600000,"mStepCount":0,"mTimeUnit":600000,"mTotalActiveTime":0.0,"mWalkStepCount":0},{"mCalorie":0.0,"mDistance":0.0,"mNowHealthyStep":0,"mRunStepCount":0,"mSpeed":0.0,"mStartTime":1609984200000,"mStepCount":0,"mTimeUnit":600000,"mTotalActiveTime":0.0,"mWalkStepCount":0},{"mCalorie":0.0,"mDistance":0.0,"mNowHealthyStep":0,"mRunStepCount":0,"mSpeed":0.0,"mStartTime":1609984800000,"mStepCount":0,"mTimeUnit":600000,"mTotalActiveTime":0.0,"mWalkStepCount":0},{"mCalorie":0.0,"mDistance":0.0,"mNowHealthyStep":0,"mRunStepCount":0,"mSpeed":0.0,"mStartTime":1609985400000,"mStepCount":0,"mTimeUnit":600000,"mTotalActiveTime":0.0,"mWalkStepCount":0},{"mCalorie":0.0,"mDistance":0.0,"mNowHealthyStep":0,"mRunStepCount":0,"mSpeed":0.0,"mStartTime":1609986000000,"mStepCount":0,"mTimeUnit":600000,"mTotalActiveTime":0.0,"mWalkStepCount":0},{"mCalorie":0.0,"mDistance":0.0,"mNowHealthyStep":0,"mRunStepCount":0,"mSpeed":0.0,"mStartTime":1609986600000,"mStepCount":0,"mTimeUnit":600000,"mTotalActiveTime":0.0,"mWalkStepCount":0},{"mCalorie":0.0,"mDistance":0.0,"mNowHealthyStep":0,"mRunStepCount":0,"mSpeed":0.0,"mStartTime":1609987200000,"mStepCount":0,"mTimeUnit":600000,"mTotalActiveTime":0.0,"mWalkStepCount":0},{"mCalorie":0.0,"mDistance":0.0,"mNowHealthyStep":0,"mRunStepCount":0,"mSpeed":0.0,"mStartTime":1609987800000,"mStepCount":0,"mTimeUnit":600000,"mTotalActiveTime":0.0,"mWalkStepCount":0},{"mCalorie":0.0,"mDistance":0.0,"mNowHealthyStep":0,"mRunStepCount":0,"mSpeed":0.0,"mStartTime":1609988400000,"mStepCount":0,"mTimeUnit":600000,"mTotalActiveTime":0.0,"mWalkStepCount":0},{"mCalorie":0.0,"mDistance":0.0,"mNowHealthyStep":0,"mRunStepCount":0,"mSpeed":0.0,"mStartTime":1609989000000,"mStepCount":0,"mTimeUnit":600000,"mTotalActiveTime":0.0,"mWalkStepCount":0},{"mCalorie":0.0,"mDistance":0.0,"mNowHealthyStep":0,"mRunStepCount":0,"mSpeed":0.0,"mStartTime":1609989600000,"mStepCount":0,"mTimeUnit":600000,"mTotalActiveTime":0.0,"mWalkStepCount":0},{"mCalorie":0.0,"mDistance":0.0,"mNowHealthyStep":0,"mRunStepCount":0,"mSpeed":0.0,"mStartTime":1609990200000,"mStepCount":0,"mTimeUnit":600000,"mTotalActiveTime":0.0,"mWalkStepCount":0},{"mCalorie":0.0,"mDistance":0.0,"mNowHealthyStep":0,"mRunStepCount":0,"mSpeed":0.0,"mStartTime":1609990800000,"mStepCount":0,"mTimeUnit":600000,"mTotalActiveTime":0.0,"mWalkStepCount":0},{"mCalorie":0.0,"mDistance":0.0,"mNowHealthyStep":0,"mRunStepCount":0,"mSpeed":0.0,"mStartTime":1609991400000,"mStepCount":0,"mTimeUnit":600000,"mTotalActiveTime":0.0,"mWalkStepCount":0},{"mCalorie":0.0,"mDistance":0.0,"mNowHealthyStep":0,"mRunStepCount":0,"mSpeed":0.0,"mStartTime":1609992000000,"mStepCount":0,"mTimeUnit":600000,"mTotalActiveTime":0.0,"mWalkStepCount":0},{"mCalorie":0.0,"mDistance":0.0,"mNowHealthyStep":0,"mRunStepCount":0,"mSpeed":0.0,"mStartTime":1609992600000,"mStepCount":0,"mTimeUnit":600000,"mTotalActiveTime":0.0,"mWalkStepCount":0},{"mCalorie":0.0,"mDistance":0.0,"mNowHealthyStep":0,"mRunStepCount":0,"mSpeed":0.0,"mStartTime":1609993200000,"mStepCount":0,"mTimeUnit":600000,"mTotalActiveTime":0.0,"mWalkStepCount":0},{"mCalorie":0.0,"mDistance":0.0,"mNowHealthyStep":0,"mRunStepCount":0,"mSpeed":0.0,"mStartTime":1609993800000,"mStepCount":0,"mTimeUnit":600000,"mTotalActiveTime":0.0,"mWalkStepCount":0},{"mCalorie":0.0,"mDistance":0.0,"mNowHealthyStep":0,"mRunStepCount":0,"mSpeed":0.0,"mStartTime":1609994400000,"mStepCount":0,"mTimeUnit":600000,"mTotalActiveTime":0.0,"mWalkStepCount":0},{"mCalorie":0.0,"mDistance":0.0,"mNowHealthyStep":0,"mRunStepCount":0,"mSpeed":0.0,"mStartTime":1609995000000,"mStepCount":0,"mTimeUnit":600000,"mTotalActiveTime":0.0,"mWalkStepCount":0},{"mCalorie":0.0,"mDistance":0.0,"mNowHealthyStep":0,"mRunStepCount":0,"mSpeed":0.0,"mStartTime":1609995600000,"mStepCount":0,"mTimeUnit":600000,"mTotalActiveTime":0.0,"mWalkStepCount":0},{"mCalorie":0.0,"mDistance":0.0,"mNowHealthyStep":0,"mRunStepCount":0,"mSpeed":0.0,"mStartTime":1609996200000,"mStepCount":0,"mTimeUnit":600000,"mTotalActiveTime":0.0,"mWalkStepCount":0},{"mCalorie":0.0,"mDistance":0.0,"mNowHealthyStep":0,"mRunStepCount":0,"mSpeed":0.0,"mStartTime":1609996800000,"mStepCount":0,"mTimeUnit":600000,"mTotalActiveTime":0.0,"mWalkStepCount":0},{"mCalorie":0.0,"mDistance":0.0,"mNowHealthyStep":0,"mRunStepCount":0,"mSpeed":0.0,"mStartTime":1609997400000,"mStepCount":0,"mTimeUnit":600000,"mTotalActiveTime":0.0,"mWalkStepCount":0},{"mCalorie":0.0,"mDistance":0.0,"mNowHealthyStep":0,"mRunStepCount":0,"mSpeed":0.0,"mStartTime":1609998000000,"mStepCount":0,"mTimeUnit":600000,"mTotalActiveTime":0.0,"mWalkStepCount":0},{"mCalorie":0.0,"mDistance":0.0,"mNowHealthyStep":0,"mRunStepCount":0,"mSpeed":0.0,"mStartTime":1609998600000,"mStepCount":0,"mTimeUnit":600000,"mTotalActiveTime":0.0,"mWalkStepCount":0},{"mCalorie":0.0,"mDistance":0.0,"mNowHealthyStep":0,"mRunStepCount":0,"mSpeed":0.0,"mStartTime":1609999200000,"mStepCount":0,"mTimeUnit":600000,"mTotalActiveTime":0.0,"mWalkStepCount":0},{"mCalorie":0.0,"mDistance":0.0,"mNowHealthyStep":0,"mRunStepCount":0,"mSpeed":0.0,"mStartTime":1609999800000,"mStepCount":0,"mTimeUnit":600000,"mTotalActiveTime":0.0,"mWalkStepCount":0},{"mCalorie":2.8100000000000205,"mDistance":53.76000000000029,"mNowHealthyStep":0,"mRunStepCount":0,"mSpeed":4.516178131103516,"mStartTime":1610000400000,"mStepCount":72,"mTimeUnit":600000,"mTotalActiveTime":42853.93585043973,"mWalkStepCount":72},{"mCalorie":1.0,"mDistance":16.45,"mNowHealthyStep":0,"mRunStepCount":2,"mSpeed":3.9289369583129883,"mStartTime":1610001000000,"mStepCount":24,"mTimeUnit":600000,"mTotalActiveTime":15072.779602483342,"mWalkStepCount":22},{"mCalorie":1.43,"mDistance":26.72,"mNowHealthyStep":0,"mRunStepCount":0,"mSpeed":4.091498374938965,"mStartTime":1610001600000,"mStepCount":37,"mTimeUnit":600000,"mTotalActiveTime":23510.21334793691,"mWalkStepCount":37},{"mCalorie":4.33,"mDistance":89.82,"mNowHealthyStep":0,"mRunStepCount":0,"mSpeed":4.618134021759033,"mStartTime":1610002200000,"mStepCount":121,"mTimeUnit":600000,"mTotalActiveTime":70017.89158730526,"mWalkStepCount":121},{"mCalorie":4.62,"mDistance":92.53,"mNowHealthyStep":0,"mRunStepCount":0,"mSpeed":4.422983169555664,"mStartTime":1610002800000,"mStepCount":127,"mTimeUnit":600000,"mTotalActiveTime":75312.96711924551,"mWalkStepCount":127},{"mCalorie":4.140000011920929,"mDistance":85.41999965667725,"mNowHealthyStep":0,"mRunStepCount":0,"mSpeed":4.123283386230469,"mStartTime":1610003400000,"mStepCount":117,"mTimeUnit":600000,"mTotalActiveTime":74579.39519703487,"mWalkStepCount":117},{"mCalorie":0.0,"mDistance":0.0,"mNowHealthyStep":0,"mRunStepCount":0,"mSpeed":0.0,"mStartTime":1610004000000,"mStepCount":0,"mTimeUnit":600000,"mTotalActiveTime":0.0,"mWalkStepCount":0},{"mCalorie":0.0,"mDistance":0.0,"mNowHealthyStep":0,"mRunStepCount":0,"mSpeed":0.0,"mStartTime":1610004600000,"mStepCount":0,"mTimeUnit":600000,"mTotalActiveTime":0.0,"mWalkStepCount":0},{"mCalorie":0.0,"mDistance":0.0,"mNowHealthyStep":0,"mRunStepCount":0,"mSpeed":0.0,"mStartTime":1610005200000,"mStepCount":0,"mTimeUnit":600000,"mTotalActiveTime":0.0,"mWalkStepCount":0},{"mCalorie":2.1,"mDistance":37.150000000000006,"mNowHealthyStep":0,"mRunStepCount":2,"mSpeed":5.068350791931152,"mStartTime":1610005800000,"mStepCount":47,"mTimeUnit":600000,"mTotalActiveTime":26387.281666274408,"mWalkStepCount":45},{"mCalorie":0.75,"mDistance":14.79,"mNowHealthyStep":0,"mRunStepCount":0,"mSpeed":3.810814142227173,"mStartTime":1610006400000,"mStepCount":21,"mTimeUnit":600000,"mTotalActiveTime":13971.817608648122,"mWalkStepCount":21},{"mCalorie":0.39,"mDistance":8.72,"mNowHealthyStep":0,"mRunStepCount":0,"mSpeed":4.400000095367432,"mStartTime":1610007000000,"mStepCount":12,"mTimeUnit":600000,"mTotalActiveTime":7134.54529990835,"mWalkStepCount":12},{"mCalorie":3.76,"mDistance":66.55,"mNowHealthyStep":0,"mRunStepCount":4,"mSpeed":4.807132720947266,"mStartTime":1610007600000,"mStepCount":87,"mTimeUnit":600000,"mTotalActiveTime":49838.441675382404,"mWalkStepCount":83},{"mCalorie":0.6,"mDistance":11.56,"mNowHealthyStep":0,"mRunStepCount":0,"mSpeed":5.999999523162842,"mStartTime":1610008200000,"mStepCount":15,"mTimeUnit":600000,"mTotalActiveTime":6936.0005512237985,"mWalkStepCount":15},{"mCalorie":0.86,"mDistance":19.07,"mNowHealthyStep":0,"mRunStepCount":0,"mSpeed":4.7502522468566895,"mStartTime":1610008800000,"mStepCount":25,"mTimeUnit":600000,"mTotalActiveTime":14452.28557155895,"mWalkStepCount":25},{"mCalorie":1.61,"mDistance":32.95,"mNowHealthyStep":0,"mRunStepCount":2,"mSpeed":7.128737449645996,"mStartTime":1610009400000,"mStepCount":38,"mTimeUnit":600000,"mTotalActiveTime":16639.692313524465,"mWalkStepCount":36},{"mCalorie":1.8400000000000114,"mDistance":36.950000000000145,"mNowHealthyStep":0,"mRunStepCount":2,"mSpeed":5.267450332641602,"mStartTime":1610010000000,"mStepCount":48,"mTimeUnit":600000,"mTotalActiveTime":25253.2055395994,"mWalkStepCount":46},{"mCalorie":2.8900000000000112,"mDistance":54.510000000000446,"mNowHealthyStep":0,"mRunStepCount":5,"mSpeed":4.110143661499023,"mStartTime":1610010600000,"mStepCount":76,"mTimeUnit":600000,"mTotalActiveTime":47744.31423031102,"mWalkStepCount":71},{"mCalorie":1.42,"mDistance":28.02,"mNowHealthyStep":0,"mRunStepCount":0,"mSpeed":3.9267265796661377,"mStartTime":1610011200000,"mStepCount":39,"mTimeUnit":600000,"mTotalActiveTime":25688.572822882285,"mWalkStepCount":39},{"mCalorie":0.25999999046325684,"mDistance":4.949999809265137,"mNowHealthyStep":0,"mRunStepCount":0,"mSpeed":3.5853066444396973,"mStartTime":1610011800000,"mStepCount":7,"mTimeUnit":600000,"mTotalActiveTime":4970.285970097087,"mWalkStepCount":7},{"mCalorie":0.0,"mDistance":0.0,"mNowHealthyStep":0,"mRunStepCount":0,"mSpeed":0.0,"mStartTime":1610012400000,"mStepCount":0,"mTimeUnit":600000,"mTotalActiveTime":0.0,"mWalkStepCount":0},{"mCalorie":0.0,"mDistance":0.0,"mNowHealthyStep":0,"mRunStepCount":0,"mSpeed":0.0,"mStartTime":1610013000000,"mStepCount":0,"mTimeUnit":600000,"mTotalActiveTime":0.0,"mWalkStepCount":0},{"mCalorie":0.5199999809265137,"mDistance":10.649999618530273,"mNowHealthyStep":0,"mRunStepCount":0,"mSpeed":4.799999713897705,"mStartTime":1610013600000,"mStepCount":14,"mTimeUnit":600000,"mTotalActiveTime":7987.500189989816,"mWalkStepCount":14},{"mCalorie":4.580000000000014,"mDistance":90.14000038147023,"mNowHealthyStep":0,"mRunStepCount":1,"mSpeed":5.078871250152588,"mStartTime":1610014200000,"mStepCount":117,"mTimeUnit":600000,"mTotalActiveTime":63892.93458975399,"mWalkStepCount":116},{"mCalorie":1.7099999713897704,"mDistance":37.299999771118166,"mNowHealthyStep":0,"mRunStepCount":0,"mSpeed":4.847893714904785,"mStartTime":1610014800000,"mStepCount":49,"mTimeUnit":600000,"mTotalActiveTime":27698.627696988347,"mWalkStepCount":49},{"mCalorie":2.080000023841858,"mDistance":41.20999938964844,"mNowHealthyStep":0,"mRunStepCount":0,"mSpeed":4.19285249710083,"mStartTime":1610015400000,"mStepCount":57,"mTimeUnit":600000,"mTotalActiveTime":35383.071204792235,"mWalkStepCount":57},{"mCalorie":0.0,"mDistance":0.0,"mNowHealthyStep":0,"mRunStepCount":0,"mSpeed":0.0,"mStartTime":1610016000000,"mStepCount":0,"mTimeUnit":600000,"mTotalActiveTime":0.0,"mWalkStepCount":0},{"mCalorie":0.43,"mDistance":9.55,"mNowHealthyStep":0,"mRunStepCount":0,"mSpeed":5.999999523162842,"mStartTime":1610016600000,"mStepCount":12,"mTimeUnit":600000,"mTotalActiveTime":5730.000455379523,"mWalkStepCount":12},{"mCalorie":1.0899999737739563,"mDistance":22.1899995803833,"mNowHealthyStep":0,"mRunStepCount":0,"mSpeed":4.389796257019043,"mStartTime":1610017200000,"mStepCount":30,"mTimeUnit":600000,"mTotalActiveTime":18197.654239434632,"mWalkStepCount":30},{"mCalorie":11.059999637007714,"mDistance":206.83999673843383,"mNowHealthyStep":0,"mRunStepCount":0,"mSpeed":3.9842090606689453,"mStartTime":1610017800000,"mStepCount":284,"mTimeUnit":600000,"mTotalActiveTime":186893.79885511703,"mWalkStepCount":284},{"mCalorie":1.3799999999999888,"mDistance":31.579999999999487,"mNowHealthyStep":0,"mRunStepCount":0,"mSpeed":4.665760040283203,"mStartTime":1610018400000,"mStepCount":42,"mTimeUnit":600000,"mTotalActiveTime":24366.448839712233,"mWalkStepCount":42},{"mCalorie":0.0,"mDistance":0.0,"mNowHealthyStep":0,"mRunStepCount":0,"mSpeed":0.0,"mStartTime":1610019000000,"mStepCount":0,"mTimeUnit":600000,"mTotalActiveTime":0.0,"mWalkStepCount":0},{"mCalorie":0.61,"mDistance":14.13,"mNowHealthyStep":0,"mRunStepCount":0,"mSpeed":5.999999523162842,"mStartTime":1610019600000,"mStepCount":18,"mTimeUnit":600000,"mTotalActiveTime":8478.00067377096,"mWalkStepCount":18},{"mCalorie":9.190000002384185,"mDistance":170.78999908447267,"mNowHealthyStep":0,"mRunStepCount":4,"mSpeed":4.0628981590271,"mStartTime":1610020200000,"mStepCount":233,"mTimeUnit":600000,"mTotalActiveTime":151331.38640011777,"mWalkStepCount":229},{"mCalorie":2.500000042915344,"mDistance":49.45,"mNowHealthyStep":0,"mRunStepCount":0,"mSpeed":4.048407077789307,"mStartTime":1610020800000,"mStepCount":68,"mTimeUnit":600000,"mTotalActiveTime":43972.84936383659,"mWalkStepCount":68},{"mCalorie":1.4699999618530273,"mDistance":26.30999938964844,"mNowHealthyStep":0,"mRunStepCount":0,"mSpeed":3.5670812129974365,"mStartTime":1610021400000,"mStepCount":37,"mTimeUnit":600000,"mTotalActiveTime":26552.800849977277,"mWalkStepCount":37},{"mCalorie":0.48999999463558197,"mDistance":10.600000381469727,"mNowHealthyStep":0,"mRunStepCount":0,"mSpeed":4.423908233642578,"mStartTime":1610022000000,"mStepCount":14,"mTimeUnit":600000,"mTotalActiveTime":8625.857372422954,"mWalkStepCount":14},{"mCalorie":1.3299999833106995,"mDistance":26.820000648498535,"mNowHealthyStep":0,"mRunStepCount":0,"mSpeed":4.598873615264893,"mStartTime":1610022600000,"mStepCount":36,"mTimeUnit":600000,"mTotalActiveTime":20994.706220132583,"mWalkStepCount":36},{"mCalorie":2.9799999737739564,"mDistance":57.910000553131106,"mNowHealthyStep":0,"mRunStepCount":3,"mSpeed":4.222301959991455,"mStartTime":1610023200000,"mStepCount":78,"mTimeUnit":600000,"mTotalActiveTime":49374.962551848264,"mWalkStepCount":75},{"mCalorie":5.7499999523162835,"mDistance":111.05999954223634,"mNowHealthyStep":0,"mRunStepCount":0,"mSpeed":3.9067909717559814,"mStartTime":1610023800000,"mStepCount":154,"mTimeUnit":600000,"mTotalActiveTime":102338.72127713272,"mWalkStepCount":154},{"mCalorie":3.0499999999999727,"mDistance":57.62000000000022,"mNowHealthyStep":0,"mRunStepCount":0,"mSpeed":3.7879016399383545,"mStartTime":1610024400000,"mStepCount":81,"mTimeUnit":600000,"mTotalActiveTime":54761.71770190306,"mWalkStepCount":81},{"mCalorie":3.730000011920929,"mDistance":66.76999938964843,"mNowHealthyStep":0,"mRunStepCount":0,"mSpeed":3.284656524658203,"mStartTime":1610025000000,"mStepCount":96,"mTimeUnit":600000,"mTotalActiveTime":73180.25296909988,"mWalkStepCount":96},{"mCalorie":4.469999985694885,"mDistance":79.37999961853028,"mNowHealthyStep":0,"mRunStepCount":0,"mSpeed":3.1908395290374756,"mStartTime":1610025600000,"mStepCount":115,"mTimeUnit":600000,"mTotalActiveTime":89558.8740605666,"mWalkStepCount":115},{"mCalorie":5.2799999809265135,"mDistance":96.32999923706055,"mNowHealthyStep":0,"mRunStepCount":0,"mSpeed":3.2723097801208496,"mStartTime":1610026200000,"mStepCount":139,"mTimeUnit":600000,"mTotalActiveTime":105976.5192918626,"mWalkStepCount":139},{"mCalorie":2.6099999678134918,"mDistance":47.410000286102296,"mNowHealthyStep":0,"mRunStepCount":0,"mSpeed":3.1838393211364746,"mStartTime":1610026800000,"mStepCount":68,"mTimeUnit":600000,"mTotalActiveTime":53606.97637052197,"mWalkStepCount":68},{"mCalorie":2.0300000154972073,"mDistance":39.820000076293944,"mNowHealthyStep":0,"mRunStepCount":0,"mSpeed":3.8722941875457764,"mStartTime":1610027400000,"mStepCount":55,"mTimeUnit":600000,"mTotalActiveTime":37019.915247758436,"mWalkStepCount":55},{"mCalorie":4.459999969005585,"mDistance":80.48000059127807,"mNowHealthyStep":0,"mRunStepCount":0,"mSpeed":3.7851812839508057,"mStartTime":1610028000000,"mStepCount":120,"mTimeUnit":600000,"mTotalActiveTime":76542.70386748186,"mWalkStepCount":120},{"mCalorie":6.080000128746033,"mDistance":112.79000017166138,"mNowHealthyStep":0,"mRunStepCount":0,"mSpeed":3.530271291732788,"mStartTime":1610028600000,"mStepCount":159,"mTimeUnit":600000,"mTotalActiveTime":115017.78777839578,"mWalkStepCount":159},{"mCalorie":6.860000193119049,"mDistance":136.57000541687012,"mNowHealthyStep":0,"mRunStepCount":0,"mSpeed":4.400280952453613,"mStartTime":1610029200000,"mStepCount":183,"mTimeUnit":600000,"mTotalActiveTime":111731.9665007632,"mWalkStepCount":183},{"mCalorie":3.030000033378601,"mDistance":57.84999984741211,"mNowHealthyStep":0,"mRunStepCount":0,"mSpeed":4.521884441375732,"mStartTime":1610029800000,"mStepCount":81,"mTimeUnit":600000,"mTotalActiveTime":46056.02099136968,"mWalkStepCount":81},{"mCalorie":4.34000000000005,"mDistance":81.08999999999975,"mNowHealthyStep":0,"mRunStepCount":10,"mSpeed":4.934920787811279,"mStartTime":1610030400000,"mStepCount":106,"mTimeUnit":600000,"mTotalActiveTime":59154.74725199024,"mWalkStepCount":96},{"mCalorie":0.0,"mDistance":0.0,"mNowHealthyStep":0,"mRunStepCount":0,"mSpeed":0.0,"mStartTime":1610031000000,"mStepCount":0,"mTimeUnit":600000,"mTotalActiveTime":0.0,"mWalkStepCount":0},{"mCalorie":2.160000183582306,"mDistance":44.8799995803833,"mNowHealthyStep":0,"mRunStepCount":0,"mSpeed":3.9680583477020264,"mStartTime":1610031600000,"mStepCount":61,"mTimeUnit":600000,"mTotalActiveTime":40717.1429282665,"mWalkStepCount":61},{"mCalorie":6.429999964237212,"mDistance":120.78999858856201,"mNowHealthyStep":0,"mRunStepCount":0,"mSpeed":4.358910083770752,"mStartTime":1610032200000,"mStepCount":166,"mTimeUnit":600000,"mTotalActiveTime":99759.80123684119,"mWalkStepCount":166},{"mCalorie":8.139999866485596,"mDistance":158.0800018310547,"mNowHealthyStep":0,"mRunStepCount":0,"mSpeed":4.682179927825928,"mStartTime":1610032800000,"mStepCount":210,"mTimeUnit":600000,"mTotalActiveTime":121543.38344742585,"mWalkStepCount":210},{"mCalorie":12.5500000500679,"mDistance":239.6100003051758,"mNowHealthyStep":0,"mRunStepCount":0,"mSpeed":4.16723108291626,"mStartTime":1610033400000,"mStepCount":327,"mTimeUnit":600000,"mTotalActiveTime":206995.00938570115,"mWalkStepCount":327},{"mCalorie":15.93999762058258,"mDistance":314.30999656677244,"mNowHealthyStep":0,"mRunStepCount":0,"mSpeed":4.850011348724365,"mStartTime":1610034000000,"mStepCount":418,"mTimeUnit":600000,"mTotalActiveTime":233301.72603483716,"mWalkStepCount":418},{"mCalorie":0.7900000214576721,"mDistance":17.540000915527344,"mNowHealthyStep":0,"mRunStepCount":0,"mSpeed":5.400000095367432,"mStartTime":1610034600000,"mStepCount":23,"mTimeUnit":600000,"mTotalActiveTime":11693.33373717319,"mWalkStepCount":23},{"mCalorie":0.0,"mDistance":0.0,"mNowHealthyStep":0,"mRunStepCount":0,"mSpeed":0.0,"mStartTime":1610035200000,"mStepCount":0,"mTimeUnit":600000,"mTotalActiveTime":0.0,"mWalkStepCount":0},{"mCalorie":6.740000049173831,"mDistance":132.57000004529954,"mNowHealthyStep":0,"mRunStepCount":0,"mSpeed":4.709543228149414,"mStartTime":1610035800000,"mStepCount":176,"mTimeUnit":600000,"mTotalActiveTime":101337.21388246436,"mWalkStepCount":176},{"mCalorie":2.0,"mDistance":35.7,"mNowHealthyStep":0,"mRunStepCount":4,"mSpeed":6.169656276702881,"mStartTime":1610036400000,"mStepCount":45,"mTimeUnit":600000,"mTotalActiveTime":20830.981513254792,"mWalkStepCount":41},{"mCalorie":3.310000014305115,"mDistance":65.86999980926514,"mNowHealthyStep":0,"mRunStepCount":0,"mSpeed":4.098428249359131,"mStartTime":1610037000000,"mStepCount":91,"mTimeUnit":600000,"mTotalActiveTime":57859.254403876206,"mWalkStepCount":91},{"mCalorie":3.1000000119209314,"mDistance":56.23099958038467,"mNowHealthyStep":0,"mRunStepCount":4,"mSpeed":4.123586654663086,"mStartTime":1610037600000,"mStepCount":77,"mTimeUnit":600000,"mTotalActiveTime":49091.14812838653,"mWalkStepCount":73},{"mCalorie":3.649999940395355,"mDistance":71.05999942779542,"mNowHealthyStep":0,"mRunStepCount":0,"mSpeed":3.9884915351867676,"mStartTime":1610038200000,"mStepCount":98,"mTimeUnit":600000,"mTotalActiveTime":64138.5336704525,"mWalkStepCount":98},{"mCalorie":0.35,"mDistance":8.6,"mNowHealthyStep":0,"mRunStepCount":0,"mSpeed":5.600000381469727,"mStartTime":1610038800000,"mStepCount":11,"mTimeUnit":600000,"mTotalActiveTime":5528.571051967413,"mWalkStepCount":11},{"mCalorie":1.4499999999999544,"mDistance":27.999999999999346,"mNowHealthyStep":0,"mRunStepCount":7,"mSpeed":7.3106560707092285,"mStartTime":1610039400000,"mStepCount":33,"mTimeUnit":600000,"mTotalActiveTime":13788.092402110793,"mWalkStepCount":26},{"mCalorie":0.0,"mDistance":0.0,"mNowHealthyStep":0,"mRunStepCount":0,"mSpeed":0.0,"mStartTime":1610040000000,"mStepCount":0,"mTimeUnit":600000,"mTotalActiveTime":0.0,"mWalkStepCount":0},{"mCalorie":0.51,"mDistance":11.27,"mNowHealthyStep":0,"mRunStepCount":0,"mSpeed":6.999999523162842,"mStartTime":1610040600000,"mStepCount":14,"mTimeUnit":600000,"mTotalActiveTime":5796.000394821193,"mWalkStepCount":14},{"mCalorie":0.41,"mDistance":9.3,"mNowHealthyStep":0,"mRunStepCount":0,"mSpeed":5.299999713897705,"mStartTime":1610041200000,"mStepCount":12,"mTimeUnit":600000,"mTotalActiveTime":6316.981473076018,"mWalkStepCount":12},{"mCalorie":0.0,"mDistance":0.0,"mNowHealthyStep":0,"mRunStepCount":0,"mSpeed":0.0,"mStartTime":1610041800000,"mStepCount":0,"mTimeUnit":600000,"mTotalActiveTime":0.0,"mWalkStepCount":0},{"mCalorie":0.69,"mDistance":9.48,"mNowHealthyStep":0,"mRunStepCount":0,"mSpeed":3.4000000953674316,"mStartTime":1610042400000,"mStepCount":14,"mTimeUnit":600000,"mTotalActiveTime":10037.646777275122,"mWalkStepCount":14},{"mCalorie":0.0,"mDistance":0.0,"mNowHealthyStep":0,"mRunStepCount":0,"mSpeed":0.0,"mStartTime":1610043000000,"mStepCount":0,"mTimeUnit":600000,"mTotalActiveTime":0.0,"mWalkStepCount":0},{"mCalorie":0.0,"mDistance":0.0,"mNowHealthyStep":0,"mRunStepCount":0,"mSpeed":0.0,"mStartTime":1610043600000,"mStepCount":0,"mTimeUnit":600000,"mTotalActiveTime":0.0,"mWalkStepCount":0},{"mCalorie":0.0,"mDistance":0.0,"mNowHealthyStep":0,"mRunStepCount":0,"mSpeed":0.0,"mStartTime":1610044200000,"mStepCount":0,"mTimeUnit":600000,"mTotalActiveTime":0.0,"mWalkStepCount":0},{"mCalorie":0.0,"mDistance":0.0,"mNowHealthyStep":0,"mRunStepCount":0,"mSpeed":0.0,"mStartTime":1610044800000,"mStepCount":0,"mTimeUnit":600000,"mTotalActiveTime":0.0,"mWalkStepCount":0},{"mCalorie":0.0,"mDistance":0.0,"mNowHealthyStep":0,"mRunStepCount":0,"mSpeed":0.0,"mStartTime":1610045400000,"mStepCount":0,"mTimeUnit":600000,"mTotalActiveTime":0.0,"mWalkStepCount":0},{"mCalorie":0.0,"mDistance":0.0,"mNowHealthyStep":0,"mRunStepCount":0,"mSpeed":0.0,"mStartTime":1610046000000,"mStepCount":0,"mTimeUnit":600000,"mTotalActiveTime":0.0,"mWalkStepCount":0},{"mCalorie":0.0,"mDistance":0.0,"mNowHealthyStep":0,"mRunStepCount":0,"mSpeed":0.0,"mStartTime":1610046600000,"mStepCount":0,"mTimeUnit":600000,"mTotalActiveTime":0.0,"mWalkStepCount":0},{"mCalorie":0.0,"mDistance":0.0,"mNowHealthyStep":0,"mRunStepCount":0,"mSpeed":0.0,"mStartTime":1610047200000,"mStepCount":0,"mTimeUnit":600000,"mTotalActiveTime":0.0,"mWalkStepCount":0},{"mCalorie":0.0,"mDistance":0.0,"mNowHealthyStep":0,"mRunStepCount":0,"mSpeed":0.0,"mStartTime":1610047800000,"mStepCount":0,"mTimeUnit":600000,"mTotalActiveTime":0.0,"mWalkStepCount":0},{"mCalorie":0.0,"mDistance":0.0,"mNowHealthyStep":0,"mRunStepCount":0,"mSpeed":0.0,"mStartTime":1610048400000,"mStepCount":0,"mTimeUnit":600000,"mTotalActiveTime":0.0,"mWalkStepCount":0},{"mCalorie":0.43,"mDistance":9.3,"mNowHealthyStep":0,"mRunStepCount":0,"mSpeed":5.899999618530273,"mStartTime":1610049000000,"mStepCount":12,"mTimeUnit":600000,"mTotalActiveTime":5674.57663808122,"mWalkStepCount":12},{"mCalorie":0.0,"mDistance":0.0,"mNowHealthyStep":0,"mRunStepCount":0,"mSpeed":0.0,"mStartTime":1610049600000,"mStepCount":0,"mTimeUnit":600000,"mTotalActiveTime":0.0,"mWalkStepCount":0},{"mCalorie":0.0,"mDistance":0.0,"mNowHealthyStep":0,"mRunStepCount":0,"mSpeed":0.0,"mStartTime":1610050200000,"mStepCount":0,"mTimeUnit":600000,"mTotalActiveTime":0.0,"mWalkStepCount":0},{"mCalorie":3.2999999999999865,"mDistance":61.56999999999927,"mNowHealthyStep":0,"mRunStepCount":0,"mSpeed":3.897244453430176,"mStartTime":1610050800000,"mStepCount":86,"mTimeUnit":600000,"mTotalActiveTime":56874.028835260484,"mWalkStepCount":86},{"mCalorie":1.2200000000000002,"mDistance":21.3,"mNowHealthyStep":0,"mRunStepCount":0,"mSpeed":4.259072303771973,"mStartTime":1610051400000,"mStepCount":29,"mTimeUnit":600000,"mTotalActiveTime":18003.921143969637,"mWalkStepCount":29},{"mCalorie":0.0,"mDistance":0.0,"mNowHealthyStep":0,"mRunStepCount":0,"mSpeed":0.0,"mStartTime":1610052000000,"mStepCount":0,"mTimeUnit":600000,"mTotalActiveTime":0.0,"mWalkStepCount":0},{"mCalorie":0.0,"mDistance":0.0,"mNowHealthyStep":0,"mRunStepCount":0,"mSpeed":0.0,"mStartTime":1610052600000,"mStepCount":0,"mTimeUnit":600000,"mTotalActiveTime":0.0,"mWalkStepCount":0},{"mCalorie":0.0,"mDistance":0.0,"mNowHealthyStep":0,"mRunStepCount":0,"mSpeed":0.0,"mStartTime":1610053200000,"mStepCount":0,"mTimeUnit":600000,"mTotalActiveTime":0.0,"mWalkStepCount":0},{"mCalorie":0.0,"mDistance":0.0,"mNowHealthyStep":0,"mRunStepCount":0,"mSpeed":0.0,"mStartTime":1610053800000,"mStepCount":0,"mTimeUnit":600000,"mTotalActiveTime":0.0,"mWalkStepCount":0},{"mCalorie":0.0,"mDistance":0.0,"mNowHealthyStep":0,"mRunStepCount":0,"mSpeed":0.0,"mStartTime":1610054400000,"mStepCount":0,"mTimeUnit":600000,"mTotalActiveTime":0.0,"mWalkStepCount":0},{"mCalorie":0.9800000190734863,"mDistance":18.3700008392334,"mNowHealthyStep":0,"mRunStepCount":0,"mSpeed":3.299999952316284,"mStartTime":1610055000000,"mStepCount":26,"mTimeUnit":600000,"mTotalActiveTime":20040.001205097564,"mWalkStepCount":26},{"mCalorie":0.2800000011920929,"mDistance":5.960000038146973,"mNowHealthyStep":0,"mRunStepCount":0,"mSpeed":4.448679447174072,"mStartTime":1610055600000,"mStepCount":8,"mTimeUnit":600000,"mTotalActiveTime":4823.004307707215,"mWalkStepCount":8},{"mCalorie":0.0,"mDistance":0.0,"mNowHealthyStep":0,"mRunStepCount":0,"mSpeed":0.0,"mStartTime":1610056200000,"mStepCount":0,"mTimeUnit":600000,"mTotalActiveTime":0.0,"mWalkStepCount":0},{"mCalorie":0.0,"mDistance":0.0,"mNowHealthyStep":0,"mRunStepCount":0,"mSpeed":0.0,"mStartTime":1610056800000,"mStepCount":0,"mTimeUnit":600000,"mTotalActiveTime":0.0,"mWalkStepCount":0},{"mCalorie":0.0,"mDistance":0.0,"mNowHealthyStep":0,"mRunStepCount":0,"mSpeed":0.0,"mStartTime":1610057400000,"mStepCount":0,"mTimeUnit":600000,"mTotalActiveTime":0.0,"mWalkStepCount":0},{"mCalorie":0.0,"mDistance":0.0,"mNowHealthyStep":0,"mRunStepCount":0,"mSpeed":0.0,"mStartTime":1610058000000,"mStepCount":0,"mTimeUnit":600000,"mTotalActiveTime":0.0,"mWalkStepCount":0},{"mCalorie":0.0,"mDistance":0.0,"mNowHealthyStep":0,"mRunStepCount":0,"mSpeed":0.0,"mStartTime":1610058600000,"mStepCount":0,"mTimeUnit":600000,"mTotalActiveTime":0.0,"mWalkStepCount":0},{"mCalorie":0.0,"mDistance":0.0,"mNowHealthyStep":0,"mRunStepCount":0,"mSpeed":0.0,"mStartTime":1610059200000,"mStepCount":0,"mTimeUnit":600000,"mTotalActiveTime":0.0,"mWalkStepCount":0},{"mCalorie":0.0,"mDistance":0.0,"mNowHealthyStep":0,"mRunStepCount":0,"mSpeed":0.0,"mStartTime":1610059800000,"mStepCount":0,"mTimeUnit":600000,"mTotalActiveTime":0.0,"mWalkStepCount":0}]