[{"mCalorie":0.0,"mDistance":0.0,"mNowHealthyStep":0,"mRunStepCount":0,"mSpeed":0.0,"mStartTime":1593295200000,"mStepCount":0,"mTimeUnit":600000,"mTotalActiveTime":0.0,"mWalkStepCount":0},{"mCalorie":0.0,"mDistance":0.0,"mNowHealthyStep":0,"mRunStepCount":0,"mSpeed":0.0,"mStartTime":1593295800000,"mStepCount":0,"mTimeUnit":600000,"mTotalActiveTime":0.0,"mWalkStepCount":0},{"mCalorie":0.0,"mDistance":0.0,"mNowHealthyStep":0,"mRunStepCount":0,"mSpeed":0.0,"mStartTime":1593296400000,"mStepCount":0,"mTimeUnit":600000,"mTotalActiveTime":0.0,"mWalkStepCount":0},{"mCalorie":0.0,"mDistance":0.0,"mNowHealthyStep":0,"mRunStepCount":0,"mSpeed":0.0,"mStartTime":1593297000000,"mStepCount":0,"mTimeUnit":600000,"mTotalActiveTime":0.0,"mWalkStepCount":0},{"mCalorie":0.0,"mDistance":0.0,"mNowHealthyStep":0,"mRunStepCount":0,"mSpeed":0.0,"mStartTime":1593297600000,"mStepCount":0,"mTimeUnit":600000,"mTotalActiveTime":0.0,"mWalkStepCount":0},{"mCalorie":0.0,"mDistance":0.0,"mNowHealthyStep":0,"mRunStepCount":0,"mSpeed":0.0,"mStartTime":1593298200000,"mStepCount":0,"mTimeUnit":600000,"mTotalActiveTime":0.0,"mWalkStepCount":0},{"mCalorie":0.0,"mDistance":0.0,"mNowHealthyStep":0,"mRunStepCount":0,"mSpeed":0.0,"mStartTime":1593298800000,"mStepCount":0,"mTimeUnit":600000,"mTotalActiveTime":0.0,"mWalkStepCount":0},{"mCalorie":0.0,"mDistance":0.0,"mNowHealthyStep":0,"mRunStepCount":0,"mSpeed":0.0,"mStartTime":1593299400000,"mStepCount":0,"mTimeUnit":600000,"mTotalActiveTime":0.0,"mWalkStepCount":0},{"mCalorie":0.0,"mDistance":0.0,"mNowHealthyStep":0,"mRunStepCount":0,"mSpeed":0.0,"mStartTime":1593300000000,"mStepCount":0,"mTimeUnit":600000,"mTotalActiveTime":0.0,"mWalkStepCount":0},{"mCalorie":0.0,"mDistance":0.0,"mNowHealthyStep":0,"mRunStepCount":0,"mSpeed":0.0,"mStartTime":1593300600000,"mStepCount":0,"mTimeUnit":600000,"mTotalActiveTime":0.0,"mWalkStepCount":0},{"mCalorie":0.0,"mDistance":0.0,"mNowHealthyStep":0,"mRunStepCount":0,"mSpeed":0.0,"mStartTime":1593301200000,"mStepCount":0,"mTimeUnit":600000,"mTotalActiveTime":0.0,"mWalkStepCount":0},{"mCalorie":0.0,"mDistance":0.0,"mNowHealthyStep":0,"mRunStepCount":0,"mSpeed":0.0,"mStartTime":1593301800000,"mStepCount":0,"mTimeUnit":600000,"mTotalActiveTime":0.0,"mWalkStepCount":0},{"mCalorie":0.0,"mDistance":0.0,"mNowHealthyStep":0,"mRunStepCount":0,"mSpeed":0.0,"mStartTime":1593302400000,"mStepCount":0,"mTimeUnit":600000,"mTotalActiveTime":0.0,"mWalkStepCount":0},{"mCalorie":0.0,"mDistance":0.0,"mNowHealthyStep":0,"mRunStepCount":0,"mSpeed":0.0,"mStartTime":1593303000000,"mStepCount":0,"mTimeUnit":600000,"mTotalActiveTime":0.0,"mWalkStepCount":0},{"mCalorie":0.0,"mDistance":0.0,"mNowHealthyStep":0,"mRunStepCount":0,"mSpeed":0.0,"mStartTime":1593303600000,"mStepCount":0,"mTimeUnit":600000,"mTotalActiveTime":0.0,"mWalkStepCount":0},{"mCalorie":0.0,"mDistance":0.0,"mNowHealthyStep":0,"mRunStepCount":0,"mSpeed":0.0,"mStartTime":1593304200000,"mStepCount":0,"mTimeUnit":600000,"mTotalActiveTime":0.0,"mWalkStepCount":0},{"mCalorie":0.0,"mDistance":0.0,"mNowHealthyStep":0,"mRunStepCount":0,"mSpeed":0.0,"mStartTime":1593304800000,"mStepCount":0,"mTimeUnit":600000,"mTotalActiveTime":0.0,"mWalkStepCount":0},{"mCalorie":0.0,"mDistance":0.0,"mNowHealthyStep":0,"mRunStepCount":0,"mSpeed":0.0,"mStartTime":1593305400000,"mStepCount":0,"mTimeUnit":600000,"mTotalActiveTime":0.0,"mWalkStepCount":0},{"mCalorie":0.0,"mDistance":0.0,"mNowHealthyStep":0,"mRunStepCount":0,"mSpeed":0.0,"mStartTime":1593306000000,"mStepCount":0,"mTimeUnit":600000,"mTotalActiveTime":0.0,"mWalkStepCount":0},{"mCalorie":0.0,"mDistance":0.0,"mNowHealthyStep":0,"mRunStepCount":0,"mSpeed":0.0,"mStartTime":1593306600000,"mStepCount":0,"mTimeUnit":600000,"mTotalActiveTime":0.0,"mWalkStepCount":0},{"mCalorie":0.0,"mDistance":0.0,"mNowHealthyStep":0,"mRunStepCount":0,"mSpeed":0.0,"mStartTime":1593307200000,"mStepCount":0,"mTimeUnit":600000,"mTotalActiveTime":0.0,"mWalkStepCount":0},{"mCalorie":0.0,"mDistance":0.0,"mNowHealthyStep":0,"mRunStepCount":0,"mSpeed":0.0,"mStartTime":1593307800000,"mStepCount":0,"mTimeUnit":600000,"mTotalActiveTime":0.0,"mWalkStepCount":0},{"mCalorie":0.0,"mDistance":0.0,"mNowHealthyStep":0,"mRunStepCount":0,"mSpeed":0.0,"mStartTime":1593308400000,"mStepCount":0,"mTimeUnit":600000,"mTotalActiveTime":0.0,"mWalkStepCount":0},{"mCalorie":0.0,"mDistance":0.0,"mNowHealthyStep":0,"mRunStepCount":0,"mSpeed":0.0,"mStartTime":1593309000000,"mStepCount":0,"mTimeUnit":600000,"mTotalActiveTime":0.0,"mWalkStepCount":0},{"mCalorie":0.0,"mDistance":0.0,"mNowHealthyStep":0,"mRunStepCount":0,"mSpeed":0.0,"mStartTime":1593309600000,"mStepCount":0,"mTimeUnit":600000,"mTotalActiveTime":0.0,"mWalkStepCount":0},{"mCalorie":0.0,"mDistance":0.0,"mNowHealthyStep":0,"mRunStepCount":0,"mSpeed":0.0,"mStartTime":1593310200000,"mStepCount":0,"mTimeUnit":600000,"mTotalActiveTime":0.0,"mWalkStepCount":0},{"mCalorie":0.0,"mDistance":0.0,"mNowHealthyStep":0,"mRunStepCount":0,"mSpeed":0.0,"mStartTime":1593310800000,"mStepCount":0,"mTimeUnit":600000,"mTotalActiveTime":0.0,"mWalkStepCount":0},{"mCalorie":0.0,"mDistance":0.0,"mNowHealthyStep":0,"mRunStepCount":0,"mSpeed":0.0,"mStartTime":1593311400000,"mStepCount":0,"mTimeUnit":600000,"mTotalActiveTime":0.0,"mWalkStepCount":0},{"mCalorie":0.0,"mDistance":0.0,"mNowHealthyStep":0,"mRunStepCount":0,"mSpeed":0.0,"mStartTime":1593312000000,"mStepCount":0,"mTimeUnit":600000,"mTotalActiveTime":0.0,"mWalkStepCount":0},{"mCalorie":0.0,"mDistance":0.0,"mNowHealthyStep":0,"mRunStepCount":0,"mSpeed":0.0,"mStartTime":1593312600000,"mStepCount":0,"mTimeUnit":600000,"mTotalActiveTime":0.0,"mWalkStepCount":0},{"mCalorie":0.0,"mDistance":0.0,"mNowHealthyStep":0,"mRunStepCount":0,"mSpeed":0.0,"mStartTime":1593313200000,"mStepCount":0,"mTimeUnit":600000,"mTotalActiveTime":0.0,"mWalkStepCount":0},{"mCalorie":0.0,"mDistance":0.0,"mNowHealthyStep":0,"mRunStepCount":0,"mSpeed":0.0,"mStartTime":1593313800000,"mStepCount":0,"mTimeUnit":600000,"mTotalActiveTime":0.0,"mWalkStepCount":0},{"mCalorie":0.0,"mDistance":0.0,"mNowHealthyStep":0,"mRunStepCount":0,"mSpeed":0.0,"mStartTime":1593314400000,"mStepCount":0,"mTimeUnit":600000,"mTotalActiveTime":0.0,"mWalkStepCount":0},{"mCalorie":0.0,"mDistance":0.0,"mNowHealthyStep":0,"mRunStepCount":0,"mSpeed":0.0,"mStartTime":1593315000000,"mStepCount":0,"mTimeUnit":600000,"mTotalActiveTime":0.0,"mWalkStepCount":0},{"mCalorie":0.0,"mDistance":0.0,"mNowHealthyStep":0,"mRunStepCount":0,"mSpeed":0.0,"mStartTime":1593315600000,"mStepCount":0,"mTimeUnit":600000,"mTotalActiveTime":0.0,"mWalkStepCount":0},{"mCalorie":0.0,"mDistance":0.0,"mNowHealthyStep":0,"mRunStepCount":0,"mSpeed":0.0,"mStartTime":1593316200000,"mStepCount":0,"mTimeUnit":600000,"mTotalActiveTime":0.0,"mWalkStepCount":0},{"mCalorie":0.0,"mDistance":0.0,"mNowHealthyStep":0,"mRunStepCount":0,"mSpeed":0.0,"mStartTime":1593316800000,"mStepCount":0,"mTimeUnit":600000,"mTotalActiveTime":0.0,"mWalkStepCount":0},{"mCalorie":0.0,"mDistance":0.0,"mNowHealthyStep":0,"mRunStepCount":0,"mSpeed":0.0,"mStartTime":1593317400000,"mStepCount":0,"mTimeUnit":600000,"mTotalActiveTime":0.0,"mWalkStepCount":0},{"mCalorie":0.0,"mDistance":0.0,"mNowHealthyStep":0,"mRunStepCount":0,"mSpeed":0.0,"mStartTime":1593318000000,"mStepCount":0,"mTimeUnit":600000,"mTotalActiveTime":0.0,"mWalkStepCount":0},{"mCalorie":0.0,"mDistance":0.0,"mNowHealthyStep":0,"mRunStepCount":0,"mSpeed":0.0,"mStartTime":1593318600000,"mStepCount":0,"mTimeUnit":600000,"mTotalActiveTime":0.0,"mWalkStepCount":0},{"mCalorie":0.0,"mDistance":0.0,"mNowHealthyStep":0,"mRunStepCount":0,"mSpeed":0.0,"mStartTime":1593319200000,"mStepCount":0,"mTimeUnit":600000,"mTotalActiveTime":0.0,"mWalkStepCount":0},{"mCalorie":0.0,"mDistance":0.0,"mNowHealthyStep":0,"mRunStepCount":0,"mSpeed":0.0,"mStartTime":1593319800000,"mStepCount":0,"mTimeUnit":600000,"mTotalActiveTime":0.0,"mWalkStepCount":0},{"mCalorie":0.0,"mDistance":0.0,"mNowHealthyStep":0,"mRunStepCount":0,"mSpeed":0.0,"mStartTime":1593320400000,"mStepCount":0,"mTimeUnit":600000,"mTotalActiveTime":0.0,"mWalkStepCount":0},{"mCalorie":0.0,"mDistance":0.0,"mNowHealthyStep":0,"mRunStepCount":0,"mSpeed":0.0,"mStartTime":1593321000000,"mStepCount":0,"mTimeUnit":600000,"mTotalActiveTime":0.0,"mWalkStepCount":0},{"mCalorie":0.0,"mDistance":0.0,"mNowHealthyStep":0,"mRunStepCount":0,"mSpeed":0.0,"mStartTime":1593321600000,"mStepCount":0,"mTimeUnit":600000,"mTotalActiveTime":0.0,"mWalkStepCount":0},{"mCalorie":0.0,"mDistance":0.0,"mNowHealthyStep":0,"mRunStepCount":0,"mSpeed":0.0,"mStartTime":1593322200000,"mStepCount":0,"mTimeUnit":600000,"mTotalActiveTime":0.0,"mWalkStepCount":0},{"mCalorie":0.0,"mDistance":0.0,"mNowHealthyStep":0,"mRunStepCount":0,"mSpeed":0.0,"mStartTime":1593322800000,"mStepCount":0,"mTimeUnit":600000,"mTotalActiveTime":0.0,"mWalkStepCount":0},{"mCalorie":0.0,"mDistance":0.0,"mNowHealthyStep":0,"mRunStepCount":0,"mSpeed":0.0,"mStartTime":1593323400000,"mStepCount":0,"mTimeUnit":600000,"mTotalActiveTime":0.0,"mWalkStepCount":0},{"mCalorie":0.0,"mDistance":0.0,"mNowHealthyStep":0,"mRunStepCount":0,"mSpeed":0.0,"mStartTime":1593324000000,"mStepCount":0,"mTimeUnit":600000,"mTotalActiveTime":0.0,"mWalkStepCount":0},{"mCalorie":0.0,"mDistance":0.0,"mNowHealthyStep":0,"mRunStepCount":0,"mSpeed":0.0,"mStartTime":1593324600000,"mStepCount":0,"mTimeUnit":600000,"mTotalActiveTime":0.0,"mWalkStepCount":0},{"mCalorie":0.0,"mDistance":0.0,"mNowHealthyStep":0,"mRunStepCount":0,"mSpeed":0.0,"mStartTime":1593325200000,"mStepCount":0,"mTimeUnit":600000,"mTotalActiveTime":0.0,"mWalkStepCount":0},{"mCalorie":0.0,"mDistance":0.0,"mNowHealthyStep":0,"mRunStepCount":0,"mSpeed":0.0,"mStartTime":1593325800000,"mStepCount":0,"mTimeUnit":600000,"mTotalActiveTime":0.0,"mWalkStepCount":0},{"mCalorie":0.0,"mDistance":0.0,"mNowHealthyStep":0,"mRunStepCount":0,"mSpeed":0.0,"mStartTime":1593326400000,"mStepCount":0,"mTimeUnit":600000,"mTotalActiveTime":0.0,"mWalkStepCount":0},{"mCalorie":0.0,"mDistance":0.0,"mNowHealthyStep":0,"mRunStepCount":0,"mSpeed":0.0,"mStartTime":1593327000000,"mStepCount":0,"mTimeUnit":600000,"mTotalActiveTime":0.0,"mWalkStepCount":0},{"mCalorie":0.0,"mDistance":0.0,"mNowHealthyStep":0,"mRunStepCount":0,"mSpeed":0.0,"mStartTime":1593327600000,"mStepCount":0,"mTimeUnit":600000,"mTotalActiveTime":0.0,"mWalkStepCount":0},{"mCalorie":0.0,"mDistance":0.0,"mNowHealthyStep":0,"mRunStepCount":0,"mSpeed":0.0,"mStartTime":1593328200000,"mStepCount":0,"mTimeUnit":600000,"mTotalActiveTime":0.0,"mWalkStepCount":0},{"mCalorie":0.0,"mDistance":0.0,"mNowHealthyStep":0,"mRunStepCount":0,"mSpeed":0.0,"mStartTime":1593328800000,"mStepCount":0,"mTimeUnit":600000,"mTotalActiveTime":0.0,"mWalkStepCount":0},{"mCalorie":0.0,"mDistance":0.0,"mNowHealthyStep":0,"mRunStepCount":0,"mSpeed":0.0,"mStartTime":1593329400000,"mStepCount":0,"mTimeUnit":600000,"mTotalActiveTime":0.0,"mWalkStepCount":0},{"mCalorie":0.0,"mDistance":0.0,"mNowHealthyStep":0,"mRunStepCount":0,"mSpeed":0.0,"mStartTime":1593330000000,"mStepCount":0,"mTimeUnit":600000,"mTotalActiveTime":0.0,"mWalkStepCount":0},{"mCalorie":0.0,"mDistance":0.0,"mNowHealthyStep":0,"mRunStepCount":0,"mSpeed":0.0,"mStartTime":1593330600000,"mStepCount":0,"mTimeUnit":600000,"mTotalActiveTime":0.0,"mWalkStepCount":0},{"mCalorie":0.0,"mDistance":0.0,"mNowHealthyStep":0,"mRunStepCount":0,"mSpeed":0.0,"mStartTime":1593331200000,"mStepCount":0,"mTimeUnit":600000,"mTotalActiveTime":0.0,"mWalkStepCount":0},{"mCalorie":0.0,"mDistance":0.0,"mNowHealthyStep":0,"mRunStepCount":0,"mSpeed":0.0,"mStartTime":1593331800000,"mStepCount":0,"mTimeUnit":600000,"mTotalActiveTime":0.0,"mWalkStepCount":0},{"mCalorie":0.0,"mDistance":0.0,"mNowHealthyStep":0,"mRunStepCount":0,"mSpeed":0.0,"mStartTime":1593332400000,"mStepCount":0,"mTimeUnit":600000,"mTotalActiveTime":0.0,"mWalkStepCount":0},{"mCalorie":0.0,"mDistance":0.0,"mNowHealthyStep":0,"mRunStepCount":0,"mSpeed":0.0,"mStartTime":1593333000000,"mStepCount":0,"mTimeUnit":600000,"mTotalActiveTime":0.0,"mWalkStepCount":0},{"mCalorie":0.0,"mDistance":0.0,"mNowHealthyStep":0,"mRunStepCount":0,"mSpeed":0.0,"mStartTime":1593333600000,"mStepCount":0,"mTimeUnit":600000,"mTotalActiveTime":0.0,"mWalkStepCount":0},{"mCalorie":0.0,"mDistance":0.0,"mNowHealthyStep":0,"mRunStepCount":0,"mSpeed":0.0,"mStartTime":1593334200000,"mStepCount":0,"mTimeUnit":600000,"mTotalActiveTime":0.0,"mWalkStepCount":0},{"mCalorie":0.0,"mDistance":0.0,"mNowHealthyStep":0,"mRunStepCount":0,"mSpeed":0.0,"mStartTime":1593334800000,"mStepCount":0,"mTimeUnit":600000,"mTotalActiveTime":0.0,"mWalkStepCount":0},{"mCalorie":0.0,"mDistance":0.0,"mNowHealthyStep":0,"mRunStepCount":0,"mSpeed":0.0,"mStartTime":1593335400000,"mStepCount":0,"mTimeUnit":600000,"mTotalActiveTime":0.0,"mWalkStepCount":0},{"mCalorie":0.0,"mDistance":0.0,"mNowHealthyStep":0,"mRunStepCount":0,"mSpeed":0.0,"mStartTime":1593336000000,"mStepCount":0,"mTimeUnit":600000,"mTotalActiveTime":0.0,"mWalkStepCount":0},{"mCalorie":0.5499999821186066,"mDistance":10.96999979019165,"mNowHealthyStep":0,"mRunStepCount":0,"mSpeed":4.142848014831543,"mStartTime":1593336600000,"mStepCount":15,"mTimeUnit":600000,"mTotalActiveTime":9532.572522279374,"mWalkStepCount":15},{"mCalorie":0.0,"mDistance":0.0,"mNowHealthyStep":0,"mRunStepCount":0,"mSpeed":0.0,"mStartTime":1593337200000,"mStepCount":0,"mTimeUnit":600000,"mTotalActiveTime":0.0,"mWalkStepCount":0},{"mCalorie":0.4899999499320984,"mDistance":9.629998207092285,"mNowHealthyStep":0,"mRunStepCount":0,"mSpeed":4.3765363693237305,"mStartTime":1593337800000,"mStepCount":13,"mTimeUnit":600000,"mTotalActiveTime":7921.33107553478,"mWalkStepCount":13},{"mCalorie":0.0,"mDistance":0.0,"mNowHealthyStep":0,"mRunStepCount":0,"mSpeed":0.0,"mStartTime":1593338400000,"mStepCount":0,"mTimeUnit":600000,"mTotalActiveTime":0.0,"mWalkStepCount":0},{"mCalorie":0.0,"mDistance":0.0,"mNowHealthyStep":0,"mRunStepCount":0,"mSpeed":0.0,"mStartTime":1593339000000,"mStepCount":0,"mTimeUnit":600000,"mTotalActiveTime":0.0,"mWalkStepCount":0},{"mCalorie":0.0,"mDistance":0.0,"mNowHealthyStep":0,"mRunStepCount":0,"mSpeed":0.0,"mStartTime":1593339600000,"mStepCount":0,"mTimeUnit":600000,"mTotalActiveTime":0.0,"mWalkStepCount":0},{"mCalorie":0.0,"mDistance":0.0,"mNowHealthyStep":0,"mRunStepCount":0,"mSpeed":0.0,"mStartTime":1593340200000,"mStepCount":0,"mTimeUnit":600000,"mTotalActiveTime":0.0,"mWalkStepCount":0},{"mCalorie":0.0,"mDistance":0.0,"mNowHealthyStep":0,"mRunStepCount":0,"mSpeed":0.0,"mStartTime":1593340800000,"mStepCount":0,"mTimeUnit":600000,"mTotalActiveTime":0.0,"mWalkStepCount":0},{"mCalorie":11.370000057220459,"mDistance":195.999998626709,"mNowHealthyStep":0,"mRunStepCount":0,"mSpeed":4.032642841339111,"mStartTime":1593341400000,"mStepCount":291,"mTimeUnit":600000,"mTotalActiveTime":174972.09417681705,"mWalkStepCount":291},{"mCalorie":9.619999947547914,"mDistance":160.97000022888184,"mNowHealthyStep":0,"mRunStepCount":0,"mSpeed":3.496509552001953,"mStartTime":1593342000000,"mStepCount":231,"mTimeUnit":600000,"mTotalActiveTime":165734.42357554132,"mWalkStepCount":231},{"mCalorie":7.0999998855590825,"mDistance":137.0999941253662,"mNowHealthyStep":0,"mRunStepCount":0,"mSpeed":3.9016780853271484,"mStartTime":1593342600000,"mStepCount":188,"mTimeUnit":600000,"mTotalActiveTime":126499.4128418979,"mWalkStepCount":188},{"mCalorie":0.0,"mDistance":0.0,"mNowHealthyStep":0,"mRunStepCount":0,"mSpeed":0.0,"mStartTime":1593343200000,"mStepCount":0,"mTimeUnit":600000,"mTotalActiveTime":0.0,"mWalkStepCount":0},{"mCalorie":0.0,"mDistance":0.0,"mNowHealthyStep":0,"mRunStepCount":0,"mSpeed":0.0,"mStartTime":1593343800000,"mStepCount":0,"mTimeUnit":600000,"mTotalActiveTime":0.0,"mWalkStepCount":0},{"mCalorie":0.0,"mDistance":0.0,"mNowHealthyStep":0,"mRunStepCount":0,"mSpeed":0.0,"mStartTime":1593344400000,"mStepCount":0,"mTimeUnit":600000,"mTotalActiveTime":0.0,"mWalkStepCount":0},{"mCalorie":10.989999948740007,"mDistance":210.96000062942505,"mNowHealthyStep":0,"mRunStepCount":0,"mSpeed":4.049440383911133,"mStartTime":1593345000000,"mStepCount":283,"mTimeUnit":600000,"mTotalActiveTime":187545.91999678954,"mWalkStepCount":283},{"mCalorie":9.819999990463257,"mDistance":186.34999801635743,"mNowHealthyStep":0,"mRunStepCount":0,"mSpeed":3.684976100921631,"mStartTime":1593345600000,"mStepCount":257,"mTimeUnit":600000,"mTotalActiveTime":182052.7443698548,"mWalkStepCount":257},{"mCalorie":0.29999998211860657,"mDistance":5.679999828338623,"mNowHealthyStep":0,"mRunStepCount":0,"mSpeed":3.5820910930633545,"mStartTime":1593346200000,"mStepCount":8,"mTimeUnit":600000,"mTotalActiveTime":5708.397372031151,"mWalkStepCount":8},{"mCalorie":0.0,"mDistance":0.0,"mNowHealthyStep":0,"mRunStepCount":0,"mSpeed":0.0,"mStartTime":1593346800000,"mStepCount":0,"mTimeUnit":600000,"mTotalActiveTime":0.0,"mWalkStepCount":0},{"mCalorie":0.0,"mDistance":0.0,"mNowHealthyStep":0,"mRunStepCount":0,"mSpeed":0.0,"mStartTime":1593347400000,"mStepCount":0,"mTimeUnit":600000,"mTotalActiveTime":0.0,"mWalkStepCount":0},{"mCalorie":0.0,"mDistance":0.0,"mNowHealthyStep":0,"mRunStepCount":0,"mSpeed":0.0,"mStartTime":1593348000000,"mStepCount":0,"mTimeUnit":600000,"mTotalActiveTime":0.0,"mWalkStepCount":0},{"mCalorie":0.2199999988079071,"mDistance":4.369999885559082,"mNowHealthyStep":0,"mRunStepCount":0,"mSpeed":3.799999952316284,"mStartTime":1593348600000,"mStepCount":6,"mTimeUnit":600000,"mTotalActiveTime":4139.999943532441,"mWalkStepCount":6},{"mCalorie":1.0299999999999994,"mDistance":22.299999999999994,"mNowHealthyStep":0,"mRunStepCount":0,"mSpeed":5.4879021644592285,"mStartTime":1593349200000,"mStepCount":29,"mTimeUnit":600000,"mTotalActiveTime":14628.54064255692,"mWalkStepCount":29},{"mCalorie":1.62,"mDistance":33.66,"mNowHealthyStep":0,"mRunStepCount":0,"mSpeed":7.142380714416504,"mStartTime":1593349800000,"mStepCount":39,"mTimeUnit":600000,"mTotalActiveTime":16965.77120213406,"mWalkStepCount":39},{"mCalorie":0.0,"mDistance":0.0,"mNowHealthyStep":0,"mRunStepCount":0,"mSpeed":0.0,"mStartTime":1593350400000,"mStepCount":0,"mTimeUnit":600000,"mTotalActiveTime":0.0,"mWalkStepCount":0},{"mCalorie":0.0,"mDistance":0.0,"mNowHealthyStep":0,"mRunStepCount":0,"mSpeed":0.0,"mStartTime":1593351000000,"mStepCount":0,"mTimeUnit":600000,"mTotalActiveTime":0.0,"mWalkStepCount":0},{"mCalorie":0.42,"mDistance":7.73,"mNowHealthyStep":0,"mRunStepCount":0,"mSpeed":3.799999952316284,"mStartTime":1593351600000,"mStepCount":11,"mTimeUnit":600000,"mTotalActiveTime":7323.1579866303655,"mWalkStepCount":11},{"mCalorie":3.749999999999999,"mDistance":78.69000000000001,"mNowHealthyStep":0,"mRunStepCount":0,"mSpeed":5.110718727111816,"mStartTime":1593352200000,"mStepCount":103,"mTimeUnit":600000,"mTotalActiveTime":55429.38370830984,"mWalkStepCount":103},{"mCalorie":2.5500000000000003,"mDistance":48.92999999999991,"mNowHealthyStep":0,"mRunStepCount":0,"mSpeed":4.2494635581970215,"mStartTime":1593352800000,"mStepCount":68,"mTimeUnit":600000,"mTotalActiveTime":41451.819543281716,"mWalkStepCount":68},{"mCalorie":0.25999999046325684,"mDistance":5.010000228881836,"mNowHealthyStep":0,"mRunStepCount":0,"mSpeed":3.7408807277679443,"mStartTime":1593353400000,"mStepCount":7,"mTimeUnit":600000,"mTotalActiveTime":4821.324745826921,"mWalkStepCount":7},{"mCalorie":0.0,"mDistance":0.0,"mNowHealthyStep":0,"mRunStepCount":0,"mSpeed":0.0,"mStartTime":1593354000000,"mStepCount":0,"mTimeUnit":600000,"mTotalActiveTime":0.0,"mWalkStepCount":0},{"mCalorie":0.66,"mDistance":12.59,"mNowHealthyStep":0,"mRunStepCount":0,"mSpeed":3.6000001430511475,"mStartTime":1593354600000,"mStepCount":18,"mTimeUnit":600000,"mTotalActiveTime":12589.999499718368,"mWalkStepCount":18},{"mCalorie":0.46,"mDistance":10.39,"mNowHealthyStep":0,"mRunStepCount":0,"mSpeed":4.5,"mStartTime":1593355200000,"mStepCount":14,"mTimeUnit":600000,"mTotalActiveTime":8312.000000000002,"mWalkStepCount":14},{"mCalorie":0.0,"mDistance":0.0,"mNowHealthyStep":0,"mRunStepCount":0,"mSpeed":0.0,"mStartTime":1593355800000,"mStepCount":0,"mTimeUnit":600000,"mTotalActiveTime":0.0,"mWalkStepCount":0},{"mCalorie":0.25,"mDistance":5.260000228881836,"mNowHealthyStep":0,"mRunStepCount":0,"mSpeed":4.5,"mStartTime":1593356400000,"mStepCount":7,"mTimeUnit":600000,"mTotalActiveTime":4208.000183105469,"mWalkStepCount":7},{"mCalorie":6.610000069141391,"mDistance":107.88999626159666,"mNowHealthyStep":0,"mRunStepCount":7,"mSpeed":4.670568943023682,"mStartTime":1593357000000,"mStepCount":164,"mTimeUnit":600000,"mTotalActiveTime":83159.88557162078,"mWalkStepCount":157},{"mCalorie":5.879999220371246,"mDistance":115.8499870300293,"mNowHealthyStep":0,"mRunStepCount":0,"mSpeed":4.843567848205566,"mStartTime":1593357600000,"mStepCount":153,"mTimeUnit":600000,"mTotalActiveTime":86105.93463848511,"mWalkStepCount":153},{"mCalorie":10.759999999999993,"mDistance":220.40999664306636,"mNowHealthyStep":0,"mRunStepCount":0,"mSpeed":4.536369323730469,"mStartTime":1593358200000,"mStepCount":297,"mTimeUnit":600000,"mTotalActiveTime":174914.33325360302,"mWalkStepCount":297},{"mCalorie":0.47,"mDistance":7.84,"mNowHealthyStep":0,"mRunStepCount":0,"mSpeed":4.600000381469727,"mStartTime":1593358800000,"mStepCount":11,"mTimeUnit":600000,"mTotalActiveTime":6135.651665094486,"mWalkStepCount":11},{"mCalorie":1.610000011920929,"mDistance":33.44,"mNowHealthyStep":0,"mRunStepCount":0,"mSpeed":4.567203044891357,"mStartTime":1593359400000,"mStepCount":45,"mTimeUnit":600000,"mTotalActiveTime":26358.36506548419,"mWalkStepCount":45},{"mCalorie":5.600000014305109,"mDistance":112.8100006866456,"mNowHealthyStep":0,"mRunStepCount":0,"mSpeed":4.396149635314941,"mStartTime":1593360000000,"mStepCount":153,"mTimeUnit":600000,"mTotalActiveTime":92379.93010674407,"mWalkStepCount":153},{"mCalorie":9.229999918937684,"mDistance":184.73000061035157,"mNowHealthyStep":0,"mRunStepCount":0,"mSpeed":4.416862487792969,"mStartTime":1593360600000,"mStepCount":249,"mTimeUnit":600000,"mTotalActiveTime":150565.6947850268,"mWalkStepCount":249},{"mCalorie":12.580000050067905,"mDistance":241.40999525070202,"mNowHealthyStep":0,"mRunStepCount":0,"mSpeed":4.498234272003174,"mStartTime":1593361200000,"mStepCount":328,"mTimeUnit":600000,"mTotalActiveTime":193203.7984837677,"mWalkStepCount":328},{"mCalorie":0.0,"mDistance":0.0,"mNowHealthyStep":0,"mRunStepCount":0,"mSpeed":0.0,"mStartTime":1593361800000,"mStepCount":0,"mTimeUnit":600000,"mTotalActiveTime":0.0,"mWalkStepCount":0},{"mCalorie":0.43,"mDistance":7.89,"mNowHealthyStep":0,"mRunStepCount":0,"mSpeed":4.400000095367432,"mStartTime":1593362400000,"mStepCount":11,"mTimeUnit":600000,"mTotalActiveTime":6455.4544055363385,"mWalkStepCount":11},{"mCalorie":3.3200000000000003,"mDistance":67.2,"mNowHealthyStep":0,"mRunStepCount":0,"mSpeed":4.60610294342041,"mStartTime":1593363000000,"mStepCount":91,"mTimeUnit":600000,"mTotalActiveTime":52521.622829555556,"mWalkStepCount":91},{"mCalorie":1.96,"mDistance":40.44,"mNowHealthyStep":0,"mRunStepCount":0,"mSpeed":4.165899276733398,"mStartTime":1593363600000,"mStepCount":56,"mTimeUnit":600000,"mTotalActiveTime":34946.59440650689,"mWalkStepCount":56},{"mCalorie":0.68,"mDistance":12.7,"mNowHealthyStep":0,"mRunStepCount":0,"mSpeed":3.700000047683716,"mStartTime":1593364200000,"mStepCount":18,"mTimeUnit":600000,"mTotalActiveTime":12356.75659750917,"mWalkStepCount":18},{"mCalorie":6.799999999999985,"mDistance":139.43000000000006,"mNowHealthyStep":0,"mRunStepCount":0,"mSpeed":4.50403356552124,"mStartTime":1593364800000,"mStepCount":190,"mTimeUnit":600000,"mTotalActiveTime":111444.10450991237,"mWalkStepCount":190},{"mCalorie":7.429999999999995,"mDistance":151.77999999999997,"mNowHealthyStep":0,"mRunStepCount":0,"mSpeed":4.881171226501465,"mStartTime":1593365400000,"mStepCount":201,"mTimeUnit":600000,"mTotalActiveTime":111941.98872484521,"mWalkStepCount":201},{"mCalorie":2.32,"mDistance":44.96,"mNowHealthyStep":0,"mRunStepCount":0,"mSpeed":3.800032138824463,"mStartTime":1593366000000,"mStepCount":63,"mTimeUnit":600000,"mTotalActiveTime":42593.32464652392,"mWalkStepCount":63},{"mCalorie":0.56,"mDistance":10.53,"mNowHealthyStep":0,"mRunStepCount":0,"mSpeed":3.499999761581421,"mStartTime":1593366600000,"mStepCount":15,"mTimeUnit":600000,"mTotalActiveTime":10830.857880650785,"mWalkStepCount":15},{"mCalorie":1.5199999934434891,"mDistance":28.809999847412108,"mNowHealthyStep":0,"mRunStepCount":0,"mSpeed":4.027487754821777,"mStartTime":1593367200000,"mStepCount":40,"mTimeUnit":600000,"mTotalActiveTime":25752.032292993856,"mWalkStepCount":40},{"mCalorie":4.57,"mDistance":87.88,"mNowHealthyStep":0,"mRunStepCount":0,"mSpeed":4.26624870300293,"mStartTime":1593367800000,"mStepCount":120,"mTimeUnit":600000,"mTotalActiveTime":74156.01183167973,"mWalkStepCount":120},{"mCalorie":12.219999999999992,"mDistance":251.44999923706052,"mNowHealthyStep":0,"mRunStepCount":6,"mSpeed":4.6629157066345215,"mStartTime":1593368400000,"mStepCount":335,"mTimeUnit":600000,"mTotalActiveTime":194131.75216964952,"mWalkStepCount":329},{"mCalorie":5.03000020980835,"mDistance":96.50000030517577,"mNowHealthyStep":0,"mRunStepCount":0,"mSpeed":4.829967021942139,"mStartTime":1593369000000,"mStepCount":128,"mTimeUnit":600000,"mTotalActiveTime":71925.95507109015,"mWalkStepCount":128},{"mCalorie":4.450000014305114,"mDistance":90.6399992370603,"mNowHealthyStep":0,"mRunStepCount":0,"mSpeed":4.387517929077148,"mStartTime":1593369600000,"mStepCount":123,"mTimeUnit":600000,"mTotalActiveTime":74370.9775178579,"mWalkStepCount":123},{"mCalorie":0.0,"mDistance":0.0,"mNowHealthyStep":0,"mRunStepCount":0,"mSpeed":0.0,"mStartTime":1593370200000,"mStepCount":0,"mTimeUnit":600000,"mTotalActiveTime":0.0,"mWalkStepCount":0},{"mCalorie":3.760000092983246,"mDistance":70.75999877929688,"mNowHealthyStep":0,"mRunStepCount":2,"mSpeed":4.678888320922852,"mStartTime":1593370800000,"mStepCount":93,"mTimeUnit":600000,"mTotalActiveTime":54443.70243490909,"mWalkStepCount":91},{"mCalorie":0.0,"mDistance":0.0,"mNowHealthyStep":0,"mRunStepCount":0,"mSpeed":0.0,"mStartTime":1593371400000,"mStepCount":0,"mTimeUnit":600000,"mTotalActiveTime":0.0,"mWalkStepCount":0},{"mCalorie":2.98,"mDistance":55.18000000000001,"mNowHealthyStep":0,"mRunStepCount":4,"mSpeed":5.8854851722717285,"mStartTime":1593372000000,"mStepCount":69,"mTimeUnit":600000,"mTotalActiveTime":33752.186656852115,"mWalkStepCount":65},{"mCalorie":0.0,"mDistance":0.0,"mNowHealthyStep":0,"mRunStepCount":0,"mSpeed":0.0,"mStartTime":1593372600000,"mStepCount":0,"mTimeUnit":600000,"mTotalActiveTime":0.0,"mWalkStepCount":0},{"mCalorie":1.07,"mDistance":19.35,"mNowHealthyStep":0,"mRunStepCount":0,"mSpeed":3.448941707611084,"mStartTime":1593373200000,"mStepCount":28,"mTimeUnit":600000,"mTotalActiveTime":20197.499386854488,"mWalkStepCount":28},{"mCalorie":0.0,"mDistance":0.0,"mNowHealthyStep":0,"mRunStepCount":0,"mSpeed":0.0,"mStartTime":1593373800000,"mStepCount":0,"mTimeUnit":600000,"mTotalActiveTime":0.0,"mWalkStepCount":0},{"mCalorie":0.7799999999999909,"mDistance":14.680000000000256,"mNowHealthyStep":0,"mRunStepCount":0,"mSpeed":3.5347256660461426,"mStartTime":1593374400000,"mStepCount":21,"mTimeUnit":600000,"mTotalActiveTime":14951.089559127058,"mWalkStepCount":21},{"mCalorie":0.0,"mDistance":0.0,"mNowHealthyStep":0,"mRunStepCount":0,"mSpeed":0.0,"mStartTime":1593375000000,"mStepCount":0,"mTimeUnit":600000,"mTotalActiveTime":0.0,"mWalkStepCount":0},{"mCalorie":3.0300000286102295,"mDistance":59.520000305175785,"mNowHealthyStep":0,"mRunStepCount":4,"mSpeed":5.02346658706665,"mStartTime":1593375600000,"mStepCount":77,"mTimeUnit":600000,"mTotalActiveTime":42654.20997864739,"mWalkStepCount":73},{"mCalorie":8.930000085830688,"mDistance":158.48999893188477,"mNowHealthyStep":0,"mRunStepCount":0,"mSpeed":4.476820945739746,"mStartTime":1593376200000,"mStepCount":228,"mTimeUnit":600000,"mTotalActiveTime":127448.47174753548,"mWalkStepCount":228},{"mCalorie":6.170000019073487,"mDistance":119.63999908447266,"mNowHealthyStep":0,"mRunStepCount":0,"mSpeed":4.350481986999512,"mStartTime":1593376800000,"mStepCount":162,"mTimeUnit":600000,"mTotalActiveTime":99001.44846989488,"mWalkStepCount":162},{"mCalorie":0.0,"mDistance":0.0,"mNowHealthyStep":0,"mRunStepCount":0,"mSpeed":0.0,"mStartTime":1593377400000,"mStepCount":0,"mTimeUnit":600000,"mTotalActiveTime":0.0,"mWalkStepCount":0},{"mCalorie":0.0,"mDistance":0.0,"mNowHealthyStep":0,"mRunStepCount":0,"mSpeed":0.0,"mStartTime":1593378000000,"mStepCount":0,"mTimeUnit":600000,"mTotalActiveTime":0.0,"mWalkStepCount":0},{"mCalorie":0.0,"mDistance":0.0,"mNowHealthyStep":0,"mRunStepCount":0,"mSpeed":0.0,"mStartTime":1593378600000,"mStepCount":0,"mTimeUnit":600000,"mTotalActiveTime":0.0,"mWalkStepCount":0},{"mCalorie":1.7599999523162841,"mDistance":32.56999977111816,"mNowHealthyStep":0,"mRunStepCount":1,"mSpeed":4.760943412780762,"mStartTime":1593379200000,"mStepCount":41,"mTimeUnit":600000,"mTotalActiveTime":24627.89161486378,"mWalkStepCount":40},{"mCalorie":4.8399999886751175,"mDistance":95.08999848365784,"mNowHealthyStep":0,"mRunStepCount":0,"mSpeed":4.429264545440674,"mStartTime":1593379800000,"mStepCount":127,"mTimeUnit":600000,"mTotalActiveTime":77286.87102737023,"mWalkStepCount":127},{"mCalorie":5.130000042915344,"mDistance":96.5799984741211,"mNowHealthyStep":0,"mRunStepCount":0,"mSpeed":3.967249870300293,"mStartTime":1593380400000,"mStepCount":133,"mTimeUnit":600000,"mTotalActiveTime":87639.55260896173,"mWalkStepCount":133},{"mCalorie":1.729999999999993,"mDistance":34.599999999999945,"mNowHealthyStep":0,"mRunStepCount":0,"mSpeed":4.727048397064209,"mStartTime":1593381000000,"mStepCount":47,"mTimeUnit":600000,"mTotalActiveTime":26350.482475805184,"mWalkStepCount":47}]