[{"mCalorie":0.0,"mDistance":0.0,"mNowHealthyStep":0,"mRunStepCount":0,"mSpeed":0.0,"mStartTime":0,"mStepCount":0,"mTimeUnit":600000,"mTotalActiveTime":0.0,"mWalkStepCount":0},{"mCalorie":0.0,"mDistance":0.0,"mNowHealthyStep":0,"mRunStepCount":0,"mSpeed":0.0,"mStartTime":0,"mStepCount":0,"mTimeUnit":600000,"mTotalActiveTime":0.0,"mWalkStepCount":0},{"mCalorie":0.0,"mDistance":0.0,"mNowHealthyStep":0,"mRunStepCount":0,"mSpeed":0.0,"mStartTime":0,"mStepCount":0,"mTimeUnit":600000,"mTotalActiveTime":0.0,"mWalkStepCount":0},{"mCalorie":0.0,"mDistance":0.0,"mNowHealthyStep":0,"mRunStepCount":0,"mSpeed":0.0,"mStartTime":0,"mStepCount":0,"mTimeUnit":600000,"mTotalActiveTime":0.0,"mWalkStepCount":0},{"mCalorie":0.0,"mDistance":0.0,"mNowHealthyStep":0,"mRunStepCount":0,"mSpeed":0.0,"mStartTime":0,"mStepCount":0,"mTimeUnit":600000,"mTotalActiveTime":0.0,"mWalkStepCount":0},{"mCalorie":0.0,"mDistance":0.0,"mNowHealthyStep":0,"mRunStepCount":0,"mSpeed":0.0,"mStartTime":0,"mStepCount":0,"mTimeUnit":600000,"mTotalActiveTime":0.0,"mWalkStepCount":0},{"mCalorie":0.0,"mDistance":0.0,"mNowHealthyStep":0,"mRunStepCount":0,"mSpeed":0.0,"mStartTime":0,"mStepCount":0,"mTimeUnit":600000,"mTotalActiveTime":0.0,"mWalkStepCount":0},{"mCalorie":0.0,"mDistance":0.0,"mNowHealthyStep":0,"mRunStepCount":0,"mSpeed":0.0,"mStartTime":0,"mStepCount":0,"mTimeUnit":600000,"mTotalActiveTime":0.0,"mWalkStepCount":0},{"mCalorie":0.0,"mDistance":0.0,"mNowHealthyStep":0,"mRunStepCount":0,"mSpeed":0.0,"mStartTime":0,"mStepCount":0,"mTimeUnit":600000,"mTotalActiveTime":0.0,"mWalkStepCount":0},{"mCalorie":0.0,"mDistance":0.0,"mNowHealthyStep":0,"mRunStepCount":0,"mSpeed":0.0,"mStartTime":0,"mStepCount":0,"mTimeUnit":600000,"mTotalActiveTime":0.0,"mWalkStepCount":0},{"mCalorie":0.0,"mDistance":0.0,"mNowHealthyStep":0,"mRunStepCount":0,"mSpeed":0.0,"mStartTime":0,"mStepCount":0,"mTimeUnit":600000,"mTotalActiveTime":0.0,"mWalkStepCount":0},{"mCalorie":0.0,"mDistance":0.0,"mNowHealthyStep":0,"mRunStepCount":0,"mSpeed":0.0,"mStartTime":0,"mStepCount":0,"mTimeUnit":600000,"mTotalActiveTime":0.0,"mWalkStepCount":0},{"mCalorie":0.0,"mDistance":0.0,"mNowHealthyStep":0,"mRunStepCount":0,"mSpeed":0.0,"mStartTime":0,"mStepCount":0,"mTimeUnit":600000,"mTotalActiveTime":0.0,"mWalkStepCount":0},{"mCalorie":0.0,"mDistance":0.0,"mNowHealthyStep":0,"mRunStepCount":0,"mSpeed":0.0,"mStartTime":0,"mStepCount":0,"mTimeUnit":600000,"mTotalActiveTime":0.0,"mWalkStepCount":0},{"mCalorie":0.0,"mDistance":0.0,"mNowHealthyStep":0,"mRunStepCount":0,"mSpeed":0.0,"mStartTime":0,"mStepCount":0,"mTimeUnit":600000,"mTotalActiveTime":0.0,"mWalkStepCount":0},{"mCalorie":0.0,"mDistance":0.0,"mNowHealthyStep":0,"mRunStepCount":0,"mSpeed":0.0,"mStartTime":0,"mStepCount":0,"mTimeUnit":600000,"mTotalActiveTime":0.0,"mWalkStepCount":0},{"mCalorie":0.84,"mDistance":16.68,"mNowHealthyStep":0,"mRunStepCount":0,"mSpeed":4.400000095367432,"mStartTime":0,"mStepCount":23,"mTimeUnit":600000,"mTotalActiveTime":13647.272431476064,"mWalkStepCount":23},{"mCalorie":0.0,"mDistance":0.0,"mNowHealthyStep":0,"mRunStepCount":0,"mSpeed":0.0,"mStartTime":0,"mStepCount":0,"mTimeUnit":600000,"mTotalActiveTime":0.0,"mWalkStepCount":0},{"mCalorie":0.0,"mDistance":0.0,"mNowHealthyStep":0,"mRunStepCount":0,"mSpeed":0.0,"mStartTime":0,"mStepCount":0,"mTimeUnit":600000,"mTotalActiveTime":0.0,"mWalkStepCount":0},{"mCalorie":0.0,"mDistance":0.0,"mNowHealthyStep":0,"mRunStepCount":0,"mSpeed":0.0,"mStartTime":0,"mStepCount":0,"mTimeUnit":600000,"mTotalActiveTime":0.0,"mWalkStepCount":0},{"mCalorie":0.0,"mDistance":0.0,"mNowHealthyStep":0,"mRunStepCount":0,"mSpeed":0.0,"mStartTime":0,"mStepCount":0,"mTimeUnit":600000,"mTotalActiveTime":0.0,"mWalkStepCount":0},{"mCalorie":0.0,"mDistance":0.0,"mNowHealthyStep":0,"mRunStepCount":0,"mSpeed":0.0,"mStartTime":0,"mStepCount":0,"mTimeUnit":600000,"mTotalActiveTime":0.0,"mWalkStepCount":0},{"mCalorie":0.0,"mDistance":0.0,"mNowHealthyStep":0,"mRunStepCount":0,"mSpeed":0.0,"mStartTime":0,"mStepCount":0,"mTimeUnit":600000,"mTotalActiveTime":0.0,"mWalkStepCount":0},{"mCalorie":0.0,"mDistance":0.0,"mNowHealthyStep":0,"mRunStepCount":0,"mSpeed":0.0,"mStartTime":0,"mStepCount":0,"mTimeUnit":600000,"mTotalActiveTime":0.0,"mWalkStepCount":0},{"mCalorie":5.740000000000127,"mDistance":119.26199999999517,"mNowHealthyStep":0,"mRunStepCount":3,"mSpeed":5.362151145935059,"mStartTime":0,"mStepCount":155,"mTimeUnit":600000,"mTotalActiveTime":80069.20549121362,"mWalkStepCount":152},{"mCalorie":8.19100000000015,"mDistance":154.20899999999733,"mNowHealthyStep":0,"mRunStepCount":4,"mSpeed":4.607064247131348,"mStartTime":0,"mStepCount":231,"mTimeUnit":600000,"mTotalActiveTime":120500.25731745726,"mWalkStepCount":227},{"mCalorie":1.1400000000000001,"mDistance":21.73,"mNowHealthyStep":0,"mRunStepCount":0,"mSpeed":3.708749532699585,"mStartTime":0,"mStepCount":31,"mTimeUnit":600000,"mTotalActiveTime":21092.823242220507,"mWalkStepCount":31},{"mCalorie":3.7300000000000004,"mDistance":73.17000000000002,"mNowHealthyStep":0,"mRunStepCount":0,"mSpeed":4.230860233306885,"mStartTime":0,"mStepCount":99,"mTimeUnit":600000,"mTotalActiveTime":62259.67974998666,"mWalkStepCount":99},{"mCalorie":0.0,"mDistance":0.0,"mNowHealthyStep":0,"mRunStepCount":0,"mSpeed":0.0,"mStartTime":0,"mStepCount":0,"mTimeUnit":600000,"mTotalActiveTime":0.0,"mWalkStepCount":0},{"mCalorie":0.51,"mDistance":10.37,"mNowHealthyStep":0,"mRunStepCount":0,"mSpeed":3.3000001907348633,"mStartTime":0,"mStepCount":15,"mTimeUnit":600000,"mTotalActiveTime":11312.726618869283,"mWalkStepCount":15},{"mCalorie":3.9100000000004185,"mDistance":84.19100000000267,"mNowHealthyStep":0,"mRunStepCount":0,"mSpeed":4.964066028594971,"mStartTime":0,"mStepCount":112,"mTimeUnit":600000,"mTotalActiveTime":61056.31776494675,"mWalkStepCount":112},{"mCalorie":3.65,"mDistance":78.38,"mNowHealthyStep":0,"mRunStepCount":0,"mSpeed":5.156418800354004,"mStartTime":0,"mStepCount":102,"mTimeUnit":600000,"mTotalActiveTime":54721.69852813094,"mWalkStepCount":102},{"mCalorie":3.619999999999564,"mDistance":69.96199999999487,"mNowHealthyStep":0,"mRunStepCount":5,"mSpeed":4.971000671386719,"mStartTime":0,"mStepCount":92,"mTimeUnit":600000,"mTotalActiveTime":50666.501160923115,"mWalkStepCount":87},{"mCalorie":0.0,"mDistance":0.0,"mNowHealthyStep":0,"mRunStepCount":0,"mSpeed":0.0,"mStartTime":0,"mStepCount":0,"mTimeUnit":600000,"mTotalActiveTime":0.0,"mWalkStepCount":0},{"mCalorie":0.5199999999999818,"mDistance":10.74199999999837,"mNowHealthyStep":0,"mRunStepCount":0,"mSpeed":6.913021564483643,"mStartTime":0,"mStepCount":13,"mTimeUnit":600000,"mTotalActiveTime":5593.964902217489,"mWalkStepCount":13},{"mCalorie":0.0,"mDistance":0.0,"mNowHealthyStep":0,"mRunStepCount":0,"mSpeed":0.0,"mStartTime":0,"mStepCount":0,"mTimeUnit":600000,"mTotalActiveTime":0.0,"mWalkStepCount":0},{"mCalorie":0.6,"mDistance":13.97,"mNowHealthyStep":0,"mRunStepCount":0,"mSpeed":5.400000095367432,"mStartTime":0,"mStepCount":18,"mTimeUnit":600000,"mTotalActiveTime":9313.333168853951,"mWalkStepCount":18},{"mCalorie":0.0,"mDistance":0.0,"mNowHealthyStep":0,"mRunStepCount":0,"mSpeed":0.0,"mStartTime":0,"mStepCount":0,"mTimeUnit":600000,"mTotalActiveTime":0.0,"mWalkStepCount":0},{"mCalorie":0.0,"mDistance":0.0,"mNowHealthyStep":0,"mRunStepCount":0,"mSpeed":0.0,"mStartTime":0,"mStepCount":0,"mTimeUnit":600000,"mTotalActiveTime":0.0,"mWalkStepCount":0},{"mCalorie":0.0,"mDistance":0.0,"mNowHealthyStep":0,"mRunStepCount":0,"mSpeed":0.0,"mStartTime":0,"mStepCount":0,"mTimeUnit":600000,"mTotalActiveTime":0.0,"mWalkStepCount":0},{"mCalorie":0.55,"mDistance":9.73,"mNowHealthyStep":0,"mRunStepCount":0,"mSpeed":4.600000381469727,"mStartTime":0,"mStepCount":13,"mTimeUnit":600000,"mTotalActiveTime":7614.781977215479,"mWalkStepCount":13},{"mCalorie":0.44,"mDistance":10.26,"mNowHealthyStep":0,"mRunStepCount":0,"mSpeed":5.800000190734863,"mStartTime":0,"mStepCount":13,"mTimeUnit":600000,"mTotalActiveTime":6368.275652646175,"mWalkStepCount":13},{"mCalorie":1.74,"mDistance":32.61,"mNowHealthyStep":0,"mRunStepCount":1,"mSpeed":3.9000003337860107,"mStartTime":0,"mStepCount":47,"mTimeUnit":600000,"mTotalActiveTime":30101.5358852637,"mWalkStepCount":46},{"mCalorie":0.0,"mDistance":0.0,"mNowHealthyStep":0,"mRunStepCount":0,"mSpeed":0.0,"mStartTime":0,"mStepCount":0,"mTimeUnit":600000,"mTotalActiveTime":0.0,"mWalkStepCount":0},{"mCalorie":0.0,"mDistance":0.0,"mNowHealthyStep":0,"mRunStepCount":0,"mSpeed":0.0,"mStartTime":0,"mStepCount":0,"mTimeUnit":600000,"mTotalActiveTime":0.0,"mWalkStepCount":0},{"mCalorie":0.0,"mDistance":0.0,"mNowHealthyStep":0,"mRunStepCount":0,"mSpeed":0.0,"mStartTime":0,"mStepCount":0,"mTimeUnit":600000,"mTotalActiveTime":0.0,"mWalkStepCount":0},{"mCalorie":0.0,"mDistance":0.0,"mNowHealthyStep":0,"mRunStepCount":0,"mSpeed":0.0,"mStartTime":0,"mStepCount":0,"mTimeUnit":600000,"mTotalActiveTime":0.0,"mWalkStepCount":0},{"mCalorie":0.0,"mDistance":0.0,"mNowHealthyStep":0,"mRunStepCount":0,"mSpeed":0.0,"mStartTime":0,"mStepCount":0,"mTimeUnit":600000,"mTotalActiveTime":0.0,"mWalkStepCount":0},{"mCalorie":0.0,"mDistance":0.0,"mNowHealthyStep":0,"mRunStepCount":0,"mSpeed":0.0,"mStartTime":0,"mStepCount":0,"mTimeUnit":600000,"mTotalActiveTime":0.0,"mWalkStepCount":0},{"mCalorie":0.0,"mDistance":0.0,"mNowHealthyStep":0,"mRunStepCount":0,"mSpeed":0.0,"mStartTime":0,"mStepCount":0,"mTimeUnit":600000,"mTotalActiveTime":0.0,"mWalkStepCount":0},{"mCalorie":0.9,"mDistance":19.49,"mNowHealthyStep":0,"mRunStepCount":1,"mSpeed":8.09999942779541,"mStartTime":0,"mStepCount":22,"mTimeUnit":600000,"mTotalActiveTime":8662.22283414366,"mWalkStepCount":21},{"mCalorie":2.300000000001255,"mDistance":53.124000000011875,"mNowHealthyStep":0,"mRunStepCount":0,"mSpeed":5.360252857208252,"mStartTime":0,"mStepCount":68,"mTimeUnit":600000,"mTotalActiveTime":35678.61526201995,"mWalkStepCount":68},{"mCalorie":2.35,"mDistance":43.92,"mNowHealthyStep":0,"mRunStepCount":0,"mSpeed":4.342400074005127,"mStartTime":0,"mStepCount":59,"mTimeUnit":600000,"mTotalActiveTime":36411.201620104184,"mWalkStepCount":59},{"mCalorie":0.0,"mDistance":0.0,"mNowHealthyStep":0,"mRunStepCount":0,"mSpeed":0.0,"mStartTime":0,"mStepCount":0,"mTimeUnit":600000,"mTotalActiveTime":0.0,"mWalkStepCount":0},{"mCalorie":0.36,"mDistance":7.2,"mNowHealthyStep":0,"mRunStepCount":0,"mSpeed":4.099999904632568,"mStartTime":0,"mStepCount":10,"mTimeUnit":600000,"mTotalActiveTime":6321.951366562992,"mWalkStepCount":10},{"mCalorie":3.41,"mDistance":69.09,"mNowHealthyStep":0,"mRunStepCount":0,"mSpeed":4.61225700378418,"mStartTime":0,"mStepCount":93,"mTimeUnit":600000,"mTotalActiveTime":53926.74097266319,"mWalkStepCount":93},{"mCalorie":4.839999999999472,"mDistance":95.94200000000215,"mNowHealthyStep":0,"mRunStepCount":4,"mSpeed":4.987301826477051,"mStartTime":0,"mStepCount":125,"mTimeUnit":600000,"mTotalActiveTime":69254.12011018845,"mWalkStepCount":121},{"mCalorie":0.0,"mDistance":0.0,"mNowHealthyStep":0,"mRunStepCount":0,"mSpeed":0.0,"mStartTime":0,"mStepCount":0,"mTimeUnit":600000,"mTotalActiveTime":0.0,"mWalkStepCount":0},{"mCalorie":4.82,"mDistance":82.22999999999999,"mNowHealthyStep":0,"mRunStepCount":0,"mSpeed":4.889116287231445,"mStartTime":0,"mStepCount":116,"mTimeUnit":600000,"mTotalActiveTime":60548.36319406645,"mWalkStepCount":116},{"mCalorie":1.63,"mDistance":28.880000000000003,"mNowHealthyStep":0,"mRunStepCount":0,"mSpeed":3.6558008193969727,"mStartTime":0,"mStepCount":41,"mTimeUnit":600000,"mTotalActiveTime":28439.186289721667,"mWalkStepCount":41},{"mCalorie":3.69,"mDistance":65.47,"mNowHealthyStep":0,"mRunStepCount":6,"mSpeed":4.847953796386719,"mStartTime":0,"mStepCount":86,"mTimeUnit":600000,"mTotalActiveTime":48616.798965383365,"mWalkStepCount":80},{"mCalorie":0.4,"mDistance":7.75,"mNowHealthyStep":0,"mRunStepCount":0,"mSpeed":3.799999952316284,"mStartTime":0,"mStepCount":11,"mTimeUnit":600000,"mTotalActiveTime":7342.105355289176,"mWalkStepCount":11},{"mCalorie":3.02,"mDistance":63.10000000000001,"mNowHealthyStep":0,"mRunStepCount":0,"mSpeed":5.0280022621154785,"mStartTime":0,"mStepCount":83,"mTimeUnit":600000,"mTotalActiveTime":45178.97822883351,"mWalkStepCount":83},{"mCalorie":4.319999999999745,"mDistance":77.78699999999867,"mNowHealthyStep":0,"mRunStepCount":12,"mSpeed":4.3174872398376465,"mStartTime":0,"mStepCount":108,"mTimeUnit":600000,"mTotalActiveTime":64860.22603402225,"mWalkStepCount":96},{"mCalorie":8.69,"mDistance":178.73,"mNowHealthyStep":0,"mRunStepCount":0,"mSpeed":4.535315990447998,"mStartTime":0,"mStepCount":242,"mTimeUnit":600000,"mTotalActiveTime":141870.59374539438,"mWalkStepCount":242},{"mCalorie":2.96,"mDistance":55.800000000000004,"mNowHealthyStep":0,"mRunStepCount":0,"mSpeed":3.7784054279327393,"mStartTime":0,"mStepCount":79,"mTimeUnit":600000,"mTotalActiveTime":53165.28574465546,"mWalkStepCount":79},{"mCalorie":3.5200000000000005,"mDistance":74.09,"mNowHealthyStep":0,"mRunStepCount":0,"mSpeed":4.782519340515137,"mStartTime":0,"mStepCount":98,"mTimeUnit":600000,"mTotalActiveTime":55770.60738700135,"mWalkStepCount":98},{"mCalorie":8.93,"mDistance":177.71,"mNowHealthyStep":0,"mRunStepCount":0,"mSpeed":3.8317513465881348,"mStartTime":0,"mStepCount":250,"mTimeUnit":600000,"mTotalActiveTime":166961.77621022865,"mWalkStepCount":250},{"mCalorie":2.3200000000000545,"mDistance":45.17800000000483,"mNowHealthyStep":0,"mRunStepCount":3,"mSpeed":5.331890106201172,"mStartTime":0,"mStepCount":59,"mTimeUnit":600000,"mTotalActiveTime":30503.405438237336,"mWalkStepCount":56},{"mCalorie":3.35,"mDistance":66.86,"mNowHealthyStep":0,"mRunStepCount":0,"mSpeed":4.2928900718688965,"mStartTime":0,"mStepCount":91,"mTimeUnit":600000,"mTotalActiveTime":56068.51994441493,"mWalkStepCount":91},{"mCalorie":2.7299999999996905,"mDistance":56.219000000001394,"mNowHealthyStep":0,"mRunStepCount":0,"mSpeed":4.248527526855469,"mStartTime":0,"mStepCount":77,"mTimeUnit":600000,"mTotalActiveTime":47637.30338006308,"mWalkStepCount":77},{"mCalorie":0.89,"mDistance":13.67,"mNowHealthyStep":0,"mRunStepCount":0,"mSpeed":3.4182980060577393,"mStartTime":0,"mStepCount":20,"mTimeUnit":600000,"mTotalActiveTime":14396.638693769164,"mWalkStepCount":20},{"mCalorie":0.57,"mDistance":10.53,"mNowHealthyStep":0,"mRunStepCount":0,"mSpeed":3.6000001430511475,"mStartTime":0,"mStepCount":15,"mTimeUnit":600000,"mTotalActiveTime":10529.999581575408,"mWalkStepCount":15},{"mCalorie":0.0,"mDistance":0.0,"mNowHealthyStep":0,"mRunStepCount":0,"mSpeed":0.0,"mStartTime":0,"mStepCount":0,"mTimeUnit":600000,"mTotalActiveTime":0.0,"mWalkStepCount":0},{"mCalorie":6.1389999999997045,"mDistance":117.56999999999621,"mNowHealthyStep":0,"mRunStepCount":0,"mSpeed":3.9190094470977783,"mStartTime":0,"mStepCount":164,"mTimeUnit":600000,"mTotalActiveTime":107999.73722191737,"mWalkStepCount":164},{"mCalorie":4.569999999999691,"mDistance":98.39999999999942,"mNowHealthyStep":0,"mRunStepCount":0,"mSpeed":4.481047630310059,"mStartTime":0,"mStepCount":134,"mTimeUnit":600000,"mTotalActiveTime":79052.94091990928,"mWalkStepCount":134},{"mCalorie":0.0,"mDistance":0.0,"mNowHealthyStep":0,"mRunStepCount":0,"mSpeed":0.0,"mStartTime":0,"mStepCount":0,"mTimeUnit":600000,"mTotalActiveTime":0.0,"mWalkStepCount":0},{"mCalorie":1.85,"mDistance":40.77,"mNowHealthyStep":0,"mRunStepCount":0,"mSpeed":4.516021728515625,"mStartTime":0,"mStepCount":55,"mTimeUnit":600000,"mTotalActiveTime":32500.287384568524,"mWalkStepCount":55},{"mCalorie":5.55,"mDistance":118.30000000000001,"mNowHealthyStep":0,"mRunStepCount":0,"mSpeed":4.581075191497803,"mStartTime":0,"mStepCount":159,"mTimeUnit":600000,"mTotalActiveTime":92965.07494157183,"mWalkStepCount":159},{"mCalorie":1.13,"mDistance":24.869999999999997,"mNowHealthyStep":0,"mRunStepCount":0,"mSpeed":4.755271911621094,"mStartTime":0,"mStepCount":33,"mTimeUnit":600000,"mTotalActiveTime":18827.945671679612,"mWalkStepCount":33},{"mCalorie":5.149999999999855,"mDistance":106.84000000000378,"mNowHealthyStep":0,"mRunStepCount":7,"mSpeed":5.451096057891846,"mStartTime":0,"mStepCount":137,"mTimeUnit":600000,"mTotalActiveTime":70559.01850100706,"mWalkStepCount":130},{"mCalorie":0.0,"mDistance":0.0,"mNowHealthyStep":0,"mRunStepCount":0,"mSpeed":0.0,"mStartTime":0,"mStepCount":0,"mTimeUnit":600000,"mTotalActiveTime":0.0,"mWalkStepCount":0},{"mCalorie":9.56999999999998,"mDistance":202.50399999999735,"mNowHealthyStep":0,"mRunStepCount":0,"mSpeed":4.524728775024414,"mStartTime":0,"mStepCount":271,"mTimeUnit":600000,"mTotalActiveTime":161117.81676250085,"mWalkStepCount":271},{"mCalorie":4.26,"mDistance":85.10000000000001,"mNowHealthyStep":0,"mRunStepCount":1,"mSpeed":4.250880718231201,"mStartTime":0,"mStepCount":116,"mTimeUnit":600000,"mTotalActiveTime":72069.77364693754,"mWalkStepCount":115},{"mCalorie":1.33,"mDistance":22.310000000000002,"mNowHealthyStep":0,"mRunStepCount":0,"mSpeed":3.6675047874450684,"mStartTime":0,"mStepCount":32,"mTimeUnit":600000,"mTotalActiveTime":21899.357711854514,"mWalkStepCount":32},{"mCalorie":0.0,"mDistance":0.0,"mNowHealthyStep":0,"mRunStepCount":0,"mSpeed":0.0,"mStartTime":0,"mStepCount":0,"mTimeUnit":600000,"mTotalActiveTime":0.0,"mWalkStepCount":0},{"mCalorie":0.0,"mDistance":0.0,"mNowHealthyStep":0,"mRunStepCount":0,"mSpeed":0.0,"mStartTime":0,"mStepCount":0,"mTimeUnit":600000,"mTotalActiveTime":0.0,"mWalkStepCount":0},{"mCalorie":0.0,"mDistance":0.0,"mNowHealthyStep":0,"mRunStepCount":0,"mSpeed":0.0,"mStartTime":0,"mStepCount":0,"mTimeUnit":600000,"mTotalActiveTime":0.0,"mWalkStepCount":0},{"mCalorie":0.0,"mDistance":0.0,"mNowHealthyStep":0,"mRunStepCount":0,"mSpeed":0.0,"mStartTime":0,"mStepCount":0,"mTimeUnit":600000,"mTotalActiveTime":0.0,"mWalkStepCount":0},{"mCalorie":0.0,"mDistance":0.0,"mNowHealthyStep":0,"mRunStepCount":0,"mSpeed":0.0,"mStartTime":0,"mStepCount":0,"mTimeUnit":600000,"mTotalActiveTime":0.0,"mWalkStepCount":0},{"mCalorie":0.0,"mDistance":0.0,"mNowHealthyStep":0,"mRunStepCount":0,"mSpeed":0.0,"mStartTime":0,"mStepCount":0,"mTimeUnit":600000,"mTotalActiveTime":0.0,"mWalkStepCount":0},{"mCalorie":3.7100000000004,"mDistance":76.18899999999674,"mNowHealthyStep":0,"mRunStepCount":1,"mSpeed":5.380617618560791,"mStartTime":0,"mStepCount":98,"mTimeUnit":600000,"mTotalActiveTime":50975.63484742868,"mWalkStepCount":97},{"mCalorie":0.0,"mDistance":0.0,"mNowHealthyStep":0,"mRunStepCount":0,"mSpeed":0.0,"mStartTime":0,"mStepCount":0,"mTimeUnit":600000,"mTotalActiveTime":0.0,"mWalkStepCount":0},{"mCalorie":9.04,"mDistance":187.73999999999998,"mNowHealthyStep":0,"mRunStepCount":0,"mSpeed":4.6615471839904785,"mStartTime":0,"mStepCount":252,"mTimeUnit":600000,"mTotalActiveTime":144987.0578130038,"mWalkStepCount":252},{"mCalorie":0.8300000000000001,"mDistance":17.53,"mNowHealthyStep":0,"mRunStepCount":0,"mSpeed":4.310136318206787,"mStartTime":0,"mStepCount":24,"mTimeUnit":600000,"mTotalActiveTime":14641.764529135002,"mWalkStepCount":24},{"mCalorie":1.61,"mDistance":36.8,"mNowHealthyStep":0,"mRunStepCount":1,"mSpeed":6.297996997833252,"mStartTime":0,"mStepCount":45,"mTimeUnit":600000,"mTotalActiveTime":21035.259689153158,"mWalkStepCount":44},{"mCalorie":10.549999999999944,"mDistance":211.43099999999976,"mNowHealthyStep":0,"mRunStepCount":0,"mSpeed":4.067820072174072,"mStartTime":0,"mStepCount":293,"mTimeUnit":600000,"mTotalActiveTime":187115.35768366058,"mWalkStepCount":293},{"mCalorie":0.46,"mDistance":9.77,"mNowHealthyStep":0,"mRunStepCount":0,"mSpeed":4.900000095367432,"mStartTime":0,"mStepCount":13,"mTimeUnit":600000,"mTotalActiveTime":7177.95904397071,"mWalkStepCount":13},{"mCalorie":2.0500000000001455,"mDistance":40.06000000000349,"mNowHealthyStep":0,"mRunStepCount":0,"mSpeed":4.01001501083374,"mStartTime":0,"mStepCount":56,"mTimeUnit":600000,"mTotalActiveTime":35963.95312416755,"mWalkStepCount":56},{"mCalorie":0.42,"mDistance":8.48,"mNowHealthyStep":0,"mRunStepCount":0,"mSpeed":3.700000047683716,"mStartTime":0,"mStepCount":12,"mTimeUnit":600000,"mTotalActiveTime":8250.810704478565,"mWalkStepCount":12},{"mCalorie":0.8199999999999817,"mDistance":17.625,"mNowHealthyStep":0,"mRunStepCount":0,"mSpeed":4.169147968292236,"mStartTime":0,"mStepCount":24,"mTimeUnit":600000,"mTotalActiveTime":15218.936934490803,"mWalkStepCount":24},{"mCalorie":0.0,"mDistance":0.0,"mNowHealthyStep":0,"mRunStepCount":0,"mSpeed":0.0,"mStartTime":0,"mStepCount":0,"mTimeUnit":600000,"mTotalActiveTime":0.0,"mWalkStepCount":0},{"mCalorie":0.0,"mDistance":0.0,"mNowHealthyStep":0,"mRunStepCount":0,"mSpeed":0.0,"mStartTime":0,"mStepCount":0,"mTimeUnit":600000,"mTotalActiveTime":0.0,"mWalkStepCount":0},{"mCalorie":0.0,"mDistance":0.0,"mNowHealthyStep":0,"mRunStepCount":0,"mSpeed":0.0,"mStartTime":0,"mStepCount":0,"mTimeUnit":600000,"mTotalActiveTime":0.0,"mWalkStepCount":0},{"mCalorie":0.0,"mDistance":0.0,"mNowHealthyStep":0,"mRunStepCount":0,"mSpeed":0.0,"mStartTime":0,"mStepCount":0,"mTimeUnit":600000,"mTotalActiveTime":0.0,"mWalkStepCount":0},{"mCalorie":0.0,"mDistance":0.0,"mNowHealthyStep":0,"mRunStepCount":0,"mSpeed":0.0,"mStartTime":0,"mStepCount":0,"mTimeUnit":600000,"mTotalActiveTime":0.0,"mWalkStepCount":0},{"mCalorie":0.0,"mDistance":0.0,"mNowHealthyStep":0,"mRunStepCount":0,"mSpeed":0.0,"mStartTime":0,"mStepCount":0,"mTimeUnit":600000,"mTotalActiveTime":0.0,"mWalkStepCount":0},{"mCalorie":0.38,"mDistance":9.62,"mNowHealthyStep":0,"mRunStepCount":0,"mSpeed":6.099999904632568,"mStartTime":0,"mStepCount":12,"mTimeUnit":600000,"mTotalActiveTime":5677.377137940472,"mWalkStepCount":12},{"mCalorie":0.0,"mDistance":0.0,"mNowHealthyStep":0,"mRunStepCount":0,"mSpeed":0.0,"mStartTime":0,"mStepCount":0,"mTimeUnit":600000,"mTotalActiveTime":0.0,"mWalkStepCount":0},{"mCalorie":1.21,"mDistance":25.740000000000002,"mNowHealthyStep":0,"mRunStepCount":0,"mSpeed":4.537411689758301,"mStartTime":0,"mStepCount":35,"mTimeUnit":600000,"mTotalActiveTime":20422.21551199109,"mWalkStepCount":35},{"mCalorie":3.36,"mDistance":71.84,"mNowHealthyStep":0,"mRunStepCount":0,"mSpeed":5.30656623840332,"mStartTime":0,"mStepCount":93,"mTimeUnit":600000,"mTotalActiveTime":48736.60084061181,"mWalkStepCount":93},{"mCalorie":0.0,"mDistance":0.0,"mNowHealthyStep":0,"mRunStepCount":0,"mSpeed":0.0,"mStartTime":0,"mStepCount":0,"mTimeUnit":600000,"mTotalActiveTime":0.0,"mWalkStepCount":0},{"mCalorie":2.4000000000004182,"mDistance":49.102000000005646,"mNowHealthyStep":0,"mRunStepCount":0,"mSpeed":4.629459381103516,"mStartTime":0,"mStepCount":66,"mTimeUnit":600000,"mTotalActiveTime":38183.12022666501,"mWalkStepCount":66},{"mCalorie":0.0,"mDistance":0.0,"mNowHealthyStep":0,"mRunStepCount":0,"mSpeed":0.0,"mStartTime":0,"mStepCount":0,"mTimeUnit":600000,"mTotalActiveTime":0.0,"mWalkStepCount":0},{"mCalorie":1.29,"mDistance":24.490000000000002,"mNowHealthyStep":0,"mRunStepCount":0,"mSpeed":4.029890537261963,"mStartTime":0,"mStepCount":34,"mTimeUnit":600000,"mTotalActiveTime":21877.517759408765,"mWalkStepCount":34},{"mCalorie":0.51,"mDistance":9.48,"mNowHealthyStep":0,"mRunStepCount":1,"mSpeed":6.600000381469727,"mStartTime":0,"mStepCount":11,"mTimeUnit":600000,"mTotalActiveTime":5170.908792038612,"mWalkStepCount":10},{"mCalorie":5.49,"mDistance":108.37,"mNowHealthyStep":0,"mRunStepCount":0,"mSpeed":3.73689341545105,"mStartTime":0,"mStepCount":152,"mTimeUnit":600000,"mTotalActiveTime":104400.08823648177,"mWalkStepCount":152},{"mCalorie":0.0,"mDistance":0.0,"mNowHealthyStep":0,"mRunStepCount":0,"mSpeed":0.0,"mStartTime":0,"mStepCount":0,"mTimeUnit":600000,"mTotalActiveTime":0.0,"mWalkStepCount":0},{"mCalorie":0.0,"mDistance":0.0,"mNowHealthyStep":0,"mRunStepCount":0,"mSpeed":0.0,"mStartTime":0,"mStepCount":0,"mTimeUnit":600000,"mTotalActiveTime":0.0,"mWalkStepCount":0},{"mCalorie":0.0,"mDistance":0.0,"mNowHealthyStep":0,"mRunStepCount":0,"mSpeed":0.0,"mStartTime":0,"mStepCount":0,"mTimeUnit":600000,"mTotalActiveTime":0.0,"mWalkStepCount":0},{"mCalorie":0.84,"mDistance":17.32,"mNowHealthyStep":0,"mRunStepCount":0,"mSpeed":4.099999904632568,"mStartTime":0,"mStepCount":24,"mTimeUnit":600000,"mTotalActiveTime":15207.80523178764,"mWalkStepCount":24},{"mCalorie":10.539999999999871,"mDistance":214.51400000000052,"mNowHealthyStep":0,"mRunStepCount":14,"mSpeed":4.844195365905762,"mStartTime":0,"mStepCount":282,"mTimeUnit":600000,"mTotalActiveTime":159417.6752489352,"mWalkStepCount":268},{"mCalorie":8.629999999999637,"mDistance":177.35600000000298,"mNowHealthyStep":0,"mRunStepCount":3,"mSpeed":5.217052936553955,"mStartTime":0,"mStepCount":230,"mTimeUnit":600000,"mTotalActiveTime":122383.5767304779,"mWalkStepCount":227},{"mCalorie":4.560000000000091,"mDistance":95.00900000000053,"mNowHealthyStep":0,"mRunStepCount":0,"mSpeed":4.910549163818359,"mStartTime":0,"mStepCount":127,"mTimeUnit":600000,"mTotalActiveTime":69652.57651297856,"mWalkStepCount":127},{"mCalorie":0.0,"mDistance":0.0,"mNowHealthyStep":0,"mRunStepCount":0,"mSpeed":0.0,"mStartTime":0,"mStepCount":0,"mTimeUnit":600000,"mTotalActiveTime":0.0,"mWalkStepCount":0},{"mCalorie":0.42,"mDistance":7.52,"mNowHealthyStep":0,"mRunStepCount":0,"mSpeed":3.3000001907348633,"mStartTime":0,"mStepCount":11,"mTimeUnit":600000,"mTotalActiveTime":8203.635889478977,"mWalkStepCount":11},{"mCalorie":0.0,"mDistance":0.0,"mNowHealthyStep":0,"mRunStepCount":0,"mSpeed":0.0,"mStartTime":0,"mStepCount":0,"mTimeUnit":600000,"mTotalActiveTime":0.0,"mWalkStepCount":0},{"mCalorie":0.0,"mDistance":0.0,"mNowHealthyStep":0,"mRunStepCount":0,"mSpeed":0.0,"mStartTime":0,"mStepCount":0,"mTimeUnit":600000,"mTotalActiveTime":0.0,"mWalkStepCount":0},{"mCalorie":2.569999999999945,"mDistance":53.249999999996504,"mNowHealthyStep":0,"mRunStepCount":6,"mSpeed":5.308196067810059,"mStartTime":0,"mStepCount":69,"mTimeUnit":600000,"mTotalActiveTime":36113.963368235345,"mWalkStepCount":63},{"mCalorie":0.9099999999999999,"mDistance":21.57,"mNowHealthyStep":0,"mRunStepCount":0,"mSpeed":5.8786163330078125,"mStartTime":0,"mStepCount":27,"mTimeUnit":600000,"mTotalActiveTime":13209.231138464693,"mWalkStepCount":27},{"mCalorie":0.0,"mDistance":0.0,"mNowHealthyStep":0,"mRunStepCount":0,"mSpeed":0.0,"mStartTime":0,"mStepCount":0,"mTimeUnit":600000,"mTotalActiveTime":0.0,"mWalkStepCount":0},{"mCalorie":0.4199999999999272,"mDistance":11.079000000004307,"mNowHealthyStep":0,"mRunStepCount":0,"mSpeed":4.265556335449219,"mStartTime":0,"mStepCount":15,"mTimeUnit":600000,"mTotalActiveTime":9350.33952512906,"mWalkStepCount":15},{"mCalorie":0.0,"mDistance":0.0,"mNowHealthyStep":0,"mRunStepCount":0,"mSpeed":0.0,"mStartTime":0,"mStepCount":0,"mTimeUnit":600000,"mTotalActiveTime":0.0,"mWalkStepCount":0},{"mCalorie":0.0,"mDistance":0.0,"mNowHealthyStep":0,"mRunStepCount":0,"mSpeed":0.0,"mStartTime":0,"mStepCount":0,"mTimeUnit":600000,"mTotalActiveTime":0.0,"mWalkStepCount":0},{"mCalorie":4.520000000000091,"mDistance":97.27199999999544,"mNowHealthyStep":0,"mRunStepCount":1,"mSpeed":5.35848331451416,"mStartTime":0,"mStepCount":126,"mTimeUnit":600000,"mTotalActiveTime":65350.43198860647,"mWalkStepCount":125},{"mCalorie":3.5999999999995453,"mDistance":75.18700000000185,"mNowHealthyStep":0,"mRunStepCount":0,"mSpeed":4.479394912719727,"mStartTime":0,"mStepCount":102,"mTimeUnit":600000,"mTotalActiveTime":60426.28707811676,"mWalkStepCount":102},{"mCalorie":2.1500000000003823,"mDistance":47.03100000000268,"mNowHealthyStep":0,"mRunStepCount":0,"mSpeed":4.905551910400391,"mStartTime":0,"mStepCount":62,"mTimeUnit":600000,"mTotalActiveTime":34514.2807375319,"mWalkStepCount":62},{"mCalorie":0.49,"mDistance":8.12,"mNowHealthyStep":0,"mRunStepCount":0,"mSpeed":3.0999999046325684,"mStartTime":0,"mStepCount":12,"mTimeUnit":600000,"mTotalActiveTime":9429.677709446498,"mWalkStepCount":12},{"mCalorie":0.38,"mDistance":8.76,"mNowHealthyStep":0,"mRunStepCount":0,"mSpeed":4.099999904632568,"mStartTime":0,"mStepCount":12,"mTimeUnit":600000,"mTotalActiveTime":7691.707495984973,"mWalkStepCount":12},{"mCalorie":0.0,"mDistance":0.0,"mNowHealthyStep":0,"mRunStepCount":0,"mSpeed":0.0,"mStartTime":0,"mStepCount":0,"mTimeUnit":600000,"mTotalActiveTime":0.0,"mWalkStepCount":0},{"mCalorie":6.419999999999945,"mDistance":127.09099999999948,"mNowHealthyStep":0,"mRunStepCount":4,"mSpeed":4.733785152435303,"mStartTime":0,"mStepCount":168,"mTimeUnit":600000,"mTotalActiveTime":96651.53376718903,"mWalkStepCount":164},{"mCalorie":3.160000000000291,"mDistance":65.79699999999517,"mNowHealthyStep":0,"mRunStepCount":0,"mSpeed":4.532712459564209,"mStartTime":0,"mStepCount":89,"mTimeUnit":600000,"mTotalActiveTime":52257.7178633441,"mWalkStepCount":89},{"mCalorie":2.6800000000002004,"mDistance":48.75799999999727,"mNowHealthyStep":0,"mRunStepCount":3,"mSpeed":5.249843120574951,"mStartTime":0,"mStepCount":63,"mTimeUnit":600000,"mTotalActiveTime":33435.05722429614,"mWalkStepCount":60},{"mCalorie":0.0,"mDistance":0.0,"mNowHealthyStep":0,"mRunStepCount":0,"mSpeed":0.0,"mStartTime":0,"mStepCount":0,"mTimeUnit":600000,"mTotalActiveTime":0.0,"mWalkStepCount":0}]