[{"mCalorie":0.0,"mDistance":0.0,"mNowHealthyStep":0,"mRunStepCount":0,"mSpeed":0.0,"mStartTime":1592431200000,"mStepCount":0,"mTimeUnit":600000,"mTotalActiveTime":0.0,"mWalkStepCount":0},{"mCalorie":0.0,"mDistance":0.0,"mNowHealthyStep":0,"mRunStepCount":0,"mSpeed":0.0,"mStartTime":1592431800000,"mStepCount":0,"mTimeUnit":600000,"mTotalActiveTime":0.0,"mWalkStepCount":0},{"mCalorie":0.0,"mDistance":0.0,"mNowHealthyStep":0,"mRunStepCount":0,"mSpeed":0.0,"mStartTime":1592432400000,"mStepCount":0,"mTimeUnit":600000,"mTotalActiveTime":0.0,"mWalkStepCount":0},{"mCalorie":0.0,"mDistance":0.0,"mNowHealthyStep":0,"mRunStepCount":0,"mSpeed":0.0,"mStartTime":1592433000000,"mStepCount":0,"mTimeUnit":600000,"mTotalActiveTime":0.0,"mWalkStepCount":0},{"mCalorie":0.0,"mDistance":0.0,"mNowHealthyStep":0,"mRunStepCount":0,"mSpeed":0.0,"mStartTime":1592433600000,"mStepCount":0,"mTimeUnit":600000,"mTotalActiveTime":0.0,"mWalkStepCount":0},{"mCalorie":0.0,"mDistance":0.0,"mNowHealthyStep":0,"mRunStepCount":0,"mSpeed":0.0,"mStartTime":1592434200000,"mStepCount":0,"mTimeUnit":600000,"mTotalActiveTime":0.0,"mWalkStepCount":0},{"mCalorie":0.0,"mDistance":0.0,"mNowHealthyStep":0,"mRunStepCount":0,"mSpeed":0.0,"mStartTime":1592434800000,"mStepCount":0,"mTimeUnit":600000,"mTotalActiveTime":0.0,"mWalkStepCount":0},{"mCalorie":0.0,"mDistance":0.0,"mNowHealthyStep":0,"mRunStepCount":0,"mSpeed":0.0,"mStartTime":1592435400000,"mStepCount":0,"mTimeUnit":600000,"mTotalActiveTime":0.0,"mWalkStepCount":0},{"mCalorie":0.0,"mDistance":0.0,"mNowHealthyStep":0,"mRunStepCount":0,"mSpeed":0.0,"mStartTime":1592436000000,"mStepCount":0,"mTimeUnit":600000,"mTotalActiveTime":0.0,"mWalkStepCount":0},{"mCalorie":0.0,"mDistance":0.0,"mNowHealthyStep":0,"mRunStepCount":0,"mSpeed":0.0,"mStartTime":1592436600000,"mStepCount":0,"mTimeUnit":600000,"mTotalActiveTime":0.0,"mWalkStepCount":0},{"mCalorie":0.0,"mDistance":0.0,"mNowHealthyStep":0,"mRunStepCount":0,"mSpeed":0.0,"mStartTime":1592437200000,"mStepCount":0,"mTimeUnit":600000,"mTotalActiveTime":0.0,"mWalkStepCount":0},{"mCalorie":0.0,"mDistance":0.0,"mNowHealthyStep":0,"mRunStepCount":0,"mSpeed":0.0,"mStartTime":1592437800000,"mStepCount":0,"mTimeUnit":600000,"mTotalActiveTime":0.0,"mWalkStepCount":0},{"mCalorie":0.0,"mDistance":0.0,"mNowHealthyStep":0,"mRunStepCount":0,"mSpeed":0.0,"mStartTime":1592438400000,"mStepCount":0,"mTimeUnit":600000,"mTotalActiveTime":0.0,"mWalkStepCount":0},{"mCalorie":0.0,"mDistance":0.0,"mNowHealthyStep":0,"mRunStepCount":0,"mSpeed":0.0,"mStartTime":1592439000000,"mStepCount":0,"mTimeUnit":600000,"mTotalActiveTime":0.0,"mWalkStepCount":0},{"mCalorie":0.0,"mDistance":0.0,"mNowHealthyStep":0,"mRunStepCount":0,"mSpeed":0.0,"mStartTime":1592439600000,"mStepCount":0,"mTimeUnit":600000,"mTotalActiveTime":0.0,"mWalkStepCount":0},{"mCalorie":0.0,"mDistance":0.0,"mNowHealthyStep":0,"mRunStepCount":0,"mSpeed":0.0,"mStartTime":1592440200000,"mStepCount":0,"mTimeUnit":600000,"mTotalActiveTime":0.0,"mWalkStepCount":0},{"mCalorie":0.0,"mDistance":0.0,"mNowHealthyStep":0,"mRunStepCount":0,"mSpeed":0.0,"mStartTime":1592440800000,"mStepCount":0,"mTimeUnit":600000,"mTotalActiveTime":0.0,"mWalkStepCount":0},{"mCalorie":0.0,"mDistance":0.0,"mNowHealthyStep":0,"mRunStepCount":0,"mSpeed":0.0,"mStartTime":1592441400000,"mStepCount":0,"mTimeUnit":600000,"mTotalActiveTime":0.0,"mWalkStepCount":0},{"mCalorie":0.0,"mDistance":0.0,"mNowHealthyStep":0,"mRunStepCount":0,"mSpeed":0.0,"mStartTime":1592442000000,"mStepCount":0,"mTimeUnit":600000,"mTotalActiveTime":0.0,"mWalkStepCount":0},{"mCalorie":0.0,"mDistance":0.0,"mNowHealthyStep":0,"mRunStepCount":0,"mSpeed":0.0,"mStartTime":1592442600000,"mStepCount":0,"mTimeUnit":600000,"mTotalActiveTime":0.0,"mWalkStepCount":0},{"mCalorie":0.0,"mDistance":0.0,"mNowHealthyStep":0,"mRunStepCount":0,"mSpeed":0.0,"mStartTime":1592443200000,"mStepCount":0,"mTimeUnit":600000,"mTotalActiveTime":0.0,"mWalkStepCount":0},{"mCalorie":0.0,"mDistance":0.0,"mNowHealthyStep":0,"mRunStepCount":0,"mSpeed":0.0,"mStartTime":1592443800000,"mStepCount":0,"mTimeUnit":600000,"mTotalActiveTime":0.0,"mWalkStepCount":0},{"mCalorie":0.0,"mDistance":0.0,"mNowHealthyStep":0,"mRunStepCount":0,"mSpeed":0.0,"mStartTime":1592444400000,"mStepCount":0,"mTimeUnit":600000,"mTotalActiveTime":0.0,"mWalkStepCount":0},{"mCalorie":0.0,"mDistance":0.0,"mNowHealthyStep":0,"mRunStepCount":0,"mSpeed":0.0,"mStartTime":1592445000000,"mStepCount":0,"mTimeUnit":600000,"mTotalActiveTime":0.0,"mWalkStepCount":0},{"mCalorie":2.489999999999983,"mDistance":52.930999999999784,"mNowHealthyStep":0,"mRunStepCount":0,"mSpeed":4.9739990234375,"mStartTime":1592445600000,"mStepCount":70,"mTimeUnit":600000,"mTotalActiveTime":38309.53570829606,"mWalkStepCount":70},{"mCalorie":1.32,"mDistance":29.599999999999998,"mNowHealthyStep":0,"mRunStepCount":0,"mSpeed":4.597765922546387,"mStartTime":1592446200000,"mStepCount":40,"mTimeUnit":600000,"mTotalActiveTime":23176.473119042366,"mWalkStepCount":40},{"mCalorie":2.5599999999999996,"mDistance":51.82,"mNowHealthyStep":0,"mRunStepCount":0,"mSpeed":4.461616039276123,"mStartTime":1592446800000,"mStepCount":70,"mTimeUnit":600000,"mTotalActiveTime":41812.65196157667,"mWalkStepCount":70},{"mCalorie":0.0,"mDistance":0.0,"mNowHealthyStep":0,"mRunStepCount":0,"mSpeed":0.0,"mStartTime":1592447400000,"mStepCount":0,"mTimeUnit":600000,"mTotalActiveTime":0.0,"mWalkStepCount":0},{"mCalorie":0.0,"mDistance":0.0,"mNowHealthyStep":0,"mRunStepCount":0,"mSpeed":0.0,"mStartTime":1592448000000,"mStepCount":0,"mTimeUnit":600000,"mTotalActiveTime":0.0,"mWalkStepCount":0},{"mCalorie":0.0,"mDistance":0.0,"mNowHealthyStep":0,"mRunStepCount":0,"mSpeed":0.0,"mStartTime":1592448600000,"mStepCount":0,"mTimeUnit":600000,"mTotalActiveTime":0.0,"mWalkStepCount":0},{"mCalorie":3.2,"mDistance":64.65,"mNowHealthyStep":0,"mRunStepCount":0,"mSpeed":4.150390625,"mStartTime":1592449200000,"mStepCount":89,"mTimeUnit":600000,"mTotalActiveTime":56076.65242850786,"mWalkStepCount":89},{"mCalorie":3.36,"mDistance":70.09,"mNowHealthyStep":0,"mRunStepCount":0,"mSpeed":4.66862678527832,"mStartTime":1592449800000,"mStepCount":94,"mTimeUnit":600000,"mTotalActiveTime":54046.72957365008,"mWalkStepCount":94},{"mCalorie":0.0,"mDistance":0.0,"mNowHealthyStep":0,"mRunStepCount":0,"mSpeed":0.0,"mStartTime":1592450400000,"mStepCount":0,"mTimeUnit":600000,"mTotalActiveTime":0.0,"mWalkStepCount":0},{"mCalorie":0.0,"mDistance":0.0,"mNowHealthyStep":0,"mRunStepCount":0,"mSpeed":0.0,"mStartTime":1592451000000,"mStepCount":0,"mTimeUnit":600000,"mTotalActiveTime":0.0,"mWalkStepCount":0},{"mCalorie":0.0,"mDistance":0.0,"mNowHealthyStep":0,"mRunStepCount":0,"mSpeed":0.0,"mStartTime":1592451600000,"mStepCount":0,"mTimeUnit":600000,"mTotalActiveTime":0.0,"mWalkStepCount":0},{"mCalorie":0.0,"mDistance":0.0,"mNowHealthyStep":0,"mRunStepCount":0,"mSpeed":0.0,"mStartTime":1592452200000,"mStepCount":0,"mTimeUnit":600000,"mTotalActiveTime":0.0,"mWalkStepCount":0},{"mCalorie":0.0,"mDistance":0.0,"mNowHealthyStep":0,"mRunStepCount":0,"mSpeed":0.0,"mStartTime":1592452800000,"mStepCount":0,"mTimeUnit":600000,"mTotalActiveTime":0.0,"mWalkStepCount":0},{"mCalorie":0.0,"mDistance":0.0,"mNowHealthyStep":0,"mRunStepCount":0,"mSpeed":0.0,"mStartTime":1592453400000,"mStepCount":0,"mTimeUnit":600000,"mTotalActiveTime":0.0,"mWalkStepCount":0},{"mCalorie":0.0,"mDistance":0.0,"mNowHealthyStep":0,"mRunStepCount":0,"mSpeed":0.0,"mStartTime":1592454000000,"mStepCount":0,"mTimeUnit":600000,"mTotalActiveTime":0.0,"mWalkStepCount":0},{"mCalorie":0.0,"mDistance":0.0,"mNowHealthyStep":0,"mRunStepCount":0,"mSpeed":0.0,"mStartTime":1592454600000,"mStepCount":0,"mTimeUnit":600000,"mTotalActiveTime":0.0,"mWalkStepCount":0},{"mCalorie":0.0,"mDistance":0.0,"mNowHealthyStep":0,"mRunStepCount":0,"mSpeed":0.0,"mStartTime":1592455200000,"mStepCount":0,"mTimeUnit":600000,"mTotalActiveTime":0.0,"mWalkStepCount":0},{"mCalorie":0.0,"mDistance":0.0,"mNowHealthyStep":0,"mRunStepCount":0,"mSpeed":0.0,"mStartTime":1592455800000,"mStepCount":0,"mTimeUnit":600000,"mTotalActiveTime":0.0,"mWalkStepCount":0},{"mCalorie":0.0,"mDistance":0.0,"mNowHealthyStep":0,"mRunStepCount":0,"mSpeed":0.0,"mStartTime":1592456400000,"mStepCount":0,"mTimeUnit":600000,"mTotalActiveTime":0.0,"mWalkStepCount":0},{"mCalorie":0.0,"mDistance":0.0,"mNowHealthyStep":0,"mRunStepCount":0,"mSpeed":0.0,"mStartTime":1592457000000,"mStepCount":0,"mTimeUnit":600000,"mTotalActiveTime":0.0,"mWalkStepCount":0},{"mCalorie":0.0,"mDistance":0.0,"mNowHealthyStep":0,"mRunStepCount":0,"mSpeed":0.0,"mStartTime":1592457600000,"mStepCount":0,"mTimeUnit":600000,"mTotalActiveTime":0.0,"mWalkStepCount":0},{"mCalorie":0.0,"mDistance":0.0,"mNowHealthyStep":0,"mRunStepCount":0,"mSpeed":0.0,"mStartTime":1592458200000,"mStepCount":0,"mTimeUnit":600000,"mTotalActiveTime":0.0,"mWalkStepCount":0},{"mCalorie":0.0,"mDistance":0.0,"mNowHealthyStep":0,"mRunStepCount":0,"mSpeed":0.0,"mStartTime":1592458800000,"mStepCount":0,"mTimeUnit":600000,"mTotalActiveTime":0.0,"mWalkStepCount":0},{"mCalorie":0.0,"mDistance":0.0,"mNowHealthyStep":0,"mRunStepCount":0,"mSpeed":0.0,"mStartTime":1592459400000,"mStepCount":0,"mTimeUnit":600000,"mTotalActiveTime":0.0,"mWalkStepCount":0},{"mCalorie":0.0,"mDistance":0.0,"mNowHealthyStep":0,"mRunStepCount":0,"mSpeed":0.0,"mStartTime":1592460000000,"mStepCount":0,"mTimeUnit":600000,"mTotalActiveTime":0.0,"mWalkStepCount":0},{"mCalorie":0.0,"mDistance":0.0,"mNowHealthyStep":0,"mRunStepCount":0,"mSpeed":0.0,"mStartTime":1592460600000,"mStepCount":0,"mTimeUnit":600000,"mTotalActiveTime":0.0,"mWalkStepCount":0},{"mCalorie":0.0,"mDistance":0.0,"mNowHealthyStep":0,"mRunStepCount":0,"mSpeed":0.0,"mStartTime":1592461200000,"mStepCount":0,"mTimeUnit":600000,"mTotalActiveTime":0.0,"mWalkStepCount":0},{"mCalorie":0.33,"mDistance":7.54,"mNowHealthyStep":0,"mRunStepCount":0,"mSpeed":4.900000095367432,"mStartTime":1592461800000,"mStepCount":10,"mTimeUnit":600000,"mTotalActiveTime":5539.591728919054,"mWalkStepCount":10},{"mCalorie":2.46,"mDistance":50.52,"mNowHealthyStep":0,"mRunStepCount":0,"mSpeed":4.397528648376465,"mStartTime":1592462400000,"mStepCount":68,"mTimeUnit":600000,"mTotalActiveTime":41357.77523809564,"mWalkStepCount":68},{"mCalorie":0.0,"mDistance":0.0,"mNowHealthyStep":0,"mRunStepCount":0,"mSpeed":0.0,"mStartTime":1592463000000,"mStepCount":0,"mTimeUnit":600000,"mTotalActiveTime":0.0,"mWalkStepCount":0},{"mCalorie":0.5,"mDistance":9.12,"mNowHealthyStep":0,"mRunStepCount":0,"mSpeed":3.6000001430511475,"mStartTime":1592463600000,"mStepCount":13,"mTimeUnit":600000,"mTotalActiveTime":9119.999637603772,"mWalkStepCount":13},{"mCalorie":1.8000000000000023,"mDistance":40.37000000000011,"mNowHealthyStep":0,"mRunStepCount":0,"mSpeed":5.1217851638793945,"mStartTime":1592464200000,"mStepCount":53,"mTimeUnit":600000,"mTotalActiveTime":28375.262041733822,"mWalkStepCount":53},{"mCalorie":2.12,"mDistance":37.14,"mNowHealthyStep":0,"mRunStepCount":0,"mSpeed":3.600282907485962,"mStartTime":1592464800000,"mStepCount":53,"mTimeUnit":600000,"mTotalActiveTime":37137.08216452416,"mWalkStepCount":53},{"mCalorie":2.809999983310699,"mDistance":49.39000022888184,"mNowHealthyStep":0,"mRunStepCount":0,"mSpeed":3.960944652557373,"mStartTime":1592465400000,"mStepCount":78,"mTimeUnit":600000,"mTotalActiveTime":44889.29168005492,"mWalkStepCount":78},{"mCalorie":11.050000154972077,"mDistance":187.56999946594237,"mNowHealthyStep":0,"mRunStepCount":0,"mSpeed":3.781648635864258,"mStartTime":1592466000000,"mStepCount":268,"mTimeUnit":600000,"mTotalActiveTime":178560.21618062534,"mWalkStepCount":268},{"mCalorie":9.660000030994414,"mDistance":192.5699990463257,"mNowHealthyStep":0,"mRunStepCount":0,"mSpeed":4.247625350952148,"mStartTime":1592466600000,"mStepCount":263,"mTimeUnit":600000,"mTotalActiveTime":163209.31007838814,"mWalkStepCount":263},{"mCalorie":11.170000023841862,"mDistance":214.31999938964825,"mNowHealthyStep":0,"mRunStepCount":0,"mSpeed":3.872471570968628,"mStartTime":1592467200000,"mStepCount":294,"mTimeUnit":600000,"mTotalActiveTime":199240.19728459985,"mWalkStepCount":294},{"mCalorie":2.539999965429306,"mDistance":47.37,"mNowHealthyStep":0,"mRunStepCount":0,"mSpeed":3.5818004608154297,"mStartTime":1592467800000,"mStepCount":66,"mTimeUnit":600000,"mTotalActiveTime":47610.69247400821,"mWalkStepCount":66},{"mCalorie":8.55999981880188,"mDistance":164.3400017929077,"mNowHealthyStep":0,"mRunStepCount":0,"mSpeed":4.0387067794799805,"mStartTime":1592468400000,"mStepCount":224,"mTimeUnit":600000,"mTotalActiveTime":146488.47800779194,"mWalkStepCount":224},{"mCalorie":3.869999942779541,"mDistance":75.88999992370606,"mNowHealthyStep":0,"mRunStepCount":0,"mSpeed":4.048973083496094,"mStartTime":1592469000000,"mStepCount":103,"mTimeUnit":600000,"mTotalActiveTime":67474.88299457222,"mWalkStepCount":103},{"mCalorie":2.939999948740006,"mDistance":56.80999996185302,"mNowHealthyStep":0,"mRunStepCount":2,"mSpeed":4.492880344390869,"mStartTime":1592469600000,"mStepCount":75,"mTimeUnit":600000,"mTotalActiveTime":45520.02119231319,"mWalkStepCount":73},{"mCalorie":0.0,"mDistance":0.0,"mNowHealthyStep":0,"mRunStepCount":0,"mSpeed":0.0,"mStartTime":1592470200000,"mStepCount":0,"mTimeUnit":600000,"mTotalActiveTime":0.0,"mWalkStepCount":0},{"mCalorie":0.0,"mDistance":0.0,"mNowHealthyStep":0,"mRunStepCount":0,"mSpeed":0.0,"mStartTime":1592470800000,"mStepCount":0,"mTimeUnit":600000,"mTotalActiveTime":0.0,"mWalkStepCount":0},{"mCalorie":0.0,"mDistance":0.0,"mNowHealthyStep":0,"mRunStepCount":0,"mSpeed":0.0,"mStartTime":1592471400000,"mStepCount":0,"mTimeUnit":600000,"mTotalActiveTime":0.0,"mWalkStepCount":0},{"mCalorie":0.0,"mDistance":0.0,"mNowHealthyStep":0,"mRunStepCount":0,"mSpeed":0.0,"mStartTime":1592472000000,"mStepCount":0,"mTimeUnit":600000,"mTotalActiveTime":0.0,"mWalkStepCount":0},{"mCalorie":0.54,"mDistance":9.83,"mNowHealthyStep":0,"mRunStepCount":0,"mSpeed":8.5,"mStartTime":1592472600000,"mStepCount":10,"mTimeUnit":600000,"mTotalActiveTime":4163.294117647059,"mWalkStepCount":10},{"mCalorie":2.7399999999999913,"mDistance":51.590000000000074,"mNowHealthyStep":0,"mRunStepCount":9,"mSpeed":6.371427536010742,"mStartTime":1592473200000,"mStepCount":64,"mTimeUnit":600000,"mTotalActiveTime":29149.510792249395,"mWalkStepCount":55},{"mCalorie":0.43,"mDistance":8.88,"mNowHealthyStep":0,"mRunStepCount":0,"mSpeed":4.700000286102295,"mStartTime":1592473800000,"mStepCount":12,"mTimeUnit":600000,"mTotalActiveTime":6801.701713620752,"mWalkStepCount":12},{"mCalorie":1.3800000000000001,"mDistance":27.45,"mNowHealthyStep":0,"mRunStepCount":0,"mSpeed":4.057153701782227,"mStartTime":1592474400000,"mStepCount":38,"mTimeUnit":600000,"mTotalActiveTime":24356.97746679063,"mWalkStepCount":38},{"mCalorie":0.0,"mDistance":0.0,"mNowHealthyStep":0,"mRunStepCount":0,"mSpeed":0.0,"mStartTime":1592475000000,"mStepCount":0,"mTimeUnit":600000,"mTotalActiveTime":0.0,"mWalkStepCount":0},{"mCalorie":0.97,"mDistance":16.3,"mNowHealthyStep":0,"mRunStepCount":1,"mSpeed":4.621294021606445,"mStartTime":1592475600000,"mStepCount":22,"mTimeUnit":600000,"mTotalActiveTime":12697.741782557348,"mWalkStepCount":21},{"mCalorie":3.9599999666213987,"mDistance":70.82000040054322,"mNowHealthyStep":0,"mRunStepCount":2,"mSpeed":4.451638698577881,"mStartTime":1592476200000,"mStepCount":92,"mTimeUnit":600000,"mTotalActiveTime":57271.492963100005,"mWalkStepCount":90},{"mCalorie":3.6299999952316284,"mDistance":55.59999942779541,"mNowHealthyStep":0,"mRunStepCount":0,"mSpeed":4.582022666931152,"mStartTime":1592476800000,"mStepCount":96,"mTimeUnit":600000,"mTotalActiveTime":43683.764356197375,"mWalkStepCount":96},{"mCalorie":12.130000188946724,"mDistance":186.3100014925003,"mNowHealthyStep":0,"mRunStepCount":0,"mSpeed":3.4741158485412598,"mStartTime":1592477400000,"mStepCount":273,"mTimeUnit":600000,"mTotalActiveTime":193060.92530611623,"mWalkStepCount":273},{"mCalorie":5.45999992787838,"mDistance":109.70999923706054,"mNowHealthyStep":0,"mRunStepCount":0,"mSpeed":4.379615783691406,"mStartTime":1592478000000,"mStepCount":149,"mTimeUnit":600000,"mTotalActiveTime":90180.51595678768,"mWalkStepCount":149},{"mCalorie":0.0,"mDistance":0.0,"mNowHealthyStep":0,"mRunStepCount":0,"mSpeed":0.0,"mStartTime":1592478600000,"mStepCount":0,"mTimeUnit":600000,"mTotalActiveTime":0.0,"mWalkStepCount":0},{"mCalorie":1.2900000214576721,"mDistance":24.779999256134033,"mNowHealthyStep":0,"mRunStepCount":0,"mSpeed":3.7991943359375,"mStartTime":1592479200000,"mStepCount":34,"mTimeUnit":600000,"mTotalActiveTime":23480.766885979116,"mWalkStepCount":34},{"mCalorie":0.0,"mDistance":0.0,"mNowHealthyStep":0,"mRunStepCount":0,"mSpeed":0.0,"mStartTime":1592479800000,"mStepCount":0,"mTimeUnit":600000,"mTotalActiveTime":0.0,"mWalkStepCount":0},{"mCalorie":2.589999980926514,"mDistance":53.48,"mNowHealthyStep":0,"mRunStepCount":0,"mSpeed":4.8309760093688965,"mStartTime":1592480400000,"mStepCount":71,"mTimeUnit":600000,"mTotalActiveTime":39852.81818181818,"mWalkStepCount":71},{"mCalorie":12.34000015258789,"mDistance":174.8400011062622,"mNowHealthyStep":0,"mRunStepCount":0,"mSpeed":3.4120264053344727,"mStartTime":1592481000000,"mStepCount":258,"mTimeUnit":600000,"mTotalActiveTime":184472.20158480713,"mWalkStepCount":258},{"mCalorie":9.120000081062317,"mDistance":180.70999923706057,"mNowHealthyStep":0,"mRunStepCount":0,"mSpeed":4.311767101287842,"mStartTime":1592481600000,"mStepCount":245,"mTimeUnit":600000,"mTotalActiveTime":150879.20156470712,"mWalkStepCount":245},{"mCalorie":1.76,"mDistance":31.88,"mNowHealthyStep":0,"mRunStepCount":0,"mSpeed":4.309693336486816,"mStartTime":1592482200000,"mStepCount":44,"mTimeUnit":600000,"mTotalActiveTime":26630.20224395361,"mWalkStepCount":44},{"mCalorie":2.669999999999992,"mDistance":57.44899999999958,"mNowHealthyStep":0,"mRunStepCount":0,"mSpeed":4.44180965423584,"mStartTime":1592482800000,"mStepCount":78,"mTimeUnit":600000,"mTotalActiveTime":46561.29482222593,"mWalkStepCount":78},{"mCalorie":0.7099999999999829,"mDistance":16.28999999999949,"mNowHealthyStep":0,"mRunStepCount":0,"mSpeed":4.74894905090332,"mStartTime":1592483400000,"mStepCount":22,"mTimeUnit":600000,"mTotalActiveTime":12348.837606588952,"mWalkStepCount":22},{"mCalorie":1.01,"mDistance":18.81,"mNowHealthyStep":0,"mRunStepCount":0,"mSpeed":4.454745292663574,"mStartTime":1592484000000,"mStepCount":26,"mTimeUnit":600000,"mTotalActiveTime":15200.869013080475,"mWalkStepCount":26},{"mCalorie":0.0,"mDistance":0.0,"mNowHealthyStep":0,"mRunStepCount":0,"mSpeed":0.0,"mStartTime":1592484600000,"mStepCount":0,"mTimeUnit":600000,"mTotalActiveTime":0.0,"mWalkStepCount":0},{"mCalorie":4.52,"mDistance":83.97000000000001,"mNowHealthyStep":0,"mRunStepCount":4,"mSpeed":6.047774314880371,"mStartTime":1592485200000,"mStepCount":99,"mTimeUnit":600000,"mTotalActiveTime":49984.009193289035,"mWalkStepCount":95},{"mCalorie":5.959999999999994,"mDistance":124.86999999999951,"mNowHealthyStep":0,"mRunStepCount":0,"mSpeed":4.886993408203125,"mStartTime":1592485800000,"mStepCount":166,"mTimeUnit":600000,"mTotalActiveTime":91985.39119097799,"mWalkStepCount":166},{"mCalorie":0.68,"mDistance":19.28,"mNowHealthyStep":0,"mRunStepCount":1,"mSpeed":25.0,"mStartTime":1592486400000,"mStepCount":11,"mTimeUnit":600000,"mTotalActiveTime":2776.32,"mWalkStepCount":10},{"mCalorie":1.17,"mDistance":22.43,"mNowHealthyStep":0,"mRunStepCount":0,"mSpeed":5.403774261474609,"mStartTime":1592487000000,"mStepCount":30,"mTimeUnit":600000,"mTotalActiveTime":14942.889591543762,"mWalkStepCount":30},{"mCalorie":3.4299999999999935,"mDistance":66.10000000000001,"mNowHealthyStep":0,"mRunStepCount":5,"mSpeed":5.528334140777588,"mStartTime":1592487600000,"mStepCount":85,"mTimeUnit":600000,"mTotalActiveTime":43043.709170607224,"mWalkStepCount":80},{"mCalorie":18.3499999332428,"mDistance":401.25000953674316,"mNowHealthyStep":0,"mRunStepCount":0,"mSpeed":5.438937664031982,"mStartTime":1592488200000,"mStepCount":524,"mTimeUnit":600000,"mTotalActiveTime":265584.9624747786,"mWalkStepCount":524},{"mCalorie":11.780000001192093,"mDistance":237.98999977111816,"mNowHealthyStep":0,"mRunStepCount":0,"mSpeed":5.29636812210083,"mStartTime":1592488800000,"mStepCount":319,"mTimeUnit":600000,"mTotalActiveTime":161764.43313681573,"mWalkStepCount":319},{"mCalorie":0.0,"mDistance":0.0,"mNowHealthyStep":0,"mRunStepCount":0,"mSpeed":0.0,"mStartTime":1592489400000,"mStepCount":0,"mTimeUnit":600000,"mTotalActiveTime":0.0,"mWalkStepCount":0},{"mCalorie":0.37,"mDistance":7.2,"mNowHealthyStep":0,"mRunStepCount":0,"mSpeed":3.9000003337860107,"mStartTime":1592490000000,"mStepCount":10,"mTimeUnit":600000,"mTotalActiveTime":6646.153277335132,"mWalkStepCount":10},{"mCalorie":0.0,"mDistance":0.0,"mNowHealthyStep":0,"mRunStepCount":0,"mSpeed":0.0,"mStartTime":1592490600000,"mStepCount":0,"mTimeUnit":600000,"mTotalActiveTime":0.0,"mWalkStepCount":0},{"mCalorie":0.0,"mDistance":0.0,"mNowHealthyStep":0,"mRunStepCount":0,"mSpeed":0.0,"mStartTime":1592491200000,"mStepCount":0,"mTimeUnit":600000,"mTotalActiveTime":0.0,"mWalkStepCount":0},{"mCalorie":3.2200000000000077,"mDistance":55.040999999999514,"mNowHealthyStep":0,"mRunStepCount":12,"mSpeed":5.616966724395752,"mStartTime":1592491800000,"mStepCount":71,"mTimeUnit":600000,"mTotalActiveTime":35276.619816745355,"mWalkStepCount":59},{"mCalorie":4.550000019073487,"mDistance":83.67999992370605,"mNowHealthyStep":0,"mRunStepCount":0,"mSpeed":4.736784934997559,"mStartTime":1592492400000,"mStepCount":124,"mTimeUnit":600000,"mTotalActiveTime":63597.56743413779,"mWalkStepCount":124},{"mCalorie":17.109999890327455,"mDistance":279.1199987411499,"mNowHealthyStep":0,"mRunStepCount":0,"mSpeed":3.642967700958252,"mStartTime":1592493000000,"mStepCount":397,"mTimeUnit":600000,"mTotalActiveTime":275827.864029363,"mWalkStepCount":397},{"mCalorie":7.2499997377395635,"mDistance":144.1799981689453,"mNowHealthyStep":0,"mRunStepCount":0,"mSpeed":4.113379001617432,"mStartTime":1592493600000,"mStepCount":198,"mTimeUnit":600000,"mTotalActiveTime":126185.30534922515,"mWalkStepCount":198},{"mCalorie":0.0,"mDistance":0.0,"mNowHealthyStep":0,"mRunStepCount":0,"mSpeed":0.0,"mStartTime":1592494200000,"mStepCount":0,"mTimeUnit":600000,"mTotalActiveTime":0.0,"mWalkStepCount":0},{"mCalorie":0.0,"mDistance":0.0,"mNowHealthyStep":0,"mRunStepCount":0,"mSpeed":0.0,"mStartTime":1592494800000,"mStepCount":0,"mTimeUnit":600000,"mTotalActiveTime":0.0,"mWalkStepCount":0},{"mCalorie":1.8200000405311585,"mDistance":37.95999938964844,"mNowHealthyStep":0,"mRunStepCount":0,"mSpeed":4.446170806884766,"mStartTime":1592495400000,"mStepCount":51,"mTimeUnit":600000,"mTotalActiveTime":30735.66100987582,"mWalkStepCount":51},{"mCalorie":15.53999974131586,"mDistance":275.82000076293934,"mNowHealthyStep":0,"mRunStepCount":6,"mSpeed":3.806246042251587,"mStartTime":1592496000000,"mStepCount":387,"mTimeUnit":600000,"mTotalActiveTime":260874.36683990777,"mWalkStepCount":381},{"mCalorie":4.0500000286102225,"mDistance":74.71000045776407,"mNowHealthyStep":0,"mRunStepCount":6,"mSpeed":4.838126182556152,"mStartTime":1592496600000,"mStepCount":96,"mTimeUnit":600000,"mTotalActiveTime":55590.94591324805,"mWalkStepCount":90},{"mCalorie":0.0,"mDistance":0.0,"mNowHealthyStep":0,"mRunStepCount":0,"mSpeed":0.0,"mStartTime":1592497200000,"mStepCount":0,"mTimeUnit":600000,"mTotalActiveTime":0.0,"mWalkStepCount":0},{"mCalorie":0.0,"mDistance":0.0,"mNowHealthyStep":0,"mRunStepCount":0,"mSpeed":0.0,"mStartTime":1592497800000,"mStepCount":0,"mTimeUnit":600000,"mTotalActiveTime":0.0,"mWalkStepCount":0},{"mCalorie":0.55,"mDistance":8.31,"mNowHealthyStep":0,"mRunStepCount":0,"mSpeed":3.4000000953674316,"mStartTime":1592498400000,"mStepCount":12,"mTimeUnit":600000,"mTotalActiveTime":8798.82328261142,"mWalkStepCount":12},{"mCalorie":2.09,"mDistance":37.75,"mNowHealthyStep":0,"mRunStepCount":0,"mSpeed":3.2775638103485107,"mStartTime":1592499000000,"mStepCount":55,"mTimeUnit":600000,"mTotalActiveTime":41463.72228916777,"mWalkStepCount":55},{"mCalorie":0.0,"mDistance":0.0,"mNowHealthyStep":0,"mRunStepCount":0,"mSpeed":0.0,"mStartTime":1592499600000,"mStepCount":0,"mTimeUnit":600000,"mTotalActiveTime":0.0,"mWalkStepCount":0},{"mCalorie":1.25,"mDistance":24.759999999999998,"mNowHealthyStep":0,"mRunStepCount":0,"mSpeed":3.8180642127990723,"mStartTime":1592500200000,"mStepCount":35,"mTimeUnit":600000,"mTotalActiveTime":23345.86148309384,"mWalkStepCount":35},{"mCalorie":0.0,"mDistance":0.0,"mNowHealthyStep":0,"mRunStepCount":0,"mSpeed":0.0,"mStartTime":1592500800000,"mStepCount":0,"mTimeUnit":600000,"mTotalActiveTime":0.0,"mWalkStepCount":0},{"mCalorie":0.64,"mDistance":10.61,"mNowHealthyStep":0,"mRunStepCount":0,"mSpeed":3.700000047683716,"mStartTime":1592501400000,"mStepCount":15,"mTimeUnit":600000,"mTotalActiveTime":10323.243110202542,"mWalkStepCount":15},{"mCalorie":0.35,"mDistance":7.01,"mNowHealthyStep":0,"mRunStepCount":0,"mSpeed":3.700000047683716,"mStartTime":1592502000000,"mStepCount":10,"mTimeUnit":600000,"mTotalActiveTime":6820.540452640888,"mWalkStepCount":10},{"mCalorie":0.4300000071525574,"mDistance":9.84000015258789,"mNowHealthyStep":0,"mRunStepCount":0,"mSpeed":5.575305461883545,"mStartTime":1592502600000,"mStepCount":13,"mTimeUnit":600000,"mTotalActiveTime":6353.732686307176,"mWalkStepCount":13},{"mCalorie":0.0,"mDistance":0.0,"mNowHealthyStep":0,"mRunStepCount":0,"mSpeed":0.0,"mStartTime":1592503200000,"mStepCount":0,"mTimeUnit":600000,"mTotalActiveTime":0.0,"mWalkStepCount":0},{"mCalorie":0.0,"mDistance":0.0,"mNowHealthyStep":0,"mRunStepCount":0,"mSpeed":0.0,"mStartTime":1592503800000,"mStepCount":0,"mTimeUnit":600000,"mTotalActiveTime":0.0,"mWalkStepCount":0},{"mCalorie":0.0,"mDistance":0.0,"mNowHealthyStep":0,"mRunStepCount":0,"mSpeed":0.0,"mStartTime":1592504400000,"mStepCount":0,"mTimeUnit":600000,"mTotalActiveTime":0.0,"mWalkStepCount":0},{"mCalorie":0.0,"mDistance":0.0,"mNowHealthyStep":0,"mRunStepCount":0,"mSpeed":0.0,"mStartTime":1592505000000,"mStepCount":0,"mTimeUnit":600000,"mTotalActiveTime":0.0,"mWalkStepCount":0},{"mCalorie":0.0,"mDistance":0.0,"mNowHealthyStep":0,"mRunStepCount":0,"mSpeed":0.0,"mStartTime":1592505600000,"mStepCount":0,"mTimeUnit":600000,"mTotalActiveTime":0.0,"mWalkStepCount":0},{"mCalorie":0.0,"mDistance":0.0,"mNowHealthyStep":0,"mRunStepCount":0,"mSpeed":0.0,"mStartTime":1592506200000,"mStepCount":0,"mTimeUnit":600000,"mTotalActiveTime":0.0,"mWalkStepCount":0},{"mCalorie":0.5300000309944153,"mDistance":11.199999809265137,"mNowHealthyStep":0,"mRunStepCount":0,"mSpeed":4.4379377365112305,"mStartTime":1592506800000,"mStepCount":15,"mTimeUnit":600000,"mTotalActiveTime":9085.300810247738,"mWalkStepCount":15},{"mCalorie":0.0,"mDistance":0.0,"mNowHealthyStep":0,"mRunStepCount":0,"mSpeed":0.0,"mStartTime":1592507400000,"mStepCount":0,"mTimeUnit":600000,"mTotalActiveTime":0.0,"mWalkStepCount":0},{"mCalorie":2.9700000000000206,"mDistance":54.91000000000063,"mNowHealthyStep":0,"mRunStepCount":7,"mSpeed":6.588359355926514,"mStartTime":1592508000000,"mStepCount":67,"mTimeUnit":600000,"mTotalActiveTime":30003.828404850854,"mWalkStepCount":60},{"mCalorie":0.0,"mDistance":0.0,"mNowHealthyStep":0,"mRunStepCount":0,"mSpeed":0.0,"mStartTime":1592508600000,"mStepCount":0,"mTimeUnit":600000,"mTotalActiveTime":0.0,"mWalkStepCount":0},{"mCalorie":0.25999999046325684,"mDistance":4.940000057220459,"mNowHealthyStep":0,"mRunStepCount":0,"mSpeed":3.200000047683716,"mStartTime":1592509200000,"mStepCount":7,"mTimeUnit":600000,"mTotalActiveTime":5557.499981559813,"mWalkStepCount":7},{"mCalorie":0.0,"mDistance":0.0,"mNowHealthyStep":0,"mRunStepCount":0,"mSpeed":0.0,"mStartTime":1592509800000,"mStepCount":0,"mTimeUnit":600000,"mTotalActiveTime":0.0,"mWalkStepCount":0},{"mCalorie":0.0,"mDistance":0.0,"mNowHealthyStep":0,"mRunStepCount":0,"mSpeed":0.0,"mStartTime":1592510400000,"mStepCount":0,"mTimeUnit":600000,"mTotalActiveTime":0.0,"mWalkStepCount":0},{"mCalorie":0.47999998927116394,"mDistance":9.670000076293945,"mNowHealthyStep":0,"mRunStepCount":0,"mSpeed":4.799999713897705,"mStartTime":1592511000000,"mStepCount":13,"mTimeUnit":600000,"mTotalActiveTime":7252.500489503174,"mWalkStepCount":13},{"mCalorie":4.909999920129776,"mDistance":97.29999900817872,"mNowHealthyStep":0,"mRunStepCount":0,"mSpeed":4.046844482421875,"mStartTime":1592511600000,"mStepCount":134,"mTimeUnit":600000,"mTotalActiveTime":86556.32333163776,"mWalkStepCount":134},{"mCalorie":19.18999973297119,"mDistance":331.4200001525879,"mNowHealthyStep":0,"mRunStepCount":0,"mSpeed":4.5255842208862305,"mStartTime":1592512200000,"mStepCount":482,"mTimeUnit":600000,"mTotalActiveTime":263637.1166651364,"mWalkStepCount":482},{"mCalorie":7.899999999999984,"mDistance":148.00000061035195,"mNowHealthyStep":0,"mRunStepCount":0,"mSpeed":4.208081245422363,"mStartTime":1592512800000,"mStepCount":203,"mTimeUnit":600000,"mTotalActiveTime":126613.51994100769,"mWalkStepCount":203},{"mCalorie":0.0,"mDistance":0.0,"mNowHealthyStep":0,"mRunStepCount":0,"mSpeed":0.0,"mStartTime":1592513400000,"mStepCount":0,"mTimeUnit":600000,"mTotalActiveTime":0.0,"mWalkStepCount":0},{"mCalorie":0.0,"mDistance":0.0,"mNowHealthyStep":0,"mRunStepCount":0,"mSpeed":0.0,"mStartTime":1592514000000,"mStepCount":0,"mTimeUnit":600000,"mTotalActiveTime":0.0,"mWalkStepCount":0},{"mCalorie":0.0,"mDistance":0.0,"mNowHealthyStep":0,"mRunStepCount":0,"mSpeed":0.0,"mStartTime":1592514600000,"mStepCount":0,"mTimeUnit":600000,"mTotalActiveTime":0.0,"mWalkStepCount":0},{"mCalorie":1.810000091791153,"mDistance":36.08999824523926,"mNowHealthyStep":0,"mRunStepCount":0,"mSpeed":4.303188800811768,"mStartTime":1592515200000,"mStepCount":49,"mTimeUnit":600000,"mTotalActiveTime":30192.49363847234,"mWalkStepCount":49},{"mCalorie":21.169999884366987,"mDistance":372.6300002861023,"mNowHealthyStep":0,"mRunStepCount":0,"mSpeed":4.631997108459473,"mStartTime":1592515800000,"mStepCount":517,"mTimeUnit":600000,"mTotalActiveTime":289608.99506543437,"mWalkStepCount":517},{"mCalorie":3.2699999809265137,"mDistance":64.53999948501587,"mNowHealthyStep":0,"mRunStepCount":0,"mSpeed":4.127215385437012,"mStartTime":1592516400000,"mStepCount":87,"mTimeUnit":600000,"mTotalActiveTime":56295.5853426834,"mWalkStepCount":87},{"mCalorie":0.0,"mDistance":0.0,"mNowHealthyStep":0,"mRunStepCount":0,"mSpeed":0.0,"mStartTime":1592517000000,"mStepCount":0,"mTimeUnit":600000,"mTotalActiveTime":0.0,"mWalkStepCount":0}]