[{"mCalorie":0.0,"mDistance":0.0,"mNowHealthyStep":0,"mRunStepCount":0,"mSpeed":0.0,"mStartTime":1595887200000,"mStepCount":0,"mTimeUnit":600000,"mTotalActiveTime":0.0,"mWalkStepCount":0},{"mCalorie":0.0,"mDistance":0.0,"mNowHealthyStep":0,"mRunStepCount":0,"mSpeed":0.0,"mStartTime":1595887800000,"mStepCount":0,"mTimeUnit":600000,"mTotalActiveTime":0.0,"mWalkStepCount":0},{"mCalorie":0.0,"mDistance":0.0,"mNowHealthyStep":0,"mRunStepCount":0,"mSpeed":0.0,"mStartTime":1595888400000,"mStepCount":0,"mTimeUnit":600000,"mTotalActiveTime":0.0,"mWalkStepCount":0},{"mCalorie":0.0,"mDistance":0.0,"mNowHealthyStep":0,"mRunStepCount":0,"mSpeed":0.0,"mStartTime":1595889000000,"mStepCount":0,"mTimeUnit":600000,"mTotalActiveTime":0.0,"mWalkStepCount":0},{"mCalorie":0.0,"mDistance":0.0,"mNowHealthyStep":0,"mRunStepCount":0,"mSpeed":0.0,"mStartTime":1595889600000,"mStepCount":0,"mTimeUnit":600000,"mTotalActiveTime":0.0,"mWalkStepCount":0},{"mCalorie":0.0,"mDistance":0.0,"mNowHealthyStep":0,"mRunStepCount":0,"mSpeed":0.0,"mStartTime":1595890200000,"mStepCount":0,"mTimeUnit":600000,"mTotalActiveTime":0.0,"mWalkStepCount":0},{"mCalorie":0.0,"mDistance":0.0,"mNowHealthyStep":0,"mRunStepCount":0,"mSpeed":0.0,"mStartTime":1595890800000,"mStepCount":0,"mTimeUnit":600000,"mTotalActiveTime":0.0,"mWalkStepCount":0},{"mCalorie":0.0,"mDistance":0.0,"mNowHealthyStep":0,"mRunStepCount":0,"mSpeed":0.0,"mStartTime":1595891400000,"mStepCount":0,"mTimeUnit":600000,"mTotalActiveTime":0.0,"mWalkStepCount":0},{"mCalorie":0.0,"mDistance":0.0,"mNowHealthyStep":0,"mRunStepCount":0,"mSpeed":0.0,"mStartTime":1595892000000,"mStepCount":0,"mTimeUnit":600000,"mTotalActiveTime":0.0,"mWalkStepCount":0},{"mCalorie":0.0,"mDistance":0.0,"mNowHealthyStep":0,"mRunStepCount":0,"mSpeed":0.0,"mStartTime":1595892600000,"mStepCount":0,"mTimeUnit":600000,"mTotalActiveTime":0.0,"mWalkStepCount":0},{"mCalorie":0.0,"mDistance":0.0,"mNowHealthyStep":0,"mRunStepCount":0,"mSpeed":0.0,"mStartTime":1595893200000,"mStepCount":0,"mTimeUnit":600000,"mTotalActiveTime":0.0,"mWalkStepCount":0},{"mCalorie":0.0,"mDistance":0.0,"mNowHealthyStep":0,"mRunStepCount":0,"mSpeed":0.0,"mStartTime":1595893800000,"mStepCount":0,"mTimeUnit":600000,"mTotalActiveTime":0.0,"mWalkStepCount":0},{"mCalorie":0.0,"mDistance":0.0,"mNowHealthyStep":0,"mRunStepCount":0,"mSpeed":0.0,"mStartTime":1595894400000,"mStepCount":0,"mTimeUnit":600000,"mTotalActiveTime":0.0,"mWalkStepCount":0},{"mCalorie":0.0,"mDistance":0.0,"mNowHealthyStep":0,"mRunStepCount":0,"mSpeed":0.0,"mStartTime":1595895000000,"mStepCount":0,"mTimeUnit":600000,"mTotalActiveTime":0.0,"mWalkStepCount":0},{"mCalorie":0.0,"mDistance":0.0,"mNowHealthyStep":0,"mRunStepCount":0,"mSpeed":0.0,"mStartTime":1595895600000,"mStepCount":0,"mTimeUnit":600000,"mTotalActiveTime":0.0,"mWalkStepCount":0},{"mCalorie":0.0,"mDistance":0.0,"mNowHealthyStep":0,"mRunStepCount":0,"mSpeed":0.0,"mStartTime":1595896200000,"mStepCount":0,"mTimeUnit":600000,"mTotalActiveTime":0.0,"mWalkStepCount":0},{"mCalorie":0.0,"mDistance":0.0,"mNowHealthyStep":0,"mRunStepCount":0,"mSpeed":0.0,"mStartTime":1595896800000,"mStepCount":0,"mTimeUnit":600000,"mTotalActiveTime":0.0,"mWalkStepCount":0},{"mCalorie":0.0,"mDistance":0.0,"mNowHealthyStep":0,"mRunStepCount":0,"mSpeed":0.0,"mStartTime":1595897400000,"mStepCount":0,"mTimeUnit":600000,"mTotalActiveTime":0.0,"mWalkStepCount":0},{"mCalorie":0.0,"mDistance":0.0,"mNowHealthyStep":0,"mRunStepCount":0,"mSpeed":0.0,"mStartTime":1595898000000,"mStepCount":0,"mTimeUnit":600000,"mTotalActiveTime":0.0,"mWalkStepCount":0},{"mCalorie":0.0,"mDistance":0.0,"mNowHealthyStep":0,"mRunStepCount":0,"mSpeed":0.0,"mStartTime":1595898600000,"mStepCount":0,"mTimeUnit":600000,"mTotalActiveTime":0.0,"mWalkStepCount":0},{"mCalorie":1.29,"mDistance":29.66,"mNowHealthyStep":0,"mRunStepCount":0,"mSpeed":5.767794132232666,"mStartTime":1595899200000,"mStepCount":37,"mTimeUnit":600000,"mTotalActiveTime":18512.449378763766,"mWalkStepCount":37},{"mCalorie":0.0,"mDistance":0.0,"mNowHealthyStep":0,"mRunStepCount":0,"mSpeed":0.0,"mStartTime":1595899800000,"mStepCount":0,"mTimeUnit":600000,"mTotalActiveTime":0.0,"mWalkStepCount":0},{"mCalorie":0.0,"mDistance":0.0,"mNowHealthyStep":0,"mRunStepCount":0,"mSpeed":0.0,"mStartTime":1595900400000,"mStepCount":0,"mTimeUnit":600000,"mTotalActiveTime":0.0,"mWalkStepCount":0},{"mCalorie":0.0,"mDistance":0.0,"mNowHealthyStep":0,"mRunStepCount":0,"mSpeed":0.0,"mStartTime":1595901000000,"mStepCount":0,"mTimeUnit":600000,"mTotalActiveTime":0.0,"mWalkStepCount":0},{"mCalorie":0.0,"mDistance":0.0,"mNowHealthyStep":0,"mRunStepCount":0,"mSpeed":0.0,"mStartTime":1595901600000,"mStepCount":0,"mTimeUnit":600000,"mTotalActiveTime":0.0,"mWalkStepCount":0},{"mCalorie":0.0,"mDistance":0.0,"mNowHealthyStep":0,"mRunStepCount":0,"mSpeed":0.0,"mStartTime":1595902200000,"mStepCount":0,"mTimeUnit":600000,"mTotalActiveTime":0.0,"mWalkStepCount":0},{"mCalorie":0.0,"mDistance":0.0,"mNowHealthyStep":0,"mRunStepCount":0,"mSpeed":0.0,"mStartTime":1595902800000,"mStepCount":0,"mTimeUnit":600000,"mTotalActiveTime":0.0,"mWalkStepCount":0},{"mCalorie":1.67,"mDistance":35.47,"mNowHealthyStep":0,"mRunStepCount":0,"mSpeed":5.6887359619140625,"mStartTime":1595903400000,"mStepCount":46,"mTimeUnit":600000,"mTotalActiveTime":22446.46350548574,"mWalkStepCount":46},{"mCalorie":2.580000000000032,"mDistance":49.63900000000002,"mNowHealthyStep":0,"mRunStepCount":0,"mSpeed":5.204354763031006,"mStartTime":1595904000000,"mStepCount":73,"mTimeUnit":600000,"mTotalActiveTime":34336.706601126214,"mWalkStepCount":73},{"mCalorie":20.990000000000155,"mDistance":396.68900000000326,"mNowHealthyStep":0,"mRunStepCount":0,"mSpeed":4.522212028503418,"mStartTime":1595904600000,"mStepCount":567,"mTimeUnit":600000,"mTotalActiveTime":315792.4584908396,"mWalkStepCount":567},{"mCalorie":0.0,"mDistance":0.0,"mNowHealthyStep":0,"mRunStepCount":0,"mSpeed":0.0,"mStartTime":1595905200000,"mStepCount":0,"mTimeUnit":600000,"mTotalActiveTime":0.0,"mWalkStepCount":0},{"mCalorie":0.0,"mDistance":0.0,"mNowHealthyStep":0,"mRunStepCount":0,"mSpeed":0.0,"mStartTime":1595905800000,"mStepCount":0,"mTimeUnit":600000,"mTotalActiveTime":0.0,"mWalkStepCount":0},{"mCalorie":0.0,"mDistance":0.0,"mNowHealthyStep":0,"mRunStepCount":0,"mSpeed":0.0,"mStartTime":1595906400000,"mStepCount":0,"mTimeUnit":600000,"mTotalActiveTime":0.0,"mWalkStepCount":0},{"mCalorie":15.320000000000128,"mDistance":328.1320000000023,"mNowHealthyStep":0,"mRunStepCount":0,"mSpeed":4.860213279724121,"mStartTime":1595907000000,"mStepCount":436,"mTimeUnit":600000,"mTotalActiveTime":243050.07247728968,"mWalkStepCount":436},{"mCalorie":5.05,"mDistance":86.71000000000001,"mNowHealthyStep":0,"mRunStepCount":0,"mSpeed":4.7264604568481445,"mStartTime":1595907600000,"mStepCount":123,"mTimeUnit":600000,"mTotalActiveTime":66044.34607196129,"mWalkStepCount":123},{"mCalorie":1.7499999999999365,"mDistance":26.528999999996742,"mNowHealthyStep":0,"mRunStepCount":11,"mSpeed":6.389206409454346,"mStartTime":1595908200000,"mStepCount":32,"mTimeUnit":600000,"mTotalActiveTime":14947.77208096521,"mWalkStepCount":21},{"mCalorie":0.0,"mDistance":0.0,"mNowHealthyStep":0,"mRunStepCount":0,"mSpeed":0.0,"mStartTime":1595908800000,"mStepCount":0,"mTimeUnit":600000,"mTotalActiveTime":0.0,"mWalkStepCount":0},{"mCalorie":0.0,"mDistance":0.0,"mNowHealthyStep":0,"mRunStepCount":0,"mSpeed":0.0,"mStartTime":1595909400000,"mStepCount":0,"mTimeUnit":600000,"mTotalActiveTime":0.0,"mWalkStepCount":0},{"mCalorie":0.0,"mDistance":0.0,"mNowHealthyStep":0,"mRunStepCount":0,"mSpeed":0.0,"mStartTime":1595910000000,"mStepCount":0,"mTimeUnit":600000,"mTotalActiveTime":0.0,"mWalkStepCount":0},{"mCalorie":0.0,"mDistance":0.0,"mNowHealthyStep":0,"mRunStepCount":0,"mSpeed":0.0,"mStartTime":1595910600000,"mStepCount":0,"mTimeUnit":600000,"mTotalActiveTime":0.0,"mWalkStepCount":0},{"mCalorie":0.0,"mDistance":0.0,"mNowHealthyStep":0,"mRunStepCount":0,"mSpeed":0.0,"mStartTime":1595911200000,"mStepCount":0,"mTimeUnit":600000,"mTotalActiveTime":0.0,"mWalkStepCount":0},{"mCalorie":0.0,"mDistance":0.0,"mNowHealthyStep":0,"mRunStepCount":0,"mSpeed":0.0,"mStartTime":1595911800000,"mStepCount":0,"mTimeUnit":600000,"mTotalActiveTime":0.0,"mWalkStepCount":0},{"mCalorie":0.0,"mDistance":0.0,"mNowHealthyStep":0,"mRunStepCount":0,"mSpeed":0.0,"mStartTime":1595912400000,"mStepCount":0,"mTimeUnit":600000,"mTotalActiveTime":0.0,"mWalkStepCount":0},{"mCalorie":0.0,"mDistance":0.0,"mNowHealthyStep":0,"mRunStepCount":0,"mSpeed":0.0,"mStartTime":1595913000000,"mStepCount":0,"mTimeUnit":600000,"mTotalActiveTime":0.0,"mWalkStepCount":0},{"mCalorie":0.0,"mDistance":0.0,"mNowHealthyStep":0,"mRunStepCount":0,"mSpeed":0.0,"mStartTime":1595913600000,"mStepCount":0,"mTimeUnit":600000,"mTotalActiveTime":0.0,"mWalkStepCount":0},{"mCalorie":0.0,"mDistance":0.0,"mNowHealthyStep":0,"mRunStepCount":0,"mSpeed":0.0,"mStartTime":1595914200000,"mStepCount":0,"mTimeUnit":600000,"mTotalActiveTime":0.0,"mWalkStepCount":0},{"mCalorie":0.0,"mDistance":0.0,"mNowHealthyStep":0,"mRunStepCount":0,"mSpeed":0.0,"mStartTime":1595914800000,"mStepCount":0,"mTimeUnit":600000,"mTotalActiveTime":0.0,"mWalkStepCount":0},{"mCalorie":0.0,"mDistance":0.0,"mNowHealthyStep":0,"mRunStepCount":0,"mSpeed":0.0,"mStartTime":1595915400000,"mStepCount":0,"mTimeUnit":600000,"mTotalActiveTime":0.0,"mWalkStepCount":0},{"mCalorie":0.0,"mDistance":0.0,"mNowHealthyStep":0,"mRunStepCount":0,"mSpeed":0.0,"mStartTime":1595916000000,"mStepCount":0,"mTimeUnit":600000,"mTotalActiveTime":0.0,"mWalkStepCount":0},{"mCalorie":0.0,"mDistance":0.0,"mNowHealthyStep":0,"mRunStepCount":0,"mSpeed":0.0,"mStartTime":1595916600000,"mStepCount":0,"mTimeUnit":600000,"mTotalActiveTime":0.0,"mWalkStepCount":0},{"mCalorie":0.0,"mDistance":0.0,"mNowHealthyStep":0,"mRunStepCount":0,"mSpeed":0.0,"mStartTime":1595917200000,"mStepCount":0,"mTimeUnit":600000,"mTotalActiveTime":0.0,"mWalkStepCount":0},{"mCalorie":0.0,"mDistance":0.0,"mNowHealthyStep":0,"mRunStepCount":0,"mSpeed":0.0,"mStartTime":1595917800000,"mStepCount":0,"mTimeUnit":600000,"mTotalActiveTime":0.0,"mWalkStepCount":0},{"mCalorie":0.0,"mDistance":0.0,"mNowHealthyStep":0,"mRunStepCount":0,"mSpeed":0.0,"mStartTime":1595918400000,"mStepCount":0,"mTimeUnit":600000,"mTotalActiveTime":0.0,"mWalkStepCount":0},{"mCalorie":0.38,"mDistance":7.69,"mNowHealthyStep":0,"mRunStepCount":0,"mSpeed":3.9000003337860107,"mStartTime":1595919000000,"mStepCount":11,"mTimeUnit":600000,"mTotalActiveTime":7098.460930931551,"mWalkStepCount":11},{"mCalorie":0.83,"mDistance":16.01,"mNowHealthyStep":0,"mRunStepCount":0,"mSpeed":3.481874942779541,"mStartTime":1595919600000,"mStepCount":23,"mTimeUnit":600000,"mTotalActiveTime":16553.150954657543,"mWalkStepCount":23},{"mCalorie":0.45,"mDistance":9.09,"mNowHealthyStep":0,"mRunStepCount":0,"mSpeed":3.700000047683716,"mStartTime":1595920200000,"mStepCount":13,"mTimeUnit":600000,"mTotalActiveTime":8844.324210343178,"mWalkStepCount":13},{"mCalorie":0.28999999165534973,"mDistance":5.949999809265137,"mNowHealthyStep":0,"mRunStepCount":0,"mSpeed":4.600000381469727,"mStartTime":1595920800000,"mStepCount":8,"mTimeUnit":600000,"mTotalActiveTime":4656.521203702744,"mWalkStepCount":8},{"mCalorie":0.0,"mDistance":0.0,"mNowHealthyStep":0,"mRunStepCount":0,"mSpeed":0.0,"mStartTime":1595921400000,"mStepCount":0,"mTimeUnit":600000,"mTotalActiveTime":0.0,"mWalkStepCount":0},{"mCalorie":1.21,"mDistance":21.52,"mNowHealthyStep":0,"mRunStepCount":0,"mSpeed":4.365377426147461,"mStartTime":1595922000000,"mStepCount":29,"mTimeUnit":600000,"mTotalActiveTime":17746.918815241697,"mWalkStepCount":29},{"mCalorie":3.340000001192093,"mDistance":64.90000026702882,"mNowHealthyStep":0,"mRunStepCount":0,"mSpeed":3.8126862049102783,"mStartTime":1595922600000,"mStepCount":90,"mTimeUnit":600000,"mTotalActiveTime":61279.631462137244,"mWalkStepCount":90},{"mCalorie":1.83,"mDistance":41.75000000000001,"mNowHealthyStep":0,"mRunStepCount":0,"mSpeed":5.405710697174072,"mStartTime":1595923200000,"mStepCount":54,"mTimeUnit":600000,"mTotalActiveTime":27803.930255196396,"mWalkStepCount":54},{"mCalorie":0.27,"mDistance":5.64,"mNowHealthyStep":0,"mRunStepCount":0,"mSpeed":3.700000047683716,"mStartTime":1595923800000,"mStepCount":8,"mTimeUnit":600000,"mTotalActiveTime":5487.567496846592,"mWalkStepCount":8},{"mCalorie":1.72,"mDistance":31.14,"mNowHealthyStep":0,"mRunStepCount":0,"mSpeed":3.7095375061035156,"mStartTime":1595924400000,"mStepCount":44,"mTimeUnit":600000,"mTotalActiveTime":30220.477987187463,"mWalkStepCount":44},{"mCalorie":0.31,"mDistance":7.79,"mNowHealthyStep":0,"mRunStepCount":0,"mSpeed":5.299999713897705,"mStartTime":1595925000000,"mStepCount":10,"mTimeUnit":600000,"mTotalActiveTime":5291.321040350773,"mWalkStepCount":10},{"mCalorie":2.4899999999999998,"mDistance":54.120000000000005,"mNowHealthyStep":0,"mRunStepCount":0,"mSpeed":4.508106231689453,"mStartTime":1595925600000,"mStepCount":73,"mTimeUnit":600000,"mTotalActiveTime":43218.14890588047,"mWalkStepCount":73},{"mCalorie":2.1099999928474427,"mDistance":40.8099998664856,"mNowHealthyStep":0,"mRunStepCount":0,"mSpeed":3.935243844985962,"mStartTime":1595926200000,"mStepCount":57,"mTimeUnit":600000,"mTotalActiveTime":37333.390681924226,"mWalkStepCount":57},{"mCalorie":3.4799999582767804,"mDistance":68.62000045776367,"mNowHealthyStep":0,"mRunStepCount":0,"mSpeed":4.499754905700684,"mStartTime":1595926800000,"mStepCount":100,"mTimeUnit":600000,"mTotalActiveTime":54898.99102083608,"mWalkStepCount":100},{"mCalorie":7.450000000000155,"mDistance":136.22000000000187,"mNowHealthyStep":0,"mRunStepCount":22,"mSpeed":5.953103065490723,"mStartTime":1595927400000,"mStepCount":167,"mTimeUnit":600000,"mTotalActiveTime":82375.86394493903,"mWalkStepCount":145},{"mCalorie":2.8299999403953233,"mDistance":46.85799870300063,"mNowHealthyStep":0,"mRunStepCount":11,"mSpeed":5.507564544677734,"mStartTime":1595928000000,"mStepCount":57,"mTimeUnit":600000,"mTotalActiveTime":30628.56550468768,"mWalkStepCount":46},{"mCalorie":0.0,"mDistance":0.0,"mNowHealthyStep":0,"mRunStepCount":0,"mSpeed":0.0,"mStartTime":1595928600000,"mStepCount":0,"mTimeUnit":600000,"mTotalActiveTime":0.0,"mWalkStepCount":0},{"mCalorie":0.0,"mDistance":0.0,"mNowHealthyStep":0,"mRunStepCount":0,"mSpeed":0.0,"mStartTime":1595929200000,"mStepCount":0,"mTimeUnit":600000,"mTotalActiveTime":0.0,"mWalkStepCount":0},{"mCalorie":0.33000001311302185,"mDistance":6.800000190734863,"mNowHealthyStep":0,"mRunStepCount":0,"mSpeed":4.199999809265137,"mStartTime":1595929800000,"mStepCount":9,"mTimeUnit":600000,"mTotalActiveTime":5828.571856751754,"mWalkStepCount":9},{"mCalorie":0.4099999964237213,"mDistance":8.109999656677246,"mNowHealthyStep":0,"mRunStepCount":0,"mSpeed":4.600000381469727,"mStartTime":1595930400000,"mStepCount":11,"mTimeUnit":600000,"mTotalActiveTime":6346.955726710135,"mWalkStepCount":11},{"mCalorie":2.600000023841858,"mDistance":48.130001068115234,"mNowHealthyStep":0,"mRunStepCount":0,"mSpeed":3.3301849365234375,"mStartTime":1595931000000,"mStepCount":68,"mTimeUnit":600000,"mTotalActiveTime":52029.54448556056,"mWalkStepCount":68},{"mCalorie":0.0,"mDistance":0.0,"mNowHealthyStep":0,"mRunStepCount":0,"mSpeed":0.0,"mStartTime":1595931600000,"mStepCount":0,"mTimeUnit":600000,"mTotalActiveTime":0.0,"mWalkStepCount":0},{"mCalorie":1.5000000393390656,"mDistance":28.51999990463257,"mNowHealthyStep":0,"mRunStepCount":0,"mSpeed":3.623493194580078,"mStartTime":1595932200000,"mStepCount":40,"mTimeUnit":600000,"mTotalActiveTime":28335.087757590478,"mWalkStepCount":40},{"mCalorie":6.870000010430726,"mDistance":137.5510000858319,"mNowHealthyStep":0,"mRunStepCount":1,"mSpeed":4.322396278381348,"mStartTime":1595932800000,"mStepCount":186,"mTimeUnit":600000,"mTotalActiveTime":114562.28745618206,"mWalkStepCount":185},{"mCalorie":14.989999830722809,"mDistance":249.16999912261963,"mNowHealthyStep":0,"mRunStepCount":0,"mSpeed":3.428964853286743,"mStartTime":1595933400000,"mStepCount":360,"mTimeUnit":600000,"mTotalActiveTime":261598.48058344366,"mWalkStepCount":360},{"mCalorie":4.459999918937683,"mDistance":84.8700008392334,"mNowHealthyStep":0,"mRunStepCount":0,"mSpeed":3.7119946479797363,"mStartTime":1595934000000,"mStepCount":117,"mTimeUnit":600000,"mTotalActiveTime":82309.38907040199,"mWalkStepCount":117},{"mCalorie":0.0,"mDistance":0.0,"mNowHealthyStep":0,"mRunStepCount":0,"mSpeed":0.0,"mStartTime":1595934600000,"mStepCount":0,"mTimeUnit":600000,"mTotalActiveTime":0.0,"mWalkStepCount":0},{"mCalorie":2.420000042915344,"mDistance":45.200001068115235,"mNowHealthyStep":0,"mRunStepCount":0,"mSpeed":3.7565348148345947,"mStartTime":1595935200000,"mStepCount":63,"mTimeUnit":600000,"mTotalActiveTime":43316.51645863638,"mWalkStepCount":63},{"mCalorie":0.42,"mDistance":10.2,"mNowHealthyStep":0,"mRunStepCount":0,"mSpeed":8.700000762939453,"mStartTime":1595935800000,"mStepCount":10,"mTimeUnit":600000,"mTotalActiveTime":4220.689285042485,"mWalkStepCount":10},{"mCalorie":0.0,"mDistance":0.0,"mNowHealthyStep":0,"mRunStepCount":0,"mSpeed":0.0,"mStartTime":1595936400000,"mStepCount":0,"mTimeUnit":600000,"mTotalActiveTime":0.0,"mWalkStepCount":0},{"mCalorie":8.339999771118164,"mDistance":155.25000038146973,"mNowHealthyStep":0,"mRunStepCount":0,"mSpeed":3.9209365844726562,"mStartTime":1595937000000,"mStepCount":214,"mTimeUnit":600000,"mTotalActiveTime":142542.4722146203,"mWalkStepCount":214},{"mCalorie":0.0,"mDistance":0.0,"mNowHealthyStep":0,"mRunStepCount":0,"mSpeed":0.0,"mStartTime":1595937600000,"mStepCount":0,"mTimeUnit":600000,"mTotalActiveTime":0.0,"mWalkStepCount":0},{"mCalorie":0.0,"mDistance":0.0,"mNowHealthyStep":0,"mRunStepCount":0,"mSpeed":0.0,"mStartTime":1595938200000,"mStepCount":0,"mTimeUnit":600000,"mTotalActiveTime":0.0,"mWalkStepCount":0},{"mCalorie":9.000000014305115,"mDistance":174.85999660491944,"mNowHealthyStep":0,"mRunStepCount":0,"mSpeed":3.6348142623901367,"mStartTime":1595938800000,"mStepCount":244,"mTimeUnit":600000,"mTotalActiveTime":173185.18927412244,"mWalkStepCount":244},{"mCalorie":7.499999958276789,"mDistance":134.8190004959074,"mNowHealthyStep":0,"mRunStepCount":0,"mSpeed":3.6411590576171875,"mStartTime":1595939400000,"mStepCount":187,"mTimeUnit":600000,"mTotalActiveTime":133295.02517268757,"mWalkStepCount":187},{"mCalorie":1.8699999570846557,"mDistance":35.410000801086426,"mNowHealthyStep":0,"mRunStepCount":0,"mSpeed":3.778397798538208,"mStartTime":1595940000000,"mStepCount":49,"mTimeUnit":600000,"mTotalActiveTime":33738.11131231827,"mWalkStepCount":49},{"mCalorie":4.059999995231628,"mDistance":79.06999908447266,"mNowHealthyStep":0,"mRunStepCount":1,"mSpeed":5.3433756828308105,"mStartTime":1595940600000,"mStepCount":101,"mTimeUnit":600000,"mTotalActiveTime":53271.94184073095,"mWalkStepCount":100},{"mCalorie":2.08,"mDistance":36.24,"mNowHealthyStep":0,"mRunStepCount":10,"mSpeed":5.106105327606201,"mStartTime":1595941200000,"mStepCount":48,"mTimeUnit":600000,"mTotalActiveTime":25550.589748435963,"mWalkStepCount":38},{"mCalorie":0.5299999713897705,"mDistance":10.09000015258789,"mNowHealthyStep":0,"mRunStepCount":0,"mSpeed":3.820812225341797,"mStartTime":1595941800000,"mStepCount":14,"mTimeUnit":600000,"mTotalActiveTime":9506.87927252614,"mWalkStepCount":14},{"mCalorie":0.0,"mDistance":0.0,"mNowHealthyStep":0,"mRunStepCount":0,"mSpeed":0.0,"mStartTime":1595942400000,"mStepCount":0,"mTimeUnit":600000,"mTotalActiveTime":0.0,"mWalkStepCount":0},{"mCalorie":0.0,"mDistance":0.0,"mNowHealthyStep":0,"mRunStepCount":0,"mSpeed":0.0,"mStartTime":1595943000000,"mStepCount":0,"mTimeUnit":600000,"mTotalActiveTime":0.0,"mWalkStepCount":0},{"mCalorie":0.0,"mDistance":0.0,"mNowHealthyStep":0,"mRunStepCount":0,"mSpeed":0.0,"mStartTime":1595943600000,"mStepCount":0,"mTimeUnit":600000,"mTotalActiveTime":0.0,"mWalkStepCount":0},{"mCalorie":0.0,"mDistance":0.0,"mNowHealthyStep":0,"mRunStepCount":0,"mSpeed":0.0,"mStartTime":1595944200000,"mStepCount":0,"mTimeUnit":600000,"mTotalActiveTime":0.0,"mWalkStepCount":0},{"mCalorie":1.5199999809265137,"mDistance":29.75,"mNowHealthyStep":0,"mRunStepCount":0,"mSpeed":4.488924503326416,"mStartTime":1595944800000,"mStepCount":40,"mTimeUnit":600000,"mTotalActiveTime":23858.72241528044,"mWalkStepCount":40},{"mCalorie":3.209999978542328,"mDistance":62.05999994277954,"mNowHealthyStep":0,"mRunStepCount":0,"mSpeed":3.9348413944244385,"mStartTime":1595945400000,"mStepCount":85,"mTimeUnit":600000,"mTotalActiveTime":56778.90707578719,"mWalkStepCount":85},{"mCalorie":5.339999966621399,"mDistance":106.08999954223633,"mNowHealthyStep":0,"mRunStepCount":0,"mSpeed":4.292429447174072,"mStartTime":1595946000000,"mStepCount":144,"mTimeUnit":600000,"mTotalActiveTime":88976.18804632156,"mWalkStepCount":144},{"mCalorie":3.329999939203262,"mDistance":70.02999933242798,"mNowHealthyStep":0,"mRunStepCount":0,"mSpeed":4.369389533996582,"mStartTime":1595946600000,"mStepCount":94,"mTimeUnit":600000,"mTotalActiveTime":57698.67752047561,"mWalkStepCount":94},{"mCalorie":10.440000069141387,"mDistance":215.05000091552733,"mNowHealthyStep":0,"mRunStepCount":0,"mSpeed":4.6943230628967285,"mStartTime":1595947200000,"mStepCount":287,"mTimeUnit":600000,"mTotalActiveTime":164918.34826697368,"mWalkStepCount":287},{"mCalorie":9.129999923706055,"mDistance":196.58000331878662,"mNowHealthyStep":0,"mRunStepCount":0,"mSpeed":4.921469688415527,"mStartTime":1595947800000,"mStepCount":259,"mTimeUnit":600000,"mTotalActiveTime":143796.0747613227,"mWalkStepCount":259},{"mCalorie":3.710000057220459,"mDistance":72.04999961853028,"mNowHealthyStep":0,"mRunStepCount":0,"mSpeed":3.8431620597839355,"mStartTime":1595948400000,"mStepCount":100,"mTimeUnit":600000,"mTotalActiveTime":67491.3004888567,"mWalkStepCount":100},{"mCalorie":5.560000015497257,"mDistance":109.75900000000242,"mNowHealthyStep":0,"mRunStepCount":5,"mSpeed":4.521376609802246,"mStartTime":1595949000000,"mStepCount":145,"mTimeUnit":600000,"mTotalActiveTime":87392.05871729246,"mWalkStepCount":140},{"mCalorie":19.079999909400883,"mDistance":303.01200110626655,"mNowHealthyStep":0,"mRunStepCount":0,"mSpeed":3.615365982055664,"mStartTime":1595949600000,"mStepCount":433,"mTimeUnit":600000,"mTotalActiveTime":301724.1365584417,"mWalkStepCount":433},{"mCalorie":2.6900000309944154,"mDistance":54.29999969482422,"mNowHealthyStep":0,"mRunStepCount":0,"mSpeed":4.420735836029053,"mStartTime":1595950200000,"mStepCount":71,"mTimeUnit":600000,"mTotalActiveTime":44218.88429556902,"mWalkStepCount":71},{"mCalorie":0.0,"mDistance":0.0,"mNowHealthyStep":0,"mRunStepCount":0,"mSpeed":0.0,"mStartTime":1595950800000,"mStepCount":0,"mTimeUnit":600000,"mTotalActiveTime":0.0,"mWalkStepCount":0},{"mCalorie":7.940000081062312,"mDistance":156.78899816894423,"mNowHealthyStep":0,"mRunStepCount":0,"mSpeed":4.476823329925537,"mStartTime":1595951400000,"mStepCount":210,"mTimeUnit":600000,"mTotalActiveTime":126080.56341965187,"mWalkStepCount":210},{"mCalorie":17.61000013113022,"mDistance":333.4299973678589,"mNowHealthyStep":0,"mRunStepCount":0,"mSpeed":3.736058473587036,"mStartTime":1595952000000,"mStepCount":461,"mTimeUnit":600000,"mTotalActiveTime":321287.26459795056,"mWalkStepCount":461},{"mCalorie":2.2699999964237714,"mDistance":38.99099986648696,"mNowHealthyStep":0,"mRunStepCount":0,"mSpeed":3.840334415435791,"mStartTime":1595952600000,"mStepCount":55,"mTimeUnit":600000,"mTotalActiveTime":36550.88004265571,"mWalkStepCount":55},{"mCalorie":0.0,"mDistance":0.0,"mNowHealthyStep":0,"mRunStepCount":0,"mSpeed":0.0,"mStartTime":1595953200000,"mStepCount":0,"mTimeUnit":600000,"mTotalActiveTime":0.0,"mWalkStepCount":0},{"mCalorie":0.0,"mDistance":0.0,"mNowHealthyStep":0,"mRunStepCount":0,"mSpeed":0.0,"mStartTime":1595953800000,"mStepCount":0,"mTimeUnit":600000,"mTotalActiveTime":0.0,"mWalkStepCount":0},{"mCalorie":0.0,"mDistance":0.0,"mNowHealthyStep":0,"mRunStepCount":0,"mSpeed":0.0,"mStartTime":1595954400000,"mStepCount":0,"mTimeUnit":600000,"mTotalActiveTime":0.0,"mWalkStepCount":0},{"mCalorie":0.74,"mDistance":14.100000000000001,"mNowHealthyStep":0,"mRunStepCount":0,"mSpeed":3.8068697452545166,"mStartTime":1595955000000,"mStepCount":20,"mTimeUnit":600000,"mTotalActiveTime":13333.789525830221,"mWalkStepCount":20},{"mCalorie":1.08,"mDistance":21.81,"mNowHealthyStep":0,"mRunStepCount":0,"mSpeed":4.299999713897705,"mStartTime":1595955600000,"mStepCount":30,"mTimeUnit":600000,"mTotalActiveTime":18259.536098626784,"mWalkStepCount":30},{"mCalorie":1.09,"mDistance":16.68,"mNowHealthyStep":0,"mRunStepCount":6,"mSpeed":7.499999523162842,"mStartTime":1595956200000,"mStepCount":19,"mTimeUnit":600000,"mTotalActiveTime":8006.400509033235,"mWalkStepCount":13},{"mCalorie":0.41,"mDistance":8.4,"mNowHealthyStep":0,"mRunStepCount":0,"mSpeed":3.6000001430511475,"mStartTime":1595956800000,"mStepCount":12,"mTimeUnit":600000,"mTotalActiveTime":8399.999666214002,"mWalkStepCount":12},{"mCalorie":1.35,"mDistance":26.83,"mNowHealthyStep":0,"mRunStepCount":0,"mSpeed":3.700000047683716,"mStartTime":1595957400000,"mStepCount":38,"mTimeUnit":600000,"mTotalActiveTime":26104.864528438666,"mWalkStepCount":38},{"mCalorie":1.78,"mDistance":35.78,"mNowHealthyStep":0,"mRunStepCount":0,"mSpeed":3.9275076389312744,"mStartTime":1595958000000,"mStepCount":50,"mTimeUnit":600000,"mTotalActiveTime":32796.3711037186,"mWalkStepCount":50},{"mCalorie":1.17,"mDistance":22.39,"mNowHealthyStep":0,"mRunStepCount":0,"mSpeed":3.9685521125793457,"mStartTime":1595958600000,"mStepCount":31,"mTimeUnit":600000,"mTotalActiveTime":20310.68170704755,"mWalkStepCount":31},{"mCalorie":0.0,"mDistance":0.0,"mNowHealthyStep":0,"mRunStepCount":0,"mSpeed":0.0,"mStartTime":1595959200000,"mStepCount":0,"mTimeUnit":600000,"mTotalActiveTime":0.0,"mWalkStepCount":0},{"mCalorie":0.0,"mDistance":0.0,"mNowHealthyStep":0,"mRunStepCount":0,"mSpeed":0.0,"mStartTime":1595959800000,"mStepCount":0,"mTimeUnit":600000,"mTotalActiveTime":0.0,"mWalkStepCount":0},{"mCalorie":1.6500000059604645,"mDistance":31.649999141693115,"mNowHealthyStep":0,"mRunStepCount":0,"mSpeed":3.6830179691314697,"mStartTime":1595960400000,"mStepCount":44,"mTimeUnit":600000,"mTotalActiveTime":30936.5836134559,"mWalkStepCount":44},{"mCalorie":9.369999976158198,"mDistance":164.17899931335543,"mNowHealthyStep":0,"mRunStepCount":1,"mSpeed":4.793173313140869,"mStartTime":1595961000000,"mStepCount":243,"mTimeUnit":600000,"mTotalActiveTime":123309.62433299067,"mWalkStepCount":242},{"mCalorie":1.2899998426437378,"mDistance":26.1299991607666,"mNowHealthyStep":0,"mRunStepCount":0,"mSpeed":4.599875450134277,"mStartTime":1595961600000,"mStepCount":35,"mTimeUnit":600000,"mTotalActiveTime":20450.118269183524,"mWalkStepCount":35},{"mCalorie":6.640000011920929,"mDistance":129.7699966430664,"mNowHealthyStep":0,"mRunStepCount":0,"mSpeed":4.063782215118408,"mStartTime":1595962200000,"mStepCount":177,"mTimeUnit":600000,"mTotalActiveTime":114959.89852005789,"mWalkStepCount":177},{"mCalorie":0.0,"mDistance":0.0,"mNowHealthyStep":0,"mRunStepCount":0,"mSpeed":0.0,"mStartTime":1595962800000,"mStepCount":0,"mTimeUnit":600000,"mTotalActiveTime":0.0,"mWalkStepCount":0},{"mCalorie":1.1,"mDistance":24.290000343322752,"mNowHealthyStep":0,"mRunStepCount":0,"mSpeed":4.544373512268066,"mStartTime":1595963400000,"mStepCount":32,"mTimeUnit":600000,"mTotalActiveTime":19242.257558263234,"mWalkStepCount":32},{"mCalorie":2.979999986886942,"mDistance":57.76900019073379,"mNowHealthyStep":0,"mRunStepCount":0,"mSpeed":3.7411253452301025,"mStartTime":1595964000000,"mStepCount":80,"mTimeUnit":600000,"mTotalActiveTime":55589.798675643535,"mWalkStepCount":80},{"mCalorie":22.230000064372987,"mDistance":435.4600037002559,"mNowHealthyStep":0,"mRunStepCount":0,"mSpeed":4.343872547149658,"mStartTime":1595964600000,"mStepCount":588,"mTimeUnit":600000,"mTotalActiveTime":360889.04745198216,"mWalkStepCount":588},{"mCalorie":9.209999907016755,"mDistance":172.1699981689453,"mNowHealthyStep":0,"mRunStepCount":0,"mSpeed":3.6479241847991943,"mStartTime":1595965200000,"mStepCount":239,"mTimeUnit":600000,"mTotalActiveTime":169908.1371657158,"mWalkStepCount":239},{"mCalorie":25.860000009536744,"mDistance":491.09000167846676,"mNowHealthyStep":0,"mRunStepCount":0,"mSpeed":3.968181848526001,"mStartTime":1595965800000,"mStepCount":678,"mTimeUnit":600000,"mTotalActiveTime":445524.95347897074,"mWalkStepCount":678},{"mCalorie":28.77000000476837,"mDistance":576.480001525879,"mNowHealthyStep":0,"mRunStepCount":0,"mSpeed":4.434496879577637,"mStartTime":1595966400000,"mStepCount":780,"mTimeUnit":600000,"mTotalActiveTime":467996.2866023314,"mWalkStepCount":780},{"mCalorie":2.3200000214576724,"mDistance":45.580000419616695,"mNowHealthyStep":0,"mRunStepCount":0,"mSpeed":3.799999952316284,"mStartTime":1595967000000,"mStepCount":64,"mTimeUnit":600000,"mTotalActiveTime":43181.053570961376,"mWalkStepCount":64},{"mCalorie":0.0,"mDistance":0.0,"mNowHealthyStep":0,"mRunStepCount":0,"mSpeed":0.0,"mStartTime":1595967600000,"mStepCount":0,"mTimeUnit":600000,"mTotalActiveTime":0.0,"mWalkStepCount":0},{"mCalorie":2.5199999809265137,"mDistance":47.500000953674316,"mNowHealthyStep":0,"mRunStepCount":0,"mSpeed":3.577751398086548,"mStartTime":1595968200000,"mStepCount":66,"mTimeUnit":600000,"mTotalActiveTime":47795.384808896175,"mWalkStepCount":66},{"mCalorie":0.0,"mDistance":0.0,"mNowHealthyStep":0,"mRunStepCount":0,"mSpeed":0.0,"mStartTime":1595968800000,"mStepCount":0,"mTimeUnit":600000,"mTotalActiveTime":0.0,"mWalkStepCount":0},{"mCalorie":0.0,"mDistance":0.0,"mNowHealthyStep":0,"mRunStepCount":0,"mSpeed":0.0,"mStartTime":1595969400000,"mStepCount":0,"mTimeUnit":600000,"mTotalActiveTime":0.0,"mWalkStepCount":0},{"mCalorie":6.8100000572206225,"mDistance":142.5079999237052,"mNowHealthyStep":0,"mRunStepCount":0,"mSpeed":4.628970146179199,"mStartTime":1595970000000,"mStepCount":189,"mTimeUnit":600000,"mTotalActiveTime":110830.00287946544,"mWalkStepCount":189},{"mCalorie":12.920000021457673,"mDistance":292.9599981117249,"mNowHealthyStep":0,"mRunStepCount":0,"mSpeed":5.25466251373291,"mStartTime":1595970600000,"mStepCount":382,"mTimeUnit":600000,"mTotalActiveTime":200708.61161477363,"mWalkStepCount":382},{"mCalorie":2.520000011920929,"mDistance":46.79000009536743,"mNowHealthyStep":0,"mRunStepCount":5,"mSpeed":5.643551826477051,"mStartTime":1595971200000,"mStepCount":58,"mTimeUnit":600000,"mTotalActiveTime":29847.161770573657,"mWalkStepCount":53},{"mCalorie":1.5500000000000909,"mDistance":31.070999999999042,"mNowHealthyStep":0,"mRunStepCount":0,"mSpeed":4.4863080978393555,"mStartTime":1595971800000,"mStepCount":42,"mTimeUnit":600000,"mTotalActiveTime":24932.661534311297,"mWalkStepCount":42},{"mCalorie":0.0,"mDistance":0.0,"mNowHealthyStep":0,"mRunStepCount":0,"mSpeed":0.0,"mStartTime":1595972400000,"mStepCount":0,"mTimeUnit":600000,"mTotalActiveTime":0.0,"mWalkStepCount":0},{"mCalorie":0.0,"mDistance":0.0,"mNowHealthyStep":0,"mRunStepCount":0,"mSpeed":0.0,"mStartTime":1595973000000,"mStepCount":0,"mTimeUnit":600000,"mTotalActiveTime":0.0,"mWalkStepCount":0}]