[{"mCalorie":0.0,"mDistance":0.0,"mNowHealthyStep":0,"mRunStepCount":0,"mSpeed":0.0,"mStartTime":0,"mStepCount":0,"mTimeUnit":600000,"mTotalActiveTime":0.0,"mWalkStepCount":0},{"mCalorie":0.0,"mDistance":0.0,"mNowHealthyStep":0,"mRunStepCount":0,"mSpeed":0.0,"mStartTime":0,"mStepCount":0,"mTimeUnit":600000,"mTotalActiveTime":0.0,"mWalkStepCount":0},{"mCalorie":0.0,"mDistance":0.0,"mNowHealthyStep":0,"mRunStepCount":0,"mSpeed":0.0,"mStartTime":0,"mStepCount":0,"mTimeUnit":600000,"mTotalActiveTime":0.0,"mWalkStepCount":0},{"mCalorie":0.46000000000005004,"mDistance":8.299999999999855,"mNowHealthyStep":0,"mRunStepCount":0,"mSpeed":3.4000000953674316,"mStartTime":0,"mStepCount":12,"mTimeUnit":600000,"mTotalActiveTime":8788.23504761414,"mWalkStepCount":12},{"mCalorie":0.0,"mDistance":0.0,"mNowHealthyStep":0,"mRunStepCount":0,"mSpeed":0.0,"mStartTime":0,"mStepCount":0,"mTimeUnit":600000,"mTotalActiveTime":0.0,"mWalkStepCount":0},{"mCalorie":0.0,"mDistance":0.0,"mNowHealthyStep":0,"mRunStepCount":0,"mSpeed":0.0,"mStartTime":0,"mStepCount":0,"mTimeUnit":600000,"mTotalActiveTime":0.0,"mWalkStepCount":0},{"mCalorie":0.0,"mDistance":0.0,"mNowHealthyStep":0,"mRunStepCount":0,"mSpeed":0.0,"mStartTime":0,"mStepCount":0,"mTimeUnit":600000,"mTotalActiveTime":0.0,"mWalkStepCount":0},{"mCalorie":0.0,"mDistance":0.0,"mNowHealthyStep":0,"mRunStepCount":0,"mSpeed":0.0,"mStartTime":0,"mStepCount":0,"mTimeUnit":600000,"mTotalActiveTime":0.0,"mWalkStepCount":0},{"mCalorie":0.0,"mDistance":0.0,"mNowHealthyStep":0,"mRunStepCount":0,"mSpeed":0.0,"mStartTime":0,"mStepCount":0,"mTimeUnit":600000,"mTotalActiveTime":0.0,"mWalkStepCount":0},{"mCalorie":0.0,"mDistance":0.0,"mNowHealthyStep":0,"mRunStepCount":0,"mSpeed":0.0,"mStartTime":0,"mStepCount":0,"mTimeUnit":600000,"mTotalActiveTime":0.0,"mWalkStepCount":0},{"mCalorie":0.0,"mDistance":0.0,"mNowHealthyStep":0,"mRunStepCount":0,"mSpeed":0.0,"mStartTime":0,"mStepCount":0,"mTimeUnit":600000,"mTotalActiveTime":0.0,"mWalkStepCount":0},{"mCalorie":0.0,"mDistance":0.0,"mNowHealthyStep":0,"mRunStepCount":0,"mSpeed":0.0,"mStartTime":0,"mStepCount":0,"mTimeUnit":600000,"mTotalActiveTime":0.0,"mWalkStepCount":0},{"mCalorie":0.0,"mDistance":0.0,"mNowHealthyStep":0,"mRunStepCount":0,"mSpeed":0.0,"mStartTime":0,"mStepCount":0,"mTimeUnit":600000,"mTotalActiveTime":0.0,"mWalkStepCount":0},{"mCalorie":0.0,"mDistance":0.0,"mNowHealthyStep":0,"mRunStepCount":0,"mSpeed":0.0,"mStartTime":0,"mStepCount":0,"mTimeUnit":600000,"mTotalActiveTime":0.0,"mWalkStepCount":0},{"mCalorie":0.0,"mDistance":0.0,"mNowHealthyStep":0,"mRunStepCount":0,"mSpeed":0.0,"mStartTime":0,"mStepCount":0,"mTimeUnit":600000,"mTotalActiveTime":0.0,"mWalkStepCount":0},{"mCalorie":0.0,"mDistance":0.0,"mNowHealthyStep":0,"mRunStepCount":0,"mSpeed":0.0,"mStartTime":0,"mStepCount":0,"mTimeUnit":600000,"mTotalActiveTime":0.0,"mWalkStepCount":0},{"mCalorie":0.0,"mDistance":0.0,"mNowHealthyStep":0,"mRunStepCount":0,"mSpeed":0.0,"mStartTime":0,"mStepCount":0,"mTimeUnit":600000,"mTotalActiveTime":0.0,"mWalkStepCount":0},{"mCalorie":0.0,"mDistance":0.0,"mNowHealthyStep":0,"mRunStepCount":0,"mSpeed":0.0,"mStartTime":0,"mStepCount":0,"mTimeUnit":600000,"mTotalActiveTime":0.0,"mWalkStepCount":0},{"mCalorie":0.0,"mDistance":0.0,"mNowHealthyStep":0,"mRunStepCount":0,"mSpeed":0.0,"mStartTime":0,"mStepCount":0,"mTimeUnit":600000,"mTotalActiveTime":0.0,"mWalkStepCount":0},{"mCalorie":0.0,"mDistance":0.0,"mNowHealthyStep":0,"mRunStepCount":0,"mSpeed":0.0,"mStartTime":0,"mStepCount":0,"mTimeUnit":600000,"mTotalActiveTime":0.0,"mWalkStepCount":0},{"mCalorie":0.0,"mDistance":0.0,"mNowHealthyStep":0,"mRunStepCount":0,"mSpeed":0.0,"mStartTime":0,"mStepCount":0,"mTimeUnit":600000,"mTotalActiveTime":0.0,"mWalkStepCount":0},{"mCalorie":0.0,"mDistance":0.0,"mNowHealthyStep":0,"mRunStepCount":0,"mSpeed":0.0,"mStartTime":0,"mStepCount":0,"mTimeUnit":600000,"mTotalActiveTime":0.0,"mWalkStepCount":0},{"mCalorie":0.31,"mDistance":8.08,"mNowHealthyStep":0,"mRunStepCount":0,"mSpeed":6.199999809265137,"mStartTime":0,"mStepCount":10,"mTimeUnit":600000,"mTotalActiveTime":4691.613047557124,"mWalkStepCount":10},{"mCalorie":0.0,"mDistance":0.0,"mNowHealthyStep":0,"mRunStepCount":0,"mSpeed":0.0,"mStartTime":0,"mStepCount":0,"mTimeUnit":600000,"mTotalActiveTime":0.0,"mWalkStepCount":0},{"mCalorie":0.44,"mDistance":8.52,"mNowHealthyStep":0,"mRunStepCount":0,"mSpeed":3.799999952316284,"mStartTime":0,"mStepCount":12,"mTimeUnit":600000,"mTotalActiveTime":8071.579048653391,"mWalkStepCount":12},{"mCalorie":0.0,"mDistance":0.0,"mNowHealthyStep":0,"mRunStepCount":0,"mSpeed":0.0,"mStartTime":0,"mStepCount":0,"mTimeUnit":600000,"mTotalActiveTime":0.0,"mWalkStepCount":0},{"mCalorie":0.5,"mDistance":7.25,"mNowHealthyStep":0,"mRunStepCount":0,"mSpeed":4.999999523162842,"mStartTime":0,"mStepCount":10,"mTimeUnit":600000,"mTotalActiveTime":5220.0004978180405,"mWalkStepCount":10},{"mCalorie":0.0,"mDistance":0.0,"mNowHealthyStep":0,"mRunStepCount":0,"mSpeed":0.0,"mStartTime":0,"mStepCount":0,"mTimeUnit":600000,"mTotalActiveTime":0.0,"mWalkStepCount":0},{"mCalorie":1.07,"mDistance":16.8,"mNowHealthyStep":0,"mRunStepCount":8,"mSpeed":8.59999942779541,"mStartTime":0,"mStepCount":18,"mTimeUnit":600000,"mTotalActiveTime":7032.558607449106,"mWalkStepCount":10},{"mCalorie":1.140000000000068,"mDistance":25.54,"mNowHealthyStep":0,"mRunStepCount":0,"mSpeed":5.319268226623535,"mStartTime":0,"mStepCount":33,"mTimeUnit":600000,"mTotalActiveTime":17285.0836454096,"mWalkStepCount":33},{"mCalorie":3.5599999999999996,"mDistance":70.64,"mNowHealthyStep":0,"mRunStepCount":2,"mSpeed":5.029589653015137,"mStartTime":0,"mStepCount":93,"mTimeUnit":600000,"mTotalActiveTime":50561.58045802534,"mWalkStepCount":91},{"mCalorie":17.92999999999996,"mDistance":373.7410000000014,"mNowHealthyStep":0,"mRunStepCount":0,"mSpeed":4.695265769958496,"mStartTime":0,"mStepCount":513,"mTimeUnit":600000,"mTotalActiveTime":286558.36114604305,"mWalkStepCount":513},{"mCalorie":0.0,"mDistance":0.0,"mNowHealthyStep":0,"mRunStepCount":0,"mSpeed":0.0,"mStartTime":0,"mStepCount":0,"mTimeUnit":600000,"mTotalActiveTime":0.0,"mWalkStepCount":0},{"mCalorie":0.0,"mDistance":0.0,"mNowHealthyStep":0,"mRunStepCount":0,"mSpeed":0.0,"mStartTime":0,"mStepCount":0,"mTimeUnit":600000,"mTotalActiveTime":0.0,"mWalkStepCount":0},{"mCalorie":0.0,"mDistance":0.0,"mNowHealthyStep":0,"mRunStepCount":0,"mSpeed":0.0,"mStartTime":0,"mStepCount":0,"mTimeUnit":600000,"mTotalActiveTime":0.0,"mWalkStepCount":0},{"mCalorie":4.76,"mDistance":99.54900000000242,"mNowHealthyStep":0,"mRunStepCount":0,"mSpeed":4.40997838973999,"mStartTime":0,"mStepCount":136,"mTimeUnit":600000,"mTotalActiveTime":81264.88778164657,"mWalkStepCount":136},{"mCalorie":16.000000000000274,"mDistance":328.06800000000294,"mNowHealthyStep":0,"mRunStepCount":0,"mSpeed":4.775174617767334,"mStartTime":0,"mStepCount":446,"mTimeUnit":600000,"mTotalActiveTime":247330.17123222884,"mWalkStepCount":446},{"mCalorie":2.0100000000000002,"mDistance":45.15,"mNowHealthyStep":0,"mRunStepCount":0,"mSpeed":4.8006591796875,"mStartTime":0,"mStepCount":60,"mTimeUnit":600000,"mTotalActiveTime":33857.8501371062,"mWalkStepCount":60},{"mCalorie":0.0,"mDistance":0.0,"mNowHealthyStep":0,"mRunStepCount":0,"mSpeed":0.0,"mStartTime":0,"mStepCount":0,"mTimeUnit":600000,"mTotalActiveTime":0.0,"mWalkStepCount":0},{"mCalorie":0.0,"mDistance":0.0,"mNowHealthyStep":0,"mRunStepCount":0,"mSpeed":0.0,"mStartTime":0,"mStepCount":0,"mTimeUnit":600000,"mTotalActiveTime":0.0,"mWalkStepCount":0},{"mCalorie":0.0,"mDistance":0.0,"mNowHealthyStep":0,"mRunStepCount":0,"mSpeed":0.0,"mStartTime":0,"mStepCount":0,"mTimeUnit":600000,"mTotalActiveTime":0.0,"mWalkStepCount":0},{"mCalorie":0.0,"mDistance":0.0,"mNowHealthyStep":0,"mRunStepCount":0,"mSpeed":0.0,"mStartTime":0,"mStepCount":0,"mTimeUnit":600000,"mTotalActiveTime":0.0,"mWalkStepCount":0},{"mCalorie":0.0,"mDistance":0.0,"mNowHealthyStep":0,"mRunStepCount":0,"mSpeed":0.0,"mStartTime":0,"mStepCount":0,"mTimeUnit":600000,"mTotalActiveTime":0.0,"mWalkStepCount":0},{"mCalorie":0.0,"mDistance":0.0,"mNowHealthyStep":0,"mRunStepCount":0,"mSpeed":0.0,"mStartTime":0,"mStepCount":0,"mTimeUnit":600000,"mTotalActiveTime":0.0,"mWalkStepCount":0},{"mCalorie":0.0,"mDistance":0.0,"mNowHealthyStep":0,"mRunStepCount":0,"mSpeed":0.0,"mStartTime":0,"mStepCount":0,"mTimeUnit":600000,"mTotalActiveTime":0.0,"mWalkStepCount":0},{"mCalorie":0.0,"mDistance":0.0,"mNowHealthyStep":0,"mRunStepCount":0,"mSpeed":0.0,"mStartTime":0,"mStepCount":0,"mTimeUnit":600000,"mTotalActiveTime":0.0,"mWalkStepCount":0},{"mCalorie":0.0,"mDistance":0.0,"mNowHealthyStep":0,"mRunStepCount":0,"mSpeed":0.0,"mStartTime":0,"mStepCount":0,"mTimeUnit":600000,"mTotalActiveTime":0.0,"mWalkStepCount":0},{"mCalorie":0.0,"mDistance":0.0,"mNowHealthyStep":0,"mRunStepCount":0,"mSpeed":0.0,"mStartTime":0,"mStepCount":0,"mTimeUnit":600000,"mTotalActiveTime":0.0,"mWalkStepCount":0},{"mCalorie":0.0,"mDistance":0.0,"mNowHealthyStep":0,"mRunStepCount":0,"mSpeed":0.0,"mStartTime":0,"mStepCount":0,"mTimeUnit":600000,"mTotalActiveTime":0.0,"mWalkStepCount":0},{"mCalorie":0.0,"mDistance":0.0,"mNowHealthyStep":0,"mRunStepCount":0,"mSpeed":0.0,"mStartTime":0,"mStepCount":0,"mTimeUnit":600000,"mTotalActiveTime":0.0,"mWalkStepCount":0},{"mCalorie":0.0,"mDistance":0.0,"mNowHealthyStep":0,"mRunStepCount":0,"mSpeed":0.0,"mStartTime":0,"mStepCount":0,"mTimeUnit":600000,"mTotalActiveTime":0.0,"mWalkStepCount":0},{"mCalorie":0.0,"mDistance":0.0,"mNowHealthyStep":0,"mRunStepCount":0,"mSpeed":0.0,"mStartTime":0,"mStepCount":0,"mTimeUnit":600000,"mTotalActiveTime":0.0,"mWalkStepCount":0},{"mCalorie":0.0,"mDistance":0.0,"mNowHealthyStep":0,"mRunStepCount":0,"mSpeed":0.0,"mStartTime":0,"mStepCount":0,"mTimeUnit":600000,"mTotalActiveTime":0.0,"mWalkStepCount":0},{"mCalorie":0.0,"mDistance":0.0,"mNowHealthyStep":0,"mRunStepCount":0,"mSpeed":0.0,"mStartTime":0,"mStepCount":0,"mTimeUnit":600000,"mTotalActiveTime":0.0,"mWalkStepCount":0},{"mCalorie":0.0,"mDistance":0.0,"mNowHealthyStep":0,"mRunStepCount":0,"mSpeed":0.0,"mStartTime":0,"mStepCount":0,"mTimeUnit":600000,"mTotalActiveTime":0.0,"mWalkStepCount":0},{"mCalorie":0.0,"mDistance":0.0,"mNowHealthyStep":0,"mRunStepCount":0,"mSpeed":0.0,"mStartTime":0,"mStepCount":0,"mTimeUnit":600000,"mTotalActiveTime":0.0,"mWalkStepCount":0},{"mCalorie":0.0,"mDistance":0.0,"mNowHealthyStep":0,"mRunStepCount":0,"mSpeed":0.0,"mStartTime":0,"mStepCount":0,"mTimeUnit":600000,"mTotalActiveTime":0.0,"mWalkStepCount":0},{"mCalorie":0.0,"mDistance":0.0,"mNowHealthyStep":0,"mRunStepCount":0,"mSpeed":0.0,"mStartTime":0,"mStepCount":0,"mTimeUnit":600000,"mTotalActiveTime":0.0,"mWalkStepCount":0},{"mCalorie":0.0,"mDistance":0.0,"mNowHealthyStep":0,"mRunStepCount":0,"mSpeed":0.0,"mStartTime":0,"mStepCount":0,"mTimeUnit":600000,"mTotalActiveTime":0.0,"mWalkStepCount":0},{"mCalorie":0.0,"mDistance":0.0,"mNowHealthyStep":0,"mRunStepCount":0,"mSpeed":0.0,"mStartTime":0,"mStepCount":0,"mTimeUnit":600000,"mTotalActiveTime":0.0,"mWalkStepCount":0},{"mCalorie":0.0,"mDistance":0.0,"mNowHealthyStep":0,"mRunStepCount":0,"mSpeed":0.0,"mStartTime":0,"mStepCount":0,"mTimeUnit":600000,"mTotalActiveTime":0.0,"mWalkStepCount":0},{"mCalorie":0.0,"mDistance":0.0,"mNowHealthyStep":0,"mRunStepCount":0,"mSpeed":0.0,"mStartTime":0,"mStepCount":0,"mTimeUnit":600000,"mTotalActiveTime":0.0,"mWalkStepCount":0},{"mCalorie":0.0,"mDistance":0.0,"mNowHealthyStep":0,"mRunStepCount":0,"mSpeed":0.0,"mStartTime":0,"mStepCount":0,"mTimeUnit":600000,"mTotalActiveTime":0.0,"mWalkStepCount":0},{"mCalorie":0.0,"mDistance":0.0,"mNowHealthyStep":0,"mRunStepCount":0,"mSpeed":0.0,"mStartTime":0,"mStepCount":0,"mTimeUnit":600000,"mTotalActiveTime":0.0,"mWalkStepCount":0},{"mCalorie":0.0,"mDistance":0.0,"mNowHealthyStep":0,"mRunStepCount":0,"mSpeed":0.0,"mStartTime":0,"mStepCount":0,"mTimeUnit":600000,"mTotalActiveTime":0.0,"mWalkStepCount":0},{"mCalorie":0.0,"mDistance":0.0,"mNowHealthyStep":0,"mRunStepCount":0,"mSpeed":0.0,"mStartTime":0,"mStepCount":0,"mTimeUnit":600000,"mTotalActiveTime":0.0,"mWalkStepCount":0},{"mCalorie":0.47999998927116394,"mDistance":10.030000686645508,"mNowHealthyStep":0,"mRunStepCount":0,"mSpeed":0.8021683096885681,"mStartTime":0,"mStepCount":14,"mTimeUnit":600000,"mTotalActiveTime":45013.00043371485,"mWalkStepCount":14},{"mCalorie":0.0,"mDistance":0.0,"mNowHealthyStep":0,"mRunStepCount":0,"mSpeed":0.0,"mStartTime":0,"mStepCount":0,"mTimeUnit":600000,"mTotalActiveTime":0.0,"mWalkStepCount":0},{"mCalorie":0.0,"mDistance":0.0,"mNowHealthyStep":0,"mRunStepCount":0,"mSpeed":0.0,"mStartTime":0,"mStepCount":0,"mTimeUnit":600000,"mTotalActiveTime":0.0,"mWalkStepCount":0},{"mCalorie":0.0,"mDistance":0.0,"mNowHealthyStep":0,"mRunStepCount":0,"mSpeed":0.0,"mStartTime":0,"mStepCount":0,"mTimeUnit":600000,"mTotalActiveTime":0.0,"mWalkStepCount":0},{"mCalorie":0.0,"mDistance":0.0,"mNowHealthyStep":0,"mRunStepCount":0,"mSpeed":0.0,"mStartTime":0,"mStepCount":0,"mTimeUnit":600000,"mTotalActiveTime":0.0,"mWalkStepCount":0},{"mCalorie":2.24,"mDistance":45.97,"mNowHealthyStep":0,"mRunStepCount":0,"mSpeed":4.067093372344971,"mStartTime":0,"mStepCount":64,"mTimeUnit":600000,"mTotalActiveTime":40690.48569657377,"mWalkStepCount":64},{"mCalorie":4.83,"mDistance":104.09,"mNowHealthyStep":0,"mRunStepCount":0,"mSpeed":4.534186840057373,"mStartTime":0,"mStepCount":141,"mTimeUnit":600000,"mTotalActiveTime":82644.14948212718,"mWalkStepCount":141},{"mCalorie":0.56,"mDistance":10.91,"mNowHealthyStep":0,"mRunStepCount":0,"mSpeed":4.199999809265137,"mStartTime":0,"mStepCount":15,"mTimeUnit":600000,"mTotalActiveTime":9351.428996105604,"mWalkStepCount":15},{"mCalorie":6.279999999999999,"mDistance":127.14,"mNowHealthyStep":0,"mRunStepCount":0,"mSpeed":4.308778762817383,"mStartTime":0,"mStepCount":174,"mTimeUnit":600000,"mTotalActiveTime":106225.92429198675,"mWalkStepCount":174},{"mCalorie":0.0,"mDistance":0.0,"mNowHealthyStep":0,"mRunStepCount":0,"mSpeed":0.0,"mStartTime":0,"mStepCount":0,"mTimeUnit":600000,"mTotalActiveTime":0.0,"mWalkStepCount":0},{"mCalorie":17.58,"mDistance":369.5100000000006,"mNowHealthyStep":0,"mRunStepCount":0,"mSpeed":4.5703654289245605,"mStartTime":0,"mStepCount":496,"mTimeUnit":600000,"mTotalActiveTime":291056.81817995466,"mWalkStepCount":496},{"mCalorie":2.37,"mDistance":47.31999999999999,"mNowHealthyStep":0,"mRunStepCount":0,"mSpeed":4.04854154586792,"mStartTime":0,"mStepCount":65,"mTimeUnit":600000,"mTotalActiveTime":42077.37342556661,"mWalkStepCount":65},{"mCalorie":1.72,"mDistance":35.4,"mNowHealthyStep":0,"mRunStepCount":0,"mSpeed":5.099999904632568,"mStartTime":0,"mStepCount":47,"mTimeUnit":600000,"mTotalActiveTime":24988.23576138507,"mWalkStepCount":47},{"mCalorie":0.6600000000000636,"mDistance":13.15899999999805,"mNowHealthyStep":0,"mRunStepCount":0,"mSpeed":4.494349002838135,"mStartTime":0,"mStepCount":18,"mTimeUnit":600000,"mTotalActiveTime":10540.436439199048,"mWalkStepCount":18},{"mCalorie":0.0,"mDistance":0.0,"mNowHealthyStep":0,"mRunStepCount":0,"mSpeed":0.0,"mStartTime":0,"mStepCount":0,"mTimeUnit":600000,"mTotalActiveTime":0.0,"mWalkStepCount":0},{"mCalorie":0.0,"mDistance":0.0,"mNowHealthyStep":0,"mRunStepCount":0,"mSpeed":0.0,"mStartTime":0,"mStepCount":0,"mTimeUnit":600000,"mTotalActiveTime":0.0,"mWalkStepCount":0},{"mCalorie":0.0,"mDistance":0.0,"mNowHealthyStep":0,"mRunStepCount":0,"mSpeed":0.0,"mStartTime":0,"mStepCount":0,"mTimeUnit":600000,"mTotalActiveTime":0.0,"mWalkStepCount":0},{"mCalorie":0.4,"mDistance":8.17,"mNowHealthyStep":0,"mRunStepCount":0,"mSpeed":4.700000286102295,"mStartTime":0,"mStepCount":11,"mTimeUnit":600000,"mTotalActiveTime":6257.8719594911645,"mWalkStepCount":11},{"mCalorie":5.5299999999999905,"mDistance":115.69199999999896,"mNowHealthyStep":0,"mRunStepCount":0,"mSpeed":4.209539890289307,"mStartTime":0,"mStepCount":160,"mTimeUnit":600000,"mTotalActiveTime":98939.83997778672,"mWalkStepCount":160},{"mCalorie":2.8899999999999997,"mDistance":58.489999999999995,"mNowHealthyStep":0,"mRunStepCount":0,"mSpeed":4.667126655578613,"mStartTime":0,"mStepCount":79,"mTimeUnit":600000,"mTotalActiveTime":45116.41146035915,"mWalkStepCount":79},{"mCalorie":0.0,"mDistance":0.0,"mNowHealthyStep":0,"mRunStepCount":0,"mSpeed":0.0,"mStartTime":0,"mStepCount":0,"mTimeUnit":600000,"mTotalActiveTime":0.0,"mWalkStepCount":0},{"mCalorie":3.2199999999999998,"mDistance":68.32,"mNowHealthyStep":0,"mRunStepCount":0,"mSpeed":4.659407615661621,"mStartTime":0,"mStepCount":91,"mTimeUnit":600000,"mTotalActiveTime":52786.11178132024,"mWalkStepCount":91},{"mCalorie":10.670000000000028,"mDistance":218.6099999999981,"mNowHealthyStep":0,"mRunStepCount":0,"mSpeed":4.466383457183838,"mStartTime":0,"mStepCount":297,"mTimeUnit":600000,"mTotalActiveTime":176204.3051118807,"mWalkStepCount":297},{"mCalorie":10.410000000000002,"mDistance":214.1,"mNowHealthyStep":0,"mRunStepCount":0,"mSpeed":4.448594093322754,"mStartTime":0,"mStepCount":291,"mTimeUnit":600000,"mTotalActiveTime":173259.22851617215,"mWalkStepCount":291},{"mCalorie":9.209999999999999,"mDistance":178.17000000000002,"mNowHealthyStep":0,"mRunStepCount":0,"mSpeed":4.250713348388672,"mStartTime":0,"mStepCount":244,"mTimeUnit":600000,"mTotalActiveTime":150895.1479638301,"mWalkStepCount":244},{"mCalorie":2.04,"mDistance":43.8,"mNowHealthyStep":0,"mRunStepCount":0,"mSpeed":4.913146018981934,"mStartTime":0,"mStepCount":58,"mTimeUnit":600000,"mTotalActiveTime":32093.488146579795,"mWalkStepCount":58},{"mCalorie":0.95,"mDistance":16.51,"mNowHealthyStep":0,"mRunStepCount":0,"mSpeed":3.700000047683716,"mStartTime":0,"mStepCount":23,"mTimeUnit":600000,"mTotalActiveTime":16063.783576761924,"mWalkStepCount":23},{"mCalorie":0.0,"mDistance":0.0,"mNowHealthyStep":0,"mRunStepCount":0,"mSpeed":0.0,"mStartTime":0,"mStepCount":0,"mTimeUnit":600000,"mTotalActiveTime":0.0,"mWalkStepCount":0},{"mCalorie":0.0,"mDistance":0.0,"mNowHealthyStep":0,"mRunStepCount":0,"mSpeed":0.0,"mStartTime":0,"mStepCount":0,"mTimeUnit":600000,"mTotalActiveTime":0.0,"mWalkStepCount":0},{"mCalorie":0.0,"mDistance":0.0,"mNowHealthyStep":0,"mRunStepCount":0,"mSpeed":0.0,"mStartTime":0,"mStepCount":0,"mTimeUnit":600000,"mTotalActiveTime":0.0,"mWalkStepCount":0},{"mCalorie":3.3800000000000003,"mDistance":68.30000000000001,"mNowHealthyStep":0,"mRunStepCount":7,"mSpeed":5.491462707519531,"mStartTime":0,"mStepCount":88,"mTimeUnit":600000,"mTotalActiveTime":44774.957156938086,"mWalkStepCount":81},{"mCalorie":19.58999999999983,"mDistance":405.4990000000011,"mNowHealthyStep":0,"mRunStepCount":0,"mSpeed":4.665012836456299,"mStartTime":0,"mStepCount":548,"mTimeUnit":600000,"mTotalActiveTime":312924.4226881718,"mWalkStepCount":548},{"mCalorie":3.7800000000000002,"mDistance":77.02999999999999,"mNowHealthyStep":0,"mRunStepCount":0,"mSpeed":4.154696941375732,"mStartTime":0,"mStepCount":106,"mTimeUnit":600000,"mTotalActiveTime":66745.6657076728,"mWalkStepCount":106},{"mCalorie":8.91,"mDistance":190.41,"mNowHealthyStep":0,"mRunStepCount":0,"mSpeed":4.673849582672119,"mStartTime":0,"mStepCount":256,"mTimeUnit":600000,"mTotalActiveTime":146661.9781477964,"mWalkStepCount":256},{"mCalorie":13.539999999999882,"mDistance":287.951000000003,"mNowHealthyStep":0,"mRunStepCount":2,"mSpeed":4.6747145652771,"mStartTime":0,"mStepCount":387,"mTimeUnit":600000,"mTotalActiveTime":221751.2071401398,"mWalkStepCount":385},{"mCalorie":8.84999999999981,"mDistance":167.33999999999958,"mNowHealthyStep":0,"mRunStepCount":1,"mSpeed":4.6652631759643555,"mStartTime":0,"mStepCount":251,"mTimeUnit":600000,"mTotalActiveTime":129129.69489598778,"mWalkStepCount":250},{"mCalorie":10.829999999999936,"mDistance":208.9749999999906,"mNowHealthyStep":0,"mRunStepCount":0,"mSpeed":4.580582618713379,"mStartTime":0,"mStepCount":299,"mTimeUnit":600000,"mTotalActiveTime":164238.9361367697,"mWalkStepCount":299},{"mCalorie":4.94,"mDistance":98.32000000000001,"mNowHealthyStep":0,"mRunStepCount":0,"mSpeed":4.357020378112793,"mStartTime":0,"mStepCount":134,"mTimeUnit":600000,"mTotalActiveTime":81237.16755319579,"mWalkStepCount":134},{"mCalorie":0.94,"mDistance":19.85,"mNowHealthyStep":0,"mRunStepCount":0,"mSpeed":4.2329792976379395,"mStartTime":0,"mStepCount":27,"mTimeUnit":600000,"mTotalActiveTime":16881.727032094896,"mWalkStepCount":27},{"mCalorie":0.0,"mDistance":0.0,"mNowHealthyStep":0,"mRunStepCount":0,"mSpeed":0.0,"mStartTime":0,"mStepCount":0,"mTimeUnit":600000,"mTotalActiveTime":0.0,"mWalkStepCount":0},{"mCalorie":8.119999999999836,"mDistance":162.97799999999975,"mNowHealthyStep":0,"mRunStepCount":0,"mSpeed":4.22840690612793,"mStartTime":0,"mStepCount":223,"mTimeUnit":600000,"mTotalActiveTime":138756.93629035336,"mWalkStepCount":223},{"mCalorie":11.249999999999973,"mDistance":215.59000000000205,"mNowHealthyStep":0,"mRunStepCount":0,"mSpeed":4.660552978515625,"mStartTime":0,"mStepCount":305,"mTimeUnit":600000,"mTotalActiveTime":166530.45953537137,"mWalkStepCount":305},{"mCalorie":2.149999999999973,"mDistance":40.54100000000166,"mNowHealthyStep":0,"mRunStepCount":4,"mSpeed":4.39373254776001,"mStartTime":0,"mStepCount":54,"mTimeUnit":600000,"mTotalActiveTime":33217.22297078381,"mWalkStepCount":50},{"mCalorie":1.9,"mDistance":34.230000000000004,"mNowHealthyStep":0,"mRunStepCount":2,"mSpeed":5.4751973152160645,"mStartTime":0,"mStepCount":43,"mTimeUnit":600000,"mTotalActiveTime":22506.586734961555,"mWalkStepCount":41},{"mCalorie":0.75,"mDistance":14.24,"mNowHealthyStep":0,"mRunStepCount":0,"mSpeed":3.897576332092285,"mStartTime":0,"mStepCount":20,"mTimeUnit":600000,"mTotalActiveTime":13152.78955820723,"mWalkStepCount":20},{"mCalorie":1.41,"mDistance":28.28,"mNowHealthyStep":0,"mRunStepCount":0,"mSpeed":4.585869789123535,"mStartTime":0,"mStepCount":38,"mTimeUnit":600000,"mTotalActiveTime":22200.367802939876,"mWalkStepCount":38},{"mCalorie":0.71,"mDistance":11.06,"mNowHealthyStep":0,"mRunStepCount":0,"mSpeed":3.499999761581421,"mStartTime":0,"mStepCount":16,"mTimeUnit":600000,"mTotalActiveTime":11376.000774928554,"mWalkStepCount":16},{"mCalorie":0.0,"mDistance":0.0,"mNowHealthyStep":0,"mRunStepCount":0,"mSpeed":0.0,"mStartTime":0,"mStepCount":0,"mTimeUnit":600000,"mTotalActiveTime":0.0,"mWalkStepCount":0},{"mCalorie":0.0,"mDistance":0.0,"mNowHealthyStep":0,"mRunStepCount":0,"mSpeed":0.0,"mStartTime":0,"mStepCount":0,"mTimeUnit":600000,"mTotalActiveTime":0.0,"mWalkStepCount":0},{"mCalorie":0.5,"mDistance":8.93,"mNowHealthyStep":0,"mRunStepCount":0,"mSpeed":3.3000001907348633,"mStartTime":0,"mStepCount":13,"mTimeUnit":600000,"mTotalActiveTime":9741.817618756286,"mWalkStepCount":13},{"mCalorie":0.73,"mDistance":14.51,"mNowHealthyStep":0,"mRunStepCount":0,"mSpeed":3.4000000953674316,"mStartTime":0,"mStepCount":21,"mTimeUnit":600000,"mTotalActiveTime":15363.528980829324,"mWalkStepCount":21},{"mCalorie":0.0,"mDistance":0.0,"mNowHealthyStep":0,"mRunStepCount":0,"mSpeed":0.0,"mStartTime":0,"mStepCount":0,"mTimeUnit":600000,"mTotalActiveTime":0.0,"mWalkStepCount":0},{"mCalorie":1.91,"mDistance":35.93,"mNowHealthyStep":0,"mRunStepCount":0,"mSpeed":3.4991629123687744,"mStartTime":0,"mStepCount":51,"mTimeUnit":600000,"mTotalActiveTime":36965.41281260354,"mWalkStepCount":51},{"mCalorie":0.54,"mDistance":12.2,"mNowHealthyStep":0,"mRunStepCount":0,"mSpeed":4.999999523162842,"mStartTime":0,"mStepCount":16,"mTimeUnit":600000,"mTotalActiveTime":8784.000837707597,"mWalkStepCount":16},{"mCalorie":0.34,"mDistance":8.21,"mNowHealthyStep":0,"mRunStepCount":0,"mSpeed":4.700000286102295,"mStartTime":0,"mStepCount":11,"mTimeUnit":600000,"mTotalActiveTime":6288.510255498466,"mWalkStepCount":11},{"mCalorie":5.730000000000164,"mDistance":107.06000000000145,"mNowHealthyStep":0,"mRunStepCount":10,"mSpeed":4.878561496734619,"mStartTime":0,"mStepCount":142,"mTimeUnit":600000,"mTotalActiveTime":79001.97424927377,"mWalkStepCount":132},{"mCalorie":8.42,"mDistance":182.52,"mNowHealthyStep":0,"mRunStepCount":0,"mSpeed":4.8474507331848145,"mStartTime":0,"mStepCount":242,"mTimeUnit":600000,"mTotalActiveTime":135550.01515268206,"mWalkStepCount":242},{"mCalorie":4.63,"mDistance":89.5,"mNowHealthyStep":0,"mRunStepCount":2,"mSpeed":4.5374603271484375,"mStartTime":0,"mStepCount":121,"mTimeUnit":600000,"mTotalActiveTime":71008.88564658008,"mWalkStepCount":119},{"mCalorie":0.42,"mDistance":9.36,"mNowHealthyStep":0,"mRunStepCount":0,"mSpeed":5.600000381469727,"mStartTime":0,"mStepCount":12,"mTimeUnit":600000,"mTotalActiveTime":6017.142447257556,"mWalkStepCount":12},{"mCalorie":0.69,"mDistance":15.57,"mNowHealthyStep":0,"mRunStepCount":1,"mSpeed":6.900000095367432,"mStartTime":0,"mStepCount":19,"mTimeUnit":600000,"mTotalActiveTime":8123.478148591992,"mWalkStepCount":18},{"mCalorie":0.0,"mDistance":0.0,"mNowHealthyStep":0,"mRunStepCount":0,"mSpeed":0.0,"mStartTime":0,"mStepCount":0,"mTimeUnit":600000,"mTotalActiveTime":0.0,"mWalkStepCount":0},{"mCalorie":4.39,"mDistance":92.04999999999998,"mNowHealthyStep":0,"mRunStepCount":0,"mSpeed":5.092116355895996,"mStartTime":0,"mStepCount":120,"mTimeUnit":600000,"mTotalActiveTime":65077.06831591238,"mWalkStepCount":120},{"mCalorie":5.080000000000018,"mDistance":99.40100000000136,"mNowHealthyStep":0,"mRunStepCount":5,"mSpeed":4.608504772186279,"mStartTime":0,"mStepCount":131,"mTimeUnit":600000,"mTotalActiveTime":77648.52768019612,"mWalkStepCount":126},{"mCalorie":10.219999999999917,"mDistance":224.99899999999704,"mNowHealthyStep":0,"mRunStepCount":0,"mSpeed":4.869729518890381,"mStartTime":0,"mStepCount":298,"mTimeUnit":600000,"mTotalActiveTime":166332.93413171108,"mWalkStepCount":298},{"mCalorie":16.4999999999999,"mDistance":350.2419999999986,"mNowHealthyStep":0,"mRunStepCount":0,"mSpeed":4.554881572723389,"mStartTime":0,"mStepCount":472,"mTimeUnit":600000,"mTotalActiveTime":276817.5541416624,"mWalkStepCount":472},{"mCalorie":11.509999999999945,"mDistance":248.73899999999892,"mNowHealthyStep":0,"mRunStepCount":0,"mSpeed":4.637549877166748,"mStartTime":0,"mStepCount":334,"mTimeUnit":600000,"mTotalActiveTime":193089.1085654458,"mWalkStepCount":334},{"mCalorie":0.0,"mDistance":0.0,"mNowHealthyStep":0,"mRunStepCount":0,"mSpeed":0.0,"mStartTime":0,"mStepCount":0,"mTimeUnit":600000,"mTotalActiveTime":0.0,"mWalkStepCount":0},{"mCalorie":0.65,"mDistance":13.1,"mNowHealthyStep":0,"mRunStepCount":0,"mSpeed":4.199999809265137,"mStartTime":0,"mStepCount":18,"mTimeUnit":600000,"mTotalActiveTime":11228.571938495272,"mWalkStepCount":18},{"mCalorie":0.0,"mDistance":0.0,"mNowHealthyStep":0,"mRunStepCount":0,"mSpeed":0.0,"mStartTime":0,"mStepCount":0,"mTimeUnit":600000,"mTotalActiveTime":0.0,"mWalkStepCount":0},{"mCalorie":0.0,"mDistance":0.0,"mNowHealthyStep":0,"mRunStepCount":0,"mSpeed":0.0,"mStartTime":0,"mStepCount":0,"mTimeUnit":600000,"mTotalActiveTime":0.0,"mWalkStepCount":0},{"mCalorie":11.709999999999935,"mDistance":240.64800000000122,"mNowHealthyStep":0,"mRunStepCount":0,"mSpeed":4.3921380043029785,"mStartTime":0,"mStepCount":329,"mTimeUnit":600000,"mTotalActiveTime":197246.27102512278,"mWalkStepCount":329},{"mCalorie":2.0900000000002,"mDistance":43.00100000000137,"mNowHealthyStep":0,"mRunStepCount":0,"mSpeed":4.088311195373535,"mStartTime":0,"mStepCount":60,"mTimeUnit":600000,"mTotalActiveTime":37864.92612860572,"mWalkStepCount":60},{"mCalorie":5.2300000000001,"mDistance":92.17800000000075,"mNowHealthyStep":0,"mRunStepCount":1,"mSpeed":4.600333213806152,"mStartTime":0,"mStepCount":125,"mTimeUnit":600000,"mTotalActiveTime":72134.08153692896,"mWalkStepCount":124},{"mCalorie":1.7099999999999547,"mDistance":36.70100000000122,"mNowHealthyStep":0,"mRunStepCount":0,"mSpeed":5.762532711029053,"mStartTime":0,"mStepCount":47,"mTimeUnit":600000,"mTotalActiveTime":22928.04282506344,"mWalkStepCount":47},{"mCalorie":0.0,"mDistance":0.0,"mNowHealthyStep":0,"mRunStepCount":0,"mSpeed":0.0,"mStartTime":0,"mStepCount":0,"mTimeUnit":600000,"mTotalActiveTime":0.0,"mWalkStepCount":0},{"mCalorie":0.0,"mDistance":0.0,"mNowHealthyStep":0,"mRunStepCount":0,"mSpeed":0.0,"mStartTime":0,"mStepCount":0,"mTimeUnit":600000,"mTotalActiveTime":0.0,"mWalkStepCount":0},{"mCalorie":0.0,"mDistance":0.0,"mNowHealthyStep":0,"mRunStepCount":0,"mSpeed":0.0,"mStartTime":0,"mStepCount":0,"mTimeUnit":600000,"mTotalActiveTime":0.0,"mWalkStepCount":0},{"mCalorie":0.0,"mDistance":0.0,"mNowHealthyStep":0,"mRunStepCount":0,"mSpeed":0.0,"mStartTime":0,"mStepCount":0,"mTimeUnit":600000,"mTotalActiveTime":0.0,"mWalkStepCount":0}]