[{"mCalorie":0.0,"mDistance":0.0,"mNowHealthyStep":0,"mRunStepCount":0,"mSpeed":0.0,"mStartTime":0,"mStepCount":0,"mTimeUnit":600000,"mTotalActiveTime":0.0,"mWalkStepCount":0},{"mCalorie":0.0,"mDistance":0.0,"mNowHealthyStep":0,"mRunStepCount":0,"mSpeed":0.0,"mStartTime":0,"mStepCount":0,"mTimeUnit":600000,"mTotalActiveTime":0.0,"mWalkStepCount":0},{"mCalorie":0.0,"mDistance":0.0,"mNowHealthyStep":0,"mRunStepCount":0,"mSpeed":0.0,"mStartTime":0,"mStepCount":0,"mTimeUnit":600000,"mTotalActiveTime":0.0,"mWalkStepCount":0},{"mCalorie":0.0,"mDistance":0.0,"mNowHealthyStep":0,"mRunStepCount":0,"mSpeed":0.0,"mStartTime":0,"mStepCount":0,"mTimeUnit":600000,"mTotalActiveTime":0.0,"mWalkStepCount":0},{"mCalorie":0.0,"mDistance":0.0,"mNowHealthyStep":0,"mRunStepCount":0,"mSpeed":0.0,"mStartTime":0,"mStepCount":0,"mTimeUnit":600000,"mTotalActiveTime":0.0,"mWalkStepCount":0},{"mCalorie":0.0,"mDistance":0.0,"mNowHealthyStep":0,"mRunStepCount":0,"mSpeed":0.0,"mStartTime":0,"mStepCount":0,"mTimeUnit":600000,"mTotalActiveTime":0.0,"mWalkStepCount":0},{"mCalorie":0.0,"mDistance":0.0,"mNowHealthyStep":0,"mRunStepCount":0,"mSpeed":0.0,"mStartTime":0,"mStepCount":0,"mTimeUnit":600000,"mTotalActiveTime":0.0,"mWalkStepCount":0},{"mCalorie":0.0,"mDistance":0.0,"mNowHealthyStep":0,"mRunStepCount":0,"mSpeed":0.0,"mStartTime":0,"mStepCount":0,"mTimeUnit":600000,"mTotalActiveTime":0.0,"mWalkStepCount":0},{"mCalorie":0.0,"mDistance":0.0,"mNowHealthyStep":0,"mRunStepCount":0,"mSpeed":0.0,"mStartTime":0,"mStepCount":0,"mTimeUnit":600000,"mTotalActiveTime":0.0,"mWalkStepCount":0},{"mCalorie":0.0,"mDistance":0.0,"mNowHealthyStep":0,"mRunStepCount":0,"mSpeed":0.0,"mStartTime":0,"mStepCount":0,"mTimeUnit":600000,"mTotalActiveTime":0.0,"mWalkStepCount":0},{"mCalorie":0.0,"mDistance":0.0,"mNowHealthyStep":0,"mRunStepCount":0,"mSpeed":0.0,"mStartTime":0,"mStepCount":0,"mTimeUnit":600000,"mTotalActiveTime":0.0,"mWalkStepCount":0},{"mCalorie":0.0,"mDistance":0.0,"mNowHealthyStep":0,"mRunStepCount":0,"mSpeed":0.0,"mStartTime":0,"mStepCount":0,"mTimeUnit":600000,"mTotalActiveTime":0.0,"mWalkStepCount":0},{"mCalorie":0.0,"mDistance":0.0,"mNowHealthyStep":0,"mRunStepCount":0,"mSpeed":0.0,"mStartTime":0,"mStepCount":0,"mTimeUnit":600000,"mTotalActiveTime":0.0,"mWalkStepCount":0},{"mCalorie":0.0,"mDistance":0.0,"mNowHealthyStep":0,"mRunStepCount":0,"mSpeed":0.0,"mStartTime":0,"mStepCount":0,"mTimeUnit":600000,"mTotalActiveTime":0.0,"mWalkStepCount":0},{"mCalorie":0.0,"mDistance":0.0,"mNowHealthyStep":0,"mRunStepCount":0,"mSpeed":0.0,"mStartTime":0,"mStepCount":0,"mTimeUnit":600000,"mTotalActiveTime":0.0,"mWalkStepCount":0},{"mCalorie":0.0,"mDistance":0.0,"mNowHealthyStep":0,"mRunStepCount":0,"mSpeed":0.0,"mStartTime":0,"mStepCount":0,"mTimeUnit":600000,"mTotalActiveTime":0.0,"mWalkStepCount":0},{"mCalorie":0.0,"mDistance":0.0,"mNowHealthyStep":0,"mRunStepCount":0,"mSpeed":0.0,"mStartTime":0,"mStepCount":0,"mTimeUnit":600000,"mTotalActiveTime":0.0,"mWalkStepCount":0},{"mCalorie":0.0,"mDistance":0.0,"mNowHealthyStep":0,"mRunStepCount":0,"mSpeed":0.0,"mStartTime":0,"mStepCount":0,"mTimeUnit":600000,"mTotalActiveTime":0.0,"mWalkStepCount":0},{"mCalorie":0.0,"mDistance":0.0,"mNowHealthyStep":0,"mRunStepCount":0,"mSpeed":0.0,"mStartTime":0,"mStepCount":0,"mTimeUnit":600000,"mTotalActiveTime":0.0,"mWalkStepCount":0},{"mCalorie":0.0,"mDistance":0.0,"mNowHealthyStep":0,"mRunStepCount":0,"mSpeed":0.0,"mStartTime":0,"mStepCount":0,"mTimeUnit":600000,"mTotalActiveTime":0.0,"mWalkStepCount":0},{"mCalorie":0.0,"mDistance":0.0,"mNowHealthyStep":0,"mRunStepCount":0,"mSpeed":0.0,"mStartTime":0,"mStepCount":0,"mTimeUnit":600000,"mTotalActiveTime":0.0,"mWalkStepCount":0},{"mCalorie":0.0,"mDistance":0.0,"mNowHealthyStep":0,"mRunStepCount":0,"mSpeed":0.0,"mStartTime":0,"mStepCount":0,"mTimeUnit":600000,"mTotalActiveTime":0.0,"mWalkStepCount":0},{"mCalorie":0.0,"mDistance":0.0,"mNowHealthyStep":0,"mRunStepCount":0,"mSpeed":0.0,"mStartTime":0,"mStepCount":0,"mTimeUnit":600000,"mTotalActiveTime":0.0,"mWalkStepCount":0},{"mCalorie":0.0,"mDistance":0.0,"mNowHealthyStep":0,"mRunStepCount":0,"mSpeed":0.0,"mStartTime":0,"mStepCount":0,"mTimeUnit":600000,"mTotalActiveTime":0.0,"mWalkStepCount":0},{"mCalorie":4.080000042915344,"mDistance":65.49000024795532,"mNowHealthyStep":0,"mRunStepCount":0,"mSpeed":3.9329330921173096,"mStartTime":0,"mStepCount":107,"mTimeUnit":600000,"mTotalActiveTime":59946.0988472475,"mWalkStepCount":107},{"mCalorie":3.3300000056624413,"mDistance":56.70000195503235,"mNowHealthyStep":0,"mRunStepCount":0,"mSpeed":4.280766010284424,"mStartTime":0,"mStepCount":86,"mTimeUnit":600000,"mTotalActiveTime":47683.05438533944,"mWalkStepCount":86},{"mCalorie":5.179999887943268,"mDistance":97.55999755859375,"mNowHealthyStep":0,"mRunStepCount":0,"mSpeed":3.828481912612915,"mStartTime":0,"mStepCount":135,"mTimeUnit":600000,"mTotalActiveTime":91737.6635541333,"mWalkStepCount":135},{"mCalorie":0.0,"mDistance":0.0,"mNowHealthyStep":0,"mRunStepCount":0,"mSpeed":0.0,"mStartTime":0,"mStepCount":0,"mTimeUnit":600000,"mTotalActiveTime":0.0,"mWalkStepCount":0},{"mCalorie":1.4199999496340752,"mDistance":28.1899995803833,"mNowHealthyStep":0,"mRunStepCount":0,"mSpeed":4.22360897064209,"mStartTime":0,"mStepCount":38,"mTimeUnit":600000,"mTotalActiveTime":24027.790809656493,"mWalkStepCount":38},{"mCalorie":0.0,"mDistance":0.0,"mNowHealthyStep":0,"mRunStepCount":0,"mSpeed":0.0,"mStartTime":0,"mStepCount":0,"mTimeUnit":600000,"mTotalActiveTime":0.0,"mWalkStepCount":0},{"mCalorie":3.1299999952316284,"mDistance":57.96999931335449,"mNowHealthyStep":0,"mRunStepCount":0,"mSpeed":3.955646514892578,"mStartTime":0,"mStepCount":80,"mTimeUnit":600000,"mTotalActiveTime":52757.99913797948,"mWalkStepCount":80},{"mCalorie":1.6899999976158142,"mDistance":32.5600004196167,"mNowHealthyStep":0,"mRunStepCount":0,"mSpeed":4.0,"mStartTime":0,"mStepCount":45,"mTimeUnit":600000,"mTotalActiveTime":29304.00037765503,"mWalkStepCount":45},{"mCalorie":0.8700000047683716,"mDistance":17.68000030517578,"mNowHealthyStep":0,"mRunStepCount":0,"mSpeed":4.305139064788818,"mStartTime":0,"mStepCount":24,"mTimeUnit":600000,"mTotalActiveTime":14784.191611625389,"mWalkStepCount":24},{"mCalorie":0.0,"mDistance":0.0,"mNowHealthyStep":0,"mRunStepCount":0,"mSpeed":0.0,"mStartTime":0,"mStepCount":0,"mTimeUnit":600000,"mTotalActiveTime":0.0,"mWalkStepCount":0},{"mCalorie":0.0,"mDistance":0.0,"mNowHealthyStep":0,"mRunStepCount":0,"mSpeed":0.0,"mStartTime":0,"mStepCount":0,"mTimeUnit":600000,"mTotalActiveTime":0.0,"mWalkStepCount":0},{"mCalorie":0.0,"mDistance":0.0,"mNowHealthyStep":0,"mRunStepCount":0,"mSpeed":0.0,"mStartTime":0,"mStepCount":0,"mTimeUnit":600000,"mTotalActiveTime":0.0,"mWalkStepCount":0},{"mCalorie":0.0,"mDistance":0.0,"mNowHealthyStep":0,"mRunStepCount":0,"mSpeed":0.0,"mStartTime":0,"mStepCount":0,"mTimeUnit":600000,"mTotalActiveTime":0.0,"mWalkStepCount":0},{"mCalorie":0.0,"mDistance":0.0,"mNowHealthyStep":0,"mRunStepCount":0,"mSpeed":0.0,"mStartTime":0,"mStepCount":0,"mTimeUnit":600000,"mTotalActiveTime":0.0,"mWalkStepCount":0},{"mCalorie":0.0,"mDistance":0.0,"mNowHealthyStep":0,"mRunStepCount":0,"mSpeed":0.0,"mStartTime":0,"mStepCount":0,"mTimeUnit":600000,"mTotalActiveTime":0.0,"mWalkStepCount":0},{"mCalorie":0.0,"mDistance":0.0,"mNowHealthyStep":0,"mRunStepCount":0,"mSpeed":0.0,"mStartTime":0,"mStepCount":0,"mTimeUnit":600000,"mTotalActiveTime":0.0,"mWalkStepCount":0},{"mCalorie":0.0,"mDistance":0.0,"mNowHealthyStep":0,"mRunStepCount":0,"mSpeed":0.0,"mStartTime":0,"mStepCount":0,"mTimeUnit":600000,"mTotalActiveTime":0.0,"mWalkStepCount":0},{"mCalorie":0.0,"mDistance":0.0,"mNowHealthyStep":0,"mRunStepCount":0,"mSpeed":0.0,"mStartTime":0,"mStepCount":0,"mTimeUnit":600000,"mTotalActiveTime":0.0,"mWalkStepCount":0},{"mCalorie":0.0,"mDistance":0.0,"mNowHealthyStep":0,"mRunStepCount":0,"mSpeed":0.0,"mStartTime":0,"mStepCount":0,"mTimeUnit":600000,"mTotalActiveTime":0.0,"mWalkStepCount":0},{"mCalorie":0.0,"mDistance":0.0,"mNowHealthyStep":0,"mRunStepCount":0,"mSpeed":0.0,"mStartTime":0,"mStepCount":0,"mTimeUnit":600000,"mTotalActiveTime":0.0,"mWalkStepCount":0},{"mCalorie":0.0,"mDistance":0.0,"mNowHealthyStep":0,"mRunStepCount":0,"mSpeed":0.0,"mStartTime":0,"mStepCount":0,"mTimeUnit":600000,"mTotalActiveTime":0.0,"mWalkStepCount":0},{"mCalorie":0.0,"mDistance":0.0,"mNowHealthyStep":0,"mRunStepCount":0,"mSpeed":0.0,"mStartTime":0,"mStepCount":0,"mTimeUnit":600000,"mTotalActiveTime":0.0,"mWalkStepCount":0},{"mCalorie":0.0,"mDistance":0.0,"mNowHealthyStep":0,"mRunStepCount":0,"mSpeed":0.0,"mStartTime":0,"mStepCount":0,"mTimeUnit":600000,"mTotalActiveTime":0.0,"mWalkStepCount":0},{"mCalorie":0.0,"mDistance":0.0,"mNowHealthyStep":0,"mRunStepCount":0,"mSpeed":0.0,"mStartTime":0,"mStepCount":0,"mTimeUnit":600000,"mTotalActiveTime":0.0,"mWalkStepCount":0},{"mCalorie":0.0,"mDistance":0.0,"mNowHealthyStep":0,"mRunStepCount":0,"mSpeed":0.0,"mStartTime":0,"mStepCount":0,"mTimeUnit":600000,"mTotalActiveTime":0.0,"mWalkStepCount":0},{"mCalorie":0.0,"mDistance":0.0,"mNowHealthyStep":0,"mRunStepCount":0,"mSpeed":0.0,"mStartTime":0,"mStepCount":0,"mTimeUnit":600000,"mTotalActiveTime":0.0,"mWalkStepCount":0},{"mCalorie":0.0,"mDistance":0.0,"mNowHealthyStep":0,"mRunStepCount":0,"mSpeed":0.0,"mStartTime":0,"mStepCount":0,"mTimeUnit":600000,"mTotalActiveTime":0.0,"mWalkStepCount":0},{"mCalorie":0.0,"mDistance":0.0,"mNowHealthyStep":0,"mRunStepCount":0,"mSpeed":0.0,"mStartTime":0,"mStepCount":0,"mTimeUnit":600000,"mTotalActiveTime":0.0,"mWalkStepCount":0},{"mCalorie":0.0,"mDistance":0.0,"mNowHealthyStep":0,"mRunStepCount":0,"mSpeed":0.0,"mStartTime":0,"mStepCount":0,"mTimeUnit":600000,"mTotalActiveTime":0.0,"mWalkStepCount":0},{"mCalorie":0.6499999761581421,"mDistance":12.460000038146973,"mNowHealthyStep":0,"mRunStepCount":0,"mSpeed":4.600000381469727,"mStartTime":0,"mStepCount":17,"mTimeUnit":600000,"mTotalActiveTime":9751.303569022173,"mWalkStepCount":17},{"mCalorie":0.0,"mDistance":0.0,"mNowHealthyStep":0,"mRunStepCount":0,"mSpeed":0.0,"mStartTime":0,"mStepCount":0,"mTimeUnit":600000,"mTotalActiveTime":0.0,"mWalkStepCount":0},{"mCalorie":0.0,"mDistance":0.0,"mNowHealthyStep":0,"mRunStepCount":0,"mSpeed":0.0,"mStartTime":0,"mStepCount":0,"mTimeUnit":600000,"mTotalActiveTime":0.0,"mWalkStepCount":0},{"mCalorie":4.739999860525131,"mDistance":83.86999893188477,"mNowHealthyStep":0,"mRunStepCount":0,"mSpeed":4.390871524810791,"mStartTime":0,"mStepCount":133,"mTimeUnit":600000,"mTotalActiveTime":68763.56604577853,"mWalkStepCount":133},{"mCalorie":4.720000043511391,"mDistance":84.4099988937378,"mNowHealthyStep":0,"mRunStepCount":0,"mSpeed":4.719491004943848,"mStartTime":0,"mStepCount":134,"mTimeUnit":600000,"mTotalActiveTime":64387.450434922685,"mWalkStepCount":134},{"mCalorie":0.0,"mDistance":0.0,"mNowHealthyStep":0,"mRunStepCount":0,"mSpeed":0.0,"mStartTime":0,"mStepCount":0,"mTimeUnit":600000,"mTotalActiveTime":0.0,"mWalkStepCount":0},{"mCalorie":6.190000146627426,"mDistance":103.99999952316284,"mNowHealthyStep":0,"mRunStepCount":0,"mSpeed":4.195407390594482,"mStartTime":0,"mStepCount":145,"mTimeUnit":600000,"mTotalActiveTime":89240.43664994292,"mWalkStepCount":145},{"mCalorie":7.989999949932098,"mDistance":153.40999794006348,"mNowHealthyStep":0,"mRunStepCount":0,"mSpeed":4.6103057861328125,"mStartTime":0,"mStepCount":207,"mTimeUnit":600000,"mTotalActiveTime":119791.62123358513,"mWalkStepCount":207},{"mCalorie":3.9399999380111694,"mDistance":66.43000030517578,"mNowHealthyStep":0,"mRunStepCount":0,"mSpeed":4.373365879058838,"mStartTime":0,"mStepCount":96,"mTimeUnit":600000,"mTotalActiveTime":54682.82359348605,"mWalkStepCount":96},{"mCalorie":0.6100000143051147,"mDistance":11.760000228881836,"mNowHealthyStep":0,"mRunStepCount":0,"mSpeed":4.099999904632568,"mStartTime":0,"mStepCount":16,"mTimeUnit":600000,"mTotalActiveTime":10325.854099688975,"mWalkStepCount":16},{"mCalorie":2.3599999845027924,"mDistance":45.54999923706055,"mNowHealthyStep":0,"mRunStepCount":0,"mSpeed":3.8654096126556396,"mStartTime":0,"mStepCount":63,"mTimeUnit":600000,"mTotalActiveTime":42422.4102914147,"mWalkStepCount":63},{"mCalorie":8.330000072717667,"mDistance":157.14999866485596,"mNowHealthyStep":0,"mRunStepCount":0,"mSpeed":4.425417423248291,"mStartTime":0,"mStepCount":217,"mTimeUnit":600000,"mTotalActiveTime":127838.79308328833,"mWalkStepCount":217},{"mCalorie":0.5,"mDistance":10.289999961853027,"mNowHealthyStep":0,"mRunStepCount":0,"mSpeed":4.248780250549316,"mStartTime":0,"mStepCount":14,"mTimeUnit":600000,"mTotalActiveTime":8718.737996130109,"mWalkStepCount":14},{"mCalorie":4.250000059604645,"mDistance":77.35999965667725,"mNowHealthyStep":0,"mRunStepCount":0,"mSpeed":4.021688938140869,"mStartTime":0,"mStepCount":108,"mTimeUnit":600000,"mTotalActiveTime":69248.51698855453,"mWalkStepCount":108},{"mCalorie":5.819999933242798,"mDistance":101.33999919891357,"mNowHealthyStep":0,"mRunStepCount":0,"mSpeed":3.9807956218719482,"mStartTime":0,"mStepCount":148,"mTimeUnit":600000,"mTotalActiveTime":91646.00272327477,"mWalkStepCount":148},{"mCalorie":0.0,"mDistance":0.0,"mNowHealthyStep":0,"mRunStepCount":0,"mSpeed":0.0,"mStartTime":0,"mStepCount":0,"mTimeUnit":600000,"mTotalActiveTime":0.0,"mWalkStepCount":0},{"mCalorie":0.8600000441074371,"mDistance":17.860000610351562,"mNowHealthyStep":0,"mRunStepCount":0,"mSpeed":4.580519676208496,"mStartTime":0,"mStepCount":24,"mTimeUnit":600000,"mTotalActiveTime":14036.836355634168,"mWalkStepCount":24},{"mCalorie":5.249999970197678,"mDistance":102.26000022888184,"mNowHealthyStep":0,"mRunStepCount":0,"mSpeed":4.00166654586792,"mStartTime":0,"mStepCount":140,"mTimeUnit":600000,"mTotalActiveTime":91995.66731102488,"mWalkStepCount":140},{"mCalorie":1.0399999618530273,"mDistance":20.489999771118164,"mNowHealthyStep":0,"mRunStepCount":0,"mSpeed":4.007544040679932,"mStartTime":0,"mStepCount":28,"mTimeUnit":600000,"mTotalActiveTime":18406.28613725002,"mWalkStepCount":28},{"mCalorie":2.2500000298023224,"mDistance":43.33999729156494,"mNowHealthyStep":0,"mRunStepCount":0,"mSpeed":3.8491673469543457,"mStartTime":0,"mStepCount":60,"mTimeUnit":600000,"mTotalActiveTime":40534.47832473044,"mWalkStepCount":60},{"mCalorie":0.41999998688697815,"mDistance":7.710000038146973,"mNowHealthyStep":0,"mRunStepCount":0,"mSpeed":3.200000047683716,"mStartTime":0,"mStepCount":11,"mTimeUnit":600000,"mTotalActiveTime":8673.7499136664,"mWalkStepCount":11},{"mCalorie":0.7799999713897705,"mDistance":15.430000305175781,"mNowHealthyStep":0,"mRunStepCount":0,"mSpeed":4.299999713897705,"mStartTime":0,"mStepCount":21,"mTimeUnit":600000,"mTotalActiveTime":12918.140649893603,"mWalkStepCount":21},{"mCalorie":12.71999990940094,"mDistance":214.57999897003174,"mNowHealthyStep":0,"mRunStepCount":0,"mSpeed":4.497007846832275,"mStartTime":0,"mStepCount":313,"mTimeUnit":600000,"mTotalActiveTime":171778.22064688554,"mWalkStepCount":313},{"mCalorie":1.809999942779541,"mDistance":33.329999923706055,"mNowHealthyStep":0,"mRunStepCount":0,"mSpeed":3.4937336444854736,"mStartTime":0,"mStepCount":47,"mTimeUnit":600000,"mTotalActiveTime":34343.77363300962,"mWalkStepCount":47},{"mCalorie":13.930000066757202,"mDistance":259.60000228881836,"mNowHealthyStep":0,"mRunStepCount":0,"mSpeed":4.302958965301514,"mStartTime":0,"mStepCount":352,"mTimeUnit":600000,"mTotalActiveTime":217190.0862578083,"mWalkStepCount":352},{"mCalorie":3.6399999260902405,"mDistance":68.79999828338623,"mNowHealthyStep":0,"mRunStepCount":0,"mSpeed":3.7141387462615967,"mStartTime":0,"mStepCount":95,"mTimeUnit":600000,"mTotalActiveTime":66685.71474620291,"mWalkStepCount":95},{"mCalorie":0.0,"mDistance":0.0,"mNowHealthyStep":0,"mRunStepCount":0,"mSpeed":0.0,"mStartTime":0,"mStepCount":0,"mTimeUnit":600000,"mTotalActiveTime":0.0,"mWalkStepCount":0},{"mCalorie":0.0,"mDistance":0.0,"mNowHealthyStep":0,"mRunStepCount":0,"mSpeed":0.0,"mStartTime":0,"mStepCount":0,"mTimeUnit":600000,"mTotalActiveTime":0.0,"mWalkStepCount":0},{"mCalorie":0.0,"mDistance":0.0,"mNowHealthyStep":0,"mRunStepCount":0,"mSpeed":0.0,"mStartTime":0,"mStepCount":0,"mTimeUnit":600000,"mTotalActiveTime":0.0,"mWalkStepCount":0},{"mCalorie":0.0,"mDistance":0.0,"mNowHealthyStep":0,"mRunStepCount":0,"mSpeed":0.0,"mStartTime":0,"mStepCount":0,"mTimeUnit":600000,"mTotalActiveTime":0.0,"mWalkStepCount":0},{"mCalorie":4.880000114440918,"mDistance":93.04000091552734,"mNowHealthyStep":0,"mRunStepCount":0,"mSpeed":4.509708881378174,"mStartTime":0,"mStepCount":125,"mTimeUnit":600000,"mTotalActiveTime":74271.75639524362,"mWalkStepCount":125},{"mCalorie":15.839999079704285,"mDistance":296.23000717163086,"mNowHealthyStep":0,"mRunStepCount":0,"mSpeed":4.448676109313965,"mStartTime":0,"mStepCount":404,"mTimeUnit":600000,"mTotalActiveTime":239718.06681592154,"mWalkStepCount":404},{"mCalorie":1.059999942779541,"mDistance":19.709999084472656,"mNowHealthyStep":0,"mRunStepCount":0,"mSpeed":3.200000047683716,"mStartTime":0,"mStepCount":28,"mTimeUnit":600000,"mTotalActiveTime":22173.748639617133,"mWalkStepCount":28},{"mCalorie":1.75,"mDistance":33.56999969482422,"mNowHealthyStep":0,"mRunStepCount":0,"mSpeed":3.983177423477173,"mStartTime":0,"mStepCount":46,"mTimeUnit":600000,"mTotalActiveTime":30340.602134605608,"mWalkStepCount":46},{"mCalorie":0.0,"mDistance":0.0,"mNowHealthyStep":0,"mRunStepCount":0,"mSpeed":0.0,"mStartTime":0,"mStepCount":0,"mTimeUnit":600000,"mTotalActiveTime":0.0,"mWalkStepCount":0},{"mCalorie":7.160000056028366,"mDistance":135.28000020980835,"mNowHealthyStep":0,"mRunStepCount":0,"mSpeed":4.446620464324951,"mStartTime":0,"mStepCount":182,"mTimeUnit":600000,"mTotalActiveTime":109523.18121270122,"mWalkStepCount":182},{"mCalorie":4.540000081062317,"mDistance":81.56999778747559,"mNowHealthyStep":0,"mRunStepCount":0,"mSpeed":3.9699604511260986,"mStartTime":0,"mStepCount":118,"mTimeUnit":600000,"mTotalActiveTime":73968.49503057046,"mWalkStepCount":118},{"mCalorie":0.0,"mDistance":0.0,"mNowHealthyStep":0,"mRunStepCount":0,"mSpeed":0.0,"mStartTime":0,"mStepCount":0,"mTimeUnit":600000,"mTotalActiveTime":0.0,"mWalkStepCount":0},{"mCalorie":0.0,"mDistance":0.0,"mNowHealthyStep":0,"mRunStepCount":0,"mSpeed":0.0,"mStartTime":0,"mStepCount":0,"mTimeUnit":600000,"mTotalActiveTime":0.0,"mWalkStepCount":0},{"mCalorie":0.0,"mDistance":0.0,"mNowHealthyStep":0,"mRunStepCount":0,"mSpeed":0.0,"mStartTime":0,"mStepCount":0,"mTimeUnit":600000,"mTotalActiveTime":0.0,"mWalkStepCount":0},{"mCalorie":0.0,"mDistance":0.0,"mNowHealthyStep":0,"mRunStepCount":0,"mSpeed":0.0,"mStartTime":0,"mStepCount":0,"mTimeUnit":600000,"mTotalActiveTime":0.0,"mWalkStepCount":0},{"mCalorie":0.0,"mDistance":0.0,"mNowHealthyStep":0,"mRunStepCount":0,"mSpeed":0.0,"mStartTime":0,"mStepCount":0,"mTimeUnit":600000,"mTotalActiveTime":0.0,"mWalkStepCount":0},{"mCalorie":0.0,"mDistance":0.0,"mNowHealthyStep":0,"mRunStepCount":0,"mSpeed":0.0,"mStartTime":0,"mStepCount":0,"mTimeUnit":600000,"mTotalActiveTime":0.0,"mWalkStepCount":0},{"mCalorie":0.0,"mDistance":0.0,"mNowHealthyStep":0,"mRunStepCount":0,"mSpeed":0.0,"mStartTime":0,"mStepCount":0,"mTimeUnit":600000,"mTotalActiveTime":0.0,"mWalkStepCount":0},{"mCalorie":0.0,"mDistance":0.0,"mNowHealthyStep":0,"mRunStepCount":0,"mSpeed":0.0,"mStartTime":0,"mStepCount":0,"mTimeUnit":600000,"mTotalActiveTime":0.0,"mWalkStepCount":0},{"mCalorie":0.0,"mDistance":0.0,"mNowHealthyStep":0,"mRunStepCount":0,"mSpeed":0.0,"mStartTime":0,"mStepCount":0,"mTimeUnit":600000,"mTotalActiveTime":0.0,"mWalkStepCount":0},{"mCalorie":0.0,"mDistance":0.0,"mNowHealthyStep":0,"mRunStepCount":0,"mSpeed":0.0,"mStartTime":0,"mStepCount":0,"mTimeUnit":600000,"mTotalActiveTime":0.0,"mWalkStepCount":0},{"mCalorie":0.4399999678134918,"mDistance":8.989999771118164,"mNowHealthyStep":0,"mRunStepCount":0,"mSpeed":5.075946807861328,"mStartTime":0,"mStepCount":12,"mTimeUnit":600000,"mTotalActiveTime":6375.953177031313,"mWalkStepCount":12},{"mCalorie":0.2199999988079071,"mDistance":4.409999847412109,"mNowHealthyStep":0,"mRunStepCount":0,"mSpeed":4.099999904632568,"mStartTime":0,"mStepCount":6,"mTimeUnit":600000,"mTotalActiveTime":3872.195078040218,"mWalkStepCount":6},{"mCalorie":0.4599999487400055,"mDistance":8.549999237060547,"mNowHealthyStep":0,"mRunStepCount":0,"mSpeed":3.531167507171631,"mStartTime":0,"mStepCount":12,"mTimeUnit":600000,"mTotalActiveTime":8716.663027427976,"mWalkStepCount":12},{"mCalorie":3.7499999701976776,"mDistance":59.20000076293945,"mNowHealthyStep":0,"mRunStepCount":0,"mSpeed":4.450857162475586,"mStartTime":0,"mStepCount":100,"mTimeUnit":600000,"mTotalActiveTime":47882.91171606147,"mWalkStepCount":100},{"mCalorie":21.969999372959137,"mDistance":396.33999824523926,"mNowHealthyStep":0,"mRunStepCount":0,"mSpeed":4.6987433433532715,"mStartTime":0,"mStepCount":548,"mTimeUnit":600000,"mTotalActiveTime":303660.75005587516,"mWalkStepCount":548},{"mCalorie":1.2800000309944153,"mDistance":24.3100004196167,"mNowHealthyStep":0,"mRunStepCount":0,"mSpeed":3.6000001430511475,"mStartTime":0,"mStepCount":34,"mTimeUnit":600000,"mTotalActiveTime":24309.99945362411,"mWalkStepCount":34},{"mCalorie":0.0,"mDistance":0.0,"mNowHealthyStep":0,"mRunStepCount":0,"mSpeed":0.0,"mStartTime":0,"mStepCount":0,"mTimeUnit":600000,"mTotalActiveTime":0.0,"mWalkStepCount":0},{"mCalorie":0.5600000023841858,"mDistance":10.539999961853027,"mNowHealthyStep":0,"mRunStepCount":0,"mSpeed":3.4000000953674316,"mStartTime":0,"mStepCount":15,"mTimeUnit":600000,"mTotalActiveTime":11159.999646579528,"mWalkStepCount":15},{"mCalorie":18.309998333454132,"mDistance":346.25997161865234,"mNowHealthyStep":0,"mRunStepCount":0,"mSpeed":4.534207820892334,"mStartTime":0,"mStepCount":475,"mTimeUnit":600000,"mTotalActiveTime":274918.1325829265,"mWalkStepCount":475},{"mCalorie":7.919999957084656,"mDistance":122.39000129699707,"mNowHealthyStep":0,"mRunStepCount":0,"mSpeed":4.407288074493408,"mStartTime":0,"mStepCount":176,"mTimeUnit":600000,"mTotalActiveTime":99971.6878695345,"mWalkStepCount":176},{"mCalorie":2.030000001192093,"mDistance":37.890000343322754,"mNowHealthyStep":0,"mRunStepCount":0,"mSpeed":3.700469970703125,"mStartTime":0,"mStepCount":53,"mTimeUnit":600000,"mTotalActiveTime":36861.26393659414,"mWalkStepCount":53},{"mCalorie":0.0,"mDistance":0.0,"mNowHealthyStep":0,"mRunStepCount":0,"mSpeed":0.0,"mStartTime":0,"mStepCount":0,"mTimeUnit":600000,"mTotalActiveTime":0.0,"mWalkStepCount":0},{"mCalorie":0.0,"mDistance":0.0,"mNowHealthyStep":0,"mRunStepCount":0,"mSpeed":0.0,"mStartTime":0,"mStepCount":0,"mTimeUnit":600000,"mTotalActiveTime":0.0,"mWalkStepCount":0},{"mCalorie":0.0,"mDistance":0.0,"mNowHealthyStep":0,"mRunStepCount":0,"mSpeed":0.0,"mStartTime":0,"mStepCount":0,"mTimeUnit":600000,"mTotalActiveTime":0.0,"mWalkStepCount":0},{"mCalorie":0.25999999046325684,"mDistance":4.949999809265137,"mNowHealthyStep":0,"mRunStepCount":0,"mSpeed":3.469836711883545,"mStartTime":0,"mStepCount":7,"mTimeUnit":600000,"mTotalActiveTime":5135.688158559252,"mWalkStepCount":7},{"mCalorie":0.0,"mDistance":0.0,"mNowHealthyStep":0,"mRunStepCount":0,"mSpeed":0.0,"mStartTime":0,"mStepCount":0,"mTimeUnit":600000,"mTotalActiveTime":0.0,"mWalkStepCount":0},{"mCalorie":0.0,"mDistance":0.0,"mNowHealthyStep":0,"mRunStepCount":0,"mSpeed":0.0,"mStartTime":0,"mStepCount":0,"mTimeUnit":600000,"mTotalActiveTime":0.0,"mWalkStepCount":0},{"mCalorie":0.0,"mDistance":0.0,"mNowHealthyStep":0,"mRunStepCount":0,"mSpeed":0.0,"mStartTime":0,"mStepCount":0,"mTimeUnit":600000,"mTotalActiveTime":0.0,"mWalkStepCount":0},{"mCalorie":0.800000011920929,"mDistance":14.789999961853027,"mNowHealthyStep":0,"mRunStepCount":0,"mSpeed":3.3000001907348633,"mStartTime":0,"mStepCount":21,"mTimeUnit":600000,"mTotalActiveTime":16134.54448037902,"mWalkStepCount":21},{"mCalorie":0.0,"mDistance":0.0,"mNowHealthyStep":0,"mRunStepCount":0,"mSpeed":0.0,"mStartTime":0,"mStepCount":0,"mTimeUnit":600000,"mTotalActiveTime":0.0,"mWalkStepCount":0},{"mCalorie":0.0,"mDistance":0.0,"mNowHealthyStep":0,"mRunStepCount":0,"mSpeed":0.0,"mStartTime":0,"mStepCount":0,"mTimeUnit":600000,"mTotalActiveTime":0.0,"mWalkStepCount":0},{"mCalorie":0.0,"mDistance":0.0,"mNowHealthyStep":0,"mRunStepCount":0,"mSpeed":0.0,"mStartTime":0,"mStepCount":0,"mTimeUnit":600000,"mTotalActiveTime":0.0,"mWalkStepCount":0},{"mCalorie":0.0,"mDistance":0.0,"mNowHealthyStep":0,"mRunStepCount":0,"mSpeed":0.0,"mStartTime":0,"mStepCount":0,"mTimeUnit":600000,"mTotalActiveTime":0.0,"mWalkStepCount":0},{"mCalorie":0.0,"mDistance":0.0,"mNowHealthyStep":0,"mRunStepCount":0,"mSpeed":0.0,"mStartTime":0,"mStepCount":0,"mTimeUnit":600000,"mTotalActiveTime":0.0,"mWalkStepCount":0},{"mCalorie":0.0,"mDistance":0.0,"mNowHealthyStep":0,"mRunStepCount":0,"mSpeed":0.0,"mStartTime":0,"mStepCount":0,"mTimeUnit":600000,"mTotalActiveTime":0.0,"mWalkStepCount":0},{"mCalorie":0.0,"mDistance":0.0,"mNowHealthyStep":0,"mRunStepCount":0,"mSpeed":0.0,"mStartTime":0,"mStepCount":0,"mTimeUnit":600000,"mTotalActiveTime":0.0,"mWalkStepCount":0},{"mCalorie":0.0,"mDistance":0.0,"mNowHealthyStep":0,"mRunStepCount":0,"mSpeed":0.0,"mStartTime":0,"mStepCount":0,"mTimeUnit":600000,"mTotalActiveTime":0.0,"mWalkStepCount":0},{"mCalorie":0.0,"mDistance":0.0,"mNowHealthyStep":0,"mRunStepCount":0,"mSpeed":0.0,"mStartTime":0,"mStepCount":0,"mTimeUnit":600000,"mTotalActiveTime":0.0,"mWalkStepCount":0},{"mCalorie":0.28999999165534973,"mDistance":6.039999961853027,"mNowHealthyStep":0,"mRunStepCount":0,"mSpeed":5.099999904632568,"mStartTime":0,"mStepCount":8,"mTimeUnit":600000,"mTotalActiveTime":4263.529464563285,"mWalkStepCount":8},{"mCalorie":0.0,"mDistance":0.0,"mNowHealthyStep":0,"mRunStepCount":0,"mSpeed":0.0,"mStartTime":0,"mStepCount":0,"mTimeUnit":600000,"mTotalActiveTime":0.0,"mWalkStepCount":0},{"mCalorie":0.3400000035762787,"mDistance":6.360000133514404,"mNowHealthyStep":0,"mRunStepCount":0,"mSpeed":3.200000047683716,"mStartTime":0,"mStepCount":9,"mTimeUnit":600000,"mTotalActiveTime":7155.000043585896,"mWalkStepCount":9},{"mCalorie":0.0,"mDistance":0.0,"mNowHealthyStep":0,"mRunStepCount":0,"mSpeed":0.0,"mStartTime":0,"mStepCount":0,"mTimeUnit":600000,"mTotalActiveTime":0.0,"mWalkStepCount":0},{"mCalorie":0.0,"mDistance":0.0,"mNowHealthyStep":0,"mRunStepCount":0,"mSpeed":0.0,"mStartTime":0,"mStepCount":0,"mTimeUnit":600000,"mTotalActiveTime":0.0,"mWalkStepCount":0},{"mCalorie":0.0,"mDistance":0.0,"mNowHealthyStep":0,"mRunStepCount":0,"mSpeed":0.0,"mStartTime":0,"mStepCount":0,"mTimeUnit":600000,"mTotalActiveTime":0.0,"mWalkStepCount":0},{"mCalorie":4.900000035762787,"mDistance":85.38000106811523,"mNowHealthyStep":0,"mRunStepCount":0,"mSpeed":4.630198955535889,"mStartTime":0,"mStepCount":131,"mTimeUnit":600000,"mTotalActiveTime":66383.32625592935,"mWalkStepCount":131},{"mCalorie":0.0,"mDistance":0.0,"mNowHealthyStep":0,"mRunStepCount":0,"mSpeed":0.0,"mStartTime":0,"mStepCount":0,"mTimeUnit":600000,"mTotalActiveTime":0.0,"mWalkStepCount":0},{"mCalorie":10.14000004529953,"mDistance":191.54999923706055,"mNowHealthyStep":0,"mRunStepCount":0,"mSpeed":4.319399833679199,"mStartTime":0,"mStepCount":259,"mTimeUnit":600000,"mTotalActiveTime":159647.1724097038,"mWalkStepCount":259},{"mCalorie":0.0,"mDistance":0.0,"mNowHealthyStep":0,"mRunStepCount":0,"mSpeed":0.0,"mStartTime":0,"mStepCount":0,"mTimeUnit":600000,"mTotalActiveTime":0.0,"mWalkStepCount":0},{"mCalorie":0.0,"mDistance":0.0,"mNowHealthyStep":0,"mRunStepCount":0,"mSpeed":0.0,"mStartTime":0,"mStepCount":0,"mTimeUnit":600000,"mTotalActiveTime":0.0,"mWalkStepCount":0},{"mCalorie":0.0,"mDistance":0.0,"mNowHealthyStep":0,"mRunStepCount":0,"mSpeed":0.0,"mStartTime":0,"mStepCount":0,"mTimeUnit":600000,"mTotalActiveTime":0.0,"mWalkStepCount":0},{"mCalorie":0.8999999761581421,"mDistance":17.360000610351562,"mNowHealthyStep":0,"mRunStepCount":0,"mSpeed":3.700000047683716,"mStartTime":0,"mStepCount":24,"mTimeUnit":600000,"mTotalActiveTime":16890.81118698621,"mWalkStepCount":24},{"mCalorie":7.859999775886536,"mDistance":149.2699966430664,"mNowHealthyStep":0,"mRunStepCount":0,"mSpeed":4.967250823974609,"mStartTime":0,"mStepCount":198,"mTimeUnit":600000,"mTotalActiveTime":108182.976463875,"mWalkStepCount":198},{"mCalorie":1.7599999606609344,"mDistance":35.44999980926514,"mNowHealthyStep":0,"mRunStepCount":0,"mSpeed":4.524154186248779,"mStartTime":0,"mStepCount":48,"mTimeUnit":600000,"mTotalActiveTime":28208.586785986226,"mWalkStepCount":48},{"mCalorie":0.0,"mDistance":0.0,"mNowHealthyStep":0,"mRunStepCount":0,"mSpeed":0.0,"mStartTime":0,"mStepCount":0,"mTimeUnit":600000,"mTotalActiveTime":0.0,"mWalkStepCount":0}]