[{"mCalorie":0.0,"mDistance":0.0,"mNowHealthyStep":0,"mRunStepCount":0,"mSpeed":0.0,"mStartTime":0,"mStepCount":0,"mTimeUnit":600000,"mTotalActiveTime":0.0,"mWalkStepCount":0},{"mCalorie":0.0,"mDistance":0.0,"mNowHealthyStep":0,"mRunStepCount":0,"mSpeed":0.0,"mStartTime":0,"mStepCount":0,"mTimeUnit":600000,"mTotalActiveTime":0.0,"mWalkStepCount":0},{"mCalorie":0.0,"mDistance":0.0,"mNowHealthyStep":0,"mRunStepCount":0,"mSpeed":0.0,"mStartTime":0,"mStepCount":0,"mTimeUnit":600000,"mTotalActiveTime":0.0,"mWalkStepCount":0},{"mCalorie":0.0,"mDistance":0.0,"mNowHealthyStep":0,"mRunStepCount":0,"mSpeed":0.0,"mStartTime":0,"mStepCount":0,"mTimeUnit":600000,"mTotalActiveTime":0.0,"mWalkStepCount":0},{"mCalorie":0.0,"mDistance":0.0,"mNowHealthyStep":0,"mRunStepCount":0,"mSpeed":0.0,"mStartTime":0,"mStepCount":0,"mTimeUnit":600000,"mTotalActiveTime":0.0,"mWalkStepCount":0},{"mCalorie":0.0,"mDistance":0.0,"mNowHealthyStep":0,"mRunStepCount":0,"mSpeed":0.0,"mStartTime":0,"mStepCount":0,"mTimeUnit":600000,"mTotalActiveTime":0.0,"mWalkStepCount":0},{"mCalorie":0.0,"mDistance":0.0,"mNowHealthyStep":0,"mRunStepCount":0,"mSpeed":0.0,"mStartTime":0,"mStepCount":0,"mTimeUnit":600000,"mTotalActiveTime":0.0,"mWalkStepCount":0},{"mCalorie":0.0,"mDistance":0.0,"mNowHealthyStep":0,"mRunStepCount":0,"mSpeed":0.0,"mStartTime":0,"mStepCount":0,"mTimeUnit":600000,"mTotalActiveTime":0.0,"mWalkStepCount":0},{"mCalorie":0.0,"mDistance":0.0,"mNowHealthyStep":0,"mRunStepCount":0,"mSpeed":0.0,"mStartTime":0,"mStepCount":0,"mTimeUnit":600000,"mTotalActiveTime":0.0,"mWalkStepCount":0},{"mCalorie":0.0,"mDistance":0.0,"mNowHealthyStep":0,"mRunStepCount":0,"mSpeed":0.0,"mStartTime":0,"mStepCount":0,"mTimeUnit":600000,"mTotalActiveTime":0.0,"mWalkStepCount":0},{"mCalorie":0.0,"mDistance":0.0,"mNowHealthyStep":0,"mRunStepCount":0,"mSpeed":0.0,"mStartTime":0,"mStepCount":0,"mTimeUnit":600000,"mTotalActiveTime":0.0,"mWalkStepCount":0},{"mCalorie":0.0,"mDistance":0.0,"mNowHealthyStep":0,"mRunStepCount":0,"mSpeed":0.0,"mStartTime":0,"mStepCount":0,"mTimeUnit":600000,"mTotalActiveTime":0.0,"mWalkStepCount":0},{"mCalorie":0.0,"mDistance":0.0,"mNowHealthyStep":0,"mRunStepCount":0,"mSpeed":0.0,"mStartTime":0,"mStepCount":0,"mTimeUnit":600000,"mTotalActiveTime":0.0,"mWalkStepCount":0},{"mCalorie":0.0,"mDistance":0.0,"mNowHealthyStep":0,"mRunStepCount":0,"mSpeed":0.0,"mStartTime":0,"mStepCount":0,"mTimeUnit":600000,"mTotalActiveTime":0.0,"mWalkStepCount":0},{"mCalorie":0.0,"mDistance":0.0,"mNowHealthyStep":0,"mRunStepCount":0,"mSpeed":0.0,"mStartTime":0,"mStepCount":0,"mTimeUnit":600000,"mTotalActiveTime":0.0,"mWalkStepCount":0},{"mCalorie":0.0,"mDistance":0.0,"mNowHealthyStep":0,"mRunStepCount":0,"mSpeed":0.0,"mStartTime":0,"mStepCount":0,"mTimeUnit":600000,"mTotalActiveTime":0.0,"mWalkStepCount":0},{"mCalorie":0.0,"mDistance":0.0,"mNowHealthyStep":0,"mRunStepCount":0,"mSpeed":0.0,"mStartTime":0,"mStepCount":0,"mTimeUnit":600000,"mTotalActiveTime":0.0,"mWalkStepCount":0},{"mCalorie":0.0,"mDistance":0.0,"mNowHealthyStep":0,"mRunStepCount":0,"mSpeed":0.0,"mStartTime":0,"mStepCount":0,"mTimeUnit":600000,"mTotalActiveTime":0.0,"mWalkStepCount":0},{"mCalorie":0.0,"mDistance":0.0,"mNowHealthyStep":0,"mRunStepCount":0,"mSpeed":0.0,"mStartTime":0,"mStepCount":0,"mTimeUnit":600000,"mTotalActiveTime":0.0,"mWalkStepCount":0},{"mCalorie":0.0,"mDistance":0.0,"mNowHealthyStep":0,"mRunStepCount":0,"mSpeed":0.0,"mStartTime":0,"mStepCount":0,"mTimeUnit":600000,"mTotalActiveTime":0.0,"mWalkStepCount":0},{"mCalorie":0.0,"mDistance":0.0,"mNowHealthyStep":0,"mRunStepCount":0,"mSpeed":0.0,"mStartTime":0,"mStepCount":0,"mTimeUnit":600000,"mTotalActiveTime":0.0,"mWalkStepCount":0},{"mCalorie":0.0,"mDistance":0.0,"mNowHealthyStep":0,"mRunStepCount":0,"mSpeed":0.0,"mStartTime":0,"mStepCount":0,"mTimeUnit":600000,"mTotalActiveTime":0.0,"mWalkStepCount":0},{"mCalorie":0.0,"mDistance":0.0,"mNowHealthyStep":0,"mRunStepCount":0,"mSpeed":0.0,"mStartTime":0,"mStepCount":0,"mTimeUnit":600000,"mTotalActiveTime":0.0,"mWalkStepCount":0},{"mCalorie":0.0,"mDistance":0.0,"mNowHealthyStep":0,"mRunStepCount":0,"mSpeed":0.0,"mStartTime":0,"mStepCount":0,"mTimeUnit":600000,"mTotalActiveTime":0.0,"mWalkStepCount":0},{"mCalorie":0.0,"mDistance":0.0,"mNowHealthyStep":0,"mRunStepCount":0,"mSpeed":0.0,"mStartTime":0,"mStepCount":0,"mTimeUnit":600000,"mTotalActiveTime":0.0,"mWalkStepCount":0},{"mCalorie":0.0,"mDistance":0.0,"mNowHealthyStep":0,"mRunStepCount":0,"mSpeed":0.0,"mStartTime":0,"mStepCount":0,"mTimeUnit":600000,"mTotalActiveTime":0.0,"mWalkStepCount":0},{"mCalorie":0.0,"mDistance":0.0,"mNowHealthyStep":0,"mRunStepCount":0,"mSpeed":0.0,"mStartTime":0,"mStepCount":0,"mTimeUnit":600000,"mTotalActiveTime":0.0,"mWalkStepCount":0},{"mCalorie":0.0,"mDistance":0.0,"mNowHealthyStep":0,"mRunStepCount":0,"mSpeed":0.0,"mStartTime":0,"mStepCount":0,"mTimeUnit":600000,"mTotalActiveTime":0.0,"mWalkStepCount":0},{"mCalorie":0.0,"mDistance":0.0,"mNowHealthyStep":0,"mRunStepCount":0,"mSpeed":0.0,"mStartTime":0,"mStepCount":0,"mTimeUnit":600000,"mTotalActiveTime":0.0,"mWalkStepCount":0},{"mCalorie":0.0,"mDistance":0.0,"mNowHealthyStep":0,"mRunStepCount":0,"mSpeed":0.0,"mStartTime":0,"mStepCount":0,"mTimeUnit":600000,"mTotalActiveTime":0.0,"mWalkStepCount":0},{"mCalorie":0.0,"mDistance":0.0,"mNowHealthyStep":0,"mRunStepCount":0,"mSpeed":0.0,"mStartTime":0,"mStepCount":0,"mTimeUnit":600000,"mTotalActiveTime":0.0,"mWalkStepCount":0},{"mCalorie":0.0,"mDistance":0.0,"mNowHealthyStep":0,"mRunStepCount":0,"mSpeed":0.0,"mStartTime":0,"mStepCount":0,"mTimeUnit":600000,"mTotalActiveTime":0.0,"mWalkStepCount":0},{"mCalorie":0.0,"mDistance":0.0,"mNowHealthyStep":0,"mRunStepCount":0,"mSpeed":0.0,"mStartTime":0,"mStepCount":0,"mTimeUnit":600000,"mTotalActiveTime":0.0,"mWalkStepCount":0},{"mCalorie":0.0,"mDistance":0.0,"mNowHealthyStep":0,"mRunStepCount":0,"mSpeed":0.0,"mStartTime":0,"mStepCount":0,"mTimeUnit":600000,"mTotalActiveTime":0.0,"mWalkStepCount":0},{"mCalorie":0.0,"mDistance":0.0,"mNowHealthyStep":0,"mRunStepCount":0,"mSpeed":0.0,"mStartTime":0,"mStepCount":0,"mTimeUnit":600000,"mTotalActiveTime":0.0,"mWalkStepCount":0},{"mCalorie":0.0,"mDistance":0.0,"mNowHealthyStep":0,"mRunStepCount":0,"mSpeed":0.0,"mStartTime":0,"mStepCount":0,"mTimeUnit":600000,"mTotalActiveTime":0.0,"mWalkStepCount":0},{"mCalorie":0.0,"mDistance":0.0,"mNowHealthyStep":0,"mRunStepCount":0,"mSpeed":0.0,"mStartTime":0,"mStepCount":0,"mTimeUnit":600000,"mTotalActiveTime":0.0,"mWalkStepCount":0},{"mCalorie":0.0,"mDistance":0.0,"mNowHealthyStep":0,"mRunStepCount":0,"mSpeed":0.0,"mStartTime":0,"mStepCount":0,"mTimeUnit":600000,"mTotalActiveTime":0.0,"mWalkStepCount":0},{"mCalorie":0.0,"mDistance":0.0,"mNowHealthyStep":0,"mRunStepCount":0,"mSpeed":0.0,"mStartTime":0,"mStepCount":0,"mTimeUnit":600000,"mTotalActiveTime":0.0,"mWalkStepCount":0},{"mCalorie":0.0,"mDistance":0.0,"mNowHealthyStep":0,"mRunStepCount":0,"mSpeed":0.0,"mStartTime":0,"mStepCount":0,"mTimeUnit":600000,"mTotalActiveTime":0.0,"mWalkStepCount":0},{"mCalorie":0.0,"mDistance":0.0,"mNowHealthyStep":0,"mRunStepCount":0,"mSpeed":0.0,"mStartTime":0,"mStepCount":0,"mTimeUnit":600000,"mTotalActiveTime":0.0,"mWalkStepCount":0},{"mCalorie":0.0,"mDistance":0.0,"mNowHealthyStep":0,"mRunStepCount":0,"mSpeed":0.0,"mStartTime":0,"mStepCount":0,"mTimeUnit":600000,"mTotalActiveTime":0.0,"mWalkStepCount":0},{"mCalorie":0.0,"mDistance":0.0,"mNowHealthyStep":0,"mRunStepCount":0,"mSpeed":0.0,"mStartTime":0,"mStepCount":0,"mTimeUnit":600000,"mTotalActiveTime":0.0,"mWalkStepCount":0},{"mCalorie":0.0,"mDistance":0.0,"mNowHealthyStep":0,"mRunStepCount":0,"mSpeed":0.0,"mStartTime":0,"mStepCount":0,"mTimeUnit":600000,"mTotalActiveTime":0.0,"mWalkStepCount":0},{"mCalorie":0.0,"mDistance":0.0,"mNowHealthyStep":0,"mRunStepCount":0,"mSpeed":0.0,"mStartTime":0,"mStepCount":0,"mTimeUnit":600000,"mTotalActiveTime":0.0,"mWalkStepCount":0},{"mCalorie":0.0,"mDistance":0.0,"mNowHealthyStep":0,"mRunStepCount":0,"mSpeed":0.0,"mStartTime":0,"mStepCount":0,"mTimeUnit":600000,"mTotalActiveTime":0.0,"mWalkStepCount":0},{"mCalorie":0.0,"mDistance":0.0,"mNowHealthyStep":0,"mRunStepCount":0,"mSpeed":0.0,"mStartTime":0,"mStepCount":0,"mTimeUnit":600000,"mTotalActiveTime":0.0,"mWalkStepCount":0},{"mCalorie":1.3699999153614044,"mDistance":28.060002326965332,"mNowHealthyStep":0,"mRunStepCount":0,"mSpeed":4.107583999633789,"mStartTime":0,"mStepCount":38,"mTimeUnit":600000,"mTotalActiveTime":24592.560220934472,"mWalkStepCount":38},{"mCalorie":3.029999941587448,"mDistance":59.0,"mNowHealthyStep":0,"mRunStepCount":0,"mSpeed":4.003675937652588,"mStartTime":0,"mStepCount":81,"mTimeUnit":600000,"mTotalActiveTime":53051.246205929696,"mWalkStepCount":81},{"mCalorie":0.0,"mDistance":0.0,"mNowHealthyStep":0,"mRunStepCount":0,"mSpeed":0.0,"mStartTime":0,"mStepCount":0,"mTimeUnit":600000,"mTotalActiveTime":0.0,"mWalkStepCount":0},{"mCalorie":0.0,"mDistance":0.0,"mNowHealthyStep":0,"mRunStepCount":0,"mSpeed":0.0,"mStartTime":0,"mStepCount":0,"mTimeUnit":600000,"mTotalActiveTime":0.0,"mWalkStepCount":0},{"mCalorie":9.489999771118164,"mDistance":194.38000106811523,"mNowHealthyStep":0,"mRunStepCount":18,"mSpeed":6.036030292510986,"mStartTime":0,"mStepCount":255,"mTimeUnit":600000,"mTotalActiveTime":115931.8208314497,"mWalkStepCount":237},{"mCalorie":4.61999848484993,"mDistance":88.61000108718872,"mNowHealthyStep":0,"mRunStepCount":0,"mSpeed":4.941652297973633,"mStartTime":0,"mStepCount":118,"mTimeUnit":600000,"mTotalActiveTime":64552.49855144241,"mWalkStepCount":118},{"mCalorie":2.700000047683716,"mDistance":52.0,"mNowHealthyStep":0,"mRunStepCount":0,"mSpeed":4.099999904632568,"mStartTime":0,"mStepCount":71,"mTimeUnit":600000,"mTotalActiveTime":45658.53764739938,"mWalkStepCount":71},{"mCalorie":11.85999995470047,"mDistance":216.2399959564209,"mNowHealthyStep":0,"mRunStepCount":0,"mSpeed":3.6264538764953613,"mStartTime":0,"mStepCount":302,"mTimeUnit":600000,"mTotalActiveTime":214662.59376534785,"mWalkStepCount":302},{"mCalorie":8.82000008225441,"mDistance":162.14000034332275,"mNowHealthyStep":0,"mRunStepCount":0,"mSpeed":3.4551515579223633,"mStartTime":0,"mStepCount":228,"mTimeUnit":600000,"mTotalActiveTime":168937.30669433958,"mWalkStepCount":228},{"mCalorie":19.009999781847,"mDistance":348.5599970817566,"mNowHealthyStep":0,"mRunStepCount":0,"mSpeed":3.9263134002685547,"mStartTime":0,"mStepCount":479,"mTimeUnit":600000,"mTotalActiveTime":319591.3945262917,"mWalkStepCount":479},{"mCalorie":18.55000013113022,"mDistance":340.8799982070923,"mNowHealthyStep":0,"mRunStepCount":0,"mSpeed":3.9016172885894775,"mStartTime":0,"mStepCount":469,"mTimeUnit":600000,"mTotalActiveTime":314528.03371261765,"mWalkStepCount":469},{"mCalorie":9.63999992609024,"mDistance":175.41999769210815,"mNowHealthyStep":0,"mRunStepCount":0,"mSpeed":3.6771881580352783,"mStartTime":0,"mStepCount":244,"mTimeUnit":600000,"mTotalActiveTime":171737.74582356634,"mWalkStepCount":244},{"mCalorie":20.05999994277954,"mDistance":371.63999938964844,"mNowHealthyStep":0,"mRunStepCount":0,"mSpeed":4.050075054168701,"mStartTime":0,"mStepCount":507,"mTimeUnit":600000,"mTotalActiveTime":330340.5623594953,"mWalkStepCount":507},{"mCalorie":2.0399999618530273,"mDistance":38.0099983215332,"mNowHealthyStep":0,"mRunStepCount":0,"mSpeed":3.6000001430511475,"mStartTime":0,"mStepCount":53,"mTimeUnit":600000,"mTotalActiveTime":38009.99681115163,"mWalkStepCount":53},{"mCalorie":0.7099999785423279,"mDistance":15.050000190734863,"mNowHealthyStep":0,"mRunStepCount":0,"mSpeed":4.999999523162842,"mStartTime":0,"mStepCount":20,"mTimeUnit":600000,"mTotalActiveTime":10836.001170730702,"mWalkStepCount":20},{"mCalorie":3.099999964237213,"mDistance":57.28999996185303,"mNowHealthyStep":0,"mRunStepCount":0,"mSpeed":3.6000001430511475,"mStartTime":0,"mStepCount":80,"mTimeUnit":600000,"mTotalActiveTime":57289.997685353046,"mWalkStepCount":80},{"mCalorie":0.0,"mDistance":0.0,"mNowHealthyStep":0,"mRunStepCount":0,"mSpeed":0.0,"mStartTime":0,"mStepCount":0,"mTimeUnit":600000,"mTotalActiveTime":0.0,"mWalkStepCount":0},{"mCalorie":2.5299999862909317,"mDistance":49.86000108718872,"mNowHealthyStep":0,"mRunStepCount":0,"mSpeed":3.927245616912842,"mStartTime":0,"mStepCount":68,"mTimeUnit":600000,"mTotalActiveTime":45705.31696302408,"mWalkStepCount":68},{"mCalorie":7.229999989271164,"mDistance":107.42999935150146,"mNowHealthyStep":0,"mRunStepCount":0,"mSpeed":4.846529006958008,"mStartTime":0,"mStepCount":179,"mTimeUnit":600000,"mTotalActiveTime":79798.96133313264,"mWalkStepCount":179},{"mCalorie":7.850000023841858,"mDistance":117.28000068664551,"mNowHealthyStep":0,"mRunStepCount":0,"mSpeed":4.507791996002197,"mStartTime":0,"mStepCount":172,"mTimeUnit":600000,"mTotalActiveTime":93661.81924927048,"mWalkStepCount":172},{"mCalorie":0.0,"mDistance":0.0,"mNowHealthyStep":0,"mRunStepCount":0,"mSpeed":0.0,"mStartTime":0,"mStepCount":0,"mTimeUnit":600000,"mTotalActiveTime":0.0,"mWalkStepCount":0},{"mCalorie":0.5299999713897705,"mDistance":11.15999984741211,"mNowHealthyStep":0,"mRunStepCount":0,"mSpeed":4.600000381469727,"mStartTime":0,"mStepCount":15,"mTimeUnit":600000,"mTotalActiveTime":8733.91219977402,"mWalkStepCount":15},{"mCalorie":7.28000020980835,"mDistance":106.36000061035156,"mNowHealthyStep":0,"mRunStepCount":0,"mSpeed":4.6332807540893555,"mStartTime":0,"mStepCount":152,"mTimeUnit":600000,"mTotalActiveTime":82640.36454758419,"mWalkStepCount":152},{"mCalorie":0.0,"mDistance":0.0,"mNowHealthyStep":0,"mRunStepCount":0,"mSpeed":0.0,"mStartTime":0,"mStepCount":0,"mTimeUnit":600000,"mTotalActiveTime":0.0,"mWalkStepCount":0},{"mCalorie":0.0,"mDistance":0.0,"mNowHealthyStep":0,"mRunStepCount":0,"mSpeed":0.0,"mStartTime":0,"mStepCount":0,"mTimeUnit":600000,"mTotalActiveTime":0.0,"mWalkStepCount":0},{"mCalorie":3.369999945163727,"mDistance":66.08000087738037,"mNowHealthyStep":0,"mRunStepCount":0,"mSpeed":4.352161884307861,"mStartTime":0,"mStepCount":92,"mTimeUnit":600000,"mTotalActiveTime":54659.73487375623,"mWalkStepCount":92},{"mCalorie":2.080000102519989,"mDistance":40.19999885559082,"mNowHealthyStep":0,"mRunStepCount":0,"mSpeed":3.951169729232788,"mStartTime":0,"mStepCount":55,"mTimeUnit":600000,"mTotalActiveTime":36627.127634949866,"mWalkStepCount":55},{"mCalorie":10.42000013589859,"mDistance":189.87000179290771,"mNowHealthyStep":0,"mRunStepCount":0,"mSpeed":3.588502883911133,"mStartTime":0,"mStepCount":265,"mTimeUnit":600000,"mTotalActiveTime":190478.32670451555,"mWalkStepCount":265},{"mCalorie":3.5199999809265137,"mDistance":66.74999809265137,"mNowHealthyStep":0,"mRunStepCount":0,"mSpeed":3.720482587814331,"mStartTime":0,"mStepCount":93,"mTimeUnit":600000,"mTotalActiveTime":64588.39146270869,"mWalkStepCount":93},{"mCalorie":0.0,"mDistance":0.0,"mNowHealthyStep":0,"mRunStepCount":0,"mSpeed":0.0,"mStartTime":0,"mStepCount":0,"mTimeUnit":600000,"mTotalActiveTime":0.0,"mWalkStepCount":0},{"mCalorie":0.0,"mDistance":0.0,"mNowHealthyStep":0,"mRunStepCount":0,"mSpeed":0.0,"mStartTime":0,"mStepCount":0,"mTimeUnit":600000,"mTotalActiveTime":0.0,"mWalkStepCount":0},{"mCalorie":8.930000066757202,"mDistance":164.59000205993652,"mNowHealthyStep":0,"mRunStepCount":0,"mSpeed":4.138869285583496,"mStartTime":0,"mStepCount":225,"mTimeUnit":600000,"mTotalActiveTime":143160.83435193397,"mWalkStepCount":225},{"mCalorie":0.9200000166893005,"mDistance":18.05999994277954,"mNowHealthyStep":0,"mRunStepCount":0,"mSpeed":4.329493045806885,"mStartTime":0,"mStepCount":25,"mTimeUnit":600000,"mTotalActiveTime":15016.999959945679,"mWalkStepCount":25},{"mCalorie":0.5400000214576721,"mDistance":11.180000305175781,"mNowHealthyStep":0,"mRunStepCount":0,"mSpeed":4.799999713897705,"mStartTime":0,"mStepCount":15,"mTimeUnit":600000,"mTotalActiveTime":8385.000728666826,"mWalkStepCount":15},{"mCalorie":5.89000004529953,"mDistance":97.28999996185303,"mNowHealthyStep":0,"mRunStepCount":0,"mSpeed":4.654122352600098,"mStartTime":0,"mStepCount":139,"mTimeUnit":600000,"mTotalActiveTime":75254.57830718298,"mWalkStepCount":139},{"mCalorie":5.789999932050705,"mDistance":114.20000076293945,"mNowHealthyStep":0,"mRunStepCount":0,"mSpeed":4.496697425842285,"mStartTime":0,"mStepCount":153,"mTimeUnit":600000,"mTotalActiveTime":91427.09966856048,"mWalkStepCount":153},{"mCalorie":6.029999911785126,"mDistance":116.97999811172485,"mNowHealthyStep":0,"mRunStepCount":0,"mSpeed":4.554574012756348,"mStartTime":0,"mStepCount":158,"mTimeUnit":600000,"mTotalActiveTime":92462.64845655118,"mWalkStepCount":158},{"mCalorie":5.8500000461936,"mDistance":114.11999988555908,"mNowHealthyStep":0,"mRunStepCount":0,"mSpeed":4.200116157531738,"mStartTime":0,"mStepCount":155,"mTimeUnit":600000,"mTotalActiveTime":97814.43794387253,"mWalkStepCount":155},{"mCalorie":0.0,"mDistance":0.0,"mNowHealthyStep":0,"mRunStepCount":0,"mSpeed":0.0,"mStartTime":0,"mStepCount":0,"mTimeUnit":600000,"mTotalActiveTime":0.0,"mWalkStepCount":0},{"mCalorie":0.0,"mDistance":0.0,"mNowHealthyStep":0,"mRunStepCount":0,"mSpeed":0.0,"mStartTime":0,"mStepCount":0,"mTimeUnit":600000,"mTotalActiveTime":0.0,"mWalkStepCount":0},{"mCalorie":0.0,"mDistance":0.0,"mNowHealthyStep":0,"mRunStepCount":0,"mSpeed":0.0,"mStartTime":0,"mStepCount":0,"mTimeUnit":600000,"mTotalActiveTime":0.0,"mWalkStepCount":0},{"mCalorie":0.0,"mDistance":0.0,"mNowHealthyStep":0,"mRunStepCount":0,"mSpeed":0.0,"mStartTime":0,"mStepCount":0,"mTimeUnit":600000,"mTotalActiveTime":0.0,"mWalkStepCount":0},{"mCalorie":3.100000023841858,"mDistance":59.829999923706055,"mNowHealthyStep":0,"mRunStepCount":0,"mSpeed":3.936269521713257,"mStartTime":0,"mStepCount":82,"mTimeUnit":600000,"mTotalActiveTime":54718.81388720224,"mWalkStepCount":82},{"mCalorie":4.429999947547913,"mDistance":84.61000061035156,"mNowHealthyStep":0,"mRunStepCount":0,"mSpeed":4.4755096435546875,"mStartTime":0,"mStepCount":114,"mTimeUnit":600000,"mTotalActiveTime":68058.39585526977,"mWalkStepCount":114},{"mCalorie":0.0,"mDistance":0.0,"mNowHealthyStep":0,"mRunStepCount":0,"mSpeed":0.0,"mStartTime":0,"mStepCount":0,"mTimeUnit":600000,"mTotalActiveTime":0.0,"mWalkStepCount":0},{"mCalorie":0.0,"mDistance":0.0,"mNowHealthyStep":0,"mRunStepCount":0,"mSpeed":0.0,"mStartTime":0,"mStepCount":0,"mTimeUnit":600000,"mTotalActiveTime":0.0,"mWalkStepCount":0},{"mCalorie":10.96999967098236,"mDistance":205.3899917602539,"mNowHealthyStep":0,"mRunStepCount":0,"mSpeed":4.157623291015625,"mStartTime":0,"mStepCount":279,"mTimeUnit":600000,"mTotalActiveTime":177842.93800572763,"mWalkStepCount":279},{"mCalorie":0.0,"mDistance":0.0,"mNowHealthyStep":0,"mRunStepCount":0,"mSpeed":0.0,"mStartTime":0,"mStepCount":0,"mTimeUnit":600000,"mTotalActiveTime":0.0,"mWalkStepCount":0},{"mCalorie":0.0,"mDistance":0.0,"mNowHealthyStep":0,"mRunStepCount":0,"mSpeed":0.0,"mStartTime":0,"mStepCount":0,"mTimeUnit":600000,"mTotalActiveTime":0.0,"mWalkStepCount":0},{"mCalorie":2.380000025033951,"mDistance":49.91000032424927,"mNowHealthyStep":0,"mRunStepCount":0,"mSpeed":4.843636512756348,"mStartTime":0,"mStepCount":66,"mTimeUnit":600000,"mTotalActiveTime":37095.270228195295,"mWalkStepCount":66},{"mCalorie":2.179999962449074,"mDistance":42.52999925613403,"mNowHealthyStep":0,"mRunStepCount":0,"mSpeed":4.089069843292236,"mStartTime":0,"mStepCount":58,"mTimeUnit":600000,"mTotalActiveTime":37443.235123704886,"mWalkStepCount":58},{"mCalorie":0.0,"mDistance":0.0,"mNowHealthyStep":0,"mRunStepCount":0,"mSpeed":0.0,"mStartTime":0,"mStepCount":0,"mTimeUnit":600000,"mTotalActiveTime":0.0,"mWalkStepCount":0},{"mCalorie":0.0,"mDistance":0.0,"mNowHealthyStep":0,"mRunStepCount":0,"mSpeed":0.0,"mStartTime":0,"mStepCount":0,"mTimeUnit":600000,"mTotalActiveTime":0.0,"mWalkStepCount":0},{"mCalorie":0.0,"mDistance":0.0,"mNowHealthyStep":0,"mRunStepCount":0,"mSpeed":0.0,"mStartTime":0,"mStepCount":0,"mTimeUnit":600000,"mTotalActiveTime":0.0,"mWalkStepCount":0},{"mCalorie":0.0,"mDistance":0.0,"mNowHealthyStep":0,"mRunStepCount":0,"mSpeed":0.0,"mStartTime":0,"mStepCount":0,"mTimeUnit":600000,"mTotalActiveTime":0.0,"mWalkStepCount":0},{"mCalorie":0.0,"mDistance":0.0,"mNowHealthyStep":0,"mRunStepCount":0,"mSpeed":0.0,"mStartTime":0,"mStepCount":0,"mTimeUnit":600000,"mTotalActiveTime":0.0,"mWalkStepCount":0},{"mCalorie":0.0,"mDistance":0.0,"mNowHealthyStep":0,"mRunStepCount":0,"mSpeed":0.0,"mStartTime":0,"mStepCount":0,"mTimeUnit":600000,"mTotalActiveTime":0.0,"mWalkStepCount":0},{"mCalorie":0.0,"mDistance":0.0,"mNowHealthyStep":0,"mRunStepCount":0,"mSpeed":0.0,"mStartTime":0,"mStepCount":0,"mTimeUnit":600000,"mTotalActiveTime":0.0,"mWalkStepCount":0},{"mCalorie":0.0,"mDistance":0.0,"mNowHealthyStep":0,"mRunStepCount":0,"mSpeed":0.0,"mStartTime":0,"mStepCount":0,"mTimeUnit":600000,"mTotalActiveTime":0.0,"mWalkStepCount":0},{"mCalorie":0.0,"mDistance":0.0,"mNowHealthyStep":0,"mRunStepCount":0,"mSpeed":0.0,"mStartTime":0,"mStepCount":0,"mTimeUnit":600000,"mTotalActiveTime":0.0,"mWalkStepCount":0},{"mCalorie":0.0,"mDistance":0.0,"mNowHealthyStep":0,"mRunStepCount":0,"mSpeed":0.0,"mStartTime":0,"mStepCount":0,"mTimeUnit":600000,"mTotalActiveTime":0.0,"mWalkStepCount":0},{"mCalorie":0.0,"mDistance":0.0,"mNowHealthyStep":0,"mRunStepCount":0,"mSpeed":0.0,"mStartTime":0,"mStepCount":0,"mTimeUnit":600000,"mTotalActiveTime":0.0,"mWalkStepCount":0},{"mCalorie":0.0,"mDistance":0.0,"mNowHealthyStep":0,"mRunStepCount":0,"mSpeed":0.0,"mStartTime":0,"mStepCount":0,"mTimeUnit":600000,"mTotalActiveTime":0.0,"mWalkStepCount":0},{"mCalorie":0.0,"mDistance":0.0,"mNowHealthyStep":0,"mRunStepCount":0,"mSpeed":0.0,"mStartTime":0,"mStepCount":0,"mTimeUnit":600000,"mTotalActiveTime":0.0,"mWalkStepCount":0},{"mCalorie":0.0,"mDistance":0.0,"mNowHealthyStep":0,"mRunStepCount":0,"mSpeed":0.0,"mStartTime":0,"mStepCount":0,"mTimeUnit":600000,"mTotalActiveTime":0.0,"mWalkStepCount":0},{"mCalorie":6.189999967813492,"mDistance":119.28000020980835,"mNowHealthyStep":0,"mRunStepCount":0,"mSpeed":4.376492500305176,"mStartTime":0,"mStepCount":161,"mTimeUnit":600000,"mTotalActiveTime":98116.93199664177,"mWalkStepCount":161},{"mCalorie":0.699999988079071,"mDistance":13.829999923706055,"mNowHealthyStep":0,"mRunStepCount":0,"mSpeed":4.400000095367432,"mStartTime":0,"mStepCount":19,"mTimeUnit":600000,"mTotalActiveTime":11315.454237776361,"mWalkStepCount":19},{"mCalorie":3.059999108314514,"mDistance":58.05998706817627,"mNowHealthyStep":0,"mRunStepCount":0,"mSpeed":3.902721643447876,"mStartTime":0,"mStepCount":80,"mTimeUnit":600000,"mTotalActiveTime":53556.46009456416,"mWalkStepCount":80},{"mCalorie":4.449999928474426,"mDistance":83.75999927520752,"mNowHealthyStep":0,"mRunStepCount":0,"mSpeed":3.5486581325531006,"mStartTime":0,"mStepCount":117,"mTimeUnit":600000,"mTotalActiveTime":84971.83512241724,"mWalkStepCount":117},{"mCalorie":0.7699999511241913,"mDistance":14.540000677108765,"mNowHealthyStep":0,"mRunStepCount":0,"mSpeed":3.8607778549194336,"mStartTime":0,"mStepCount":20,"mTimeUnit":600000,"mTotalActiveTime":13557.89030880863,"mWalkStepCount":20},{"mCalorie":0.4000000059604645,"mDistance":8.020000457763672,"mNowHealthyStep":0,"mRunStepCount":0,"mSpeed":4.400000095367432,"mStartTime":0,"mStepCount":11,"mTimeUnit":600000,"mTotalActiveTime":6561.818414128511,"mWalkStepCount":11},{"mCalorie":1.409999966621399,"mDistance":26.899999618530273,"mNowHealthyStep":0,"mRunStepCount":0,"mSpeed":3.9000003337860107,"mStartTime":0,"mStepCount":37,"mTimeUnit":600000,"mTotalActiveTime":24830.766753473436,"mWalkStepCount":37},{"mCalorie":3.090000033378601,"mDistance":57.47999882698059,"mNowHealthyStep":0,"mRunStepCount":0,"mSpeed":3.6573338508605957,"mStartTime":0,"mStepCount":80,"mTimeUnit":600000,"mTotalActiveTime":56578.91950084419,"mWalkStepCount":80},{"mCalorie":3.7700001001358032,"mDistance":70.2599983215332,"mNowHealthyStep":0,"mRunStepCount":0,"mSpeed":4.370215892791748,"mStartTime":0,"mStepCount":95,"mTimeUnit":600000,"mTotalActiveTime":57877.22933970535,"mWalkStepCount":95},{"mCalorie":0.0,"mDistance":0.0,"mNowHealthyStep":0,"mRunStepCount":0,"mSpeed":0.0,"mStartTime":0,"mStepCount":0,"mTimeUnit":600000,"mTotalActiveTime":0.0,"mWalkStepCount":0},{"mCalorie":0.0,"mDistance":0.0,"mNowHealthyStep":0,"mRunStepCount":0,"mSpeed":0.0,"mStartTime":0,"mStepCount":0,"mTimeUnit":600000,"mTotalActiveTime":0.0,"mWalkStepCount":0},{"mCalorie":0.0,"mDistance":0.0,"mNowHealthyStep":0,"mRunStepCount":0,"mSpeed":0.0,"mStartTime":0,"mStepCount":0,"mTimeUnit":600000,"mTotalActiveTime":0.0,"mWalkStepCount":0},{"mCalorie":0.64000004529953,"mDistance":13.630000114440918,"mNowHealthyStep":0,"mRunStepCount":0,"mSpeed":4.813115119934082,"mStartTime":0,"mStepCount":18,"mTimeUnit":600000,"mTotalActiveTime":10194.645087287941,"mWalkStepCount":18},{"mCalorie":0.0,"mDistance":0.0,"mNowHealthyStep":0,"mRunStepCount":0,"mSpeed":0.0,"mStartTime":0,"mStepCount":0,"mTimeUnit":600000,"mTotalActiveTime":0.0,"mWalkStepCount":0},{"mCalorie":0.0,"mDistance":0.0,"mNowHealthyStep":0,"mRunStepCount":0,"mSpeed":0.0,"mStartTime":0,"mStepCount":0,"mTimeUnit":600000,"mTotalActiveTime":0.0,"mWalkStepCount":0},{"mCalorie":0.0,"mDistance":0.0,"mNowHealthyStep":0,"mRunStepCount":0,"mSpeed":0.0,"mStartTime":0,"mStepCount":0,"mTimeUnit":600000,"mTotalActiveTime":0.0,"mWalkStepCount":0},{"mCalorie":0.0,"mDistance":0.0,"mNowHealthyStep":0,"mRunStepCount":0,"mSpeed":0.0,"mStartTime":0,"mStepCount":0,"mTimeUnit":600000,"mTotalActiveTime":0.0,"mWalkStepCount":0},{"mCalorie":0.0,"mDistance":0.0,"mNowHealthyStep":0,"mRunStepCount":0,"mSpeed":0.0,"mStartTime":0,"mStepCount":0,"mTimeUnit":600000,"mTotalActiveTime":0.0,"mWalkStepCount":0},{"mCalorie":0.0,"mDistance":0.0,"mNowHealthyStep":0,"mRunStepCount":0,"mSpeed":0.0,"mStartTime":0,"mStepCount":0,"mTimeUnit":600000,"mTotalActiveTime":0.0,"mWalkStepCount":0},{"mCalorie":0.0,"mDistance":0.0,"mNowHealthyStep":0,"mRunStepCount":0,"mSpeed":0.0,"mStartTime":0,"mStepCount":0,"mTimeUnit":600000,"mTotalActiveTime":0.0,"mWalkStepCount":0},{"mCalorie":0.0,"mDistance":0.0,"mNowHealthyStep":0,"mRunStepCount":0,"mSpeed":0.0,"mStartTime":0,"mStepCount":0,"mTimeUnit":600000,"mTotalActiveTime":0.0,"mWalkStepCount":0},{"mCalorie":0.4399999976158142,"mDistance":9.130000114440918,"mNowHealthyStep":0,"mRunStepCount":0,"mSpeed":3.3075649738311768,"mStartTime":0,"mStepCount":13,"mTimeUnit":600000,"mTotalActiveTime":9937.219879891296,"mWalkStepCount":13},{"mCalorie":1.6299999952316284,"mDistance":31.609999656677246,"mNowHealthyStep":0,"mRunStepCount":0,"mSpeed":3.868058443069458,"mStartTime":0,"mStepCount":44,"mTimeUnit":600000,"mTotalActiveTime":29419.410682136317,"mWalkStepCount":44},{"mCalorie":0.0,"mDistance":0.0,"mNowHealthyStep":0,"mRunStepCount":0,"mSpeed":0.0,"mStartTime":0,"mStepCount":0,"mTimeUnit":600000,"mTotalActiveTime":0.0,"mWalkStepCount":0},{"mCalorie":0.0,"mDistance":0.0,"mNowHealthyStep":0,"mRunStepCount":0,"mSpeed":0.0,"mStartTime":0,"mStepCount":0,"mTimeUnit":600000,"mTotalActiveTime":0.0,"mWalkStepCount":0},{"mCalorie":0.0,"mDistance":0.0,"mNowHealthyStep":0,"mRunStepCount":0,"mSpeed":0.0,"mStartTime":0,"mStepCount":0,"mTimeUnit":600000,"mTotalActiveTime":0.0,"mWalkStepCount":0},{"mCalorie":0.0,"mDistance":0.0,"mNowHealthyStep":0,"mRunStepCount":0,"mSpeed":0.0,"mStartTime":0,"mStepCount":0,"mTimeUnit":600000,"mTotalActiveTime":0.0,"mWalkStepCount":0},{"mCalorie":0.0,"mDistance":0.0,"mNowHealthyStep":0,"mRunStepCount":0,"mSpeed":0.0,"mStartTime":0,"mStepCount":0,"mTimeUnit":600000,"mTotalActiveTime":0.0,"mWalkStepCount":0},{"mCalorie":0.0,"mDistance":0.0,"mNowHealthyStep":0,"mRunStepCount":0,"mSpeed":0.0,"mStartTime":0,"mStepCount":0,"mTimeUnit":600000,"mTotalActiveTime":0.0,"mWalkStepCount":0},{"mCalorie":0.0,"mDistance":0.0,"mNowHealthyStep":0,"mRunStepCount":0,"mSpeed":0.0,"mStartTime":0,"mStepCount":0,"mTimeUnit":600000,"mTotalActiveTime":0.0,"mWalkStepCount":0},{"mCalorie":0.0,"mDistance":0.0,"mNowHealthyStep":0,"mRunStepCount":0,"mSpeed":0.0,"mStartTime":0,"mStepCount":0,"mTimeUnit":600000,"mTotalActiveTime":0.0,"mWalkStepCount":0},{"mCalorie":0.0,"mDistance":0.0,"mNowHealthyStep":0,"mRunStepCount":0,"mSpeed":0.0,"mStartTime":0,"mStepCount":0,"mTimeUnit":600000,"mTotalActiveTime":0.0,"mWalkStepCount":0}]