[{"mCalorie":0.0,"mDistance":0.0,"mNowHealthyStep":0,"mRunStepCount":0,"mSpeed":0.0,"mStartTime":1606777200000,"mStepCount":0,"mTimeUnit":600000,"mTotalActiveTime":0.0,"mWalkStepCount":0},{"mCalorie":0.0,"mDistance":0.0,"mNowHealthyStep":0,"mRunStepCount":0,"mSpeed":0.0,"mStartTime":1606777800000,"mStepCount":0,"mTimeUnit":600000,"mTotalActiveTime":0.0,"mWalkStepCount":0},{"mCalorie":0.0,"mDistance":0.0,"mNowHealthyStep":0,"mRunStepCount":0,"mSpeed":0.0,"mStartTime":1606778400000,"mStepCount":0,"mTimeUnit":600000,"mTotalActiveTime":0.0,"mWalkStepCount":0},{"mCalorie":0.0,"mDistance":0.0,"mNowHealthyStep":0,"mRunStepCount":0,"mSpeed":0.0,"mStartTime":1606779000000,"mStepCount":0,"mTimeUnit":600000,"mTotalActiveTime":0.0,"mWalkStepCount":0},{"mCalorie":0.0,"mDistance":0.0,"mNowHealthyStep":0,"mRunStepCount":0,"mSpeed":0.0,"mStartTime":1606779600000,"mStepCount":0,"mTimeUnit":600000,"mTotalActiveTime":0.0,"mWalkStepCount":0},{"mCalorie":0.0,"mDistance":0.0,"mNowHealthyStep":0,"mRunStepCount":0,"mSpeed":0.0,"mStartTime":1606780200000,"mStepCount":0,"mTimeUnit":600000,"mTotalActiveTime":0.0,"mWalkStepCount":0},{"mCalorie":0.0,"mDistance":0.0,"mNowHealthyStep":0,"mRunStepCount":0,"mSpeed":0.0,"mStartTime":1606780800000,"mStepCount":0,"mTimeUnit":600000,"mTotalActiveTime":0.0,"mWalkStepCount":0},{"mCalorie":0.0,"mDistance":0.0,"mNowHealthyStep":0,"mRunStepCount":0,"mSpeed":0.0,"mStartTime":1606781400000,"mStepCount":0,"mTimeUnit":600000,"mTotalActiveTime":0.0,"mWalkStepCount":0},{"mCalorie":0.0,"mDistance":0.0,"mNowHealthyStep":0,"mRunStepCount":0,"mSpeed":0.0,"mStartTime":1606782000000,"mStepCount":0,"mTimeUnit":600000,"mTotalActiveTime":0.0,"mWalkStepCount":0},{"mCalorie":0.0,"mDistance":0.0,"mNowHealthyStep":0,"mRunStepCount":0,"mSpeed":0.0,"mStartTime":1606782600000,"mStepCount":0,"mTimeUnit":600000,"mTotalActiveTime":0.0,"mWalkStepCount":0},{"mCalorie":0.0,"mDistance":0.0,"mNowHealthyStep":0,"mRunStepCount":0,"mSpeed":0.0,"mStartTime":1606783200000,"mStepCount":0,"mTimeUnit":600000,"mTotalActiveTime":0.0,"mWalkStepCount":0},{"mCalorie":0.0,"mDistance":0.0,"mNowHealthyStep":0,"mRunStepCount":0,"mSpeed":0.0,"mStartTime":1606783800000,"mStepCount":0,"mTimeUnit":600000,"mTotalActiveTime":0.0,"mWalkStepCount":0},{"mCalorie":0.0,"mDistance":0.0,"mNowHealthyStep":0,"mRunStepCount":0,"mSpeed":0.0,"mStartTime":1606784400000,"mStepCount":0,"mTimeUnit":600000,"mTotalActiveTime":0.0,"mWalkStepCount":0},{"mCalorie":1.32,"mDistance":22.369999999999997,"mNowHealthyStep":0,"mRunStepCount":0,"mSpeed":6.386689186096191,"mStartTime":1606785000000,"mStepCount":27,"mTimeUnit":600000,"mTotalActiveTime":12609.350072887479,"mWalkStepCount":27},{"mCalorie":0.0,"mDistance":0.0,"mNowHealthyStep":0,"mRunStepCount":0,"mSpeed":0.0,"mStartTime":1606785600000,"mStepCount":0,"mTimeUnit":600000,"mTotalActiveTime":0.0,"mWalkStepCount":0},{"mCalorie":0.0,"mDistance":0.0,"mNowHealthyStep":0,"mRunStepCount":0,"mSpeed":0.0,"mStartTime":1606786200000,"mStepCount":0,"mTimeUnit":600000,"mTotalActiveTime":0.0,"mWalkStepCount":0},{"mCalorie":0.0,"mDistance":0.0,"mNowHealthyStep":0,"mRunStepCount":0,"mSpeed":0.0,"mStartTime":1606786800000,"mStepCount":0,"mTimeUnit":600000,"mTotalActiveTime":0.0,"mWalkStepCount":0},{"mCalorie":0.0,"mDistance":0.0,"mNowHealthyStep":0,"mRunStepCount":0,"mSpeed":0.0,"mStartTime":1606787400000,"mStepCount":0,"mTimeUnit":600000,"mTotalActiveTime":0.0,"mWalkStepCount":0},{"mCalorie":0.0,"mDistance":0.0,"mNowHealthyStep":0,"mRunStepCount":0,"mSpeed":0.0,"mStartTime":1606788000000,"mStepCount":0,"mTimeUnit":600000,"mTotalActiveTime":0.0,"mWalkStepCount":0},{"mCalorie":0.0,"mDistance":0.0,"mNowHealthyStep":0,"mRunStepCount":0,"mSpeed":0.0,"mStartTime":1606788600000,"mStepCount":0,"mTimeUnit":600000,"mTotalActiveTime":0.0,"mWalkStepCount":0},{"mCalorie":0.0,"mDistance":0.0,"mNowHealthyStep":0,"mRunStepCount":0,"mSpeed":0.0,"mStartTime":1606789200000,"mStepCount":0,"mTimeUnit":600000,"mTotalActiveTime":0.0,"mWalkStepCount":0},{"mCalorie":0.0,"mDistance":0.0,"mNowHealthyStep":0,"mRunStepCount":0,"mSpeed":0.0,"mStartTime":1606789800000,"mStepCount":0,"mTimeUnit":600000,"mTotalActiveTime":0.0,"mWalkStepCount":0},{"mCalorie":0.0,"mDistance":0.0,"mNowHealthyStep":0,"mRunStepCount":0,"mSpeed":0.0,"mStartTime":1606790400000,"mStepCount":0,"mTimeUnit":600000,"mTotalActiveTime":0.0,"mWalkStepCount":0},{"mCalorie":0.0,"mDistance":0.0,"mNowHealthyStep":0,"mRunStepCount":0,"mSpeed":0.0,"mStartTime":1606791000000,"mStepCount":0,"mTimeUnit":600000,"mTotalActiveTime":0.0,"mWalkStepCount":0},{"mCalorie":0.0,"mDistance":0.0,"mNowHealthyStep":0,"mRunStepCount":0,"mSpeed":0.0,"mStartTime":1606791600000,"mStepCount":0,"mTimeUnit":600000,"mTotalActiveTime":0.0,"mWalkStepCount":0},{"mCalorie":0.0,"mDistance":0.0,"mNowHealthyStep":0,"mRunStepCount":0,"mSpeed":0.0,"mStartTime":1606792200000,"mStepCount":0,"mTimeUnit":600000,"mTotalActiveTime":0.0,"mWalkStepCount":0},{"mCalorie":0.0,"mDistance":0.0,"mNowHealthyStep":0,"mRunStepCount":0,"mSpeed":0.0,"mStartTime":1606792800000,"mStepCount":0,"mTimeUnit":600000,"mTotalActiveTime":0.0,"mWalkStepCount":0},{"mCalorie":0.0,"mDistance":0.0,"mNowHealthyStep":0,"mRunStepCount":0,"mSpeed":0.0,"mStartTime":1606793400000,"mStepCount":0,"mTimeUnit":600000,"mTotalActiveTime":0.0,"mWalkStepCount":0},{"mCalorie":0.0,"mDistance":0.0,"mNowHealthyStep":0,"mRunStepCount":0,"mSpeed":0.0,"mStartTime":1606794000000,"mStepCount":0,"mTimeUnit":600000,"mTotalActiveTime":0.0,"mWalkStepCount":0},{"mCalorie":0.0,"mDistance":0.0,"mNowHealthyStep":0,"mRunStepCount":0,"mSpeed":0.0,"mStartTime":1606794600000,"mStepCount":0,"mTimeUnit":600000,"mTotalActiveTime":0.0,"mWalkStepCount":0},{"mCalorie":0.0,"mDistance":0.0,"mNowHealthyStep":0,"mRunStepCount":0,"mSpeed":0.0,"mStartTime":1606795200000,"mStepCount":0,"mTimeUnit":600000,"mTotalActiveTime":0.0,"mWalkStepCount":0},{"mCalorie":0.0,"mDistance":0.0,"mNowHealthyStep":0,"mRunStepCount":0,"mSpeed":0.0,"mStartTime":1606795800000,"mStepCount":0,"mTimeUnit":600000,"mTotalActiveTime":0.0,"mWalkStepCount":0},{"mCalorie":0.0,"mDistance":0.0,"mNowHealthyStep":0,"mRunStepCount":0,"mSpeed":0.0,"mStartTime":1606796400000,"mStepCount":0,"mTimeUnit":600000,"mTotalActiveTime":0.0,"mWalkStepCount":0},{"mCalorie":0.0,"mDistance":0.0,"mNowHealthyStep":0,"mRunStepCount":0,"mSpeed":0.0,"mStartTime":1606797000000,"mStepCount":0,"mTimeUnit":600000,"mTotalActiveTime":0.0,"mWalkStepCount":0},{"mCalorie":0.0,"mDistance":0.0,"mNowHealthyStep":0,"mRunStepCount":0,"mSpeed":0.0,"mStartTime":1606797600000,"mStepCount":0,"mTimeUnit":600000,"mTotalActiveTime":0.0,"mWalkStepCount":0},{"mCalorie":0.0,"mDistance":0.0,"mNowHealthyStep":0,"mRunStepCount":0,"mSpeed":0.0,"mStartTime":1606798200000,"mStepCount":0,"mTimeUnit":600000,"mTotalActiveTime":0.0,"mWalkStepCount":0},{"mCalorie":0.0,"mDistance":0.0,"mNowHealthyStep":0,"mRunStepCount":0,"mSpeed":0.0,"mStartTime":1606798800000,"mStepCount":0,"mTimeUnit":600000,"mTotalActiveTime":0.0,"mWalkStepCount":0},{"mCalorie":0.0,"mDistance":0.0,"mNowHealthyStep":0,"mRunStepCount":0,"mSpeed":0.0,"mStartTime":1606799400000,"mStepCount":0,"mTimeUnit":600000,"mTotalActiveTime":0.0,"mWalkStepCount":0},{"mCalorie":0.81,"mDistance":17.259999999999998,"mNowHealthyStep":0,"mRunStepCount":0,"mSpeed":4.999999523162842,"mStartTime":1606800000000,"mStepCount":23,"mTimeUnit":600000,"mTotalActiveTime":12427.20118515026,"mWalkStepCount":23},{"mCalorie":5.679999918937629,"mDistance":99.40999832153321,"mNowHealthyStep":0,"mRunStepCount":0,"mSpeed":4.994217872619629,"mStartTime":1606800600000,"mStepCount":153,"mTimeUnit":600000,"mTotalActiveTime":71658.06363672341,"mWalkStepCount":153},{"mCalorie":11.11000017166115,"mDistance":222.12000122070398,"mNowHealthyStep":0,"mRunStepCount":15,"mSpeed":5.02031135559082,"mStartTime":1606801200000,"mStepCount":293,"mTimeUnit":600000,"mTotalActiveTime":159279.3613534554,"mWalkStepCount":278},{"mCalorie":2.8599999856948854,"mDistance":56.97999984741211,"mNowHealthyStep":0,"mRunStepCount":0,"mSpeed":4.158092975616455,"mStartTime":1606801800000,"mStepCount":78,"mTimeUnit":600000,"mTotalActiveTime":49332.23157608267,"mWalkStepCount":78},{"mCalorie":0.42,"mDistance":7.86,"mNowHealthyStep":0,"mRunStepCount":0,"mSpeed":3.9000003337860107,"mStartTime":1606802400000,"mStepCount":11,"mTimeUnit":600000,"mTotalActiveTime":7255.3839944241845,"mWalkStepCount":11},{"mCalorie":0.0,"mDistance":0.0,"mNowHealthyStep":0,"mRunStepCount":0,"mSpeed":0.0,"mStartTime":1606803000000,"mStepCount":0,"mTimeUnit":600000,"mTotalActiveTime":0.0,"mWalkStepCount":0},{"mCalorie":11.5,"mDistance":236.07999488830566,"mNowHealthyStep":0,"mRunStepCount":0,"mSpeed":4.971887111663818,"mStartTime":1606803600000,"mStepCount":312,"mTimeUnit":600000,"mTotalActiveTime":170938.71963556146,"mWalkStepCount":312},{"mCalorie":0.0,"mDistance":0.0,"mNowHealthyStep":0,"mRunStepCount":0,"mSpeed":0.0,"mStartTime":1606804200000,"mStepCount":0,"mTimeUnit":600000,"mTotalActiveTime":0.0,"mWalkStepCount":0},{"mCalorie":7.4299999570846555,"mDistance":139.3590022125229,"mNowHealthyStep":0,"mRunStepCount":0,"mSpeed":4.446712017059326,"mStartTime":1606804800000,"mStepCount":194,"mTimeUnit":600000,"mTotalActiveTime":112823.23384031936,"mWalkStepCount":194},{"mCalorie":4.239999971389771,"mDistance":80.0499995803833,"mNowHealthyStep":0,"mRunStepCount":0,"mSpeed":4.260574817657471,"mStartTime":1606805400000,"mStepCount":108,"mTimeUnit":600000,"mTotalActiveTime":67638.76086325808,"mWalkStepCount":108},{"mCalorie":3.5900000000000003,"mDistance":73.64,"mNowHealthyStep":0,"mRunStepCount":0,"mSpeed":4.369513034820557,"mStartTime":1606806000000,"mStepCount":100,"mTimeUnit":600000,"mTotalActiveTime":60671.29177608461,"mWalkStepCount":100},{"mCalorie":1.419999999999891,"mDistance":28.307999999999303,"mNowHealthyStep":0,"mRunStepCount":0,"mSpeed":4.021471977233887,"mStartTime":1606806600000,"mStepCount":39,"mTimeUnit":600000,"mTotalActiveTime":25341.168009480352,"mWalkStepCount":39},{"mCalorie":0.9000000953674316,"mDistance":16.829999923706055,"mNowHealthyStep":0,"mRunStepCount":0,"mSpeed":3.204038381576538,"mStartTime":1606807200000,"mStepCount":24,"mTimeUnit":600000,"mTotalActiveTime":18909.8857472268,"mWalkStepCount":24},{"mCalorie":0.0,"mDistance":0.0,"mNowHealthyStep":0,"mRunStepCount":0,"mSpeed":0.0,"mStartTime":1606807800000,"mStepCount":0,"mTimeUnit":600000,"mTotalActiveTime":0.0,"mWalkStepCount":0},{"mCalorie":0.0,"mDistance":0.0,"mNowHealthyStep":0,"mRunStepCount":0,"mSpeed":0.0,"mStartTime":1606808400000,"mStepCount":0,"mTimeUnit":600000,"mTotalActiveTime":0.0,"mWalkStepCount":0},{"mCalorie":0.0,"mDistance":0.0,"mNowHealthyStep":0,"mRunStepCount":0,"mSpeed":0.0,"mStartTime":1606809000000,"mStepCount":0,"mTimeUnit":600000,"mTotalActiveTime":0.0,"mWalkStepCount":0},{"mCalorie":0.99,"mDistance":19.43,"mNowHealthyStep":0,"mRunStepCount":1,"mSpeed":5.736111640930176,"mStartTime":1606809600000,"mStepCount":21,"mTimeUnit":600000,"mTotalActiveTime":12194.32282215004,"mWalkStepCount":20},{"mCalorie":0.59,"mDistance":9.61,"mNowHealthyStep":0,"mRunStepCount":1,"mSpeed":7.400000095367432,"mStartTime":1606810200000,"mStepCount":11,"mTimeUnit":600000,"mTotalActiveTime":4675.135074884375,"mWalkStepCount":10},{"mCalorie":2.0,"mDistance":38.36,"mNowHealthyStep":0,"mRunStepCount":0,"mSpeed":4.0598835945129395,"mStartTime":1606810800000,"mStepCount":53,"mTimeUnit":600000,"mTotalActiveTime":34014.76965520061,"mWalkStepCount":53},{"mCalorie":0.6,"mDistance":13.2,"mNowHealthyStep":0,"mRunStepCount":0,"mSpeed":5.5,"mStartTime":1606811400000,"mStepCount":17,"mTimeUnit":600000,"mTotalActiveTime":8640.0,"mWalkStepCount":17},{"mCalorie":1.660000092983246,"mDistance":31.959999504089357,"mNowHealthyStep":0,"mRunStepCount":0,"mSpeed":3.9172310829162598,"mStartTime":1606812000000,"mStepCount":44,"mTimeUnit":600000,"mTotalActiveTime":29371.76617874617,"mWalkStepCount":44},{"mCalorie":4.900000026225808,"mDistance":99.6200004196151,"mNowHealthyStep":0,"mRunStepCount":0,"mSpeed":4.690255641937256,"mStartTime":1606812600000,"mStepCount":135,"mTimeUnit":600000,"mTotalActiveTime":76463.20607550265,"mWalkStepCount":135},{"mCalorie":0.0,"mDistance":0.0,"mNowHealthyStep":0,"mRunStepCount":0,"mSpeed":0.0,"mStartTime":1606813200000,"mStepCount":0,"mTimeUnit":600000,"mTotalActiveTime":0.0,"mWalkStepCount":0},{"mCalorie":0.0,"mDistance":0.0,"mNowHealthyStep":0,"mRunStepCount":0,"mSpeed":0.0,"mStartTime":1606813800000,"mStepCount":0,"mTimeUnit":600000,"mTotalActiveTime":0.0,"mWalkStepCount":0},{"mCalorie":0.46,"mDistance":9.9,"mNowHealthyStep":0,"mRunStepCount":0,"mSpeed":4.999999523162842,"mStartTime":1606814400000,"mStepCount":13,"mTimeUnit":600000,"mTotalActiveTime":7128.0006797791175,"mWalkStepCount":13},{"mCalorie":0.0,"mDistance":0.0,"mNowHealthyStep":0,"mRunStepCount":0,"mSpeed":0.0,"mStartTime":1606815000000,"mStepCount":0,"mTimeUnit":600000,"mTotalActiveTime":0.0,"mWalkStepCount":0},{"mCalorie":0.25999999046325684,"mDistance":4.909999847412109,"mNowHealthyStep":0,"mRunStepCount":0,"mSpeed":3.1999998092651367,"mStartTime":1606815600000,"mStepCount":7,"mTimeUnit":600000,"mTotalActiveTime":5523.750157579789,"mWalkStepCount":7},{"mCalorie":0.0,"mDistance":0.0,"mNowHealthyStep":0,"mRunStepCount":0,"mSpeed":0.0,"mStartTime":1606816200000,"mStepCount":0,"mTimeUnit":600000,"mTotalActiveTime":0.0,"mWalkStepCount":0},{"mCalorie":2.1299999999999546,"mDistance":39.97099999999977,"mNowHealthyStep":0,"mRunStepCount":0,"mSpeed":4.255251884460449,"mStartTime":1606816800000,"mStepCount":54,"mTimeUnit":600000,"mTotalActiveTime":33815.999755903125,"mWalkStepCount":54},{"mCalorie":1.21,"mDistance":20.6,"mNowHealthyStep":0,"mRunStepCount":3,"mSpeed":5.82891845703125,"mStartTime":1606817400000,"mStepCount":25,"mTimeUnit":600000,"mTotalActiveTime":12722.772192199347,"mWalkStepCount":22},{"mCalorie":0.9299999094009399,"mDistance":19.980002822875978,"mNowHealthyStep":0,"mRunStepCount":3,"mSpeed":5.4717583656311035,"mStartTime":1606818000000,"mStepCount":26,"mTimeUnit":600000,"mTotalActiveTime":13145.318702336377,"mWalkStepCount":23},{"mCalorie":6.35,"mDistance":104.25000274658203,"mNowHealthyStep":0,"mRunStepCount":0,"mSpeed":3.738191604614258,"mStartTime":1606818600000,"mStepCount":149,"mTimeUnit":600000,"mTotalActiveTime":100396.14102102697,"mWalkStepCount":149},{"mCalorie":13.31999995231633,"mDistance":259.20999969482426,"mNowHealthyStep":0,"mRunStepCount":0,"mSpeed":4.2017436027526855,"mStartTime":1606819200000,"mStepCount":356,"mTimeUnit":600000,"mTotalActiveTime":222087.7987100411,"mWalkStepCount":356},{"mCalorie":9.400000057220605,"mDistance":180.80999885559083,"mNowHealthyStep":0,"mRunStepCount":0,"mSpeed":4.179757595062256,"mStartTime":1606819800000,"mStepCount":245,"mTimeUnit":600000,"mTotalActiveTime":155730.55300137997,"mWalkStepCount":245},{"mCalorie":0.0,"mDistance":0.0,"mNowHealthyStep":0,"mRunStepCount":0,"mSpeed":0.0,"mStartTime":1606820400000,"mStepCount":0,"mTimeUnit":600000,"mTotalActiveTime":0.0,"mWalkStepCount":0},{"mCalorie":2.9700000619888307,"mDistance":58.110000381469725,"mNowHealthyStep":0,"mRunStepCount":0,"mSpeed":3.91170597076416,"mStartTime":1606821000000,"mStepCount":80,"mTimeUnit":600000,"mTotalActiveTime":53479.480226797736,"mWalkStepCount":80},{"mCalorie":0.0,"mDistance":0.0,"mNowHealthyStep":0,"mRunStepCount":0,"mSpeed":0.0,"mStartTime":1606821600000,"mStepCount":0,"mTimeUnit":600000,"mTotalActiveTime":0.0,"mWalkStepCount":0},{"mCalorie":9.19999930679798,"mDistance":178.3699921989441,"mNowHealthyStep":0,"mRunStepCount":0,"mSpeed":4.310041427612305,"mStartTime":1606822200000,"mStepCount":241,"mTimeUnit":600000,"mTotalActiveTime":148985.0982472512,"mWalkStepCount":241},{"mCalorie":4.2399999999997,"mDistance":86.95100000000078,"mNowHealthyStep":0,"mRunStepCount":0,"mSpeed":4.125051975250244,"mStartTime":1606822800000,"mStepCount":120,"mTimeUnit":600000,"mTotalActiveTime":75883.55601419159,"mWalkStepCount":120},{"mCalorie":0.14,"mDistance":2.98,"mNowHealthyStep":0,"mRunStepCount":0,"mSpeed":4.400000095367432,"mStartTime":1606823400000,"mStepCount":4,"mTimeUnit":600000,"mTotalActiveTime":2438.1817653356516,"mWalkStepCount":4},{"mCalorie":0.20000000000004547,"mDistance":8.241000000001804,"mNowHealthyStep":0,"mRunStepCount":0,"mSpeed":8.90000057220459,"mStartTime":1606824000000,"mStepCount":10,"mTimeUnit":600000,"mTotalActiveTime":3333.4379879323574,"mWalkStepCount":10},{"mCalorie":0.969999999999909,"mDistance":15.898999999998777,"mNowHealthyStep":0,"mRunStepCount":0,"mSpeed":3.3504536151885986,"mStartTime":1606824600000,"mStepCount":23,"mTimeUnit":600000,"mTotalActiveTime":17083.179346380453,"mWalkStepCount":23},{"mCalorie":0.0,"mDistance":0.0,"mNowHealthyStep":0,"mRunStepCount":0,"mSpeed":0.0,"mStartTime":1606825200000,"mStepCount":0,"mTimeUnit":600000,"mTotalActiveTime":0.0,"mWalkStepCount":0},{"mCalorie":0.0,"mDistance":0.0,"mNowHealthyStep":0,"mRunStepCount":0,"mSpeed":0.0,"mStartTime":1606825800000,"mStepCount":0,"mTimeUnit":600000,"mTotalActiveTime":0.0,"mWalkStepCount":0},{"mCalorie":0.0,"mDistance":0.0,"mNowHealthyStep":0,"mRunStepCount":0,"mSpeed":0.0,"mStartTime":1606826400000,"mStepCount":0,"mTimeUnit":600000,"mTotalActiveTime":0.0,"mWalkStepCount":0},{"mCalorie":1.030000001192093,"mDistance":19.52999973297119,"mNowHealthyStep":0,"mRunStepCount":0,"mSpeed":3.828369140625,"mStartTime":1606827000000,"mStepCount":27,"mTimeUnit":600000,"mTotalActiveTime":18365.00008294982,"mWalkStepCount":27},{"mCalorie":0.0,"mDistance":0.0,"mNowHealthyStep":0,"mRunStepCount":0,"mSpeed":0.0,"mStartTime":1606827600000,"mStepCount":0,"mTimeUnit":600000,"mTotalActiveTime":0.0,"mWalkStepCount":0},{"mCalorie":1.1899999999999,"mDistance":19.31900000000038,"mNowHealthyStep":0,"mRunStepCount":11,"mSpeed":8.401171684265137,"mStartTime":1606828200000,"mStepCount":21,"mTimeUnit":600000,"mTotalActiveTime":8278.416703501147,"mWalkStepCount":10},{"mCalorie":2.790000026225816,"mDistance":50.622000038147384,"mNowHealthyStep":0,"mRunStepCount":5,"mSpeed":5.3697662353515625,"mStartTime":1606828800000,"mStepCount":64,"mTimeUnit":600000,"mTotalActiveTime":33938.01450007051,"mWalkStepCount":59},{"mCalorie":0.0,"mDistance":0.0,"mNowHealthyStep":0,"mRunStepCount":0,"mSpeed":0.0,"mStartTime":1606829400000,"mStepCount":0,"mTimeUnit":600000,"mTotalActiveTime":0.0,"mWalkStepCount":0},{"mCalorie":1.4400000905992418,"mDistance":29.310001068117273,"mNowHealthyStep":0,"mRunStepCount":0,"mSpeed":4.186539649963379,"mStartTime":1606830000000,"mStepCount":40,"mTimeUnit":600000,"mTotalActiveTime":25203.630997380424,"mWalkStepCount":40},{"mCalorie":0.0,"mDistance":0.0,"mNowHealthyStep":0,"mRunStepCount":0,"mSpeed":0.0,"mStartTime":1606830600000,"mStepCount":0,"mTimeUnit":600000,"mTotalActiveTime":0.0,"mWalkStepCount":0},{"mCalorie":0.0,"mDistance":0.0,"mNowHealthyStep":0,"mRunStepCount":0,"mSpeed":0.0,"mStartTime":1606831200000,"mStepCount":0,"mTimeUnit":600000,"mTotalActiveTime":0.0,"mWalkStepCount":0},{"mCalorie":0.0,"mDistance":0.0,"mNowHealthyStep":0,"mRunStepCount":0,"mSpeed":0.0,"mStartTime":1606831800000,"mStepCount":0,"mTimeUnit":600000,"mTotalActiveTime":0.0,"mWalkStepCount":0},{"mCalorie":0.0,"mDistance":0.0,"mNowHealthyStep":0,"mRunStepCount":0,"mSpeed":0.0,"mStartTime":1606832400000,"mStepCount":0,"mTimeUnit":600000,"mTotalActiveTime":0.0,"mWalkStepCount":0},{"mCalorie":0.25999999046325684,"mDistance":5.010000228881836,"mNowHealthyStep":0,"mRunStepCount":0,"mSpeed":4.024595737457275,"mStartTime":1606833000000,"mStepCount":7,"mTimeUnit":600000,"mTotalActiveTime":4481.444100363155,"mWalkStepCount":7},{"mCalorie":0.0,"mDistance":0.0,"mNowHealthyStep":0,"mRunStepCount":0,"mSpeed":0.0,"mStartTime":1606833600000,"mStepCount":0,"mTimeUnit":600000,"mTotalActiveTime":0.0,"mWalkStepCount":0},{"mCalorie":0.0,"mDistance":0.0,"mNowHealthyStep":0,"mRunStepCount":0,"mSpeed":0.0,"mStartTime":1606834200000,"mStepCount":0,"mTimeUnit":600000,"mTotalActiveTime":0.0,"mWalkStepCount":0},{"mCalorie":3.3500000000001546,"mDistance":62.51000000000015,"mNowHealthyStep":0,"mRunStepCount":1,"mSpeed":5.5236711502075195,"mStartTime":1606834800000,"mStepCount":78,"mTimeUnit":600000,"mTotalActiveTime":40740.297273206015,"mWalkStepCount":77},{"mCalorie":8.00000006198883,"mDistance":131.94999992370606,"mNowHealthyStep":0,"mRunStepCount":9,"mSpeed":4.734050273895264,"mStartTime":1606835400000,"mStepCount":203,"mTimeUnit":600000,"mTotalActiveTime":100341.14429811633,"mWalkStepCount":194},{"mCalorie":13.670000017285346,"mDistance":226.56000064849854,"mNowHealthyStep":0,"mRunStepCount":0,"mSpeed":3.809453010559082,"mStartTime":1606836000000,"mStepCount":327,"mTimeUnit":600000,"mTotalActiveTime":214103.1775817389,"mWalkStepCount":327},{"mCalorie":19.219999599456788,"mDistance":349.3499981689453,"mNowHealthyStep":0,"mRunStepCount":0,"mSpeed":4.885684013366699,"mStartTime":1606836600000,"mStepCount":481,"mTimeUnit":600000,"mTotalActiveTime":257417.37393681737,"mWalkStepCount":481},{"mCalorie":2.09,"mDistance":41.13,"mNowHealthyStep":0,"mRunStepCount":0,"mSpeed":3.799999952316284,"mStartTime":1606837200000,"mStepCount":58,"mTimeUnit":600000,"mTotalActiveTime":38965.26364684436,"mWalkStepCount":58},{"mCalorie":0.37,"mDistance":6.95,"mNowHealthyStep":0,"mRunStepCount":0,"mSpeed":3.4000000953674316,"mStartTime":1606837800000,"mStepCount":10,"mTimeUnit":600000,"mTotalActiveTime":7358.82332300233,"mWalkStepCount":10},{"mCalorie":21.46000036239624,"mDistance":390.2100036621094,"mNowHealthyStep":0,"mRunStepCount":0,"mSpeed":4.682836055755615,"mStartTime":1606838400000,"mStepCount":546,"mTimeUnit":600000,"mTotalActiveTime":299979.7564776375,"mWalkStepCount":546},{"mCalorie":1.8399999928474426,"mDistance":34.98999988555909,"mNowHealthyStep":0,"mRunStepCount":0,"mSpeed":3.472337245941162,"mStartTime":1606839000000,"mStepCount":50,"mTimeUnit":600000,"mTotalActiveTime":36276.4295368805,"mWalkStepCount":50},{"mCalorie":0.26,"mDistance":7.97,"mNowHealthyStep":0,"mRunStepCount":0,"mSpeed":5.600000381469727,"mStartTime":1606839600000,"mStepCount":10,"mTimeUnit":600000,"mTotalActiveTime":5123.571079555846,"mWalkStepCount":10},{"mCalorie":0.0,"mDistance":0.0,"mNowHealthyStep":0,"mRunStepCount":0,"mSpeed":0.0,"mStartTime":1606840200000,"mStepCount":0,"mTimeUnit":600000,"mTotalActiveTime":0.0,"mWalkStepCount":0},{"mCalorie":4.459999914169284,"mDistance":68.56899847412045,"mNowHealthyStep":0,"mRunStepCount":0,"mSpeed":4.425989627838135,"mStartTime":1606840800000,"mStepCount":119,"mTimeUnit":600000,"mTotalActiveTime":55772.47689606604,"mWalkStepCount":119},{"mCalorie":12.179999961853028,"mDistance":203.92000213623047,"mNowHealthyStep":0,"mRunStepCount":0,"mSpeed":4.697403430938721,"mStartTime":1606841400000,"mStepCount":295,"mTimeUnit":600000,"mTotalActiveTime":156280.37902765884,"mWalkStepCount":295},{"mCalorie":12.089999791383743,"mDistance":230.23999795913696,"mNowHealthyStep":0,"mRunStepCount":0,"mSpeed":4.700113773345947,"mStartTime":1606842000000,"mStepCount":307,"mTimeUnit":600000,"mTotalActiveTime":176349.7696529322,"mWalkStepCount":307},{"mCalorie":1.6900000059604645,"mDistance":29.990000019073484,"mNowHealthyStep":0,"mRunStepCount":0,"mSpeed":4.405364990234375,"mStartTime":1606842600000,"mStepCount":40,"mTimeUnit":600000,"mTotalActiveTime":24507.391699539472,"mWalkStepCount":40},{"mCalorie":5.020000159740448,"mDistance":97.82000160217285,"mNowHealthyStep":0,"mRunStepCount":0,"mSpeed":4.2206196784973145,"mStartTime":1606843200000,"mStepCount":133,"mTimeUnit":600000,"mTotalActiveTime":83436.08745463022,"mWalkStepCount":133},{"mCalorie":19.409999103546145,"mDistance":350.43001068115234,"mNowHealthyStep":0,"mRunStepCount":0,"mSpeed":4.644287109375,"mStartTime":1606843800000,"mStepCount":483,"mTimeUnit":600000,"mTotalActiveTime":271634.38846019807,"mWalkStepCount":483},{"mCalorie":1.3199999999999998,"mDistance":27.0,"mNowHealthyStep":0,"mRunStepCount":0,"mSpeed":4.434085845947266,"mStartTime":1606844400000,"mStepCount":37,"mTimeUnit":600000,"mTotalActiveTime":21921.090595915302,"mWalkStepCount":37},{"mCalorie":0.39,"mDistance":6.77,"mNowHealthyStep":0,"mRunStepCount":0,"mSpeed":3.0999999046325684,"mStartTime":1606845000000,"mStepCount":10,"mTimeUnit":600000,"mTotalActiveTime":7861.935725733102,"mWalkStepCount":10},{"mCalorie":0.0,"mDistance":0.0,"mNowHealthyStep":0,"mRunStepCount":0,"mSpeed":0.0,"mStartTime":1606845600000,"mStepCount":0,"mTimeUnit":600000,"mTotalActiveTime":0.0,"mWalkStepCount":0},{"mCalorie":3.34,"mDistance":70.24000000000001,"mNowHealthyStep":0,"mRunStepCount":0,"mSpeed":5.104555606842041,"mStartTime":1606846200000,"mStepCount":91,"mTimeUnit":600000,"mTotalActiveTime":49536.928531979516,"mWalkStepCount":91},{"mCalorie":1.21,"mDistance":20.97,"mNowHealthyStep":0,"mRunStepCount":0,"mSpeed":3.0999999046325684,"mStartTime":1606846800000,"mStepCount":31,"mTimeUnit":600000,"mTotalActiveTime":24352.258813681412,"mWalkStepCount":31},{"mCalorie":0.6,"mDistance":10.83,"mNowHealthyStep":0,"mRunStepCount":0,"mSpeed":3.0999999046325684,"mStartTime":1606847400000,"mStepCount":16,"mTimeUnit":600000,"mTotalActiveTime":12576.774580456351,"mWalkStepCount":16},{"mCalorie":0.0,"mDistance":0.0,"mNowHealthyStep":0,"mRunStepCount":0,"mSpeed":0.0,"mStartTime":1606848000000,"mStepCount":0,"mTimeUnit":600000,"mTotalActiveTime":0.0,"mWalkStepCount":0},{"mCalorie":0.0,"mDistance":0.0,"mNowHealthyStep":0,"mRunStepCount":0,"mSpeed":0.0,"mStartTime":1606848600000,"mStepCount":0,"mTimeUnit":600000,"mTotalActiveTime":0.0,"mWalkStepCount":0},{"mCalorie":0.0,"mDistance":0.0,"mNowHealthyStep":0,"mRunStepCount":0,"mSpeed":0.0,"mStartTime":1606849200000,"mStepCount":0,"mTimeUnit":600000,"mTotalActiveTime":0.0,"mWalkStepCount":0},{"mCalorie":0.0,"mDistance":0.0,"mNowHealthyStep":0,"mRunStepCount":0,"mSpeed":0.0,"mStartTime":1606849800000,"mStepCount":0,"mTimeUnit":600000,"mTotalActiveTime":0.0,"mWalkStepCount":0},{"mCalorie":0.0,"mDistance":0.0,"mNowHealthyStep":0,"mRunStepCount":0,"mSpeed":0.0,"mStartTime":1606850400000,"mStepCount":0,"mTimeUnit":600000,"mTotalActiveTime":0.0,"mWalkStepCount":0},{"mCalorie":0.0,"mDistance":0.0,"mNowHealthyStep":0,"mRunStepCount":0,"mSpeed":0.0,"mStartTime":1606851000000,"mStepCount":0,"mTimeUnit":600000,"mTotalActiveTime":0.0,"mWalkStepCount":0},{"mCalorie":0.0,"mDistance":0.0,"mNowHealthyStep":0,"mRunStepCount":0,"mSpeed":0.0,"mStartTime":1606851600000,"mStepCount":0,"mTimeUnit":600000,"mTotalActiveTime":0.0,"mWalkStepCount":0},{"mCalorie":0.0,"mDistance":0.0,"mNowHealthyStep":0,"mRunStepCount":0,"mSpeed":0.0,"mStartTime":1606852200000,"mStepCount":0,"mTimeUnit":600000,"mTotalActiveTime":0.0,"mWalkStepCount":0},{"mCalorie":0.0,"mDistance":0.0,"mNowHealthyStep":0,"mRunStepCount":0,"mSpeed":0.0,"mStartTime":1606852800000,"mStepCount":0,"mTimeUnit":600000,"mTotalActiveTime":0.0,"mWalkStepCount":0},{"mCalorie":0.0,"mDistance":0.0,"mNowHealthyStep":0,"mRunStepCount":0,"mSpeed":0.0,"mStartTime":1606853400000,"mStepCount":0,"mTimeUnit":600000,"mTotalActiveTime":0.0,"mWalkStepCount":0},{"mCalorie":0.0,"mDistance":0.0,"mNowHealthyStep":0,"mRunStepCount":0,"mSpeed":0.0,"mStartTime":1606854000000,"mStepCount":0,"mTimeUnit":600000,"mTotalActiveTime":0.0,"mWalkStepCount":0},{"mCalorie":0.0,"mDistance":0.0,"mNowHealthyStep":0,"mRunStepCount":0,"mSpeed":0.0,"mStartTime":1606854600000,"mStepCount":0,"mTimeUnit":600000,"mTotalActiveTime":0.0,"mWalkStepCount":0},{"mCalorie":1.9799999809265139,"mDistance":45.46999954223633,"mNowHealthyStep":0,"mRunStepCount":0,"mSpeed":4.965356349945068,"mStartTime":1606855200000,"mStepCount":60,"mTimeUnit":600000,"mTotalActiveTime":32966.81630356646,"mWalkStepCount":60},{"mCalorie":0.96,"mDistance":19.5,"mNowHealthyStep":0,"mRunStepCount":0,"mSpeed":5.935198783874512,"mStartTime":1606855800000,"mStepCount":25,"mTimeUnit":600000,"mTotalActiveTime":11827.742011055823,"mWalkStepCount":25},{"mCalorie":0.5,"mDistance":9.220000000001164,"mNowHealthyStep":0,"mRunStepCount":0,"mSpeed":7.499999523162842,"mStartTime":1606856400000,"mStepCount":11,"mTimeUnit":600000,"mTotalActiveTime":4425.600281372647,"mWalkStepCount":11},{"mCalorie":0.0,"mDistance":0.0,"mNowHealthyStep":0,"mRunStepCount":0,"mSpeed":0.0,"mStartTime":1606857000000,"mStepCount":0,"mTimeUnit":600000,"mTotalActiveTime":0.0,"mWalkStepCount":0},{"mCalorie":0.0,"mDistance":0.0,"mNowHealthyStep":0,"mRunStepCount":0,"mSpeed":0.0,"mStartTime":1606857600000,"mStepCount":0,"mTimeUnit":600000,"mTotalActiveTime":0.0,"mWalkStepCount":0},{"mCalorie":0.0,"mDistance":0.0,"mNowHealthyStep":0,"mRunStepCount":0,"mSpeed":0.0,"mStartTime":1606858200000,"mStepCount":0,"mTimeUnit":600000,"mTotalActiveTime":0.0,"mWalkStepCount":0},{"mCalorie":0.0,"mDistance":0.0,"mNowHealthyStep":0,"mRunStepCount":0,"mSpeed":0.0,"mStartTime":1606858800000,"mStepCount":0,"mTimeUnit":600000,"mTotalActiveTime":0.0,"mWalkStepCount":0},{"mCalorie":0.0,"mDistance":0.0,"mNowHealthyStep":0,"mRunStepCount":0,"mSpeed":0.0,"mStartTime":1606859400000,"mStepCount":0,"mTimeUnit":600000,"mTotalActiveTime":0.0,"mWalkStepCount":0},{"mCalorie":0.0,"mDistance":0.0,"mNowHealthyStep":0,"mRunStepCount":0,"mSpeed":0.0,"mStartTime":1606860000000,"mStepCount":0,"mTimeUnit":600000,"mTotalActiveTime":0.0,"mWalkStepCount":0},{"mCalorie":0.0,"mDistance":0.0,"mNowHealthyStep":0,"mRunStepCount":0,"mSpeed":0.0,"mStartTime":1606860600000,"mStepCount":0,"mTimeUnit":600000,"mTotalActiveTime":0.0,"mWalkStepCount":0},{"mCalorie":0.0,"mDistance":0.0,"mNowHealthyStep":0,"mRunStepCount":0,"mSpeed":0.0,"mStartTime":1606861200000,"mStepCount":0,"mTimeUnit":600000,"mTotalActiveTime":0.0,"mWalkStepCount":0},{"mCalorie":0.0,"mDistance":0.0,"mNowHealthyStep":0,"mRunStepCount":0,"mSpeed":0.0,"mStartTime":1606861800000,"mStepCount":0,"mTimeUnit":600000,"mTotalActiveTime":0.0,"mWalkStepCount":0},{"mCalorie":0.0,"mDistance":0.0,"mNowHealthyStep":0,"mRunStepCount":0,"mSpeed":0.0,"mStartTime":1606862400000,"mStepCount":0,"mTimeUnit":600000,"mTotalActiveTime":0.0,"mWalkStepCount":0},{"mCalorie":0.0,"mDistance":0.0,"mNowHealthyStep":0,"mRunStepCount":0,"mSpeed":0.0,"mStartTime":1606863000000,"mStepCount":0,"mTimeUnit":600000,"mTotalActiveTime":0.0,"mWalkStepCount":0}]