[{"mCalorie":0.0,"mDistance":0.0,"mNowHealthyStep":0,"mRunStepCount":0,"mSpeed":0.0,"mStartTime":0,"mStepCount":0,"mTimeUnit":600000,"mTotalActiveTime":0.0,"mWalkStepCount":0},{"mCalorie":0.0,"mDistance":0.0,"mNowHealthyStep":0,"mRunStepCount":0,"mSpeed":0.0,"mStartTime":0,"mStepCount":0,"mTimeUnit":600000,"mTotalActiveTime":0.0,"mWalkStepCount":0},{"mCalorie":0.0,"mDistance":0.0,"mNowHealthyStep":0,"mRunStepCount":0,"mSpeed":0.0,"mStartTime":0,"mStepCount":0,"mTimeUnit":600000,"mTotalActiveTime":0.0,"mWalkStepCount":0},{"mCalorie":0.0,"mDistance":0.0,"mNowHealthyStep":0,"mRunStepCount":0,"mSpeed":0.0,"mStartTime":0,"mStepCount":0,"mTimeUnit":600000,"mTotalActiveTime":0.0,"mWalkStepCount":0},{"mCalorie":0.0,"mDistance":0.0,"mNowHealthyStep":0,"mRunStepCount":0,"mSpeed":0.0,"mStartTime":0,"mStepCount":0,"mTimeUnit":600000,"mTotalActiveTime":0.0,"mWalkStepCount":0},{"mCalorie":0.0,"mDistance":0.0,"mNowHealthyStep":0,"mRunStepCount":0,"mSpeed":0.0,"mStartTime":0,"mStepCount":0,"mTimeUnit":600000,"mTotalActiveTime":0.0,"mWalkStepCount":0},{"mCalorie":0.0,"mDistance":0.0,"mNowHealthyStep":0,"mRunStepCount":0,"mSpeed":0.0,"mStartTime":0,"mStepCount":0,"mTimeUnit":600000,"mTotalActiveTime":0.0,"mWalkStepCount":0},{"mCalorie":0.0,"mDistance":0.0,"mNowHealthyStep":0,"mRunStepCount":0,"mSpeed":0.0,"mStartTime":0,"mStepCount":0,"mTimeUnit":600000,"mTotalActiveTime":0.0,"mWalkStepCount":0},{"mCalorie":0.0,"mDistance":0.0,"mNowHealthyStep":0,"mRunStepCount":0,"mSpeed":0.0,"mStartTime":0,"mStepCount":0,"mTimeUnit":600000,"mTotalActiveTime":0.0,"mWalkStepCount":0},{"mCalorie":0.0,"mDistance":0.0,"mNowHealthyStep":0,"mRunStepCount":0,"mSpeed":0.0,"mStartTime":0,"mStepCount":0,"mTimeUnit":600000,"mTotalActiveTime":0.0,"mWalkStepCount":0},{"mCalorie":0.0,"mDistance":0.0,"mNowHealthyStep":0,"mRunStepCount":0,"mSpeed":0.0,"mStartTime":0,"mStepCount":0,"mTimeUnit":600000,"mTotalActiveTime":0.0,"mWalkStepCount":0},{"mCalorie":0.0,"mDistance":0.0,"mNowHealthyStep":0,"mRunStepCount":0,"mSpeed":0.0,"mStartTime":0,"mStepCount":0,"mTimeUnit":600000,"mTotalActiveTime":0.0,"mWalkStepCount":0},{"mCalorie":0.0,"mDistance":0.0,"mNowHealthyStep":0,"mRunStepCount":0,"mSpeed":0.0,"mStartTime":0,"mStepCount":0,"mTimeUnit":600000,"mTotalActiveTime":0.0,"mWalkStepCount":0},{"mCalorie":0.0,"mDistance":0.0,"mNowHealthyStep":0,"mRunStepCount":0,"mSpeed":0.0,"mStartTime":0,"mStepCount":0,"mTimeUnit":600000,"mTotalActiveTime":0.0,"mWalkStepCount":0},{"mCalorie":0.0,"mDistance":0.0,"mNowHealthyStep":0,"mRunStepCount":0,"mSpeed":0.0,"mStartTime":0,"mStepCount":0,"mTimeUnit":600000,"mTotalActiveTime":0.0,"mWalkStepCount":0},{"mCalorie":0.0,"mDistance":0.0,"mNowHealthyStep":0,"mRunStepCount":0,"mSpeed":0.0,"mStartTime":0,"mStepCount":0,"mTimeUnit":600000,"mTotalActiveTime":0.0,"mWalkStepCount":0},{"mCalorie":0.0,"mDistance":0.0,"mNowHealthyStep":0,"mRunStepCount":0,"mSpeed":0.0,"mStartTime":0,"mStepCount":0,"mTimeUnit":600000,"mTotalActiveTime":0.0,"mWalkStepCount":0},{"mCalorie":0.0,"mDistance":0.0,"mNowHealthyStep":0,"mRunStepCount":0,"mSpeed":0.0,"mStartTime":0,"mStepCount":0,"mTimeUnit":600000,"mTotalActiveTime":0.0,"mWalkStepCount":0},{"mCalorie":0.0,"mDistance":0.0,"mNowHealthyStep":0,"mRunStepCount":0,"mSpeed":0.0,"mStartTime":0,"mStepCount":0,"mTimeUnit":600000,"mTotalActiveTime":0.0,"mWalkStepCount":0},{"mCalorie":0.0,"mDistance":0.0,"mNowHealthyStep":0,"mRunStepCount":0,"mSpeed":0.0,"mStartTime":0,"mStepCount":0,"mTimeUnit":600000,"mTotalActiveTime":0.0,"mWalkStepCount":0},{"mCalorie":0.0,"mDistance":0.0,"mNowHealthyStep":0,"mRunStepCount":0,"mSpeed":0.0,"mStartTime":0,"mStepCount":0,"mTimeUnit":600000,"mTotalActiveTime":0.0,"mWalkStepCount":0},{"mCalorie":0.0,"mDistance":0.0,"mNowHealthyStep":0,"mRunStepCount":0,"mSpeed":0.0,"mStartTime":0,"mStepCount":0,"mTimeUnit":600000,"mTotalActiveTime":0.0,"mWalkStepCount":0},{"mCalorie":0.0,"mDistance":0.0,"mNowHealthyStep":0,"mRunStepCount":0,"mSpeed":0.0,"mStartTime":0,"mStepCount":0,"mTimeUnit":600000,"mTotalActiveTime":0.0,"mWalkStepCount":0},{"mCalorie":0.0,"mDistance":0.0,"mNowHealthyStep":0,"mRunStepCount":0,"mSpeed":0.0,"mStartTime":0,"mStepCount":0,"mTimeUnit":600000,"mTotalActiveTime":0.0,"mWalkStepCount":0},{"mCalorie":0.0,"mDistance":0.0,"mNowHealthyStep":0,"mRunStepCount":0,"mSpeed":0.0,"mStartTime":0,"mStepCount":0,"mTimeUnit":600000,"mTotalActiveTime":0.0,"mWalkStepCount":0},{"mCalorie":0.0,"mDistance":0.0,"mNowHealthyStep":0,"mRunStepCount":0,"mSpeed":0.0,"mStartTime":0,"mStepCount":0,"mTimeUnit":600000,"mTotalActiveTime":0.0,"mWalkStepCount":0},{"mCalorie":0.0,"mDistance":0.0,"mNowHealthyStep":0,"mRunStepCount":0,"mSpeed":0.0,"mStartTime":0,"mStepCount":0,"mTimeUnit":600000,"mTotalActiveTime":0.0,"mWalkStepCount":0},{"mCalorie":0.0,"mDistance":0.0,"mNowHealthyStep":0,"mRunStepCount":0,"mSpeed":0.0,"mStartTime":0,"mStepCount":0,"mTimeUnit":600000,"mTotalActiveTime":0.0,"mWalkStepCount":0},{"mCalorie":0.0,"mDistance":0.0,"mNowHealthyStep":0,"mRunStepCount":0,"mSpeed":0.0,"mStartTime":0,"mStepCount":0,"mTimeUnit":600000,"mTotalActiveTime":0.0,"mWalkStepCount":0},{"mCalorie":0.0,"mDistance":0.0,"mNowHealthyStep":0,"mRunStepCount":0,"mSpeed":0.0,"mStartTime":0,"mStepCount":0,"mTimeUnit":600000,"mTotalActiveTime":0.0,"mWalkStepCount":0},{"mCalorie":0.0,"mDistance":0.0,"mNowHealthyStep":0,"mRunStepCount":0,"mSpeed":0.0,"mStartTime":0,"mStepCount":0,"mTimeUnit":600000,"mTotalActiveTime":0.0,"mWalkStepCount":0},{"mCalorie":0.0,"mDistance":0.0,"mNowHealthyStep":0,"mRunStepCount":0,"mSpeed":0.0,"mStartTime":0,"mStepCount":0,"mTimeUnit":600000,"mTotalActiveTime":0.0,"mWalkStepCount":0},{"mCalorie":0.0,"mDistance":0.0,"mNowHealthyStep":0,"mRunStepCount":0,"mSpeed":0.0,"mStartTime":0,"mStepCount":0,"mTimeUnit":600000,"mTotalActiveTime":0.0,"mWalkStepCount":0},{"mCalorie":0.0,"mDistance":0.0,"mNowHealthyStep":0,"mRunStepCount":0,"mSpeed":0.0,"mStartTime":0,"mStepCount":0,"mTimeUnit":600000,"mTotalActiveTime":0.0,"mWalkStepCount":0},{"mCalorie":0.0,"mDistance":0.0,"mNowHealthyStep":0,"mRunStepCount":0,"mSpeed":0.0,"mStartTime":0,"mStepCount":0,"mTimeUnit":600000,"mTotalActiveTime":0.0,"mWalkStepCount":0},{"mCalorie":0.0,"mDistance":0.0,"mNowHealthyStep":0,"mRunStepCount":0,"mSpeed":0.0,"mStartTime":0,"mStepCount":0,"mTimeUnit":600000,"mTotalActiveTime":0.0,"mWalkStepCount":0},{"mCalorie":0.0,"mDistance":0.0,"mNowHealthyStep":0,"mRunStepCount":0,"mSpeed":0.0,"mStartTime":0,"mStepCount":0,"mTimeUnit":600000,"mTotalActiveTime":0.0,"mWalkStepCount":0},{"mCalorie":0.0,"mDistance":0.0,"mNowHealthyStep":0,"mRunStepCount":0,"mSpeed":0.0,"mStartTime":0,"mStepCount":0,"mTimeUnit":600000,"mTotalActiveTime":0.0,"mWalkStepCount":0},{"mCalorie":0.0,"mDistance":0.0,"mNowHealthyStep":0,"mRunStepCount":0,"mSpeed":0.0,"mStartTime":0,"mStepCount":0,"mTimeUnit":600000,"mTotalActiveTime":0.0,"mWalkStepCount":0},{"mCalorie":0.0,"mDistance":0.0,"mNowHealthyStep":0,"mRunStepCount":0,"mSpeed":0.0,"mStartTime":0,"mStepCount":0,"mTimeUnit":600000,"mTotalActiveTime":0.0,"mWalkStepCount":0},{"mCalorie":0.0,"mDistance":0.0,"mNowHealthyStep":0,"mRunStepCount":0,"mSpeed":0.0,"mStartTime":0,"mStepCount":0,"mTimeUnit":600000,"mTotalActiveTime":0.0,"mWalkStepCount":0},{"mCalorie":0.0,"mDistance":0.0,"mNowHealthyStep":0,"mRunStepCount":0,"mSpeed":0.0,"mStartTime":0,"mStepCount":0,"mTimeUnit":600000,"mTotalActiveTime":0.0,"mWalkStepCount":0},{"mCalorie":0.0,"mDistance":0.0,"mNowHealthyStep":0,"mRunStepCount":0,"mSpeed":0.0,"mStartTime":0,"mStepCount":0,"mTimeUnit":600000,"mTotalActiveTime":0.0,"mWalkStepCount":0},{"mCalorie":0.0,"mDistance":0.0,"mNowHealthyStep":0,"mRunStepCount":0,"mSpeed":0.0,"mStartTime":0,"mStepCount":0,"mTimeUnit":600000,"mTotalActiveTime":0.0,"mWalkStepCount":0},{"mCalorie":0.0,"mDistance":0.0,"mNowHealthyStep":0,"mRunStepCount":0,"mSpeed":0.0,"mStartTime":0,"mStepCount":0,"mTimeUnit":600000,"mTotalActiveTime":0.0,"mWalkStepCount":0},{"mCalorie":0.0,"mDistance":0.0,"mNowHealthyStep":0,"mRunStepCount":0,"mSpeed":0.0,"mStartTime":0,"mStepCount":0,"mTimeUnit":600000,"mTotalActiveTime":0.0,"mWalkStepCount":0},{"mCalorie":0.0,"mDistance":0.0,"mNowHealthyStep":0,"mRunStepCount":0,"mSpeed":0.0,"mStartTime":0,"mStepCount":0,"mTimeUnit":600000,"mTotalActiveTime":0.0,"mWalkStepCount":0},{"mCalorie":0.0,"mDistance":0.0,"mNowHealthyStep":0,"mRunStepCount":0,"mSpeed":0.0,"mStartTime":0,"mStepCount":0,"mTimeUnit":600000,"mTotalActiveTime":0.0,"mWalkStepCount":0},{"mCalorie":0.0,"mDistance":0.0,"mNowHealthyStep":0,"mRunStepCount":0,"mSpeed":0.0,"mStartTime":0,"mStepCount":0,"mTimeUnit":600000,"mTotalActiveTime":0.0,"mWalkStepCount":0},{"mCalorie":0.0,"mDistance":0.0,"mNowHealthyStep":0,"mRunStepCount":0,"mSpeed":0.0,"mStartTime":0,"mStepCount":0,"mTimeUnit":600000,"mTotalActiveTime":0.0,"mWalkStepCount":0},{"mCalorie":0.0,"mDistance":0.0,"mNowHealthyStep":0,"mRunStepCount":0,"mSpeed":0.0,"mStartTime":0,"mStepCount":0,"mTimeUnit":600000,"mTotalActiveTime":0.0,"mWalkStepCount":0},{"mCalorie":0.0,"mDistance":0.0,"mNowHealthyStep":0,"mRunStepCount":0,"mSpeed":0.0,"mStartTime":0,"mStepCount":0,"mTimeUnit":600000,"mTotalActiveTime":0.0,"mWalkStepCount":0},{"mCalorie":0.0,"mDistance":0.0,"mNowHealthyStep":0,"mRunStepCount":0,"mSpeed":0.0,"mStartTime":0,"mStepCount":0,"mTimeUnit":600000,"mTotalActiveTime":0.0,"mWalkStepCount":0},{"mCalorie":0.0,"mDistance":0.0,"mNowHealthyStep":0,"mRunStepCount":0,"mSpeed":0.0,"mStartTime":0,"mStepCount":0,"mTimeUnit":600000,"mTotalActiveTime":0.0,"mWalkStepCount":0},{"mCalorie":0.0,"mDistance":0.0,"mNowHealthyStep":0,"mRunStepCount":0,"mSpeed":0.0,"mStartTime":0,"mStepCount":0,"mTimeUnit":600000,"mTotalActiveTime":0.0,"mWalkStepCount":0},{"mCalorie":0.0,"mDistance":0.0,"mNowHealthyStep":0,"mRunStepCount":0,"mSpeed":0.0,"mStartTime":0,"mStepCount":0,"mTimeUnit":600000,"mTotalActiveTime":0.0,"mWalkStepCount":0},{"mCalorie":0.0,"mDistance":0.0,"mNowHealthyStep":0,"mRunStepCount":0,"mSpeed":0.0,"mStartTime":0,"mStepCount":0,"mTimeUnit":600000,"mTotalActiveTime":0.0,"mWalkStepCount":0},{"mCalorie":0.0,"mDistance":0.0,"mNowHealthyStep":0,"mRunStepCount":0,"mSpeed":0.0,"mStartTime":0,"mStepCount":0,"mTimeUnit":600000,"mTotalActiveTime":0.0,"mWalkStepCount":0},{"mCalorie":0.6800000220537186,"mDistance":12.790000319480896,"mNowHealthyStep":0,"mRunStepCount":0,"mSpeed":3.2967710494995117,"mStartTime":0,"mStepCount":18,"mTimeUnit":600000,"mTotalActiveTime":13966.393317505832,"mWalkStepCount":18},{"mCalorie":1.9200001060962677,"mDistance":36.4300012588501,"mNowHealthyStep":0,"mRunStepCount":0,"mSpeed":3.4730167388916016,"mStartTime":0,"mStepCount":51,"mTimeUnit":600000,"mTotalActiveTime":37761.98505384936,"mWalkStepCount":51},{"mCalorie":0.0,"mDistance":0.0,"mNowHealthyStep":0,"mRunStepCount":0,"mSpeed":0.0,"mStartTime":0,"mStepCount":0,"mTimeUnit":600000,"mTotalActiveTime":0.0,"mWalkStepCount":0},{"mCalorie":0.5400000214576721,"mDistance":11.069999694824219,"mNowHealthyStep":0,"mRunStepCount":0,"mSpeed":4.299999713897705,"mStartTime":0,"mStepCount":15,"mTimeUnit":600000,"mTotalActiveTime":9267.907337892266,"mWalkStepCount":15},{"mCalorie":0.0,"mDistance":0.0,"mNowHealthyStep":0,"mRunStepCount":0,"mSpeed":0.0,"mStartTime":0,"mStepCount":0,"mTimeUnit":600000,"mTotalActiveTime":0.0,"mWalkStepCount":0},{"mCalorie":1.4499999582767487,"mDistance":27.389999866485596,"mNowHealthyStep":0,"mRunStepCount":0,"mSpeed":3.650529146194458,"mStartTime":0,"mStepCount":38,"mTimeUnit":600000,"mTotalActiveTime":27010.878386337037,"mWalkStepCount":38},{"mCalorie":14.81999933719635,"mDistance":270.26000118255615,"mNowHealthyStep":0,"mRunStepCount":0,"mSpeed":4.300442695617676,"mStartTime":0,"mStepCount":386,"mTimeUnit":600000,"mTotalActiveTime":226240.89976045187,"mWalkStepCount":386},{"mCalorie":33.87000024318695,"mDistance":623.0399971008301,"mNowHealthyStep":0,"mRunStepCount":0,"mSpeed":4.27133846282959,"mStartTime":0,"mStepCount":845,"mTimeUnit":600000,"mTotalActiveTime":525115.0063765644,"mWalkStepCount":845},{"mCalorie":39.049999713897705,"mDistance":733.5199966430664,"mNowHealthyStep":0,"mRunStepCount":0,"mSpeed":4.672712326049805,"mStartTime":0,"mStepCount":978,"mTimeUnit":600000,"mTotalActiveTime":565126.1864015856,"mWalkStepCount":978},{"mCalorie":34.91999959945679,"mDistance":623.1199989318848,"mNowHealthyStep":0,"mRunStepCount":0,"mSpeed":4.180042743682861,"mStartTime":0,"mStepCount":856,"mTimeUnit":600000,"mTotalActiveTime":536652.8678923937,"mWalkStepCount":856},{"mCalorie":21.790000051259995,"mDistance":411.3300070762634,"mNowHealthyStep":0,"mRunStepCount":0,"mSpeed":4.485862731933594,"mStartTime":0,"mStepCount":553,"mTimeUnit":600000,"mTotalActiveTime":330101.05189840554,"mWalkStepCount":553},{"mCalorie":19.970000207424164,"mDistance":376.3099899291992,"mNowHealthyStep":0,"mRunStepCount":0,"mSpeed":4.550449848175049,"mStartTime":0,"mStepCount":503,"mTimeUnit":600000,"mTotalActiveTime":297710.35096771276,"mWalkStepCount":503},{"mCalorie":4.380000084638596,"mDistance":81.11999988555908,"mNowHealthyStep":0,"mRunStepCount":0,"mSpeed":3.4560742378234863,"mStartTime":0,"mStepCount":114,"mTimeUnit":600000,"mTotalActiveTime":84498.185941304,"mWalkStepCount":114},{"mCalorie":4.969999998807907,"mDistance":93.76999950408936,"mNowHealthyStep":0,"mRunStepCount":0,"mSpeed":3.5501575469970703,"mStartTime":0,"mStepCount":131,"mTimeUnit":600000,"mTotalActiveTime":95086.48282754014,"mWalkStepCount":131},{"mCalorie":4.509999990463257,"mDistance":86.1500015258789,"mNowHealthyStep":0,"mRunStepCount":0,"mSpeed":3.7304940223693848,"mStartTime":0,"mStepCount":119,"mTimeUnit":600000,"mTotalActiveTime":83136.44486443029,"mWalkStepCount":119},{"mCalorie":0.0,"mDistance":0.0,"mNowHealthyStep":0,"mRunStepCount":0,"mSpeed":0.0,"mStartTime":0,"mStepCount":0,"mTimeUnit":600000,"mTotalActiveTime":0.0,"mWalkStepCount":0},{"mCalorie":3.969999998807907,"mDistance":75.03999781608582,"mNowHealthyStep":0,"mRunStepCount":0,"mSpeed":3.6684603691101074,"mStartTime":0,"mStepCount":104,"mTimeUnit":600000,"mTotalActiveTime":73639.60988594213,"mWalkStepCount":104},{"mCalorie":2.450000047683716,"mDistance":47.480000495910645,"mNowHealthyStep":0,"mRunStepCount":0,"mSpeed":3.953193187713623,"mStartTime":0,"mStepCount":65,"mTimeUnit":600000,"mTotalActiveTime":43237.95931688559,"mWalkStepCount":65},{"mCalorie":1.5999999940395355,"mDistance":32.60000038146973,"mNowHealthyStep":0,"mRunStepCount":0,"mSpeed":4.6052045822143555,"mStartTime":0,"mStepCount":43,"mTimeUnit":600000,"mTotalActiveTime":25484.2101551304,"mWalkStepCount":43},{"mCalorie":10.600000247359276,"mDistance":181.49999523162842,"mNowHealthyStep":0,"mRunStepCount":0,"mSpeed":3.6925125122070312,"mStartTime":0,"mStepCount":262,"mTimeUnit":600000,"mTotalActiveTime":176952.6804775509,"mWalkStepCount":262},{"mCalorie":12.27999997138977,"mDistance":187.64999961853027,"mNowHealthyStep":0,"mRunStepCount":0,"mSpeed":3.394767999649048,"mStartTime":0,"mStepCount":273,"mTimeUnit":600000,"mTotalActiveTime":198994.44779347297,"mWalkStepCount":273},{"mCalorie":0.7300000190734863,"mDistance":13.710000038146973,"mNowHealthyStep":0,"mRunStepCount":0,"mSpeed":3.700000047683716,"mStartTime":0,"mStepCount":19,"mTimeUnit":600000,"mTotalActiveTime":13339.459324663274,"mWalkStepCount":19},{"mCalorie":0.4300000071525574,"mDistance":10.65000057220459,"mNowHealthyStep":0,"mRunStepCount":0,"mSpeed":6.476459980010986,"mStartTime":0,"mStepCount":13,"mTimeUnit":600000,"mTotalActiveTime":5919.901022822577,"mWalkStepCount":13},{"mCalorie":0.5600000023841858,"mDistance":11.319999694824219,"mNowHealthyStep":0,"mRunStepCount":0,"mSpeed":4.5,"mStartTime":0,"mStepCount":15,"mTimeUnit":600000,"mTotalActiveTime":9055.999755859375,"mWalkStepCount":15},{"mCalorie":0.0,"mDistance":0.0,"mNowHealthyStep":0,"mRunStepCount":0,"mSpeed":0.0,"mStartTime":0,"mStepCount":0,"mTimeUnit":600000,"mTotalActiveTime":0.0,"mWalkStepCount":0},{"mCalorie":11.009999930858612,"mDistance":213.77000045776367,"mNowHealthyStep":0,"mRunStepCount":0,"mSpeed":4.109551906585693,"mStartTime":0,"mStepCount":287,"mTimeUnit":600000,"mTotalActiveTime":187264.20274667014,"mWalkStepCount":287},{"mCalorie":5.610000133514404,"mDistance":104.94000053405762,"mNowHealthyStep":0,"mRunStepCount":0,"mSpeed":3.7395384311676025,"mStartTime":0,"mStepCount":146,"mTimeUnit":600000,"mTotalActiveTime":101024.23262089025,"mWalkStepCount":146},{"mCalorie":1.5600000023841858,"mDistance":29.649999618530273,"mNowHealthyStep":0,"mRunStepCount":0,"mSpeed":3.639361619949341,"mStartTime":0,"mStepCount":41,"mTimeUnit":600000,"mTotalActiveTime":29329.31874840935,"mWalkStepCount":41},{"mCalorie":0.0,"mDistance":0.0,"mNowHealthyStep":0,"mRunStepCount":0,"mSpeed":0.0,"mStartTime":0,"mStepCount":0,"mTimeUnit":600000,"mTotalActiveTime":0.0,"mWalkStepCount":0},{"mCalorie":2.21999990940094,"mDistance":55.239999771118164,"mNowHealthyStep":0,"mRunStepCount":0,"mSpeed":6.038760662078857,"mStartTime":0,"mStepCount":70,"mTimeUnit":600000,"mTotalActiveTime":32931.260864879194,"mWalkStepCount":70},{"mCalorie":1.690000057220459,"mDistance":34.52000045776367,"mNowHealthyStep":0,"mRunStepCount":0,"mSpeed":5.400000095367432,"mStartTime":0,"mStepCount":51,"mTimeUnit":600000,"mTotalActiveTime":23013.333232079025,"mWalkStepCount":51},{"mCalorie":14.490000128746033,"mDistance":274.51000213623047,"mNowHealthyStep":0,"mRunStepCount":0,"mSpeed":4.4430670738220215,"mStartTime":0,"mStepCount":369,"mTimeUnit":600000,"mTotalActiveTime":222422.0342023543,"mWalkStepCount":369},{"mCalorie":9.18999981880188,"mDistance":170.15999794006348,"mNowHealthyStep":0,"mRunStepCount":0,"mSpeed":3.942047595977783,"mStartTime":0,"mStepCount":234,"mTimeUnit":600000,"mTotalActiveTime":155395.37776715716,"mWalkStepCount":234},{"mCalorie":0.0,"mDistance":0.0,"mNowHealthyStep":0,"mRunStepCount":0,"mSpeed":0.0,"mStartTime":0,"mStepCount":0,"mTimeUnit":600000,"mTotalActiveTime":0.0,"mWalkStepCount":0},{"mCalorie":0.0,"mDistance":0.0,"mNowHealthyStep":0,"mRunStepCount":0,"mSpeed":0.0,"mStartTime":0,"mStepCount":0,"mTimeUnit":600000,"mTotalActiveTime":0.0,"mWalkStepCount":0},{"mCalorie":0.0,"mDistance":0.0,"mNowHealthyStep":0,"mRunStepCount":0,"mSpeed":0.0,"mStartTime":0,"mStepCount":0,"mTimeUnit":600000,"mTotalActiveTime":0.0,"mWalkStepCount":0},{"mCalorie":0.0,"mDistance":0.0,"mNowHealthyStep":0,"mRunStepCount":0,"mSpeed":0.0,"mStartTime":0,"mStepCount":0,"mTimeUnit":600000,"mTotalActiveTime":0.0,"mWalkStepCount":0},{"mCalorie":0.0,"mDistance":0.0,"mNowHealthyStep":0,"mRunStepCount":0,"mSpeed":0.0,"mStartTime":0,"mStepCount":0,"mTimeUnit":600000,"mTotalActiveTime":0.0,"mWalkStepCount":0},{"mCalorie":0.0,"mDistance":0.0,"mNowHealthyStep":0,"mRunStepCount":0,"mSpeed":0.0,"mStartTime":0,"mStepCount":0,"mTimeUnit":600000,"mTotalActiveTime":0.0,"mWalkStepCount":0},{"mCalorie":0.0,"mDistance":0.0,"mNowHealthyStep":0,"mRunStepCount":0,"mSpeed":0.0,"mStartTime":0,"mStepCount":0,"mTimeUnit":600000,"mTotalActiveTime":0.0,"mWalkStepCount":0},{"mCalorie":0.0,"mDistance":0.0,"mNowHealthyStep":0,"mRunStepCount":0,"mSpeed":0.0,"mStartTime":0,"mStepCount":0,"mTimeUnit":600000,"mTotalActiveTime":0.0,"mWalkStepCount":0},{"mCalorie":0.0,"mDistance":0.0,"mNowHealthyStep":0,"mRunStepCount":0,"mSpeed":0.0,"mStartTime":0,"mStepCount":0,"mTimeUnit":600000,"mTotalActiveTime":0.0,"mWalkStepCount":0},{"mCalorie":0.0,"mDistance":0.0,"mNowHealthyStep":0,"mRunStepCount":0,"mSpeed":0.0,"mStartTime":0,"mStepCount":0,"mTimeUnit":600000,"mTotalActiveTime":0.0,"mWalkStepCount":0},{"mCalorie":0.0,"mDistance":0.0,"mNowHealthyStep":0,"mRunStepCount":0,"mSpeed":0.0,"mStartTime":0,"mStepCount":0,"mTimeUnit":600000,"mTotalActiveTime":0.0,"mWalkStepCount":0},{"mCalorie":0.0,"mDistance":0.0,"mNowHealthyStep":0,"mRunStepCount":0,"mSpeed":0.0,"mStartTime":0,"mStepCount":0,"mTimeUnit":600000,"mTotalActiveTime":0.0,"mWalkStepCount":0},{"mCalorie":0.0,"mDistance":0.0,"mNowHealthyStep":0,"mRunStepCount":0,"mSpeed":0.0,"mStartTime":0,"mStepCount":0,"mTimeUnit":600000,"mTotalActiveTime":0.0,"mWalkStepCount":0},{"mCalorie":0.0,"mDistance":0.0,"mNowHealthyStep":0,"mRunStepCount":0,"mSpeed":0.0,"mStartTime":0,"mStepCount":0,"mTimeUnit":600000,"mTotalActiveTime":0.0,"mWalkStepCount":0},{"mCalorie":0.0,"mDistance":0.0,"mNowHealthyStep":0,"mRunStepCount":0,"mSpeed":0.0,"mStartTime":0,"mStepCount":0,"mTimeUnit":600000,"mTotalActiveTime":0.0,"mWalkStepCount":0},{"mCalorie":0.0,"mDistance":0.0,"mNowHealthyStep":0,"mRunStepCount":0,"mSpeed":0.0,"mStartTime":0,"mStepCount":0,"mTimeUnit":600000,"mTotalActiveTime":0.0,"mWalkStepCount":0},{"mCalorie":0.0,"mDistance":0.0,"mNowHealthyStep":0,"mRunStepCount":0,"mSpeed":0.0,"mStartTime":0,"mStepCount":0,"mTimeUnit":600000,"mTotalActiveTime":0.0,"mWalkStepCount":0},{"mCalorie":0.0,"mDistance":0.0,"mNowHealthyStep":0,"mRunStepCount":0,"mSpeed":0.0,"mStartTime":0,"mStepCount":0,"mTimeUnit":600000,"mTotalActiveTime":0.0,"mWalkStepCount":0},{"mCalorie":0.0,"mDistance":0.0,"mNowHealthyStep":0,"mRunStepCount":0,"mSpeed":0.0,"mStartTime":0,"mStepCount":0,"mTimeUnit":600000,"mTotalActiveTime":0.0,"mWalkStepCount":0},{"mCalorie":0.0,"mDistance":0.0,"mNowHealthyStep":0,"mRunStepCount":0,"mSpeed":0.0,"mStartTime":0,"mStepCount":0,"mTimeUnit":600000,"mTotalActiveTime":0.0,"mWalkStepCount":0},{"mCalorie":0.0,"mDistance":0.0,"mNowHealthyStep":0,"mRunStepCount":0,"mSpeed":0.0,"mStartTime":0,"mStepCount":0,"mTimeUnit":600000,"mTotalActiveTime":0.0,"mWalkStepCount":0},{"mCalorie":1.4900000095367432,"mDistance":29.06999969482422,"mNowHealthyStep":0,"mRunStepCount":0,"mSpeed":4.400000095367432,"mStartTime":0,"mStepCount":39,"mTimeUnit":600000,"mTotalActiveTime":23784.544689340055,"mWalkStepCount":39},{"mCalorie":20.319999933242798,"mDistance":376.73000478744507,"mNowHealthyStep":0,"mRunStepCount":0,"mSpeed":4.038832187652588,"mStartTime":0,"mStepCount":516,"mTimeUnit":600000,"mTotalActiveTime":335797.0643462263,"mWalkStepCount":516},{"mCalorie":3.3000000715255737,"mDistance":75.11999893188477,"mNowHealthyStep":0,"mRunStepCount":0,"mSpeed":5.704950332641602,"mStartTime":0,"mStepCount":97,"mTimeUnit":600000,"mTotalActiveTime":47403.04135908009,"mWalkStepCount":97},{"mCalorie":4.969999969005585,"mDistance":108.71000099182129,"mNowHealthyStep":0,"mRunStepCount":3,"mSpeed":5.207569599151611,"mStartTime":0,"mStepCount":140,"mTimeUnit":600000,"mTotalActiveTime":75151.37305172664,"mWalkStepCount":137},{"mCalorie":0.0,"mDistance":0.0,"mNowHealthyStep":0,"mRunStepCount":0,"mSpeed":0.0,"mStartTime":0,"mStepCount":0,"mTimeUnit":600000,"mTotalActiveTime":0.0,"mWalkStepCount":0},{"mCalorie":0.0,"mDistance":0.0,"mNowHealthyStep":0,"mRunStepCount":0,"mSpeed":0.0,"mStartTime":0,"mStepCount":0,"mTimeUnit":600000,"mTotalActiveTime":0.0,"mWalkStepCount":0},{"mCalorie":0.0,"mDistance":0.0,"mNowHealthyStep":0,"mRunStepCount":0,"mSpeed":0.0,"mStartTime":0,"mStepCount":0,"mTimeUnit":600000,"mTotalActiveTime":0.0,"mWalkStepCount":0},{"mCalorie":0.0,"mDistance":0.0,"mNowHealthyStep":0,"mRunStepCount":0,"mSpeed":0.0,"mStartTime":0,"mStepCount":0,"mTimeUnit":600000,"mTotalActiveTime":0.0,"mWalkStepCount":0},{"mCalorie":0.0,"mDistance":0.0,"mNowHealthyStep":0,"mRunStepCount":0,"mSpeed":0.0,"mStartTime":0,"mStepCount":0,"mTimeUnit":600000,"mTotalActiveTime":0.0,"mWalkStepCount":0},{"mCalorie":0.0,"mDistance":0.0,"mNowHealthyStep":0,"mRunStepCount":0,"mSpeed":0.0,"mStartTime":0,"mStepCount":0,"mTimeUnit":600000,"mTotalActiveTime":0.0,"mWalkStepCount":0},{"mCalorie":2.049999952316284,"mDistance":39.589998722076416,"mNowHealthyStep":0,"mRunStepCount":0,"mSpeed":3.671699285507202,"mStartTime":0,"mStepCount":55,"mTimeUnit":600000,"mTotalActiveTime":38816.90268492745,"mWalkStepCount":55},{"mCalorie":0.0,"mDistance":0.0,"mNowHealthyStep":0,"mRunStepCount":0,"mSpeed":0.0,"mStartTime":0,"mStepCount":0,"mTimeUnit":600000,"mTotalActiveTime":0.0,"mWalkStepCount":0},{"mCalorie":0.0,"mDistance":0.0,"mNowHealthyStep":0,"mRunStepCount":0,"mSpeed":0.0,"mStartTime":0,"mStepCount":0,"mTimeUnit":600000,"mTotalActiveTime":0.0,"mWalkStepCount":0},{"mCalorie":6.129999995231628,"mDistance":108.6200008392334,"mNowHealthyStep":0,"mRunStepCount":0,"mSpeed":4.464217662811279,"mStartTime":0,"mStepCount":165,"mTimeUnit":600000,"mTotalActiveTime":87592.50256858791,"mWalkStepCount":165},{"mCalorie":15.020000129938126,"mDistance":237.48000049591064,"mNowHealthyStep":0,"mRunStepCount":0,"mSpeed":3.908269166946411,"mStartTime":0,"mStepCount":342,"mTimeUnit":600000,"mTotalActiveTime":218748.5016035863,"mWalkStepCount":342},{"mCalorie":3.650000289082527,"mDistance":72.12000072002411,"mNowHealthyStep":0,"mRunStepCount":0,"mSpeed":4.153919219970703,"mStartTime":0,"mStepCount":98,"mTimeUnit":600000,"mTotalActiveTime":62502.90249271673,"mWalkStepCount":98},{"mCalorie":0.7300000190734863,"mDistance":14.770000457763672,"mNowHealthyStep":0,"mRunStepCount":0,"mSpeed":3.8999998569488525,"mStartTime":0,"mStepCount":20,"mTimeUnit":600000,"mTotalActiveTime":13633.847076483764,"mWalkStepCount":20},{"mCalorie":7.710000097751617,"mDistance":144.44999885559082,"mNowHealthyStep":0,"mRunStepCount":2,"mSpeed":3.914513349533081,"mStartTime":0,"mStepCount":196,"mTimeUnit":600000,"mTotalActiveTime":132844.094470113,"mWalkStepCount":194},{"mCalorie":9.449999839067459,"mDistance":175.55999755859375,"mNowHealthyStep":0,"mRunStepCount":0,"mSpeed":3.7840206623077393,"mStartTime":0,"mStepCount":243,"mTimeUnit":600000,"mTotalActiveTime":167022.34353536982,"mWalkStepCount":243},{"mCalorie":0.0,"mDistance":0.0,"mNowHealthyStep":0,"mRunStepCount":0,"mSpeed":0.0,"mStartTime":0,"mStepCount":0,"mTimeUnit":600000,"mTotalActiveTime":0.0,"mWalkStepCount":0},{"mCalorie":0.0,"mDistance":0.0,"mNowHealthyStep":0,"mRunStepCount":0,"mSpeed":0.0,"mStartTime":0,"mStepCount":0,"mTimeUnit":600000,"mTotalActiveTime":0.0,"mWalkStepCount":0},{"mCalorie":1.4399999380111694,"mDistance":28.3700008392334,"mNowHealthyStep":0,"mRunStepCount":0,"mSpeed":3.7672836780548096,"mStartTime":0,"mStepCount":39,"mTimeUnit":600000,"mTotalActiveTime":27110.250689294182,"mWalkStepCount":39},{"mCalorie":8.399999916553497,"mDistance":183.89000511169434,"mNowHealthyStep":0,"mRunStepCount":0,"mSpeed":4.98275089263916,"mStartTime":0,"mStepCount":242,"mTimeUnit":600000,"mTotalActiveTime":132859.14790593841,"mWalkStepCount":242},{"mCalorie":13.599999964237213,"mDistance":257.25000381469727,"mNowHealthyStep":0,"mRunStepCount":0,"mSpeed":4.439516067504883,"mStartTime":0,"mStepCount":353,"mTimeUnit":600000,"mTotalActiveTime":208603.8216470241,"mWalkStepCount":353},{"mCalorie":0.0,"mDistance":0.0,"mNowHealthyStep":0,"mRunStepCount":0,"mSpeed":0.0,"mStartTime":0,"mStepCount":0,"mTimeUnit":600000,"mTotalActiveTime":0.0,"mWalkStepCount":0},{"mCalorie":0.0,"mDistance":0.0,"mNowHealthyStep":0,"mRunStepCount":0,"mSpeed":0.0,"mStartTime":0,"mStepCount":0,"mTimeUnit":600000,"mTotalActiveTime":0.0,"mWalkStepCount":0},{"mCalorie":0.0,"mDistance":0.0,"mNowHealthyStep":0,"mRunStepCount":0,"mSpeed":0.0,"mStartTime":0,"mStepCount":0,"mTimeUnit":600000,"mTotalActiveTime":0.0,"mWalkStepCount":0},{"mCalorie":3.6600000262260437,"mDistance":70.90000057220459,"mNowHealthyStep":0,"mRunStepCount":0,"mSpeed":3.9178578853607178,"mStartTime":0,"mStepCount":97,"mTimeUnit":600000,"mTotalActiveTime":65147.84458592722,"mWalkStepCount":97},{"mCalorie":13.150000035762787,"mDistance":276.1499996185303,"mNowHealthyStep":0,"mRunStepCount":0,"mSpeed":4.529760360717773,"mStartTime":0,"mStepCount":368,"mTimeUnit":600000,"mTotalActiveTime":219468.5650809959,"mWalkStepCount":368},{"mCalorie":2.090000033378601,"mDistance":39.82000112533569,"mNowHealthyStep":0,"mRunStepCount":0,"mSpeed":3.8364462852478027,"mStartTime":0,"mStepCount":55,"mTimeUnit":600000,"mTotalActiveTime":37365.83172354511,"mWalkStepCount":55},{"mCalorie":0.0,"mDistance":0.0,"mNowHealthyStep":0,"mRunStepCount":0,"mSpeed":0.0,"mStartTime":0,"mStepCount":0,"mTimeUnit":600000,"mTotalActiveTime":0.0,"mWalkStepCount":0},{"mCalorie":0.0,"mDistance":0.0,"mNowHealthyStep":0,"mRunStepCount":0,"mSpeed":0.0,"mStartTime":0,"mStepCount":0,"mTimeUnit":600000,"mTotalActiveTime":0.0,"mWalkStepCount":0}]