[{"mCalorie":0.0,"mDistance":0.0,"mNowHealthyStep":0,"mRunStepCount":0,"mSpeed":0.0,"mStartTime":0,"mStepCount":0,"mTimeUnit":600000,"mTotalActiveTime":0.0,"mWalkStepCount":0},{"mCalorie":0.0,"mDistance":0.0,"mNowHealthyStep":0,"mRunStepCount":0,"mSpeed":0.0,"mStartTime":0,"mStepCount":0,"mTimeUnit":600000,"mTotalActiveTime":0.0,"mWalkStepCount":0},{"mCalorie":0.0,"mDistance":0.0,"mNowHealthyStep":0,"mRunStepCount":0,"mSpeed":0.0,"mStartTime":0,"mStepCount":0,"mTimeUnit":600000,"mTotalActiveTime":0.0,"mWalkStepCount":0},{"mCalorie":0.0,"mDistance":0.0,"mNowHealthyStep":0,"mRunStepCount":0,"mSpeed":0.0,"mStartTime":0,"mStepCount":0,"mTimeUnit":600000,"mTotalActiveTime":0.0,"mWalkStepCount":0},{"mCalorie":0.0,"mDistance":0.0,"mNowHealthyStep":0,"mRunStepCount":0,"mSpeed":0.0,"mStartTime":0,"mStepCount":0,"mTimeUnit":600000,"mTotalActiveTime":0.0,"mWalkStepCount":0},{"mCalorie":0.0,"mDistance":0.0,"mNowHealthyStep":0,"mRunStepCount":0,"mSpeed":0.0,"mStartTime":0,"mStepCount":0,"mTimeUnit":600000,"mTotalActiveTime":0.0,"mWalkStepCount":0},{"mCalorie":0.0,"mDistance":0.0,"mNowHealthyStep":0,"mRunStepCount":0,"mSpeed":0.0,"mStartTime":0,"mStepCount":0,"mTimeUnit":600000,"mTotalActiveTime":0.0,"mWalkStepCount":0},{"mCalorie":0.0,"mDistance":0.0,"mNowHealthyStep":0,"mRunStepCount":0,"mSpeed":0.0,"mStartTime":0,"mStepCount":0,"mTimeUnit":600000,"mTotalActiveTime":0.0,"mWalkStepCount":0},{"mCalorie":0.0,"mDistance":0.0,"mNowHealthyStep":0,"mRunStepCount":0,"mSpeed":0.0,"mStartTime":0,"mStepCount":0,"mTimeUnit":600000,"mTotalActiveTime":0.0,"mWalkStepCount":0},{"mCalorie":0.0,"mDistance":0.0,"mNowHealthyStep":0,"mRunStepCount":0,"mSpeed":0.0,"mStartTime":0,"mStepCount":0,"mTimeUnit":600000,"mTotalActiveTime":0.0,"mWalkStepCount":0},{"mCalorie":0.0,"mDistance":0.0,"mNowHealthyStep":0,"mRunStepCount":0,"mSpeed":0.0,"mStartTime":0,"mStepCount":0,"mTimeUnit":600000,"mTotalActiveTime":0.0,"mWalkStepCount":0},{"mCalorie":0.0,"mDistance":0.0,"mNowHealthyStep":0,"mRunStepCount":0,"mSpeed":0.0,"mStartTime":0,"mStepCount":0,"mTimeUnit":600000,"mTotalActiveTime":0.0,"mWalkStepCount":0},{"mCalorie":0.0,"mDistance":0.0,"mNowHealthyStep":0,"mRunStepCount":0,"mSpeed":0.0,"mStartTime":0,"mStepCount":0,"mTimeUnit":600000,"mTotalActiveTime":0.0,"mWalkStepCount":0},{"mCalorie":0.0,"mDistance":0.0,"mNowHealthyStep":0,"mRunStepCount":0,"mSpeed":0.0,"mStartTime":0,"mStepCount":0,"mTimeUnit":600000,"mTotalActiveTime":0.0,"mWalkStepCount":0},{"mCalorie":0.0,"mDistance":0.0,"mNowHealthyStep":0,"mRunStepCount":0,"mSpeed":0.0,"mStartTime":0,"mStepCount":0,"mTimeUnit":600000,"mTotalActiveTime":0.0,"mWalkStepCount":0},{"mCalorie":0.0,"mDistance":0.0,"mNowHealthyStep":0,"mRunStepCount":0,"mSpeed":0.0,"mStartTime":0,"mStepCount":0,"mTimeUnit":600000,"mTotalActiveTime":0.0,"mWalkStepCount":0},{"mCalorie":0.0,"mDistance":0.0,"mNowHealthyStep":0,"mRunStepCount":0,"mSpeed":0.0,"mStartTime":0,"mStepCount":0,"mTimeUnit":600000,"mTotalActiveTime":0.0,"mWalkStepCount":0},{"mCalorie":0.0,"mDistance":0.0,"mNowHealthyStep":0,"mRunStepCount":0,"mSpeed":0.0,"mStartTime":0,"mStepCount":0,"mTimeUnit":600000,"mTotalActiveTime":0.0,"mWalkStepCount":0},{"mCalorie":0.0,"mDistance":0.0,"mNowHealthyStep":0,"mRunStepCount":0,"mSpeed":0.0,"mStartTime":0,"mStepCount":0,"mTimeUnit":600000,"mTotalActiveTime":0.0,"mWalkStepCount":0},{"mCalorie":0.0,"mDistance":0.0,"mNowHealthyStep":0,"mRunStepCount":0,"mSpeed":0.0,"mStartTime":0,"mStepCount":0,"mTimeUnit":600000,"mTotalActiveTime":0.0,"mWalkStepCount":0},{"mCalorie":0.0,"mDistance":0.0,"mNowHealthyStep":0,"mRunStepCount":0,"mSpeed":0.0,"mStartTime":0,"mStepCount":0,"mTimeUnit":600000,"mTotalActiveTime":0.0,"mWalkStepCount":0},{"mCalorie":0.0,"mDistance":0.0,"mNowHealthyStep":0,"mRunStepCount":0,"mSpeed":0.0,"mStartTime":0,"mStepCount":0,"mTimeUnit":600000,"mTotalActiveTime":0.0,"mWalkStepCount":0},{"mCalorie":0.0,"mDistance":0.0,"mNowHealthyStep":0,"mRunStepCount":0,"mSpeed":0.0,"mStartTime":0,"mStepCount":0,"mTimeUnit":600000,"mTotalActiveTime":0.0,"mWalkStepCount":0},{"mCalorie":0.0,"mDistance":0.0,"mNowHealthyStep":0,"mRunStepCount":0,"mSpeed":0.0,"mStartTime":0,"mStepCount":0,"mTimeUnit":600000,"mTotalActiveTime":0.0,"mWalkStepCount":0},{"mCalorie":2.489999999999983,"mDistance":52.930999999999784,"mNowHealthyStep":0,"mRunStepCount":0,"mSpeed":4.9739990234375,"mStartTime":0,"mStepCount":70,"mTimeUnit":600000,"mTotalActiveTime":38309.53570829606,"mWalkStepCount":70},{"mCalorie":1.32,"mDistance":29.599999999999998,"mNowHealthyStep":0,"mRunStepCount":0,"mSpeed":4.597765922546387,"mStartTime":0,"mStepCount":40,"mTimeUnit":600000,"mTotalActiveTime":23176.473119042366,"mWalkStepCount":40},{"mCalorie":2.5599999999999996,"mDistance":51.82,"mNowHealthyStep":0,"mRunStepCount":0,"mSpeed":4.461616039276123,"mStartTime":0,"mStepCount":70,"mTimeUnit":600000,"mTotalActiveTime":41812.65196157667,"mWalkStepCount":70},{"mCalorie":0.0,"mDistance":0.0,"mNowHealthyStep":0,"mRunStepCount":0,"mSpeed":0.0,"mStartTime":0,"mStepCount":0,"mTimeUnit":600000,"mTotalActiveTime":0.0,"mWalkStepCount":0},{"mCalorie":0.0,"mDistance":0.0,"mNowHealthyStep":0,"mRunStepCount":0,"mSpeed":0.0,"mStartTime":0,"mStepCount":0,"mTimeUnit":600000,"mTotalActiveTime":0.0,"mWalkStepCount":0},{"mCalorie":0.0,"mDistance":0.0,"mNowHealthyStep":0,"mRunStepCount":0,"mSpeed":0.0,"mStartTime":0,"mStepCount":0,"mTimeUnit":600000,"mTotalActiveTime":0.0,"mWalkStepCount":0},{"mCalorie":3.2,"mDistance":64.65,"mNowHealthyStep":0,"mRunStepCount":0,"mSpeed":4.150390625,"mStartTime":0,"mStepCount":89,"mTimeUnit":600000,"mTotalActiveTime":56076.65242850786,"mWalkStepCount":89},{"mCalorie":3.36,"mDistance":70.09,"mNowHealthyStep":0,"mRunStepCount":0,"mSpeed":4.66862678527832,"mStartTime":0,"mStepCount":94,"mTimeUnit":600000,"mTotalActiveTime":54046.72957365008,"mWalkStepCount":94},{"mCalorie":0.0,"mDistance":0.0,"mNowHealthyStep":0,"mRunStepCount":0,"mSpeed":0.0,"mStartTime":0,"mStepCount":0,"mTimeUnit":600000,"mTotalActiveTime":0.0,"mWalkStepCount":0},{"mCalorie":0.0,"mDistance":0.0,"mNowHealthyStep":0,"mRunStepCount":0,"mSpeed":0.0,"mStartTime":0,"mStepCount":0,"mTimeUnit":600000,"mTotalActiveTime":0.0,"mWalkStepCount":0},{"mCalorie":0.0,"mDistance":0.0,"mNowHealthyStep":0,"mRunStepCount":0,"mSpeed":0.0,"mStartTime":0,"mStepCount":0,"mTimeUnit":600000,"mTotalActiveTime":0.0,"mWalkStepCount":0},{"mCalorie":0.0,"mDistance":0.0,"mNowHealthyStep":0,"mRunStepCount":0,"mSpeed":0.0,"mStartTime":0,"mStepCount":0,"mTimeUnit":600000,"mTotalActiveTime":0.0,"mWalkStepCount":0},{"mCalorie":0.0,"mDistance":0.0,"mNowHealthyStep":0,"mRunStepCount":0,"mSpeed":0.0,"mStartTime":0,"mStepCount":0,"mTimeUnit":600000,"mTotalActiveTime":0.0,"mWalkStepCount":0},{"mCalorie":0.0,"mDistance":0.0,"mNowHealthyStep":0,"mRunStepCount":0,"mSpeed":0.0,"mStartTime":0,"mStepCount":0,"mTimeUnit":600000,"mTotalActiveTime":0.0,"mWalkStepCount":0},{"mCalorie":0.0,"mDistance":0.0,"mNowHealthyStep":0,"mRunStepCount":0,"mSpeed":0.0,"mStartTime":0,"mStepCount":0,"mTimeUnit":600000,"mTotalActiveTime":0.0,"mWalkStepCount":0},{"mCalorie":0.0,"mDistance":0.0,"mNowHealthyStep":0,"mRunStepCount":0,"mSpeed":0.0,"mStartTime":0,"mStepCount":0,"mTimeUnit":600000,"mTotalActiveTime":0.0,"mWalkStepCount":0},{"mCalorie":0.0,"mDistance":0.0,"mNowHealthyStep":0,"mRunStepCount":0,"mSpeed":0.0,"mStartTime":0,"mStepCount":0,"mTimeUnit":600000,"mTotalActiveTime":0.0,"mWalkStepCount":0},{"mCalorie":0.0,"mDistance":0.0,"mNowHealthyStep":0,"mRunStepCount":0,"mSpeed":0.0,"mStartTime":0,"mStepCount":0,"mTimeUnit":600000,"mTotalActiveTime":0.0,"mWalkStepCount":0},{"mCalorie":0.0,"mDistance":0.0,"mNowHealthyStep":0,"mRunStepCount":0,"mSpeed":0.0,"mStartTime":0,"mStepCount":0,"mTimeUnit":600000,"mTotalActiveTime":0.0,"mWalkStepCount":0},{"mCalorie":0.0,"mDistance":0.0,"mNowHealthyStep":0,"mRunStepCount":0,"mSpeed":0.0,"mStartTime":0,"mStepCount":0,"mTimeUnit":600000,"mTotalActiveTime":0.0,"mWalkStepCount":0},{"mCalorie":0.0,"mDistance":0.0,"mNowHealthyStep":0,"mRunStepCount":0,"mSpeed":0.0,"mStartTime":0,"mStepCount":0,"mTimeUnit":600000,"mTotalActiveTime":0.0,"mWalkStepCount":0},{"mCalorie":0.0,"mDistance":0.0,"mNowHealthyStep":0,"mRunStepCount":0,"mSpeed":0.0,"mStartTime":0,"mStepCount":0,"mTimeUnit":600000,"mTotalActiveTime":0.0,"mWalkStepCount":0},{"mCalorie":0.0,"mDistance":0.0,"mNowHealthyStep":0,"mRunStepCount":0,"mSpeed":0.0,"mStartTime":0,"mStepCount":0,"mTimeUnit":600000,"mTotalActiveTime":0.0,"mWalkStepCount":0},{"mCalorie":0.0,"mDistance":0.0,"mNowHealthyStep":0,"mRunStepCount":0,"mSpeed":0.0,"mStartTime":0,"mStepCount":0,"mTimeUnit":600000,"mTotalActiveTime":0.0,"mWalkStepCount":0},{"mCalorie":0.0,"mDistance":0.0,"mNowHealthyStep":0,"mRunStepCount":0,"mSpeed":0.0,"mStartTime":0,"mStepCount":0,"mTimeUnit":600000,"mTotalActiveTime":0.0,"mWalkStepCount":0},{"mCalorie":0.0,"mDistance":0.0,"mNowHealthyStep":0,"mRunStepCount":0,"mSpeed":0.0,"mStartTime":0,"mStepCount":0,"mTimeUnit":600000,"mTotalActiveTime":0.0,"mWalkStepCount":0},{"mCalorie":0.0,"mDistance":0.0,"mNowHealthyStep":0,"mRunStepCount":0,"mSpeed":0.0,"mStartTime":0,"mStepCount":0,"mTimeUnit":600000,"mTotalActiveTime":0.0,"mWalkStepCount":0},{"mCalorie":0.33,"mDistance":7.54,"mNowHealthyStep":0,"mRunStepCount":0,"mSpeed":4.900000095367432,"mStartTime":0,"mStepCount":10,"mTimeUnit":600000,"mTotalActiveTime":5539.591728919054,"mWalkStepCount":10},{"mCalorie":2.46,"mDistance":50.52,"mNowHealthyStep":0,"mRunStepCount":0,"mSpeed":4.397528648376465,"mStartTime":0,"mStepCount":68,"mTimeUnit":600000,"mTotalActiveTime":41357.77523809564,"mWalkStepCount":68},{"mCalorie":0.0,"mDistance":0.0,"mNowHealthyStep":0,"mRunStepCount":0,"mSpeed":0.0,"mStartTime":0,"mStepCount":0,"mTimeUnit":600000,"mTotalActiveTime":0.0,"mWalkStepCount":0},{"mCalorie":0.5,"mDistance":9.12,"mNowHealthyStep":0,"mRunStepCount":0,"mSpeed":3.6000001430511475,"mStartTime":0,"mStepCount":13,"mTimeUnit":600000,"mTotalActiveTime":9119.999637603772,"mWalkStepCount":13},{"mCalorie":1.8000000000000023,"mDistance":40.37000000000011,"mNowHealthyStep":0,"mRunStepCount":0,"mSpeed":5.1217851638793945,"mStartTime":0,"mStepCount":53,"mTimeUnit":600000,"mTotalActiveTime":28375.262041733822,"mWalkStepCount":53},{"mCalorie":2.12,"mDistance":37.14,"mNowHealthyStep":0,"mRunStepCount":0,"mSpeed":3.600282907485962,"mStartTime":0,"mStepCount":53,"mTimeUnit":600000,"mTotalActiveTime":37137.08216452416,"mWalkStepCount":53},{"mCalorie":2.59,"mDistance":44.64,"mNowHealthyStep":0,"mRunStepCount":0,"mSpeed":3.9076170921325684,"mStartTime":0,"mStepCount":72,"mTimeUnit":600000,"mTotalActiveTime":41125.83192670216,"mWalkStepCount":72},{"mCalorie":1.5699999999999998,"mDistance":32.01,"mNowHealthyStep":0,"mRunStepCount":0,"mSpeed":4.675159454345703,"mStartTime":0,"mStepCount":43,"mTimeUnit":600000,"mTotalActiveTime":24648.572125813364,"mWalkStepCount":43},{"mCalorie":7.909999999999993,"mDistance":157.47000000000003,"mNowHealthyStep":0,"mRunStepCount":0,"mSpeed":4.070895671844482,"mStartTime":0,"mStepCount":218,"mTimeUnit":600000,"mTotalActiveTime":139254.85645426897,"mWalkStepCount":218},{"mCalorie":3.4499999999999966,"mDistance":73.68999999999978,"mNowHealthyStep":0,"mRunStepCount":0,"mSpeed":5.013235569000244,"mStartTime":0,"mStepCount":97,"mTimeUnit":600000,"mTotalActiveTime":52916.7241919833,"mWalkStepCount":97},{"mCalorie":0.84,"mDistance":14.2,"mNowHealthyStep":0,"mRunStepCount":0,"mSpeed":4.149538040161133,"mStartTime":0,"mStepCount":20,"mTimeUnit":600000,"mTotalActiveTime":12319.442930460198,"mWalkStepCount":20},{"mCalorie":1.4900000000000002,"mDistance":28.81,"mNowHealthyStep":0,"mRunStepCount":0,"mSpeed":4.512695789337158,"mStartTime":0,"mStepCount":39,"mTimeUnit":600000,"mTotalActiveTime":22983.158953919694,"mWalkStepCount":39},{"mCalorie":1.31,"mDistance":25.310000000000002,"mNowHealthyStep":0,"mRunStepCount":0,"mSpeed":4.02962064743042,"mStartTime":0,"mStepCount":35,"mTimeUnit":600000,"mTotalActiveTime":22611.55688313405,"mWalkStepCount":35},{"mCalorie":1.54,"mDistance":29.659999999999997,"mNowHealthyStep":0,"mRunStepCount":2,"mSpeed":4.944058418273926,"mStartTime":0,"mStepCount":38,"mTimeUnit":600000,"mTotalActiveTime":21596.83189376107,"mWalkStepCount":36},{"mCalorie":0.0,"mDistance":0.0,"mNowHealthyStep":0,"mRunStepCount":0,"mSpeed":0.0,"mStartTime":0,"mStepCount":0,"mTimeUnit":600000,"mTotalActiveTime":0.0,"mWalkStepCount":0},{"mCalorie":0.0,"mDistance":0.0,"mNowHealthyStep":0,"mRunStepCount":0,"mSpeed":0.0,"mStartTime":0,"mStepCount":0,"mTimeUnit":600000,"mTotalActiveTime":0.0,"mWalkStepCount":0},{"mCalorie":0.0,"mDistance":0.0,"mNowHealthyStep":0,"mRunStepCount":0,"mSpeed":0.0,"mStartTime":0,"mStepCount":0,"mTimeUnit":600000,"mTotalActiveTime":0.0,"mWalkStepCount":0},{"mCalorie":0.0,"mDistance":0.0,"mNowHealthyStep":0,"mRunStepCount":0,"mSpeed":0.0,"mStartTime":0,"mStepCount":0,"mTimeUnit":600000,"mTotalActiveTime":0.0,"mWalkStepCount":0},{"mCalorie":0.54,"mDistance":9.83,"mNowHealthyStep":0,"mRunStepCount":0,"mSpeed":8.5,"mStartTime":0,"mStepCount":10,"mTimeUnit":600000,"mTotalActiveTime":4163.294117647059,"mWalkStepCount":10},{"mCalorie":2.7399999999999913,"mDistance":51.590000000000074,"mNowHealthyStep":0,"mRunStepCount":9,"mSpeed":6.371427536010742,"mStartTime":0,"mStepCount":64,"mTimeUnit":600000,"mTotalActiveTime":29149.510792249395,"mWalkStepCount":55},{"mCalorie":0.43,"mDistance":8.88,"mNowHealthyStep":0,"mRunStepCount":0,"mSpeed":4.700000286102295,"mStartTime":0,"mStepCount":12,"mTimeUnit":600000,"mTotalActiveTime":6801.701713620752,"mWalkStepCount":12},{"mCalorie":1.3800000000000001,"mDistance":27.45,"mNowHealthyStep":0,"mRunStepCount":0,"mSpeed":4.057153701782227,"mStartTime":0,"mStepCount":38,"mTimeUnit":600000,"mTotalActiveTime":24356.97746679063,"mWalkStepCount":38},{"mCalorie":0.0,"mDistance":0.0,"mNowHealthyStep":0,"mRunStepCount":0,"mSpeed":0.0,"mStartTime":0,"mStepCount":0,"mTimeUnit":600000,"mTotalActiveTime":0.0,"mWalkStepCount":0},{"mCalorie":0.97,"mDistance":16.3,"mNowHealthyStep":0,"mRunStepCount":1,"mSpeed":4.621294021606445,"mStartTime":0,"mStepCount":22,"mTimeUnit":600000,"mTotalActiveTime":12697.741782557348,"mWalkStepCount":21},{"mCalorie":3.92,"mDistance":69.76,"mNowHealthyStep":0,"mRunStepCount":2,"mSpeed":4.442091941833496,"mStartTime":0,"mStepCount":91,"mTimeUnit":600000,"mTotalActiveTime":56535.52280448158,"mWalkStepCount":89},{"mCalorie":2.740000000000001,"mDistance":49.85000000000027,"mNowHealthyStep":0,"mRunStepCount":0,"mSpeed":5.1019392013549805,"mStartTime":0,"mStepCount":77,"mTimeUnit":600000,"mTotalActiveTime":35174.86056132142,"mWalkStepCount":77},{"mCalorie":1.4,"mDistance":26.59,"mNowHealthyStep":0,"mRunStepCount":1,"mSpeed":10.199999809265137,"mStartTime":0,"mStepCount":26,"mTimeUnit":600000,"mTotalActiveTime":9384.706057842217,"mWalkStepCount":25},{"mCalorie":4.39,"mDistance":91.78,"mNowHealthyStep":0,"mRunStepCount":0,"mSpeed":4.55761194229126,"mStartTime":0,"mStepCount":124,"mTimeUnit":600000,"mTotalActiveTime":72495.86032196111,"mWalkStepCount":124},{"mCalorie":0.0,"mDistance":0.0,"mNowHealthyStep":0,"mRunStepCount":0,"mSpeed":0.0,"mStartTime":0,"mStepCount":0,"mTimeUnit":600000,"mTotalActiveTime":0.0,"mWalkStepCount":0},{"mCalorie":0.86,"mDistance":16.009999999999998,"mNowHealthyStep":0,"mRunStepCount":0,"mSpeed":4.297732830047607,"mStartTime":0,"mStepCount":22,"mTimeUnit":600000,"mTotalActiveTime":13410.791924475743,"mWalkStepCount":22},{"mCalorie":0.0,"mDistance":0.0,"mNowHealthyStep":0,"mRunStepCount":0,"mSpeed":0.0,"mStartTime":0,"mStepCount":0,"mTimeUnit":600000,"mTotalActiveTime":0.0,"mWalkStepCount":0},{"mCalorie":2.87,"mDistance":55.92999999999999,"mNowHealthyStep":0,"mRunStepCount":3,"mSpeed":6.62267541885376,"mStartTime":0,"mStepCount":67,"mTimeUnit":600000,"mTotalActiveTime":30402.818678026877,"mWalkStepCount":64},{"mCalorie":0.4,"mDistance":8.68,"mNowHealthyStep":0,"mRunStepCount":0,"mSpeed":4.299999713897705,"mStartTime":0,"mStepCount":12,"mTimeUnit":600000,"mTotalActiveTime":7266.977227697409,"mWalkStepCount":12},{"mCalorie":4.83,"mDistance":96.35,"mNowHealthyStep":0,"mRunStepCount":0,"mSpeed":4.2689337730407715,"mStartTime":0,"mStepCount":132,"mTimeUnit":600000,"mTotalActiveTime":81252.13999526542,"mWalkStepCount":132},{"mCalorie":1.76,"mDistance":31.88,"mNowHealthyStep":0,"mRunStepCount":0,"mSpeed":4.309693336486816,"mStartTime":0,"mStepCount":44,"mTimeUnit":600000,"mTotalActiveTime":26630.20224395361,"mWalkStepCount":44},{"mCalorie":2.669999999999992,"mDistance":57.44899999999958,"mNowHealthyStep":0,"mRunStepCount":0,"mSpeed":4.44180965423584,"mStartTime":0,"mStepCount":78,"mTimeUnit":600000,"mTotalActiveTime":46561.29482222593,"mWalkStepCount":78},{"mCalorie":0.7099999999999829,"mDistance":16.28999999999949,"mNowHealthyStep":0,"mRunStepCount":0,"mSpeed":4.74894905090332,"mStartTime":0,"mStepCount":22,"mTimeUnit":600000,"mTotalActiveTime":12348.837606588952,"mWalkStepCount":22},{"mCalorie":1.01,"mDistance":18.81,"mNowHealthyStep":0,"mRunStepCount":0,"mSpeed":4.454745292663574,"mStartTime":0,"mStepCount":26,"mTimeUnit":600000,"mTotalActiveTime":15200.869013080475,"mWalkStepCount":26},{"mCalorie":0.0,"mDistance":0.0,"mNowHealthyStep":0,"mRunStepCount":0,"mSpeed":0.0,"mStartTime":0,"mStepCount":0,"mTimeUnit":600000,"mTotalActiveTime":0.0,"mWalkStepCount":0},{"mCalorie":4.52,"mDistance":83.97000000000001,"mNowHealthyStep":0,"mRunStepCount":4,"mSpeed":6.047774314880371,"mStartTime":0,"mStepCount":99,"mTimeUnit":600000,"mTotalActiveTime":49984.009193289035,"mWalkStepCount":95},{"mCalorie":5.959999999999994,"mDistance":124.86999999999951,"mNowHealthyStep":0,"mRunStepCount":0,"mSpeed":4.886993408203125,"mStartTime":0,"mStepCount":166,"mTimeUnit":600000,"mTotalActiveTime":91985.39119097799,"mWalkStepCount":166},{"mCalorie":0.68,"mDistance":19.28,"mNowHealthyStep":0,"mRunStepCount":1,"mSpeed":25.0,"mStartTime":0,"mStepCount":11,"mTimeUnit":600000,"mTotalActiveTime":2776.32,"mWalkStepCount":10},{"mCalorie":1.17,"mDistance":22.43,"mNowHealthyStep":0,"mRunStepCount":0,"mSpeed":5.403774261474609,"mStartTime":0,"mStepCount":30,"mTimeUnit":600000,"mTotalActiveTime":14942.889591543762,"mWalkStepCount":30},{"mCalorie":3.4299999999999935,"mDistance":66.10000000000001,"mNowHealthyStep":0,"mRunStepCount":5,"mSpeed":5.528334140777588,"mStartTime":0,"mStepCount":85,"mTimeUnit":600000,"mTotalActiveTime":43043.709170607224,"mWalkStepCount":80},{"mCalorie":1.7199999999999998,"mDistance":31.689999999999998,"mNowHealthyStep":0,"mRunStepCount":0,"mSpeed":5.3193535804748535,"mStartTime":0,"mStepCount":41,"mTimeUnit":600000,"mTotalActiveTime":21446.96745845303,"mWalkStepCount":41},{"mCalorie":1.53,"mDistance":30.57,"mNowHealthyStep":0,"mRunStepCount":0,"mSpeed":3.758639097213745,"mStartTime":0,"mStepCount":43,"mTimeUnit":600000,"mTotalActiveTime":29279.746277546943,"mWalkStepCount":43},{"mCalorie":0.0,"mDistance":0.0,"mNowHealthyStep":0,"mRunStepCount":0,"mSpeed":0.0,"mStartTime":0,"mStepCount":0,"mTimeUnit":600000,"mTotalActiveTime":0.0,"mWalkStepCount":0},{"mCalorie":0.37,"mDistance":7.2,"mNowHealthyStep":0,"mRunStepCount":0,"mSpeed":3.9000003337860107,"mStartTime":0,"mStepCount":10,"mTimeUnit":600000,"mTotalActiveTime":6646.153277335132,"mWalkStepCount":10},{"mCalorie":0.0,"mDistance":0.0,"mNowHealthyStep":0,"mRunStepCount":0,"mSpeed":0.0,"mStartTime":0,"mStepCount":0,"mTimeUnit":600000,"mTotalActiveTime":0.0,"mWalkStepCount":0},{"mCalorie":0.0,"mDistance":0.0,"mNowHealthyStep":0,"mRunStepCount":0,"mSpeed":0.0,"mStartTime":0,"mStepCount":0,"mTimeUnit":600000,"mTotalActiveTime":0.0,"mWalkStepCount":0},{"mCalorie":3.2200000000000077,"mDistance":55.040999999999514,"mNowHealthyStep":0,"mRunStepCount":12,"mSpeed":5.616966724395752,"mStartTime":0,"mStepCount":71,"mTimeUnit":600000,"mTotalActiveTime":35276.619816745355,"mWalkStepCount":59},{"mCalorie":3.9000000000000004,"mDistance":69.0,"mNowHealthyStep":0,"mRunStepCount":0,"mSpeed":4.944369792938232,"mStartTime":0,"mStepCount":108,"mTimeUnit":600000,"mTotalActiveTime":50238.96249332585,"mWalkStepCount":108},{"mCalorie":1.37,"mDistance":25.8,"mNowHealthyStep":0,"mRunStepCount":0,"mSpeed":4.900000095367432,"mStartTime":0,"mStepCount":35,"mTimeUnit":600000,"mTotalActiveTime":18955.10167189809,"mWalkStepCount":35},{"mCalorie":3.87,"mDistance":83.25,"mNowHealthyStep":0,"mRunStepCount":0,"mSpeed":4.35468864440918,"mStartTime":0,"mStepCount":114,"mTimeUnit":600000,"mTotalActiveTime":68822.37391398943,"mWalkStepCount":114},{"mCalorie":0.0,"mDistance":0.0,"mNowHealthyStep":0,"mRunStepCount":0,"mSpeed":0.0,"mStartTime":0,"mStepCount":0,"mTimeUnit":600000,"mTotalActiveTime":0.0,"mWalkStepCount":0},{"mCalorie":0.0,"mDistance":0.0,"mNowHealthyStep":0,"mRunStepCount":0,"mSpeed":0.0,"mStartTime":0,"mStepCount":0,"mTimeUnit":600000,"mTotalActiveTime":0.0,"mWalkStepCount":0},{"mCalorie":1.05,"mDistance":22.07,"mNowHealthyStep":0,"mRunStepCount":0,"mSpeed":4.494631290435791,"mStartTime":0,"mStepCount":30,"mTimeUnit":600000,"mTotalActiveTime":17677.08959110114,"mWalkStepCount":30},{"mCalorie":4.400000000000018,"mDistance":88.94999999999986,"mNowHealthyStep":0,"mRunStepCount":6,"mSpeed":4.839017868041992,"mStartTime":0,"mStepCount":120,"mTimeUnit":600000,"mTotalActiveTime":66174.58825906985,"mWalkStepCount":114},{"mCalorie":2.9799999999999933,"mDistance":55.9500000000004,"mNowHealthyStep":0,"mRunStepCount":6,"mSpeed":5.510621547698975,"mStartTime":0,"mStepCount":70,"mTimeUnit":600000,"mTotalActiveTime":36551.23085852188,"mWalkStepCount":64},{"mCalorie":0.0,"mDistance":0.0,"mNowHealthyStep":0,"mRunStepCount":0,"mSpeed":0.0,"mStartTime":0,"mStepCount":0,"mTimeUnit":600000,"mTotalActiveTime":0.0,"mWalkStepCount":0},{"mCalorie":0.0,"mDistance":0.0,"mNowHealthyStep":0,"mRunStepCount":0,"mSpeed":0.0,"mStartTime":0,"mStepCount":0,"mTimeUnit":600000,"mTotalActiveTime":0.0,"mWalkStepCount":0},{"mCalorie":0.55,"mDistance":8.31,"mNowHealthyStep":0,"mRunStepCount":0,"mSpeed":3.4000000953674316,"mStartTime":0,"mStepCount":12,"mTimeUnit":600000,"mTotalActiveTime":8798.82328261142,"mWalkStepCount":12},{"mCalorie":2.09,"mDistance":37.75,"mNowHealthyStep":0,"mRunStepCount":0,"mSpeed":3.2775638103485107,"mStartTime":0,"mStepCount":55,"mTimeUnit":600000,"mTotalActiveTime":41463.72228916777,"mWalkStepCount":55},{"mCalorie":0.0,"mDistance":0.0,"mNowHealthyStep":0,"mRunStepCount":0,"mSpeed":0.0,"mStartTime":0,"mStepCount":0,"mTimeUnit":600000,"mTotalActiveTime":0.0,"mWalkStepCount":0},{"mCalorie":1.25,"mDistance":24.759999999999998,"mNowHealthyStep":0,"mRunStepCount":0,"mSpeed":3.8180642127990723,"mStartTime":0,"mStepCount":35,"mTimeUnit":600000,"mTotalActiveTime":23345.86148309384,"mWalkStepCount":35},{"mCalorie":0.0,"mDistance":0.0,"mNowHealthyStep":0,"mRunStepCount":0,"mSpeed":0.0,"mStartTime":0,"mStepCount":0,"mTimeUnit":600000,"mTotalActiveTime":0.0,"mWalkStepCount":0},{"mCalorie":0.64,"mDistance":10.61,"mNowHealthyStep":0,"mRunStepCount":0,"mSpeed":3.700000047683716,"mStartTime":0,"mStepCount":15,"mTimeUnit":600000,"mTotalActiveTime":10323.243110202542,"mWalkStepCount":15},{"mCalorie":0.35,"mDistance":7.01,"mNowHealthyStep":0,"mRunStepCount":0,"mSpeed":3.700000047683716,"mStartTime":0,"mStepCount":10,"mTimeUnit":600000,"mTotalActiveTime":6820.540452640888,"mWalkStepCount":10},{"mCalorie":0.0,"mDistance":0.0,"mNowHealthyStep":0,"mRunStepCount":0,"mSpeed":0.0,"mStartTime":0,"mStepCount":0,"mTimeUnit":600000,"mTotalActiveTime":0.0,"mWalkStepCount":0},{"mCalorie":0.0,"mDistance":0.0,"mNowHealthyStep":0,"mRunStepCount":0,"mSpeed":0.0,"mStartTime":0,"mStepCount":0,"mTimeUnit":600000,"mTotalActiveTime":0.0,"mWalkStepCount":0},{"mCalorie":0.0,"mDistance":0.0,"mNowHealthyStep":0,"mRunStepCount":0,"mSpeed":0.0,"mStartTime":0,"mStepCount":0,"mTimeUnit":600000,"mTotalActiveTime":0.0,"mWalkStepCount":0},{"mCalorie":0.0,"mDistance":0.0,"mNowHealthyStep":0,"mRunStepCount":0,"mSpeed":0.0,"mStartTime":0,"mStepCount":0,"mTimeUnit":600000,"mTotalActiveTime":0.0,"mWalkStepCount":0},{"mCalorie":0.0,"mDistance":0.0,"mNowHealthyStep":0,"mRunStepCount":0,"mSpeed":0.0,"mStartTime":0,"mStepCount":0,"mTimeUnit":600000,"mTotalActiveTime":0.0,"mWalkStepCount":0},{"mCalorie":0.0,"mDistance":0.0,"mNowHealthyStep":0,"mRunStepCount":0,"mSpeed":0.0,"mStartTime":0,"mStepCount":0,"mTimeUnit":600000,"mTotalActiveTime":0.0,"mWalkStepCount":0},{"mCalorie":0.0,"mDistance":0.0,"mNowHealthyStep":0,"mRunStepCount":0,"mSpeed":0.0,"mStartTime":0,"mStepCount":0,"mTimeUnit":600000,"mTotalActiveTime":0.0,"mWalkStepCount":0},{"mCalorie":0.0,"mDistance":0.0,"mNowHealthyStep":0,"mRunStepCount":0,"mSpeed":0.0,"mStartTime":0,"mStepCount":0,"mTimeUnit":600000,"mTotalActiveTime":0.0,"mWalkStepCount":0},{"mCalorie":0.0,"mDistance":0.0,"mNowHealthyStep":0,"mRunStepCount":0,"mSpeed":0.0,"mStartTime":0,"mStepCount":0,"mTimeUnit":600000,"mTotalActiveTime":0.0,"mWalkStepCount":0},{"mCalorie":2.9700000000000206,"mDistance":54.91000000000063,"mNowHealthyStep":0,"mRunStepCount":7,"mSpeed":6.588359355926514,"mStartTime":0,"mStepCount":67,"mTimeUnit":600000,"mTotalActiveTime":30003.828404850854,"mWalkStepCount":60},{"mCalorie":0.0,"mDistance":0.0,"mNowHealthyStep":0,"mRunStepCount":0,"mSpeed":0.0,"mStartTime":0,"mStepCount":0,"mTimeUnit":600000,"mTotalActiveTime":0.0,"mWalkStepCount":0},{"mCalorie":0.0,"mDistance":0.0,"mNowHealthyStep":0,"mRunStepCount":0,"mSpeed":0.0,"mStartTime":0,"mStepCount":0,"mTimeUnit":600000,"mTotalActiveTime":0.0,"mWalkStepCount":0},{"mCalorie":0.0,"mDistance":0.0,"mNowHealthyStep":0,"mRunStepCount":0,"mSpeed":0.0,"mStartTime":0,"mStepCount":0,"mTimeUnit":600000,"mTotalActiveTime":0.0,"mWalkStepCount":0},{"mCalorie":0.0,"mDistance":0.0,"mNowHealthyStep":0,"mRunStepCount":0,"mSpeed":0.0,"mStartTime":0,"mStepCount":0,"mTimeUnit":600000,"mTotalActiveTime":0.0,"mWalkStepCount":0},{"mCalorie":0.35,"mDistance":7.51,"mNowHealthyStep":0,"mRunStepCount":0,"mSpeed":4.700000286102295,"mStartTime":0,"mStepCount":10,"mTimeUnit":600000,"mTotalActiveTime":5752.340075370703,"mWalkStepCount":10},{"mCalorie":3.599999999999995,"mDistance":70.59999999999994,"mNowHealthyStep":0,"mRunStepCount":3,"mSpeed":4.336175918579102,"mStartTime":0,"mStepCount":98,"mTimeUnit":600000,"mTotalActiveTime":58613.8575672328,"mWalkStepCount":95},{"mCalorie":15.179999999999982,"mDistance":307.3100000000001,"mNowHealthyStep":0,"mRunStepCount":0,"mSpeed":4.498081684112549,"mStartTime":0,"mStepCount":435,"mTimeUnit":600000,"mTotalActiveTime":245952.83988227573,"mWalkStepCount":435},{"mCalorie":7.3099999999999845,"mDistance":145.69000000000034,"mNowHealthyStep":0,"mRunStepCount":0,"mSpeed":4.142401218414307,"mStartTime":0,"mStepCount":202,"mTimeUnit":600000,"mTotalActiveTime":126613.51775482761,"mWalkStepCount":202},{"mCalorie":0.0,"mDistance":0.0,"mNowHealthyStep":0,"mRunStepCount":0,"mSpeed":0.0,"mStartTime":0,"mStepCount":0,"mTimeUnit":600000,"mTotalActiveTime":0.0,"mWalkStepCount":0},{"mCalorie":0.0,"mDistance":0.0,"mNowHealthyStep":0,"mRunStepCount":0,"mSpeed":0.0,"mStartTime":0,"mStepCount":0,"mTimeUnit":600000,"mTotalActiveTime":0.0,"mWalkStepCount":0},{"mCalorie":0.0,"mDistance":0.0,"mNowHealthyStep":0,"mRunStepCount":0,"mSpeed":0.0,"mStartTime":0,"mStepCount":0,"mTimeUnit":600000,"mTotalActiveTime":0.0,"mWalkStepCount":0},{"mCalorie":0.45,"mDistance":11.08,"mNowHealthyStep":0,"mRunStepCount":0,"mSpeed":5.899999618530273,"mStartTime":0,"mStepCount":14,"mTimeUnit":600000,"mTotalActiveTime":6760.678403219346,"mWalkStepCount":14},{"mCalorie":15.620000000000022,"mDistance":332.7509999999996,"mNowHealthyStep":0,"mRunStepCount":0,"mSpeed":5.00558614730835,"mStartTime":0,"mStepCount":448,"mTimeUnit":600000,"mTotalActiveTime":239313.35350836307,"mWalkStepCount":448},{"mCalorie":1.1099999999999999,"mDistance":22.65,"mNowHealthyStep":0,"mRunStepCount":0,"mSpeed":3.7786738872528076,"mStartTime":0,"mStepCount":32,"mTimeUnit":600000,"mTotalActiveTime":21578.999525547046,"mWalkStepCount":32},{"mCalorie":0.0,"mDistance":0.0,"mNowHealthyStep":0,"mRunStepCount":0,"mSpeed":0.0,"mStartTime":0,"mStepCount":0,"mTimeUnit":600000,"mTotalActiveTime":0.0,"mWalkStepCount":0}]