[{"mCalorie":0.0,"mDistance":0.0,"mNowHealthyStep":0,"mRunStepCount":0,"mSpeed":0.0,"mStartTime":1602194400000,"mStepCount":0,"mTimeUnit":600000,"mTotalActiveTime":0.0,"mWalkStepCount":0},{"mCalorie":0.0,"mDistance":0.0,"mNowHealthyStep":0,"mRunStepCount":0,"mSpeed":0.0,"mStartTime":1602195000000,"mStepCount":0,"mTimeUnit":600000,"mTotalActiveTime":0.0,"mWalkStepCount":0},{"mCalorie":0.0,"mDistance":0.0,"mNowHealthyStep":0,"mRunStepCount":0,"mSpeed":0.0,"mStartTime":1602195600000,"mStepCount":0,"mTimeUnit":600000,"mTotalActiveTime":0.0,"mWalkStepCount":0},{"mCalorie":0.0,"mDistance":0.0,"mNowHealthyStep":0,"mRunStepCount":0,"mSpeed":0.0,"mStartTime":1602196200000,"mStepCount":0,"mTimeUnit":600000,"mTotalActiveTime":0.0,"mWalkStepCount":0},{"mCalorie":0.0,"mDistance":0.0,"mNowHealthyStep":0,"mRunStepCount":0,"mSpeed":0.0,"mStartTime":1602196800000,"mStepCount":0,"mTimeUnit":600000,"mTotalActiveTime":0.0,"mWalkStepCount":0},{"mCalorie":0.0,"mDistance":0.0,"mNowHealthyStep":0,"mRunStepCount":0,"mSpeed":0.0,"mStartTime":1602197400000,"mStepCount":0,"mTimeUnit":600000,"mTotalActiveTime":0.0,"mWalkStepCount":0},{"mCalorie":0.0,"mDistance":0.0,"mNowHealthyStep":0,"mRunStepCount":0,"mSpeed":0.0,"mStartTime":1602198000000,"mStepCount":0,"mTimeUnit":600000,"mTotalActiveTime":0.0,"mWalkStepCount":0},{"mCalorie":0.0,"mDistance":0.0,"mNowHealthyStep":0,"mRunStepCount":0,"mSpeed":0.0,"mStartTime":1602198600000,"mStepCount":0,"mTimeUnit":600000,"mTotalActiveTime":0.0,"mWalkStepCount":0},{"mCalorie":0.0,"mDistance":0.0,"mNowHealthyStep":0,"mRunStepCount":0,"mSpeed":0.0,"mStartTime":1602199200000,"mStepCount":0,"mTimeUnit":600000,"mTotalActiveTime":0.0,"mWalkStepCount":0},{"mCalorie":0.0,"mDistance":0.0,"mNowHealthyStep":0,"mRunStepCount":0,"mSpeed":0.0,"mStartTime":1602199800000,"mStepCount":0,"mTimeUnit":600000,"mTotalActiveTime":0.0,"mWalkStepCount":0},{"mCalorie":0.0,"mDistance":0.0,"mNowHealthyStep":0,"mRunStepCount":0,"mSpeed":0.0,"mStartTime":1602200400000,"mStepCount":0,"mTimeUnit":600000,"mTotalActiveTime":0.0,"mWalkStepCount":0},{"mCalorie":0.0,"mDistance":0.0,"mNowHealthyStep":0,"mRunStepCount":0,"mSpeed":0.0,"mStartTime":1602201000000,"mStepCount":0,"mTimeUnit":600000,"mTotalActiveTime":0.0,"mWalkStepCount":0},{"mCalorie":0.0,"mDistance":0.0,"mNowHealthyStep":0,"mRunStepCount":0,"mSpeed":0.0,"mStartTime":1602201600000,"mStepCount":0,"mTimeUnit":600000,"mTotalActiveTime":0.0,"mWalkStepCount":0},{"mCalorie":0.0,"mDistance":0.0,"mNowHealthyStep":0,"mRunStepCount":0,"mSpeed":0.0,"mStartTime":1602202200000,"mStepCount":0,"mTimeUnit":600000,"mTotalActiveTime":0.0,"mWalkStepCount":0},{"mCalorie":0.0,"mDistance":0.0,"mNowHealthyStep":0,"mRunStepCount":0,"mSpeed":0.0,"mStartTime":1602202800000,"mStepCount":0,"mTimeUnit":600000,"mTotalActiveTime":0.0,"mWalkStepCount":0},{"mCalorie":0.0,"mDistance":0.0,"mNowHealthyStep":0,"mRunStepCount":0,"mSpeed":0.0,"mStartTime":1602203400000,"mStepCount":0,"mTimeUnit":600000,"mTotalActiveTime":0.0,"mWalkStepCount":0},{"mCalorie":0.0,"mDistance":0.0,"mNowHealthyStep":0,"mRunStepCount":0,"mSpeed":0.0,"mStartTime":1602204000000,"mStepCount":0,"mTimeUnit":600000,"mTotalActiveTime":0.0,"mWalkStepCount":0},{"mCalorie":0.0,"mDistance":0.0,"mNowHealthyStep":0,"mRunStepCount":0,"mSpeed":0.0,"mStartTime":1602204600000,"mStepCount":0,"mTimeUnit":600000,"mTotalActiveTime":0.0,"mWalkStepCount":0},{"mCalorie":0.0,"mDistance":0.0,"mNowHealthyStep":0,"mRunStepCount":0,"mSpeed":0.0,"mStartTime":1602205200000,"mStepCount":0,"mTimeUnit":600000,"mTotalActiveTime":0.0,"mWalkStepCount":0},{"mCalorie":0.0,"mDistance":0.0,"mNowHealthyStep":0,"mRunStepCount":0,"mSpeed":0.0,"mStartTime":1602205800000,"mStepCount":0,"mTimeUnit":600000,"mTotalActiveTime":0.0,"mWalkStepCount":0},{"mCalorie":0.0,"mDistance":0.0,"mNowHealthyStep":0,"mRunStepCount":0,"mSpeed":0.0,"mStartTime":1602206400000,"mStepCount":0,"mTimeUnit":600000,"mTotalActiveTime":0.0,"mWalkStepCount":0},{"mCalorie":0.0,"mDistance":0.0,"mNowHealthyStep":0,"mRunStepCount":0,"mSpeed":0.0,"mStartTime":1602207000000,"mStepCount":0,"mTimeUnit":600000,"mTotalActiveTime":0.0,"mWalkStepCount":0},{"mCalorie":0.0,"mDistance":0.0,"mNowHealthyStep":0,"mRunStepCount":0,"mSpeed":0.0,"mStartTime":1602207600000,"mStepCount":0,"mTimeUnit":600000,"mTotalActiveTime":0.0,"mWalkStepCount":0},{"mCalorie":0.0,"mDistance":0.0,"mNowHealthyStep":0,"mRunStepCount":0,"mSpeed":0.0,"mStartTime":1602208200000,"mStepCount":0,"mTimeUnit":600000,"mTotalActiveTime":0.0,"mWalkStepCount":0},{"mCalorie":0.0,"mDistance":0.0,"mNowHealthyStep":0,"mRunStepCount":0,"mSpeed":0.0,"mStartTime":1602208800000,"mStepCount":0,"mTimeUnit":600000,"mTotalActiveTime":0.0,"mWalkStepCount":0},{"mCalorie":0.0,"mDistance":0.0,"mNowHealthyStep":0,"mRunStepCount":0,"mSpeed":0.0,"mStartTime":1602209400000,"mStepCount":0,"mTimeUnit":600000,"mTotalActiveTime":0.0,"mWalkStepCount":0},{"mCalorie":0.0,"mDistance":0.0,"mNowHealthyStep":0,"mRunStepCount":0,"mSpeed":0.0,"mStartTime":1602210000000,"mStepCount":0,"mTimeUnit":600000,"mTotalActiveTime":0.0,"mWalkStepCount":0},{"mCalorie":0.0,"mDistance":0.0,"mNowHealthyStep":0,"mRunStepCount":0,"mSpeed":0.0,"mStartTime":1602210600000,"mStepCount":0,"mTimeUnit":600000,"mTotalActiveTime":0.0,"mWalkStepCount":0},{"mCalorie":0.0,"mDistance":0.0,"mNowHealthyStep":0,"mRunStepCount":0,"mSpeed":0.0,"mStartTime":1602211200000,"mStepCount":0,"mTimeUnit":600000,"mTotalActiveTime":0.0,"mWalkStepCount":0},{"mCalorie":0.0,"mDistance":0.0,"mNowHealthyStep":0,"mRunStepCount":0,"mSpeed":0.0,"mStartTime":1602211800000,"mStepCount":0,"mTimeUnit":600000,"mTotalActiveTime":0.0,"mWalkStepCount":0},{"mCalorie":0.0,"mDistance":0.0,"mNowHealthyStep":0,"mRunStepCount":0,"mSpeed":0.0,"mStartTime":1602212400000,"mStepCount":0,"mTimeUnit":600000,"mTotalActiveTime":0.0,"mWalkStepCount":0},{"mCalorie":0.0,"mDistance":0.0,"mNowHealthyStep":0,"mRunStepCount":0,"mSpeed":0.0,"mStartTime":1602213000000,"mStepCount":0,"mTimeUnit":600000,"mTotalActiveTime":0.0,"mWalkStepCount":0},{"mCalorie":0.0,"mDistance":0.0,"mNowHealthyStep":0,"mRunStepCount":0,"mSpeed":0.0,"mStartTime":1602213600000,"mStepCount":0,"mTimeUnit":600000,"mTotalActiveTime":0.0,"mWalkStepCount":0},{"mCalorie":0.0,"mDistance":0.0,"mNowHealthyStep":0,"mRunStepCount":0,"mSpeed":0.0,"mStartTime":1602214200000,"mStepCount":0,"mTimeUnit":600000,"mTotalActiveTime":0.0,"mWalkStepCount":0},{"mCalorie":0.0,"mDistance":0.0,"mNowHealthyStep":0,"mRunStepCount":0,"mSpeed":0.0,"mStartTime":1602214800000,"mStepCount":0,"mTimeUnit":600000,"mTotalActiveTime":0.0,"mWalkStepCount":0},{"mCalorie":0.0,"mDistance":0.0,"mNowHealthyStep":0,"mRunStepCount":0,"mSpeed":0.0,"mStartTime":1602215400000,"mStepCount":0,"mTimeUnit":600000,"mTotalActiveTime":0.0,"mWalkStepCount":0},{"mCalorie":0.0,"mDistance":0.0,"mNowHealthyStep":0,"mRunStepCount":0,"mSpeed":0.0,"mStartTime":1602216000000,"mStepCount":0,"mTimeUnit":600000,"mTotalActiveTime":0.0,"mWalkStepCount":0},{"mCalorie":5.380000019073487,"mDistance":91.50000137329101,"mNowHealthyStep":0,"mRunStepCount":0,"mSpeed":4.3239359855651855,"mStartTime":1602216600000,"mStepCount":138,"mTimeUnit":600000,"mTotalActiveTime":76180.59472035362,"mWalkStepCount":138},{"mCalorie":5.140000075101852,"mDistance":96.8200011253357,"mNowHealthyStep":0,"mRunStepCount":0,"mSpeed":3.9882447719573975,"mStartTime":1602217200000,"mStepCount":133,"mTimeUnit":600000,"mTotalActiveTime":87394.83560045433,"mWalkStepCount":133},{"mCalorie":0.0,"mDistance":0.0,"mNowHealthyStep":0,"mRunStepCount":0,"mSpeed":0.0,"mStartTime":1602217800000,"mStepCount":0,"mTimeUnit":600000,"mTotalActiveTime":0.0,"mWalkStepCount":0},{"mCalorie":0.0,"mDistance":0.0,"mNowHealthyStep":0,"mRunStepCount":0,"mSpeed":0.0,"mStartTime":1602218400000,"mStepCount":0,"mTimeUnit":600000,"mTotalActiveTime":0.0,"mWalkStepCount":0},{"mCalorie":1.22,"mDistance":19.439999999999998,"mNowHealthyStep":0,"mRunStepCount":1,"mSpeed":5.454108238220215,"mStartTime":1602219000000,"mStepCount":24,"mTimeUnit":600000,"mTotalActiveTime":12831.42805374967,"mWalkStepCount":23},{"mCalorie":0.0,"mDistance":0.0,"mNowHealthyStep":0,"mRunStepCount":0,"mSpeed":0.0,"mStartTime":1602219600000,"mStepCount":0,"mTimeUnit":600000,"mTotalActiveTime":0.0,"mWalkStepCount":0},{"mCalorie":5.000000026226044,"mDistance":86.63999843597412,"mNowHealthyStep":0,"mRunStepCount":9,"mSpeed":4.275455951690674,"mStartTime":1602220200000,"mStepCount":115,"mTimeUnit":600000,"mTotalActiveTime":72952.21446573653,"mWalkStepCount":106},{"mCalorie":4.009999986886978,"mDistance":73.6199997329712,"mNowHealthyStep":0,"mRunStepCount":0,"mSpeed":3.5578267574310303,"mStartTime":1602220800000,"mStepCount":104,"mTimeUnit":600000,"mTotalActiveTime":74492.6636537013,"mWalkStepCount":104},{"mCalorie":0.37,"mDistance":7.75,"mNowHealthyStep":0,"mRunStepCount":0,"mSpeed":3.700000047683716,"mStartTime":1602221400000,"mStepCount":11,"mTimeUnit":600000,"mTotalActiveTime":7540.540443361896,"mWalkStepCount":11},{"mCalorie":3.190000021457672,"mDistance":61.23000043869018,"mNowHealthyStep":0,"mRunStepCount":0,"mSpeed":3.814467430114746,"mStartTime":1602222000000,"mStepCount":85,"mTimeUnit":600000,"mTotalActiveTime":57787.35927894794,"mWalkStepCount":85},{"mCalorie":2.3200000143051147,"mDistance":44.12999984741211,"mNowHealthyStep":0,"mRunStepCount":0,"mSpeed":4.08992338180542,"mStartTime":1602222600000,"mStepCount":61,"mTimeUnit":600000,"mTotalActiveTime":38843.759577789155,"mWalkStepCount":61},{"mCalorie":3.6600000000000006,"mDistance":74.01,"mNowHealthyStep":0,"mRunStepCount":0,"mSpeed":4.193603038787842,"mStartTime":1602223200000,"mStepCount":101,"mTimeUnit":600000,"mTotalActiveTime":63533.9093577945,"mWalkStepCount":101},{"mCalorie":3.65,"mDistance":77.27000000000001,"mNowHealthyStep":0,"mRunStepCount":0,"mSpeed":4.624087333679199,"mStartTime":1602223800000,"mStepCount":104,"mTimeUnit":600000,"mTotalActiveTime":60157.16988127989,"mWalkStepCount":104},{"mCalorie":1.6400000000000001,"mDistance":32.370000000000005,"mNowHealthyStep":0,"mRunStepCount":0,"mSpeed":3.9088962078094482,"mStartTime":1602224400000,"mStepCount":45,"mTimeUnit":600000,"mTotalActiveTime":29811.996854645993,"mWalkStepCount":45},{"mCalorie":5.4299999380111705,"mDistance":103.38000053405773,"mNowHealthyStep":0,"mRunStepCount":0,"mSpeed":4.163471221923828,"mStartTime":1602225000000,"mStepCount":140,"mTimeUnit":600000,"mTotalActiveTime":89388.876714292,"mWalkStepCount":140},{"mCalorie":1.6800000047683716,"mDistance":33.4,"mNowHealthyStep":0,"mRunStepCount":0,"mSpeed":4.066892623901367,"mStartTime":1602225600000,"mStepCount":46,"mTimeUnit":600000,"mTotalActiveTime":29565.570583685287,"mWalkStepCount":46},{"mCalorie":0.0,"mDistance":0.0,"mNowHealthyStep":0,"mRunStepCount":0,"mSpeed":0.0,"mStartTime":1602226200000,"mStepCount":0,"mTimeUnit":600000,"mTotalActiveTime":0.0,"mWalkStepCount":0},{"mCalorie":8.97000002861023,"mDistance":167.12000274658203,"mNowHealthyStep":0,"mRunStepCount":0,"mSpeed":3.9435291290283203,"mStartTime":1602226800000,"mStepCount":230,"mTimeUnit":600000,"mTotalActiveTime":152561.8304023051,"mWalkStepCount":230},{"mCalorie":0.5299999713897705,"mDistance":10.130000114440918,"mNowHealthyStep":0,"mRunStepCount":0,"mSpeed":3.799999475479126,"mStartTime":1602227400000,"mStepCount":14,"mTimeUnit":600000,"mTotalActiveTime":9596.843538350542,"mWalkStepCount":14},{"mCalorie":1.81,"mDistance":38.980000000000004,"mNowHealthyStep":0,"mRunStepCount":0,"mSpeed":5.03757381439209,"mStartTime":1602228000000,"mStepCount":51,"mTimeUnit":600000,"mTotalActiveTime":27856.266179004935,"mWalkStepCount":51},{"mCalorie":12.549999656677246,"mDistance":231.31999198913576,"mNowHealthyStep":0,"mRunStepCount":0,"mSpeed":4.075551986694336,"mStartTime":1602228600000,"mStepCount":328,"mTimeUnit":600000,"mTotalActiveTime":204328.63163090564,"mWalkStepCount":328},{"mCalorie":0.9299999999999999,"mDistance":17.42,"mNowHealthyStep":0,"mRunStepCount":0,"mSpeed":4.127094268798828,"mStartTime":1602229200000,"mStepCount":24,"mTimeUnit":600000,"mTotalActiveTime":15195.19387053854,"mWalkStepCount":24},{"mCalorie":16.400000047683715,"mDistance":314.02999771118164,"mNowHealthyStep":0,"mRunStepCount":0,"mSpeed":4.206376552581787,"mStartTime":1602229800000,"mStepCount":437,"mTimeUnit":600000,"mTotalActiveTime":268760.52039579954,"mWalkStepCount":437},{"mCalorie":0.0,"mDistance":0.0,"mNowHealthyStep":0,"mRunStepCount":0,"mSpeed":0.0,"mStartTime":1602230400000,"mStepCount":0,"mTimeUnit":600000,"mTotalActiveTime":0.0,"mWalkStepCount":0},{"mCalorie":6.070000000000006,"mDistance":124.30000000000001,"mNowHealthyStep":0,"mRunStepCount":0,"mSpeed":4.520279407501221,"mStartTime":1602231000000,"mStepCount":169,"mTimeUnit":600000,"mTotalActiveTime":98993.8823158681,"mWalkStepCount":169},{"mCalorie":1.52,"mDistance":28.19,"mNowHealthyStep":0,"mRunStepCount":0,"mSpeed":3.8774287700653076,"mStartTime":1602231600000,"mStepCount":39,"mTimeUnit":600000,"mTotalActiveTime":26173.014629427482,"mWalkStepCount":39},{"mCalorie":1.25,"mDistance":21.7,"mNowHealthyStep":0,"mRunStepCount":0,"mSpeed":3.677271842956543,"mStartTime":1602232200000,"mStepCount":31,"mTimeUnit":600000,"mTotalActiveTime":21244.01011526319,"mWalkStepCount":31},{"mCalorie":2.1799999999999997,"mDistance":43.809999999999995,"mNowHealthyStep":0,"mRunStepCount":0,"mSpeed":4.667809009552002,"mStartTime":1602232800000,"mStepCount":59,"mTimeUnit":600000,"mTotalActiveTime":33788.01541080399,"mWalkStepCount":59},{"mCalorie":5.009999999999995,"mDistance":97.07999999999994,"mNowHealthyStep":0,"mRunStepCount":7,"mSpeed":4.751486301422119,"mStartTime":1602233400000,"mStepCount":130,"mTimeUnit":600000,"mTotalActiveTime":73553.40229140104,"mWalkStepCount":123},{"mCalorie":5.949999999999977,"mDistance":119.27000000000027,"mNowHealthyStep":0,"mRunStepCount":0,"mSpeed":4.972203254699707,"mStartTime":1602234000000,"mStepCount":161,"mTimeUnit":600000,"mTotalActiveTime":86354.47531866902,"mWalkStepCount":161},{"mCalorie":5.3500000000000005,"mDistance":112.97000000000003,"mNowHealthyStep":0,"mRunStepCount":0,"mSpeed":4.489779472351074,"mStartTime":1602234600000,"mStepCount":153,"mTimeUnit":600000,"mTotalActiveTime":90581.72967181227,"mWalkStepCount":153},{"mCalorie":3.64,"mDistance":70.99,"mNowHealthyStep":0,"mRunStepCount":0,"mSpeed":3.6975648403167725,"mStartTime":1602235200000,"mStepCount":101,"mTimeUnit":600000,"mTotalActiveTime":69116.84197645474,"mWalkStepCount":101},{"mCalorie":0.71,"mDistance":15.87,"mNowHealthyStep":0,"mRunStepCount":0,"mSpeed":5.899999618530273,"mStartTime":1602235800000,"mStepCount":20,"mTimeUnit":600000,"mTotalActiveTime":9683.390456596662,"mWalkStepCount":20},{"mCalorie":1.9900000047683717,"mDistance":40.51999988555909,"mNowHealthyStep":0,"mRunStepCount":0,"mSpeed":4.233345031738281,"mStartTime":1602236400000,"mStepCount":55,"mTimeUnit":600000,"mTotalActiveTime":34457.855609598526,"mWalkStepCount":55},{"mCalorie":0.41,"mDistance":9.77,"mNowHealthyStep":0,"mRunStepCount":0,"mSpeed":6.5,"mStartTime":1602237000000,"mStepCount":12,"mTimeUnit":600000,"mTotalActiveTime":5411.076923076923,"mWalkStepCount":12},{"mCalorie":2.9600000238418582,"mDistance":57.970000381469724,"mNowHealthyStep":0,"mRunStepCount":0,"mSpeed":3.9526243209838867,"mStartTime":1602237600000,"mStepCount":81,"mTimeUnit":600000,"mTotalActiveTime":52798.34062708313,"mWalkStepCount":81},{"mCalorie":4.7900000512599945,"mDistance":94.0000006866455,"mNowHealthyStep":0,"mRunStepCount":5,"mSpeed":4.758990287780762,"mStartTime":1602238200000,"mStepCount":120,"mTimeUnit":600000,"mTotalActiveTime":71107.52432862036,"mWalkStepCount":115},{"mCalorie":14.309999955892563,"mDistance":248.83999759674072,"mNowHealthyStep":0,"mRunStepCount":0,"mSpeed":4.330222129821777,"mStartTime":1602238800000,"mStepCount":350,"mTimeUnit":600000,"mTotalActiveTime":206877.14402179682,"mWalkStepCount":350},{"mCalorie":1.2699999761581422,"mDistance":21.749999656677247,"mNowHealthyStep":0,"mRunStepCount":0,"mSpeed":5.207755088806152,"mStartTime":1602239400000,"mStepCount":25,"mTimeUnit":600000,"mTotalActiveTime":15035.268929173773,"mWalkStepCount":25},{"mCalorie":11.760000081062316,"mDistance":219.16000175476074,"mNowHealthyStep":0,"mRunStepCount":0,"mSpeed":3.945627450942993,"mStartTime":1602240000000,"mStepCount":303,"mTimeUnit":600000,"mTotalActiveTime":199962.10859612375,"mWalkStepCount":303},{"mCalorie":0.99,"mDistance":18.1,"mNowHealthyStep":0,"mRunStepCount":0,"mSpeed":3.6378068923950195,"mStartTime":1602240600000,"mStepCount":26,"mTimeUnit":600000,"mTotalActiveTime":17911.891361955386,"mWalkStepCount":26},{"mCalorie":0.0,"mDistance":0.0,"mNowHealthyStep":0,"mRunStepCount":0,"mSpeed":0.0,"mStartTime":1602241200000,"mStepCount":0,"mTimeUnit":600000,"mTotalActiveTime":0.0,"mWalkStepCount":0},{"mCalorie":0.73,"mDistance":13.73,"mNowHealthyStep":0,"mRunStepCount":4,"mSpeed":9.800000190734863,"mStartTime":1602241800000,"mStepCount":14,"mTimeUnit":600000,"mTotalActiveTime":5043.673371224047,"mWalkStepCount":10},{"mCalorie":0.0,"mDistance":0.0,"mNowHealthyStep":0,"mRunStepCount":0,"mSpeed":0.0,"mStartTime":1602242400000,"mStepCount":0,"mTimeUnit":600000,"mTotalActiveTime":0.0,"mWalkStepCount":0},{"mCalorie":0.0,"mDistance":0.0,"mNowHealthyStep":0,"mRunStepCount":0,"mSpeed":0.0,"mStartTime":1602243000000,"mStepCount":0,"mTimeUnit":600000,"mTotalActiveTime":0.0,"mWalkStepCount":0},{"mCalorie":2.769999999999998,"mDistance":58.36999999999985,"mNowHealthyStep":0,"mRunStepCount":0,"mSpeed":4.195333957672119,"mStartTime":1602243600000,"mStepCount":80,"mTimeUnit":600000,"mTotalActiveTime":50087.07075224622,"mWalkStepCount":80},{"mCalorie":17.219999985694884,"mDistance":347.2100037002563,"mNowHealthyStep":0,"mRunStepCount":0,"mSpeed":4.542343616485596,"mStartTime":1602244200000,"mStepCount":478,"mTimeUnit":600000,"mTotalActiveTime":275178.656205573,"mWalkStepCount":478},{"mCalorie":2.2300000000000004,"mDistance":45.58,"mNowHealthyStep":0,"mRunStepCount":0,"mSpeed":4.071872234344482,"mStartTime":1602244800000,"mStepCount":63,"mTimeUnit":600000,"mTotalActiveTime":40297.92363868657,"mWalkStepCount":63},{"mCalorie":0.0,"mDistance":0.0,"mNowHealthyStep":0,"mRunStepCount":0,"mSpeed":0.0,"mStartTime":1602245400000,"mStepCount":0,"mTimeUnit":600000,"mTotalActiveTime":0.0,"mWalkStepCount":0},{"mCalorie":1.03,"mDistance":20.86,"mNowHealthyStep":0,"mRunStepCount":0,"mSpeed":4.400000095367432,"mStartTime":1602246000000,"mStepCount":28,"mTimeUnit":600000,"mTotalActiveTime":17067.27235734956,"mWalkStepCount":28},{"mCalorie":0.0,"mDistance":0.0,"mNowHealthyStep":0,"mRunStepCount":0,"mSpeed":0.0,"mStartTime":1602246600000,"mStepCount":0,"mTimeUnit":600000,"mTotalActiveTime":0.0,"mWalkStepCount":0},{"mCalorie":3.240000000000032,"mDistance":65.13999999999965,"mNowHealthyStep":0,"mRunStepCount":0,"mSpeed":4.35576868057251,"mStartTime":1602247200000,"mStepCount":89,"mTimeUnit":600000,"mTotalActiveTime":53837.57117643426,"mWalkStepCount":89},{"mCalorie":3.6899999999999995,"mDistance":69.23,"mNowHealthyStep":0,"mRunStepCount":7,"mSpeed":5.31817626953125,"mStartTime":1602247800000,"mStepCount":89,"mTimeUnit":600000,"mTotalActiveTime":46863.433758769934,"mWalkStepCount":82},{"mCalorie":3.12,"mDistance":62.75999999999999,"mNowHealthyStep":0,"mRunStepCount":0,"mSpeed":4.955971717834473,"mStartTime":1602248400000,"mStepCount":83,"mTimeUnit":600000,"mTotalActiveTime":45588.63677808221,"mWalkStepCount":83},{"mCalorie":1.74,"mDistance":30.82,"mNowHealthyStep":0,"mRunStepCount":0,"mSpeed":3.6279125213623047,"mStartTime":1602249000000,"mStepCount":44,"mTimeUnit":600000,"mTotalActiveTime":30582.876200034396,"mWalkStepCount":44},{"mCalorie":5.330000000000003,"mDistance":99.55999999999982,"mNowHealthyStep":0,"mRunStepCount":9,"mSpeed":4.820969581604004,"mStartTime":1602249600000,"mStepCount":134,"mTimeUnit":600000,"mTotalActiveTime":74345.21318627059,"mWalkStepCount":125},{"mCalorie":10.43999870777128,"mDistance":202.12999191284217,"mNowHealthyStep":0,"mRunStepCount":0,"mSpeed":4.499263763427734,"mStartTime":1602250200000,"mStepCount":279,"mTimeUnit":600000,"mTotalActiveTime":161730.45373529027,"mWalkStepCount":279},{"mCalorie":13.600000262260444,"mDistance":272.7600018310544,"mNowHealthyStep":0,"mRunStepCount":1,"mSpeed":4.623824119567871,"mStartTime":1602250800000,"mStepCount":365,"mTimeUnit":600000,"mTotalActiveTime":212364.48134220048,"mWalkStepCount":364},{"mCalorie":9.569999998807928,"mDistance":193.22000064849874,"mNowHealthyStep":0,"mRunStepCount":0,"mSpeed":4.424483776092529,"mStartTime":1602251400000,"mStepCount":266,"mTimeUnit":600000,"mTotalActiveTime":157214.27677357913,"mWalkStepCount":266},{"mCalorie":13.830000041723258,"mDistance":285.3200014877319,"mNowHealthyStep":0,"mRunStepCount":0,"mSpeed":4.832169532775879,"mStartTime":1602252000000,"mStepCount":385,"mTimeUnit":600000,"mTotalActiveTime":212565.38818326674,"mWalkStepCount":385},{"mCalorie":0.0,"mDistance":0.0,"mNowHealthyStep":0,"mRunStepCount":0,"mSpeed":0.0,"mStartTime":1602252600000,"mStepCount":0,"mTimeUnit":600000,"mTotalActiveTime":0.0,"mWalkStepCount":0},{"mCalorie":0.0,"mDistance":0.0,"mNowHealthyStep":0,"mRunStepCount":0,"mSpeed":0.0,"mStartTime":1602253200000,"mStepCount":0,"mTimeUnit":600000,"mTotalActiveTime":0.0,"mWalkStepCount":0},{"mCalorie":0.51,"mDistance":10.75,"mNowHealthyStep":0,"mRunStepCount":0,"mSpeed":4.0,"mStartTime":1602253800000,"mStepCount":15,"mTimeUnit":600000,"mTotalActiveTime":9674.999999999998,"mWalkStepCount":15},{"mCalorie":3.3700000000000014,"mDistance":65.43,"mNowHealthyStep":0,"mRunStepCount":0,"mSpeed":4.072508335113525,"mStartTime":1602254400000,"mStepCount":91,"mTimeUnit":600000,"mTotalActiveTime":57838.55663108417,"mWalkStepCount":91},{"mCalorie":4.470000000000011,"mDistance":93.89000000000004,"mNowHealthyStep":0,"mRunStepCount":0,"mSpeed":4.650500297546387,"mStartTime":1602255000000,"mStepCount":127,"mTimeUnit":600000,"mTotalActiveTime":72681.2158447679,"mWalkStepCount":127},{"mCalorie":10.750000000000002,"mDistance":227.99000000000012,"mNowHealthyStep":0,"mRunStepCount":0,"mSpeed":4.672210216522217,"mStartTime":1602255600000,"mStepCount":306,"mTimeUnit":600000,"mTotalActiveTime":175669.31422919894,"mWalkStepCount":306},{"mCalorie":6.3199999773502356,"mDistance":130.60999996185302,"mNowHealthyStep":0,"mRunStepCount":1,"mSpeed":4.509363174438477,"mStartTime":1602256200000,"mStepCount":175,"mTimeUnit":600000,"mTotalActiveTime":104271.04492017657,"mWalkStepCount":174},{"mCalorie":0.0,"mDistance":0.0,"mNowHealthyStep":0,"mRunStepCount":0,"mSpeed":0.0,"mStartTime":1602256800000,"mStepCount":0,"mTimeUnit":600000,"mTotalActiveTime":0.0,"mWalkStepCount":0},{"mCalorie":0.0,"mDistance":0.0,"mNowHealthyStep":0,"mRunStepCount":0,"mSpeed":0.0,"mStartTime":1602257400000,"mStepCount":0,"mTimeUnit":600000,"mTotalActiveTime":0.0,"mWalkStepCount":0},{"mCalorie":0.0,"mDistance":0.0,"mNowHealthyStep":0,"mRunStepCount":0,"mSpeed":0.0,"mStartTime":1602258000000,"mStepCount":0,"mTimeUnit":600000,"mTotalActiveTime":0.0,"mWalkStepCount":0},{"mCalorie":0.0,"mDistance":0.0,"mNowHealthyStep":0,"mRunStepCount":0,"mSpeed":0.0,"mStartTime":1602258600000,"mStepCount":0,"mTimeUnit":600000,"mTotalActiveTime":0.0,"mWalkStepCount":0},{"mCalorie":1.5100000000000204,"mDistance":30.500000000000654,"mNowHealthyStep":0,"mRunStepCount":0,"mSpeed":4.5706000328063965,"mStartTime":1602259200000,"mStepCount":41,"mTimeUnit":600000,"mTotalActiveTime":24023.104614932206,"mWalkStepCount":41},{"mCalorie":0.0,"mDistance":0.0,"mNowHealthyStep":0,"mRunStepCount":0,"mSpeed":0.0,"mStartTime":1602259800000,"mStepCount":0,"mTimeUnit":600000,"mTotalActiveTime":0.0,"mWalkStepCount":0},{"mCalorie":3.1100000000000003,"mDistance":65.6,"mNowHealthyStep":0,"mRunStepCount":0,"mSpeed":4.951447010040283,"mStartTime":1602260400000,"mStepCount":87,"mTimeUnit":600000,"mTotalActiveTime":47695.14872858421,"mWalkStepCount":87},{"mCalorie":3.98999999165535,"mDistance":76.0000004196167,"mNowHealthyStep":0,"mRunStepCount":1,"mSpeed":4.824365615844727,"mStartTime":1602261000000,"mStepCount":100,"mTimeUnit":600000,"mTotalActiveTime":56712.12169105533,"mWalkStepCount":99},{"mCalorie":0.0,"mDistance":0.0,"mNowHealthyStep":0,"mRunStepCount":0,"mSpeed":0.0,"mStartTime":1602261600000,"mStepCount":0,"mTimeUnit":600000,"mTotalActiveTime":0.0,"mWalkStepCount":0},{"mCalorie":1.0300000000000205,"mDistance":20.549999999999272,"mNowHealthyStep":0,"mRunStepCount":0,"mSpeed":3.7596333026885986,"mStartTime":1602262200000,"mStepCount":29,"mTimeUnit":600000,"mTotalActiveTime":19677.45153951982,"mWalkStepCount":29},{"mCalorie":0.7599999982118607,"mDistance":14.089999957084656,"mNowHealthyStep":0,"mRunStepCount":0,"mSpeed":3.678814172744751,"mStartTime":1602262800000,"mStepCount":20,"mTimeUnit":600000,"mTotalActiveTime":13788.138892619623,"mWalkStepCount":20},{"mCalorie":0.46,"mDistance":11.85,"mNowHealthyStep":0,"mRunStepCount":0,"mSpeed":5.899999618530273,"mStartTime":1602263400000,"mStepCount":15,"mTimeUnit":600000,"mTotalActiveTime":7230.508942071231,"mWalkStepCount":15},{"mCalorie":0.0,"mDistance":0.0,"mNowHealthyStep":0,"mRunStepCount":0,"mSpeed":0.0,"mStartTime":1602264000000,"mStepCount":0,"mTimeUnit":600000,"mTotalActiveTime":0.0,"mWalkStepCount":0},{"mCalorie":2.5699999833106997,"mDistance":50.739998741149904,"mNowHealthyStep":0,"mRunStepCount":0,"mSpeed":3.6064372062683105,"mStartTime":1602264600000,"mStepCount":71,"mTimeUnit":600000,"mTotalActiveTime":50649.43069387713,"mWalkStepCount":71},{"mCalorie":3.6599999748170378,"mDistance":62.49000046730041,"mNowHealthyStep":0,"mRunStepCount":0,"mSpeed":4.665327072143555,"mStartTime":1602265200000,"mStepCount":107,"mTimeUnit":600000,"mTotalActiveTime":48220.41146653611,"mWalkStepCount":107},{"mCalorie":3.00000002145768,"mDistance":65.18000007629325,"mNowHealthyStep":0,"mRunStepCount":0,"mSpeed":4.456096649169922,"mStartTime":1602265800000,"mStepCount":88,"mTimeUnit":600000,"mTotalActiveTime":52657.747085898576,"mWalkStepCount":88},{"mCalorie":7.680000176429749,"mDistance":149.4300004196167,"mNowHealthyStep":0,"mRunStepCount":0,"mSpeed":4.518752574920654,"mStartTime":1602266400000,"mStepCount":205,"mTimeUnit":600000,"mTotalActiveTime":119047.89447859519,"mWalkStepCount":205},{"mCalorie":1.7399999797344208,"mDistance":31.609999179840088,"mNowHealthyStep":0,"mRunStepCount":0,"mSpeed":3.314868450164795,"mStartTime":1602267000000,"mStepCount":45,"mTimeUnit":600000,"mTotalActiveTime":34328.96366137035,"mWalkStepCount":45},{"mCalorie":0.0,"mDistance":0.0,"mNowHealthyStep":0,"mRunStepCount":0,"mSpeed":0.0,"mStartTime":1602267600000,"mStepCount":0,"mTimeUnit":600000,"mTotalActiveTime":0.0,"mWalkStepCount":0},{"mCalorie":0.0,"mDistance":0.0,"mNowHealthyStep":0,"mRunStepCount":0,"mSpeed":0.0,"mStartTime":1602268200000,"mStepCount":0,"mTimeUnit":600000,"mTotalActiveTime":0.0,"mWalkStepCount":0},{"mCalorie":0.2800000011920929,"mDistance":5.950000286102295,"mNowHealthyStep":0,"mRunStepCount":0,"mSpeed":5.225370407104492,"mStartTime":1602268800000,"mStepCount":8,"mTimeUnit":600000,"mTotalActiveTime":4099.231128351266,"mWalkStepCount":8},{"mCalorie":9.899999633431435,"mDistance":191.57999801635742,"mNowHealthyStep":0,"mRunStepCount":0,"mSpeed":4.668368339538574,"mStartTime":1602269400000,"mStepCount":255,"mTimeUnit":600000,"mTotalActiveTime":147736.41819981954,"mWalkStepCount":255},{"mCalorie":3.0799999833106995,"mDistance":59.90999984741211,"mNowHealthyStep":0,"mRunStepCount":0,"mSpeed":3.936845064163208,"mStartTime":1602270000000,"mStepCount":82,"mTimeUnit":600000,"mTotalActiveTime":54783.97098870401,"mWalkStepCount":82},{"mCalorie":0.0,"mDistance":0.0,"mNowHealthyStep":0,"mRunStepCount":0,"mSpeed":0.0,"mStartTime":1602270600000,"mStepCount":0,"mTimeUnit":600000,"mTotalActiveTime":0.0,"mWalkStepCount":0},{"mCalorie":0.0,"mDistance":0.0,"mNowHealthyStep":0,"mRunStepCount":0,"mSpeed":0.0,"mStartTime":1602271200000,"mStepCount":0,"mTimeUnit":600000,"mTotalActiveTime":0.0,"mWalkStepCount":0},{"mCalorie":0.0,"mDistance":0.0,"mNowHealthyStep":0,"mRunStepCount":0,"mSpeed":0.0,"mStartTime":1602271800000,"mStepCount":0,"mTimeUnit":600000,"mTotalActiveTime":0.0,"mWalkStepCount":0},{"mCalorie":0.0,"mDistance":0.0,"mNowHealthyStep":0,"mRunStepCount":0,"mSpeed":0.0,"mStartTime":1602272400000,"mStepCount":0,"mTimeUnit":600000,"mTotalActiveTime":0.0,"mWalkStepCount":0},{"mCalorie":0.0,"mDistance":0.0,"mNowHealthyStep":0,"mRunStepCount":0,"mSpeed":0.0,"mStartTime":1602273000000,"mStepCount":0,"mTimeUnit":600000,"mTotalActiveTime":0.0,"mWalkStepCount":0},{"mCalorie":0.0,"mDistance":0.0,"mNowHealthyStep":0,"mRunStepCount":0,"mSpeed":0.0,"mStartTime":1602273600000,"mStepCount":0,"mTimeUnit":600000,"mTotalActiveTime":0.0,"mWalkStepCount":0},{"mCalorie":0.6599999815225601,"mDistance":13.190000534057617,"mNowHealthyStep":0,"mRunStepCount":0,"mSpeed":4.152341365814209,"mStartTime":1602274200000,"mStepCount":18,"mTimeUnit":600000,"mTotalActiveTime":11435.476273660202,"mWalkStepCount":18},{"mCalorie":0.0,"mDistance":0.0,"mNowHealthyStep":0,"mRunStepCount":0,"mSpeed":0.0,"mStartTime":1602274800000,"mStepCount":0,"mTimeUnit":600000,"mTotalActiveTime":0.0,"mWalkStepCount":0},{"mCalorie":0.0,"mDistance":0.0,"mNowHealthyStep":0,"mRunStepCount":0,"mSpeed":0.0,"mStartTime":1602275400000,"mStepCount":0,"mTimeUnit":600000,"mTotalActiveTime":0.0,"mWalkStepCount":0},{"mCalorie":0.0,"mDistance":0.0,"mNowHealthyStep":0,"mRunStepCount":0,"mSpeed":0.0,"mStartTime":1602276000000,"mStepCount":0,"mTimeUnit":600000,"mTotalActiveTime":0.0,"mWalkStepCount":0},{"mCalorie":0.0,"mDistance":0.0,"mNowHealthyStep":0,"mRunStepCount":0,"mSpeed":0.0,"mStartTime":1602276600000,"mStepCount":0,"mTimeUnit":600000,"mTotalActiveTime":0.0,"mWalkStepCount":0},{"mCalorie":0.0,"mDistance":0.0,"mNowHealthyStep":0,"mRunStepCount":0,"mSpeed":0.0,"mStartTime":1602277200000,"mStepCount":0,"mTimeUnit":600000,"mTotalActiveTime":0.0,"mWalkStepCount":0},{"mCalorie":0.0,"mDistance":0.0,"mNowHealthyStep":0,"mRunStepCount":0,"mSpeed":0.0,"mStartTime":1602277800000,"mStepCount":0,"mTimeUnit":600000,"mTotalActiveTime":0.0,"mWalkStepCount":0},{"mCalorie":0.0,"mDistance":0.0,"mNowHealthyStep":0,"mRunStepCount":0,"mSpeed":0.0,"mStartTime":1602278400000,"mStepCount":0,"mTimeUnit":600000,"mTotalActiveTime":0.0,"mWalkStepCount":0},{"mCalorie":0.0,"mDistance":0.0,"mNowHealthyStep":0,"mRunStepCount":0,"mSpeed":0.0,"mStartTime":1602279000000,"mStepCount":0,"mTimeUnit":600000,"mTotalActiveTime":0.0,"mWalkStepCount":0},{"mCalorie":0.0,"mDistance":0.0,"mNowHealthyStep":0,"mRunStepCount":0,"mSpeed":0.0,"mStartTime":1602279600000,"mStepCount":0,"mTimeUnit":600000,"mTotalActiveTime":0.0,"mWalkStepCount":0},{"mCalorie":0.0,"mDistance":0.0,"mNowHealthyStep":0,"mRunStepCount":0,"mSpeed":0.0,"mStartTime":1602280200000,"mStepCount":0,"mTimeUnit":600000,"mTotalActiveTime":0.0,"mWalkStepCount":0}]