[{"mCalorie":0.0,"mDistance":0.0,"mNowHealthyStep":0,"mRunStepCount":0,"mSpeed":0.0,"mStartTime":0,"mStepCount":0,"mTimeUnit":600000,"mTotalActiveTime":0.0,"mWalkStepCount":0},{"mCalorie":0.0,"mDistance":0.0,"mNowHealthyStep":0,"mRunStepCount":0,"mSpeed":0.0,"mStartTime":0,"mStepCount":0,"mTimeUnit":600000,"mTotalActiveTime":0.0,"mWalkStepCount":0},{"mCalorie":0.0,"mDistance":0.0,"mNowHealthyStep":0,"mRunStepCount":0,"mSpeed":0.0,"mStartTime":0,"mStepCount":0,"mTimeUnit":600000,"mTotalActiveTime":0.0,"mWalkStepCount":0},{"mCalorie":0.0,"mDistance":0.0,"mNowHealthyStep":0,"mRunStepCount":0,"mSpeed":0.0,"mStartTime":0,"mStepCount":0,"mTimeUnit":600000,"mTotalActiveTime":0.0,"mWalkStepCount":0},{"mCalorie":0.0,"mDistance":0.0,"mNowHealthyStep":0,"mRunStepCount":0,"mSpeed":0.0,"mStartTime":0,"mStepCount":0,"mTimeUnit":600000,"mTotalActiveTime":0.0,"mWalkStepCount":0},{"mCalorie":0.0,"mDistance":0.0,"mNowHealthyStep":0,"mRunStepCount":0,"mSpeed":0.0,"mStartTime":0,"mStepCount":0,"mTimeUnit":600000,"mTotalActiveTime":0.0,"mWalkStepCount":0},{"mCalorie":0.0,"mDistance":0.0,"mNowHealthyStep":0,"mRunStepCount":0,"mSpeed":0.0,"mStartTime":0,"mStepCount":0,"mTimeUnit":600000,"mTotalActiveTime":0.0,"mWalkStepCount":0},{"mCalorie":0.0,"mDistance":0.0,"mNowHealthyStep":0,"mRunStepCount":0,"mSpeed":0.0,"mStartTime":0,"mStepCount":0,"mTimeUnit":600000,"mTotalActiveTime":0.0,"mWalkStepCount":0},{"mCalorie":0.0,"mDistance":0.0,"mNowHealthyStep":0,"mRunStepCount":0,"mSpeed":0.0,"mStartTime":0,"mStepCount":0,"mTimeUnit":600000,"mTotalActiveTime":0.0,"mWalkStepCount":0},{"mCalorie":0.0,"mDistance":0.0,"mNowHealthyStep":0,"mRunStepCount":0,"mSpeed":0.0,"mStartTime":0,"mStepCount":0,"mTimeUnit":600000,"mTotalActiveTime":0.0,"mWalkStepCount":0},{"mCalorie":0.0,"mDistance":0.0,"mNowHealthyStep":0,"mRunStepCount":0,"mSpeed":0.0,"mStartTime":0,"mStepCount":0,"mTimeUnit":600000,"mTotalActiveTime":0.0,"mWalkStepCount":0},{"mCalorie":0.0,"mDistance":0.0,"mNowHealthyStep":0,"mRunStepCount":0,"mSpeed":0.0,"mStartTime":0,"mStepCount":0,"mTimeUnit":600000,"mTotalActiveTime":0.0,"mWalkStepCount":0},{"mCalorie":0.0,"mDistance":0.0,"mNowHealthyStep":0,"mRunStepCount":0,"mSpeed":0.0,"mStartTime":0,"mStepCount":0,"mTimeUnit":600000,"mTotalActiveTime":0.0,"mWalkStepCount":0},{"mCalorie":0.0,"mDistance":0.0,"mNowHealthyStep":0,"mRunStepCount":0,"mSpeed":0.0,"mStartTime":0,"mStepCount":0,"mTimeUnit":600000,"mTotalActiveTime":0.0,"mWalkStepCount":0},{"mCalorie":0.0,"mDistance":0.0,"mNowHealthyStep":0,"mRunStepCount":0,"mSpeed":0.0,"mStartTime":0,"mStepCount":0,"mTimeUnit":600000,"mTotalActiveTime":0.0,"mWalkStepCount":0},{"mCalorie":0.0,"mDistance":0.0,"mNowHealthyStep":0,"mRunStepCount":0,"mSpeed":0.0,"mStartTime":0,"mStepCount":0,"mTimeUnit":600000,"mTotalActiveTime":0.0,"mWalkStepCount":0},{"mCalorie":1.13,"mDistance":24.46,"mNowHealthyStep":0,"mRunStepCount":0,"mSpeed":5.4107441902160645,"mStartTime":0,"mStepCount":32,"mTimeUnit":600000,"mTotalActiveTime":16274.285743177097,"mWalkStepCount":32},{"mCalorie":0.0,"mDistance":0.0,"mNowHealthyStep":0,"mRunStepCount":0,"mSpeed":0.0,"mStartTime":0,"mStepCount":0,"mTimeUnit":600000,"mTotalActiveTime":0.0,"mWalkStepCount":0},{"mCalorie":0.0,"mDistance":0.0,"mNowHealthyStep":0,"mRunStepCount":0,"mSpeed":0.0,"mStartTime":0,"mStepCount":0,"mTimeUnit":600000,"mTotalActiveTime":0.0,"mWalkStepCount":0},{"mCalorie":0.0,"mDistance":0.0,"mNowHealthyStep":0,"mRunStepCount":0,"mSpeed":0.0,"mStartTime":0,"mStepCount":0,"mTimeUnit":600000,"mTotalActiveTime":0.0,"mWalkStepCount":0},{"mCalorie":0.0,"mDistance":0.0,"mNowHealthyStep":0,"mRunStepCount":0,"mSpeed":0.0,"mStartTime":0,"mStepCount":0,"mTimeUnit":600000,"mTotalActiveTime":0.0,"mWalkStepCount":0},{"mCalorie":0.0,"mDistance":0.0,"mNowHealthyStep":0,"mRunStepCount":0,"mSpeed":0.0,"mStartTime":0,"mStepCount":0,"mTimeUnit":600000,"mTotalActiveTime":0.0,"mWalkStepCount":0},{"mCalorie":0.0,"mDistance":0.0,"mNowHealthyStep":0,"mRunStepCount":0,"mSpeed":0.0,"mStartTime":0,"mStepCount":0,"mTimeUnit":600000,"mTotalActiveTime":0.0,"mWalkStepCount":0},{"mCalorie":0.0,"mDistance":0.0,"mNowHealthyStep":0,"mRunStepCount":0,"mSpeed":0.0,"mStartTime":0,"mStepCount":0,"mTimeUnit":600000,"mTotalActiveTime":0.0,"mWalkStepCount":0},{"mCalorie":0.0,"mDistance":0.0,"mNowHealthyStep":0,"mRunStepCount":0,"mSpeed":0.0,"mStartTime":0,"mStepCount":0,"mTimeUnit":600000,"mTotalActiveTime":0.0,"mWalkStepCount":0},{"mCalorie":0.0,"mDistance":0.0,"mNowHealthyStep":0,"mRunStepCount":0,"mSpeed":0.0,"mStartTime":0,"mStepCount":0,"mTimeUnit":600000,"mTotalActiveTime":0.0,"mWalkStepCount":0},{"mCalorie":0.0,"mDistance":0.0,"mNowHealthyStep":0,"mRunStepCount":0,"mSpeed":0.0,"mStartTime":0,"mStepCount":0,"mTimeUnit":600000,"mTotalActiveTime":0.0,"mWalkStepCount":0},{"mCalorie":0.0,"mDistance":0.0,"mNowHealthyStep":0,"mRunStepCount":0,"mSpeed":0.0,"mStartTime":0,"mStepCount":0,"mTimeUnit":600000,"mTotalActiveTime":0.0,"mWalkStepCount":0},{"mCalorie":0.0,"mDistance":0.0,"mNowHealthyStep":0,"mRunStepCount":0,"mSpeed":0.0,"mStartTime":0,"mStepCount":0,"mTimeUnit":600000,"mTotalActiveTime":0.0,"mWalkStepCount":0},{"mCalorie":0.29,"mDistance":7.51,"mNowHealthyStep":0,"mRunStepCount":0,"mSpeed":4.700000286102295,"mStartTime":0,"mStepCount":10,"mTimeUnit":600000,"mTotalActiveTime":5752.340075370703,"mWalkStepCount":10},{"mCalorie":0.0,"mDistance":0.0,"mNowHealthyStep":0,"mRunStepCount":0,"mSpeed":0.0,"mStartTime":0,"mStepCount":0,"mTimeUnit":600000,"mTotalActiveTime":0.0,"mWalkStepCount":0},{"mCalorie":0.0,"mDistance":0.0,"mNowHealthyStep":0,"mRunStepCount":0,"mSpeed":0.0,"mStartTime":0,"mStepCount":0,"mTimeUnit":600000,"mTotalActiveTime":0.0,"mWalkStepCount":0},{"mCalorie":0.0,"mDistance":0.0,"mNowHealthyStep":0,"mRunStepCount":0,"mSpeed":0.0,"mStartTime":0,"mStepCount":0,"mTimeUnit":600000,"mTotalActiveTime":0.0,"mWalkStepCount":0},{"mCalorie":0.0,"mDistance":0.0,"mNowHealthyStep":0,"mRunStepCount":0,"mSpeed":0.0,"mStartTime":0,"mStepCount":0,"mTimeUnit":600000,"mTotalActiveTime":0.0,"mWalkStepCount":0},{"mCalorie":0.0,"mDistance":0.0,"mNowHealthyStep":0,"mRunStepCount":0,"mSpeed":0.0,"mStartTime":0,"mStepCount":0,"mTimeUnit":600000,"mTotalActiveTime":0.0,"mWalkStepCount":0},{"mCalorie":0.0,"mDistance":0.0,"mNowHealthyStep":0,"mRunStepCount":0,"mSpeed":0.0,"mStartTime":0,"mStepCount":0,"mTimeUnit":600000,"mTotalActiveTime":0.0,"mWalkStepCount":0},{"mCalorie":0.0,"mDistance":0.0,"mNowHealthyStep":0,"mRunStepCount":0,"mSpeed":0.0,"mStartTime":0,"mStepCount":0,"mTimeUnit":600000,"mTotalActiveTime":0.0,"mWalkStepCount":0},{"mCalorie":0.0,"mDistance":0.0,"mNowHealthyStep":0,"mRunStepCount":0,"mSpeed":0.0,"mStartTime":0,"mStepCount":0,"mTimeUnit":600000,"mTotalActiveTime":0.0,"mWalkStepCount":0},{"mCalorie":1.9799999999998907,"mDistance":36.50200000000535,"mNowHealthyStep":0,"mRunStepCount":5,"mSpeed":5.044144153594971,"mStartTime":0,"mStepCount":49,"mTimeUnit":600000,"mTotalActiveTime":26051.436100975512,"mWalkStepCount":44},{"mCalorie":4.99,"mDistance":96.47,"mNowHealthyStep":0,"mRunStepCount":2,"mSpeed":5.246792793273926,"mStartTime":0,"mStepCount":128,"mTimeUnit":600000,"mTotalActiveTime":66191.29617611607,"mWalkStepCount":126},{"mCalorie":6.57,"mDistance":132.98,"mNowHealthyStep":0,"mRunStepCount":0,"mSpeed":4.615747451782227,"mStartTime":0,"mStepCount":180,"mTimeUnit":600000,"mTotalActiveTime":103716.24729020582,"mWalkStepCount":180},{"mCalorie":4.640000000000001,"mDistance":94.47999999999999,"mNowHealthyStep":0,"mRunStepCount":0,"mSpeed":4.772761821746826,"mStartTime":0,"mStepCount":127,"mTimeUnit":600000,"mTotalActiveTime":71264.39823568409,"mWalkStepCount":127},{"mCalorie":0.0,"mDistance":0.0,"mNowHealthyStep":0,"mRunStepCount":0,"mSpeed":0.0,"mStartTime":0,"mStepCount":0,"mTimeUnit":600000,"mTotalActiveTime":0.0,"mWalkStepCount":0},{"mCalorie":0.33,"mDistance":7.71,"mNowHealthyStep":0,"mRunStepCount":0,"mSpeed":5.400000095367432,"mStartTime":0,"mStepCount":10,"mTimeUnit":600000,"mTotalActiveTime":5139.999909224335,"mWalkStepCount":10},{"mCalorie":8.82,"mDistance":179.69,"mNowHealthyStep":0,"mRunStepCount":0,"mSpeed":4.235229015350342,"mStartTime":0,"mStepCount":242,"mTimeUnit":600000,"mTotalActiveTime":152738.8522412925,"mWalkStepCount":242},{"mCalorie":3.4200000000000004,"mDistance":66.22,"mNowHealthyStep":0,"mRunStepCount":2,"mSpeed":4.8628458976745605,"mStartTime":0,"mStepCount":87,"mTimeUnit":600000,"mTotalActiveTime":49023.144093492505,"mWalkStepCount":85},{"mCalorie":0.8500000000000001,"mDistance":16.2,"mNowHealthyStep":0,"mRunStepCount":0,"mSpeed":4.452820301055908,"mStartTime":0,"mStepCount":22,"mTimeUnit":600000,"mTotalActiveTime":13097.317338487213,"mWalkStepCount":22},{"mCalorie":1.4800000000004,"mDistance":25.814000000004892,"mNowHealthyStep":0,"mRunStepCount":0,"mSpeed":3.574819564819336,"mStartTime":0,"mStepCount":37,"mTimeUnit":600000,"mTotalActiveTime":25995.83022473676,"mWalkStepCount":37},{"mCalorie":2.91,"mDistance":53.81,"mNowHealthyStep":0,"mRunStepCount":2,"mSpeed":4.674411773681641,"mStartTime":0,"mStepCount":72,"mTimeUnit":600000,"mTotalActiveTime":41441.79141333922,"mWalkStepCount":70},{"mCalorie":1.2599999999999998,"mDistance":22.9,"mNowHealthyStep":0,"mRunStepCount":0,"mSpeed":3.5476410388946533,"mStartTime":0,"mStepCount":33,"mTimeUnit":600000,"mTotalActiveTime":23237.976489133987,"mWalkStepCount":33},{"mCalorie":0.0,"mDistance":0.0,"mNowHealthyStep":0,"mRunStepCount":0,"mSpeed":0.0,"mStartTime":0,"mStepCount":0,"mTimeUnit":600000,"mTotalActiveTime":0.0,"mWalkStepCount":0},{"mCalorie":0.34,"mDistance":9.51,"mNowHealthyStep":0,"mRunStepCount":0,"mSpeed":8.5,"mStartTime":0,"mStepCount":11,"mTimeUnit":600000,"mTotalActiveTime":4027.7647058823527,"mWalkStepCount":11},{"mCalorie":1.24,"mDistance":24.86,"mNowHealthyStep":0,"mRunStepCount":0,"mSpeed":4.5,"mStartTime":0,"mStepCount":34,"mTimeUnit":600000,"mTotalActiveTime":19887.999999999996,"mWalkStepCount":34},{"mCalorie":2.6399999999999997,"mDistance":49.99,"mNowHealthyStep":0,"mRunStepCount":3,"mSpeed":5.001760959625244,"mStartTime":0,"mStepCount":64,"mTimeUnit":600000,"mTotalActiveTime":35980.12945341652,"mWalkStepCount":61},{"mCalorie":0.0,"mDistance":0.0,"mNowHealthyStep":0,"mRunStepCount":0,"mSpeed":0.0,"mStartTime":0,"mStepCount":0,"mTimeUnit":600000,"mTotalActiveTime":0.0,"mWalkStepCount":0},{"mCalorie":0.0,"mDistance":0.0,"mNowHealthyStep":0,"mRunStepCount":0,"mSpeed":0.0,"mStartTime":0,"mStepCount":0,"mTimeUnit":600000,"mTotalActiveTime":0.0,"mWalkStepCount":0},{"mCalorie":0.0,"mDistance":0.0,"mNowHealthyStep":0,"mRunStepCount":0,"mSpeed":0.0,"mStartTime":0,"mStepCount":0,"mTimeUnit":600000,"mTotalActiveTime":0.0,"mWalkStepCount":0},{"mCalorie":0.0,"mDistance":0.0,"mNowHealthyStep":0,"mRunStepCount":0,"mSpeed":0.0,"mStartTime":0,"mStepCount":0,"mTimeUnit":600000,"mTotalActiveTime":0.0,"mWalkStepCount":0},{"mCalorie":0.0,"mDistance":0.0,"mNowHealthyStep":0,"mRunStepCount":0,"mSpeed":0.0,"mStartTime":0,"mStepCount":0,"mTimeUnit":600000,"mTotalActiveTime":0.0,"mWalkStepCount":0},{"mCalorie":1.13,"mDistance":23.99,"mNowHealthyStep":0,"mRunStepCount":0,"mSpeed":4.672428131103516,"mStartTime":0,"mStepCount":32,"mTimeUnit":600000,"mTotalActiveTime":18483.75052650574,"mWalkStepCount":32},{"mCalorie":4.449999999999964,"mDistance":85.22599999999511,"mNowHealthyStep":0,"mRunStepCount":0,"mSpeed":3.919497489929199,"mStartTime":0,"mStepCount":119,"mTimeUnit":600000,"mTotalActiveTime":78278.8114884255,"mWalkStepCount":119},{"mCalorie":0.4,"mDistance":7.46,"mNowHealthyStep":0,"mRunStepCount":0,"mSpeed":3.0999999046325684,"mStartTime":0,"mStepCount":11,"mTimeUnit":600000,"mTotalActiveTime":8663.226072964393,"mWalkStepCount":11},{"mCalorie":0.0,"mDistance":0.0,"mNowHealthyStep":0,"mRunStepCount":0,"mSpeed":0.0,"mStartTime":0,"mStepCount":0,"mTimeUnit":600000,"mTotalActiveTime":0.0,"mWalkStepCount":0},{"mCalorie":0.0,"mDistance":0.0,"mNowHealthyStep":0,"mRunStepCount":0,"mSpeed":0.0,"mStartTime":0,"mStepCount":0,"mTimeUnit":600000,"mTotalActiveTime":0.0,"mWalkStepCount":0},{"mCalorie":3.65,"mDistance":71.15,"mNowHealthyStep":0,"mRunStepCount":0,"mSpeed":4.130303382873535,"mStartTime":0,"mStepCount":98,"mTimeUnit":600000,"mTotalActiveTime":62014.81343956721,"mWalkStepCount":98},{"mCalorie":3.52,"mDistance":67.62,"mNowHealthyStep":0,"mRunStepCount":0,"mSpeed":3.6825952529907227,"mStartTime":0,"mStepCount":95,"mTimeUnit":600000,"mTotalActiveTime":66103.38088709518,"mWalkStepCount":95},{"mCalorie":0.0,"mDistance":0.0,"mNowHealthyStep":0,"mRunStepCount":0,"mSpeed":0.0,"mStartTime":0,"mStepCount":0,"mTimeUnit":600000,"mTotalActiveTime":0.0,"mWalkStepCount":0},{"mCalorie":0.0,"mDistance":0.0,"mNowHealthyStep":0,"mRunStepCount":0,"mSpeed":0.0,"mStartTime":0,"mStepCount":0,"mTimeUnit":600000,"mTotalActiveTime":0.0,"mWalkStepCount":0},{"mCalorie":3.2499999999994906,"mDistance":64.85,"mNowHealthyStep":0,"mRunStepCount":0,"mSpeed":4.018363952636719,"mStartTime":0,"mStepCount":90,"mTimeUnit":600000,"mTotalActiveTime":58098.27020061931,"mWalkStepCount":90},{"mCalorie":0.52,"mDistance":10.98,"mNowHealthyStep":0,"mRunStepCount":0,"mSpeed":4.5,"mStartTime":0,"mStepCount":15,"mTimeUnit":600000,"mTotalActiveTime":8784.0,"mWalkStepCount":15},{"mCalorie":2.7900000000001457,"mDistance":55.77,"mNowHealthyStep":0,"mRunStepCount":2,"mSpeed":5.1676836013793945,"mStartTime":0,"mStepCount":73,"mTimeUnit":600000,"mTotalActiveTime":38851.45125564311,"mWalkStepCount":71},{"mCalorie":2.718999998808722,"mDistance":49.19899998093897,"mNowHealthyStep":0,"mRunStepCount":1,"mSpeed":4.6061835289001465,"mStartTime":0,"mStepCount":67,"mTimeUnit":600000,"mTotalActiveTime":38451.874568013525,"mWalkStepCount":66},{"mCalorie":3.8800000000000003,"mDistance":82.66999999999999,"mNowHealthyStep":0,"mRunStepCount":0,"mSpeed":5.128606796264648,"mStartTime":0,"mStepCount":111,"mTimeUnit":600000,"mTotalActiveTime":58029.792425732914,"mWalkStepCount":111},{"mCalorie":0.81,"mDistance":14.89,"mNowHealthyStep":0,"mRunStepCount":0,"mSpeed":4.740695953369141,"mStartTime":0,"mStepCount":20,"mTimeUnit":600000,"mTotalActiveTime":11307.200519104053,"mWalkStepCount":20},{"mCalorie":20.19,"mDistance":383.53999999999996,"mNowHealthyStep":0,"mRunStepCount":0,"mSpeed":4.392845153808594,"mStartTime":0,"mStepCount":543,"mTimeUnit":600000,"mTotalActiveTime":314316.55243016104,"mWalkStepCount":543},{"mCalorie":1.01,"mDistance":18.49,"mNowHealthyStep":0,"mRunStepCount":0,"mSpeed":3.200000047683716,"mStartTime":0,"mStepCount":27,"mTimeUnit":600000,"mTotalActiveTime":20801.249690037224,"mWalkStepCount":27},{"mCalorie":0.61,"mDistance":11.93,"mNowHealthyStep":0,"mRunStepCount":0,"mSpeed":3.6000001430511475,"mStartTime":0,"mStepCount":17,"mTimeUnit":600000,"mTotalActiveTime":11929.99952594441,"mWalkStepCount":17},{"mCalorie":0.0,"mDistance":0.0,"mNowHealthyStep":0,"mRunStepCount":0,"mSpeed":0.0,"mStartTime":0,"mStepCount":0,"mTimeUnit":600000,"mTotalActiveTime":0.0,"mWalkStepCount":0},{"mCalorie":18.93999999999898,"mDistance":340.3370000000124,"mNowHealthyStep":0,"mRunStepCount":0,"mSpeed":4.462821960449219,"mStartTime":0,"mStepCount":492,"mTimeUnit":600000,"mTotalActiveTime":274537.7587284652,"mWalkStepCount":492},{"mCalorie":2.6099999868873054,"mDistance":56.42999956130981,"mNowHealthyStep":0,"mRunStepCount":0,"mSpeed":3.782231092453003,"mStartTime":0,"mStepCount":77,"mTimeUnit":600000,"mTotalActiveTime":53711.15386096704,"mWalkStepCount":77},{"mCalorie":7.67,"mDistance":151.29,"mNowHealthyStep":0,"mRunStepCount":0,"mSpeed":4.355898380279541,"mStartTime":0,"mStepCount":210,"mTimeUnit":600000,"mTotalActiveTime":125035.97146986511,"mWalkStepCount":210},{"mCalorie":7.3100000000000005,"mDistance":150.1,"mNowHealthyStep":0,"mRunStepCount":0,"mSpeed":4.409571647644043,"mStartTime":0,"mStepCount":205,"mTimeUnit":600000,"mTotalActiveTime":122542.52138307919,"mWalkStepCount":205},{"mCalorie":2.4299999999999997,"mDistance":46.93,"mNowHealthyStep":0,"mRunStepCount":0,"mSpeed":4.365241050720215,"mStartTime":0,"mStepCount":61,"mTimeUnit":600000,"mTotalActiveTime":38703.01730031962,"mWalkStepCount":61},{"mCalorie":0.0,"mDistance":0.0,"mNowHealthyStep":0,"mRunStepCount":0,"mSpeed":0.0,"mStartTime":0,"mStepCount":0,"mTimeUnit":600000,"mTotalActiveTime":0.0,"mWalkStepCount":0},{"mCalorie":0.0,"mDistance":0.0,"mNowHealthyStep":0,"mRunStepCount":0,"mSpeed":0.0,"mStartTime":0,"mStepCount":0,"mTimeUnit":600000,"mTotalActiveTime":0.0,"mWalkStepCount":0},{"mCalorie":0.0,"mDistance":0.0,"mNowHealthyStep":0,"mRunStepCount":0,"mSpeed":0.0,"mStartTime":0,"mStepCount":0,"mTimeUnit":600000,"mTotalActiveTime":0.0,"mWalkStepCount":0},{"mCalorie":0.0,"mDistance":0.0,"mNowHealthyStep":0,"mRunStepCount":0,"mSpeed":0.0,"mStartTime":0,"mStepCount":0,"mTimeUnit":600000,"mTotalActiveTime":0.0,"mWalkStepCount":0},{"mCalorie":0.0,"mDistance":0.0,"mNowHealthyStep":0,"mRunStepCount":0,"mSpeed":0.0,"mStartTime":0,"mStepCount":0,"mTimeUnit":600000,"mTotalActiveTime":0.0,"mWalkStepCount":0},{"mCalorie":0.0,"mDistance":0.0,"mNowHealthyStep":0,"mRunStepCount":0,"mSpeed":0.0,"mStartTime":0,"mStepCount":0,"mTimeUnit":600000,"mTotalActiveTime":0.0,"mWalkStepCount":0},{"mCalorie":2.19,"mDistance":32.95,"mNowHealthyStep":0,"mRunStepCount":0,"mSpeed":4.287964344024658,"mStartTime":0,"mStepCount":45,"mTimeUnit":600000,"mTotalActiveTime":27663.476515169466,"mWalkStepCount":45},{"mCalorie":2.37,"mDistance":48.14,"mNowHealthyStep":0,"mRunStepCount":4,"mSpeed":4.766139984130859,"mStartTime":0,"mStepCount":63,"mTimeUnit":600000,"mTotalActiveTime":36361.49856450244,"mWalkStepCount":59},{"mCalorie":2.6100000000004,"mDistance":55.9359999999887,"mNowHealthyStep":0,"mRunStepCount":0,"mSpeed":4.609194278717041,"mStartTime":0,"mStepCount":75,"mTimeUnit":600000,"mTotalActiveTime":43688.67699868892,"mWalkStepCount":75},{"mCalorie":0.0,"mDistance":0.0,"mNowHealthyStep":0,"mRunStepCount":0,"mSpeed":0.0,"mStartTime":0,"mStepCount":0,"mTimeUnit":600000,"mTotalActiveTime":0.0,"mWalkStepCount":0},{"mCalorie":11.62,"mDistance":226.51000000000002,"mNowHealthyStep":0,"mRunStepCount":0,"mSpeed":4.150401592254639,"mStartTime":0,"mStepCount":316,"mTimeUnit":600000,"mTotalActiveTime":196471.58208796146,"mWalkStepCount":316},{"mCalorie":4.2100000000004,"mDistance":77.27800000000104,"mNowHealthyStep":0,"mRunStepCount":18,"mSpeed":5.973925590515137,"mStartTime":0,"mStepCount":95,"mTimeUnit":600000,"mTotalActiveTime":46569.175618824695,"mWalkStepCount":77},{"mCalorie":16.118999999999758,"mDistance":305.2030000000092,"mNowHealthyStep":0,"mRunStepCount":20,"mSpeed":5.169148921966553,"mStartTime":0,"mStepCount":399,"mTimeUnit":600000,"mTotalActiveTime":212555.46377834416,"mWalkStepCount":379},{"mCalorie":0.71,"mDistance":14.129999999999999,"mNowHealthyStep":0,"mRunStepCount":0,"mSpeed":3.9732160568237305,"mStartTime":0,"mStepCount":20,"mTimeUnit":600000,"mTotalActiveTime":12802.726871872092,"mWalkStepCount":20},{"mCalorie":2.0,"mDistance":32.96,"mNowHealthyStep":0,"mRunStepCount":0,"mSpeed":4.462085723876953,"mStartTime":0,"mStepCount":49,"mTimeUnit":600000,"mTotalActiveTime":26592.04977072741,"mWalkStepCount":49},{"mCalorie":1.4100000000000001,"mDistance":29.05,"mNowHealthyStep":0,"mRunStepCount":0,"mSpeed":4.7367963790893555,"mStartTime":0,"mStepCount":39,"mTimeUnit":600000,"mTotalActiveTime":22078.2127826718,"mWalkStepCount":39},{"mCalorie":0.0,"mDistance":0.0,"mNowHealthyStep":0,"mRunStepCount":0,"mSpeed":0.0,"mStartTime":0,"mStepCount":0,"mTimeUnit":600000,"mTotalActiveTime":0.0,"mWalkStepCount":0},{"mCalorie":0.0,"mDistance":0.0,"mNowHealthyStep":0,"mRunStepCount":0,"mSpeed":0.0,"mStartTime":0,"mStepCount":0,"mTimeUnit":600000,"mTotalActiveTime":0.0,"mWalkStepCount":0},{"mCalorie":0.0,"mDistance":0.0,"mNowHealthyStep":0,"mRunStepCount":0,"mSpeed":0.0,"mStartTime":0,"mStepCount":0,"mTimeUnit":600000,"mTotalActiveTime":0.0,"mWalkStepCount":0},{"mCalorie":0.0,"mDistance":0.0,"mNowHealthyStep":0,"mRunStepCount":0,"mSpeed":0.0,"mStartTime":0,"mStepCount":0,"mTimeUnit":600000,"mTotalActiveTime":0.0,"mWalkStepCount":0},{"mCalorie":0.0,"mDistance":0.0,"mNowHealthyStep":0,"mRunStepCount":0,"mSpeed":0.0,"mStartTime":0,"mStepCount":0,"mTimeUnit":600000,"mTotalActiveTime":0.0,"mWalkStepCount":0},{"mCalorie":2.2700000000001452,"mDistance":43.7069999999908,"mNowHealthyStep":0,"mRunStepCount":2,"mSpeed":6.905911445617676,"mStartTime":0,"mStepCount":50,"mTimeUnit":600000,"mTotalActiveTime":22784.131849580896,"mWalkStepCount":48},{"mCalorie":0.86,"mDistance":18.63,"mNowHealthyStep":0,"mRunStepCount":0,"mSpeed":4.741614818572998,"mStartTime":0,"mStepCount":25,"mTimeUnit":600000,"mTotalActiveTime":14144.548452786046,"mWalkStepCount":25},{"mCalorie":0.0,"mDistance":0.0,"mNowHealthyStep":0,"mRunStepCount":0,"mSpeed":0.0,"mStartTime":0,"mStepCount":0,"mTimeUnit":600000,"mTotalActiveTime":0.0,"mWalkStepCount":0},{"mCalorie":1.24,"mDistance":21.5,"mNowHealthyStep":0,"mRunStepCount":0,"mSpeed":4.911073684692383,"mStartTime":0,"mStepCount":28,"mTimeUnit":600000,"mTotalActiveTime":15760.301770310103,"mWalkStepCount":28},{"mCalorie":0.0,"mDistance":0.0,"mNowHealthyStep":0,"mRunStepCount":0,"mSpeed":0.0,"mStartTime":0,"mStepCount":0,"mTimeUnit":600000,"mTotalActiveTime":0.0,"mWalkStepCount":0},{"mCalorie":0.0,"mDistance":0.0,"mNowHealthyStep":0,"mRunStepCount":0,"mSpeed":0.0,"mStartTime":0,"mStepCount":0,"mTimeUnit":600000,"mTotalActiveTime":0.0,"mWalkStepCount":0},{"mCalorie":0.96,"mDistance":18.4,"mNowHealthyStep":0,"mRunStepCount":0,"mSpeed":3.7057220935821533,"mStartTime":0,"mStepCount":26,"mTimeUnit":600000,"mTotalActiveTime":17875.05857762004,"mWalkStepCount":26},{"mCalorie":3.4800000000000004,"mDistance":65.75,"mNowHealthyStep":0,"mRunStepCount":0,"mSpeed":4.920023441314697,"mStartTime":0,"mStepCount":110,"mTimeUnit":600000,"mTotalActiveTime":48109.52715597735,"mWalkStepCount":110},{"mCalorie":12.1,"mDistance":239.60000000000002,"mNowHealthyStep":0,"mRunStepCount":0,"mSpeed":4.551133632659912,"mStartTime":0,"mStepCount":334,"mTimeUnit":600000,"mTotalActiveTime":189526.39673925692,"mWalkStepCount":334},{"mCalorie":18.48,"mDistance":365.3800000000001,"mNowHealthyStep":0,"mRunStepCount":0,"mSpeed":4.176397800445557,"mStartTime":0,"mStepCount":508,"mTimeUnit":600000,"mTotalActiveTime":314952.7728598206,"mWalkStepCount":508},{"mCalorie":0.0,"mDistance":0.0,"mNowHealthyStep":0,"mRunStepCount":0,"mSpeed":0.0,"mStartTime":0,"mStepCount":0,"mTimeUnit":600000,"mTotalActiveTime":0.0,"mWalkStepCount":0},{"mCalorie":0.45,"mDistance":10.04,"mNowHealthyStep":0,"mRunStepCount":0,"mSpeed":5.299999713897705,"mStartTime":0,"mStepCount":13,"mTimeUnit":600000,"mTotalActiveTime":6819.623009643357,"mWalkStepCount":13},{"mCalorie":0.29,"mDistance":7.63,"mNowHealthyStep":0,"mRunStepCount":0,"mSpeed":4.999999523162842,"mStartTime":0,"mStepCount":10,"mTimeUnit":600000,"mTotalActiveTime":5493.600523910572,"mWalkStepCount":10},{"mCalorie":8.07,"mDistance":175.24,"mNowHealthyStep":0,"mRunStepCount":0,"mSpeed":4.885296821594238,"mStartTime":0,"mStepCount":233,"mTimeUnit":600000,"mTotalActiveTime":129135.24682562551,"mWalkStepCount":233},{"mCalorie":15.96,"mDistance":319.42,"mNowHealthyStep":0,"mRunStepCount":0,"mSpeed":4.598206996917725,"mStartTime":0,"mStepCount":456,"mTimeUnit":600000,"mTotalActiveTime":250078.35654995972,"mWalkStepCount":456},{"mCalorie":2.37,"mDistance":47.99,"mNowHealthyStep":0,"mRunStepCount":0,"mSpeed":3.797532320022583,"mStartTime":0,"mStepCount":68,"mTimeUnit":600000,"mTotalActiveTime":45493.7532783576,"mWalkStepCount":68},{"mCalorie":0.0,"mDistance":0.0,"mNowHealthyStep":0,"mRunStepCount":0,"mSpeed":0.0,"mStartTime":0,"mStepCount":0,"mTimeUnit":600000,"mTotalActiveTime":0.0,"mWalkStepCount":0},{"mCalorie":0.0,"mDistance":0.0,"mNowHealthyStep":0,"mRunStepCount":0,"mSpeed":0.0,"mStartTime":0,"mStepCount":0,"mTimeUnit":600000,"mTotalActiveTime":0.0,"mWalkStepCount":0},{"mCalorie":1.26,"mDistance":26.82,"mNowHealthyStep":0,"mRunStepCount":0,"mSpeed":4.649877548217773,"mStartTime":0,"mStepCount":36,"mTimeUnit":600000,"mTotalActiveTime":20764.417144725885,"mWalkStepCount":36},{"mCalorie":0.0,"mDistance":0.0,"mNowHealthyStep":0,"mRunStepCount":0,"mSpeed":0.0,"mStartTime":0,"mStepCount":0,"mTimeUnit":600000,"mTotalActiveTime":0.0,"mWalkStepCount":0},{"mCalorie":0.0,"mDistance":0.0,"mNowHealthyStep":0,"mRunStepCount":0,"mSpeed":0.0,"mStartTime":0,"mStepCount":0,"mTimeUnit":600000,"mTotalActiveTime":0.0,"mWalkStepCount":0},{"mCalorie":0.0,"mDistance":0.0,"mNowHealthyStep":0,"mRunStepCount":0,"mSpeed":0.0,"mStartTime":0,"mStepCount":0,"mTimeUnit":600000,"mTotalActiveTime":0.0,"mWalkStepCount":0},{"mCalorie":2.6800000000003275,"mDistance":55.214000000012454,"mNowHealthyStep":0,"mRunStepCount":0,"mSpeed":4.253623962402344,"mStartTime":0,"mStepCount":75,"mTimeUnit":600000,"mTotalActiveTime":46729.659149963925,"mWalkStepCount":75},{"mCalorie":0.0,"mDistance":0.0,"mNowHealthyStep":0,"mRunStepCount":0,"mSpeed":0.0,"mStartTime":0,"mStepCount":0,"mTimeUnit":600000,"mTotalActiveTime":0.0,"mWalkStepCount":0},{"mCalorie":0.0,"mDistance":0.0,"mNowHealthyStep":0,"mRunStepCount":0,"mSpeed":0.0,"mStartTime":0,"mStepCount":0,"mTimeUnit":600000,"mTotalActiveTime":0.0,"mWalkStepCount":0},{"mCalorie":0.0,"mDistance":0.0,"mNowHealthyStep":0,"mRunStepCount":0,"mSpeed":0.0,"mStartTime":0,"mStepCount":0,"mTimeUnit":600000,"mTotalActiveTime":0.0,"mWalkStepCount":0},{"mCalorie":0.0,"mDistance":0.0,"mNowHealthyStep":0,"mRunStepCount":0,"mSpeed":0.0,"mStartTime":0,"mStepCount":0,"mTimeUnit":600000,"mTotalActiveTime":0.0,"mWalkStepCount":0},{"mCalorie":0.0,"mDistance":0.0,"mNowHealthyStep":0,"mRunStepCount":0,"mSpeed":0.0,"mStartTime":0,"mStepCount":0,"mTimeUnit":600000,"mTotalActiveTime":0.0,"mWalkStepCount":0},{"mCalorie":0.0,"mDistance":0.0,"mNowHealthyStep":0,"mRunStepCount":0,"mSpeed":0.0,"mStartTime":0,"mStepCount":0,"mTimeUnit":600000,"mTotalActiveTime":0.0,"mWalkStepCount":0},{"mCalorie":0.0,"mDistance":0.0,"mNowHealthyStep":0,"mRunStepCount":0,"mSpeed":0.0,"mStartTime":0,"mStepCount":0,"mTimeUnit":600000,"mTotalActiveTime":0.0,"mWalkStepCount":0},{"mCalorie":0.0,"mDistance":0.0,"mNowHealthyStep":0,"mRunStepCount":0,"mSpeed":0.0,"mStartTime":0,"mStepCount":0,"mTimeUnit":600000,"mTotalActiveTime":0.0,"mWalkStepCount":0},{"mCalorie":0.0,"mDistance":0.0,"mNowHealthyStep":0,"mRunStepCount":0,"mSpeed":0.0,"mStartTime":0,"mStepCount":0,"mTimeUnit":600000,"mTotalActiveTime":0.0,"mWalkStepCount":0},{"mCalorie":0.0,"mDistance":0.0,"mNowHealthyStep":0,"mRunStepCount":0,"mSpeed":0.0,"mStartTime":0,"mStepCount":0,"mTimeUnit":600000,"mTotalActiveTime":0.0,"mWalkStepCount":0},{"mCalorie":0.0,"mDistance":0.0,"mNowHealthyStep":0,"mRunStepCount":0,"mSpeed":0.0,"mStartTime":0,"mStepCount":0,"mTimeUnit":600000,"mTotalActiveTime":0.0,"mWalkStepCount":0},{"mCalorie":0.0,"mDistance":0.0,"mNowHealthyStep":0,"mRunStepCount":0,"mSpeed":0.0,"mStartTime":0,"mStepCount":0,"mTimeUnit":600000,"mTotalActiveTime":0.0,"mWalkStepCount":0},{"mCalorie":0.0,"mDistance":0.0,"mNowHealthyStep":0,"mRunStepCount":0,"mSpeed":0.0,"mStartTime":0,"mStepCount":0,"mTimeUnit":600000,"mTotalActiveTime":0.0,"mWalkStepCount":0},{"mCalorie":0.0,"mDistance":0.0,"mNowHealthyStep":0,"mRunStepCount":0,"mSpeed":0.0,"mStartTime":0,"mStepCount":0,"mTimeUnit":600000,"mTotalActiveTime":0.0,"mWalkStepCount":0},{"mCalorie":0.0,"mDistance":0.0,"mNowHealthyStep":0,"mRunStepCount":0,"mSpeed":0.0,"mStartTime":0,"mStepCount":0,"mTimeUnit":600000,"mTotalActiveTime":0.0,"mWalkStepCount":0},{"mCalorie":0.0,"mDistance":0.0,"mNowHealthyStep":0,"mRunStepCount":0,"mSpeed":0.0,"mStartTime":0,"mStepCount":0,"mTimeUnit":600000,"mTotalActiveTime":0.0,"mWalkStepCount":0},{"mCalorie":0.0,"mDistance":0.0,"mNowHealthyStep":0,"mRunStepCount":0,"mSpeed":0.0,"mStartTime":0,"mStepCount":0,"mTimeUnit":600000,"mTotalActiveTime":0.0,"mWalkStepCount":0}]