[{"mCalorie":0.0,"mDistance":0.0,"mNowHealthyStep":0,"mRunStepCount":0,"mSpeed":0.0,"mStartTime":0,"mStepCount":0,"mTimeUnit":600000,"mTotalActiveTime":0.0,"mWalkStepCount":0},{"mCalorie":0.0,"mDistance":0.0,"mNowHealthyStep":0,"mRunStepCount":0,"mSpeed":0.0,"mStartTime":0,"mStepCount":0,"mTimeUnit":600000,"mTotalActiveTime":0.0,"mWalkStepCount":0},{"mCalorie":0.0,"mDistance":0.0,"mNowHealthyStep":0,"mRunStepCount":0,"mSpeed":0.0,"mStartTime":0,"mStepCount":0,"mTimeUnit":600000,"mTotalActiveTime":0.0,"mWalkStepCount":0},{"mCalorie":0.0,"mDistance":0.0,"mNowHealthyStep":0,"mRunStepCount":0,"mSpeed":0.0,"mStartTime":0,"mStepCount":0,"mTimeUnit":600000,"mTotalActiveTime":0.0,"mWalkStepCount":0},{"mCalorie":0.0,"mDistance":0.0,"mNowHealthyStep":0,"mRunStepCount":0,"mSpeed":0.0,"mStartTime":0,"mStepCount":0,"mTimeUnit":600000,"mTotalActiveTime":0.0,"mWalkStepCount":0},{"mCalorie":0.0,"mDistance":0.0,"mNowHealthyStep":0,"mRunStepCount":0,"mSpeed":0.0,"mStartTime":0,"mStepCount":0,"mTimeUnit":600000,"mTotalActiveTime":0.0,"mWalkStepCount":0},{"mCalorie":0.0,"mDistance":0.0,"mNowHealthyStep":0,"mRunStepCount":0,"mSpeed":0.0,"mStartTime":0,"mStepCount":0,"mTimeUnit":600000,"mTotalActiveTime":0.0,"mWalkStepCount":0},{"mCalorie":0.0,"mDistance":0.0,"mNowHealthyStep":0,"mRunStepCount":0,"mSpeed":0.0,"mStartTime":0,"mStepCount":0,"mTimeUnit":600000,"mTotalActiveTime":0.0,"mWalkStepCount":0},{"mCalorie":0.0,"mDistance":0.0,"mNowHealthyStep":0,"mRunStepCount":0,"mSpeed":0.0,"mStartTime":0,"mStepCount":0,"mTimeUnit":600000,"mTotalActiveTime":0.0,"mWalkStepCount":0},{"mCalorie":0.0,"mDistance":0.0,"mNowHealthyStep":0,"mRunStepCount":0,"mSpeed":0.0,"mStartTime":0,"mStepCount":0,"mTimeUnit":600000,"mTotalActiveTime":0.0,"mWalkStepCount":0},{"mCalorie":0.0,"mDistance":0.0,"mNowHealthyStep":0,"mRunStepCount":0,"mSpeed":0.0,"mStartTime":0,"mStepCount":0,"mTimeUnit":600000,"mTotalActiveTime":0.0,"mWalkStepCount":0},{"mCalorie":0.0,"mDistance":0.0,"mNowHealthyStep":0,"mRunStepCount":0,"mSpeed":0.0,"mStartTime":0,"mStepCount":0,"mTimeUnit":600000,"mTotalActiveTime":0.0,"mWalkStepCount":0},{"mCalorie":0.0,"mDistance":0.0,"mNowHealthyStep":0,"mRunStepCount":0,"mSpeed":0.0,"mStartTime":0,"mStepCount":0,"mTimeUnit":600000,"mTotalActiveTime":0.0,"mWalkStepCount":0},{"mCalorie":0.0,"mDistance":0.0,"mNowHealthyStep":0,"mRunStepCount":0,"mSpeed":0.0,"mStartTime":0,"mStepCount":0,"mTimeUnit":600000,"mTotalActiveTime":0.0,"mWalkStepCount":0},{"mCalorie":0.0,"mDistance":0.0,"mNowHealthyStep":0,"mRunStepCount":0,"mSpeed":0.0,"mStartTime":0,"mStepCount":0,"mTimeUnit":600000,"mTotalActiveTime":0.0,"mWalkStepCount":0},{"mCalorie":0.0,"mDistance":0.0,"mNowHealthyStep":0,"mRunStepCount":0,"mSpeed":0.0,"mStartTime":0,"mStepCount":0,"mTimeUnit":600000,"mTotalActiveTime":0.0,"mWalkStepCount":0},{"mCalorie":0.0,"mDistance":0.0,"mNowHealthyStep":0,"mRunStepCount":0,"mSpeed":0.0,"mStartTime":0,"mStepCount":0,"mTimeUnit":600000,"mTotalActiveTime":0.0,"mWalkStepCount":0},{"mCalorie":0.0,"mDistance":0.0,"mNowHealthyStep":0,"mRunStepCount":0,"mSpeed":0.0,"mStartTime":0,"mStepCount":0,"mTimeUnit":600000,"mTotalActiveTime":0.0,"mWalkStepCount":0},{"mCalorie":0.0,"mDistance":0.0,"mNowHealthyStep":0,"mRunStepCount":0,"mSpeed":0.0,"mStartTime":0,"mStepCount":0,"mTimeUnit":600000,"mTotalActiveTime":0.0,"mWalkStepCount":0},{"mCalorie":0.0,"mDistance":0.0,"mNowHealthyStep":0,"mRunStepCount":0,"mSpeed":0.0,"mStartTime":0,"mStepCount":0,"mTimeUnit":600000,"mTotalActiveTime":0.0,"mWalkStepCount":0},{"mCalorie":0.0,"mDistance":0.0,"mNowHealthyStep":0,"mRunStepCount":0,"mSpeed":0.0,"mStartTime":0,"mStepCount":0,"mTimeUnit":600000,"mTotalActiveTime":0.0,"mWalkStepCount":0},{"mCalorie":0.0,"mDistance":0.0,"mNowHealthyStep":0,"mRunStepCount":0,"mSpeed":0.0,"mStartTime":0,"mStepCount":0,"mTimeUnit":600000,"mTotalActiveTime":0.0,"mWalkStepCount":0},{"mCalorie":0.0,"mDistance":0.0,"mNowHealthyStep":0,"mRunStepCount":0,"mSpeed":0.0,"mStartTime":0,"mStepCount":0,"mTimeUnit":600000,"mTotalActiveTime":0.0,"mWalkStepCount":0},{"mCalorie":0.0,"mDistance":0.0,"mNowHealthyStep":0,"mRunStepCount":0,"mSpeed":0.0,"mStartTime":0,"mStepCount":0,"mTimeUnit":600000,"mTotalActiveTime":0.0,"mWalkStepCount":0},{"mCalorie":0.0,"mDistance":0.0,"mNowHealthyStep":0,"mRunStepCount":0,"mSpeed":0.0,"mStartTime":0,"mStepCount":0,"mTimeUnit":600000,"mTotalActiveTime":0.0,"mWalkStepCount":0},{"mCalorie":0.0,"mDistance":0.0,"mNowHealthyStep":0,"mRunStepCount":0,"mSpeed":0.0,"mStartTime":0,"mStepCount":0,"mTimeUnit":600000,"mTotalActiveTime":0.0,"mWalkStepCount":0},{"mCalorie":0.0,"mDistance":0.0,"mNowHealthyStep":0,"mRunStepCount":0,"mSpeed":0.0,"mStartTime":0,"mStepCount":0,"mTimeUnit":600000,"mTotalActiveTime":0.0,"mWalkStepCount":0},{"mCalorie":0.0,"mDistance":0.0,"mNowHealthyStep":0,"mRunStepCount":0,"mSpeed":0.0,"mStartTime":0,"mStepCount":0,"mTimeUnit":600000,"mTotalActiveTime":0.0,"mWalkStepCount":0},{"mCalorie":0.0,"mDistance":0.0,"mNowHealthyStep":0,"mRunStepCount":0,"mSpeed":0.0,"mStartTime":0,"mStepCount":0,"mTimeUnit":600000,"mTotalActiveTime":0.0,"mWalkStepCount":0},{"mCalorie":0.0,"mDistance":0.0,"mNowHealthyStep":0,"mRunStepCount":0,"mSpeed":0.0,"mStartTime":0,"mStepCount":0,"mTimeUnit":600000,"mTotalActiveTime":0.0,"mWalkStepCount":0},{"mCalorie":0.0,"mDistance":0.0,"mNowHealthyStep":0,"mRunStepCount":0,"mSpeed":0.0,"mStartTime":0,"mStepCount":0,"mTimeUnit":600000,"mTotalActiveTime":0.0,"mWalkStepCount":0},{"mCalorie":0.0,"mDistance":0.0,"mNowHealthyStep":0,"mRunStepCount":0,"mSpeed":0.0,"mStartTime":0,"mStepCount":0,"mTimeUnit":600000,"mTotalActiveTime":0.0,"mWalkStepCount":0},{"mCalorie":0.0,"mDistance":0.0,"mNowHealthyStep":0,"mRunStepCount":0,"mSpeed":0.0,"mStartTime":0,"mStepCount":0,"mTimeUnit":600000,"mTotalActiveTime":0.0,"mWalkStepCount":0},{"mCalorie":0.0,"mDistance":0.0,"mNowHealthyStep":0,"mRunStepCount":0,"mSpeed":0.0,"mStartTime":0,"mStepCount":0,"mTimeUnit":600000,"mTotalActiveTime":0.0,"mWalkStepCount":0},{"mCalorie":1.3399999999999999,"mDistance":27.509999999999998,"mNowHealthyStep":0,"mRunStepCount":0,"mSpeed":4.981975555419922,"mStartTime":0,"mStepCount":36,"mTimeUnit":600000,"mTotalActiveTime":19878.860337630067,"mWalkStepCount":36},{"mCalorie":0.0,"mDistance":0.0,"mNowHealthyStep":0,"mRunStepCount":0,"mSpeed":0.0,"mStartTime":0,"mStepCount":0,"mTimeUnit":600000,"mTotalActiveTime":0.0,"mWalkStepCount":0},{"mCalorie":1.6600000000000001,"mDistance":31.72,"mNowHealthyStep":0,"mRunStepCount":0,"mSpeed":4.826723575592041,"mStartTime":0,"mStepCount":41,"mTimeUnit":600000,"mTotalActiveTime":23658.28527638443,"mWalkStepCount":41},{"mCalorie":0.7299999999999182,"mDistance":8.731999999999097,"mNowHealthyStep":0,"mRunStepCount":3,"mSpeed":4.0,"mStartTime":0,"mStepCount":13,"mTimeUnit":600000,"mTotalActiveTime":7858.799999999187,"mWalkStepCount":10},{"mCalorie":0.0,"mDistance":0.0,"mNowHealthyStep":0,"mRunStepCount":0,"mSpeed":0.0,"mStartTime":0,"mStepCount":0,"mTimeUnit":600000,"mTotalActiveTime":0.0,"mWalkStepCount":0},{"mCalorie":0.0,"mDistance":0.0,"mNowHealthyStep":0,"mRunStepCount":0,"mSpeed":0.0,"mStartTime":0,"mStepCount":0,"mTimeUnit":600000,"mTotalActiveTime":0.0,"mWalkStepCount":0},{"mCalorie":0.0,"mDistance":0.0,"mNowHealthyStep":0,"mRunStepCount":0,"mSpeed":0.0,"mStartTime":0,"mStepCount":0,"mTimeUnit":600000,"mTotalActiveTime":0.0,"mWalkStepCount":0},{"mCalorie":0.0,"mDistance":0.0,"mNowHealthyStep":0,"mRunStepCount":0,"mSpeed":0.0,"mStartTime":0,"mStepCount":0,"mTimeUnit":600000,"mTotalActiveTime":0.0,"mWalkStepCount":0},{"mCalorie":0.0,"mDistance":0.0,"mNowHealthyStep":0,"mRunStepCount":0,"mSpeed":0.0,"mStartTime":0,"mStepCount":0,"mTimeUnit":600000,"mTotalActiveTime":0.0,"mWalkStepCount":0},{"mCalorie":0.0,"mDistance":0.0,"mNowHealthyStep":0,"mRunStepCount":0,"mSpeed":0.0,"mStartTime":0,"mStepCount":0,"mTimeUnit":600000,"mTotalActiveTime":0.0,"mWalkStepCount":0},{"mCalorie":0.46,"mDistance":9.18,"mNowHealthyStep":0,"mRunStepCount":0,"mSpeed":3.9000003337860107,"mStartTime":0,"mStepCount":13,"mTimeUnit":600000,"mTotalActiveTime":8473.845428602292,"mWalkStepCount":13},{"mCalorie":0.0,"mDistance":0.0,"mNowHealthyStep":0,"mRunStepCount":0,"mSpeed":0.0,"mStartTime":0,"mStepCount":0,"mTimeUnit":600000,"mTotalActiveTime":0.0,"mWalkStepCount":0},{"mCalorie":0.0,"mDistance":0.0,"mNowHealthyStep":0,"mRunStepCount":0,"mSpeed":0.0,"mStartTime":0,"mStepCount":0,"mTimeUnit":600000,"mTotalActiveTime":0.0,"mWalkStepCount":0},{"mCalorie":0.0,"mDistance":0.0,"mNowHealthyStep":0,"mRunStepCount":0,"mSpeed":0.0,"mStartTime":0,"mStepCount":0,"mTimeUnit":600000,"mTotalActiveTime":0.0,"mWalkStepCount":0},{"mCalorie":0.0,"mDistance":0.0,"mNowHealthyStep":0,"mRunStepCount":0,"mSpeed":0.0,"mStartTime":0,"mStepCount":0,"mTimeUnit":600000,"mTotalActiveTime":0.0,"mWalkStepCount":0},{"mCalorie":0.0,"mDistance":0.0,"mNowHealthyStep":0,"mRunStepCount":0,"mSpeed":0.0,"mStartTime":0,"mStepCount":0,"mTimeUnit":600000,"mTotalActiveTime":0.0,"mWalkStepCount":0},{"mCalorie":0.0,"mDistance":0.0,"mNowHealthyStep":0,"mRunStepCount":0,"mSpeed":0.0,"mStartTime":0,"mStepCount":0,"mTimeUnit":600000,"mTotalActiveTime":0.0,"mWalkStepCount":0},{"mCalorie":0.0,"mDistance":0.0,"mNowHealthyStep":0,"mRunStepCount":0,"mSpeed":0.0,"mStartTime":0,"mStepCount":0,"mTimeUnit":600000,"mTotalActiveTime":0.0,"mWalkStepCount":0},{"mCalorie":0.0,"mDistance":0.0,"mNowHealthyStep":0,"mRunStepCount":0,"mSpeed":0.0,"mStartTime":0,"mStepCount":0,"mTimeUnit":600000,"mTotalActiveTime":0.0,"mWalkStepCount":0},{"mCalorie":0.0,"mDistance":0.0,"mNowHealthyStep":0,"mRunStepCount":0,"mSpeed":0.0,"mStartTime":0,"mStepCount":0,"mTimeUnit":600000,"mTotalActiveTime":0.0,"mWalkStepCount":0},{"mCalorie":0.67,"mDistance":12.54,"mNowHealthyStep":0,"mRunStepCount":0,"mSpeed":5.600000381469727,"mStartTime":0,"mStepCount":16,"mTimeUnit":600000,"mTotalActiveTime":8061.428022287368,"mWalkStepCount":16},{"mCalorie":0.48,"mDistance":8.12,"mNowHealthyStep":0,"mRunStepCount":0,"mSpeed":3.0999999046325684,"mStartTime":0,"mStepCount":12,"mTimeUnit":600000,"mTotalActiveTime":9429.677709446498,"mWalkStepCount":12},{"mCalorie":2.23,"mDistance":45.89,"mNowHealthyStep":0,"mRunStepCount":0,"mSpeed":4.250370025634766,"mStartTime":0,"mStepCount":63,"mTimeUnit":600000,"mTotalActiveTime":38868.14467907215,"mWalkStepCount":63},{"mCalorie":3.64,"mDistance":70.74000000000001,"mNowHealthyStep":0,"mRunStepCount":9,"mSpeed":5.958789825439453,"mStartTime":0,"mStepCount":88,"mTimeUnit":600000,"mTotalActiveTime":42737.53644076726,"mWalkStepCount":79},{"mCalorie":5.440000000000082,"mDistance":108.40100000000035,"mNowHealthyStep":0,"mRunStepCount":0,"mSpeed":4.130992412567139,"mStartTime":0,"mStepCount":153,"mTimeUnit":600000,"mTotalActiveTime":94467.27228436396,"mWalkStepCount":153},{"mCalorie":2.3,"mDistance":48.02,"mNowHealthyStep":0,"mRunStepCount":0,"mSpeed":4.140069961547852,"mStartTime":0,"mStepCount":66,"mTimeUnit":600000,"mTotalActiveTime":41755.81705173387,"mWalkStepCount":66},{"mCalorie":0.55,"mDistance":10.04,"mNowHealthyStep":0,"mRunStepCount":0,"mSpeed":4.262551307678223,"mStartTime":0,"mStepCount":14,"mTimeUnit":600000,"mTotalActiveTime":8479.428876215112,"mWalkStepCount":14},{"mCalorie":0.28,"mDistance":7.96,"mNowHealthyStep":0,"mRunStepCount":0,"mSpeed":6.099999904632568,"mStartTime":0,"mStepCount":10,"mTimeUnit":600000,"mTotalActiveTime":4697.704991476731,"mWalkStepCount":10},{"mCalorie":0.0,"mDistance":0.0,"mNowHealthyStep":0,"mRunStepCount":0,"mSpeed":0.0,"mStartTime":0,"mStepCount":0,"mTimeUnit":600000,"mTotalActiveTime":0.0,"mWalkStepCount":0},{"mCalorie":0.0,"mDistance":0.0,"mNowHealthyStep":0,"mRunStepCount":0,"mSpeed":0.0,"mStartTime":0,"mStepCount":0,"mTimeUnit":600000,"mTotalActiveTime":0.0,"mWalkStepCount":0},{"mCalorie":0.0,"mDistance":0.0,"mNowHealthyStep":0,"mRunStepCount":0,"mSpeed":0.0,"mStartTime":0,"mStepCount":0,"mTimeUnit":600000,"mTotalActiveTime":0.0,"mWalkStepCount":0},{"mCalorie":2.330000000000027,"mDistance":45.72999999999855,"mNowHealthyStep":0,"mRunStepCount":0,"mSpeed":4.273064613342285,"mStartTime":0,"mStepCount":63,"mTimeUnit":600000,"mTotalActiveTime":38526.916043766985,"mWalkStepCount":63},{"mCalorie":0.61,"mDistance":8.8,"mNowHealthyStep":0,"mRunStepCount":0,"mSpeed":3.0999999046325684,"mStartTime":0,"mStepCount":13,"mTimeUnit":600000,"mTotalActiveTime":10219.355153094728,"mWalkStepCount":13},{"mCalorie":1.15,"mDistance":23.659999999999997,"mNowHealthyStep":0,"mRunStepCount":0,"mSpeed":4.216430187225342,"mStartTime":0,"mStepCount":33,"mTimeUnit":600000,"mTotalActiveTime":20200.975942866997,"mWalkStepCount":33},{"mCalorie":0.0,"mDistance":0.0,"mNowHealthyStep":0,"mRunStepCount":0,"mSpeed":0.0,"mStartTime":0,"mStepCount":0,"mTimeUnit":600000,"mTotalActiveTime":0.0,"mWalkStepCount":0},{"mCalorie":2.24,"mDistance":37.3,"mNowHealthyStep":0,"mRunStepCount":5,"mSpeed":4.199999809265137,"mStartTime":0,"mStepCount":52,"mTimeUnit":600000,"mTotalActiveTime":31971.430023349127,"mWalkStepCount":47},{"mCalorie":1.25,"mDistance":26.4,"mNowHealthyStep":0,"mRunStepCount":0,"mSpeed":5.052367687225342,"mStartTime":0,"mStepCount":35,"mTimeUnit":600000,"mTotalActiveTime":18810.98174983693,"mWalkStepCount":35},{"mCalorie":3.87,"mDistance":77.86,"mNowHealthyStep":0,"mRunStepCount":0,"mSpeed":4.952345848083496,"mStartTime":0,"mStepCount":103,"mTimeUnit":600000,"mTotalActiveTime":56598.634063368314,"mWalkStepCount":103},{"mCalorie":0.26,"mDistance":8.35,"mNowHealthyStep":0,"mRunStepCount":0,"mSpeed":6.700000286102295,"mStartTime":0,"mStepCount":10,"mTimeUnit":600000,"mTotalActiveTime":4486.566972594462,"mWalkStepCount":10},{"mCalorie":0.0,"mDistance":0.0,"mNowHealthyStep":0,"mRunStepCount":0,"mSpeed":0.0,"mStartTime":0,"mStepCount":0,"mTimeUnit":600000,"mTotalActiveTime":0.0,"mWalkStepCount":0},{"mCalorie":0.0,"mDistance":0.0,"mNowHealthyStep":0,"mRunStepCount":0,"mSpeed":0.0,"mStartTime":0,"mStepCount":0,"mTimeUnit":600000,"mTotalActiveTime":0.0,"mWalkStepCount":0},{"mCalorie":2.14,"mDistance":39.09,"mNowHealthyStep":0,"mRunStepCount":1,"mSpeed":5.000385284423828,"mStartTime":0,"mStepCount":51,"mTimeUnit":600000,"mTotalActiveTime":28142.63163594988,"mWalkStepCount":50},{"mCalorie":2.6100000000000003,"mDistance":52.76,"mNowHealthyStep":0,"mRunStepCount":0,"mSpeed":4.255369663238525,"mStartTime":0,"mStepCount":72,"mTimeUnit":600000,"mTotalActiveTime":44634.42973637907,"mWalkStepCount":72},{"mCalorie":2.2000000000000637,"mDistance":30.488999999997468,"mNowHealthyStep":0,"mRunStepCount":13,"mSpeed":8.004653930664062,"mStartTime":0,"mStepCount":34,"mTimeUnit":600000,"mTotalActiveTime":13712.072328852963,"mWalkStepCount":21},{"mCalorie":8.690999999999985,"mDistance":167.6560000000024,"mNowHealthyStep":0,"mRunStepCount":10,"mSpeed":4.916816711425781,"mStartTime":0,"mStepCount":234,"mTimeUnit":600000,"mTotalActiveTime":122754.54272400179,"mWalkStepCount":224},{"mCalorie":13.38000000000011,"mDistance":286.7909999999977,"mNowHealthyStep":0,"mRunStepCount":0,"mSpeed":4.716911315917969,"mStartTime":0,"mStepCount":384,"mTimeUnit":600000,"mTotalActiveTime":218882.1377138994,"mWalkStepCount":384},{"mCalorie":1.26,"mDistance":22.61,"mNowHealthyStep":0,"mRunStepCount":0,"mSpeed":3.3000001907348633,"mStartTime":0,"mStepCount":33,"mTimeUnit":600000,"mTotalActiveTime":24665.453119829748,"mWalkStepCount":33},{"mCalorie":0.53,"mDistance":9.79,"mNowHealthyStep":0,"mRunStepCount":0,"mSpeed":3.799999952316284,"mStartTime":0,"mStepCount":14,"mTimeUnit":600000,"mTotalActiveTime":9274.736958487874,"mWalkStepCount":14},{"mCalorie":0.0,"mDistance":0.0,"mNowHealthyStep":0,"mRunStepCount":0,"mSpeed":0.0,"mStartTime":0,"mStepCount":0,"mTimeUnit":600000,"mTotalActiveTime":0.0,"mWalkStepCount":0},{"mCalorie":8.43999999999979,"mDistance":176.58000000000334,"mNowHealthyStep":0,"mRunStepCount":0,"mSpeed":4.420882225036621,"mStartTime":0,"mStepCount":240,"mTimeUnit":600000,"mTotalActiveTime":143792.11550962465,"mWalkStepCount":240},{"mCalorie":12.45,"mDistance":246.45,"mNowHealthyStep":0,"mRunStepCount":0,"mSpeed":4.58647346496582,"mStartTime":0,"mStepCount":351,"mTimeUnit":600000,"mTotalActiveTime":193442.74124842952,"mWalkStepCount":351},{"mCalorie":3.18,"mDistance":41.28,"mNowHealthyStep":0,"mRunStepCount":0,"mSpeed":4.389936923980713,"mStartTime":0,"mStepCount":60,"mTimeUnit":600000,"mTotalActiveTime":33851.96561921682,"mWalkStepCount":60},{"mCalorie":2.89,"mDistance":61.68,"mNowHealthyStep":0,"mRunStepCount":0,"mSpeed":4.634821891784668,"mStartTime":0,"mStepCount":83,"mTimeUnit":600000,"mTotalActiveTime":47908.636542973945,"mWalkStepCount":83},{"mCalorie":15.509999999999964,"mDistance":324.1099999999979,"mNowHealthyStep":0,"mRunStepCount":0,"mSpeed":4.393336772918701,"mStartTime":0,"mStepCount":441,"mTimeUnit":600000,"mTotalActiveTime":265583.11298188416,"mWalkStepCount":441},{"mCalorie":6.189999999999909,"mDistance":122.55100000000152,"mNowHealthyStep":0,"mRunStepCount":0,"mSpeed":4.106238842010498,"mStartTime":0,"mStepCount":169,"mTimeUnit":600000,"mTotalActiveTime":107442.26067332007,"mWalkStepCount":169},{"mCalorie":10.76,"mDistance":231.65000000000003,"mNowHealthyStep":0,"mRunStepCount":0,"mSpeed":4.835251331329346,"mStartTime":0,"mStepCount":307,"mTimeUnit":600000,"mTotalActiveTime":172470.86978338406,"mWalkStepCount":307},{"mCalorie":1.5999999999999999,"mDistance":33.47,"mNowHealthyStep":0,"mRunStepCount":0,"mSpeed":4.504293441772461,"mStartTime":0,"mStepCount":45,"mTimeUnit":600000,"mTotalActiveTime":26750.477492678627,"mWalkStepCount":45},{"mCalorie":7.390000000000001,"mDistance":158.91,"mNowHealthyStep":0,"mRunStepCount":0,"mSpeed":4.7582831382751465,"mStartTime":0,"mStepCount":211,"mTimeUnit":600000,"mTotalActiveTime":120227.39794439558,"mWalkStepCount":211},{"mCalorie":8.31,"mDistance":180.43,"mNowHealthyStep":0,"mRunStepCount":0,"mSpeed":4.916563034057617,"mStartTime":0,"mStepCount":238,"mTimeUnit":600000,"mTotalActiveTime":132114.24476574006,"mWalkStepCount":238},{"mCalorie":0.75,"mDistance":11.76,"mNowHealthyStep":0,"mRunStepCount":2,"mSpeed":7.599999904632568,"mStartTime":0,"mStepCount":13,"mTimeUnit":600000,"mTotalActiveTime":5570.5263856903675,"mWalkStepCount":11},{"mCalorie":20.119999999999948,"mDistance":432.7499999999961,"mNowHealthyStep":0,"mRunStepCount":2,"mSpeed":5.007119178771973,"mStartTime":0,"mStepCount":569,"mTimeUnit":600000,"mTotalActiveTime":311136.9941492349,"mWalkStepCount":567},{"mCalorie":3.0200000000000906,"mDistance":66.03200000000041,"mNowHealthyStep":0,"mRunStepCount":0,"mSpeed":4.876500129699707,"mStartTime":0,"mStepCount":88,"mTimeUnit":600000,"mTotalActiveTime":48747.09345982853,"mWalkStepCount":88},{"mCalorie":0.34,"mDistance":7.64,"mNowHealthyStep":0,"mRunStepCount":0,"mSpeed":5.099999904632568,"mStartTime":0,"mStepCount":10,"mTimeUnit":600000,"mTotalActiveTime":5392.941277315874,"mWalkStepCount":10},{"mCalorie":7.419999999999999,"mDistance":151.6,"mNowHealthyStep":0,"mRunStepCount":2,"mSpeed":4.431155681610107,"mStartTime":0,"mStepCount":204,"mTimeUnit":600000,"mTotalActiveTime":123164.26006932117,"mWalkStepCount":202},{"mCalorie":9.309999999999954,"mDistance":192.84000000000205,"mNowHealthyStep":0,"mRunStepCount":4,"mSpeed":4.6069440841674805,"mStartTime":0,"mStepCount":259,"mTimeUnit":600000,"mTotalActiveTime":150690.77507788423,"mWalkStepCount":255},{"mCalorie":3.92,"mDistance":71.14999999999999,"mNowHealthyStep":0,"mRunStepCount":1,"mSpeed":6.047767639160156,"mStartTime":0,"mStepCount":88,"mTimeUnit":600000,"mTotalActiveTime":42352.816247025956,"mWalkStepCount":87},{"mCalorie":5.400000000000082,"mDistance":99.56000000000202,"mNowHealthyStep":0,"mRunStepCount":10,"mSpeed":5.143667221069336,"mStartTime":0,"mStepCount":127,"mTimeUnit":600000,"mTotalActiveTime":69681.02393715493,"mWalkStepCount":117},{"mCalorie":3.969999999999991,"mDistance":80.46899999999849,"mNowHealthyStep":0,"mRunStepCount":0,"mSpeed":4.819014549255371,"mStartTime":0,"mStepCount":108,"mTimeUnit":600000,"mTotalActiveTime":60113.61625141037,"mWalkStepCount":108},{"mCalorie":17.72000000000001,"mDistance":365.4589999999988,"mNowHealthyStep":0,"mRunStepCount":17,"mSpeed":4.705607891082764,"mStartTime":0,"mStepCount":492,"mTimeUnit":600000,"mTotalActiveTime":279592.4276679454,"mWalkStepCount":475},{"mCalorie":2.9899999999999998,"mDistance":59.769999999999996,"mNowHealthyStep":0,"mRunStepCount":0,"mSpeed":4.067620754241943,"mStartTime":0,"mStepCount":83,"mTimeUnit":600000,"mTotalActiveTime":52898.73666269721,"mWalkStepCount":83},{"mCalorie":5.439999999999945,"mDistance":111.76099999999975,"mNowHealthyStep":0,"mRunStepCount":0,"mSpeed":4.64243221282959,"mStartTime":0,"mStepCount":152,"mTimeUnit":600000,"mTotalActiveTime":86665.69188805376,"mWalkStepCount":152},{"mCalorie":0.0,"mDistance":0.0,"mNowHealthyStep":0,"mRunStepCount":0,"mSpeed":0.0,"mStartTime":0,"mStepCount":0,"mTimeUnit":600000,"mTotalActiveTime":0.0,"mWalkStepCount":0},{"mCalorie":0.72,"mDistance":14.73,"mNowHealthyStep":0,"mRunStepCount":0,"mSpeed":4.422642230987549,"mStartTime":0,"mStepCount":20,"mTimeUnit":600000,"mTotalActiveTime":11990.11781781936,"mWalkStepCount":20},{"mCalorie":23.35999999999981,"mDistance":469.3489999999985,"mNowHealthyStep":0,"mRunStepCount":0,"mSpeed":4.643863677978516,"mStartTime":0,"mStepCount":650,"mTimeUnit":600000,"mTotalActiveTime":363847.0988286766,"mWalkStepCount":650},{"mCalorie":3.619999999999919,"mDistance":74.81900000000053,"mNowHealthyStep":0,"mRunStepCount":0,"mSpeed":4.059510231018066,"mStartTime":0,"mStepCount":103,"mTimeUnit":600000,"mTotalActiveTime":66349.97822291024,"mWalkStepCount":103},{"mCalorie":0.58,"mDistance":12.77,"mNowHealthyStep":0,"mRunStepCount":1,"mSpeed":10.899999618530273,"mStartTime":0,"mStepCount":11,"mTimeUnit":600000,"mTotalActiveTime":4217.614826503887,"mWalkStepCount":10},{"mCalorie":4.8,"mDistance":82.83,"mNowHealthyStep":0,"mRunStepCount":3,"mSpeed":4.512113571166992,"mStartTime":0,"mStepCount":112,"mTimeUnit":600000,"mTotalActiveTime":66086.10421156192,"mWalkStepCount":109},{"mCalorie":2.9999999999999547,"mDistance":62.948999999998925,"mNowHealthyStep":0,"mRunStepCount":0,"mSpeed":4.557596683502197,"mStartTime":0,"mStepCount":84,"mTimeUnit":600000,"mTotalActiveTime":49722.78570851277,"mWalkStepCount":84},{"mCalorie":0.47,"mDistance":10.14,"mNowHealthyStep":0,"mRunStepCount":0,"mSpeed":5.5,"mStartTime":0,"mStepCount":13,"mTimeUnit":600000,"mTotalActiveTime":6637.09090909091,"mWalkStepCount":13},{"mCalorie":0.0,"mDistance":0.0,"mNowHealthyStep":0,"mRunStepCount":0,"mSpeed":0.0,"mStartTime":0,"mStepCount":0,"mTimeUnit":600000,"mTotalActiveTime":0.0,"mWalkStepCount":0},{"mCalorie":0.0,"mDistance":0.0,"mNowHealthyStep":0,"mRunStepCount":0,"mSpeed":0.0,"mStartTime":0,"mStepCount":0,"mTimeUnit":600000,"mTotalActiveTime":0.0,"mWalkStepCount":0},{"mCalorie":0.0,"mDistance":0.0,"mNowHealthyStep":0,"mRunStepCount":0,"mSpeed":0.0,"mStartTime":0,"mStepCount":0,"mTimeUnit":600000,"mTotalActiveTime":0.0,"mWalkStepCount":0},{"mCalorie":0.0,"mDistance":0.0,"mNowHealthyStep":0,"mRunStepCount":0,"mSpeed":0.0,"mStartTime":0,"mStepCount":0,"mTimeUnit":600000,"mTotalActiveTime":0.0,"mWalkStepCount":0},{"mCalorie":2.7,"mDistance":53.949999999999996,"mNowHealthyStep":0,"mRunStepCount":0,"mSpeed":4.021977424621582,"mStartTime":0,"mStepCount":75,"mTimeUnit":600000,"mTotalActiveTime":48289.678842786976,"mWalkStepCount":75},{"mCalorie":0.87,"mDistance":15.57,"mNowHealthyStep":0,"mRunStepCount":0,"mSpeed":3.0999999046325684,"mStartTime":0,"mStepCount":23,"mTimeUnit":600000,"mTotalActiveTime":18081.29087882783,"mWalkStepCount":23},{"mCalorie":0.86,"mDistance":18.77,"mNowHealthyStep":0,"mRunStepCount":0,"mSpeed":4.989905834197998,"mStartTime":0,"mStepCount":25,"mTimeUnit":600000,"mTotalActiveTime":13541.738438208697,"mWalkStepCount":25},{"mCalorie":0.0,"mDistance":0.0,"mNowHealthyStep":0,"mRunStepCount":0,"mSpeed":0.0,"mStartTime":0,"mStepCount":0,"mTimeUnit":600000,"mTotalActiveTime":0.0,"mWalkStepCount":0},{"mCalorie":0.35,"mDistance":7.4,"mNowHealthyStep":0,"mRunStepCount":0,"mSpeed":4.600000381469727,"mStartTime":0,"mStepCount":10,"mTimeUnit":600000,"mTotalActiveTime":5791.3038675636735,"mWalkStepCount":10},{"mCalorie":5.9399999999999995,"mDistance":105.8,"mNowHealthyStep":0,"mRunStepCount":20,"mSpeed":5.7008819580078125,"mStartTime":0,"mStepCount":134,"mTimeUnit":600000,"mTotalActiveTime":66810.71324239846,"mWalkStepCount":114},{"mCalorie":13.149999999999753,"mDistance":274.3520000000011,"mNowHealthyStep":0,"mRunStepCount":4,"mSpeed":5.398962497711182,"mStartTime":0,"mStepCount":358,"mTimeUnit":600000,"mTotalActiveTime":182936.4827386818,"mWalkStepCount":354},{"mCalorie":3.6799999999999273,"mDistance":72.92900000000037,"mNowHealthyStep":0,"mRunStepCount":0,"mSpeed":4.782410621643066,"mStartTime":0,"mStepCount":97,"mTimeUnit":600000,"mTotalActiveTime":54897.92265293017,"mWalkStepCount":97},{"mCalorie":0.6399999999999999,"mDistance":14.01,"mNowHealthyStep":0,"mRunStepCount":0,"mSpeed":4.510287761688232,"mStartTime":0,"mStepCount":19,"mTimeUnit":600000,"mTotalActiveTime":11182.434687205216,"mWalkStepCount":19},{"mCalorie":30.640000000000004,"mDistance":632.53,"mNowHealthyStep":0,"mRunStepCount":0,"mSpeed":4.589948654174805,"mStartTime":0,"mStepCount":852,"mTimeUnit":600000,"mTotalActiveTime":496107.4890339825,"mWalkStepCount":852},{"mCalorie":33.320000000000114,"mDistance":703.3560000000033,"mNowHealthyStep":0,"mRunStepCount":0,"mSpeed":4.820339679718018,"mStartTime":0,"mStepCount":935,"mTimeUnit":600000,"mTotalActiveTime":525291.1222510035,"mWalkStepCount":935},{"mCalorie":29.680000000000486,"mDistance":620.8460000000025,"mNowHealthyStep":0,"mRunStepCount":0,"mSpeed":4.605624198913574,"mStartTime":0,"mStepCount":841,"mTimeUnit":600000,"mTotalActiveTime":485286.1636694029,"mWalkStepCount":841},{"mCalorie":0.62,"mDistance":12.02,"mNowHealthyStep":0,"mRunStepCount":0,"mSpeed":3.9000003337860107,"mStartTime":0,"mStepCount":17,"mTimeUnit":600000,"mTotalActiveTime":11095.38366577337,"mWalkStepCount":17},{"mCalorie":0.0,"mDistance":0.0,"mNowHealthyStep":0,"mRunStepCount":0,"mSpeed":0.0,"mStartTime":0,"mStepCount":0,"mTimeUnit":600000,"mTotalActiveTime":0.0,"mWalkStepCount":0},{"mCalorie":0.0,"mDistance":0.0,"mNowHealthyStep":0,"mRunStepCount":0,"mSpeed":0.0,"mStartTime":0,"mStepCount":0,"mTimeUnit":600000,"mTotalActiveTime":0.0,"mWalkStepCount":0},{"mCalorie":0.51,"mDistance":12.93,"mNowHealthyStep":0,"mRunStepCount":0,"mSpeed":6.600000381469727,"mStartTime":0,"mStepCount":16,"mTimeUnit":600000,"mTotalActiveTime":7052.726865090638,"mWalkStepCount":16},{"mCalorie":1.6099999999999999,"mDistance":31.06,"mNowHealthyStep":0,"mRunStepCount":0,"mSpeed":3.653956413269043,"mStartTime":0,"mStepCount":44,"mTimeUnit":600000,"mTotalActiveTime":30601.350578675192,"mWalkStepCount":44},{"mCalorie":0.0,"mDistance":0.0,"mNowHealthyStep":0,"mRunStepCount":0,"mSpeed":0.0,"mStartTime":0,"mStepCount":0,"mTimeUnit":600000,"mTotalActiveTime":0.0,"mWalkStepCount":0},{"mCalorie":0.0,"mDistance":0.0,"mNowHealthyStep":0,"mRunStepCount":0,"mSpeed":0.0,"mStartTime":0,"mStepCount":0,"mTimeUnit":600000,"mTotalActiveTime":0.0,"mWalkStepCount":0},{"mCalorie":24.23,"mDistance":474.55,"mNowHealthyStep":0,"mRunStepCount":0,"mSpeed":4.516580104827881,"mStartTime":0,"mStepCount":667,"mTimeUnit":600000,"mTotalActiveTime":378246.36633735185,"mWalkStepCount":667},{"mCalorie":2.05,"mDistance":43.53999999999999,"mNowHealthyStep":0,"mRunStepCount":0,"mSpeed":4.655082702636719,"mStartTime":0,"mStepCount":58,"mTimeUnit":600000,"mTotalActiveTime":33671.58387567714,"mWalkStepCount":58},{"mCalorie":1.67,"mDistance":32.980000000000004,"mNowHealthyStep":0,"mRunStepCount":0,"mSpeed":4.776855945587158,"mStartTime":0,"mStepCount":45,"mTimeUnit":600000,"mTotalActiveTime":24854.842340686027,"mWalkStepCount":45},{"mCalorie":0.0,"mDistance":0.0,"mNowHealthyStep":0,"mRunStepCount":0,"mSpeed":0.0,"mStartTime":0,"mStepCount":0,"mTimeUnit":600000,"mTotalActiveTime":0.0,"mWalkStepCount":0},{"mCalorie":0.0,"mDistance":0.0,"mNowHealthyStep":0,"mRunStepCount":0,"mSpeed":0.0,"mStartTime":0,"mStepCount":0,"mTimeUnit":600000,"mTotalActiveTime":0.0,"mWalkStepCount":0},{"mCalorie":0.0,"mDistance":0.0,"mNowHealthyStep":0,"mRunStepCount":0,"mSpeed":0.0,"mStartTime":0,"mStepCount":0,"mTimeUnit":600000,"mTotalActiveTime":0.0,"mWalkStepCount":0},{"mCalorie":0.0,"mDistance":0.0,"mNowHealthyStep":0,"mRunStepCount":0,"mSpeed":0.0,"mStartTime":0,"mStepCount":0,"mTimeUnit":600000,"mTotalActiveTime":0.0,"mWalkStepCount":0},{"mCalorie":0.0,"mDistance":0.0,"mNowHealthyStep":0,"mRunStepCount":0,"mSpeed":0.0,"mStartTime":0,"mStepCount":0,"mTimeUnit":600000,"mTotalActiveTime":0.0,"mWalkStepCount":0}]