[{"mCalorie":0.0,"mDistance":0.0,"mNowHealthyStep":0,"mRunStepCount":0,"mSpeed":0.0,"mStartTime":1598133600000,"mStepCount":0,"mTimeUnit":600000,"mTotalActiveTime":0.0,"mWalkStepCount":0},{"mCalorie":0.0,"mDistance":0.0,"mNowHealthyStep":0,"mRunStepCount":0,"mSpeed":0.0,"mStartTime":1598134200000,"mStepCount":0,"mTimeUnit":600000,"mTotalActiveTime":0.0,"mWalkStepCount":0},{"mCalorie":0.0,"mDistance":0.0,"mNowHealthyStep":0,"mRunStepCount":0,"mSpeed":0.0,"mStartTime":1598134800000,"mStepCount":0,"mTimeUnit":600000,"mTotalActiveTime":0.0,"mWalkStepCount":0},{"mCalorie":0.0,"mDistance":0.0,"mNowHealthyStep":0,"mRunStepCount":0,"mSpeed":0.0,"mStartTime":1598135400000,"mStepCount":0,"mTimeUnit":600000,"mTotalActiveTime":0.0,"mWalkStepCount":0},{"mCalorie":0.0,"mDistance":0.0,"mNowHealthyStep":0,"mRunStepCount":0,"mSpeed":0.0,"mStartTime":1598136000000,"mStepCount":0,"mTimeUnit":600000,"mTotalActiveTime":0.0,"mWalkStepCount":0},{"mCalorie":0.0,"mDistance":0.0,"mNowHealthyStep":0,"mRunStepCount":0,"mSpeed":0.0,"mStartTime":1598136600000,"mStepCount":0,"mTimeUnit":600000,"mTotalActiveTime":0.0,"mWalkStepCount":0},{"mCalorie":0.0,"mDistance":0.0,"mNowHealthyStep":0,"mRunStepCount":0,"mSpeed":0.0,"mStartTime":1598137200000,"mStepCount":0,"mTimeUnit":600000,"mTotalActiveTime":0.0,"mWalkStepCount":0},{"mCalorie":0.0,"mDistance":0.0,"mNowHealthyStep":0,"mRunStepCount":0,"mSpeed":0.0,"mStartTime":1598137800000,"mStepCount":0,"mTimeUnit":600000,"mTotalActiveTime":0.0,"mWalkStepCount":0},{"mCalorie":0.0,"mDistance":0.0,"mNowHealthyStep":0,"mRunStepCount":0,"mSpeed":0.0,"mStartTime":1598138400000,"mStepCount":0,"mTimeUnit":600000,"mTotalActiveTime":0.0,"mWalkStepCount":0},{"mCalorie":0.0,"mDistance":0.0,"mNowHealthyStep":0,"mRunStepCount":0,"mSpeed":0.0,"mStartTime":1598139000000,"mStepCount":0,"mTimeUnit":600000,"mTotalActiveTime":0.0,"mWalkStepCount":0},{"mCalorie":0.0,"mDistance":0.0,"mNowHealthyStep":0,"mRunStepCount":0,"mSpeed":0.0,"mStartTime":1598139600000,"mStepCount":0,"mTimeUnit":600000,"mTotalActiveTime":0.0,"mWalkStepCount":0},{"mCalorie":0.0,"mDistance":0.0,"mNowHealthyStep":0,"mRunStepCount":0,"mSpeed":0.0,"mStartTime":1598140200000,"mStepCount":0,"mTimeUnit":600000,"mTotalActiveTime":0.0,"mWalkStepCount":0},{"mCalorie":0.0,"mDistance":0.0,"mNowHealthyStep":0,"mRunStepCount":0,"mSpeed":0.0,"mStartTime":1598140800000,"mStepCount":0,"mTimeUnit":600000,"mTotalActiveTime":0.0,"mWalkStepCount":0},{"mCalorie":0.0,"mDistance":0.0,"mNowHealthyStep":0,"mRunStepCount":0,"mSpeed":0.0,"mStartTime":1598141400000,"mStepCount":0,"mTimeUnit":600000,"mTotalActiveTime":0.0,"mWalkStepCount":0},{"mCalorie":0.0,"mDistance":0.0,"mNowHealthyStep":0,"mRunStepCount":0,"mSpeed":0.0,"mStartTime":1598142000000,"mStepCount":0,"mTimeUnit":600000,"mTotalActiveTime":0.0,"mWalkStepCount":0},{"mCalorie":0.0,"mDistance":0.0,"mNowHealthyStep":0,"mRunStepCount":0,"mSpeed":0.0,"mStartTime":1598142600000,"mStepCount":0,"mTimeUnit":600000,"mTotalActiveTime":0.0,"mWalkStepCount":0},{"mCalorie":0.0,"mDistance":0.0,"mNowHealthyStep":0,"mRunStepCount":0,"mSpeed":0.0,"mStartTime":1598143200000,"mStepCount":0,"mTimeUnit":600000,"mTotalActiveTime":0.0,"mWalkStepCount":0},{"mCalorie":0.0,"mDistance":0.0,"mNowHealthyStep":0,"mRunStepCount":0,"mSpeed":0.0,"mStartTime":1598143800000,"mStepCount":0,"mTimeUnit":600000,"mTotalActiveTime":0.0,"mWalkStepCount":0},{"mCalorie":0.0,"mDistance":0.0,"mNowHealthyStep":0,"mRunStepCount":0,"mSpeed":0.0,"mStartTime":1598144400000,"mStepCount":0,"mTimeUnit":600000,"mTotalActiveTime":0.0,"mWalkStepCount":0},{"mCalorie":0.0,"mDistance":0.0,"mNowHealthyStep":0,"mRunStepCount":0,"mSpeed":0.0,"mStartTime":1598145000000,"mStepCount":0,"mTimeUnit":600000,"mTotalActiveTime":0.0,"mWalkStepCount":0},{"mCalorie":0.0,"mDistance":0.0,"mNowHealthyStep":0,"mRunStepCount":0,"mSpeed":0.0,"mStartTime":1598145600000,"mStepCount":0,"mTimeUnit":600000,"mTotalActiveTime":0.0,"mWalkStepCount":0},{"mCalorie":0.0,"mDistance":0.0,"mNowHealthyStep":0,"mRunStepCount":0,"mSpeed":0.0,"mStartTime":1598146200000,"mStepCount":0,"mTimeUnit":600000,"mTotalActiveTime":0.0,"mWalkStepCount":0},{"mCalorie":0.0,"mDistance":0.0,"mNowHealthyStep":0,"mRunStepCount":0,"mSpeed":0.0,"mStartTime":1598146800000,"mStepCount":0,"mTimeUnit":600000,"mTotalActiveTime":0.0,"mWalkStepCount":0},{"mCalorie":0.0,"mDistance":0.0,"mNowHealthyStep":0,"mRunStepCount":0,"mSpeed":0.0,"mStartTime":1598147400000,"mStepCount":0,"mTimeUnit":600000,"mTotalActiveTime":0.0,"mWalkStepCount":0},{"mCalorie":0.0,"mDistance":0.0,"mNowHealthyStep":0,"mRunStepCount":0,"mSpeed":0.0,"mStartTime":1598148000000,"mStepCount":0,"mTimeUnit":600000,"mTotalActiveTime":0.0,"mWalkStepCount":0},{"mCalorie":0.0,"mDistance":0.0,"mNowHealthyStep":0,"mRunStepCount":0,"mSpeed":0.0,"mStartTime":1598148600000,"mStepCount":0,"mTimeUnit":600000,"mTotalActiveTime":0.0,"mWalkStepCount":0},{"mCalorie":0.0,"mDistance":0.0,"mNowHealthyStep":0,"mRunStepCount":0,"mSpeed":0.0,"mStartTime":1598149200000,"mStepCount":0,"mTimeUnit":600000,"mTotalActiveTime":0.0,"mWalkStepCount":0},{"mCalorie":0.0,"mDistance":0.0,"mNowHealthyStep":0,"mRunStepCount":0,"mSpeed":0.0,"mStartTime":1598149800000,"mStepCount":0,"mTimeUnit":600000,"mTotalActiveTime":0.0,"mWalkStepCount":0},{"mCalorie":0.0,"mDistance":0.0,"mNowHealthyStep":0,"mRunStepCount":0,"mSpeed":0.0,"mStartTime":1598150400000,"mStepCount":0,"mTimeUnit":600000,"mTotalActiveTime":0.0,"mWalkStepCount":0},{"mCalorie":0.0,"mDistance":0.0,"mNowHealthyStep":0,"mRunStepCount":0,"mSpeed":0.0,"mStartTime":1598151000000,"mStepCount":0,"mTimeUnit":600000,"mTotalActiveTime":0.0,"mWalkStepCount":0},{"mCalorie":0.0,"mDistance":0.0,"mNowHealthyStep":0,"mRunStepCount":0,"mSpeed":0.0,"mStartTime":1598151600000,"mStepCount":0,"mTimeUnit":600000,"mTotalActiveTime":0.0,"mWalkStepCount":0},{"mCalorie":0.0,"mDistance":0.0,"mNowHealthyStep":0,"mRunStepCount":0,"mSpeed":0.0,"mStartTime":1598152200000,"mStepCount":0,"mTimeUnit":600000,"mTotalActiveTime":0.0,"mWalkStepCount":0},{"mCalorie":0.0,"mDistance":0.0,"mNowHealthyStep":0,"mRunStepCount":0,"mSpeed":0.0,"mStartTime":1598152800000,"mStepCount":0,"mTimeUnit":600000,"mTotalActiveTime":0.0,"mWalkStepCount":0},{"mCalorie":0.0,"mDistance":0.0,"mNowHealthyStep":0,"mRunStepCount":0,"mSpeed":0.0,"mStartTime":1598153400000,"mStepCount":0,"mTimeUnit":600000,"mTotalActiveTime":0.0,"mWalkStepCount":0},{"mCalorie":0.0,"mDistance":0.0,"mNowHealthyStep":0,"mRunStepCount":0,"mSpeed":0.0,"mStartTime":1598154000000,"mStepCount":0,"mTimeUnit":600000,"mTotalActiveTime":0.0,"mWalkStepCount":0},{"mCalorie":0.0,"mDistance":0.0,"mNowHealthyStep":0,"mRunStepCount":0,"mSpeed":0.0,"mStartTime":1598154600000,"mStepCount":0,"mTimeUnit":600000,"mTotalActiveTime":0.0,"mWalkStepCount":0},{"mCalorie":0.0,"mDistance":0.0,"mNowHealthyStep":0,"mRunStepCount":0,"mSpeed":0.0,"mStartTime":1598155200000,"mStepCount":0,"mTimeUnit":600000,"mTotalActiveTime":0.0,"mWalkStepCount":0},{"mCalorie":0.0,"mDistance":0.0,"mNowHealthyStep":0,"mRunStepCount":0,"mSpeed":0.0,"mStartTime":1598155800000,"mStepCount":0,"mTimeUnit":600000,"mTotalActiveTime":0.0,"mWalkStepCount":0},{"mCalorie":0.0,"mDistance":0.0,"mNowHealthyStep":0,"mRunStepCount":0,"mSpeed":0.0,"mStartTime":1598156400000,"mStepCount":0,"mTimeUnit":600000,"mTotalActiveTime":0.0,"mWalkStepCount":0},{"mCalorie":0.0,"mDistance":0.0,"mNowHealthyStep":0,"mRunStepCount":0,"mSpeed":0.0,"mStartTime":1598157000000,"mStepCount":0,"mTimeUnit":600000,"mTotalActiveTime":0.0,"mWalkStepCount":0},{"mCalorie":0.0,"mDistance":0.0,"mNowHealthyStep":0,"mRunStepCount":0,"mSpeed":0.0,"mStartTime":1598157600000,"mStepCount":0,"mTimeUnit":600000,"mTotalActiveTime":0.0,"mWalkStepCount":0},{"mCalorie":0.0,"mDistance":0.0,"mNowHealthyStep":0,"mRunStepCount":0,"mSpeed":0.0,"mStartTime":1598158200000,"mStepCount":0,"mTimeUnit":600000,"mTotalActiveTime":0.0,"mWalkStepCount":0},{"mCalorie":0.0,"mDistance":0.0,"mNowHealthyStep":0,"mRunStepCount":0,"mSpeed":0.0,"mStartTime":1598158800000,"mStepCount":0,"mTimeUnit":600000,"mTotalActiveTime":0.0,"mWalkStepCount":0},{"mCalorie":0.0,"mDistance":0.0,"mNowHealthyStep":0,"mRunStepCount":0,"mSpeed":0.0,"mStartTime":1598159400000,"mStepCount":0,"mTimeUnit":600000,"mTotalActiveTime":0.0,"mWalkStepCount":0},{"mCalorie":0.0,"mDistance":0.0,"mNowHealthyStep":0,"mRunStepCount":0,"mSpeed":0.0,"mStartTime":1598160000000,"mStepCount":0,"mTimeUnit":600000,"mTotalActiveTime":0.0,"mWalkStepCount":0},{"mCalorie":0.0,"mDistance":0.0,"mNowHealthyStep":0,"mRunStepCount":0,"mSpeed":0.0,"mStartTime":1598160600000,"mStepCount":0,"mTimeUnit":600000,"mTotalActiveTime":0.0,"mWalkStepCount":0},{"mCalorie":0.0,"mDistance":0.0,"mNowHealthyStep":0,"mRunStepCount":0,"mSpeed":0.0,"mStartTime":1598161200000,"mStepCount":0,"mTimeUnit":600000,"mTotalActiveTime":0.0,"mWalkStepCount":0},{"mCalorie":0.0,"mDistance":0.0,"mNowHealthyStep":0,"mRunStepCount":0,"mSpeed":0.0,"mStartTime":1598161800000,"mStepCount":0,"mTimeUnit":600000,"mTotalActiveTime":0.0,"mWalkStepCount":0},{"mCalorie":0.0,"mDistance":0.0,"mNowHealthyStep":0,"mRunStepCount":0,"mSpeed":0.0,"mStartTime":1598162400000,"mStepCount":0,"mTimeUnit":600000,"mTotalActiveTime":0.0,"mWalkStepCount":0},{"mCalorie":0.0,"mDistance":0.0,"mNowHealthyStep":0,"mRunStepCount":0,"mSpeed":0.0,"mStartTime":1598163000000,"mStepCount":0,"mTimeUnit":600000,"mTotalActiveTime":0.0,"mWalkStepCount":0},{"mCalorie":0.0,"mDistance":0.0,"mNowHealthyStep":0,"mRunStepCount":0,"mSpeed":0.0,"mStartTime":1598163600000,"mStepCount":0,"mTimeUnit":600000,"mTotalActiveTime":0.0,"mWalkStepCount":0},{"mCalorie":0.0,"mDistance":0.0,"mNowHealthyStep":0,"mRunStepCount":0,"mSpeed":0.0,"mStartTime":1598164200000,"mStepCount":0,"mTimeUnit":600000,"mTotalActiveTime":0.0,"mWalkStepCount":0},{"mCalorie":0.3699999749660492,"mDistance":7.099999904632568,"mNowHealthyStep":0,"mRunStepCount":0,"mSpeed":3.5897436141967773,"mStartTime":1598164800000,"mStepCount":10,"mTimeUnit":600000,"mTotalActiveTime":7120.285570142708,"mWalkStepCount":10},{"mCalorie":0.0,"mDistance":0.0,"mNowHealthyStep":0,"mRunStepCount":0,"mSpeed":0.0,"mStartTime":1598165400000,"mStepCount":0,"mTimeUnit":600000,"mTotalActiveTime":0.0,"mWalkStepCount":0},{"mCalorie":0.0,"mDistance":0.0,"mNowHealthyStep":0,"mRunStepCount":0,"mSpeed":0.0,"mStartTime":1598166000000,"mStepCount":0,"mTimeUnit":600000,"mTotalActiveTime":0.0,"mWalkStepCount":0},{"mCalorie":0.0,"mDistance":0.0,"mNowHealthyStep":0,"mRunStepCount":0,"mSpeed":0.0,"mStartTime":1598166600000,"mStepCount":0,"mTimeUnit":600000,"mTotalActiveTime":0.0,"mWalkStepCount":0},{"mCalorie":0.0,"mDistance":0.0,"mNowHealthyStep":0,"mRunStepCount":0,"mSpeed":0.0,"mStartTime":1598167200000,"mStepCount":0,"mTimeUnit":600000,"mTotalActiveTime":0.0,"mWalkStepCount":0},{"mCalorie":0.0,"mDistance":0.0,"mNowHealthyStep":0,"mRunStepCount":0,"mSpeed":0.0,"mStartTime":1598167800000,"mStepCount":0,"mTimeUnit":600000,"mTotalActiveTime":0.0,"mWalkStepCount":0},{"mCalorie":0.0,"mDistance":0.0,"mNowHealthyStep":0,"mRunStepCount":0,"mSpeed":0.0,"mStartTime":1598168400000,"mStepCount":0,"mTimeUnit":600000,"mTotalActiveTime":0.0,"mWalkStepCount":0},{"mCalorie":0.0,"mDistance":0.0,"mNowHealthyStep":0,"mRunStepCount":0,"mSpeed":0.0,"mStartTime":1598169000000,"mStepCount":0,"mTimeUnit":600000,"mTotalActiveTime":0.0,"mWalkStepCount":0},{"mCalorie":0.6600000262260437,"mDistance":12.0600004196167,"mNowHealthyStep":0,"mRunStepCount":0,"mSpeed":3.499999761581421,"mStartTime":1598169600000,"mStepCount":17,"mTimeUnit":600000,"mTotalActiveTime":12404.572705171633,"mWalkStepCount":17},{"mCalorie":0.0,"mDistance":0.0,"mNowHealthyStep":0,"mRunStepCount":0,"mSpeed":0.0,"mStartTime":1598170200000,"mStepCount":0,"mTimeUnit":600000,"mTotalActiveTime":0.0,"mWalkStepCount":0},{"mCalorie":5.830000013113022,"mDistance":100.49000120162964,"mNowHealthyStep":0,"mRunStepCount":0,"mSpeed":4.142508506774902,"mStartTime":1598170800000,"mStepCount":152,"mTimeUnit":600000,"mTotalActiveTime":87329.69636495468,"mWalkStepCount":152},{"mCalorie":0.0,"mDistance":0.0,"mNowHealthyStep":0,"mRunStepCount":0,"mSpeed":0.0,"mStartTime":1598171400000,"mStepCount":0,"mTimeUnit":600000,"mTotalActiveTime":0.0,"mWalkStepCount":0},{"mCalorie":0.0,"mDistance":0.0,"mNowHealthyStep":0,"mRunStepCount":0,"mSpeed":0.0,"mStartTime":1598172000000,"mStepCount":0,"mTimeUnit":600000,"mTotalActiveTime":0.0,"mWalkStepCount":0},{"mCalorie":4.200000107288361,"mDistance":81.63000106811523,"mNowHealthyStep":0,"mRunStepCount":0,"mSpeed":4.406502723693848,"mStartTime":1598172600000,"mStepCount":111,"mTimeUnit":600000,"mTotalActiveTime":66689.61943493804,"mWalkStepCount":111},{"mCalorie":2.759999990463257,"mDistance":44.72999858856201,"mNowHealthyStep":0,"mRunStepCount":0,"mSpeed":4.109480857849121,"mStartTime":1598173200000,"mStepCount":63,"mTimeUnit":600000,"mTotalActiveTime":39184.51152548015,"mWalkStepCount":63},{"mCalorie":1.8299999833106995,"mDistance":35.43000030517578,"mNowHealthyStep":0,"mRunStepCount":0,"mSpeed":3.756666898727417,"mStartTime":1598173800000,"mStepCount":49,"mTimeUnit":600000,"mTotalActiveTime":33952.438807747516,"mWalkStepCount":49},{"mCalorie":0.5600000023841858,"mDistance":10.71999979019165,"mNowHealthyStep":0,"mRunStepCount":0,"mSpeed":3.9519095420837402,"mStartTime":1598174400000,"mStepCount":15,"mTimeUnit":600000,"mTotalActiveTime":9765.405388766114,"mWalkStepCount":15},{"mCalorie":2.4899999499320984,"mDistance":48.44999980926514,"mNowHealthyStep":0,"mRunStepCount":0,"mSpeed":4.329815864562988,"mStartTime":1598175000000,"mStepCount":66,"mTimeUnit":600000,"mTotalActiveTime":40283.466672075796,"mWalkStepCount":66},{"mCalorie":0.0,"mDistance":0.0,"mNowHealthyStep":0,"mRunStepCount":0,"mSpeed":0.0,"mStartTime":1598175600000,"mStepCount":0,"mTimeUnit":600000,"mTotalActiveTime":0.0,"mWalkStepCount":0},{"mCalorie":0.0,"mDistance":0.0,"mNowHealthyStep":0,"mRunStepCount":0,"mSpeed":0.0,"mStartTime":1598176200000,"mStepCount":0,"mTimeUnit":600000,"mTotalActiveTime":0.0,"mWalkStepCount":0},{"mCalorie":0.0,"mDistance":0.0,"mNowHealthyStep":0,"mRunStepCount":0,"mSpeed":0.0,"mStartTime":1598176800000,"mStepCount":0,"mTimeUnit":600000,"mTotalActiveTime":0.0,"mWalkStepCount":0},{"mCalorie":0.0,"mDistance":0.0,"mNowHealthyStep":0,"mRunStepCount":0,"mSpeed":0.0,"mStartTime":1598177400000,"mStepCount":0,"mTimeUnit":600000,"mTotalActiveTime":0.0,"mWalkStepCount":0},{"mCalorie":0.6000000238418579,"mDistance":11.25,"mNowHealthyStep":0,"mRunStepCount":0,"mSpeed":3.200000047683716,"mStartTime":1598178000000,"mStepCount":16,"mTimeUnit":600000,"mTotalActiveTime":12656.24981140718,"mWalkStepCount":16},{"mCalorie":2.490000009536743,"mDistance":48.820000648498535,"mNowHealthyStep":0,"mRunStepCount":0,"mSpeed":3.8414578437805176,"mStartTime":1598178600000,"mStepCount":67,"mTimeUnit":600000,"mTotalActiveTime":45751.381895544415,"mWalkStepCount":67},{"mCalorie":0.5400000214576721,"mDistance":10.9399995803833,"mNowHealthyStep":0,"mRunStepCount":0,"mSpeed":3.6000001430511475,"mStartTime":1598179200000,"mStepCount":15,"mTimeUnit":600000,"mTotalActiveTime":10939.99914566679,"mWalkStepCount":15},{"mCalorie":15.70000010728836,"mDistance":258.02999925613403,"mNowHealthyStep":0,"mRunStepCount":5,"mSpeed":3.935734987258911,"mStartTime":1598179800000,"mStepCount":372,"mTimeUnit":600000,"mTotalActiveTime":236018.93790106403,"mWalkStepCount":367},{"mCalorie":7.7799999713897705,"mDistance":143.89000129699707,"mNowHealthyStep":0,"mRunStepCount":0,"mSpeed":4.105222225189209,"mStartTime":1598180400000,"mStepCount":198,"mTimeUnit":600000,"mTotalActiveTime":126181.7198899043,"mWalkStepCount":198},{"mCalorie":1.7200000286102295,"mDistance":31.440000534057617,"mNowHealthyStep":0,"mRunStepCount":0,"mSpeed":3.6000001430511475,"mStartTime":1598181000000,"mStepCount":44,"mTimeUnit":600000,"mTotalActiveTime":31439.999284744288,"mWalkStepCount":44},{"mCalorie":1.0199999809265137,"mDistance":19.489999771118164,"mNowHealthyStep":0,"mRunStepCount":0,"mSpeed":3.799999952316284,"mStartTime":1598181600000,"mStepCount":27,"mTimeUnit":600000,"mTotalActiveTime":18464.210541175675,"mWalkStepCount":27},{"mCalorie":0.0,"mDistance":0.0,"mNowHealthyStep":0,"mRunStepCount":0,"mSpeed":0.0,"mStartTime":1598182200000,"mStepCount":0,"mTimeUnit":600000,"mTotalActiveTime":0.0,"mWalkStepCount":0},{"mCalorie":1.7999999821186066,"mDistance":33.94000053405762,"mNowHealthyStep":0,"mRunStepCount":0,"mSpeed":3.8233096599578857,"mStartTime":1598182800000,"mStepCount":47,"mTimeUnit":600000,"mTotalActiveTime":31957.652005214062,"mWalkStepCount":47},{"mCalorie":15.920000314712524,"mDistance":296.8499975204468,"mNowHealthyStep":0,"mRunStepCount":2,"mSpeed":3.895500421524048,"mStartTime":1598183400000,"mStepCount":400,"mTimeUnit":600000,"mTotalActiveTime":274331.8946423202,"mWalkStepCount":398},{"mCalorie":7.34000027179718,"mDistance":66.84000015258789,"mNowHealthyStep":0,"mRunStepCount":0,"mSpeed":4.025568962097168,"mStartTime":1598184000000,"mStepCount":115,"mTimeUnit":600000,"mTotalActiveTime":59773.91181433865,"mWalkStepCount":115},{"mCalorie":1.4900000989437103,"mDistance":28.260003089904785,"mNowHealthyStep":0,"mRunStepCount":0,"mSpeed":3.864163637161255,"mStartTime":1598184600000,"mStepCount":39,"mTimeUnit":600000,"mTotalActiveTime":26328.080809671552,"mWalkStepCount":39},{"mCalorie":5.17999991774559,"mDistance":89.239999294281,"mNowHealthyStep":0,"mRunStepCount":0,"mSpeed":4.292778015136719,"mStartTime":1598185200000,"mStepCount":134,"mTimeUnit":600000,"mTotalActiveTime":74838.2503900888,"mWalkStepCount":134},{"mCalorie":11.680000066757202,"mDistance":215.92999649047852,"mNowHealthyStep":0,"mRunStepCount":0,"mSpeed":4.076268196105957,"mStartTime":1598185800000,"mStepCount":295,"mTimeUnit":600000,"mTotalActiveTime":190700.8929075456,"mWalkStepCount":295},{"mCalorie":0.3799999952316284,"mDistance":7.019999980926514,"mNowHealthyStep":0,"mRunStepCount":0,"mSpeed":3.200000047683716,"mStartTime":1598186400000,"mStepCount":10,"mTimeUnit":600000,"mTotalActiveTime":7897.499860860408,"mWalkStepCount":10},{"mCalorie":0.0,"mDistance":0.0,"mNowHealthyStep":0,"mRunStepCount":0,"mSpeed":0.0,"mStartTime":1598187000000,"mStepCount":0,"mTimeUnit":600000,"mTotalActiveTime":0.0,"mWalkStepCount":0},{"mCalorie":0.0,"mDistance":0.0,"mNowHealthyStep":0,"mRunStepCount":0,"mSpeed":0.0,"mStartTime":1598187600000,"mStepCount":0,"mTimeUnit":600000,"mTotalActiveTime":0.0,"mWalkStepCount":0},{"mCalorie":0.0,"mDistance":0.0,"mNowHealthyStep":0,"mRunStepCount":0,"mSpeed":0.0,"mStartTime":1598188200000,"mStepCount":0,"mTimeUnit":600000,"mTotalActiveTime":0.0,"mWalkStepCount":0},{"mCalorie":0.0,"mDistance":0.0,"mNowHealthyStep":0,"mRunStepCount":0,"mSpeed":0.0,"mStartTime":1598188800000,"mStepCount":0,"mTimeUnit":600000,"mTotalActiveTime":0.0,"mWalkStepCount":0},{"mCalorie":0.0,"mDistance":0.0,"mNowHealthyStep":0,"mRunStepCount":0,"mSpeed":0.0,"mStartTime":1598189400000,"mStepCount":0,"mTimeUnit":600000,"mTotalActiveTime":0.0,"mWalkStepCount":0},{"mCalorie":0.0,"mDistance":0.0,"mNowHealthyStep":0,"mRunStepCount":0,"mSpeed":0.0,"mStartTime":1598190000000,"mStepCount":0,"mTimeUnit":600000,"mTotalActiveTime":0.0,"mWalkStepCount":0},{"mCalorie":0.8700000047683716,"mDistance":17.579999446868896,"mNowHealthyStep":0,"mRunStepCount":0,"mSpeed":4.029088497161865,"mStartTime":1598190600000,"mStepCount":24,"mTimeUnit":600000,"mTotalActiveTime":15707.7709741404,"mWalkStepCount":24},{"mCalorie":12.789999783039093,"mDistance":232.51999855041504,"mNowHealthyStep":0,"mRunStepCount":0,"mSpeed":3.751258134841919,"mStartTime":1598191200000,"mStepCount":324,"mTimeUnit":600000,"mTotalActiveTime":223144.3261181407,"mWalkStepCount":324},{"mCalorie":1.400000050663948,"mDistance":26.519999980926514,"mNowHealthyStep":0,"mRunStepCount":0,"mSpeed":3.630378246307373,"mStartTime":1598191800000,"mStepCount":37,"mTimeUnit":600000,"mTotalActiveTime":26298.085993507382,"mWalkStepCount":37},{"mCalorie":0.0,"mDistance":0.0,"mNowHealthyStep":0,"mRunStepCount":0,"mSpeed":0.0,"mStartTime":1598192400000,"mStepCount":0,"mTimeUnit":600000,"mTotalActiveTime":0.0,"mWalkStepCount":0},{"mCalorie":0.6299999952316284,"mDistance":12.289999961853027,"mNowHealthyStep":0,"mRunStepCount":0,"mSpeed":3.6813488006591797,"mStartTime":1598193000000,"mStepCount":17,"mTimeUnit":600000,"mTotalActiveTime":12018.420800536409,"mWalkStepCount":17},{"mCalorie":0.0,"mDistance":0.0,"mNowHealthyStep":0,"mRunStepCount":0,"mSpeed":0.0,"mStartTime":1598193600000,"mStepCount":0,"mTimeUnit":600000,"mTotalActiveTime":0.0,"mWalkStepCount":0},{"mCalorie":0.0,"mDistance":0.0,"mNowHealthyStep":0,"mRunStepCount":0,"mSpeed":0.0,"mStartTime":1598194200000,"mStepCount":0,"mTimeUnit":600000,"mTotalActiveTime":0.0,"mWalkStepCount":0},{"mCalorie":1.5199999809265137,"mDistance":26.770000457763672,"mNowHealthyStep":0,"mRunStepCount":0,"mSpeed":4.234521865844727,"mStartTime":1598194800000,"mStepCount":40,"mTimeUnit":600000,"mTotalActiveTime":22758.65013834906,"mWalkStepCount":40},{"mCalorie":2.7200000882148743,"mDistance":47.920000076293945,"mNowHealthyStep":0,"mRunStepCount":0,"mSpeed":3.9085538387298584,"mStartTime":1598195400000,"mStepCount":71,"mTimeUnit":600000,"mTotalActiveTime":44137.041404135336,"mWalkStepCount":71},{"mCalorie":0.0,"mDistance":0.0,"mNowHealthyStep":0,"mRunStepCount":0,"mSpeed":0.0,"mStartTime":1598196000000,"mStepCount":0,"mTimeUnit":600000,"mTotalActiveTime":0.0,"mWalkStepCount":0},{"mCalorie":0.0,"mDistance":0.0,"mNowHealthyStep":0,"mRunStepCount":0,"mSpeed":0.0,"mStartTime":1598196600000,"mStepCount":0,"mTimeUnit":600000,"mTotalActiveTime":0.0,"mWalkStepCount":0},{"mCalorie":0.0,"mDistance":0.0,"mNowHealthyStep":0,"mRunStepCount":0,"mSpeed":0.0,"mStartTime":1598197200000,"mStepCount":0,"mTimeUnit":600000,"mTotalActiveTime":0.0,"mWalkStepCount":0},{"mCalorie":0.0,"mDistance":0.0,"mNowHealthyStep":0,"mRunStepCount":0,"mSpeed":0.0,"mStartTime":1598197800000,"mStepCount":0,"mTimeUnit":600000,"mTotalActiveTime":0.0,"mWalkStepCount":0},{"mCalorie":0.0,"mDistance":0.0,"mNowHealthyStep":0,"mRunStepCount":0,"mSpeed":0.0,"mStartTime":1598198400000,"mStepCount":0,"mTimeUnit":600000,"mTotalActiveTime":0.0,"mWalkStepCount":0},{"mCalorie":0.0,"mDistance":0.0,"mNowHealthyStep":0,"mRunStepCount":0,"mSpeed":0.0,"mStartTime":1598199000000,"mStepCount":0,"mTimeUnit":600000,"mTotalActiveTime":0.0,"mWalkStepCount":0},{"mCalorie":0.5,"mDistance":10.460000038146973,"mNowHealthyStep":0,"mRunStepCount":0,"mSpeed":4.512384414672852,"mStartTime":1598199600000,"mStepCount":14,"mTimeUnit":600000,"mTotalActiveTime":8345.033777072775,"mWalkStepCount":14},{"mCalorie":2.780000001192093,"mDistance":52.97000026702881,"mNowHealthyStep":0,"mRunStepCount":0,"mSpeed":3.683104991912842,"mStartTime":1598200200000,"mStepCount":74,"mTimeUnit":600000,"mTotalActiveTime":51774.79400030322,"mWalkStepCount":74},{"mCalorie":1.5100000202655792,"mDistance":28.71000051498413,"mNowHealthyStep":0,"mRunStepCount":0,"mSpeed":3.7469146251678467,"mStartTime":1598200800000,"mStepCount":40,"mTimeUnit":600000,"mTotalActiveTime":27584.29634125973,"mWalkStepCount":40},{"mCalorie":1.0400000214576721,"mDistance":20.190000534057617,"mNowHealthyStep":0,"mRunStepCount":0,"mSpeed":3.53452205657959,"mStartTime":1598201400000,"mStepCount":28,"mTimeUnit":600000,"mTotalActiveTime":20564.02501597529,"mWalkStepCount":28},{"mCalorie":0.7799999713897705,"mDistance":15.489999771118164,"mNowHealthyStep":0,"mRunStepCount":0,"mSpeed":4.020083904266357,"mStartTime":1598202000000,"mStepCount":21,"mTimeUnit":600000,"mTotalActiveTime":13871.352150624658,"mWalkStepCount":21},{"mCalorie":0.0,"mDistance":0.0,"mNowHealthyStep":0,"mRunStepCount":0,"mSpeed":0.0,"mStartTime":1598202600000,"mStepCount":0,"mTimeUnit":600000,"mTotalActiveTime":0.0,"mWalkStepCount":0},{"mCalorie":0.0,"mDistance":0.0,"mNowHealthyStep":0,"mRunStepCount":0,"mSpeed":0.0,"mStartTime":1598203200000,"mStepCount":0,"mTimeUnit":600000,"mTotalActiveTime":0.0,"mWalkStepCount":0},{"mCalorie":0.0,"mDistance":0.0,"mNowHealthyStep":0,"mRunStepCount":0,"mSpeed":0.0,"mStartTime":1598203800000,"mStepCount":0,"mTimeUnit":600000,"mTotalActiveTime":0.0,"mWalkStepCount":0},{"mCalorie":0.0,"mDistance":0.0,"mNowHealthyStep":0,"mRunStepCount":0,"mSpeed":0.0,"mStartTime":1598204400000,"mStepCount":0,"mTimeUnit":600000,"mTotalActiveTime":0.0,"mWalkStepCount":0},{"mCalorie":10.789999723434448,"mDistance":181.51000213623047,"mNowHealthyStep":0,"mRunStepCount":0,"mSpeed":3.953306198120117,"mStartTime":1598205000000,"mStepCount":273,"mTimeUnit":600000,"mTotalActiveTime":165288.48546904832,"mWalkStepCount":273},{"mCalorie":12.179999947547913,"mDistance":189.56999969482422,"mNowHealthyStep":0,"mRunStepCount":6,"mSpeed":4.079522609710693,"mStartTime":1598205600000,"mStepCount":250,"mTimeUnit":600000,"mTotalActiveTime":167287.22042045102,"mWalkStepCount":244},{"mCalorie":0.8399999737739563,"mDistance":15.619999885559082,"mNowHealthyStep":0,"mRunStepCount":0,"mSpeed":3.6000001430511475,"mStartTime":1598206200000,"mStepCount":22,"mTimeUnit":600000,"mTotalActiveTime":15619.999264876076,"mWalkStepCount":22},{"mCalorie":0.5900000333786011,"mDistance":11.630000114440918,"mNowHealthyStep":0,"mRunStepCount":0,"mSpeed":3.8308563232421875,"mStartTime":1598206800000,"mStepCount":16,"mTimeUnit":600000,"mTotalActiveTime":10929.149223887613,"mWalkStepCount":16},{"mCalorie":0.0,"mDistance":0.0,"mNowHealthyStep":0,"mRunStepCount":0,"mSpeed":0.0,"mStartTime":1598207400000,"mStepCount":0,"mTimeUnit":600000,"mTotalActiveTime":0.0,"mWalkStepCount":0},{"mCalorie":13.950000077486038,"mDistance":265.1599979400635,"mNowHealthyStep":0,"mRunStepCount":0,"mSpeed":4.237362384796143,"mStartTime":1598208000000,"mStepCount":360,"mTimeUnit":600000,"mTotalActiveTime":225275.9757761244,"mWalkStepCount":360},{"mCalorie":15.200000137090683,"mDistance":278.6799988746643,"mNowHealthyStep":0,"mRunStepCount":0,"mSpeed":3.6280667781829834,"mStartTime":1598208600000,"mStepCount":388,"mTimeUnit":600000,"mTotalActiveTime":276524.12253683055,"mWalkStepCount":388},{"mCalorie":0.0,"mDistance":0.0,"mNowHealthyStep":0,"mRunStepCount":0,"mSpeed":0.0,"mStartTime":1598209200000,"mStepCount":0,"mTimeUnit":600000,"mTotalActiveTime":0.0,"mWalkStepCount":0},{"mCalorie":0.0,"mDistance":0.0,"mNowHealthyStep":0,"mRunStepCount":0,"mSpeed":0.0,"mStartTime":1598209800000,"mStepCount":0,"mTimeUnit":600000,"mTotalActiveTime":0.0,"mWalkStepCount":0},{"mCalorie":0.0,"mDistance":0.0,"mNowHealthyStep":0,"mRunStepCount":0,"mSpeed":0.0,"mStartTime":1598210400000,"mStepCount":0,"mTimeUnit":600000,"mTotalActiveTime":0.0,"mWalkStepCount":0},{"mCalorie":1.6500000059604645,"mDistance":33.33000087738037,"mNowHealthyStep":0,"mRunStepCount":0,"mSpeed":4.804118633270264,"mStartTime":1598211000000,"mStepCount":44,"mTimeUnit":600000,"mTotalActiveTime":24976.069754303582,"mWalkStepCount":44},{"mCalorie":20.58999991416931,"mDistance":371.8700008392334,"mNowHealthyStep":0,"mRunStepCount":4,"mSpeed":3.622339963912964,"mStartTime":1598211600000,"mStepCount":515,"mTimeUnit":600000,"mTotalActiveTime":369576.57159050525,"mWalkStepCount":511},{"mCalorie":2.9800000488758087,"mDistance":53.51999831199646,"mNowHealthyStep":0,"mRunStepCount":0,"mSpeed":3.316518545150757,"mStartTime":1598212200000,"mStepCount":76,"mTimeUnit":600000,"mTotalActiveTime":58094.65249677092,"mWalkStepCount":76},{"mCalorie":0.0,"mDistance":0.0,"mNowHealthyStep":0,"mRunStepCount":0,"mSpeed":0.0,"mStartTime":1598212800000,"mStepCount":0,"mTimeUnit":600000,"mTotalActiveTime":0.0,"mWalkStepCount":0},{"mCalorie":0.0,"mDistance":0.0,"mNowHealthyStep":0,"mRunStepCount":0,"mSpeed":0.0,"mStartTime":1598213400000,"mStepCount":0,"mTimeUnit":600000,"mTotalActiveTime":0.0,"mWalkStepCount":0},{"mCalorie":6.169999957084656,"mDistance":111.45999908447266,"mNowHealthyStep":0,"mRunStepCount":0,"mSpeed":3.8368570804595947,"mStartTime":1598214000000,"mStepCount":141,"mTimeUnit":600000,"mTotalActiveTime":104579.3434391368,"mWalkStepCount":141},{"mCalorie":9.949999988079071,"mDistance":181.53000164031982,"mNowHealthyStep":0,"mRunStepCount":3,"mSpeed":3.7044522762298584,"mStartTime":1598214600000,"mStepCount":249,"mTimeUnit":600000,"mTotalActiveTime":176411.50704947955,"mWalkStepCount":246},{"mCalorie":0.6000000238418579,"mDistance":11.430000305175781,"mNowHealthyStep":0,"mRunStepCount":0,"mSpeed":3.799999475479126,"mStartTime":1598215200000,"mStepCount":16,"mTimeUnit":600000,"mTotalActiveTime":10828.422836412268,"mWalkStepCount":16},{"mCalorie":0.0,"mDistance":0.0,"mNowHealthyStep":0,"mRunStepCount":0,"mSpeed":0.0,"mStartTime":1598215800000,"mStepCount":0,"mTimeUnit":600000,"mTotalActiveTime":0.0,"mWalkStepCount":0},{"mCalorie":0.0,"mDistance":0.0,"mNowHealthyStep":0,"mRunStepCount":0,"mSpeed":0.0,"mStartTime":1598216400000,"mStepCount":0,"mTimeUnit":600000,"mTotalActiveTime":0.0,"mWalkStepCount":0},{"mCalorie":0.0,"mDistance":0.0,"mNowHealthyStep":0,"mRunStepCount":0,"mSpeed":0.0,"mStartTime":1598217000000,"mStepCount":0,"mTimeUnit":600000,"mTotalActiveTime":0.0,"mWalkStepCount":0},{"mCalorie":0.0,"mDistance":0.0,"mNowHealthyStep":0,"mRunStepCount":0,"mSpeed":0.0,"mStartTime":1598217600000,"mStepCount":0,"mTimeUnit":600000,"mTotalActiveTime":0.0,"mWalkStepCount":0},{"mCalorie":0.0,"mDistance":0.0,"mNowHealthyStep":0,"mRunStepCount":0,"mSpeed":0.0,"mStartTime":1598218200000,"mStepCount":0,"mTimeUnit":600000,"mTotalActiveTime":0.0,"mWalkStepCount":0},{"mCalorie":0.0,"mDistance":0.0,"mNowHealthyStep":0,"mRunStepCount":0,"mSpeed":0.0,"mStartTime":1598218800000,"mStepCount":0,"mTimeUnit":600000,"mTotalActiveTime":0.0,"mWalkStepCount":0},{"mCalorie":0.0,"mDistance":0.0,"mNowHealthyStep":0,"mRunStepCount":0,"mSpeed":0.0,"mStartTime":1598219400000,"mStepCount":0,"mTimeUnit":600000,"mTotalActiveTime":0.0,"mWalkStepCount":0}]