[{"mCalorie":0.0,"mDistance":0.0,"mNowHealthyStep":0,"mRunStepCount":0,"mSpeed":0.0,"mStartTime":1588197600000,"mStepCount":0,"mTimeUnit":600000,"mTotalActiveTime":0.0,"mWalkStepCount":0},{"mCalorie":0.0,"mDistance":0.0,"mNowHealthyStep":0,"mRunStepCount":0,"mSpeed":0.0,"mStartTime":1588198200000,"mStepCount":0,"mTimeUnit":600000,"mTotalActiveTime":0.0,"mWalkStepCount":0},{"mCalorie":0.0,"mDistance":0.0,"mNowHealthyStep":0,"mRunStepCount":0,"mSpeed":0.0,"mStartTime":1588198800000,"mStepCount":0,"mTimeUnit":600000,"mTotalActiveTime":0.0,"mWalkStepCount":0},{"mCalorie":0.0,"mDistance":0.0,"mNowHealthyStep":0,"mRunStepCount":0,"mSpeed":0.0,"mStartTime":1588199400000,"mStepCount":0,"mTimeUnit":600000,"mTotalActiveTime":0.0,"mWalkStepCount":0},{"mCalorie":0.0,"mDistance":0.0,"mNowHealthyStep":0,"mRunStepCount":0,"mSpeed":0.0,"mStartTime":1588200000000,"mStepCount":0,"mTimeUnit":600000,"mTotalActiveTime":0.0,"mWalkStepCount":0},{"mCalorie":0.0,"mDistance":0.0,"mNowHealthyStep":0,"mRunStepCount":0,"mSpeed":0.0,"mStartTime":1588200600000,"mStepCount":0,"mTimeUnit":600000,"mTotalActiveTime":0.0,"mWalkStepCount":0},{"mCalorie":0.0,"mDistance":0.0,"mNowHealthyStep":0,"mRunStepCount":0,"mSpeed":0.0,"mStartTime":1588201200000,"mStepCount":0,"mTimeUnit":600000,"mTotalActiveTime":0.0,"mWalkStepCount":0},{"mCalorie":0.0,"mDistance":0.0,"mNowHealthyStep":0,"mRunStepCount":0,"mSpeed":0.0,"mStartTime":1588201800000,"mStepCount":0,"mTimeUnit":600000,"mTotalActiveTime":0.0,"mWalkStepCount":0},{"mCalorie":0.0,"mDistance":0.0,"mNowHealthyStep":0,"mRunStepCount":0,"mSpeed":0.0,"mStartTime":1588202400000,"mStepCount":0,"mTimeUnit":600000,"mTotalActiveTime":0.0,"mWalkStepCount":0},{"mCalorie":0.0,"mDistance":0.0,"mNowHealthyStep":0,"mRunStepCount":0,"mSpeed":0.0,"mStartTime":1588203000000,"mStepCount":0,"mTimeUnit":600000,"mTotalActiveTime":0.0,"mWalkStepCount":0},{"mCalorie":0.0,"mDistance":0.0,"mNowHealthyStep":0,"mRunStepCount":0,"mSpeed":0.0,"mStartTime":1588203600000,"mStepCount":0,"mTimeUnit":600000,"mTotalActiveTime":0.0,"mWalkStepCount":0},{"mCalorie":0.0,"mDistance":0.0,"mNowHealthyStep":0,"mRunStepCount":0,"mSpeed":0.0,"mStartTime":1588204200000,"mStepCount":0,"mTimeUnit":600000,"mTotalActiveTime":0.0,"mWalkStepCount":0},{"mCalorie":0.0,"mDistance":0.0,"mNowHealthyStep":0,"mRunStepCount":0,"mSpeed":0.0,"mStartTime":1588204800000,"mStepCount":0,"mTimeUnit":600000,"mTotalActiveTime":0.0,"mWalkStepCount":0},{"mCalorie":0.0,"mDistance":0.0,"mNowHealthyStep":0,"mRunStepCount":0,"mSpeed":0.0,"mStartTime":1588205400000,"mStepCount":0,"mTimeUnit":600000,"mTotalActiveTime":0.0,"mWalkStepCount":0},{"mCalorie":0.0,"mDistance":0.0,"mNowHealthyStep":0,"mRunStepCount":0,"mSpeed":0.0,"mStartTime":1588206000000,"mStepCount":0,"mTimeUnit":600000,"mTotalActiveTime":0.0,"mWalkStepCount":0},{"mCalorie":0.0,"mDistance":0.0,"mNowHealthyStep":0,"mRunStepCount":0,"mSpeed":0.0,"mStartTime":1588206600000,"mStepCount":0,"mTimeUnit":600000,"mTotalActiveTime":0.0,"mWalkStepCount":0},{"mCalorie":0.0,"mDistance":0.0,"mNowHealthyStep":0,"mRunStepCount":0,"mSpeed":0.0,"mStartTime":1588207200000,"mStepCount":0,"mTimeUnit":600000,"mTotalActiveTime":0.0,"mWalkStepCount":0},{"mCalorie":1.73,"mDistance":32.760000000000005,"mNowHealthyStep":0,"mRunStepCount":3,"mSpeed":6.590646743774414,"mStartTime":1588207800000,"mStepCount":40,"mTimeUnit":600000,"mTotalActiveTime":17894.450659038088,"mWalkStepCount":37},{"mCalorie":0.0,"mDistance":0.0,"mNowHealthyStep":0,"mRunStepCount":0,"mSpeed":0.0,"mStartTime":1588208400000,"mStepCount":0,"mTimeUnit":600000,"mTotalActiveTime":0.0,"mWalkStepCount":0},{"mCalorie":0.0,"mDistance":0.0,"mNowHealthyStep":0,"mRunStepCount":0,"mSpeed":0.0,"mStartTime":1588209000000,"mStepCount":0,"mTimeUnit":600000,"mTotalActiveTime":0.0,"mWalkStepCount":0},{"mCalorie":0.0,"mDistance":0.0,"mNowHealthyStep":0,"mRunStepCount":0,"mSpeed":0.0,"mStartTime":1588209600000,"mStepCount":0,"mTimeUnit":600000,"mTotalActiveTime":0.0,"mWalkStepCount":0},{"mCalorie":3.989999971389734,"mDistance":70.38999984740514,"mNowHealthyStep":0,"mRunStepCount":10,"mSpeed":5.221402645111084,"mStartTime":1588210200000,"mStepCount":91,"mTimeUnit":600000,"mTotalActiveTime":48531.787730331365,"mWalkStepCount":81},{"mCalorie":0.72,"mDistance":14.469999999999999,"mNowHealthyStep":0,"mRunStepCount":0,"mSpeed":4.149777412414551,"mStartTime":1588210800000,"mStepCount":20,"mTimeUnit":600000,"mTotalActiveTime":12552.962102882968,"mWalkStepCount":20},{"mCalorie":0.0,"mDistance":0.0,"mNowHealthyStep":0,"mRunStepCount":0,"mSpeed":0.0,"mStartTime":1588211400000,"mStepCount":0,"mTimeUnit":600000,"mTotalActiveTime":0.0,"mWalkStepCount":0},{"mCalorie":0.8200000000000001,"mDistance":16.6,"mNowHealthyStep":0,"mRunStepCount":0,"mSpeed":4.048417568206787,"mStartTime":1588212000000,"mStepCount":23,"mTimeUnit":600000,"mTotalActiveTime":14761.322490593606,"mWalkStepCount":23},{"mCalorie":0.77,"mDistance":16.59,"mNowHealthyStep":0,"mRunStepCount":0,"mSpeed":5.152578353881836,"mStartTime":1588212600000,"mStepCount":22,"mTimeUnit":600000,"mTotalActiveTime":11591.090401960624,"mWalkStepCount":22},{"mCalorie":0.0,"mDistance":0.0,"mNowHealthyStep":0,"mRunStepCount":0,"mSpeed":0.0,"mStartTime":1588213200000,"mStepCount":0,"mTimeUnit":600000,"mTotalActiveTime":0.0,"mWalkStepCount":0},{"mCalorie":0.0,"mDistance":0.0,"mNowHealthyStep":0,"mRunStepCount":0,"mSpeed":0.0,"mStartTime":1588213800000,"mStepCount":0,"mTimeUnit":600000,"mTotalActiveTime":0.0,"mWalkStepCount":0},{"mCalorie":0.0,"mDistance":0.0,"mNowHealthyStep":0,"mRunStepCount":0,"mSpeed":0.0,"mStartTime":1588214400000,"mStepCount":0,"mTimeUnit":600000,"mTotalActiveTime":0.0,"mWalkStepCount":0},{"mCalorie":0.81,"mDistance":16.29,"mNowHealthyStep":0,"mRunStepCount":0,"mSpeed":3.827335834503174,"mStartTime":1588215000000,"mStepCount":23,"mTimeUnit":600000,"mTotalActiveTime":15322.407919093203,"mWalkStepCount":23},{"mCalorie":1.1800000000000002,"mDistance":22.46,"mNowHealthyStep":0,"mRunStepCount":0,"mSpeed":3.8521270751953125,"mStartTime":1588215600000,"mStepCount":32,"mTimeUnit":600000,"mTotalActiveTime":20989.96175921855,"mWalkStepCount":32},{"mCalorie":0.0,"mDistance":0.0,"mNowHealthyStep":0,"mRunStepCount":0,"mSpeed":0.0,"mStartTime":1588216200000,"mStepCount":0,"mTimeUnit":600000,"mTotalActiveTime":0.0,"mWalkStepCount":0},{"mCalorie":0.58,"mDistance":12.91,"mNowHealthyStep":0,"mRunStepCount":0,"mSpeed":4.700000286102295,"mStartTime":1588216800000,"mStepCount":17,"mTimeUnit":600000,"mTotalActiveTime":9888.510036356296,"mWalkStepCount":17},{"mCalorie":0.0,"mDistance":0.0,"mNowHealthyStep":0,"mRunStepCount":0,"mSpeed":0.0,"mStartTime":1588217400000,"mStepCount":0,"mTimeUnit":600000,"mTotalActiveTime":0.0,"mWalkStepCount":0},{"mCalorie":0.0,"mDistance":0.0,"mNowHealthyStep":0,"mRunStepCount":0,"mSpeed":0.0,"mStartTime":1588218000000,"mStepCount":0,"mTimeUnit":600000,"mTotalActiveTime":0.0,"mWalkStepCount":0},{"mCalorie":0.0,"mDistance":0.0,"mNowHealthyStep":0,"mRunStepCount":0,"mSpeed":0.0,"mStartTime":1588218600000,"mStepCount":0,"mTimeUnit":600000,"mTotalActiveTime":0.0,"mWalkStepCount":0},{"mCalorie":0.0,"mDistance":0.0,"mNowHealthyStep":0,"mRunStepCount":0,"mSpeed":0.0,"mStartTime":1588219200000,"mStepCount":0,"mTimeUnit":600000,"mTotalActiveTime":0.0,"mWalkStepCount":0},{"mCalorie":0.0,"mDistance":0.0,"mNowHealthyStep":0,"mRunStepCount":0,"mSpeed":0.0,"mStartTime":1588219800000,"mStepCount":0,"mTimeUnit":600000,"mTotalActiveTime":0.0,"mWalkStepCount":0},{"mCalorie":0.0,"mDistance":0.0,"mNowHealthyStep":0,"mRunStepCount":0,"mSpeed":0.0,"mStartTime":1588220400000,"mStepCount":0,"mTimeUnit":600000,"mTotalActiveTime":0.0,"mWalkStepCount":0},{"mCalorie":0.0,"mDistance":0.0,"mNowHealthyStep":0,"mRunStepCount":0,"mSpeed":0.0,"mStartTime":1588221000000,"mStepCount":0,"mTimeUnit":600000,"mTotalActiveTime":0.0,"mWalkStepCount":0},{"mCalorie":0.0,"mDistance":0.0,"mNowHealthyStep":0,"mRunStepCount":0,"mSpeed":0.0,"mStartTime":1588221600000,"mStepCount":0,"mTimeUnit":600000,"mTotalActiveTime":0.0,"mWalkStepCount":0},{"mCalorie":0.0,"mDistance":0.0,"mNowHealthyStep":0,"mRunStepCount":0,"mSpeed":0.0,"mStartTime":1588222200000,"mStepCount":0,"mTimeUnit":600000,"mTotalActiveTime":0.0,"mWalkStepCount":0},{"mCalorie":0.47,"mDistance":11.66,"mNowHealthyStep":0,"mRunStepCount":0,"mSpeed":5.5,"mStartTime":1588222800000,"mStepCount":15,"mTimeUnit":600000,"mTotalActiveTime":7632.000000000001,"mWalkStepCount":15},{"mCalorie":0.0,"mDistance":0.0,"mNowHealthyStep":0,"mRunStepCount":0,"mSpeed":0.0,"mStartTime":1588223400000,"mStepCount":0,"mTimeUnit":600000,"mTotalActiveTime":0.0,"mWalkStepCount":0},{"mCalorie":1.4100000000000001,"mDistance":29.88,"mNowHealthyStep":0,"mRunStepCount":1,"mSpeed":5.886087417602539,"mStartTime":1588224000000,"mStepCount":38,"mTimeUnit":600000,"mTotalActiveTime":18274.957738626625,"mWalkStepCount":37},{"mCalorie":0.0,"mDistance":0.0,"mNowHealthyStep":0,"mRunStepCount":0,"mSpeed":0.0,"mStartTime":1588224600000,"mStepCount":0,"mTimeUnit":600000,"mTotalActiveTime":0.0,"mWalkStepCount":0},{"mCalorie":0.0,"mDistance":0.0,"mNowHealthyStep":0,"mRunStepCount":0,"mSpeed":0.0,"mStartTime":1588225200000,"mStepCount":0,"mTimeUnit":600000,"mTotalActiveTime":0.0,"mWalkStepCount":0},{"mCalorie":0.0,"mDistance":0.0,"mNowHealthyStep":0,"mRunStepCount":0,"mSpeed":0.0,"mStartTime":1588225800000,"mStepCount":0,"mTimeUnit":600000,"mTotalActiveTime":0.0,"mWalkStepCount":0},{"mCalorie":0.0,"mDistance":0.0,"mNowHealthyStep":0,"mRunStepCount":0,"mSpeed":0.0,"mStartTime":1588226400000,"mStepCount":0,"mTimeUnit":600000,"mTotalActiveTime":0.0,"mWalkStepCount":0},{"mCalorie":0.0,"mDistance":0.0,"mNowHealthyStep":0,"mRunStepCount":0,"mSpeed":0.0,"mStartTime":1588227000000,"mStepCount":0,"mTimeUnit":600000,"mTotalActiveTime":0.0,"mWalkStepCount":0},{"mCalorie":0.0,"mDistance":0.0,"mNowHealthyStep":0,"mRunStepCount":0,"mSpeed":0.0,"mStartTime":1588227600000,"mStepCount":0,"mTimeUnit":600000,"mTotalActiveTime":0.0,"mWalkStepCount":0},{"mCalorie":0.0,"mDistance":0.0,"mNowHealthyStep":0,"mRunStepCount":0,"mSpeed":0.0,"mStartTime":1588228200000,"mStepCount":0,"mTimeUnit":600000,"mTotalActiveTime":0.0,"mWalkStepCount":0},{"mCalorie":0.0,"mDistance":0.0,"mNowHealthyStep":0,"mRunStepCount":0,"mSpeed":0.0,"mStartTime":1588228800000,"mStepCount":0,"mTimeUnit":600000,"mTotalActiveTime":0.0,"mWalkStepCount":0},{"mCalorie":0.0,"mDistance":0.0,"mNowHealthyStep":0,"mRunStepCount":0,"mSpeed":0.0,"mStartTime":1588229400000,"mStepCount":0,"mTimeUnit":600000,"mTotalActiveTime":0.0,"mWalkStepCount":0},{"mCalorie":0.0,"mDistance":0.0,"mNowHealthyStep":0,"mRunStepCount":0,"mSpeed":0.0,"mStartTime":1588230000000,"mStepCount":0,"mTimeUnit":600000,"mTotalActiveTime":0.0,"mWalkStepCount":0},{"mCalorie":0.0,"mDistance":0.0,"mNowHealthyStep":0,"mRunStepCount":0,"mSpeed":0.0,"mStartTime":1588230600000,"mStepCount":0,"mTimeUnit":600000,"mTotalActiveTime":0.0,"mWalkStepCount":0},{"mCalorie":0.0,"mDistance":0.0,"mNowHealthyStep":0,"mRunStepCount":0,"mSpeed":0.0,"mStartTime":1588231200000,"mStepCount":0,"mTimeUnit":600000,"mTotalActiveTime":0.0,"mWalkStepCount":0},{"mCalorie":0.0,"mDistance":0.0,"mNowHealthyStep":0,"mRunStepCount":0,"mSpeed":0.0,"mStartTime":1588231800000,"mStepCount":0,"mTimeUnit":600000,"mTotalActiveTime":0.0,"mWalkStepCount":0},{"mCalorie":0.0,"mDistance":0.0,"mNowHealthyStep":0,"mRunStepCount":0,"mSpeed":0.0,"mStartTime":1588232400000,"mStepCount":0,"mTimeUnit":600000,"mTotalActiveTime":0.0,"mWalkStepCount":0},{"mCalorie":1.8799999999991996,"mDistance":34.564000000004306,"mNowHealthyStep":0,"mRunStepCount":0,"mSpeed":4.144289493560791,"mStartTime":1588233000000,"mStepCount":48,"mTimeUnit":600000,"mTotalActiveTime":30024.542888161333,"mWalkStepCount":48},{"mCalorie":0.36,"mDistance":8.06,"mNowHealthyStep":0,"mRunStepCount":0,"mSpeed":4.400000095367432,"mStartTime":1588233600000,"mStepCount":11,"mTimeUnit":600000,"mTotalActiveTime":6594.5453116125345,"mWalkStepCount":11},{"mCalorie":0.0,"mDistance":0.0,"mNowHealthyStep":0,"mRunStepCount":0,"mSpeed":0.0,"mStartTime":1588234200000,"mStepCount":0,"mTimeUnit":600000,"mTotalActiveTime":0.0,"mWalkStepCount":0},{"mCalorie":0.0,"mDistance":0.0,"mNowHealthyStep":0,"mRunStepCount":0,"mSpeed":0.0,"mStartTime":1588234800000,"mStepCount":0,"mTimeUnit":600000,"mTotalActiveTime":0.0,"mWalkStepCount":0},{"mCalorie":0.0,"mDistance":0.0,"mNowHealthyStep":0,"mRunStepCount":0,"mSpeed":0.0,"mStartTime":1588235400000,"mStepCount":0,"mTimeUnit":600000,"mTotalActiveTime":0.0,"mWalkStepCount":0},{"mCalorie":0.0,"mDistance":0.0,"mNowHealthyStep":0,"mRunStepCount":0,"mSpeed":0.0,"mStartTime":1588236000000,"mStepCount":0,"mTimeUnit":600000,"mTotalActiveTime":0.0,"mWalkStepCount":0},{"mCalorie":0.0,"mDistance":0.0,"mNowHealthyStep":0,"mRunStepCount":0,"mSpeed":0.0,"mStartTime":1588236600000,"mStepCount":0,"mTimeUnit":600000,"mTotalActiveTime":0.0,"mWalkStepCount":0},{"mCalorie":0.5599999725818634,"mDistance":10.90000057220459,"mNowHealthyStep":0,"mRunStepCount":0,"mSpeed":4.142110347747803,"mStartTime":1588237200000,"mStepCount":15,"mTimeUnit":600000,"mTotalActiveTime":9473.43207078597,"mWalkStepCount":15},{"mCalorie":2.5099999892710185,"mDistance":47.648999656673986,"mNowHealthyStep":0,"mRunStepCount":10,"mSpeed":6.294187545776367,"mStartTime":1588237800000,"mStepCount":55,"mTimeUnit":600000,"mTotalActiveTime":27253.14413577971,"mWalkStepCount":45},{"mCalorie":2.900000004768372,"mDistance":65.34999961853026,"mNowHealthyStep":0,"mRunStepCount":0,"mSpeed":4.93208122253418,"mStartTime":1588238400000,"mStepCount":85,"mTimeUnit":600000,"mTotalActiveTime":47699.94625072731,"mWalkStepCount":85},{"mCalorie":0.8600000143051147,"mDistance":16.62000036239624,"mNowHealthyStep":0,"mRunStepCount":0,"mSpeed":3.53653883934021,"mStartTime":1588239000000,"mStepCount":23,"mTimeUnit":600000,"mTotalActiveTime":16918.23658693357,"mWalkStepCount":23},{"mCalorie":0.0,"mDistance":0.0,"mNowHealthyStep":0,"mRunStepCount":0,"mSpeed":0.0,"mStartTime":1588239600000,"mStepCount":0,"mTimeUnit":600000,"mTotalActiveTime":0.0,"mWalkStepCount":0},{"mCalorie":0.0,"mDistance":0.0,"mNowHealthyStep":0,"mRunStepCount":0,"mSpeed":0.0,"mStartTime":1588240200000,"mStepCount":0,"mTimeUnit":600000,"mTotalActiveTime":0.0,"mWalkStepCount":0},{"mCalorie":0.6000000238418579,"mDistance":12.15999984741211,"mNowHealthyStep":0,"mRunStepCount":0,"mSpeed":3.834827184677124,"mStartTime":1588240800000,"mStepCount":17,"mTimeUnit":600000,"mTotalActiveTime":11415.377367094927,"mWalkStepCount":17},{"mCalorie":0.7200000286102295,"mDistance":13.319999694824219,"mNowHealthyStep":0,"mRunStepCount":0,"mSpeed":3.200000047683716,"mStartTime":1588241400000,"mStepCount":19,"mTimeUnit":600000,"mTotalActiveTime":14984.999433383353,"mWalkStepCount":19},{"mCalorie":1.1799999833106996,"mDistance":23.930000343322753,"mNowHealthyStep":0,"mRunStepCount":0,"mSpeed":4.647031307220459,"mStartTime":1588242000000,"mStepCount":32,"mTimeUnit":600000,"mTotalActiveTime":18538.28658299876,"mWalkStepCount":32},{"mCalorie":1.21999990940094,"mDistance":23.18000030517578,"mNowHealthyStep":0,"mRunStepCount":0,"mSpeed":4.571642875671387,"mStartTime":1588242600000,"mStepCount":31,"mTimeUnit":600000,"mTotalActiveTime":18253.394538473814,"mWalkStepCount":31},{"mCalorie":2.5599993467330933,"mDistance":56.20000457763672,"mNowHealthyStep":0,"mRunStepCount":0,"mSpeed":5.055323600769043,"mStartTime":1588243200000,"mStepCount":74,"mTimeUnit":600000,"mTotalActiveTime":40021.18158126308,"mWalkStepCount":74},{"mCalorie":0.45,"mDistance":10.21,"mNowHealthyStep":0,"mRunStepCount":0,"mSpeed":5.700000286102295,"mStartTime":1588243800000,"mStepCount":13,"mTimeUnit":600000,"mTotalActiveTime":6448.420728963514,"mWalkStepCount":13},{"mCalorie":0.82,"mDistance":17.03,"mNowHealthyStep":0,"mRunStepCount":0,"mSpeed":5.5,"mStartTime":1588244400000,"mStepCount":22,"mTimeUnit":600000,"mTotalActiveTime":11146.909090909092,"mWalkStepCount":22},{"mCalorie":2.51,"mDistance":52.169999999999995,"mNowHealthyStep":0,"mRunStepCount":0,"mSpeed":5.117062091827393,"mStartTime":1588245000000,"mStepCount":68,"mTimeUnit":600000,"mTotalActiveTime":36703.09276990497,"mWalkStepCount":68},{"mCalorie":1.4500000476837158,"mDistance":27.810001373291016,"mNowHealthyStep":0,"mRunStepCount":0,"mSpeed":4.14430046081543,"mStartTime":1588245600000,"mStepCount":38,"mTimeUnit":600000,"mTotalActiveTime":24157.516061021524,"mWalkStepCount":38},{"mCalorie":0.0,"mDistance":0.0,"mNowHealthyStep":0,"mRunStepCount":0,"mSpeed":0.0,"mStartTime":1588246200000,"mStepCount":0,"mTimeUnit":600000,"mTotalActiveTime":0.0,"mWalkStepCount":0},{"mCalorie":0.94,"mDistance":16.78,"mNowHealthyStep":0,"mRunStepCount":0,"mSpeed":4.132718086242676,"mStartTime":1588246800000,"mStepCount":23,"mTimeUnit":600000,"mTotalActiveTime":14617.014595535176,"mWalkStepCount":23},{"mCalorie":3.79,"mDistance":72.19,"mNowHealthyStep":0,"mRunStepCount":0,"mSpeed":3.777294158935547,"mStartTime":1588247400000,"mStepCount":106,"mTimeUnit":600000,"mTotalActiveTime":68801.6299607226,"mWalkStepCount":106},{"mCalorie":9.189999999999564,"mDistance":179.60300000000163,"mNowHealthyStep":0,"mRunStepCount":0,"mSpeed":4.2012104988098145,"mStartTime":1588248000000,"mStepCount":254,"mTimeUnit":600000,"mTotalActiveTime":153901.07702077756,"mWalkStepCount":254},{"mCalorie":3.43,"mDistance":70.23,"mNowHealthyStep":0,"mRunStepCount":0,"mSpeed":4.8250532150268555,"mStartTime":1588248600000,"mStepCount":93,"mTimeUnit":600000,"mTotalActiveTime":52399.00671538316,"mWalkStepCount":93},{"mCalorie":2.09,"mDistance":44.98,"mNowHealthyStep":0,"mRunStepCount":0,"mSpeed":5.176735877990723,"mStartTime":1588249200000,"mStepCount":58,"mTimeUnit":600000,"mTotalActiveTime":31279.94105688085,"mWalkStepCount":58},{"mCalorie":0.87,"mDistance":16.84,"mNowHealthyStep":0,"mRunStepCount":0,"mSpeed":3.8976733684539795,"mStartTime":1588249800000,"mStepCount":24,"mTimeUnit":600000,"mTotalActiveTime":15553.894836700525,"mWalkStepCount":24},{"mCalorie":4.410999999999513,"mDistance":97.35199999999838,"mNowHealthyStep":0,"mRunStepCount":2,"mSpeed":5.45392370223999,"mStartTime":1588250400000,"mStepCount":125,"mTimeUnit":600000,"mTotalActiveTime":64259.64593063418,"mWalkStepCount":123},{"mCalorie":1.81,"mDistance":35.92,"mNowHealthyStep":0,"mRunStepCount":0,"mSpeed":3.837902545928955,"mStartTime":1588251000000,"mStepCount":50,"mTimeUnit":600000,"mTotalActiveTime":33693.40321461409,"mWalkStepCount":50},{"mCalorie":10.66,"mDistance":213.99,"mNowHealthyStep":0,"mRunStepCount":0,"mSpeed":4.773334503173828,"mStartTime":1588251600000,"mStepCount":290,"mTimeUnit":600000,"mTotalActiveTime":161389.05984609187,"mWalkStepCount":290},{"mCalorie":11.620000000001383,"mDistance":245.11099999998174,"mNowHealthyStep":0,"mRunStepCount":0,"mSpeed":4.9483842849731445,"mStartTime":1588252200000,"mStepCount":322,"mTimeUnit":600000,"mTotalActiveTime":178320.74362154884,"mWalkStepCount":322},{"mCalorie":6.929999976158724,"mDistance":136.17400038147343,"mNowHealthyStep":0,"mRunStepCount":6,"mSpeed":5.534852981567383,"mStartTime":1588252800000,"mStepCount":169,"mTimeUnit":600000,"mTotalActiveTime":88570.8054638645,"mWalkStepCount":163},{"mCalorie":14.399999999999999,"mDistance":294.0,"mNowHealthyStep":0,"mRunStepCount":1,"mSpeed":4.60968542098999,"mStartTime":1588253400000,"mStepCount":393,"mTimeUnit":600000,"mTotalActiveTime":229603.5189419553,"mWalkStepCount":392},{"mCalorie":2.62,"mDistance":55.23,"mNowHealthyStep":0,"mRunStepCount":0,"mSpeed":4.914774417877197,"mStartTime":1588254000000,"mStepCount":73,"mTimeUnit":600000,"mTotalActiveTime":40455.16168938833,"mWalkStepCount":73},{"mCalorie":0.0,"mDistance":0.0,"mNowHealthyStep":0,"mRunStepCount":0,"mSpeed":0.0,"mStartTime":1588254600000,"mStepCount":0,"mTimeUnit":600000,"mTotalActiveTime":0.0,"mWalkStepCount":0},{"mCalorie":0.0,"mDistance":0.0,"mNowHealthyStep":0,"mRunStepCount":0,"mSpeed":0.0,"mStartTime":1588255200000,"mStepCount":0,"mTimeUnit":600000,"mTotalActiveTime":0.0,"mWalkStepCount":0},{"mCalorie":0.0,"mDistance":0.0,"mNowHealthyStep":0,"mRunStepCount":0,"mSpeed":0.0,"mStartTime":1588255800000,"mStepCount":0,"mTimeUnit":600000,"mTotalActiveTime":0.0,"mWalkStepCount":0},{"mCalorie":0.0,"mDistance":0.0,"mNowHealthyStep":0,"mRunStepCount":0,"mSpeed":0.0,"mStartTime":1588256400000,"mStepCount":0,"mTimeUnit":600000,"mTotalActiveTime":0.0,"mWalkStepCount":0},{"mCalorie":0.0,"mDistance":0.0,"mNowHealthyStep":0,"mRunStepCount":0,"mSpeed":0.0,"mStartTime":1588257000000,"mStepCount":0,"mTimeUnit":600000,"mTotalActiveTime":0.0,"mWalkStepCount":0},{"mCalorie":0.0,"mDistance":0.0,"mNowHealthyStep":0,"mRunStepCount":0,"mSpeed":0.0,"mStartTime":1588257600000,"mStepCount":0,"mTimeUnit":600000,"mTotalActiveTime":0.0,"mWalkStepCount":0},{"mCalorie":0.0,"mDistance":0.0,"mNowHealthyStep":0,"mRunStepCount":0,"mSpeed":0.0,"mStartTime":1588258200000,"mStepCount":0,"mTimeUnit":600000,"mTotalActiveTime":0.0,"mWalkStepCount":0},{"mCalorie":0.0,"mDistance":0.0,"mNowHealthyStep":0,"mRunStepCount":0,"mSpeed":0.0,"mStartTime":1588258800000,"mStepCount":0,"mTimeUnit":600000,"mTotalActiveTime":0.0,"mWalkStepCount":0},{"mCalorie":0.0,"mDistance":0.0,"mNowHealthyStep":0,"mRunStepCount":0,"mSpeed":0.0,"mStartTime":1588259400000,"mStepCount":0,"mTimeUnit":600000,"mTotalActiveTime":0.0,"mWalkStepCount":0},{"mCalorie":2.849999990463475,"mDistance":54.365000724800055,"mNowHealthyStep":0,"mRunStepCount":3,"mSpeed":5.131159782409668,"mStartTime":1588260000000,"mStepCount":68,"mTimeUnit":600000,"mTotalActiveTime":38142.25390548642,"mWalkStepCount":65},{"mCalorie":0.0,"mDistance":0.0,"mNowHealthyStep":0,"mRunStepCount":0,"mSpeed":0.0,"mStartTime":1588260600000,"mStepCount":0,"mTimeUnit":600000,"mTotalActiveTime":0.0,"mWalkStepCount":0},{"mCalorie":2.4599999725818633,"mDistance":41.55000030517578,"mNowHealthyStep":0,"mRunStepCount":0,"mSpeed":3.4666526317596436,"mStartTime":1588261200000,"mStepCount":60,"mTimeUnit":600000,"mTotalActiveTime":43148.25097952842,"mWalkStepCount":60},{"mCalorie":1.6200000190734865,"mDistance":31.229999599456786,"mNowHealthyStep":0,"mRunStepCount":0,"mSpeed":4.074228286743164,"mStartTime":1588261800000,"mStepCount":43,"mTimeUnit":600000,"mTotalActiveTime":27594.917405377717,"mWalkStepCount":43},{"mCalorie":4.820000000000292,"mDistance":91.80800000000862,"mNowHealthyStep":0,"mRunStepCount":4,"mSpeed":6.795002460479736,"mStartTime":1588262400000,"mStepCount":109,"mTimeUnit":600000,"mTotalActiveTime":48639.98180557453,"mWalkStepCount":105},{"mCalorie":1.1000000000003638,"mDistance":19.059000000003724,"mNowHealthyStep":0,"mRunStepCount":0,"mSpeed":5.193272113800049,"mStartTime":1588263000000,"mStepCount":24,"mTimeUnit":600000,"mTotalActiveTime":13211.78594906451,"mWalkStepCount":24},{"mCalorie":2.3899999904632567,"mDistance":46.28000053405762,"mNowHealthyStep":0,"mRunStepCount":0,"mSpeed":4.121496200561523,"mStartTime":1588263600000,"mStepCount":64,"mTimeUnit":600000,"mTotalActiveTime":40424.15512730708,"mWalkStepCount":64},{"mCalorie":0.0,"mDistance":0.0,"mNowHealthyStep":0,"mRunStepCount":0,"mSpeed":0.0,"mStartTime":1588264200000,"mStepCount":0,"mTimeUnit":600000,"mTotalActiveTime":0.0,"mWalkStepCount":0},{"mCalorie":0.0,"mDistance":0.0,"mNowHealthyStep":0,"mRunStepCount":0,"mSpeed":0.0,"mStartTime":1588264800000,"mStepCount":0,"mTimeUnit":600000,"mTotalActiveTime":0.0,"mWalkStepCount":0},{"mCalorie":1.9099996387958527,"mDistance":45.21000671386719,"mNowHealthyStep":0,"mRunStepCount":0,"mSpeed":5.479552268981934,"mStartTime":1588265400000,"mStepCount":58,"mTimeUnit":600000,"mTotalActiveTime":29702.431850886824,"mWalkStepCount":58},{"mCalorie":0.0,"mDistance":0.0,"mNowHealthyStep":0,"mRunStepCount":0,"mSpeed":0.0,"mStartTime":1588266000000,"mStepCount":0,"mTimeUnit":600000,"mTotalActiveTime":0.0,"mWalkStepCount":0},{"mCalorie":2.269999980926223,"mDistance":42.92800091552956,"mNowHealthyStep":0,"mRunStepCount":0,"mSpeed":3.994373083114624,"mStartTime":1588266600000,"mStepCount":59,"mTimeUnit":600000,"mTotalActiveTime":38689.62635922357,"mWalkStepCount":59},{"mCalorie":0.0,"mDistance":0.0,"mNowHealthyStep":0,"mRunStepCount":0,"mSpeed":0.0,"mStartTime":1588267200000,"mStepCount":0,"mTimeUnit":600000,"mTotalActiveTime":0.0,"mWalkStepCount":0},{"mCalorie":0.0,"mDistance":0.0,"mNowHealthyStep":0,"mRunStepCount":0,"mSpeed":0.0,"mStartTime":1588267800000,"mStepCount":0,"mTimeUnit":600000,"mTotalActiveTime":0.0,"mWalkStepCount":0},{"mCalorie":0.0,"mDistance":0.0,"mNowHealthyStep":0,"mRunStepCount":0,"mSpeed":0.0,"mStartTime":1588268400000,"mStepCount":0,"mTimeUnit":600000,"mTotalActiveTime":0.0,"mWalkStepCount":0},{"mCalorie":0.0,"mDistance":0.0,"mNowHealthyStep":0,"mRunStepCount":0,"mSpeed":0.0,"mStartTime":1588269000000,"mStepCount":0,"mTimeUnit":600000,"mTotalActiveTime":0.0,"mWalkStepCount":0},{"mCalorie":0.0,"mDistance":0.0,"mNowHealthyStep":0,"mRunStepCount":0,"mSpeed":0.0,"mStartTime":1588269600000,"mStepCount":0,"mTimeUnit":600000,"mTotalActiveTime":0.0,"mWalkStepCount":0},{"mCalorie":0.0,"mDistance":0.0,"mNowHealthyStep":0,"mRunStepCount":0,"mSpeed":0.0,"mStartTime":1588270200000,"mStepCount":0,"mTimeUnit":600000,"mTotalActiveTime":0.0,"mWalkStepCount":0},{"mCalorie":0.2800000011920929,"mDistance":6.019999980926514,"mNowHealthyStep":0,"mRunStepCount":0,"mSpeed":5.199999809265137,"mStartTime":1588270800000,"mStepCount":8,"mTimeUnit":600000,"mTotalActiveTime":4167.692447357635,"mWalkStepCount":8},{"mCalorie":3.710000021457672,"mDistance":63.379999961853024,"mNowHealthyStep":0,"mRunStepCount":2,"mSpeed":3.845363140106201,"mStartTime":1588271400000,"mStepCount":86,"mTimeUnit":600000,"mTotalActiveTime":59335.87894626655,"mWalkStepCount":84},{"mCalorie":2.17,"mDistance":41.68,"mNowHealthyStep":0,"mRunStepCount":0,"mSpeed":3.5434045791625977,"mStartTime":1588272000000,"mStepCount":59,"mTimeUnit":600000,"mTotalActiveTime":42345.71518789357,"mWalkStepCount":59},{"mCalorie":1.0999999999999999,"mDistance":20.31,"mNowHealthyStep":0,"mRunStepCount":0,"mSpeed":3.9623939990997314,"mStartTime":1588272600000,"mStepCount":28,"mTimeUnit":600000,"mTotalActiveTime":18452.481302102762,"mWalkStepCount":28},{"mCalorie":0.0,"mDistance":0.0,"mNowHealthyStep":0,"mRunStepCount":0,"mSpeed":0.0,"mStartTime":1588273200000,"mStepCount":0,"mTimeUnit":600000,"mTotalActiveTime":0.0,"mWalkStepCount":0},{"mCalorie":0.0,"mDistance":0.0,"mNowHealthyStep":0,"mRunStepCount":0,"mSpeed":0.0,"mStartTime":1588273800000,"mStepCount":0,"mTimeUnit":600000,"mTotalActiveTime":0.0,"mWalkStepCount":0},{"mCalorie":0.0,"mDistance":0.0,"mNowHealthyStep":0,"mRunStepCount":0,"mSpeed":0.0,"mStartTime":1588274400000,"mStepCount":0,"mTimeUnit":600000,"mTotalActiveTime":0.0,"mWalkStepCount":0},{"mCalorie":0.0,"mDistance":0.0,"mNowHealthyStep":0,"mRunStepCount":0,"mSpeed":0.0,"mStartTime":1588275000000,"mStepCount":0,"mTimeUnit":600000,"mTotalActiveTime":0.0,"mWalkStepCount":0},{"mCalorie":0.0,"mDistance":0.0,"mNowHealthyStep":0,"mRunStepCount":0,"mSpeed":0.0,"mStartTime":1588275600000,"mStepCount":0,"mTimeUnit":600000,"mTotalActiveTime":0.0,"mWalkStepCount":0},{"mCalorie":0.0,"mDistance":0.0,"mNowHealthyStep":0,"mRunStepCount":0,"mSpeed":0.0,"mStartTime":1588276200000,"mStepCount":0,"mTimeUnit":600000,"mTotalActiveTime":0.0,"mWalkStepCount":0},{"mCalorie":1.0300000381469727,"mDistance":24.029999618530276,"mNowHealthyStep":0,"mRunStepCount":0,"mSpeed":5.170196533203125,"mStartTime":1588276800000,"mStepCount":31,"mTimeUnit":600000,"mTotalActiveTime":16732.051760207723,"mWalkStepCount":31},{"mCalorie":0.0,"mDistance":0.0,"mNowHealthyStep":0,"mRunStepCount":0,"mSpeed":0.0,"mStartTime":1588277400000,"mStepCount":0,"mTimeUnit":600000,"mTotalActiveTime":0.0,"mWalkStepCount":0},{"mCalorie":0.0,"mDistance":0.0,"mNowHealthyStep":0,"mRunStepCount":0,"mSpeed":0.0,"mStartTime":1588278000000,"mStepCount":0,"mTimeUnit":600000,"mTotalActiveTime":0.0,"mWalkStepCount":0},{"mCalorie":0.0,"mDistance":0.0,"mNowHealthyStep":0,"mRunStepCount":0,"mSpeed":0.0,"mStartTime":1588278600000,"mStepCount":0,"mTimeUnit":600000,"mTotalActiveTime":0.0,"mWalkStepCount":0},{"mCalorie":0.0,"mDistance":0.0,"mNowHealthyStep":0,"mRunStepCount":0,"mSpeed":0.0,"mStartTime":1588279200000,"mStepCount":0,"mTimeUnit":600000,"mTotalActiveTime":0.0,"mWalkStepCount":0},{"mCalorie":0.0,"mDistance":0.0,"mNowHealthyStep":0,"mRunStepCount":0,"mSpeed":0.0,"mStartTime":1588279800000,"mStepCount":0,"mTimeUnit":600000,"mTotalActiveTime":0.0,"mWalkStepCount":0},{"mCalorie":0.0,"mDistance":0.0,"mNowHealthyStep":0,"mRunStepCount":0,"mSpeed":0.0,"mStartTime":1588280400000,"mStepCount":0,"mTimeUnit":600000,"mTotalActiveTime":0.0,"mWalkStepCount":0},{"mCalorie":2.1900000000000004,"mDistance":45.040000000000006,"mNowHealthyStep":0,"mRunStepCount":0,"mSpeed":5.237049579620361,"mStartTime":1588281000000,"mStepCount":59,"mTimeUnit":600000,"mTotalActiveTime":30960.94343391042,"mWalkStepCount":59},{"mCalorie":0.0,"mDistance":0.0,"mNowHealthyStep":0,"mRunStepCount":0,"mSpeed":0.0,"mStartTime":1588281600000,"mStepCount":0,"mTimeUnit":600000,"mTotalActiveTime":0.0,"mWalkStepCount":0},{"mCalorie":0.0,"mDistance":0.0,"mNowHealthyStep":0,"mRunStepCount":0,"mSpeed":0.0,"mStartTime":1588282200000,"mStepCount":0,"mTimeUnit":600000,"mTotalActiveTime":0.0,"mWalkStepCount":0},{"mCalorie":0.0,"mDistance":0.0,"mNowHealthyStep":0,"mRunStepCount":0,"mSpeed":0.0,"mStartTime":1588282800000,"mStepCount":0,"mTimeUnit":600000,"mTotalActiveTime":0.0,"mWalkStepCount":0},{"mCalorie":0.0,"mDistance":0.0,"mNowHealthyStep":0,"mRunStepCount":0,"mSpeed":0.0,"mStartTime":1588283400000,"mStepCount":0,"mTimeUnit":600000,"mTotalActiveTime":0.0,"mWalkStepCount":0}]