[{"mCalorie":0.0,"mDistance":0.0,"mNowHealthyStep":0,"mRunStepCount":0,"mSpeed":0.0,"mStartTime":1587074400000,"mStepCount":0,"mTimeUnit":600000,"mTotalActiveTime":0.0,"mWalkStepCount":0},{"mCalorie":0.0,"mDistance":0.0,"mNowHealthyStep":0,"mRunStepCount":0,"mSpeed":0.0,"mStartTime":1587075000000,"mStepCount":0,"mTimeUnit":600000,"mTotalActiveTime":0.0,"mWalkStepCount":0},{"mCalorie":0.0,"mDistance":0.0,"mNowHealthyStep":0,"mRunStepCount":0,"mSpeed":0.0,"mStartTime":1587075600000,"mStepCount":0,"mTimeUnit":600000,"mTotalActiveTime":0.0,"mWalkStepCount":0},{"mCalorie":0.0,"mDistance":0.0,"mNowHealthyStep":0,"mRunStepCount":0,"mSpeed":0.0,"mStartTime":1587076200000,"mStepCount":0,"mTimeUnit":600000,"mTotalActiveTime":0.0,"mWalkStepCount":0},{"mCalorie":0.0,"mDistance":0.0,"mNowHealthyStep":0,"mRunStepCount":0,"mSpeed":0.0,"mStartTime":1587076800000,"mStepCount":0,"mTimeUnit":600000,"mTotalActiveTime":0.0,"mWalkStepCount":0},{"mCalorie":0.0,"mDistance":0.0,"mNowHealthyStep":0,"mRunStepCount":0,"mSpeed":0.0,"mStartTime":1587077400000,"mStepCount":0,"mTimeUnit":600000,"mTotalActiveTime":0.0,"mWalkStepCount":0},{"mCalorie":0.0,"mDistance":0.0,"mNowHealthyStep":0,"mRunStepCount":0,"mSpeed":0.0,"mStartTime":1587078000000,"mStepCount":0,"mTimeUnit":600000,"mTotalActiveTime":0.0,"mWalkStepCount":0},{"mCalorie":0.0,"mDistance":0.0,"mNowHealthyStep":0,"mRunStepCount":0,"mSpeed":0.0,"mStartTime":1587078600000,"mStepCount":0,"mTimeUnit":600000,"mTotalActiveTime":0.0,"mWalkStepCount":0},{"mCalorie":0.0,"mDistance":0.0,"mNowHealthyStep":0,"mRunStepCount":0,"mSpeed":0.0,"mStartTime":1587079200000,"mStepCount":0,"mTimeUnit":600000,"mTotalActiveTime":0.0,"mWalkStepCount":0},{"mCalorie":0.35,"mDistance":7.38,"mNowHealthyStep":0,"mRunStepCount":0,"mSpeed":4.799999713897705,"mStartTime":1587079800000,"mStepCount":10,"mTimeUnit":600000,"mTotalActiveTime":5535.000329911728,"mWalkStepCount":10},{"mCalorie":0.0,"mDistance":0.0,"mNowHealthyStep":0,"mRunStepCount":0,"mSpeed":0.0,"mStartTime":1587080400000,"mStepCount":0,"mTimeUnit":600000,"mTotalActiveTime":0.0,"mWalkStepCount":0},{"mCalorie":0.0,"mDistance":0.0,"mNowHealthyStep":0,"mRunStepCount":0,"mSpeed":0.0,"mStartTime":1587081000000,"mStepCount":0,"mTimeUnit":600000,"mTotalActiveTime":0.0,"mWalkStepCount":0},{"mCalorie":0.0,"mDistance":0.0,"mNowHealthyStep":0,"mRunStepCount":0,"mSpeed":0.0,"mStartTime":1587081600000,"mStepCount":0,"mTimeUnit":600000,"mTotalActiveTime":0.0,"mWalkStepCount":0},{"mCalorie":0.0,"mDistance":0.0,"mNowHealthyStep":0,"mRunStepCount":0,"mSpeed":0.0,"mStartTime":1587082200000,"mStepCount":0,"mTimeUnit":600000,"mTotalActiveTime":0.0,"mWalkStepCount":0},{"mCalorie":0.0,"mDistance":0.0,"mNowHealthyStep":0,"mRunStepCount":0,"mSpeed":0.0,"mStartTime":1587082800000,"mStepCount":0,"mTimeUnit":600000,"mTotalActiveTime":0.0,"mWalkStepCount":0},{"mCalorie":0.0,"mDistance":0.0,"mNowHealthyStep":0,"mRunStepCount":0,"mSpeed":0.0,"mStartTime":1587083400000,"mStepCount":0,"mTimeUnit":600000,"mTotalActiveTime":0.0,"mWalkStepCount":0},{"mCalorie":0.0,"mDistance":0.0,"mNowHealthyStep":0,"mRunStepCount":0,"mSpeed":0.0,"mStartTime":1587084000000,"mStepCount":0,"mTimeUnit":600000,"mTotalActiveTime":0.0,"mWalkStepCount":0},{"mCalorie":0.0,"mDistance":0.0,"mNowHealthyStep":0,"mRunStepCount":0,"mSpeed":0.0,"mStartTime":1587084600000,"mStepCount":0,"mTimeUnit":600000,"mTotalActiveTime":0.0,"mWalkStepCount":0},{"mCalorie":0.0,"mDistance":0.0,"mNowHealthyStep":0,"mRunStepCount":0,"mSpeed":0.0,"mStartTime":1587085200000,"mStepCount":0,"mTimeUnit":600000,"mTotalActiveTime":0.0,"mWalkStepCount":0},{"mCalorie":0.0,"mDistance":0.0,"mNowHealthyStep":0,"mRunStepCount":0,"mSpeed":0.0,"mStartTime":1587085800000,"mStepCount":0,"mTimeUnit":600000,"mTotalActiveTime":0.0,"mWalkStepCount":0},{"mCalorie":0.0,"mDistance":0.0,"mNowHealthyStep":0,"mRunStepCount":0,"mSpeed":0.0,"mStartTime":1587086400000,"mStepCount":0,"mTimeUnit":600000,"mTotalActiveTime":0.0,"mWalkStepCount":0},{"mCalorie":0.0,"mDistance":0.0,"mNowHealthyStep":0,"mRunStepCount":0,"mSpeed":0.0,"mStartTime":1587087000000,"mStepCount":0,"mTimeUnit":600000,"mTotalActiveTime":0.0,"mWalkStepCount":0},{"mCalorie":0.0,"mDistance":0.0,"mNowHealthyStep":0,"mRunStepCount":0,"mSpeed":0.0,"mStartTime":1587087600000,"mStepCount":0,"mTimeUnit":600000,"mTotalActiveTime":0.0,"mWalkStepCount":0},{"mCalorie":0.0,"mDistance":0.0,"mNowHealthyStep":0,"mRunStepCount":0,"mSpeed":0.0,"mStartTime":1587088200000,"mStepCount":0,"mTimeUnit":600000,"mTotalActiveTime":0.0,"mWalkStepCount":0},{"mCalorie":0.39,"mDistance":8.45,"mNowHealthyStep":0,"mRunStepCount":0,"mSpeed":5.199999809265137,"mStartTime":1587088800000,"mStepCount":11,"mTimeUnit":600000,"mTotalActiveTime":5850.0002145767285,"mWalkStepCount":11},{"mCalorie":0.47,"mDistance":8.39,"mNowHealthyStep":0,"mRunStepCount":0,"mSpeed":7.499999523162842,"mStartTime":1587089400000,"mStepCount":10,"mTimeUnit":600000,"mTotalActiveTime":4027.200256042497,"mWalkStepCount":10},{"mCalorie":1.189999999999709,"mDistance":21.20100000000355,"mNowHealthyStep":0,"mRunStepCount":4,"mSpeed":6.324702739715576,"mStartTime":1587090000000,"mStepCount":25,"mTimeUnit":600000,"mTotalActiveTime":12067.53916998598,"mWalkStepCount":21},{"mCalorie":0.0,"mDistance":0.0,"mNowHealthyStep":0,"mRunStepCount":0,"mSpeed":0.0,"mStartTime":1587090600000,"mStepCount":0,"mTimeUnit":600000,"mTotalActiveTime":0.0,"mWalkStepCount":0},{"mCalorie":0.0,"mDistance":0.0,"mNowHealthyStep":0,"mRunStepCount":0,"mSpeed":0.0,"mStartTime":1587091200000,"mStepCount":0,"mTimeUnit":600000,"mTotalActiveTime":0.0,"mWalkStepCount":0},{"mCalorie":0.0,"mDistance":0.0,"mNowHealthyStep":0,"mRunStepCount":0,"mSpeed":0.0,"mStartTime":1587091800000,"mStepCount":0,"mTimeUnit":600000,"mTotalActiveTime":0.0,"mWalkStepCount":0},{"mCalorie":0.0,"mDistance":0.0,"mNowHealthyStep":0,"mRunStepCount":0,"mSpeed":0.0,"mStartTime":1587092400000,"mStepCount":0,"mTimeUnit":600000,"mTotalActiveTime":0.0,"mWalkStepCount":0},{"mCalorie":0.0,"mDistance":0.0,"mNowHealthyStep":0,"mRunStepCount":0,"mSpeed":0.0,"mStartTime":1587093000000,"mStepCount":0,"mTimeUnit":600000,"mTotalActiveTime":0.0,"mWalkStepCount":0},{"mCalorie":0.0,"mDistance":0.0,"mNowHealthyStep":0,"mRunStepCount":0,"mSpeed":0.0,"mStartTime":1587093600000,"mStepCount":0,"mTimeUnit":600000,"mTotalActiveTime":0.0,"mWalkStepCount":0},{"mCalorie":0.8700000047683716,"mDistance":19.450000762939453,"mNowHealthyStep":0,"mRunStepCount":0,"mSpeed":5.335860252380371,"mStartTime":1587094200000,"mStepCount":25,"mTimeUnit":600000,"mTotalActiveTime":13122.533093955288,"mWalkStepCount":25},{"mCalorie":2.05,"mDistance":41.980000000000004,"mNowHealthyStep":0,"mRunStepCount":0,"mSpeed":5.907815456390381,"mStartTime":1587094800000,"mStepCount":52,"mTimeUnit":600000,"mTotalActiveTime":25581.030242740926,"mWalkStepCount":52},{"mCalorie":0.0,"mDistance":0.0,"mNowHealthyStep":0,"mRunStepCount":0,"mSpeed":0.0,"mStartTime":1587095400000,"mStepCount":0,"mTimeUnit":600000,"mTotalActiveTime":0.0,"mWalkStepCount":0},{"mCalorie":2.5400000000000547,"mDistance":52.70700000000186,"mNowHealthyStep":0,"mRunStepCount":0,"mSpeed":4.503340244293213,"mStartTime":1587096000000,"mStepCount":70,"mTimeUnit":600000,"mTotalActiveTime":42134.32495300658,"mWalkStepCount":70},{"mCalorie":0.0,"mDistance":0.0,"mNowHealthyStep":0,"mRunStepCount":0,"mSpeed":0.0,"mStartTime":1587096600000,"mStepCount":0,"mTimeUnit":600000,"mTotalActiveTime":0.0,"mWalkStepCount":0},{"mCalorie":0.0,"mDistance":0.0,"mNowHealthyStep":0,"mRunStepCount":0,"mSpeed":0.0,"mStartTime":1587097200000,"mStepCount":0,"mTimeUnit":600000,"mTotalActiveTime":0.0,"mWalkStepCount":0},{"mCalorie":0.0,"mDistance":0.0,"mNowHealthyStep":0,"mRunStepCount":0,"mSpeed":0.0,"mStartTime":1587097800000,"mStepCount":0,"mTimeUnit":600000,"mTotalActiveTime":0.0,"mWalkStepCount":0},{"mCalorie":0.0,"mDistance":0.0,"mNowHealthyStep":0,"mRunStepCount":0,"mSpeed":0.0,"mStartTime":1587098400000,"mStepCount":0,"mTimeUnit":600000,"mTotalActiveTime":0.0,"mWalkStepCount":0},{"mCalorie":0.0,"mDistance":0.0,"mNowHealthyStep":0,"mRunStepCount":0,"mSpeed":0.0,"mStartTime":1587099000000,"mStepCount":0,"mTimeUnit":600000,"mTotalActiveTime":0.0,"mWalkStepCount":0},{"mCalorie":0.0,"mDistance":0.0,"mNowHealthyStep":0,"mRunStepCount":0,"mSpeed":0.0,"mStartTime":1587099600000,"mStepCount":0,"mTimeUnit":600000,"mTotalActiveTime":0.0,"mWalkStepCount":0},{"mCalorie":0.0,"mDistance":0.0,"mNowHealthyStep":0,"mRunStepCount":0,"mSpeed":0.0,"mStartTime":1587100200000,"mStepCount":0,"mTimeUnit":600000,"mTotalActiveTime":0.0,"mWalkStepCount":0},{"mCalorie":0.0,"mDistance":0.0,"mNowHealthyStep":0,"mRunStepCount":0,"mSpeed":0.0,"mStartTime":1587100800000,"mStepCount":0,"mTimeUnit":600000,"mTotalActiveTime":0.0,"mWalkStepCount":0},{"mCalorie":0.0,"mDistance":0.0,"mNowHealthyStep":0,"mRunStepCount":0,"mSpeed":0.0,"mStartTime":1587101400000,"mStepCount":0,"mTimeUnit":600000,"mTotalActiveTime":0.0,"mWalkStepCount":0},{"mCalorie":0.0,"mDistance":0.0,"mNowHealthyStep":0,"mRunStepCount":0,"mSpeed":0.0,"mStartTime":1587102000000,"mStepCount":0,"mTimeUnit":600000,"mTotalActiveTime":0.0,"mWalkStepCount":0},{"mCalorie":1.03,"mDistance":25.130000000000003,"mNowHealthyStep":0,"mRunStepCount":0,"mSpeed":5.725954532623291,"mStartTime":1587102600000,"mStepCount":32,"mTimeUnit":600000,"mTotalActiveTime":15799.636931072628,"mWalkStepCount":32},{"mCalorie":0.0,"mDistance":0.0,"mNowHealthyStep":0,"mRunStepCount":0,"mSpeed":0.0,"mStartTime":1587103200000,"mStepCount":0,"mTimeUnit":600000,"mTotalActiveTime":0.0,"mWalkStepCount":0},{"mCalorie":0.0,"mDistance":0.0,"mNowHealthyStep":0,"mRunStepCount":0,"mSpeed":0.0,"mStartTime":1587103800000,"mStepCount":0,"mTimeUnit":600000,"mTotalActiveTime":0.0,"mWalkStepCount":0},{"mCalorie":0.0,"mDistance":0.0,"mNowHealthyStep":0,"mRunStepCount":0,"mSpeed":0.0,"mStartTime":1587104400000,"mStepCount":0,"mTimeUnit":600000,"mTotalActiveTime":0.0,"mWalkStepCount":0},{"mCalorie":0.0,"mDistance":0.0,"mNowHealthyStep":0,"mRunStepCount":0,"mSpeed":0.0,"mStartTime":1587105000000,"mStepCount":0,"mTimeUnit":600000,"mTotalActiveTime":0.0,"mWalkStepCount":0},{"mCalorie":0.0,"mDistance":0.0,"mNowHealthyStep":0,"mRunStepCount":0,"mSpeed":0.0,"mStartTime":1587105600000,"mStepCount":0,"mTimeUnit":600000,"mTotalActiveTime":0.0,"mWalkStepCount":0},{"mCalorie":0.0,"mDistance":0.0,"mNowHealthyStep":0,"mRunStepCount":0,"mSpeed":0.0,"mStartTime":1587106200000,"mStepCount":0,"mTimeUnit":600000,"mTotalActiveTime":0.0,"mWalkStepCount":0},{"mCalorie":1.9400000000000002,"mDistance":40.0,"mNowHealthyStep":0,"mRunStepCount":0,"mSpeed":4.66203498840332,"mStartTime":1587106800000,"mStepCount":53,"mTimeUnit":600000,"mTotalActiveTime":30887.798379676427,"mWalkStepCount":53},{"mCalorie":0.0,"mDistance":0.0,"mNowHealthyStep":0,"mRunStepCount":0,"mSpeed":0.0,"mStartTime":1587107400000,"mStepCount":0,"mTimeUnit":600000,"mTotalActiveTime":0.0,"mWalkStepCount":0},{"mCalorie":0.0,"mDistance":0.0,"mNowHealthyStep":0,"mRunStepCount":0,"mSpeed":0.0,"mStartTime":1587108000000,"mStepCount":0,"mTimeUnit":600000,"mTotalActiveTime":0.0,"mWalkStepCount":0},{"mCalorie":2.02,"mDistance":38.519999999999996,"mNowHealthyStep":0,"mRunStepCount":0,"mSpeed":3.782001256942749,"mStartTime":1587108600000,"mStepCount":54,"mTimeUnit":600000,"mTotalActiveTime":36666.30173748519,"mWalkStepCount":54},{"mCalorie":4.270000002384277,"mDistance":81.10900068664225,"mNowHealthyStep":0,"mRunStepCount":10,"mSpeed":5.033090114593506,"mStartTime":1587109200000,"mStepCount":103,"mTimeUnit":600000,"mTotalActiveTime":58014.54101846223,"mWalkStepCount":93},{"mCalorie":30.950000524520874,"mDistance":584.8300018310547,"mNowHealthyStep":0,"mRunStepCount":0,"mSpeed":4.7738037109375,"mStartTime":1587109800000,"mStepCount":777,"mTimeUnit":600000,"mTotalActiveTime":441029.43170918117,"mWalkStepCount":777},{"mCalorie":43.13000087738033,"mDistance":832.540992370604,"mNowHealthyStep":0,"mRunStepCount":0,"mSpeed":4.989560604095459,"mStartTime":1587110400000,"mStepCount":1096,"mTimeUnit":600000,"mTotalActiveTime":600683.6703680784,"mWalkStepCount":1096},{"mCalorie":26.38999985218048,"mDistance":497.16999338150026,"mNowHealthyStep":0,"mRunStepCount":0,"mSpeed":4.545319080352783,"mStartTime":1587111000000,"mStepCount":682,"mTimeUnit":600000,"mTotalActiveTime":393770.38788363204,"mWalkStepCount":682},{"mCalorie":40.37000072002411,"mDistance":708.0799980163574,"mNowHealthyStep":0,"mRunStepCount":0,"mSpeed":4.689985752105713,"mStartTime":1587111600000,"mStepCount":977,"mTimeUnit":600000,"mTotalActiveTime":543517.2036515484,"mWalkStepCount":977},{"mCalorie":40.7299994468691,"mDistance":788.2120061035139,"mNowHealthyStep":0,"mRunStepCount":0,"mSpeed":4.7724127769470215,"mStartTime":1587112200000,"mStepCount":1048,"mTimeUnit":600000,"mTotalActiveTime":594576.2231323285,"mWalkStepCount":1048},{"mCalorie":21.899999866485594,"mDistance":419.9800067520142,"mNowHealthyStep":0,"mRunStepCount":0,"mSpeed":4.304764270782471,"mStartTime":1587112800000,"mStepCount":572,"mTimeUnit":600000,"mTotalActiveTime":351222.0338326238,"mWalkStepCount":572},{"mCalorie":0.0,"mDistance":0.0,"mNowHealthyStep":0,"mRunStepCount":0,"mSpeed":0.0,"mStartTime":1587113400000,"mStepCount":0,"mTimeUnit":600000,"mTotalActiveTime":0.0,"mWalkStepCount":0},{"mCalorie":2.060000032186508,"mDistance":39.8699951171875,"mNowHealthyStep":0,"mRunStepCount":0,"mSpeed":3.8933165073394775,"mStartTime":1587114000000,"mStepCount":55,"mTimeUnit":600000,"mTotalActiveTime":36866.25118237517,"mWalkStepCount":55},{"mCalorie":15.999999911785126,"mDistance":279.48999855041507,"mNowHealthyStep":0,"mRunStepCount":0,"mSpeed":3.9868335723876953,"mStartTime":1587114600000,"mStepCount":400,"mTimeUnit":600000,"mTotalActiveTime":252371.7042842445,"mWalkStepCount":400},{"mCalorie":11.059999704360962,"mDistance":207.6500015258789,"mNowHealthyStep":0,"mRunStepCount":0,"mSpeed":3.9116077423095703,"mStartTime":1587115200000,"mStepCount":284,"mTimeUnit":600000,"mTotalActiveTime":191108.11719257644,"mWalkStepCount":284},{"mCalorie":5.149999916553497,"mDistance":96.37999439239502,"mNowHealthyStep":0,"mRunStepCount":0,"mSpeed":3.8982152938842773,"mStartTime":1587115800000,"mStepCount":133,"mTimeUnit":600000,"mTotalActiveTime":89006.87747321004,"mWalkStepCount":133},{"mCalorie":2.0499999821186066,"mDistance":39.9399995803833,"mNowHealthyStep":0,"mRunStepCount":0,"mSpeed":3.8784327507019043,"mStartTime":1587116400000,"mStepCount":55,"mTimeUnit":600000,"mTotalActiveTime":37072.70539469822,"mWalkStepCount":55},{"mCalorie":18.959000042915267,"mDistance":352.1909938964836,"mNowHealthyStep":0,"mRunStepCount":0,"mSpeed":3.6304726600646973,"mStartTime":1587117000000,"mStepCount":499,"mTimeUnit":600000,"mTotalActiveTime":349234.8437751221,"mWalkStepCount":499},{"mCalorie":1.29,"mDistance":27.259999999999998,"mNowHealthyStep":0,"mRunStepCount":0,"mSpeed":4.772566318511963,"mStartTime":1587117600000,"mStepCount":36,"mTimeUnit":600000,"mTotalActiveTime":20562.522123501578,"mWalkStepCount":36},{"mCalorie":7.911000000000313,"mDistance":158.69699999999108,"mNowHealthyStep":0,"mRunStepCount":18,"mSpeed":5.241190433502197,"mStartTime":1587118200000,"mStepCount":206,"mTimeUnit":600000,"mTotalActiveTime":109003.71013510642,"mWalkStepCount":188},{"mCalorie":4.760000000000001,"mDistance":92.08,"mNowHealthyStep":0,"mRunStepCount":0,"mSpeed":4.266294956207275,"mStartTime":1587118800000,"mStepCount":126,"mTimeUnit":600000,"mTotalActiveTime":77699.27152154199,"mWalkStepCount":126},{"mCalorie":0.44999999999999996,"mDistance":8.469999999999999,"mNowHealthyStep":0,"mRunStepCount":0,"mSpeed":3.7081799507141113,"mStartTime":1587119400000,"mStepCount":12,"mTimeUnit":600000,"mTotalActiveTime":8222.901760354016,"mWalkStepCount":12},{"mCalorie":0.68,"mDistance":12.81,"mNowHealthyStep":0,"mRunStepCount":0,"mSpeed":3.499999761581421,"mStartTime":1587120000000,"mStepCount":19,"mTimeUnit":600000,"mTotalActiveTime":13176.000897543832,"mWalkStepCount":19},{"mCalorie":0.42,"mDistance":8.44,"mNowHealthyStep":0,"mRunStepCount":0,"mSpeed":3.6000001430511475,"mStartTime":1587120600000,"mStepCount":12,"mTimeUnit":600000,"mTotalActiveTime":8439.999664624544,"mWalkStepCount":12},{"mCalorie":1.22,"mDistance":27.800000000000004,"mNowHealthyStep":0,"mRunStepCount":0,"mSpeed":5.675940990447998,"mStartTime":1587121200000,"mStepCount":35,"mTimeUnit":600000,"mTotalActiveTime":17632.31932848942,"mWalkStepCount":35},{"mCalorie":1.3300000000000183,"mDistance":23.309000000004016,"mNowHealthyStep":0,"mRunStepCount":0,"mSpeed":3.7424354553222656,"mStartTime":1587121800000,"mStepCount":33,"mTimeUnit":600000,"mTotalActiveTime":22421.869662622856,"mWalkStepCount":33},{"mCalorie":2.29,"mDistance":48.46,"mNowHealthyStep":0,"mRunStepCount":0,"mSpeed":4.371958255767822,"mStartTime":1587122400000,"mStepCount":66,"mTimeUnit":600000,"mTotalActiveTime":39903.402077809325,"mWalkStepCount":66},{"mCalorie":0.0,"mDistance":0.0,"mNowHealthyStep":0,"mRunStepCount":0,"mSpeed":0.0,"mStartTime":1587123000000,"mStepCount":0,"mTimeUnit":600000,"mTotalActiveTime":0.0,"mWalkStepCount":0},{"mCalorie":1.8399997353553772,"mDistance":35.51999855041504,"mNowHealthyStep":0,"mRunStepCount":0,"mSpeed":3.6849842071533203,"mStartTime":1587123600000,"mStepCount":49,"mTimeUnit":600000,"mTotalActiveTime":34700.8255148009,"mWalkStepCount":49},{"mCalorie":0.0,"mDistance":0.0,"mNowHealthyStep":0,"mRunStepCount":0,"mSpeed":0.0,"mStartTime":1587124200000,"mStepCount":0,"mTimeUnit":600000,"mTotalActiveTime":0.0,"mWalkStepCount":0},{"mCalorie":2.6200000047683716,"mDistance":49.50999975204468,"mNowHealthyStep":0,"mRunStepCount":0,"mSpeed":3.524777412414551,"mStartTime":1587124800000,"mStepCount":69,"mTimeUnit":600000,"mTotalActiveTime":50566.595394607255,"mWalkStepCount":69},{"mCalorie":24.749999742507935,"mDistance":465.9899951171875,"mNowHealthyStep":0,"mRunStepCount":0,"mSpeed":4.266084671020508,"mStartTime":1587125400000,"mStepCount":633,"mTimeUnit":600000,"mTotalActiveTime":393232.7027748835,"mWalkStepCount":633},{"mCalorie":6.480000014305115,"mDistance":117.03999784469605,"mNowHealthyStep":0,"mRunStepCount":3,"mSpeed":4.183233261108398,"mStartTime":1587126000000,"mStepCount":157,"mTimeUnit":600000,"mTotalActiveTime":100722.08874618719,"mWalkStepCount":154},{"mCalorie":25.279999469518664,"mDistance":487.5800037574768,"mNowHealthyStep":0,"mRunStepCount":0,"mSpeed":4.6875410079956055,"mStartTime":1587126600000,"mStepCount":659,"mTimeUnit":600000,"mTotalActiveTime":374458.1547595547,"mWalkStepCount":659},{"mCalorie":5.5499999046325685,"mDistance":109.68000045776367,"mNowHealthyStep":0,"mRunStepCount":0,"mSpeed":4.328258037567139,"mStartTime":1587127200000,"mStepCount":149,"mTimeUnit":600000,"mTotalActiveTime":91225.61415221331,"mWalkStepCount":149},{"mCalorie":0.5,"mDistance":9.210000038146973,"mNowHealthyStep":0,"mRunStepCount":0,"mSpeed":3.3000004291534424,"mStartTime":1587127800000,"mStepCount":13,"mTimeUnit":600000,"mTotalActiveTime":10047.271462275141,"mWalkStepCount":13},{"mCalorie":0.0,"mDistance":0.0,"mNowHealthyStep":0,"mRunStepCount":0,"mSpeed":0.0,"mStartTime":1587128400000,"mStepCount":0,"mTimeUnit":600000,"mTotalActiveTime":0.0,"mWalkStepCount":0},{"mCalorie":0.0,"mDistance":0.0,"mNowHealthyStep":0,"mRunStepCount":0,"mSpeed":0.0,"mStartTime":1587129000000,"mStepCount":0,"mTimeUnit":600000,"mTotalActiveTime":0.0,"mWalkStepCount":0},{"mCalorie":0.33,"mDistance":7.59,"mNowHealthyStep":0,"mRunStepCount":0,"mSpeed":4.900000095367432,"mStartTime":1587129600000,"mStepCount":10,"mTimeUnit":600000,"mTotalActiveTime":5576.326422081647,"mWalkStepCount":10},{"mCalorie":1.48,"mDistance":30.159999999999997,"mNowHealthyStep":0,"mRunStepCount":0,"mSpeed":5.29244327545166,"mStartTime":1587130200000,"mStepCount":39,"mTimeUnit":600000,"mTotalActiveTime":20515.288267144886,"mWalkStepCount":39},{"mCalorie":1.1000000000002002,"mDistance":18.179999999995925,"mNowHealthyStep":0,"mRunStepCount":0,"mSpeed":3.861072301864624,"mStartTime":1587130800000,"mStepCount":26,"mTimeUnit":600000,"mTotalActiveTime":16950.73159131954,"mWalkStepCount":26},{"mCalorie":0.30000001192092896,"mDistance":5.610000133514404,"mNowHealthyStep":0,"mRunStepCount":0,"mSpeed":3.200000047683716,"mStartTime":1587131400000,"mStepCount":8,"mTimeUnit":600000,"mTotalActiveTime":6311.25005615875,"mWalkStepCount":8},{"mCalorie":0.0,"mDistance":0.0,"mNowHealthyStep":0,"mRunStepCount":0,"mSpeed":0.0,"mStartTime":1587132000000,"mStepCount":0,"mTimeUnit":600000,"mTotalActiveTime":0.0,"mWalkStepCount":0},{"mCalorie":0.0,"mDistance":0.0,"mNowHealthyStep":0,"mRunStepCount":0,"mSpeed":0.0,"mStartTime":1587132600000,"mStepCount":0,"mTimeUnit":600000,"mTotalActiveTime":0.0,"mWalkStepCount":0},{"mCalorie":0.0,"mDistance":0.0,"mNowHealthyStep":0,"mRunStepCount":0,"mSpeed":0.0,"mStartTime":1587133200000,"mStepCount":0,"mTimeUnit":600000,"mTotalActiveTime":0.0,"mWalkStepCount":0},{"mCalorie":0.78,"mDistance":15.11,"mNowHealthyStep":0,"mRunStepCount":0,"mSpeed":4.099999904632568,"mStartTime":1587133800000,"mStepCount":21,"mTimeUnit":600000,"mTotalActiveTime":13267.317381773166,"mWalkStepCount":21},{"mCalorie":1.75,"mDistance":35.63,"mNowHealthyStep":0,"mRunStepCount":0,"mSpeed":4.788357257843018,"mStartTime":1587134400000,"mStepCount":48,"mTimeUnit":600000,"mTotalActiveTime":26787.47501793049,"mWalkStepCount":48},{"mCalorie":0.0,"mDistance":0.0,"mNowHealthyStep":0,"mRunStepCount":0,"mSpeed":0.0,"mStartTime":1587135000000,"mStepCount":0,"mTimeUnit":600000,"mTotalActiveTime":0.0,"mWalkStepCount":0},{"mCalorie":0.0,"mDistance":0.0,"mNowHealthyStep":0,"mRunStepCount":0,"mSpeed":0.0,"mStartTime":1587135600000,"mStepCount":0,"mTimeUnit":600000,"mTotalActiveTime":0.0,"mWalkStepCount":0},{"mCalorie":3.289999999999945,"mDistance":66.83100000000297,"mNowHealthyStep":0,"mRunStepCount":3,"mSpeed":4.884942054748535,"mStartTime":1587136200000,"mStepCount":87,"mTimeUnit":600000,"mTotalActiveTime":49251.68016372185,"mWalkStepCount":84},{"mCalorie":1.4399999999999453,"mDistance":33.200000000000585,"mNowHealthyStep":0,"mRunStepCount":0,"mSpeed":5.941951274871826,"mStartTime":1587136800000,"mStepCount":38,"mTimeUnit":600000,"mTotalActiveTime":20114.605163886583,"mWalkStepCount":38},{"mCalorie":0.0,"mDistance":0.0,"mNowHealthyStep":0,"mRunStepCount":0,"mSpeed":0.0,"mStartTime":1587137400000,"mStepCount":0,"mTimeUnit":600000,"mTotalActiveTime":0.0,"mWalkStepCount":0},{"mCalorie":1.4500000000000002,"mDistance":28.08,"mNowHealthyStep":0,"mRunStepCount":0,"mSpeed":4.909948825836182,"mStartTime":1587138000000,"mStepCount":37,"mTimeUnit":600000,"mTotalActiveTime":20588.401760435365,"mWalkStepCount":37},{"mCalorie":0.0,"mDistance":0.0,"mNowHealthyStep":0,"mRunStepCount":0,"mSpeed":0.0,"mStartTime":1587138600000,"mStepCount":0,"mTimeUnit":600000,"mTotalActiveTime":0.0,"mWalkStepCount":0},{"mCalorie":0.0,"mDistance":0.0,"mNowHealthyStep":0,"mRunStepCount":0,"mSpeed":0.0,"mStartTime":1587139200000,"mStepCount":0,"mTimeUnit":600000,"mTotalActiveTime":0.0,"mWalkStepCount":0},{"mCalorie":1.4799999809265136,"mDistance":25.979999694824215,"mNowHealthyStep":0,"mRunStepCount":6,"mSpeed":5.840084075927734,"mStartTime":1587139800000,"mStepCount":31,"mTimeUnit":600000,"mTotalActiveTime":16014.838147110835,"mWalkStepCount":25},{"mCalorie":0.0,"mDistance":0.0,"mNowHealthyStep":0,"mRunStepCount":0,"mSpeed":0.0,"mStartTime":1587140400000,"mStepCount":0,"mTimeUnit":600000,"mTotalActiveTime":0.0,"mWalkStepCount":0},{"mCalorie":0.0,"mDistance":0.0,"mNowHealthyStep":0,"mRunStepCount":0,"mSpeed":0.0,"mStartTime":1587141000000,"mStepCount":0,"mTimeUnit":600000,"mTotalActiveTime":0.0,"mWalkStepCount":0},{"mCalorie":0.42,"mDistance":7.88,"mNowHealthyStep":0,"mRunStepCount":0,"mSpeed":4.799999713897705,"mStartTime":1587141600000,"mStepCount":11,"mTimeUnit":600000,"mTotalActiveTime":5910.0003522634715,"mWalkStepCount":11},{"mCalorie":0.47,"mDistance":8.76,"mNowHealthyStep":0,"mRunStepCount":0,"mSpeed":4.799999713897705,"mStartTime":1587142200000,"mStepCount":12,"mTimeUnit":600000,"mTotalActiveTime":6570.000391602539,"mWalkStepCount":12},{"mCalorie":0.0,"mDistance":0.0,"mNowHealthyStep":0,"mRunStepCount":0,"mSpeed":0.0,"mStartTime":1587142800000,"mStepCount":0,"mTimeUnit":600000,"mTotalActiveTime":0.0,"mWalkStepCount":0},{"mCalorie":0.78,"mDistance":15.63,"mNowHealthyStep":0,"mRunStepCount":0,"mSpeed":3.9000003337860107,"mStartTime":1587143400000,"mStepCount":22,"mTimeUnit":600000,"mTotalActiveTime":14427.691072881682,"mWalkStepCount":22},{"mCalorie":0.44,"mDistance":8.52,"mNowHealthyStep":0,"mRunStepCount":0,"mSpeed":3.799999952316284,"mStartTime":1587144000000,"mStepCount":12,"mTimeUnit":600000,"mTotalActiveTime":8071.579048653391,"mWalkStepCount":12},{"mCalorie":2.680000033378601,"mDistance":52.539999885559084,"mNowHealthyStep":0,"mRunStepCount":0,"mSpeed":4.201465606689453,"mStartTime":1587144600000,"mStepCount":72,"mTimeUnit":600000,"mTotalActiveTime":45018.57602279676,"mWalkStepCount":72},{"mCalorie":33.439999327659606,"mDistance":664.9499913024902,"mNowHealthyStep":0,"mRunStepCount":0,"mSpeed":4.995601177215576,"mStartTime":1587145200000,"mStepCount":879,"mTimeUnit":600000,"mTotalActiveTime":479185.5603779424,"mWalkStepCount":879},{"mCalorie":42.08000050544739,"mDistance":847.8900061035156,"mNowHealthyStep":0,"mRunStepCount":0,"mSpeed":5.087340354919434,"mStartTime":1587145800000,"mStepCount":1110,"mTimeUnit":600000,"mTotalActiveTime":599999.9904369003,"mWalkStepCount":1110},{"mCalorie":23.019999625682846,"mDistance":450.6039939536949,"mNowHealthyStep":0,"mRunStepCount":3,"mSpeed":4.692782878875732,"mStartTime":1587146400000,"mStepCount":600,"mTimeUnit":600000,"mTotalActiveTime":345674.28807169845,"mWalkStepCount":597},{"mCalorie":0.82,"mDistance":17.44,"mNowHealthyStep":0,"mRunStepCount":0,"mSpeed":4.299999713897705,"mStartTime":1587147000000,"mStepCount":24,"mTimeUnit":600000,"mTotalActiveTime":14600.931204037191,"mWalkStepCount":24},{"mCalorie":0.87,"mDistance":16.729999999999997,"mNowHealthyStep":0,"mRunStepCount":0,"mSpeed":4.447974681854248,"mStartTime":1587147600000,"mStepCount":23,"mTimeUnit":600000,"mTotalActiveTime":13540.545301859045,"mWalkStepCount":23},{"mCalorie":1.270000021457672,"mDistance":25.36000011444092,"mNowHealthyStep":0,"mRunStepCount":0,"mSpeed":4.047514915466309,"mStartTime":1587148200000,"mStepCount":35,"mTimeUnit":600000,"mTotalActiveTime":22556.063255841153,"mWalkStepCount":35},{"mCalorie":2.649999976158142,"mDistance":49.900001525878906,"mNowHealthyStep":0,"mRunStepCount":0,"mSpeed":3.6903014183044434,"mStartTime":1587148800000,"mStepCount":69,"mTimeUnit":600000,"mTotalActiveTime":48678.950826976965,"mWalkStepCount":69},{"mCalorie":0.43,"mDistance":8.46,"mNowHealthyStep":0,"mRunStepCount":0,"mSpeed":3.799999952316284,"mStartTime":1587149400000,"mStepCount":12,"mTimeUnit":600000,"mTotalActiveTime":8014.73694267696,"mWalkStepCount":12},{"mCalorie":0.8899999999999999,"mDistance":18.16,"mNowHealthyStep":0,"mRunStepCount":0,"mSpeed":4.2574381828308105,"mStartTime":1587150000000,"mStepCount":25,"mTimeUnit":600000,"mTotalActiveTime":15355.71383297271,"mWalkStepCount":25},{"mCalorie":0.0,"mDistance":0.0,"mNowHealthyStep":0,"mRunStepCount":0,"mSpeed":0.0,"mStartTime":1587150600000,"mStepCount":0,"mTimeUnit":600000,"mTotalActiveTime":0.0,"mWalkStepCount":0},{"mCalorie":0.0,"mDistance":0.0,"mNowHealthyStep":0,"mRunStepCount":0,"mSpeed":0.0,"mStartTime":1587151200000,"mStepCount":0,"mTimeUnit":600000,"mTotalActiveTime":0.0,"mWalkStepCount":0},{"mCalorie":0.0,"mDistance":0.0,"mNowHealthyStep":0,"mRunStepCount":0,"mSpeed":0.0,"mStartTime":1587151800000,"mStepCount":0,"mTimeUnit":600000,"mTotalActiveTime":0.0,"mWalkStepCount":0},{"mCalorie":0.0,"mDistance":0.0,"mNowHealthyStep":0,"mRunStepCount":0,"mSpeed":0.0,"mStartTime":1587152400000,"mStepCount":0,"mTimeUnit":600000,"mTotalActiveTime":0.0,"mWalkStepCount":0},{"mCalorie":0.0,"mDistance":0.0,"mNowHealthyStep":0,"mRunStepCount":0,"mSpeed":0.0,"mStartTime":1587153000000,"mStepCount":0,"mTimeUnit":600000,"mTotalActiveTime":0.0,"mWalkStepCount":0},{"mCalorie":0.0,"mDistance":0.0,"mNowHealthyStep":0,"mRunStepCount":0,"mSpeed":0.0,"mStartTime":1587153600000,"mStepCount":0,"mTimeUnit":600000,"mTotalActiveTime":0.0,"mWalkStepCount":0},{"mCalorie":0.36,"mDistance":7.02,"mNowHealthyStep":0,"mRunStepCount":0,"mSpeed":3.6000001430511475,"mStartTime":1587154200000,"mStepCount":10,"mTimeUnit":600000,"mTotalActiveTime":7019.9997210502725,"mWalkStepCount":10},{"mCalorie":0.0,"mDistance":0.0,"mNowHealthyStep":0,"mRunStepCount":0,"mSpeed":0.0,"mStartTime":1587154800000,"mStepCount":0,"mTimeUnit":600000,"mTotalActiveTime":0.0,"mWalkStepCount":0},{"mCalorie":0.0,"mDistance":0.0,"mNowHealthyStep":0,"mRunStepCount":0,"mSpeed":0.0,"mStartTime":1587155400000,"mStepCount":0,"mTimeUnit":600000,"mTotalActiveTime":0.0,"mWalkStepCount":0},{"mCalorie":0.0,"mDistance":0.0,"mNowHealthyStep":0,"mRunStepCount":0,"mSpeed":0.0,"mStartTime":1587156000000,"mStepCount":0,"mTimeUnit":600000,"mTotalActiveTime":0.0,"mWalkStepCount":0},{"mCalorie":0.0,"mDistance":0.0,"mNowHealthyStep":0,"mRunStepCount":0,"mSpeed":0.0,"mStartTime":1587156600000,"mStepCount":0,"mTimeUnit":600000,"mTotalActiveTime":0.0,"mWalkStepCount":0},{"mCalorie":0.36,"mDistance":7.6,"mNowHealthyStep":0,"mRunStepCount":0,"mSpeed":4.999999523162842,"mStartTime":1587157200000,"mStepCount":10,"mTimeUnit":600000,"mTotalActiveTime":5472.000521850635,"mWalkStepCount":10},{"mCalorie":1.7199999999999092,"mDistance":40.16199999999779,"mNowHealthyStep":0,"mRunStepCount":0,"mSpeed":5.2802958488464355,"mStartTime":1587157800000,"mStepCount":53,"mTimeUnit":600000,"mTotalActiveTime":27381.64864669794,"mWalkStepCount":53},{"mCalorie":0.0,"mDistance":0.0,"mNowHealthyStep":0,"mRunStepCount":0,"mSpeed":0.0,"mStartTime":1587158400000,"mStepCount":0,"mTimeUnit":600000,"mTotalActiveTime":0.0,"mWalkStepCount":0},{"mCalorie":0.7399999999997817,"mDistance":15.661000000000058,"mNowHealthyStep":0,"mRunStepCount":0,"mSpeed":5.108180046081543,"mStartTime":1587159000000,"mStepCount":21,"mTimeUnit":600000,"mTotalActiveTime":11037.120395530634,"mWalkStepCount":21},{"mCalorie":0.0,"mDistance":0.0,"mNowHealthyStep":0,"mRunStepCount":0,"mSpeed":0.0,"mStartTime":1587159600000,"mStepCount":0,"mTimeUnit":600000,"mTotalActiveTime":0.0,"mWalkStepCount":0},{"mCalorie":0.0,"mDistance":0.0,"mNowHealthyStep":0,"mRunStepCount":0,"mSpeed":0.0,"mStartTime":1587160200000,"mStepCount":0,"mTimeUnit":600000,"mTotalActiveTime":0.0,"mWalkStepCount":0}]