[{"mCalorie":0.0,"mDistance":0.0,"mNowHealthyStep":0,"mRunStepCount":0,"mSpeed":0.0,"mStartTime":0,"mStepCount":0,"mTimeUnit":600000,"mTotalActiveTime":0.0,"mWalkStepCount":0},{"mCalorie":0.0,"mDistance":0.0,"mNowHealthyStep":0,"mRunStepCount":0,"mSpeed":0.0,"mStartTime":0,"mStepCount":0,"mTimeUnit":600000,"mTotalActiveTime":0.0,"mWalkStepCount":0},{"mCalorie":0.0,"mDistance":0.0,"mNowHealthyStep":0,"mRunStepCount":0,"mSpeed":0.0,"mStartTime":0,"mStepCount":0,"mTimeUnit":600000,"mTotalActiveTime":0.0,"mWalkStepCount":0},{"mCalorie":0.0,"mDistance":0.0,"mNowHealthyStep":0,"mRunStepCount":0,"mSpeed":0.0,"mStartTime":0,"mStepCount":0,"mTimeUnit":600000,"mTotalActiveTime":0.0,"mWalkStepCount":0},{"mCalorie":0.0,"mDistance":0.0,"mNowHealthyStep":0,"mRunStepCount":0,"mSpeed":0.0,"mStartTime":0,"mStepCount":0,"mTimeUnit":600000,"mTotalActiveTime":0.0,"mWalkStepCount":0},{"mCalorie":0.0,"mDistance":0.0,"mNowHealthyStep":0,"mRunStepCount":0,"mSpeed":0.0,"mStartTime":0,"mStepCount":0,"mTimeUnit":600000,"mTotalActiveTime":0.0,"mWalkStepCount":0},{"mCalorie":0.0,"mDistance":0.0,"mNowHealthyStep":0,"mRunStepCount":0,"mSpeed":0.0,"mStartTime":0,"mStepCount":0,"mTimeUnit":600000,"mTotalActiveTime":0.0,"mWalkStepCount":0},{"mCalorie":0.0,"mDistance":0.0,"mNowHealthyStep":0,"mRunStepCount":0,"mSpeed":0.0,"mStartTime":0,"mStepCount":0,"mTimeUnit":600000,"mTotalActiveTime":0.0,"mWalkStepCount":0},{"mCalorie":0.0,"mDistance":0.0,"mNowHealthyStep":0,"mRunStepCount":0,"mSpeed":0.0,"mStartTime":0,"mStepCount":0,"mTimeUnit":600000,"mTotalActiveTime":0.0,"mWalkStepCount":0},{"mCalorie":0.0,"mDistance":0.0,"mNowHealthyStep":0,"mRunStepCount":0,"mSpeed":0.0,"mStartTime":0,"mStepCount":0,"mTimeUnit":600000,"mTotalActiveTime":0.0,"mWalkStepCount":0},{"mCalorie":0.0,"mDistance":0.0,"mNowHealthyStep":0,"mRunStepCount":0,"mSpeed":0.0,"mStartTime":0,"mStepCount":0,"mTimeUnit":600000,"mTotalActiveTime":0.0,"mWalkStepCount":0},{"mCalorie":0.0,"mDistance":0.0,"mNowHealthyStep":0,"mRunStepCount":0,"mSpeed":0.0,"mStartTime":0,"mStepCount":0,"mTimeUnit":600000,"mTotalActiveTime":0.0,"mWalkStepCount":0},{"mCalorie":0.0,"mDistance":0.0,"mNowHealthyStep":0,"mRunStepCount":0,"mSpeed":0.0,"mStartTime":0,"mStepCount":0,"mTimeUnit":600000,"mTotalActiveTime":0.0,"mWalkStepCount":0},{"mCalorie":0.0,"mDistance":0.0,"mNowHealthyStep":0,"mRunStepCount":0,"mSpeed":0.0,"mStartTime":0,"mStepCount":0,"mTimeUnit":600000,"mTotalActiveTime":0.0,"mWalkStepCount":0},{"mCalorie":0.0,"mDistance":0.0,"mNowHealthyStep":0,"mRunStepCount":0,"mSpeed":0.0,"mStartTime":0,"mStepCount":0,"mTimeUnit":600000,"mTotalActiveTime":0.0,"mWalkStepCount":0},{"mCalorie":0.0,"mDistance":0.0,"mNowHealthyStep":0,"mRunStepCount":0,"mSpeed":0.0,"mStartTime":0,"mStepCount":0,"mTimeUnit":600000,"mTotalActiveTime":0.0,"mWalkStepCount":0},{"mCalorie":0.0,"mDistance":0.0,"mNowHealthyStep":0,"mRunStepCount":0,"mSpeed":0.0,"mStartTime":0,"mStepCount":0,"mTimeUnit":600000,"mTotalActiveTime":0.0,"mWalkStepCount":0},{"mCalorie":0.0,"mDistance":0.0,"mNowHealthyStep":0,"mRunStepCount":0,"mSpeed":0.0,"mStartTime":0,"mStepCount":0,"mTimeUnit":600000,"mTotalActiveTime":0.0,"mWalkStepCount":0},{"mCalorie":0.0,"mDistance":0.0,"mNowHealthyStep":0,"mRunStepCount":0,"mSpeed":0.0,"mStartTime":0,"mStepCount":0,"mTimeUnit":600000,"mTotalActiveTime":0.0,"mWalkStepCount":0},{"mCalorie":2.9899999999999998,"mDistance":55.46000000000001,"mNowHealthyStep":0,"mRunStepCount":8,"mSpeed":6.1078877449035645,"mStartTime":0,"mStepCount":70,"mTimeUnit":600000,"mTotalActiveTime":32688.223761900517,"mWalkStepCount":62},{"mCalorie":1.3800000000000001,"mDistance":31.12,"mNowHealthyStep":0,"mRunStepCount":0,"mSpeed":4.780561447143555,"mStartTime":0,"mStepCount":41,"mTimeUnit":600000,"mTotalActiveTime":23434.904707478854,"mWalkStepCount":41},{"mCalorie":0.0,"mDistance":0.0,"mNowHealthyStep":0,"mRunStepCount":0,"mSpeed":0.0,"mStartTime":0,"mStepCount":0,"mTimeUnit":600000,"mTotalActiveTime":0.0,"mWalkStepCount":0},{"mCalorie":0.0,"mDistance":0.0,"mNowHealthyStep":0,"mRunStepCount":0,"mSpeed":0.0,"mStartTime":0,"mStepCount":0,"mTimeUnit":600000,"mTotalActiveTime":0.0,"mWalkStepCount":0},{"mCalorie":0.38,"mDistance":7.37,"mNowHealthyStep":0,"mRunStepCount":0,"mSpeed":5.199999809265137,"mStartTime":0,"mStepCount":10,"mTimeUnit":600000,"mTotalActiveTime":5102.307879459229,"mWalkStepCount":10},{"mCalorie":1.23,"mDistance":23.720000000000002,"mNowHealthyStep":0,"mRunStepCount":0,"mSpeed":4.425373077392578,"mStartTime":0,"mStepCount":33,"mTimeUnit":600000,"mTotalActiveTime":19296.00026579827,"mWalkStepCount":33},{"mCalorie":0.46,"mDistance":10.69,"mNowHealthyStep":0,"mRunStepCount":0,"mSpeed":5.199999809265137,"mStartTime":0,"mStepCount":14,"mTimeUnit":600000,"mTotalActiveTime":7400.769502227838,"mWalkStepCount":14},{"mCalorie":0.0,"mDistance":0.0,"mNowHealthyStep":0,"mRunStepCount":0,"mSpeed":0.0,"mStartTime":0,"mStepCount":0,"mTimeUnit":600000,"mTotalActiveTime":0.0,"mWalkStepCount":0},{"mCalorie":0.0,"mDistance":0.0,"mNowHealthyStep":0,"mRunStepCount":0,"mSpeed":0.0,"mStartTime":0,"mStepCount":0,"mTimeUnit":600000,"mTotalActiveTime":0.0,"mWalkStepCount":0},{"mCalorie":1.0899999999999999,"mDistance":22.17,"mNowHealthyStep":0,"mRunStepCount":0,"mSpeed":3.8753113746643066,"mStartTime":0,"mStepCount":31,"mTimeUnit":600000,"mTotalActiveTime":20594.990172928294,"mWalkStepCount":31},{"mCalorie":0.54,"mDistance":8.96,"mNowHealthyStep":0,"mRunStepCount":0,"mSpeed":3.499999761581421,"mStartTime":0,"mStepCount":13,"mTimeUnit":600000,"mTotalActiveTime":9216.000627790221,"mWalkStepCount":13},{"mCalorie":0.7,"mDistance":15.37,"mNowHealthyStep":0,"mRunStepCount":1,"mSpeed":7.099999904632568,"mStartTime":0,"mStepCount":19,"mTimeUnit":600000,"mTotalActiveTime":7793.239541298766,"mWalkStepCount":18},{"mCalorie":0.0,"mDistance":0.0,"mNowHealthyStep":0,"mRunStepCount":0,"mSpeed":0.0,"mStartTime":0,"mStepCount":0,"mTimeUnit":600000,"mTotalActiveTime":0.0,"mWalkStepCount":0},{"mCalorie":0.0,"mDistance":0.0,"mNowHealthyStep":0,"mRunStepCount":0,"mSpeed":0.0,"mStartTime":0,"mStepCount":0,"mTimeUnit":600000,"mTotalActiveTime":0.0,"mWalkStepCount":0},{"mCalorie":0.0,"mDistance":0.0,"mNowHealthyStep":0,"mRunStepCount":0,"mSpeed":0.0,"mStartTime":0,"mStepCount":0,"mTimeUnit":600000,"mTotalActiveTime":0.0,"mWalkStepCount":0},{"mCalorie":0.0,"mDistance":0.0,"mNowHealthyStep":0,"mRunStepCount":0,"mSpeed":0.0,"mStartTime":0,"mStepCount":0,"mTimeUnit":600000,"mTotalActiveTime":0.0,"mWalkStepCount":0},{"mCalorie":0.0,"mDistance":0.0,"mNowHealthyStep":0,"mRunStepCount":0,"mSpeed":0.0,"mStartTime":0,"mStepCount":0,"mTimeUnit":600000,"mTotalActiveTime":0.0,"mWalkStepCount":0},{"mCalorie":0.0,"mDistance":0.0,"mNowHealthyStep":0,"mRunStepCount":0,"mSpeed":0.0,"mStartTime":0,"mStepCount":0,"mTimeUnit":600000,"mTotalActiveTime":0.0,"mWalkStepCount":0},{"mCalorie":0.0,"mDistance":0.0,"mNowHealthyStep":0,"mRunStepCount":0,"mSpeed":0.0,"mStartTime":0,"mStepCount":0,"mTimeUnit":600000,"mTotalActiveTime":0.0,"mWalkStepCount":0},{"mCalorie":0.0,"mDistance":0.0,"mNowHealthyStep":0,"mRunStepCount":0,"mSpeed":0.0,"mStartTime":0,"mStepCount":0,"mTimeUnit":600000,"mTotalActiveTime":0.0,"mWalkStepCount":0},{"mCalorie":1.27,"mDistance":18.82,"mNowHealthyStep":0,"mRunStepCount":10,"mSpeed":8.09999942779541,"mStartTime":0,"mStepCount":21,"mTimeUnit":600000,"mTotalActiveTime":8364.445035330104,"mWalkStepCount":11},{"mCalorie":0.0,"mDistance":0.0,"mNowHealthyStep":0,"mRunStepCount":0,"mSpeed":0.0,"mStartTime":0,"mStepCount":0,"mTimeUnit":600000,"mTotalActiveTime":0.0,"mWalkStepCount":0},{"mCalorie":0.0,"mDistance":0.0,"mNowHealthyStep":0,"mRunStepCount":0,"mSpeed":0.0,"mStartTime":0,"mStepCount":0,"mTimeUnit":600000,"mTotalActiveTime":0.0,"mWalkStepCount":0},{"mCalorie":0.0,"mDistance":0.0,"mNowHealthyStep":0,"mRunStepCount":0,"mSpeed":0.0,"mStartTime":0,"mStepCount":0,"mTimeUnit":600000,"mTotalActiveTime":0.0,"mWalkStepCount":0},{"mCalorie":0.0,"mDistance":0.0,"mNowHealthyStep":0,"mRunStepCount":0,"mSpeed":0.0,"mStartTime":0,"mStepCount":0,"mTimeUnit":600000,"mTotalActiveTime":0.0,"mWalkStepCount":0},{"mCalorie":0.0,"mDistance":0.0,"mNowHealthyStep":0,"mRunStepCount":0,"mSpeed":0.0,"mStartTime":0,"mStepCount":0,"mTimeUnit":600000,"mTotalActiveTime":0.0,"mWalkStepCount":0},{"mCalorie":0.0,"mDistance":0.0,"mNowHealthyStep":0,"mRunStepCount":0,"mSpeed":0.0,"mStartTime":0,"mStepCount":0,"mTimeUnit":600000,"mTotalActiveTime":0.0,"mWalkStepCount":0},{"mCalorie":0.0,"mDistance":0.0,"mNowHealthyStep":0,"mRunStepCount":0,"mSpeed":0.0,"mStartTime":0,"mStepCount":0,"mTimeUnit":600000,"mTotalActiveTime":0.0,"mWalkStepCount":0},{"mCalorie":0.0,"mDistance":0.0,"mNowHealthyStep":0,"mRunStepCount":0,"mSpeed":0.0,"mStartTime":0,"mStepCount":0,"mTimeUnit":600000,"mTotalActiveTime":0.0,"mWalkStepCount":0},{"mCalorie":0.0,"mDistance":0.0,"mNowHealthyStep":0,"mRunStepCount":0,"mSpeed":0.0,"mStartTime":0,"mStepCount":0,"mTimeUnit":600000,"mTotalActiveTime":0.0,"mWalkStepCount":0},{"mCalorie":0.0,"mDistance":0.0,"mNowHealthyStep":0,"mRunStepCount":0,"mSpeed":0.0,"mStartTime":0,"mStepCount":0,"mTimeUnit":600000,"mTotalActiveTime":0.0,"mWalkStepCount":0},{"mCalorie":0.0,"mDistance":0.0,"mNowHealthyStep":0,"mRunStepCount":0,"mSpeed":0.0,"mStartTime":0,"mStepCount":0,"mTimeUnit":600000,"mTotalActiveTime":0.0,"mWalkStepCount":0},{"mCalorie":0.0,"mDistance":0.0,"mNowHealthyStep":0,"mRunStepCount":0,"mSpeed":0.0,"mStartTime":0,"mStepCount":0,"mTimeUnit":600000,"mTotalActiveTime":0.0,"mWalkStepCount":0},{"mCalorie":0.0,"mDistance":0.0,"mNowHealthyStep":0,"mRunStepCount":0,"mSpeed":0.0,"mStartTime":0,"mStepCount":0,"mTimeUnit":600000,"mTotalActiveTime":0.0,"mWalkStepCount":0},{"mCalorie":0.0,"mDistance":0.0,"mNowHealthyStep":0,"mRunStepCount":0,"mSpeed":0.0,"mStartTime":0,"mStepCount":0,"mTimeUnit":600000,"mTotalActiveTime":0.0,"mWalkStepCount":0},{"mCalorie":0.0,"mDistance":0.0,"mNowHealthyStep":0,"mRunStepCount":0,"mSpeed":0.0,"mStartTime":0,"mStepCount":0,"mTimeUnit":600000,"mTotalActiveTime":0.0,"mWalkStepCount":0},{"mCalorie":0.0,"mDistance":0.0,"mNowHealthyStep":0,"mRunStepCount":0,"mSpeed":0.0,"mStartTime":0,"mStepCount":0,"mTimeUnit":600000,"mTotalActiveTime":0.0,"mWalkStepCount":0},{"mCalorie":0.0,"mDistance":0.0,"mNowHealthyStep":0,"mRunStepCount":0,"mSpeed":0.0,"mStartTime":0,"mStepCount":0,"mTimeUnit":600000,"mTotalActiveTime":0.0,"mWalkStepCount":0},{"mCalorie":0.94,"mDistance":16.47,"mNowHealthyStep":0,"mRunStepCount":0,"mSpeed":3.61087965965271,"mStartTime":0,"mStepCount":24,"mTimeUnit":600000,"mTotalActiveTime":16420.37584899412,"mWalkStepCount":24},{"mCalorie":0.0,"mDistance":0.0,"mNowHealthyStep":0,"mRunStepCount":0,"mSpeed":0.0,"mStartTime":0,"mStepCount":0,"mTimeUnit":600000,"mTotalActiveTime":0.0,"mWalkStepCount":0},{"mCalorie":0.0,"mDistance":0.0,"mNowHealthyStep":0,"mRunStepCount":0,"mSpeed":0.0,"mStartTime":0,"mStepCount":0,"mTimeUnit":600000,"mTotalActiveTime":0.0,"mWalkStepCount":0},{"mCalorie":0.0,"mDistance":0.0,"mNowHealthyStep":0,"mRunStepCount":0,"mSpeed":0.0,"mStartTime":0,"mStepCount":0,"mTimeUnit":600000,"mTotalActiveTime":0.0,"mWalkStepCount":0},{"mCalorie":0.0,"mDistance":0.0,"mNowHealthyStep":0,"mRunStepCount":0,"mSpeed":0.0,"mStartTime":0,"mStepCount":0,"mTimeUnit":600000,"mTotalActiveTime":0.0,"mWalkStepCount":0},{"mCalorie":0.0,"mDistance":0.0,"mNowHealthyStep":0,"mRunStepCount":0,"mSpeed":0.0,"mStartTime":0,"mStepCount":0,"mTimeUnit":600000,"mTotalActiveTime":0.0,"mWalkStepCount":0},{"mCalorie":0.0,"mDistance":0.0,"mNowHealthyStep":0,"mRunStepCount":0,"mSpeed":0.0,"mStartTime":0,"mStepCount":0,"mTimeUnit":600000,"mTotalActiveTime":0.0,"mWalkStepCount":0},{"mCalorie":2.11,"mDistance":39.26,"mNowHealthyStep":0,"mRunStepCount":0,"mSpeed":4.403022766113281,"mStartTime":0,"mStepCount":54,"mTimeUnit":600000,"mTotalActiveTime":32099.766036239984,"mWalkStepCount":54},{"mCalorie":0.0,"mDistance":0.0,"mNowHealthyStep":0,"mRunStepCount":0,"mSpeed":0.0,"mStartTime":0,"mStepCount":0,"mTimeUnit":600000,"mTotalActiveTime":0.0,"mWalkStepCount":0},{"mCalorie":0.0,"mDistance":0.0,"mNowHealthyStep":0,"mRunStepCount":0,"mSpeed":0.0,"mStartTime":0,"mStepCount":0,"mTimeUnit":600000,"mTotalActiveTime":0.0,"mWalkStepCount":0},{"mCalorie":0.0,"mDistance":0.0,"mNowHealthyStep":0,"mRunStepCount":0,"mSpeed":0.0,"mStartTime":0,"mStepCount":0,"mTimeUnit":600000,"mTotalActiveTime":0.0,"mWalkStepCount":0},{"mCalorie":0.0,"mDistance":0.0,"mNowHealthyStep":0,"mRunStepCount":0,"mSpeed":0.0,"mStartTime":0,"mStepCount":0,"mTimeUnit":600000,"mTotalActiveTime":0.0,"mWalkStepCount":0},{"mCalorie":4.42,"mDistance":82.10000000000001,"mNowHealthyStep":0,"mRunStepCount":4,"mSpeed":4.9885454177856445,"mStartTime":0,"mStepCount":109,"mTimeUnit":600000,"mTotalActiveTime":59247.731528474316,"mWalkStepCount":105},{"mCalorie":0.0,"mDistance":0.0,"mNowHealthyStep":0,"mRunStepCount":0,"mSpeed":0.0,"mStartTime":0,"mStepCount":0,"mTimeUnit":600000,"mTotalActiveTime":0.0,"mWalkStepCount":0},{"mCalorie":0.86,"mDistance":15.4,"mNowHealthyStep":0,"mRunStepCount":0,"mSpeed":3.6000001430511475,"mStartTime":0,"mStepCount":22,"mTimeUnit":600000,"mTotalActiveTime":15399.999388059005,"mWalkStepCount":22},{"mCalorie":12.85,"mDistance":259.19000000000005,"mNowHealthyStep":0,"mRunStepCount":0,"mSpeed":4.761686325073242,"mStartTime":0,"mStepCount":352,"mTimeUnit":600000,"mTotalActiveTime":195956.62722363253,"mWalkStepCount":352},{"mCalorie":36.82,"mDistance":791.9599999999999,"mNowHealthyStep":0,"mRunStepCount":0,"mSpeed":4.759833335876465,"mStartTime":0,"mStepCount":1057,"mTimeUnit":600000,"mTotalActiveTime":598982.3342543814,"mWalkStepCount":1057},{"mCalorie":33.61,"mDistance":723.94,"mNowHealthyStep":0,"mRunStepCount":0,"mSpeed":4.464672088623047,"mStartTime":0,"mStepCount":986,"mTimeUnit":600000,"mTotalActiveTime":583734.7095671768,"mWalkStepCount":986},{"mCalorie":32.830000000000034,"mDistance":692.1199999999993,"mNowHealthyStep":0,"mRunStepCount":0,"mSpeed":4.696359634399414,"mStartTime":0,"mStepCount":950,"mTimeUnit":600000,"mTotalActiveTime":530545.4196756863,"mWalkStepCount":950},{"mCalorie":19.66,"mDistance":409.3900000000001,"mNowHealthyStep":0,"mRunStepCount":0,"mSpeed":4.5432586669921875,"mStartTime":0,"mStepCount":561,"mTimeUnit":600000,"mTotalActiveTime":324393.5876470464,"mWalkStepCount":561},{"mCalorie":25.95,"mDistance":546.64,"mNowHealthyStep":0,"mRunStepCount":0,"mSpeed":4.467774391174316,"mStartTime":0,"mStepCount":743,"mTimeUnit":600000,"mTotalActiveTime":440466.2841847387,"mWalkStepCount":743},{"mCalorie":24.889999999999972,"mDistance":526.1199999999999,"mNowHealthyStep":0,"mRunStepCount":0,"mSpeed":4.636219501495361,"mStartTime":0,"mStepCount":708,"mTimeUnit":600000,"mTotalActiveTime":408529.3889560381,"mWalkStepCount":708},{"mCalorie":24.130000000000003,"mDistance":534.52,"mNowHealthyStep":0,"mRunStepCount":0,"mSpeed":4.629387378692627,"mStartTime":0,"mStepCount":721,"mTimeUnit":600000,"mTotalActiveTime":415664.5029691488,"mWalkStepCount":721},{"mCalorie":33.78,"mDistance":728.0300000000001,"mNowHealthyStep":0,"mRunStepCount":0,"mSpeed":4.422027587890625,"mStartTime":0,"mStepCount":992,"mTimeUnit":600000,"mTotalActiveTime":592693.6955155651,"mWalkStepCount":992},{"mCalorie":3.77,"mDistance":69.54,"mNowHealthyStep":0,"mRunStepCount":0,"mSpeed":4.182033538818359,"mStartTime":0,"mStepCount":99,"mTimeUnit":600000,"mTotalActiveTime":59861.787792246825,"mWalkStepCount":99},{"mCalorie":3.18,"mDistance":60.849999999999994,"mNowHealthyStep":0,"mRunStepCount":8,"mSpeed":5.94075345993042,"mStartTime":0,"mStepCount":74,"mTimeUnit":600000,"mTotalActiveTime":36874.1111150891,"mWalkStepCount":66},{"mCalorie":0.0,"mDistance":0.0,"mNowHealthyStep":0,"mRunStepCount":0,"mSpeed":0.0,"mStartTime":0,"mStepCount":0,"mTimeUnit":600000,"mTotalActiveTime":0.0,"mWalkStepCount":0},{"mCalorie":0.0,"mDistance":0.0,"mNowHealthyStep":0,"mRunStepCount":0,"mSpeed":0.0,"mStartTime":0,"mStepCount":0,"mTimeUnit":600000,"mTotalActiveTime":0.0,"mWalkStepCount":0},{"mCalorie":1.0,"mDistance":17.15,"mNowHealthyStep":0,"mRunStepCount":0,"mSpeed":3.305025100708008,"mStartTime":0,"mStepCount":25,"mTimeUnit":600000,"mTotalActiveTime":18680.645195944977,"mWalkStepCount":25},{"mCalorie":0.0,"mDistance":0.0,"mNowHealthyStep":0,"mRunStepCount":0,"mSpeed":0.0,"mStartTime":0,"mStepCount":0,"mTimeUnit":600000,"mTotalActiveTime":0.0,"mWalkStepCount":0},{"mCalorie":0.0,"mDistance":0.0,"mNowHealthyStep":0,"mRunStepCount":0,"mSpeed":0.0,"mStartTime":0,"mStepCount":0,"mTimeUnit":600000,"mTotalActiveTime":0.0,"mWalkStepCount":0},{"mCalorie":0.0,"mDistance":0.0,"mNowHealthyStep":0,"mRunStepCount":0,"mSpeed":0.0,"mStartTime":0,"mStepCount":0,"mTimeUnit":600000,"mTotalActiveTime":0.0,"mWalkStepCount":0},{"mCalorie":0.0,"mDistance":0.0,"mNowHealthyStep":0,"mRunStepCount":0,"mSpeed":0.0,"mStartTime":0,"mStepCount":0,"mTimeUnit":600000,"mTotalActiveTime":0.0,"mWalkStepCount":0},{"mCalorie":0.0,"mDistance":0.0,"mNowHealthyStep":0,"mRunStepCount":0,"mSpeed":0.0,"mStartTime":0,"mStepCount":0,"mTimeUnit":600000,"mTotalActiveTime":0.0,"mWalkStepCount":0},{"mCalorie":0.0,"mDistance":0.0,"mNowHealthyStep":0,"mRunStepCount":0,"mSpeed":0.0,"mStartTime":0,"mStepCount":0,"mTimeUnit":600000,"mTotalActiveTime":0.0,"mWalkStepCount":0},{"mCalorie":0.0,"mDistance":0.0,"mNowHealthyStep":0,"mRunStepCount":0,"mSpeed":0.0,"mStartTime":0,"mStepCount":0,"mTimeUnit":600000,"mTotalActiveTime":0.0,"mWalkStepCount":0},{"mCalorie":0.84,"mDistance":17.96,"mNowHealthyStep":0,"mRunStepCount":1,"mSpeed":5.121152400970459,"mStartTime":0,"mStepCount":23,"mTimeUnit":600000,"mTotalActiveTime":12625.282948302505,"mWalkStepCount":22},{"mCalorie":0.0,"mDistance":0.0,"mNowHealthyStep":0,"mRunStepCount":0,"mSpeed":0.0,"mStartTime":0,"mStepCount":0,"mTimeUnit":600000,"mTotalActiveTime":0.0,"mWalkStepCount":0},{"mCalorie":0.0,"mDistance":0.0,"mNowHealthyStep":0,"mRunStepCount":0,"mSpeed":0.0,"mStartTime":0,"mStepCount":0,"mTimeUnit":600000,"mTotalActiveTime":0.0,"mWalkStepCount":0},{"mCalorie":0.0,"mDistance":0.0,"mNowHealthyStep":0,"mRunStepCount":0,"mSpeed":0.0,"mStartTime":0,"mStepCount":0,"mTimeUnit":600000,"mTotalActiveTime":0.0,"mWalkStepCount":0},{"mCalorie":0.0,"mDistance":0.0,"mNowHealthyStep":0,"mRunStepCount":0,"mSpeed":0.0,"mStartTime":0,"mStepCount":0,"mTimeUnit":600000,"mTotalActiveTime":0.0,"mWalkStepCount":0},{"mCalorie":0.0,"mDistance":0.0,"mNowHealthyStep":0,"mRunStepCount":0,"mSpeed":0.0,"mStartTime":0,"mStepCount":0,"mTimeUnit":600000,"mTotalActiveTime":0.0,"mWalkStepCount":0},{"mCalorie":0.0,"mDistance":0.0,"mNowHealthyStep":0,"mRunStepCount":0,"mSpeed":0.0,"mStartTime":0,"mStepCount":0,"mTimeUnit":600000,"mTotalActiveTime":0.0,"mWalkStepCount":0},{"mCalorie":0.0,"mDistance":0.0,"mNowHealthyStep":0,"mRunStepCount":0,"mSpeed":0.0,"mStartTime":0,"mStepCount":0,"mTimeUnit":600000,"mTotalActiveTime":0.0,"mWalkStepCount":0},{"mCalorie":0.0,"mDistance":0.0,"mNowHealthyStep":0,"mRunStepCount":0,"mSpeed":0.0,"mStartTime":0,"mStepCount":0,"mTimeUnit":600000,"mTotalActiveTime":0.0,"mWalkStepCount":0},{"mCalorie":0.0,"mDistance":0.0,"mNowHealthyStep":0,"mRunStepCount":0,"mSpeed":0.0,"mStartTime":0,"mStepCount":0,"mTimeUnit":600000,"mTotalActiveTime":0.0,"mWalkStepCount":0},{"mCalorie":0.36,"mDistance":8.65,"mNowHealthyStep":0,"mRunStepCount":0,"mSpeed":5.700000286102295,"mStartTime":0,"mStepCount":11,"mTimeUnit":600000,"mTotalActiveTime":5463.157620522468,"mWalkStepCount":11},{"mCalorie":1.2799999999999998,"mDistance":28.22,"mNowHealthyStep":0,"mRunStepCount":0,"mSpeed":5.04965877532959,"mStartTime":0,"mStepCount":37,"mTimeUnit":600000,"mTotalActiveTime":20118.58803040131,"mWalkStepCount":37},{"mCalorie":0.0,"mDistance":0.0,"mNowHealthyStep":0,"mRunStepCount":0,"mSpeed":0.0,"mStartTime":0,"mStepCount":0,"mTimeUnit":600000,"mTotalActiveTime":0.0,"mWalkStepCount":0},{"mCalorie":0.0,"mDistance":0.0,"mNowHealthyStep":0,"mRunStepCount":0,"mSpeed":0.0,"mStartTime":0,"mStepCount":0,"mTimeUnit":600000,"mTotalActiveTime":0.0,"mWalkStepCount":0},{"mCalorie":1.68,"mDistance":30.240000000000002,"mNowHealthyStep":0,"mRunStepCount":0,"mSpeed":3.329320192337036,"mStartTime":0,"mStepCount":44,"mTimeUnit":600000,"mTotalActiveTime":32698.56632805823,"mWalkStepCount":44},{"mCalorie":1.57,"mDistance":34.75,"mNowHealthyStep":0,"mRunStepCount":3,"mSpeed":8.270150184631348,"mStartTime":0,"mStepCount":36,"mTimeUnit":600000,"mTotalActiveTime":15126.690036759499,"mWalkStepCount":33},{"mCalorie":0.99,"mDistance":18.83,"mNowHealthyStep":0,"mRunStepCount":0,"mSpeed":4.279393196105957,"mStartTime":0,"mStepCount":26,"mTimeUnit":600000,"mTotalActiveTime":15840.564190791796,"mWalkStepCount":26},{"mCalorie":6.43,"mDistance":131.92,"mNowHealthyStep":0,"mRunStepCount":0,"mSpeed":4.645522594451904,"mStartTime":0,"mStepCount":175,"mTimeUnit":600000,"mTotalActiveTime":102230.04580054554,"mWalkStepCount":175},{"mCalorie":10.36,"mDistance":199.97,"mNowHealthyStep":0,"mRunStepCount":2,"mSpeed":4.213069915771484,"mStartTime":0,"mStepCount":279,"mTimeUnit":600000,"mTotalActiveTime":170871.12413632515,"mWalkStepCount":277},{"mCalorie":1.9900000000000002,"mDistance":37.74,"mNowHealthyStep":0,"mRunStepCount":0,"mSpeed":4.012082099914551,"mStartTime":0,"mStepCount":53,"mTimeUnit":600000,"mTotalActiveTime":33863.71274344714,"mWalkStepCount":53},{"mCalorie":1.06,"mDistance":25.040000000000003,"mNowHealthyStep":0,"mRunStepCount":0,"mSpeed":5.600962162017822,"mStartTime":0,"mStepCount":32,"mTimeUnit":600000,"mTotalActiveTime":16094.377245251122,"mWalkStepCount":32},{"mCalorie":2.37,"mDistance":48.59,"mNowHealthyStep":0,"mRunStepCount":0,"mSpeed":5.624763488769531,"mStartTime":0,"mStepCount":60,"mTimeUnit":600000,"mTotalActiveTime":31098.906288413124,"mWalkStepCount":60},{"mCalorie":0.43,"mDistance":7.75,"mNowHealthyStep":0,"mRunStepCount":0,"mSpeed":3.799999952316284,"mStartTime":0,"mStepCount":11,"mTimeUnit":600000,"mTotalActiveTime":7342.105355289176,"mWalkStepCount":11},{"mCalorie":1.27,"mDistance":19.630000000000003,"mNowHealthyStep":0,"mRunStepCount":2,"mSpeed":5.896126747131348,"mStartTime":0,"mStepCount":25,"mTimeUnit":600000,"mTotalActiveTime":11985.495443044345,"mWalkStepCount":23},{"mCalorie":9.88,"mDistance":199.90000000000003,"mNowHealthyStep":0,"mRunStepCount":5,"mSpeed":4.604038238525391,"mStartTime":0,"mStepCount":267,"mTimeUnit":600000,"mTotalActiveTime":156306.2585920153,"mWalkStepCount":262},{"mCalorie":2.97,"mDistance":52.87,"mNowHealthyStep":0,"mRunStepCount":0,"mSpeed":4.400000095367432,"mStartTime":0,"mStepCount":76,"mTimeUnit":600000,"mTotalActiveTime":43257.27178969661,"mWalkStepCount":76},{"mCalorie":3.61,"mDistance":72.21000000000001,"mNowHealthyStep":0,"mRunStepCount":0,"mSpeed":4.8312811851501465,"mStartTime":0,"mStepCount":96,"mTimeUnit":600000,"mTotalActiveTime":53806.847025019364,"mWalkStepCount":96},{"mCalorie":0.0,"mDistance":0.0,"mNowHealthyStep":0,"mRunStepCount":0,"mSpeed":0.0,"mStartTime":0,"mStepCount":0,"mTimeUnit":600000,"mTotalActiveTime":0.0,"mWalkStepCount":0},{"mCalorie":0.0,"mDistance":0.0,"mNowHealthyStep":0,"mRunStepCount":0,"mSpeed":0.0,"mStartTime":0,"mStepCount":0,"mTimeUnit":600000,"mTotalActiveTime":0.0,"mWalkStepCount":0},{"mCalorie":0.0,"mDistance":0.0,"mNowHealthyStep":0,"mRunStepCount":0,"mSpeed":0.0,"mStartTime":0,"mStepCount":0,"mTimeUnit":600000,"mTotalActiveTime":0.0,"mWalkStepCount":0},{"mCalorie":0.0,"mDistance":0.0,"mNowHealthyStep":0,"mRunStepCount":0,"mSpeed":0.0,"mStartTime":0,"mStepCount":0,"mTimeUnit":600000,"mTotalActiveTime":0.0,"mWalkStepCount":0},{"mCalorie":0.0,"mDistance":0.0,"mNowHealthyStep":0,"mRunStepCount":0,"mSpeed":0.0,"mStartTime":0,"mStepCount":0,"mTimeUnit":600000,"mTotalActiveTime":0.0,"mWalkStepCount":0},{"mCalorie":2.5300000000000002,"mDistance":47.36,"mNowHealthyStep":0,"mRunStepCount":3,"mSpeed":5.4474778175354,"mStartTime":0,"mStepCount":61,"mTimeUnit":600000,"mTotalActiveTime":31298.15504016656,"mWalkStepCount":58},{"mCalorie":1.12,"mDistance":18.119999999999997,"mNowHealthyStep":0,"mRunStepCount":3,"mSpeed":5.096726417541504,"mStartTime":0,"mStepCount":23,"mTimeUnit":600000,"mTotalActiveTime":12798.803464207509,"mWalkStepCount":20},{"mCalorie":0.49,"mDistance":11.1,"mNowHealthyStep":0,"mRunStepCount":0,"mSpeed":5.999999523162842,"mStartTime":0,"mStepCount":14,"mTimeUnit":600000,"mTotalActiveTime":6660.000529289287,"mWalkStepCount":14},{"mCalorie":0.57,"mDistance":9.15,"mNowHealthyStep":0,"mRunStepCount":0,"mSpeed":4.999999523162842,"mStartTime":0,"mStepCount":13,"mTimeUnit":600000,"mTotalActiveTime":6588.0006282807,"mWalkStepCount":13},{"mCalorie":1.7000000000000002,"mDistance":28.29,"mNowHealthyStep":0,"mRunStepCount":8,"mSpeed":5.922570705413818,"mStartTime":0,"mStepCount":32,"mTimeUnit":600000,"mTotalActiveTime":17195.911414851827,"mWalkStepCount":24},{"mCalorie":20.44,"mDistance":421.8,"mNowHealthyStep":0,"mRunStepCount":9,"mSpeed":4.8559794425964355,"mStartTime":0,"mStepCount":584,"mTimeUnit":600000,"mTotalActiveTime":312703.1431440643,"mWalkStepCount":575},{"mCalorie":6.81,"mDistance":121.45999999999998,"mNowHealthyStep":0,"mRunStepCount":2,"mSpeed":4.469871997833252,"mStartTime":0,"mStepCount":166,"mTimeUnit":600000,"mTotalActiveTime":97822.94023821487,"mWalkStepCount":164},{"mCalorie":2.61,"mDistance":40.19,"mNowHealthyStep":0,"mRunStepCount":28,"mSpeed":7.200000286102295,"mStartTime":0,"mStepCount":48,"mTimeUnit":600000,"mTotalActiveTime":20094.99920149647,"mWalkStepCount":20},{"mCalorie":0.0,"mDistance":0.0,"mNowHealthyStep":0,"mRunStepCount":0,"mSpeed":0.0,"mStartTime":0,"mStepCount":0,"mTimeUnit":600000,"mTotalActiveTime":0.0,"mWalkStepCount":0},{"mCalorie":2.0999999999999543,"mDistance":36.659999999999926,"mNowHealthyStep":0,"mRunStepCount":8,"mSpeed":5.918044567108154,"mStartTime":0,"mStepCount":44,"mTimeUnit":600000,"mTotalActiveTime":22300.60868415297,"mWalkStepCount":36},{"mCalorie":0.0,"mDistance":0.0,"mNowHealthyStep":0,"mRunStepCount":0,"mSpeed":0.0,"mStartTime":0,"mStepCount":0,"mTimeUnit":600000,"mTotalActiveTime":0.0,"mWalkStepCount":0},{"mCalorie":0.0,"mDistance":0.0,"mNowHealthyStep":0,"mRunStepCount":0,"mSpeed":0.0,"mStartTime":0,"mStepCount":0,"mTimeUnit":600000,"mTotalActiveTime":0.0,"mWalkStepCount":0},{"mCalorie":0.0,"mDistance":0.0,"mNowHealthyStep":0,"mRunStepCount":0,"mSpeed":0.0,"mStartTime":0,"mStepCount":0,"mTimeUnit":600000,"mTotalActiveTime":0.0,"mWalkStepCount":0},{"mCalorie":0.0,"mDistance":0.0,"mNowHealthyStep":0,"mRunStepCount":0,"mSpeed":0.0,"mStartTime":0,"mStepCount":0,"mTimeUnit":600000,"mTotalActiveTime":0.0,"mWalkStepCount":0},{"mCalorie":0.41,"mDistance":9.49,"mNowHealthyStep":0,"mRunStepCount":0,"mSpeed":5.800000190734863,"mStartTime":0,"mStepCount":12,"mTimeUnit":600000,"mTotalActiveTime":5890.3446338803315,"mWalkStepCount":12},{"mCalorie":0.0,"mDistance":0.0,"mNowHealthyStep":0,"mRunStepCount":0,"mSpeed":0.0,"mStartTime":0,"mStepCount":0,"mTimeUnit":600000,"mTotalActiveTime":0.0,"mWalkStepCount":0},{"mCalorie":0.0,"mDistance":0.0,"mNowHealthyStep":0,"mRunStepCount":0,"mSpeed":0.0,"mStartTime":0,"mStepCount":0,"mTimeUnit":600000,"mTotalActiveTime":0.0,"mWalkStepCount":0},{"mCalorie":0.0,"mDistance":0.0,"mNowHealthyStep":0,"mRunStepCount":0,"mSpeed":0.0,"mStartTime":0,"mStepCount":0,"mTimeUnit":600000,"mTotalActiveTime":0.0,"mWalkStepCount":0},{"mCalorie":0.0,"mDistance":0.0,"mNowHealthyStep":0,"mRunStepCount":0,"mSpeed":0.0,"mStartTime":0,"mStepCount":0,"mTimeUnit":600000,"mTotalActiveTime":0.0,"mWalkStepCount":0}]