[{"mCalorie":0.0,"mDistance":0.0,"mNowHealthyStep":0,"mRunStepCount":0,"mSpeed":0.0,"mStartTime":1590962400000,"mStepCount":0,"mTimeUnit":600000,"mTotalActiveTime":0.0,"mWalkStepCount":0},{"mCalorie":0.0,"mDistance":0.0,"mNowHealthyStep":0,"mRunStepCount":0,"mSpeed":0.0,"mStartTime":1590963000000,"mStepCount":0,"mTimeUnit":600000,"mTotalActiveTime":0.0,"mWalkStepCount":0},{"mCalorie":0.0,"mDistance":0.0,"mNowHealthyStep":0,"mRunStepCount":0,"mSpeed":0.0,"mStartTime":1590963600000,"mStepCount":0,"mTimeUnit":600000,"mTotalActiveTime":0.0,"mWalkStepCount":0},{"mCalorie":0.0,"mDistance":0.0,"mNowHealthyStep":0,"mRunStepCount":0,"mSpeed":0.0,"mStartTime":1590964200000,"mStepCount":0,"mTimeUnit":600000,"mTotalActiveTime":0.0,"mWalkStepCount":0},{"mCalorie":0.0,"mDistance":0.0,"mNowHealthyStep":0,"mRunStepCount":0,"mSpeed":0.0,"mStartTime":1590964800000,"mStepCount":0,"mTimeUnit":600000,"mTotalActiveTime":0.0,"mWalkStepCount":0},{"mCalorie":0.0,"mDistance":0.0,"mNowHealthyStep":0,"mRunStepCount":0,"mSpeed":0.0,"mStartTime":1590965400000,"mStepCount":0,"mTimeUnit":600000,"mTotalActiveTime":0.0,"mWalkStepCount":0},{"mCalorie":0.0,"mDistance":0.0,"mNowHealthyStep":0,"mRunStepCount":0,"mSpeed":0.0,"mStartTime":1590966000000,"mStepCount":0,"mTimeUnit":600000,"mTotalActiveTime":0.0,"mWalkStepCount":0},{"mCalorie":0.0,"mDistance":0.0,"mNowHealthyStep":0,"mRunStepCount":0,"mSpeed":0.0,"mStartTime":1590966600000,"mStepCount":0,"mTimeUnit":600000,"mTotalActiveTime":0.0,"mWalkStepCount":0},{"mCalorie":0.0,"mDistance":0.0,"mNowHealthyStep":0,"mRunStepCount":0,"mSpeed":0.0,"mStartTime":1590967200000,"mStepCount":0,"mTimeUnit":600000,"mTotalActiveTime":0.0,"mWalkStepCount":0},{"mCalorie":0.0,"mDistance":0.0,"mNowHealthyStep":0,"mRunStepCount":0,"mSpeed":0.0,"mStartTime":1590967800000,"mStepCount":0,"mTimeUnit":600000,"mTotalActiveTime":0.0,"mWalkStepCount":0},{"mCalorie":1.509999930858612,"mDistance":31.17999839782715,"mNowHealthyStep":0,"mRunStepCount":0,"mSpeed":4.569892406463623,"mStartTime":1590968400000,"mStepCount":42,"mTimeUnit":600000,"mTotalActiveTime":24562.50339198013,"mWalkStepCount":42},{"mCalorie":0.0,"mDistance":0.0,"mNowHealthyStep":0,"mRunStepCount":0,"mSpeed":0.0,"mStartTime":1590969000000,"mStepCount":0,"mTimeUnit":600000,"mTotalActiveTime":0.0,"mWalkStepCount":0},{"mCalorie":0.0,"mDistance":0.0,"mNowHealthyStep":0,"mRunStepCount":0,"mSpeed":0.0,"mStartTime":1590969600000,"mStepCount":0,"mTimeUnit":600000,"mTotalActiveTime":0.0,"mWalkStepCount":0},{"mCalorie":0.0,"mDistance":0.0,"mNowHealthyStep":0,"mRunStepCount":0,"mSpeed":0.0,"mStartTime":1590970200000,"mStepCount":0,"mTimeUnit":600000,"mTotalActiveTime":0.0,"mWalkStepCount":0},{"mCalorie":0.0,"mDistance":0.0,"mNowHealthyStep":0,"mRunStepCount":0,"mSpeed":0.0,"mStartTime":1590970800000,"mStepCount":0,"mTimeUnit":600000,"mTotalActiveTime":0.0,"mWalkStepCount":0},{"mCalorie":0.0,"mDistance":0.0,"mNowHealthyStep":0,"mRunStepCount":0,"mSpeed":0.0,"mStartTime":1590971400000,"mStepCount":0,"mTimeUnit":600000,"mTotalActiveTime":0.0,"mWalkStepCount":0},{"mCalorie":0.0,"mDistance":0.0,"mNowHealthyStep":0,"mRunStepCount":0,"mSpeed":0.0,"mStartTime":1590972000000,"mStepCount":0,"mTimeUnit":600000,"mTotalActiveTime":0.0,"mWalkStepCount":0},{"mCalorie":0.47,"mDistance":7.48,"mNowHealthyStep":0,"mRunStepCount":0,"mSpeed":5.600000381469727,"mStartTime":1590972600000,"mStepCount":10,"mTimeUnit":600000,"mTotalActiveTime":4808.571101013518,"mWalkStepCount":10},{"mCalorie":2.449999988079071,"mDistance":46.78999954223633,"mNowHealthyStep":0,"mRunStepCount":3,"mSpeed":4.837120056152344,"mStartTime":1590973200000,"mStepCount":61,"mTimeUnit":600000,"mTotalActiveTime":34823.19935152977,"mWalkStepCount":58},{"mCalorie":0.0,"mDistance":0.0,"mNowHealthyStep":0,"mRunStepCount":0,"mSpeed":0.0,"mStartTime":1590973800000,"mStepCount":0,"mTimeUnit":600000,"mTotalActiveTime":0.0,"mWalkStepCount":0},{"mCalorie":0.0,"mDistance":0.0,"mNowHealthyStep":0,"mRunStepCount":0,"mSpeed":0.0,"mStartTime":1590974400000,"mStepCount":0,"mTimeUnit":600000,"mTotalActiveTime":0.0,"mWalkStepCount":0},{"mCalorie":0.0,"mDistance":0.0,"mNowHealthyStep":0,"mRunStepCount":0,"mSpeed":0.0,"mStartTime":1590975000000,"mStepCount":0,"mTimeUnit":600000,"mTotalActiveTime":0.0,"mWalkStepCount":0},{"mCalorie":0.0,"mDistance":0.0,"mNowHealthyStep":0,"mRunStepCount":0,"mSpeed":0.0,"mStartTime":1590975600000,"mStepCount":0,"mTimeUnit":600000,"mTotalActiveTime":0.0,"mWalkStepCount":0},{"mCalorie":0.0,"mDistance":0.0,"mNowHealthyStep":0,"mRunStepCount":0,"mSpeed":0.0,"mStartTime":1590976200000,"mStepCount":0,"mTimeUnit":600000,"mTotalActiveTime":0.0,"mWalkStepCount":0},{"mCalorie":0.0,"mDistance":0.0,"mNowHealthyStep":0,"mRunStepCount":0,"mSpeed":0.0,"mStartTime":1590976800000,"mStepCount":0,"mTimeUnit":600000,"mTotalActiveTime":0.0,"mWalkStepCount":0},{"mCalorie":0.0,"mDistance":0.0,"mNowHealthyStep":0,"mRunStepCount":0,"mSpeed":0.0,"mStartTime":1590977400000,"mStepCount":0,"mTimeUnit":600000,"mTotalActiveTime":0.0,"mWalkStepCount":0},{"mCalorie":0.0,"mDistance":0.0,"mNowHealthyStep":0,"mRunStepCount":0,"mSpeed":0.0,"mStartTime":1590978000000,"mStepCount":0,"mTimeUnit":600000,"mTotalActiveTime":0.0,"mWalkStepCount":0},{"mCalorie":0.34,"mDistance":7.46,"mNowHealthyStep":0,"mRunStepCount":0,"mSpeed":5.800000190734863,"mStartTime":1590978600000,"mStepCount":10,"mTimeUnit":600000,"mTotalActiveTime":4630.344675315834,"mWalkStepCount":10},{"mCalorie":1.0,"mDistance":18.91,"mNowHealthyStep":0,"mRunStepCount":0,"mSpeed":3.6676554679870605,"mStartTime":1590979200000,"mStepCount":27,"mTimeUnit":600000,"mTotalActiveTime":18561.176182209012,"mWalkStepCount":27},{"mCalorie":1.46,"mDistance":33.32,"mNowHealthyStep":0,"mRunStepCount":3,"mSpeed":7.796072483062744,"mStartTime":1590979800000,"mStepCount":39,"mTimeUnit":600000,"mTotalActiveTime":15386.208873519954,"mWalkStepCount":36},{"mCalorie":0.0,"mDistance":0.0,"mNowHealthyStep":0,"mRunStepCount":0,"mSpeed":0.0,"mStartTime":1590980400000,"mStepCount":0,"mTimeUnit":600000,"mTotalActiveTime":0.0,"mWalkStepCount":0},{"mCalorie":0.0,"mDistance":0.0,"mNowHealthyStep":0,"mRunStepCount":0,"mSpeed":0.0,"mStartTime":1590981000000,"mStepCount":0,"mTimeUnit":600000,"mTotalActiveTime":0.0,"mWalkStepCount":0},{"mCalorie":0.0,"mDistance":0.0,"mNowHealthyStep":0,"mRunStepCount":0,"mSpeed":0.0,"mStartTime":1590981600000,"mStepCount":0,"mTimeUnit":600000,"mTotalActiveTime":0.0,"mWalkStepCount":0},{"mCalorie":0.0,"mDistance":0.0,"mNowHealthyStep":0,"mRunStepCount":0,"mSpeed":0.0,"mStartTime":1590982200000,"mStepCount":0,"mTimeUnit":600000,"mTotalActiveTime":0.0,"mWalkStepCount":0},{"mCalorie":0.0,"mDistance":0.0,"mNowHealthyStep":0,"mRunStepCount":0,"mSpeed":0.0,"mStartTime":1590982800000,"mStepCount":0,"mTimeUnit":600000,"mTotalActiveTime":0.0,"mWalkStepCount":0},{"mCalorie":0.0,"mDistance":0.0,"mNowHealthyStep":0,"mRunStepCount":0,"mSpeed":0.0,"mStartTime":1590983400000,"mStepCount":0,"mTimeUnit":600000,"mTotalActiveTime":0.0,"mWalkStepCount":0},{"mCalorie":0.0,"mDistance":0.0,"mNowHealthyStep":0,"mRunStepCount":0,"mSpeed":0.0,"mStartTime":1590984000000,"mStepCount":0,"mTimeUnit":600000,"mTotalActiveTime":0.0,"mWalkStepCount":0},{"mCalorie":0.0,"mDistance":0.0,"mNowHealthyStep":0,"mRunStepCount":0,"mSpeed":0.0,"mStartTime":1590984600000,"mStepCount":0,"mTimeUnit":600000,"mTotalActiveTime":0.0,"mWalkStepCount":0},{"mCalorie":0.0,"mDistance":0.0,"mNowHealthyStep":0,"mRunStepCount":0,"mSpeed":0.0,"mStartTime":1590985200000,"mStepCount":0,"mTimeUnit":600000,"mTotalActiveTime":0.0,"mWalkStepCount":0},{"mCalorie":0.0,"mDistance":0.0,"mNowHealthyStep":0,"mRunStepCount":0,"mSpeed":0.0,"mStartTime":1590985800000,"mStepCount":0,"mTimeUnit":600000,"mTotalActiveTime":0.0,"mWalkStepCount":0},{"mCalorie":0.0,"mDistance":0.0,"mNowHealthyStep":0,"mRunStepCount":0,"mSpeed":0.0,"mStartTime":1590986400000,"mStepCount":0,"mTimeUnit":600000,"mTotalActiveTime":0.0,"mWalkStepCount":0},{"mCalorie":0.4,"mDistance":9.02,"mNowHealthyStep":0,"mRunStepCount":0,"mSpeed":6.900000095367432,"mStartTime":1590987000000,"mStepCount":11,"mTimeUnit":600000,"mTotalActiveTime":4706.086891477185,"mWalkStepCount":11},{"mCalorie":0.0,"mDistance":0.0,"mNowHealthyStep":0,"mRunStepCount":0,"mSpeed":0.0,"mStartTime":1590987600000,"mStepCount":0,"mTimeUnit":600000,"mTotalActiveTime":0.0,"mWalkStepCount":0},{"mCalorie":0.0,"mDistance":0.0,"mNowHealthyStep":0,"mRunStepCount":0,"mSpeed":0.0,"mStartTime":1590988200000,"mStepCount":0,"mTimeUnit":600000,"mTotalActiveTime":0.0,"mWalkStepCount":0},{"mCalorie":0.0,"mDistance":0.0,"mNowHealthyStep":0,"mRunStepCount":0,"mSpeed":0.0,"mStartTime":1590988800000,"mStepCount":0,"mTimeUnit":600000,"mTotalActiveTime":0.0,"mWalkStepCount":0},{"mCalorie":0.0,"mDistance":0.0,"mNowHealthyStep":0,"mRunStepCount":0,"mSpeed":0.0,"mStartTime":1590989400000,"mStepCount":0,"mTimeUnit":600000,"mTotalActiveTime":0.0,"mWalkStepCount":0},{"mCalorie":0.0,"mDistance":0.0,"mNowHealthyStep":0,"mRunStepCount":0,"mSpeed":0.0,"mStartTime":1590990000000,"mStepCount":0,"mTimeUnit":600000,"mTotalActiveTime":0.0,"mWalkStepCount":0},{"mCalorie":2.36,"mDistance":45.28,"mNowHealthyStep":0,"mRunStepCount":0,"mSpeed":6.876189708709717,"mStartTime":1590990600000,"mStepCount":54,"mTimeUnit":600000,"mTotalActiveTime":23706.152320256617,"mWalkStepCount":54},{"mCalorie":3.1799999999999997,"mDistance":60.330000000000005,"mNowHealthyStep":0,"mRunStepCount":0,"mSpeed":4.242438793182373,"mStartTime":1590991200000,"mStepCount":83,"mTimeUnit":600000,"mTotalActiveTime":51194.1385694668,"mWalkStepCount":83},{"mCalorie":0.6299999952316284,"mDistance":12.210000038146973,"mNowHealthyStep":0,"mRunStepCount":0,"mSpeed":3.4000000953674316,"mStartTime":1590991800000,"mStepCount":17,"mTimeUnit":600000,"mTotalActiveTime":12928.234971881335,"mWalkStepCount":17},{"mCalorie":0.0,"mDistance":0.0,"mNowHealthyStep":0,"mRunStepCount":0,"mSpeed":0.0,"mStartTime":1590992400000,"mStepCount":0,"mTimeUnit":600000,"mTotalActiveTime":0.0,"mWalkStepCount":0},{"mCalorie":0.0,"mDistance":0.0,"mNowHealthyStep":0,"mRunStepCount":0,"mSpeed":0.0,"mStartTime":1590993000000,"mStepCount":0,"mTimeUnit":600000,"mTotalActiveTime":0.0,"mWalkStepCount":0},{"mCalorie":0.0,"mDistance":0.0,"mNowHealthyStep":0,"mRunStepCount":0,"mSpeed":0.0,"mStartTime":1590993600000,"mStepCount":0,"mTimeUnit":600000,"mTotalActiveTime":0.0,"mWalkStepCount":0},{"mCalorie":0.0,"mDistance":0.0,"mNowHealthyStep":0,"mRunStepCount":0,"mSpeed":0.0,"mStartTime":1590994200000,"mStepCount":0,"mTimeUnit":600000,"mTotalActiveTime":0.0,"mWalkStepCount":0},{"mCalorie":0.0,"mDistance":0.0,"mNowHealthyStep":0,"mRunStepCount":0,"mSpeed":0.0,"mStartTime":1590994800000,"mStepCount":0,"mTimeUnit":600000,"mTotalActiveTime":0.0,"mWalkStepCount":0},{"mCalorie":0.0,"mDistance":0.0,"mNowHealthyStep":0,"mRunStepCount":0,"mSpeed":0.0,"mStartTime":1590995400000,"mStepCount":0,"mTimeUnit":600000,"mTotalActiveTime":0.0,"mWalkStepCount":0},{"mCalorie":0.0,"mDistance":0.0,"mNowHealthyStep":0,"mRunStepCount":0,"mSpeed":0.0,"mStartTime":1590996000000,"mStepCount":0,"mTimeUnit":600000,"mTotalActiveTime":0.0,"mWalkStepCount":0},{"mCalorie":0.0,"mDistance":0.0,"mNowHealthyStep":0,"mRunStepCount":0,"mSpeed":0.0,"mStartTime":1590996600000,"mStepCount":0,"mTimeUnit":600000,"mTotalActiveTime":0.0,"mWalkStepCount":0},{"mCalorie":0.0,"mDistance":0.0,"mNowHealthyStep":0,"mRunStepCount":0,"mSpeed":0.0,"mStartTime":1590997200000,"mStepCount":0,"mTimeUnit":600000,"mTotalActiveTime":0.0,"mWalkStepCount":0},{"mCalorie":0.0,"mDistance":0.0,"mNowHealthyStep":0,"mRunStepCount":0,"mSpeed":0.0,"mStartTime":1590997800000,"mStepCount":0,"mTimeUnit":600000,"mTotalActiveTime":0.0,"mWalkStepCount":0},{"mCalorie":0.0,"mDistance":0.0,"mNowHealthyStep":0,"mRunStepCount":0,"mSpeed":0.0,"mStartTime":1590998400000,"mStepCount":0,"mTimeUnit":600000,"mTotalActiveTime":0.0,"mWalkStepCount":0},{"mCalorie":0.0,"mDistance":0.0,"mNowHealthyStep":0,"mRunStepCount":0,"mSpeed":0.0,"mStartTime":1590999000000,"mStepCount":0,"mTimeUnit":600000,"mTotalActiveTime":0.0,"mWalkStepCount":0},{"mCalorie":0.0,"mDistance":0.0,"mNowHealthyStep":0,"mRunStepCount":0,"mSpeed":0.0,"mStartTime":1590999600000,"mStepCount":0,"mTimeUnit":600000,"mTotalActiveTime":0.0,"mWalkStepCount":0},{"mCalorie":0.0,"mDistance":0.0,"mNowHealthyStep":0,"mRunStepCount":0,"mSpeed":0.0,"mStartTime":1591000200000,"mStepCount":0,"mTimeUnit":600000,"mTotalActiveTime":0.0,"mWalkStepCount":0},{"mCalorie":0.0,"mDistance":0.0,"mNowHealthyStep":0,"mRunStepCount":0,"mSpeed":0.0,"mStartTime":1591000800000,"mStepCount":0,"mTimeUnit":600000,"mTotalActiveTime":0.0,"mWalkStepCount":0},{"mCalorie":0.0,"mDistance":0.0,"mNowHealthyStep":0,"mRunStepCount":0,"mSpeed":0.0,"mStartTime":1591001400000,"mStepCount":0,"mTimeUnit":600000,"mTotalActiveTime":0.0,"mWalkStepCount":0},{"mCalorie":0.0,"mDistance":0.0,"mNowHealthyStep":0,"mRunStepCount":0,"mSpeed":0.0,"mStartTime":1591002000000,"mStepCount":0,"mTimeUnit":600000,"mTotalActiveTime":0.0,"mWalkStepCount":0},{"mCalorie":0.0,"mDistance":0.0,"mNowHealthyStep":0,"mRunStepCount":0,"mSpeed":0.0,"mStartTime":1591002600000,"mStepCount":0,"mTimeUnit":600000,"mTotalActiveTime":0.0,"mWalkStepCount":0},{"mCalorie":1.3899999737739563,"mDistance":28.420000305175783,"mNowHealthyStep":0,"mRunStepCount":0,"mSpeed":5.326793193817139,"mStartTime":1591003200000,"mStepCount":36,"mTimeUnit":600000,"mTotalActiveTime":19207.053301774653,"mWalkStepCount":36},{"mCalorie":0.0,"mDistance":0.0,"mNowHealthyStep":0,"mRunStepCount":0,"mSpeed":0.0,"mStartTime":1591003800000,"mStepCount":0,"mTimeUnit":600000,"mTotalActiveTime":0.0,"mWalkStepCount":0},{"mCalorie":1.550000057220459,"mDistance":28.750000991821288,"mNowHealthyStep":0,"mRunStepCount":0,"mSpeed":3.713954448699951,"mStartTime":1591004400000,"mStepCount":41,"mTimeUnit":600000,"mTotalActiveTime":27867.87092600402,"mWalkStepCount":41},{"mCalorie":0.0,"mDistance":0.0,"mNowHealthyStep":0,"mRunStepCount":0,"mSpeed":0.0,"mStartTime":1591005000000,"mStepCount":0,"mTimeUnit":600000,"mTotalActiveTime":0.0,"mWalkStepCount":0},{"mCalorie":0.0,"mDistance":0.0,"mNowHealthyStep":0,"mRunStepCount":0,"mSpeed":0.0,"mStartTime":1591005600000,"mStepCount":0,"mTimeUnit":600000,"mTotalActiveTime":0.0,"mWalkStepCount":0},{"mCalorie":0.0,"mDistance":0.0,"mNowHealthyStep":0,"mRunStepCount":0,"mSpeed":0.0,"mStartTime":1591006200000,"mStepCount":0,"mTimeUnit":600000,"mTotalActiveTime":0.0,"mWalkStepCount":0},{"mCalorie":0.0,"mDistance":0.0,"mNowHealthyStep":0,"mRunStepCount":0,"mSpeed":0.0,"mStartTime":1591006800000,"mStepCount":0,"mTimeUnit":600000,"mTotalActiveTime":0.0,"mWalkStepCount":0},{"mCalorie":3.130000021457672,"mDistance":64.46000034332275,"mNowHealthyStep":0,"mRunStepCount":0,"mSpeed":4.168801784515381,"mStartTime":1591007400000,"mStepCount":87,"mTimeUnit":600000,"mTotalActiveTime":55664.91392212993,"mWalkStepCount":87},{"mCalorie":0.0,"mDistance":0.0,"mNowHealthyStep":0,"mRunStepCount":0,"mSpeed":0.0,"mStartTime":1591008000000,"mStepCount":0,"mTimeUnit":600000,"mTotalActiveTime":0.0,"mWalkStepCount":0},{"mCalorie":0.95,"mDistance":19.0,"mNowHealthyStep":0,"mRunStepCount":0,"mSpeed":8.261646270751953,"mStartTime":1591008600000,"mStepCount":21,"mTimeUnit":600000,"mTotalActiveTime":8279.2215236697,"mWalkStepCount":21},{"mCalorie":0.4,"mDistance":9.13,"mNowHealthyStep":0,"mRunStepCount":0,"mSpeed":5.199999809265137,"mStartTime":1591009200000,"mStepCount":12,"mTimeUnit":600000,"mTotalActiveTime":6320.769462613673,"mWalkStepCount":12},{"mCalorie":0.32,"mDistance":9.0,"mNowHealthyStep":0,"mRunStepCount":0,"mSpeed":6.600000381469727,"mStartTime":1591009800000,"mStepCount":11,"mTimeUnit":600000,"mTotalActiveTime":4909.090625353112,"mWalkStepCount":11},{"mCalorie":0.0,"mDistance":0.0,"mNowHealthyStep":0,"mRunStepCount":0,"mSpeed":0.0,"mStartTime":1591010400000,"mStepCount":0,"mTimeUnit":600000,"mTotalActiveTime":0.0,"mWalkStepCount":0},{"mCalorie":0.0,"mDistance":0.0,"mNowHealthyStep":0,"mRunStepCount":0,"mSpeed":0.0,"mStartTime":1591011000000,"mStepCount":0,"mTimeUnit":600000,"mTotalActiveTime":0.0,"mWalkStepCount":0},{"mCalorie":0.0,"mDistance":0.0,"mNowHealthyStep":0,"mRunStepCount":0,"mSpeed":0.0,"mStartTime":1591011600000,"mStepCount":0,"mTimeUnit":600000,"mTotalActiveTime":0.0,"mWalkStepCount":0},{"mCalorie":0.0,"mDistance":0.0,"mNowHealthyStep":0,"mRunStepCount":0,"mSpeed":0.0,"mStartTime":1591012200000,"mStepCount":0,"mTimeUnit":600000,"mTotalActiveTime":0.0,"mWalkStepCount":0},{"mCalorie":0.0,"mDistance":0.0,"mNowHealthyStep":0,"mRunStepCount":0,"mSpeed":0.0,"mStartTime":1591012800000,"mStepCount":0,"mTimeUnit":600000,"mTotalActiveTime":0.0,"mWalkStepCount":0},{"mCalorie":0.0,"mDistance":0.0,"mNowHealthyStep":0,"mRunStepCount":0,"mSpeed":0.0,"mStartTime":1591013400000,"mStepCount":0,"mTimeUnit":600000,"mTotalActiveTime":0.0,"mWalkStepCount":0},{"mCalorie":0.0,"mDistance":0.0,"mNowHealthyStep":0,"mRunStepCount":0,"mSpeed":0.0,"mStartTime":1591014000000,"mStepCount":0,"mTimeUnit":600000,"mTotalActiveTime":0.0,"mWalkStepCount":0},{"mCalorie":0.0,"mDistance":0.0,"mNowHealthyStep":0,"mRunStepCount":0,"mSpeed":0.0,"mStartTime":1591014600000,"mStepCount":0,"mTimeUnit":600000,"mTotalActiveTime":0.0,"mWalkStepCount":0},{"mCalorie":0.0,"mDistance":0.0,"mNowHealthyStep":0,"mRunStepCount":0,"mSpeed":0.0,"mStartTime":1591015200000,"mStepCount":0,"mTimeUnit":600000,"mTotalActiveTime":0.0,"mWalkStepCount":0},{"mCalorie":0.0,"mDistance":0.0,"mNowHealthyStep":0,"mRunStepCount":0,"mSpeed":0.0,"mStartTime":1591015800000,"mStepCount":0,"mTimeUnit":600000,"mTotalActiveTime":0.0,"mWalkStepCount":0},{"mCalorie":0.0,"mDistance":0.0,"mNowHealthyStep":0,"mRunStepCount":0,"mSpeed":0.0,"mStartTime":1591016400000,"mStepCount":0,"mTimeUnit":600000,"mTotalActiveTime":0.0,"mWalkStepCount":0},{"mCalorie":0.0,"mDistance":0.0,"mNowHealthyStep":0,"mRunStepCount":0,"mSpeed":0.0,"mStartTime":1591017000000,"mStepCount":0,"mTimeUnit":600000,"mTotalActiveTime":0.0,"mWalkStepCount":0},{"mCalorie":0.37,"mDistance":8.36,"mNowHealthyStep":0,"mRunStepCount":0,"mSpeed":5.099999904632568,"mStartTime":1591017600000,"mStepCount":11,"mTimeUnit":600000,"mTotalActiveTime":5901.176580937265,"mWalkStepCount":11},{"mCalorie":0.0,"mDistance":0.0,"mNowHealthyStep":0,"mRunStepCount":0,"mSpeed":0.0,"mStartTime":1591018200000,"mStepCount":0,"mTimeUnit":600000,"mTotalActiveTime":0.0,"mWalkStepCount":0},{"mCalorie":0.38,"mDistance":8.87,"mNowHealthyStep":0,"mRunStepCount":0,"mSpeed":6.5,"mStartTime":1591018800000,"mStepCount":11,"mTimeUnit":600000,"mTotalActiveTime":4912.615384615384,"mWalkStepCount":11},{"mCalorie":0.0,"mDistance":0.0,"mNowHealthyStep":0,"mRunStepCount":0,"mSpeed":0.0,"mStartTime":1591019400000,"mStepCount":0,"mTimeUnit":600000,"mTotalActiveTime":0.0,"mWalkStepCount":0},{"mCalorie":0.41,"mDistance":7.31,"mNowHealthyStep":0,"mRunStepCount":0,"mSpeed":4.5,"mStartTime":1591020000000,"mStepCount":10,"mTimeUnit":600000,"mTotalActiveTime":5848.0,"mWalkStepCount":10},{"mCalorie":2.190000057220459,"mDistance":43.650000762939456,"mNowHealthyStep":0,"mRunStepCount":0,"mSpeed":4.463241100311279,"mStartTime":1591020600000,"mStepCount":59,"mTimeUnit":600000,"mTotalActiveTime":35207.59899732527,"mWalkStepCount":59},{"mCalorie":1.7400000023841857,"mDistance":37.579999160766604,"mNowHealthyStep":0,"mRunStepCount":0,"mSpeed":5.644455909729004,"mStartTime":1591021200000,"mStepCount":48,"mTimeUnit":600000,"mTotalActiveTime":23968.297097540184,"mWalkStepCount":48},{"mCalorie":0.0,"mDistance":0.0,"mNowHealthyStep":0,"mRunStepCount":0,"mSpeed":0.0,"mStartTime":1591021800000,"mStepCount":0,"mTimeUnit":600000,"mTotalActiveTime":0.0,"mWalkStepCount":0},{"mCalorie":0.5199999809265137,"mDistance":10.010000228881836,"mNowHealthyStep":0,"mRunStepCount":0,"mSpeed":3.6910133361816406,"mStartTime":1591022400000,"mStepCount":14,"mTimeUnit":600000,"mTotalActiveTime":9763.172750075706,"mWalkStepCount":14},{"mCalorie":0.0,"mDistance":0.0,"mNowHealthyStep":0,"mRunStepCount":0,"mSpeed":0.0,"mStartTime":1591023000000,"mStepCount":0,"mTimeUnit":600000,"mTotalActiveTime":0.0,"mWalkStepCount":0},{"mCalorie":0.0,"mDistance":0.0,"mNowHealthyStep":0,"mRunStepCount":0,"mSpeed":0.0,"mStartTime":1591023600000,"mStepCount":0,"mTimeUnit":600000,"mTotalActiveTime":0.0,"mWalkStepCount":0},{"mCalorie":0.0,"mDistance":0.0,"mNowHealthyStep":0,"mRunStepCount":0,"mSpeed":0.0,"mStartTime":1591024200000,"mStepCount":0,"mTimeUnit":600000,"mTotalActiveTime":0.0,"mWalkStepCount":0},{"mCalorie":2.58,"mDistance":46.48,"mNowHealthyStep":0,"mRunStepCount":0,"mSpeed":3.7157511711120605,"mStartTime":1591024800000,"mStepCount":65,"mTimeUnit":600000,"mTotalActiveTime":45032.07968031129,"mWalkStepCount":65},{"mCalorie":0.8700000000000001,"mDistance":18.580000000000002,"mNowHealthyStep":0,"mRunStepCount":0,"mSpeed":4.584297180175781,"mStartTime":1591025400000,"mStepCount":25,"mTimeUnit":600000,"mTotalActiveTime":14590.676502281622,"mWalkStepCount":25},{"mCalorie":0.0,"mDistance":0.0,"mNowHealthyStep":0,"mRunStepCount":0,"mSpeed":0.0,"mStartTime":1591026000000,"mStepCount":0,"mTimeUnit":600000,"mTotalActiveTime":0.0,"mWalkStepCount":0},{"mCalorie":0.74,"mDistance":15.31,"mNowHealthyStep":0,"mRunStepCount":0,"mSpeed":4.199999809265137,"mStartTime":1591026600000,"mStepCount":21,"mTimeUnit":600000,"mTotalActiveTime":13122.857738806304,"mWalkStepCount":21},{"mCalorie":0.0,"mDistance":0.0,"mNowHealthyStep":0,"mRunStepCount":0,"mSpeed":0.0,"mStartTime":1591027200000,"mStepCount":0,"mTimeUnit":600000,"mTotalActiveTime":0.0,"mWalkStepCount":0},{"mCalorie":0.0,"mDistance":0.0,"mNowHealthyStep":0,"mRunStepCount":0,"mSpeed":0.0,"mStartTime":1591027800000,"mStepCount":0,"mTimeUnit":600000,"mTotalActiveTime":0.0,"mWalkStepCount":0},{"mCalorie":4.919999941587448,"mDistance":98.09000015258789,"mNowHealthyStep":0,"mRunStepCount":1,"mSpeed":4.6985883712768555,"mStartTime":1591028400000,"mStepCount":131,"mTimeUnit":600000,"mTotalActiveTime":75155.3382666691,"mWalkStepCount":130},{"mCalorie":3.459999942779541,"mDistance":48.35000045776367,"mNowHealthyStep":0,"mRunStepCount":0,"mSpeed":4.197214126586914,"mStartTime":1591029000000,"mStepCount":72,"mTimeUnit":600000,"mTotalActiveTime":41470.364048350944,"mWalkStepCount":72},{"mCalorie":7.140000064373017,"mDistance":139.64000080108644,"mNowHealthyStep":0,"mRunStepCount":0,"mSpeed":4.335944652557373,"mStartTime":1591029600000,"mStepCount":187,"mTimeUnit":600000,"mTotalActiveTime":115938.74789110423,"mWalkStepCount":187},{"mCalorie":1.4100000000000001,"mDistance":30.509999999999998,"mNowHealthyStep":0,"mRunStepCount":0,"mSpeed":4.872446537017822,"mStartTime":1591030200000,"mStepCount":41,"mTimeUnit":600000,"mTotalActiveTime":22542.26837130617,"mWalkStepCount":41},{"mCalorie":0.65,"mDistance":12.96,"mNowHealthyStep":0,"mRunStepCount":0,"mSpeed":4.0,"mStartTime":1591030800000,"mStepCount":18,"mTimeUnit":600000,"mTotalActiveTime":11664.0,"mWalkStepCount":18},{"mCalorie":0.35,"mDistance":7.01,"mNowHealthyStep":0,"mRunStepCount":0,"mSpeed":3.700000047683716,"mStartTime":1591031400000,"mStepCount":10,"mTimeUnit":600000,"mTotalActiveTime":6820.540452640888,"mWalkStepCount":10},{"mCalorie":3.65,"mDistance":79.03999999999999,"mNowHealthyStep":0,"mRunStepCount":0,"mSpeed":4.918998718261719,"mStartTime":1591032000000,"mStepCount":105,"mTimeUnit":600000,"mTotalActiveTime":57845.91893717428,"mWalkStepCount":105},{"mCalorie":3.17,"mDistance":63.31999999999999,"mNowHealthyStep":0,"mRunStepCount":0,"mSpeed":3.8749806880950928,"mStartTime":1591032600000,"mStepCount":88,"mTimeUnit":600000,"mTotalActiveTime":58826.61613364109,"mWalkStepCount":88},{"mCalorie":5.399999999999964,"mDistance":102.52099999999861,"mNowHealthyStep":0,"mRunStepCount":11,"mSpeed":5.825287818908691,"mStartTime":1591033200000,"mStepCount":128,"mTimeUnit":600000,"mTotalActiveTime":63357.48875777918,"mWalkStepCount":117},{"mCalorie":6.379999976158142,"mDistance":133.04999847412108,"mNowHealthyStep":0,"mRunStepCount":0,"mSpeed":4.637143135070801,"mStartTime":1591033800000,"mStepCount":179,"mTimeUnit":600000,"mTotalActiveTime":103292.04397893528,"mWalkStepCount":179},{"mCalorie":2.230000033378601,"mDistance":42.980001068115236,"mNowHealthyStep":0,"mRunStepCount":0,"mSpeed":4.747713565826416,"mStartTime":1591034400000,"mStepCount":57,"mTimeUnit":600000,"mTotalActiveTime":32590.00240504756,"mWalkStepCount":57},{"mCalorie":5.380000088214874,"mDistance":110.74999877929689,"mNowHealthyStep":0,"mRunStepCount":0,"mSpeed":4.578535079956055,"mStartTime":1591035000000,"mStepCount":150,"mTimeUnit":600000,"mTotalActiveTime":87080.25190684588,"mWalkStepCount":150},{"mCalorie":0.5,"mDistance":10.27,"mNowHealthyStep":0,"mRunStepCount":0,"mSpeed":4.099999904632568,"mStartTime":1591035600000,"mStepCount":14,"mTimeUnit":600000,"mTotalActiveTime":9017.56118536138,"mWalkStepCount":14},{"mCalorie":0.64000004529953,"mDistance":13.070001602172852,"mNowHealthyStep":0,"mRunStepCount":0,"mSpeed":5.153801918029785,"mStartTime":1591036200000,"mStepCount":17,"mTimeUnit":600000,"mTotalActiveTime":9129.572016188291,"mWalkStepCount":17},{"mCalorie":0.20999999344348907,"mDistance":4.489999771118164,"mNowHealthyStep":0,"mRunStepCount":0,"mSpeed":4.5,"mStartTime":1591036800000,"mStepCount":6,"mTimeUnit":600000,"mTotalActiveTime":3591.9998168945312,"mWalkStepCount":6},{"mCalorie":0.0,"mDistance":0.0,"mNowHealthyStep":0,"mRunStepCount":0,"mSpeed":0.0,"mStartTime":1591037400000,"mStepCount":0,"mTimeUnit":600000,"mTotalActiveTime":0.0,"mWalkStepCount":0},{"mCalorie":0.0,"mDistance":0.0,"mNowHealthyStep":0,"mRunStepCount":0,"mSpeed":0.0,"mStartTime":1591038000000,"mStepCount":0,"mTimeUnit":600000,"mTotalActiveTime":0.0,"mWalkStepCount":0},{"mCalorie":1.080000102519989,"mDistance":19.72999906539917,"mNowHealthyStep":0,"mRunStepCount":0,"mSpeed":3.3011488914489746,"mStartTime":1591038600000,"mStepCount":28,"mTimeUnit":600000,"mTotalActiveTime":21516.144894093017,"mWalkStepCount":28},{"mCalorie":0.6599999904632569,"mDistance":14.830000457763672,"mNowHealthyStep":0,"mRunStepCount":0,"mSpeed":4.8466901779174805,"mStartTime":1591039200000,"mStepCount":19,"mTimeUnit":600000,"mTotalActiveTime":11015.353119966869,"mWalkStepCount":19},{"mCalorie":1.0600000381469727,"mDistance":21.419999923706055,"mNowHealthyStep":0,"mRunStepCount":0,"mSpeed":4.193225860595703,"mStartTime":1591039800000,"mStepCount":29,"mTimeUnit":600000,"mTotalActiveTime":18389.66100716908,"mWalkStepCount":29},{"mCalorie":0.8300000011920929,"mDistance":16.880000076293946,"mNowHealthyStep":0,"mRunStepCount":0,"mSpeed":6.765815734863281,"mStartTime":1591040400000,"mStepCount":20,"mTimeUnit":600000,"mTotalActiveTime":8981.622004501314,"mWalkStepCount":20},{"mCalorie":0.0,"mDistance":0.0,"mNowHealthyStep":0,"mRunStepCount":0,"mSpeed":0.0,"mStartTime":1591041000000,"mStepCount":0,"mTimeUnit":600000,"mTotalActiveTime":0.0,"mWalkStepCount":0},{"mCalorie":2.04,"mDistance":36.71,"mNowHealthyStep":0,"mRunStepCount":0,"mSpeed":5.350746154785156,"mStartTime":1591041600000,"mStepCount":47,"mTimeUnit":600000,"mTotalActiveTime":24698.61138972079,"mWalkStepCount":47},{"mCalorie":4.140000000000001,"mDistance":76.19999999999999,"mNowHealthyStep":0,"mRunStepCount":8,"mSpeed":4.874456405639648,"mStartTime":1591042200000,"mStepCount":101,"mTimeUnit":600000,"mTotalActiveTime":56277.04503323474,"mWalkStepCount":93},{"mCalorie":10.670000076293945,"mDistance":179.33999919891357,"mNowHealthyStep":0,"mRunStepCount":0,"mSpeed":3.662158489227295,"mStartTime":1591042800000,"mStepCount":255,"mTimeUnit":600000,"mTotalActiveTime":176296.03017230926,"mWalkStepCount":255},{"mCalorie":8.43999995291233,"mDistance":137.08999681472778,"mNowHealthyStep":0,"mRunStepCount":0,"mSpeed":3.8247122764587402,"mStartTime":1591043400000,"mStepCount":195,"mTimeUnit":600000,"mTotalActiveTime":129035.58188203641,"mWalkStepCount":195},{"mCalorie":0.61,"mDistance":12.43,"mNowHealthyStep":0,"mRunStepCount":0,"mSpeed":4.5,"mStartTime":1591044000000,"mStepCount":17,"mTimeUnit":600000,"mTotalActiveTime":9943.999999999998,"mWalkStepCount":17},{"mCalorie":0.0,"mDistance":0.0,"mNowHealthyStep":0,"mRunStepCount":0,"mSpeed":0.0,"mStartTime":1591044600000,"mStepCount":0,"mTimeUnit":600000,"mTotalActiveTime":0.0,"mWalkStepCount":0},{"mCalorie":0.0,"mDistance":0.0,"mNowHealthyStep":0,"mRunStepCount":0,"mSpeed":0.0,"mStartTime":1591045200000,"mStepCount":0,"mTimeUnit":600000,"mTotalActiveTime":0.0,"mWalkStepCount":0},{"mCalorie":1.5199999856948851,"mDistance":30.280000915527346,"mNowHealthyStep":0,"mRunStepCount":0,"mSpeed":4.385219573974609,"mStartTime":1591045800000,"mStepCount":41,"mTimeUnit":600000,"mTotalActiveTime":24858.04822731339,"mWalkStepCount":41},{"mCalorie":10.359999990463256,"mDistance":215.2799993133545,"mNowHealthyStep":0,"mRunStepCount":1,"mSpeed":5.146088123321533,"mStartTime":1591046400000,"mStepCount":277,"mTimeUnit":600000,"mTotalActiveTime":150601.3909945813,"mWalkStepCount":276},{"mCalorie":11.39,"mDistance":274.74999801635744,"mNowHealthyStep":0,"mRunStepCount":0,"mSpeed":6.0447001457214355,"mStartTime":1591047000000,"mStepCount":347,"mTimeUnit":600000,"mTotalActiveTime":163630.938265241,"mWalkStepCount":347},{"mCalorie":1.939999998807907,"mDistance":41.66999996185302,"mNowHealthyStep":0,"mRunStepCount":0,"mSpeed":5.276045799255371,"mStartTime":1591047600000,"mStepCount":54,"mTimeUnit":600000,"mTotalActiveTime":28432.65701706361,"mWalkStepCount":54},{"mCalorie":0.0,"mDistance":0.0,"mNowHealthyStep":0,"mRunStepCount":0,"mSpeed":0.0,"mStartTime":1591048200000,"mStepCount":0,"mTimeUnit":600000,"mTotalActiveTime":0.0,"mWalkStepCount":0}]