[{"mCalorie":0.0,"mDistance":0.0,"mNowHealthyStep":0,"mRunStepCount":0,"mSpeed":0.0,"mStartTime":1596837600000,"mStepCount":0,"mTimeUnit":600000,"mTotalActiveTime":0.0,"mWalkStepCount":0},{"mCalorie":0.0,"mDistance":0.0,"mNowHealthyStep":0,"mRunStepCount":0,"mSpeed":0.0,"mStartTime":1596838200000,"mStepCount":0,"mTimeUnit":600000,"mTotalActiveTime":0.0,"mWalkStepCount":0},{"mCalorie":0.0,"mDistance":0.0,"mNowHealthyStep":0,"mRunStepCount":0,"mSpeed":0.0,"mStartTime":1596838800000,"mStepCount":0,"mTimeUnit":600000,"mTotalActiveTime":0.0,"mWalkStepCount":0},{"mCalorie":0.0,"mDistance":0.0,"mNowHealthyStep":0,"mRunStepCount":0,"mSpeed":0.0,"mStartTime":1596839400000,"mStepCount":0,"mTimeUnit":600000,"mTotalActiveTime":0.0,"mWalkStepCount":0},{"mCalorie":0.0,"mDistance":0.0,"mNowHealthyStep":0,"mRunStepCount":0,"mSpeed":0.0,"mStartTime":1596840000000,"mStepCount":0,"mTimeUnit":600000,"mTotalActiveTime":0.0,"mWalkStepCount":0},{"mCalorie":0.0,"mDistance":0.0,"mNowHealthyStep":0,"mRunStepCount":0,"mSpeed":0.0,"mStartTime":1596840600000,"mStepCount":0,"mTimeUnit":600000,"mTotalActiveTime":0.0,"mWalkStepCount":0},{"mCalorie":0.0,"mDistance":0.0,"mNowHealthyStep":0,"mRunStepCount":0,"mSpeed":0.0,"mStartTime":1596841200000,"mStepCount":0,"mTimeUnit":600000,"mTotalActiveTime":0.0,"mWalkStepCount":0},{"mCalorie":0.0,"mDistance":0.0,"mNowHealthyStep":0,"mRunStepCount":0,"mSpeed":0.0,"mStartTime":1596841800000,"mStepCount":0,"mTimeUnit":600000,"mTotalActiveTime":0.0,"mWalkStepCount":0},{"mCalorie":0.0,"mDistance":0.0,"mNowHealthyStep":0,"mRunStepCount":0,"mSpeed":0.0,"mStartTime":1596842400000,"mStepCount":0,"mTimeUnit":600000,"mTotalActiveTime":0.0,"mWalkStepCount":0},{"mCalorie":0.0,"mDistance":0.0,"mNowHealthyStep":0,"mRunStepCount":0,"mSpeed":0.0,"mStartTime":1596843000000,"mStepCount":0,"mTimeUnit":600000,"mTotalActiveTime":0.0,"mWalkStepCount":0},{"mCalorie":0.0,"mDistance":0.0,"mNowHealthyStep":0,"mRunStepCount":0,"mSpeed":0.0,"mStartTime":1596843600000,"mStepCount":0,"mTimeUnit":600000,"mTotalActiveTime":0.0,"mWalkStepCount":0},{"mCalorie":0.0,"mDistance":0.0,"mNowHealthyStep":0,"mRunStepCount":0,"mSpeed":0.0,"mStartTime":1596844200000,"mStepCount":0,"mTimeUnit":600000,"mTotalActiveTime":0.0,"mWalkStepCount":0},{"mCalorie":0.0,"mDistance":0.0,"mNowHealthyStep":0,"mRunStepCount":0,"mSpeed":0.0,"mStartTime":1596844800000,"mStepCount":0,"mTimeUnit":600000,"mTotalActiveTime":0.0,"mWalkStepCount":0},{"mCalorie":0.0,"mDistance":0.0,"mNowHealthyStep":0,"mRunStepCount":0,"mSpeed":0.0,"mStartTime":1596845400000,"mStepCount":0,"mTimeUnit":600000,"mTotalActiveTime":0.0,"mWalkStepCount":0},{"mCalorie":0.0,"mDistance":0.0,"mNowHealthyStep":0,"mRunStepCount":0,"mSpeed":0.0,"mStartTime":1596846000000,"mStepCount":0,"mTimeUnit":600000,"mTotalActiveTime":0.0,"mWalkStepCount":0},{"mCalorie":0.0,"mDistance":0.0,"mNowHealthyStep":0,"mRunStepCount":0,"mSpeed":0.0,"mStartTime":1596846600000,"mStepCount":0,"mTimeUnit":600000,"mTotalActiveTime":0.0,"mWalkStepCount":0},{"mCalorie":0.0,"mDistance":0.0,"mNowHealthyStep":0,"mRunStepCount":0,"mSpeed":0.0,"mStartTime":1596847200000,"mStepCount":0,"mTimeUnit":600000,"mTotalActiveTime":0.0,"mWalkStepCount":0},{"mCalorie":0.0,"mDistance":0.0,"mNowHealthyStep":0,"mRunStepCount":0,"mSpeed":0.0,"mStartTime":1596847800000,"mStepCount":0,"mTimeUnit":600000,"mTotalActiveTime":0.0,"mWalkStepCount":0},{"mCalorie":0.0,"mDistance":0.0,"mNowHealthyStep":0,"mRunStepCount":0,"mSpeed":0.0,"mStartTime":1596848400000,"mStepCount":0,"mTimeUnit":600000,"mTotalActiveTime":0.0,"mWalkStepCount":0},{"mCalorie":1.17,"mDistance":19.53,"mNowHealthyStep":0,"mRunStepCount":2,"mSpeed":6.1834330558776855,"mStartTime":1596849000000,"mStepCount":24,"mTimeUnit":600000,"mTotalActiveTime":11370.383071623739,"mWalkStepCount":22},{"mCalorie":0.0,"mDistance":0.0,"mNowHealthyStep":0,"mRunStepCount":0,"mSpeed":0.0,"mStartTime":1596849600000,"mStepCount":0,"mTimeUnit":600000,"mTotalActiveTime":0.0,"mWalkStepCount":0},{"mCalorie":0.0,"mDistance":0.0,"mNowHealthyStep":0,"mRunStepCount":0,"mSpeed":0.0,"mStartTime":1596850200000,"mStepCount":0,"mTimeUnit":600000,"mTotalActiveTime":0.0,"mWalkStepCount":0},{"mCalorie":0.0,"mDistance":0.0,"mNowHealthyStep":0,"mRunStepCount":0,"mSpeed":0.0,"mStartTime":1596850800000,"mStepCount":0,"mTimeUnit":600000,"mTotalActiveTime":0.0,"mWalkStepCount":0},{"mCalorie":0.0,"mDistance":0.0,"mNowHealthyStep":0,"mRunStepCount":0,"mSpeed":0.0,"mStartTime":1596851400000,"mStepCount":0,"mTimeUnit":600000,"mTotalActiveTime":0.0,"mWalkStepCount":0},{"mCalorie":0.0,"mDistance":0.0,"mNowHealthyStep":0,"mRunStepCount":0,"mSpeed":0.0,"mStartTime":1596852000000,"mStepCount":0,"mTimeUnit":600000,"mTotalActiveTime":0.0,"mWalkStepCount":0},{"mCalorie":0.0,"mDistance":0.0,"mNowHealthyStep":0,"mRunStepCount":0,"mSpeed":0.0,"mStartTime":1596852600000,"mStepCount":0,"mTimeUnit":600000,"mTotalActiveTime":0.0,"mWalkStepCount":0},{"mCalorie":0.0,"mDistance":0.0,"mNowHealthyStep":0,"mRunStepCount":0,"mSpeed":0.0,"mStartTime":1596853200000,"mStepCount":0,"mTimeUnit":600000,"mTotalActiveTime":0.0,"mWalkStepCount":0},{"mCalorie":0.0,"mDistance":0.0,"mNowHealthyStep":0,"mRunStepCount":0,"mSpeed":0.0,"mStartTime":1596853800000,"mStepCount":0,"mTimeUnit":600000,"mTotalActiveTime":0.0,"mWalkStepCount":0},{"mCalorie":0.0,"mDistance":0.0,"mNowHealthyStep":0,"mRunStepCount":0,"mSpeed":0.0,"mStartTime":1596854400000,"mStepCount":0,"mTimeUnit":600000,"mTotalActiveTime":0.0,"mWalkStepCount":0},{"mCalorie":0.0,"mDistance":0.0,"mNowHealthyStep":0,"mRunStepCount":0,"mSpeed":0.0,"mStartTime":1596855000000,"mStepCount":0,"mTimeUnit":600000,"mTotalActiveTime":0.0,"mWalkStepCount":0},{"mCalorie":0.39,"mDistance":8.2,"mNowHealthyStep":0,"mRunStepCount":0,"mSpeed":6.199999809265137,"mStartTime":1596855600000,"mStepCount":10,"mTimeUnit":600000,"mTotalActiveTime":4761.290469055497,"mWalkStepCount":10},{"mCalorie":0.0,"mDistance":0.0,"mNowHealthyStep":0,"mRunStepCount":0,"mSpeed":0.0,"mStartTime":1596856200000,"mStepCount":0,"mTimeUnit":600000,"mTotalActiveTime":0.0,"mWalkStepCount":0},{"mCalorie":0.0,"mDistance":0.0,"mNowHealthyStep":0,"mRunStepCount":0,"mSpeed":0.0,"mStartTime":1596856800000,"mStepCount":0,"mTimeUnit":600000,"mTotalActiveTime":0.0,"mWalkStepCount":0},{"mCalorie":0.0,"mDistance":0.0,"mNowHealthyStep":0,"mRunStepCount":0,"mSpeed":0.0,"mStartTime":1596857400000,"mStepCount":0,"mTimeUnit":600000,"mTotalActiveTime":0.0,"mWalkStepCount":0},{"mCalorie":0.0,"mDistance":0.0,"mNowHealthyStep":0,"mRunStepCount":0,"mSpeed":0.0,"mStartTime":1596858000000,"mStepCount":0,"mTimeUnit":600000,"mTotalActiveTime":0.0,"mWalkStepCount":0},{"mCalorie":0.0,"mDistance":0.0,"mNowHealthyStep":0,"mRunStepCount":0,"mSpeed":0.0,"mStartTime":1596858600000,"mStepCount":0,"mTimeUnit":600000,"mTotalActiveTime":0.0,"mWalkStepCount":0},{"mCalorie":0.0,"mDistance":0.0,"mNowHealthyStep":0,"mRunStepCount":0,"mSpeed":0.0,"mStartTime":1596859200000,"mStepCount":0,"mTimeUnit":600000,"mTotalActiveTime":0.0,"mWalkStepCount":0},{"mCalorie":0.0,"mDistance":0.0,"mNowHealthyStep":0,"mRunStepCount":0,"mSpeed":0.0,"mStartTime":1596859800000,"mStepCount":0,"mTimeUnit":600000,"mTotalActiveTime":0.0,"mWalkStepCount":0},{"mCalorie":0.0,"mDistance":0.0,"mNowHealthyStep":0,"mRunStepCount":0,"mSpeed":0.0,"mStartTime":1596860400000,"mStepCount":0,"mTimeUnit":600000,"mTotalActiveTime":0.0,"mWalkStepCount":0},{"mCalorie":0.0,"mDistance":0.0,"mNowHealthyStep":0,"mRunStepCount":0,"mSpeed":0.0,"mStartTime":1596861000000,"mStepCount":0,"mTimeUnit":600000,"mTotalActiveTime":0.0,"mWalkStepCount":0},{"mCalorie":0.0,"mDistance":0.0,"mNowHealthyStep":0,"mRunStepCount":0,"mSpeed":0.0,"mStartTime":1596861600000,"mStepCount":0,"mTimeUnit":600000,"mTotalActiveTime":0.0,"mWalkStepCount":0},{"mCalorie":0.0,"mDistance":0.0,"mNowHealthyStep":0,"mRunStepCount":0,"mSpeed":0.0,"mStartTime":1596862200000,"mStepCount":0,"mTimeUnit":600000,"mTotalActiveTime":0.0,"mWalkStepCount":0},{"mCalorie":0.0,"mDistance":0.0,"mNowHealthyStep":0,"mRunStepCount":0,"mSpeed":0.0,"mStartTime":1596862800000,"mStepCount":0,"mTimeUnit":600000,"mTotalActiveTime":0.0,"mWalkStepCount":0},{"mCalorie":0.0,"mDistance":0.0,"mNowHealthyStep":0,"mRunStepCount":0,"mSpeed":0.0,"mStartTime":1596863400000,"mStepCount":0,"mTimeUnit":600000,"mTotalActiveTime":0.0,"mWalkStepCount":0},{"mCalorie":0.0,"mDistance":0.0,"mNowHealthyStep":0,"mRunStepCount":0,"mSpeed":0.0,"mStartTime":1596864000000,"mStepCount":0,"mTimeUnit":600000,"mTotalActiveTime":0.0,"mWalkStepCount":0},{"mCalorie":0.0,"mDistance":0.0,"mNowHealthyStep":0,"mRunStepCount":0,"mSpeed":0.0,"mStartTime":1596864600000,"mStepCount":0,"mTimeUnit":600000,"mTotalActiveTime":0.0,"mWalkStepCount":0},{"mCalorie":0.0,"mDistance":0.0,"mNowHealthyStep":0,"mRunStepCount":0,"mSpeed":0.0,"mStartTime":1596865200000,"mStepCount":0,"mTimeUnit":600000,"mTotalActiveTime":0.0,"mWalkStepCount":0},{"mCalorie":0.0,"mDistance":0.0,"mNowHealthyStep":0,"mRunStepCount":0,"mSpeed":0.0,"mStartTime":1596865800000,"mStepCount":0,"mTimeUnit":600000,"mTotalActiveTime":0.0,"mWalkStepCount":0},{"mCalorie":0.0,"mDistance":0.0,"mNowHealthyStep":0,"mRunStepCount":0,"mSpeed":0.0,"mStartTime":1596866400000,"mStepCount":0,"mTimeUnit":600000,"mTotalActiveTime":0.0,"mWalkStepCount":0},{"mCalorie":0.0,"mDistance":0.0,"mNowHealthyStep":0,"mRunStepCount":0,"mSpeed":0.0,"mStartTime":1596867000000,"mStepCount":0,"mTimeUnit":600000,"mTotalActiveTime":0.0,"mWalkStepCount":0},{"mCalorie":0.0,"mDistance":0.0,"mNowHealthyStep":0,"mRunStepCount":0,"mSpeed":0.0,"mStartTime":1596867600000,"mStepCount":0,"mTimeUnit":600000,"mTotalActiveTime":0.0,"mWalkStepCount":0},{"mCalorie":0.0,"mDistance":0.0,"mNowHealthyStep":0,"mRunStepCount":0,"mSpeed":0.0,"mStartTime":1596868200000,"mStepCount":0,"mTimeUnit":600000,"mTotalActiveTime":0.0,"mWalkStepCount":0},{"mCalorie":0.0,"mDistance":0.0,"mNowHealthyStep":0,"mRunStepCount":0,"mSpeed":0.0,"mStartTime":1596868800000,"mStepCount":0,"mTimeUnit":600000,"mTotalActiveTime":0.0,"mWalkStepCount":0},{"mCalorie":0.0,"mDistance":0.0,"mNowHealthyStep":0,"mRunStepCount":0,"mSpeed":0.0,"mStartTime":1596869400000,"mStepCount":0,"mTimeUnit":600000,"mTotalActiveTime":0.0,"mWalkStepCount":0},{"mCalorie":0.0,"mDistance":0.0,"mNowHealthyStep":0,"mRunStepCount":0,"mSpeed":0.0,"mStartTime":1596870000000,"mStepCount":0,"mTimeUnit":600000,"mTotalActiveTime":0.0,"mWalkStepCount":0},{"mCalorie":0.0,"mDistance":0.0,"mNowHealthyStep":0,"mRunStepCount":0,"mSpeed":0.0,"mStartTime":1596870600000,"mStepCount":0,"mTimeUnit":600000,"mTotalActiveTime":0.0,"mWalkStepCount":0},{"mCalorie":0.0,"mDistance":0.0,"mNowHealthyStep":0,"mRunStepCount":0,"mSpeed":0.0,"mStartTime":1596871200000,"mStepCount":0,"mTimeUnit":600000,"mTotalActiveTime":0.0,"mWalkStepCount":0},{"mCalorie":0.0,"mDistance":0.0,"mNowHealthyStep":0,"mRunStepCount":0,"mSpeed":0.0,"mStartTime":1596871800000,"mStepCount":0,"mTimeUnit":600000,"mTotalActiveTime":0.0,"mWalkStepCount":0},{"mCalorie":0.0,"mDistance":0.0,"mNowHealthyStep":0,"mRunStepCount":0,"mSpeed":0.0,"mStartTime":1596872400000,"mStepCount":0,"mTimeUnit":600000,"mTotalActiveTime":0.0,"mWalkStepCount":0},{"mCalorie":0.0,"mDistance":0.0,"mNowHealthyStep":0,"mRunStepCount":0,"mSpeed":0.0,"mStartTime":1596873000000,"mStepCount":0,"mTimeUnit":600000,"mTotalActiveTime":0.0,"mWalkStepCount":0},{"mCalorie":0.0,"mDistance":0.0,"mNowHealthyStep":0,"mRunStepCount":0,"mSpeed":0.0,"mStartTime":1596873600000,"mStepCount":0,"mTimeUnit":600000,"mTotalActiveTime":0.0,"mWalkStepCount":0},{"mCalorie":0.0,"mDistance":0.0,"mNowHealthyStep":0,"mRunStepCount":0,"mSpeed":0.0,"mStartTime":1596874200000,"mStepCount":0,"mTimeUnit":600000,"mTotalActiveTime":0.0,"mWalkStepCount":0},{"mCalorie":0.0,"mDistance":0.0,"mNowHealthyStep":0,"mRunStepCount":0,"mSpeed":0.0,"mStartTime":1596874800000,"mStepCount":0,"mTimeUnit":600000,"mTotalActiveTime":0.0,"mWalkStepCount":0},{"mCalorie":0.0,"mDistance":0.0,"mNowHealthyStep":0,"mRunStepCount":0,"mSpeed":0.0,"mStartTime":1596875400000,"mStepCount":0,"mTimeUnit":600000,"mTotalActiveTime":0.0,"mWalkStepCount":0},{"mCalorie":0.0,"mDistance":0.0,"mNowHealthyStep":0,"mRunStepCount":0,"mSpeed":0.0,"mStartTime":1596876000000,"mStepCount":0,"mTimeUnit":600000,"mTotalActiveTime":0.0,"mWalkStepCount":0},{"mCalorie":1.6500001549720764,"mDistance":31.599992752075195,"mNowHealthyStep":0,"mRunStepCount":0,"mSpeed":4.19426965713501,"mStartTime":1596876600000,"mStepCount":43,"mTimeUnit":600000,"mTotalActiveTime":27122.71238264734,"mWalkStepCount":43},{"mCalorie":0.0,"mDistance":0.0,"mNowHealthyStep":0,"mRunStepCount":0,"mSpeed":0.0,"mStartTime":1596877200000,"mStepCount":0,"mTimeUnit":600000,"mTotalActiveTime":0.0,"mWalkStepCount":0},{"mCalorie":0.0,"mDistance":0.0,"mNowHealthyStep":0,"mRunStepCount":0,"mSpeed":0.0,"mStartTime":1596877800000,"mStepCount":0,"mTimeUnit":600000,"mTotalActiveTime":0.0,"mWalkStepCount":0},{"mCalorie":0.0,"mDistance":0.0,"mNowHealthyStep":0,"mRunStepCount":0,"mSpeed":0.0,"mStartTime":1596878400000,"mStepCount":0,"mTimeUnit":600000,"mTotalActiveTime":0.0,"mWalkStepCount":0},{"mCalorie":0.0,"mDistance":0.0,"mNowHealthyStep":0,"mRunStepCount":0,"mSpeed":0.0,"mStartTime":1596879000000,"mStepCount":0,"mTimeUnit":600000,"mTotalActiveTime":0.0,"mWalkStepCount":0},{"mCalorie":0.0,"mDistance":0.0,"mNowHealthyStep":0,"mRunStepCount":0,"mSpeed":0.0,"mStartTime":1596879600000,"mStepCount":0,"mTimeUnit":600000,"mTotalActiveTime":0.0,"mWalkStepCount":0},{"mCalorie":0.0,"mDistance":0.0,"mNowHealthyStep":0,"mRunStepCount":0,"mSpeed":0.0,"mStartTime":1596880200000,"mStepCount":0,"mTimeUnit":600000,"mTotalActiveTime":0.0,"mWalkStepCount":0},{"mCalorie":0.0,"mDistance":0.0,"mNowHealthyStep":0,"mRunStepCount":0,"mSpeed":0.0,"mStartTime":1596880800000,"mStepCount":0,"mTimeUnit":600000,"mTotalActiveTime":0.0,"mWalkStepCount":0},{"mCalorie":0.0,"mDistance":0.0,"mNowHealthyStep":0,"mRunStepCount":0,"mSpeed":0.0,"mStartTime":1596881400000,"mStepCount":0,"mTimeUnit":600000,"mTotalActiveTime":0.0,"mWalkStepCount":0},{"mCalorie":0.0,"mDistance":0.0,"mNowHealthyStep":0,"mRunStepCount":0,"mSpeed":0.0,"mStartTime":1596882000000,"mStepCount":0,"mTimeUnit":600000,"mTotalActiveTime":0.0,"mWalkStepCount":0},{"mCalorie":0.0,"mDistance":0.0,"mNowHealthyStep":0,"mRunStepCount":0,"mSpeed":0.0,"mStartTime":1596882600000,"mStepCount":0,"mTimeUnit":600000,"mTotalActiveTime":0.0,"mWalkStepCount":0},{"mCalorie":5.300000011920929,"mDistance":99.82999877929687,"mNowHealthyStep":0,"mRunStepCount":0,"mSpeed":4.361211776733398,"mStartTime":1596883200000,"mStepCount":145,"mTimeUnit":600000,"mTotalActiveTime":82405.53552468085,"mWalkStepCount":145},{"mCalorie":5.399998459815979,"mDistance":99.45001850128173,"mNowHealthyStep":0,"mRunStepCount":0,"mSpeed":4.627811431884766,"mStartTime":1596883800000,"mStepCount":141,"mTimeUnit":600000,"mTotalActiveTime":77362.71448782444,"mWalkStepCount":141},{"mCalorie":22.85999913454056,"mDistance":447.0200029754639,"mNowHealthyStep":0,"mRunStepCount":0,"mSpeed":4.5449700355529785,"mStartTime":1596884400000,"mStepCount":604,"mTimeUnit":600000,"mTotalActiveTime":354077.58186700486,"mWalkStepCount":604},{"mCalorie":2.4200000035762788,"mDistance":49.149999942779544,"mNowHealthyStep":0,"mRunStepCount":0,"mSpeed":4.037997245788574,"mStartTime":1596885000000,"mStepCount":68,"mTimeUnit":600000,"mTotalActiveTime":43818.751497415105,"mWalkStepCount":68},{"mCalorie":0.0,"mDistance":0.0,"mNowHealthyStep":0,"mRunStepCount":0,"mSpeed":0.0,"mStartTime":1596885600000,"mStepCount":0,"mTimeUnit":600000,"mTotalActiveTime":0.0,"mWalkStepCount":0},{"mCalorie":1.0,"mDistance":20.510000228881836,"mNowHealthyStep":0,"mRunStepCount":0,"mSpeed":4.400000095367432,"mStartTime":1596886200000,"mStepCount":27,"mTimeUnit":600000,"mTotalActiveTime":16780.90891445964,"mWalkStepCount":27},{"mCalorie":0.0,"mDistance":0.0,"mNowHealthyStep":0,"mRunStepCount":0,"mSpeed":0.0,"mStartTime":1596886800000,"mStepCount":0,"mTimeUnit":600000,"mTotalActiveTime":0.0,"mWalkStepCount":0},{"mCalorie":15.969999113082887,"mDistance":301.6699816131593,"mNowHealthyStep":0,"mRunStepCount":0,"mSpeed":3.875727653503418,"mStartTime":1596887400000,"mStepCount":416,"mTimeUnit":600000,"mTotalActiveTime":280208.51948995923,"mWalkStepCount":416},{"mCalorie":14.259999432563783,"mDistance":278.4700020599365,"mNowHealthyStep":0,"mRunStepCount":0,"mSpeed":3.8739519119262695,"mStartTime":1596888000000,"mStepCount":384,"mTimeUnit":600000,"mTotalActiveTime":258777.6000296345,"mWalkStepCount":384},{"mCalorie":7.279999952316285,"mDistance":142.67999977111816,"mNowHealthyStep":0,"mRunStepCount":0,"mSpeed":3.960219383239746,"mStartTime":1596888600000,"mStepCount":197,"mTimeUnit":600000,"mTotalActiveTime":129701.90701752176,"mWalkStepCount":197},{"mCalorie":0.0,"mDistance":0.0,"mNowHealthyStep":0,"mRunStepCount":0,"mSpeed":0.0,"mStartTime":1596889200000,"mStepCount":0,"mTimeUnit":600000,"mTotalActiveTime":0.0,"mWalkStepCount":0},{"mCalorie":9.119999980926522,"mDistance":180.99000030517593,"mNowHealthyStep":0,"mRunStepCount":0,"mSpeed":4.413111209869385,"mStartTime":1596889800000,"mStepCount":247,"mTimeUnit":600000,"mTotalActiveTime":147642.7709252933,"mWalkStepCount":247},{"mCalorie":23.439999918937684,"mDistance":428.91999488830567,"mNowHealthyStep":0,"mRunStepCount":0,"mSpeed":4.796599388122559,"mStartTime":1596890400000,"mStepCount":593,"mTimeUnit":600000,"mTotalActiveTime":321918.07376930414,"mWalkStepCount":593},{"mCalorie":2.710000033378601,"mDistance":52.65000034332275,"mNowHealthyStep":0,"mRunStepCount":0,"mSpeed":4.13936185836792,"mStartTime":1596891000000,"mStepCount":72,"mTimeUnit":600000,"mTotalActiveTime":45789.66443269298,"mWalkStepCount":72},{"mCalorie":0.0,"mDistance":0.0,"mNowHealthyStep":0,"mRunStepCount":0,"mSpeed":0.0,"mStartTime":1596891600000,"mStepCount":0,"mTimeUnit":600000,"mTotalActiveTime":0.0,"mWalkStepCount":0},{"mCalorie":1.9899999737739562,"mDistance":42.51000114440918,"mNowHealthyStep":0,"mRunStepCount":0,"mSpeed":4.825015068054199,"mStartTime":1596892200000,"mStepCount":56,"mTimeUnit":600000,"mTotalActiveTime":31717.20597325152,"mWalkStepCount":56},{"mCalorie":7.640000152587891,"mDistance":142.59999908447276,"mNowHealthyStep":0,"mRunStepCount":0,"mSpeed":4.6565260887146,"mStartTime":1596892800000,"mStepCount":213,"mTimeUnit":600000,"mTotalActiveTime":110245.27669271005,"mWalkStepCount":213},{"mCalorie":0.3999999999999915,"mDistance":6.819999999999936,"mNowHealthyStep":0,"mRunStepCount":0,"mSpeed":3.700000047683716,"mStartTime":1596893400000,"mStepCount":10,"mTimeUnit":600000,"mTotalActiveTime":6635.675590158406,"mWalkStepCount":10},{"mCalorie":12.53000030875206,"mDistance":242.5199997329712,"mNowHealthyStep":0,"mRunStepCount":4,"mSpeed":4.421928405761719,"mStartTime":1596894000000,"mStepCount":325,"mTimeUnit":600000,"mTotalActiveTime":197441.4621704555,"mWalkStepCount":321},{"mCalorie":11.689999943971634,"mDistance":221.6700003051758,"mNowHealthyStep":0,"mRunStepCount":0,"mSpeed":4.136000633239746,"mStartTime":1596894600000,"mStepCount":304,"mTimeUnit":600000,"mTotalActiveTime":192942.91408155498,"mWalkStepCount":304},{"mCalorie":10.820000047683715,"mDistance":206.31000471115112,"mNowHealthyStep":0,"mRunStepCount":0,"mSpeed":4.176104545593262,"mStartTime":1596895200000,"mStepCount":281,"mTimeUnit":600000,"mTotalActiveTime":177849.0082247773,"mWalkStepCount":281},{"mCalorie":18.82999863624573,"mDistance":344.7699992370606,"mNowHealthyStep":0,"mRunStepCount":0,"mSpeed":4.454245090484619,"mStartTime":1596895800000,"mStepCount":470,"mTimeUnit":600000,"mTotalActiveTime":278649.2321305864,"mWalkStepCount":470},{"mCalorie":2.14,"mDistance":38.760000228881836,"mNowHealthyStep":0,"mRunStepCount":0,"mSpeed":3.2986950874328613,"mStartTime":1596896400000,"mStepCount":55,"mTimeUnit":600000,"mTotalActiveTime":42300.36241653604,"mWalkStepCount":55},{"mCalorie":1.3100000023841858,"mDistance":24.22000026702881,"mNowHealthyStep":0,"mRunStepCount":0,"mSpeed":3.414607524871826,"mStartTime":1596897000000,"mStepCount":34,"mTimeUnit":600000,"mTotalActiveTime":25534.99960350496,"mWalkStepCount":34},{"mCalorie":6.770000159740448,"mDistance":124.32999801635742,"mNowHealthyStep":0,"mRunStepCount":0,"mSpeed":3.775707721710205,"mStartTime":1596897600000,"mStepCount":170,"mTimeUnit":600000,"mTotalActiveTime":118544.12832880815,"mWalkStepCount":170},{"mCalorie":0.65,"mDistance":13.4,"mNowHealthyStep":0,"mRunStepCount":0,"mSpeed":3.6000001430511475,"mStartTime":1596898200000,"mStepCount":19,"mTimeUnit":600000,"mTotalActiveTime":13399.99946753186,"mWalkStepCount":19},{"mCalorie":0.38,"mDistance":8.42,"mNowHealthyStep":0,"mRunStepCount":0,"mSpeed":4.999999523162842,"mStartTime":1596898800000,"mStepCount":11,"mTimeUnit":600000,"mTotalActiveTime":6062.4005781555725,"mWalkStepCount":11},{"mCalorie":2.6100000286102296,"mDistance":49.27999977111816,"mNowHealthyStep":0,"mRunStepCount":0,"mSpeed":4.198155403137207,"mStartTime":1596899400000,"mStepCount":66,"mTimeUnit":600000,"mTotalActiveTime":42258.55958469374,"mWalkStepCount":66},{"mCalorie":2.169999955892563,"mDistance":43.380000076293946,"mNowHealthyStep":0,"mRunStepCount":0,"mSpeed":4.301541805267334,"mStartTime":1596900000000,"mStepCount":58,"mTimeUnit":600000,"mTotalActiveTime":36305.123497493885,"mWalkStepCount":58},{"mCalorie":2.26,"mDistance":36.790000000000006,"mNowHealthyStep":0,"mRunStepCount":2,"mSpeed":5.170269966125488,"mStartTime":1596900600000,"mStepCount":48,"mTimeUnit":600000,"mTotalActiveTime":25616.458268273735,"mWalkStepCount":46},{"mCalorie":0.0,"mDistance":0.0,"mNowHealthyStep":0,"mRunStepCount":0,"mSpeed":0.0,"mStartTime":1596901200000,"mStepCount":0,"mTimeUnit":600000,"mTotalActiveTime":0.0,"mWalkStepCount":0},{"mCalorie":2.21,"mDistance":43.47,"mNowHealthyStep":0,"mRunStepCount":0,"mSpeed":5.14447021484375,"mStartTime":1596901800000,"mStepCount":57,"mTimeUnit":600000,"mTotalActiveTime":30419.457705549325,"mWalkStepCount":57},{"mCalorie":0.0,"mDistance":0.0,"mNowHealthyStep":0,"mRunStepCount":0,"mSpeed":0.0,"mStartTime":1596902400000,"mStepCount":0,"mTimeUnit":600000,"mTotalActiveTime":0.0,"mWalkStepCount":0},{"mCalorie":0.0,"mDistance":0.0,"mNowHealthyStep":0,"mRunStepCount":0,"mSpeed":0.0,"mStartTime":1596903000000,"mStepCount":0,"mTimeUnit":600000,"mTotalActiveTime":0.0,"mWalkStepCount":0},{"mCalorie":0.0,"mDistance":0.0,"mNowHealthyStep":0,"mRunStepCount":0,"mSpeed":0.0,"mStartTime":1596903600000,"mStepCount":0,"mTimeUnit":600000,"mTotalActiveTime":0.0,"mWalkStepCount":0},{"mCalorie":0.52,"mDistance":9.64,"mNowHealthyStep":0,"mRunStepCount":0,"mSpeed":3.200000047683716,"mStartTime":1596904200000,"mStepCount":14,"mTimeUnit":600000,"mTotalActiveTime":10844.999838396909,"mWalkStepCount":14},{"mCalorie":0.36,"mDistance":7.1,"mNowHealthyStep":0,"mRunStepCount":0,"mSpeed":4.199999809265137,"mStartTime":1596904800000,"mStepCount":10,"mTimeUnit":600000,"mTotalActiveTime":6085.714562085223,"mWalkStepCount":10},{"mCalorie":0.35,"mDistance":7.63,"mNowHealthyStep":0,"mRunStepCount":0,"mSpeed":5.400000095367432,"mStartTime":1596905400000,"mStepCount":10,"mTimeUnit":600000,"mTotalActiveTime":5086.666576832902,"mWalkStepCount":10},{"mCalorie":0.46,"mDistance":8.6,"mNowHealthyStep":0,"mRunStepCount":0,"mSpeed":4.099999904632568,"mStartTime":1596906000000,"mStepCount":12,"mTimeUnit":600000,"mTotalActiveTime":7551.219687839129,"mWalkStepCount":12},{"mCalorie":0.0,"mDistance":0.0,"mNowHealthyStep":0,"mRunStepCount":0,"mSpeed":0.0,"mStartTime":1596906600000,"mStepCount":0,"mTimeUnit":600000,"mTotalActiveTime":0.0,"mWalkStepCount":0},{"mCalorie":4.149999999999993,"mDistance":78.12999999999988,"mNowHealthyStep":0,"mRunStepCount":14,"mSpeed":5.728163719177246,"mStartTime":1596907200000,"mStepCount":98,"mTimeUnit":600000,"mTotalActiveTime":49102.64863165397,"mWalkStepCount":84},{"mCalorie":1.53,"mDistance":31.369999999999997,"mNowHealthyStep":0,"mRunStepCount":0,"mSpeed":4.665955066680908,"mStartTime":1596907800000,"mStepCount":42,"mTimeUnit":600000,"mTotalActiveTime":24203.40597563915,"mWalkStepCount":42},{"mCalorie":11.940000000000001,"mDistance":245.02000000000004,"mNowHealthyStep":0,"mRunStepCount":1,"mSpeed":4.631137371063232,"mStartTime":1596908400000,"mStepCount":328,"mTimeUnit":600000,"mTotalActiveTime":190465.52039380878,"mWalkStepCount":327},{"mCalorie":2.8900000000000023,"mDistance":61.290000000000205,"mNowHealthyStep":0,"mRunStepCount":0,"mSpeed":5.017162322998047,"mStartTime":1596909000000,"mStepCount":80,"mTimeUnit":600000,"mTotalActiveTime":43977.84620942539,"mWalkStepCount":80},{"mCalorie":0.4,"mDistance":7.84,"mNowHealthyStep":0,"mRunStepCount":0,"mSpeed":4.199999809265137,"mStartTime":1596909600000,"mStepCount":11,"mTimeUnit":600000,"mTotalActiveTime":6720.000305175796,"mWalkStepCount":11},{"mCalorie":1.4699999999999762,"mDistance":31.219999999999764,"mNowHealthyStep":0,"mRunStepCount":0,"mSpeed":5.111243724822998,"mStartTime":1596910200000,"mStepCount":41,"mTimeUnit":600000,"mTotalActiveTime":21989.16867349709,"mWalkStepCount":41},{"mCalorie":8.389999999999997,"mDistance":154.03999999999957,"mNowHealthyStep":0,"mRunStepCount":19,"mSpeed":5.142368793487549,"mStartTime":1596910800000,"mStepCount":199,"mTimeUnit":600000,"mTotalActiveTime":107838.24193421863,"mWalkStepCount":180},{"mCalorie":13.840000000000025,"mDistance":283.59999999999945,"mNowHealthyStep":0,"mRunStepCount":13,"mSpeed":4.983126640319824,"mStartTime":1596911400000,"mStepCount":374,"mTimeUnit":600000,"mTotalActiveTime":204883.42017255508,"mWalkStepCount":361},{"mCalorie":3.74,"mDistance":77.76,"mNowHealthyStep":0,"mRunStepCount":0,"mSpeed":4.545556545257568,"mStartTime":1596912000000,"mStepCount":106,"mTimeUnit":600000,"mTotalActiveTime":61584.536489087084,"mWalkStepCount":106},{"mCalorie":0.0,"mDistance":0.0,"mNowHealthyStep":0,"mRunStepCount":0,"mSpeed":0.0,"mStartTime":1596912600000,"mStepCount":0,"mTimeUnit":600000,"mTotalActiveTime":0.0,"mWalkStepCount":0},{"mCalorie":0.48,"mDistance":9.03,"mNowHealthyStep":0,"mRunStepCount":0,"mSpeed":3.700000047683716,"mStartTime":1596913200000,"mStepCount":13,"mTimeUnit":600000,"mTotalActiveTime":8785.94583271715,"mWalkStepCount":13},{"mCalorie":9.700000000000014,"mDistance":170.95999999999992,"mNowHealthyStep":0,"mRunStepCount":0,"mSpeed":4.855759143829346,"mStartTime":1596913800000,"mStepCount":241,"mTimeUnit":600000,"mTotalActiveTime":126747.63240380709,"mWalkStepCount":241},{"mCalorie":0.52,"mDistance":9.35,"mNowHealthyStep":0,"mRunStepCount":0,"mSpeed":4.400000095367432,"mStartTime":1596914400000,"mStepCount":13,"mTimeUnit":600000,"mTotalActiveTime":7649.9998341907185,"mWalkStepCount":13},{"mCalorie":0.0,"mDistance":0.0,"mNowHealthyStep":0,"mRunStepCount":0,"mSpeed":0.0,"mStartTime":1596915000000,"mStepCount":0,"mTimeUnit":600000,"mTotalActiveTime":0.0,"mWalkStepCount":0},{"mCalorie":0.0,"mDistance":0.0,"mNowHealthyStep":0,"mRunStepCount":0,"mSpeed":0.0,"mStartTime":1596915600000,"mStepCount":0,"mTimeUnit":600000,"mTotalActiveTime":0.0,"mWalkStepCount":0},{"mCalorie":2.0800000166893007,"mDistance":40.01000091552734,"mNowHealthyStep":0,"mRunStepCount":0,"mSpeed":3.690795660018921,"mStartTime":1596916200000,"mStepCount":58,"mTimeUnit":600000,"mTotalActiveTime":39025.731774921995,"mWalkStepCount":58},{"mCalorie":24.46999999999999,"mDistance":492.9000000000007,"mNowHealthyStep":0,"mRunStepCount":5,"mSpeed":4.4788641929626465,"mStartTime":1596916800000,"mStepCount":683,"mTimeUnit":600000,"mTotalActiveTime":396180.7877759604,"mWalkStepCount":678},{"mCalorie":2.08,"mDistance":36.96,"mNowHealthyStep":0,"mRunStepCount":0,"mSpeed":4.050939083099365,"mStartTime":1596917400000,"mStepCount":52,"mTimeUnit":600000,"mTotalActiveTime":32845.715936154826,"mWalkStepCount":52},{"mCalorie":1.12,"mDistance":25.93,"mNowHealthyStep":0,"mRunStepCount":0,"mSpeed":5.0743818283081055,"mStartTime":1596918000000,"mStepCount":34,"mTimeUnit":600000,"mTotalActiveTime":18395.934529475453,"mWalkStepCount":34},{"mCalorie":0.0,"mDistance":0.0,"mNowHealthyStep":0,"mRunStepCount":0,"mSpeed":0.0,"mStartTime":1596918600000,"mStepCount":0,"mTimeUnit":600000,"mTotalActiveTime":0.0,"mWalkStepCount":0},{"mCalorie":0.0,"mDistance":0.0,"mNowHealthyStep":0,"mRunStepCount":0,"mSpeed":0.0,"mStartTime":1596919200000,"mStepCount":0,"mTimeUnit":600000,"mTotalActiveTime":0.0,"mWalkStepCount":0},{"mCalorie":20.389999999999976,"mDistance":395.35899999999964,"mNowHealthyStep":0,"mRunStepCount":0,"mSpeed":4.509467124938965,"mStartTime":1596919800000,"mStepCount":559,"mTimeUnit":600000,"mTotalActiveTime":315623.1858613349,"mWalkStepCount":559},{"mCalorie":0.0,"mDistance":0.0,"mNowHealthyStep":0,"mRunStepCount":0,"mSpeed":0.0,"mStartTime":1596920400000,"mStepCount":0,"mTimeUnit":600000,"mTotalActiveTime":0.0,"mWalkStepCount":0},{"mCalorie":1.77,"mDistance":33.85,"mNowHealthyStep":0,"mRunStepCount":0,"mSpeed":3.697744607925415,"mStartTime":1596921000000,"mStepCount":48,"mTimeUnit":600000,"mTotalActiveTime":32955.222451586145,"mWalkStepCount":48},{"mCalorie":3.7800000000000864,"mDistance":78.8999999999995,"mNowHealthyStep":0,"mRunStepCount":8,"mSpeed":5.7769317626953125,"mStartTime":1596921600000,"mStepCount":100,"mTimeUnit":600000,"mTotalActiveTime":49167.96798091515,"mWalkStepCount":92},{"mCalorie":0.0,"mDistance":0.0,"mNowHealthyStep":0,"mRunStepCount":0,"mSpeed":0.0,"mStartTime":1596922200000,"mStepCount":0,"mTimeUnit":600000,"mTotalActiveTime":0.0,"mWalkStepCount":0},{"mCalorie":0.0,"mDistance":0.0,"mNowHealthyStep":0,"mRunStepCount":0,"mSpeed":0.0,"mStartTime":1596922800000,"mStepCount":0,"mTimeUnit":600000,"mTotalActiveTime":0.0,"mWalkStepCount":0},{"mCalorie":0.0,"mDistance":0.0,"mNowHealthyStep":0,"mRunStepCount":0,"mSpeed":0.0,"mStartTime":1596923400000,"mStepCount":0,"mTimeUnit":600000,"mTotalActiveTime":0.0,"mWalkStepCount":0}]