[{"mCalorie":0.0,"mDistance":0.0,"mNowHealthyStep":0,"mRunStepCount":0,"mSpeed":0.0,"mStartTime":1585436400000,"mStepCount":0,"mTimeUnit":600000,"mTotalActiveTime":0.0,"mWalkStepCount":0},{"mCalorie":0.0,"mDistance":0.0,"mNowHealthyStep":0,"mRunStepCount":0,"mSpeed":0.0,"mStartTime":1585437000000,"mStepCount":0,"mTimeUnit":600000,"mTotalActiveTime":0.0,"mWalkStepCount":0},{"mCalorie":0.0,"mDistance":0.0,"mNowHealthyStep":0,"mRunStepCount":0,"mSpeed":0.0,"mStartTime":1585437600000,"mStepCount":0,"mTimeUnit":600000,"mTotalActiveTime":0.0,"mWalkStepCount":0},{"mCalorie":1.62,"mDistance":27.810000000000002,"mNowHealthyStep":0,"mRunStepCount":1,"mSpeed":6.829921722412109,"mStartTime":1585438200000,"mStepCount":33,"mTimeUnit":600000,"mTotalActiveTime":14658.439834717385,"mWalkStepCount":32},{"mCalorie":0.0,"mDistance":0.0,"mNowHealthyStep":0,"mRunStepCount":0,"mSpeed":0.0,"mStartTime":1585438800000,"mStepCount":0,"mTimeUnit":600000,"mTotalActiveTime":0.0,"mWalkStepCount":0},{"mCalorie":0.0,"mDistance":0.0,"mNowHealthyStep":0,"mRunStepCount":0,"mSpeed":0.0,"mStartTime":1585439400000,"mStepCount":0,"mTimeUnit":600000,"mTotalActiveTime":0.0,"mWalkStepCount":0},{"mCalorie":0.0,"mDistance":0.0,"mNowHealthyStep":0,"mRunStepCount":0,"mSpeed":0.0,"mStartTime":1585440000000,"mStepCount":0,"mTimeUnit":600000,"mTotalActiveTime":0.0,"mWalkStepCount":0},{"mCalorie":0.0,"mDistance":0.0,"mNowHealthyStep":0,"mRunStepCount":0,"mSpeed":0.0,"mStartTime":1585440600000,"mStepCount":0,"mTimeUnit":600000,"mTotalActiveTime":0.0,"mWalkStepCount":0},{"mCalorie":0.0,"mDistance":0.0,"mNowHealthyStep":0,"mRunStepCount":0,"mSpeed":0.0,"mStartTime":1585441200000,"mStepCount":0,"mTimeUnit":600000,"mTotalActiveTime":0.0,"mWalkStepCount":0},{"mCalorie":0.0,"mDistance":0.0,"mNowHealthyStep":0,"mRunStepCount":0,"mSpeed":0.0,"mStartTime":1585441800000,"mStepCount":0,"mTimeUnit":600000,"mTotalActiveTime":0.0,"mWalkStepCount":0},{"mCalorie":0.36000000000001364,"mDistance":5.5,"mNowHealthyStep":0,"mRunStepCount":0,"mSpeed":5.299999713897705,"mStartTime":1585442400000,"mStepCount":7,"mTimeUnit":600000,"mTotalActiveTime":3735.8492582707636,"mWalkStepCount":7},{"mCalorie":0.0,"mDistance":0.0,"mNowHealthyStep":0,"mRunStepCount":0,"mSpeed":0.0,"mStartTime":1585443000000,"mStepCount":0,"mTimeUnit":600000,"mTotalActiveTime":0.0,"mWalkStepCount":0},{"mCalorie":0.0,"mDistance":0.0,"mNowHealthyStep":0,"mRunStepCount":0,"mSpeed":0.0,"mStartTime":1585443600000,"mStepCount":0,"mTimeUnit":600000,"mTotalActiveTime":0.0,"mWalkStepCount":0},{"mCalorie":0.0,"mDistance":0.0,"mNowHealthyStep":0,"mRunStepCount":0,"mSpeed":0.0,"mStartTime":1585444200000,"mStepCount":0,"mTimeUnit":600000,"mTotalActiveTime":0.0,"mWalkStepCount":0},{"mCalorie":0.0,"mDistance":0.0,"mNowHealthyStep":0,"mRunStepCount":0,"mSpeed":0.0,"mStartTime":1585444800000,"mStepCount":0,"mTimeUnit":600000,"mTotalActiveTime":0.0,"mWalkStepCount":0},{"mCalorie":0.0,"mDistance":0.0,"mNowHealthyStep":0,"mRunStepCount":0,"mSpeed":0.0,"mStartTime":1585445400000,"mStepCount":0,"mTimeUnit":600000,"mTotalActiveTime":0.0,"mWalkStepCount":0},{"mCalorie":0.0,"mDistance":0.0,"mNowHealthyStep":0,"mRunStepCount":0,"mSpeed":0.0,"mStartTime":1585446000000,"mStepCount":0,"mTimeUnit":600000,"mTotalActiveTime":0.0,"mWalkStepCount":0},{"mCalorie":0.0,"mDistance":0.0,"mNowHealthyStep":0,"mRunStepCount":0,"mSpeed":0.0,"mStartTime":1585446600000,"mStepCount":0,"mTimeUnit":600000,"mTotalActiveTime":0.0,"mWalkStepCount":0},{"mCalorie":0.0,"mDistance":0.0,"mNowHealthyStep":0,"mRunStepCount":0,"mSpeed":0.0,"mStartTime":1585447200000,"mStepCount":0,"mTimeUnit":600000,"mTotalActiveTime":0.0,"mWalkStepCount":0},{"mCalorie":0.0,"mDistance":0.0,"mNowHealthyStep":0,"mRunStepCount":0,"mSpeed":0.0,"mStartTime":1585447800000,"mStepCount":0,"mTimeUnit":600000,"mTotalActiveTime":0.0,"mWalkStepCount":0},{"mCalorie":0.0,"mDistance":0.0,"mNowHealthyStep":0,"mRunStepCount":0,"mSpeed":0.0,"mStartTime":1585448400000,"mStepCount":0,"mTimeUnit":600000,"mTotalActiveTime":0.0,"mWalkStepCount":0},{"mCalorie":0.0,"mDistance":0.0,"mNowHealthyStep":0,"mRunStepCount":0,"mSpeed":0.0,"mStartTime":1585449000000,"mStepCount":0,"mTimeUnit":600000,"mTotalActiveTime":0.0,"mWalkStepCount":0},{"mCalorie":0.0,"mDistance":0.0,"mNowHealthyStep":0,"mRunStepCount":0,"mSpeed":0.0,"mStartTime":1585449600000,"mStepCount":0,"mTimeUnit":600000,"mTotalActiveTime":0.0,"mWalkStepCount":0},{"mCalorie":0.7,"mDistance":10.08,"mNowHealthyStep":0,"mRunStepCount":1,"mSpeed":8.5,"mStartTime":1585450200000,"mStepCount":11,"mTimeUnit":600000,"mTotalActiveTime":4269.176470588235,"mWalkStepCount":10},{"mCalorie":0.0,"mDistance":0.0,"mNowHealthyStep":0,"mRunStepCount":0,"mSpeed":0.0,"mStartTime":1585450800000,"mStepCount":0,"mTimeUnit":600000,"mTotalActiveTime":0.0,"mWalkStepCount":0},{"mCalorie":0.0,"mDistance":0.0,"mNowHealthyStep":0,"mRunStepCount":0,"mSpeed":0.0,"mStartTime":1585451400000,"mStepCount":0,"mTimeUnit":600000,"mTotalActiveTime":0.0,"mWalkStepCount":0},{"mCalorie":0.0,"mDistance":0.0,"mNowHealthyStep":0,"mRunStepCount":0,"mSpeed":0.0,"mStartTime":1585452000000,"mStepCount":0,"mTimeUnit":600000,"mTotalActiveTime":0.0,"mWalkStepCount":0},{"mCalorie":0.0,"mDistance":0.0,"mNowHealthyStep":0,"mRunStepCount":0,"mSpeed":0.0,"mStartTime":1585452600000,"mStepCount":0,"mTimeUnit":600000,"mTotalActiveTime":0.0,"mWalkStepCount":0},{"mCalorie":0.0,"mDistance":0.0,"mNowHealthyStep":0,"mRunStepCount":0,"mSpeed":0.0,"mStartTime":1585453200000,"mStepCount":0,"mTimeUnit":600000,"mTotalActiveTime":0.0,"mWalkStepCount":0},{"mCalorie":0.0,"mDistance":0.0,"mNowHealthyStep":0,"mRunStepCount":0,"mSpeed":0.0,"mStartTime":1585453800000,"mStepCount":0,"mTimeUnit":600000,"mTotalActiveTime":0.0,"mWalkStepCount":0},{"mCalorie":0.0,"mDistance":0.0,"mNowHealthyStep":0,"mRunStepCount":0,"mSpeed":0.0,"mStartTime":1585454400000,"mStepCount":0,"mTimeUnit":600000,"mTotalActiveTime":0.0,"mWalkStepCount":0},{"mCalorie":0.0,"mDistance":0.0,"mNowHealthyStep":0,"mRunStepCount":0,"mSpeed":0.0,"mStartTime":1585455000000,"mStepCount":0,"mTimeUnit":600000,"mTotalActiveTime":0.0,"mWalkStepCount":0},{"mCalorie":0.0,"mDistance":0.0,"mNowHealthyStep":0,"mRunStepCount":0,"mSpeed":0.0,"mStartTime":1585455600000,"mStepCount":0,"mTimeUnit":600000,"mTotalActiveTime":0.0,"mWalkStepCount":0},{"mCalorie":0.0,"mDistance":0.0,"mNowHealthyStep":0,"mRunStepCount":0,"mSpeed":0.0,"mStartTime":1585456200000,"mStepCount":0,"mTimeUnit":600000,"mTotalActiveTime":0.0,"mWalkStepCount":0},{"mCalorie":0.0,"mDistance":0.0,"mNowHealthyStep":0,"mRunStepCount":0,"mSpeed":0.0,"mStartTime":1585456800000,"mStepCount":0,"mTimeUnit":600000,"mTotalActiveTime":0.0,"mWalkStepCount":0},{"mCalorie":0.0,"mDistance":0.0,"mNowHealthyStep":0,"mRunStepCount":0,"mSpeed":0.0,"mStartTime":1585457400000,"mStepCount":0,"mTimeUnit":600000,"mTotalActiveTime":0.0,"mWalkStepCount":0},{"mCalorie":0.0,"mDistance":0.0,"mNowHealthyStep":0,"mRunStepCount":0,"mSpeed":0.0,"mStartTime":1585458000000,"mStepCount":0,"mTimeUnit":600000,"mTotalActiveTime":0.0,"mWalkStepCount":0},{"mCalorie":0.34,"mDistance":7.82,"mNowHealthyStep":0,"mRunStepCount":0,"mSpeed":5.800000190734863,"mStartTime":1585458600000,"mStepCount":10,"mTimeUnit":600000,"mTotalActiveTime":4853.792943829736,"mWalkStepCount":10},{"mCalorie":1.5,"mDistance":35.95,"mNowHealthyStep":0,"mRunStepCount":0,"mSpeed":5.521966457366943,"mStartTime":1585459200000,"mStepCount":46,"mTimeUnit":600000,"mTotalActiveTime":23437.303512975635,"mWalkStepCount":46},{"mCalorie":0.5,"mDistance":12.08,"mNowHealthyStep":0,"mRunStepCount":0,"mSpeed":8.199999809265137,"mStartTime":1585459800000,"mStepCount":13,"mTimeUnit":600000,"mTotalActiveTime":5303.414757505621,"mWalkStepCount":13},{"mCalorie":3.5500000000000003,"mDistance":67.6,"mNowHealthyStep":0,"mRunStepCount":0,"mSpeed":4.211751461029053,"mStartTime":1585460400000,"mStepCount":94,"mTimeUnit":600000,"mTotalActiveTime":57781.18730700343,"mWalkStepCount":94},{"mCalorie":1.3399999999999364,"mDistance":27.550000000000146,"mNowHealthyStep":0,"mRunStepCount":0,"mSpeed":4.564651966094971,"mStartTime":1585461000000,"mStepCount":37,"mTimeUnit":600000,"mTotalActiveTime":21727.833690459425,"mWalkStepCount":37},{"mCalorie":0.0,"mDistance":0.0,"mNowHealthyStep":0,"mRunStepCount":0,"mSpeed":0.0,"mStartTime":1585461600000,"mStepCount":0,"mTimeUnit":600000,"mTotalActiveTime":0.0,"mWalkStepCount":0},{"mCalorie":0.0,"mDistance":0.0,"mNowHealthyStep":0,"mRunStepCount":0,"mSpeed":0.0,"mStartTime":1585462200000,"mStepCount":0,"mTimeUnit":600000,"mTotalActiveTime":0.0,"mWalkStepCount":0},{"mCalorie":0.0,"mDistance":0.0,"mNowHealthyStep":0,"mRunStepCount":0,"mSpeed":0.0,"mStartTime":1585462800000,"mStepCount":0,"mTimeUnit":600000,"mTotalActiveTime":0.0,"mWalkStepCount":0},{"mCalorie":0.0,"mDistance":0.0,"mNowHealthyStep":0,"mRunStepCount":0,"mSpeed":0.0,"mStartTime":1585463400000,"mStepCount":0,"mTimeUnit":600000,"mTotalActiveTime":0.0,"mWalkStepCount":0},{"mCalorie":0.0,"mDistance":0.0,"mNowHealthyStep":0,"mRunStepCount":0,"mSpeed":0.0,"mStartTime":1585464000000,"mStepCount":0,"mTimeUnit":600000,"mTotalActiveTime":0.0,"mWalkStepCount":0},{"mCalorie":0.0,"mDistance":0.0,"mNowHealthyStep":0,"mRunStepCount":0,"mSpeed":0.0,"mStartTime":1585464600000,"mStepCount":0,"mTimeUnit":600000,"mTotalActiveTime":0.0,"mWalkStepCount":0},{"mCalorie":0.0,"mDistance":0.0,"mNowHealthyStep":0,"mRunStepCount":0,"mSpeed":0.0,"mStartTime":1585465200000,"mStepCount":0,"mTimeUnit":600000,"mTotalActiveTime":0.0,"mWalkStepCount":0},{"mCalorie":0.0,"mDistance":0.0,"mNowHealthyStep":0,"mRunStepCount":0,"mSpeed":0.0,"mStartTime":1585465800000,"mStepCount":0,"mTimeUnit":600000,"mTotalActiveTime":0.0,"mWalkStepCount":0},{"mCalorie":0.0,"mDistance":0.0,"mNowHealthyStep":0,"mRunStepCount":0,"mSpeed":0.0,"mStartTime":1585466400000,"mStepCount":0,"mTimeUnit":600000,"mTotalActiveTime":0.0,"mWalkStepCount":0},{"mCalorie":0.0,"mDistance":0.0,"mNowHealthyStep":0,"mRunStepCount":0,"mSpeed":0.0,"mStartTime":1585467000000,"mStepCount":0,"mTimeUnit":600000,"mTotalActiveTime":0.0,"mWalkStepCount":0},{"mCalorie":0.0,"mDistance":0.0,"mNowHealthyStep":0,"mRunStepCount":0,"mSpeed":0.0,"mStartTime":1585467600000,"mStepCount":0,"mTimeUnit":600000,"mTotalActiveTime":0.0,"mWalkStepCount":0},{"mCalorie":0.0,"mDistance":0.0,"mNowHealthyStep":0,"mRunStepCount":0,"mSpeed":0.0,"mStartTime":1585468200000,"mStepCount":0,"mTimeUnit":600000,"mTotalActiveTime":0.0,"mWalkStepCount":0},{"mCalorie":0.0,"mDistance":0.0,"mNowHealthyStep":0,"mRunStepCount":0,"mSpeed":0.0,"mStartTime":1585468800000,"mStepCount":0,"mTimeUnit":600000,"mTotalActiveTime":0.0,"mWalkStepCount":0},{"mCalorie":0.0,"mDistance":0.0,"mNowHealthyStep":0,"mRunStepCount":0,"mSpeed":0.0,"mStartTime":1585469400000,"mStepCount":0,"mTimeUnit":600000,"mTotalActiveTime":0.0,"mWalkStepCount":0},{"mCalorie":0.0,"mDistance":0.0,"mNowHealthyStep":0,"mRunStepCount":0,"mSpeed":0.0,"mStartTime":1585470000000,"mStepCount":0,"mTimeUnit":600000,"mTotalActiveTime":0.0,"mWalkStepCount":0},{"mCalorie":2.3299999999999548,"mDistance":47.18999999999883,"mNowHealthyStep":0,"mRunStepCount":0,"mSpeed":3.81379771232605,"mStartTime":1585470600000,"mStepCount":66,"mTimeUnit":600000,"mTotalActiveTime":44544.57636404812,"mWalkStepCount":66},{"mCalorie":16.99,"mDistance":350.33000000000004,"mNowHealthyStep":0,"mRunStepCount":0,"mSpeed":4.435502052307129,"mStartTime":1585471200000,"mStepCount":482,"mTimeUnit":600000,"mTotalActiveTime":284339.4099652871,"mWalkStepCount":482},{"mCalorie":32.920000000000094,"mDistance":722.5879999999979,"mNowHealthyStep":0,"mRunStepCount":0,"mSpeed":4.6935930252075195,"mStartTime":1585471800000,"mStepCount":971,"mTimeUnit":600000,"mTotalActiveTime":554227.1766282956,"mWalkStepCount":971},{"mCalorie":20.72,"mDistance":446.78000000000003,"mNowHealthyStep":0,"mRunStepCount":0,"mSpeed":4.497457504272461,"mStartTime":1585472400000,"mStepCount":613,"mTimeUnit":600000,"mTotalActiveTime":357626.06469568075,"mWalkStepCount":613},{"mCalorie":30.940000000000005,"mDistance":686.6299999999999,"mNowHealthyStep":0,"mRunStepCount":0,"mSpeed":4.636445045471191,"mStartTime":1585473000000,"mStepCount":925,"mTimeUnit":600000,"mTotalActiveTime":533138.6255158884,"mWalkStepCount":925},{"mCalorie":32.71999999999993,"mDistance":725.329000000002,"mNowHealthyStep":0,"mRunStepCount":0,"mSpeed":4.435329914093018,"mStartTime":1585473600000,"mStepCount":991,"mTimeUnit":600000,"mTotalActiveTime":588723.8351269143,"mWalkStepCount":991},{"mCalorie":3.8899999999999997,"mDistance":70.94,"mNowHealthyStep":0,"mRunStepCount":0,"mSpeed":3.9488332271575928,"mStartTime":1585474200000,"mStepCount":106,"mTimeUnit":600000,"mTotalActiveTime":64673.28158183889,"mWalkStepCount":106},{"mCalorie":10.36,"mDistance":184.67000000000002,"mNowHealthyStep":0,"mRunStepCount":0,"mSpeed":4.403060436248779,"mStartTime":1585474800000,"mStepCount":267,"mTimeUnit":600000,"mTotalActiveTime":150988.61494249178,"mWalkStepCount":267},{"mCalorie":1.85,"mDistance":33.77,"mNowHealthyStep":0,"mRunStepCount":2,"mSpeed":4.929559707641602,"mStartTime":1585475400000,"mStepCount":45,"mTimeUnit":600000,"mTotalActiveTime":24661.837576034202,"mWalkStepCount":43},{"mCalorie":0.0,"mDistance":0.0,"mNowHealthyStep":0,"mRunStepCount":0,"mSpeed":0.0,"mStartTime":1585476000000,"mStepCount":0,"mTimeUnit":600000,"mTotalActiveTime":0.0,"mWalkStepCount":0},{"mCalorie":0.0,"mDistance":0.0,"mNowHealthyStep":0,"mRunStepCount":0,"mSpeed":0.0,"mStartTime":1585476600000,"mStepCount":0,"mTimeUnit":600000,"mTotalActiveTime":0.0,"mWalkStepCount":0},{"mCalorie":0.0,"mDistance":0.0,"mNowHealthyStep":0,"mRunStepCount":0,"mSpeed":0.0,"mStartTime":1585477200000,"mStepCount":0,"mTimeUnit":600000,"mTotalActiveTime":0.0,"mWalkStepCount":0},{"mCalorie":0.0,"mDistance":0.0,"mNowHealthyStep":0,"mRunStepCount":0,"mSpeed":0.0,"mStartTime":1585477800000,"mStepCount":0,"mTimeUnit":600000,"mTotalActiveTime":0.0,"mWalkStepCount":0},{"mCalorie":0.0,"mDistance":0.0,"mNowHealthyStep":0,"mRunStepCount":0,"mSpeed":0.0,"mStartTime":1585478400000,"mStepCount":0,"mTimeUnit":600000,"mTotalActiveTime":0.0,"mWalkStepCount":0},{"mCalorie":0.8200000000000001,"mDistance":13.54,"mNowHealthyStep":0,"mRunStepCount":0,"mSpeed":3.0999999046325684,"mStartTime":1585479000000,"mStepCount":20,"mTimeUnit":600000,"mTotalActiveTime":15723.871451466204,"mWalkStepCount":20},{"mCalorie":0.9299999999999999,"mDistance":17.990000000000002,"mNowHealthyStep":0,"mRunStepCount":0,"mSpeed":4.1826910972595215,"mStartTime":1585479600000,"mStepCount":25,"mTimeUnit":600000,"mTotalActiveTime":15483.811400450502,"mWalkStepCount":25},{"mCalorie":0.31,"mDistance":7.97,"mNowHealthyStep":0,"mRunStepCount":0,"mSpeed":6.300000190734863,"mStartTime":1585480200000,"mStepCount":10,"mTimeUnit":600000,"mTotalActiveTime":4554.28557640301,"mWalkStepCount":10},{"mCalorie":1.32,"mDistance":23.32,"mNowHealthyStep":0,"mRunStepCount":0,"mSpeed":4.152819633483887,"mStartTime":1585480800000,"mStepCount":31,"mTimeUnit":600000,"mTotalActiveTime":20215.663322487508,"mWalkStepCount":31},{"mCalorie":0.41,"mDistance":7.94,"mNowHealthyStep":0,"mRunStepCount":0,"mSpeed":4.199999809265137,"mStartTime":1585481400000,"mStepCount":11,"mTimeUnit":600000,"mTotalActiveTime":6805.71459478263,"mWalkStepCount":11},{"mCalorie":0.0,"mDistance":0.0,"mNowHealthyStep":0,"mRunStepCount":0,"mSpeed":0.0,"mStartTime":1585482000000,"mStepCount":0,"mTimeUnit":600000,"mTotalActiveTime":0.0,"mWalkStepCount":0},{"mCalorie":1.04,"mDistance":20.439999999999998,"mNowHealthyStep":0,"mRunStepCount":0,"mSpeed":4.918220520019531,"mStartTime":1585482600000,"mStepCount":27,"mTimeUnit":600000,"mTotalActiveTime":14961.508942071232,"mWalkStepCount":27},{"mCalorie":0.0,"mDistance":0.0,"mNowHealthyStep":0,"mRunStepCount":0,"mSpeed":0.0,"mStartTime":1585483200000,"mStepCount":0,"mTimeUnit":600000,"mTotalActiveTime":0.0,"mWalkStepCount":0},{"mCalorie":0.0,"mDistance":0.0,"mNowHealthyStep":0,"mRunStepCount":0,"mSpeed":0.0,"mStartTime":1585483800000,"mStepCount":0,"mTimeUnit":600000,"mTotalActiveTime":0.0,"mWalkStepCount":0},{"mCalorie":2.13,"mDistance":41.93,"mNowHealthyStep":0,"mRunStepCount":0,"mSpeed":4.4562859535217285,"mStartTime":1585484400000,"mStepCount":57,"mTimeUnit":600000,"mTotalActiveTime":33873.05179321514,"mWalkStepCount":57},{"mCalorie":0.6000000000000546,"mDistance":13.330000000000947,"mNowHealthyStep":0,"mRunStepCount":0,"mSpeed":3.686723470687866,"mStartTime":1585485000000,"mStepCount":19,"mTimeUnit":600000,"mTotalActiveTime":13016.435971274472,"mWalkStepCount":19},{"mCalorie":0.0,"mDistance":0.0,"mNowHealthyStep":0,"mRunStepCount":0,"mSpeed":0.0,"mStartTime":1585485600000,"mStepCount":0,"mTimeUnit":600000,"mTotalActiveTime":0.0,"mWalkStepCount":0},{"mCalorie":0.8600000000000455,"mDistance":22.61099999999984,"mNowHealthyStep":0,"mRunStepCount":0,"mSpeed":5.450769424438477,"mStartTime":1585486200000,"mStepCount":29,"mTimeUnit":600000,"mTotalActiveTime":14933.598114615716,"mWalkStepCount":29},{"mCalorie":2.59,"mDistance":47.489999999999995,"mNowHealthyStep":0,"mRunStepCount":1,"mSpeed":6.061634540557861,"mStartTime":1585486800000,"mStepCount":57,"mTimeUnit":600000,"mTotalActiveTime":28204.273904596666,"mWalkStepCount":56},{"mCalorie":2.1,"mDistance":45.86,"mNowHealthyStep":0,"mRunStepCount":3,"mSpeed":5.390316486358643,"mStartTime":1585487400000,"mStepCount":59,"mTimeUnit":600000,"mTotalActiveTime":30628.25841584988,"mWalkStepCount":56},{"mCalorie":2.40000000000005,"mDistance":44.97899999999957,"mNowHealthyStep":0,"mRunStepCount":5,"mSpeed":5.107771873474121,"mStartTime":1585488000000,"mStepCount":60,"mTimeUnit":600000,"mTotalActiveTime":31701.57276301457,"mWalkStepCount":55},{"mCalorie":0.0,"mDistance":0.0,"mNowHealthyStep":0,"mRunStepCount":0,"mSpeed":0.0,"mStartTime":1585488600000,"mStepCount":0,"mTimeUnit":600000,"mTotalActiveTime":0.0,"mWalkStepCount":0},{"mCalorie":0.0,"mDistance":0.0,"mNowHealthyStep":0,"mRunStepCount":0,"mSpeed":0.0,"mStartTime":1585489200000,"mStepCount":0,"mTimeUnit":600000,"mTotalActiveTime":0.0,"mWalkStepCount":0},{"mCalorie":0.39,"mDistance":8.47,"mNowHealthyStep":0,"mRunStepCount":0,"mSpeed":6.099999904632568,"mStartTime":1585489800000,"mStepCount":11,"mTimeUnit":600000,"mTotalActiveTime":4998.688602739688,"mWalkStepCount":11},{"mCalorie":0.0,"mDistance":0.0,"mNowHealthyStep":0,"mRunStepCount":0,"mSpeed":0.0,"mStartTime":1585490400000,"mStepCount":0,"mTimeUnit":600000,"mTotalActiveTime":0.0,"mWalkStepCount":0},{"mCalorie":0.0,"mDistance":0.0,"mNowHealthyStep":0,"mRunStepCount":0,"mSpeed":0.0,"mStartTime":1585491000000,"mStepCount":0,"mTimeUnit":600000,"mTotalActiveTime":0.0,"mWalkStepCount":0},{"mCalorie":0.0,"mDistance":0.0,"mNowHealthyStep":0,"mRunStepCount":0,"mSpeed":0.0,"mStartTime":1585491600000,"mStepCount":0,"mTimeUnit":600000,"mTotalActiveTime":0.0,"mWalkStepCount":0},{"mCalorie":0.8899999999999999,"mDistance":17.67,"mNowHealthyStep":0,"mRunStepCount":0,"mSpeed":4.297371864318848,"mStartTime":1585492200000,"mStepCount":24,"mTimeUnit":600000,"mTotalActiveTime":14802.534880195493,"mWalkStepCount":24},{"mCalorie":0.0,"mDistance":0.0,"mNowHealthyStep":0,"mRunStepCount":0,"mSpeed":0.0,"mStartTime":1585492800000,"mStepCount":0,"mTimeUnit":600000,"mTotalActiveTime":0.0,"mWalkStepCount":0},{"mCalorie":2.2,"mDistance":41.74,"mNowHealthyStep":0,"mRunStepCount":0,"mSpeed":4.0095720291137695,"mStartTime":1585493400000,"mStepCount":58,"mTimeUnit":600000,"mTotalActiveTime":37476.320030228075,"mWalkStepCount":58},{"mCalorie":0.9500000000000001,"mDistance":21.64,"mNowHealthyStep":0,"mRunStepCount":0,"mSpeed":6.4898881912231445,"mStartTime":1585494000000,"mStepCount":25,"mTimeUnit":600000,"mTotalActiveTime":12003.904494571889,"mWalkStepCount":25},{"mCalorie":8.02,"mDistance":172.32,"mNowHealthyStep":0,"mRunStepCount":0,"mSpeed":4.752355098724365,"mStartTime":1585494600000,"mStepCount":230,"mTimeUnit":600000,"mTotalActiveTime":130535.69638981731,"mWalkStepCount":230},{"mCalorie":10.549999999999999,"mDistance":223.76,"mNowHealthyStep":0,"mRunStepCount":0,"mSpeed":4.2441840171813965,"mStartTime":1585495200000,"mStepCount":309,"mTimeUnit":600000,"mTotalActiveTime":189797.61786786217,"mWalkStepCount":309},{"mCalorie":0.0,"mDistance":0.0,"mNowHealthyStep":0,"mRunStepCount":0,"mSpeed":0.0,"mStartTime":1585495800000,"mStepCount":0,"mTimeUnit":600000,"mTotalActiveTime":0.0,"mWalkStepCount":0},{"mCalorie":2.67,"mDistance":50.44,"mNowHealthyStep":0,"mRunStepCount":0,"mSpeed":3.9543545246124268,"mStartTime":1585496400000,"mStepCount":70,"mTimeUnit":600000,"mTotalActiveTime":45920.00972148696,"mWalkStepCount":70},{"mCalorie":0.3999999999999727,"mDistance":9.169999999998836,"mNowHealthyStep":0,"mRunStepCount":0,"mSpeed":5.2083587646484375,"mStartTime":1585497000000,"mStepCount":12,"mTimeUnit":600000,"mTotalActiveTime":6338.273100868619,"mWalkStepCount":12},{"mCalorie":0.42,"mDistance":9.82,"mNowHealthyStep":0,"mRunStepCount":0,"mSpeed":5.199999809265137,"mStartTime":1585497600000,"mStepCount":13,"mTimeUnit":600000,"mTotalActiveTime":6798.461787827631,"mWalkStepCount":13},{"mCalorie":0.41,"mDistance":10.46,"mNowHealthyStep":0,"mRunStepCount":0,"mSpeed":6.099999904632568,"mStartTime":1585498200000,"mStepCount":13,"mTimeUnit":600000,"mTotalActiveTime":6173.11485060887,"mWalkStepCount":13},{"mCalorie":2.8400000000000682,"mDistance":59.50099999999947,"mNowHealthyStep":0,"mRunStepCount":0,"mSpeed":5.026974201202393,"mStartTime":1585498800000,"mStepCount":79,"mTimeUnit":600000,"mTotalActiveTime":42610.84306934377,"mWalkStepCount":79},{"mCalorie":0.62,"mDistance":15.32,"mNowHealthyStep":0,"mRunStepCount":0,"mSpeed":5.315406322479248,"mStartTime":1585499400000,"mStepCount":20,"mTimeUnit":600000,"mTotalActiveTime":10375.876244844389,"mWalkStepCount":20},{"mCalorie":0.0,"mDistance":0.0,"mNowHealthyStep":0,"mRunStepCount":0,"mSpeed":0.0,"mStartTime":1585500000000,"mStepCount":0,"mTimeUnit":600000,"mTotalActiveTime":0.0,"mWalkStepCount":0},{"mCalorie":0.0,"mDistance":0.0,"mNowHealthyStep":0,"mRunStepCount":0,"mSpeed":0.0,"mStartTime":1585500600000,"mStepCount":0,"mTimeUnit":600000,"mTotalActiveTime":0.0,"mWalkStepCount":0},{"mCalorie":0.0,"mDistance":0.0,"mNowHealthyStep":0,"mRunStepCount":0,"mSpeed":0.0,"mStartTime":1585501200000,"mStepCount":0,"mTimeUnit":600000,"mTotalActiveTime":0.0,"mWalkStepCount":0},{"mCalorie":1.69,"mDistance":29.060000000000002,"mNowHealthyStep":0,"mRunStepCount":0,"mSpeed":3.2365524768829346,"mStartTime":1585501800000,"mStepCount":42,"mTimeUnit":600000,"mTotalActiveTime":32323.283497375793,"mWalkStepCount":42},{"mCalorie":0.0,"mDistance":0.0,"mNowHealthyStep":0,"mRunStepCount":0,"mSpeed":0.0,"mStartTime":1585502400000,"mStepCount":0,"mTimeUnit":600000,"mTotalActiveTime":0.0,"mWalkStepCount":0},{"mCalorie":1.2300000000000317,"mDistance":27.520000000001673,"mNowHealthyStep":0,"mRunStepCount":0,"mSpeed":4.555915355682373,"mStartTime":1585503000000,"mStepCount":37,"mTimeUnit":600000,"mTotalActiveTime":21745.793767290892,"mWalkStepCount":37},{"mCalorie":0.0,"mDistance":0.0,"mNowHealthyStep":0,"mRunStepCount":0,"mSpeed":0.0,"mStartTime":1585503600000,"mStepCount":0,"mTimeUnit":600000,"mTotalActiveTime":0.0,"mWalkStepCount":0},{"mCalorie":0.76,"mDistance":15.83,"mNowHealthyStep":0,"mRunStepCount":0,"mSpeed":4.700000286102295,"mStartTime":1585504200000,"mStepCount":22,"mTimeUnit":600000,"mTotalActiveTime":12125.105644889245,"mWalkStepCount":22},{"mCalorie":0.0,"mDistance":0.0,"mNowHealthyStep":0,"mRunStepCount":0,"mSpeed":0.0,"mStartTime":1585504800000,"mStepCount":0,"mTimeUnit":600000,"mTotalActiveTime":0.0,"mWalkStepCount":0},{"mCalorie":0.0,"mDistance":0.0,"mNowHealthyStep":0,"mRunStepCount":0,"mSpeed":0.0,"mStartTime":1585505400000,"mStepCount":0,"mTimeUnit":600000,"mTotalActiveTime":0.0,"mWalkStepCount":0},{"mCalorie":0.0,"mDistance":0.0,"mNowHealthyStep":0,"mRunStepCount":0,"mSpeed":0.0,"mStartTime":1585506000000,"mStepCount":0,"mTimeUnit":600000,"mTotalActiveTime":0.0,"mWalkStepCount":0},{"mCalorie":1.9900000000000002,"mDistance":38.019999999999996,"mNowHealthyStep":0,"mRunStepCount":1,"mSpeed":6.7584123611450195,"mStartTime":1585506600000,"mStepCount":46,"mTimeUnit":600000,"mTotalActiveTime":20252.093160987424,"mWalkStepCount":45},{"mCalorie":0.0,"mDistance":0.0,"mNowHealthyStep":0,"mRunStepCount":0,"mSpeed":0.0,"mStartTime":1585507200000,"mStepCount":0,"mTimeUnit":600000,"mTotalActiveTime":0.0,"mWalkStepCount":0},{"mCalorie":4.079999999999963,"mDistance":81.75099999999999,"mNowHealthyStep":0,"mRunStepCount":5,"mSpeed":4.966887950897217,"mStartTime":1585507800000,"mStepCount":108,"mTimeUnit":600000,"mTotalActiveTime":59253.11730556693,"mWalkStepCount":103},{"mCalorie":0.58,"mDistance":9.99,"mNowHealthyStep":0,"mRunStepCount":0,"mSpeed":3.799999952316284,"mStartTime":1585508400000,"mStepCount":14,"mTimeUnit":600000,"mTotalActiveTime":9464.210645075984,"mWalkStepCount":14},{"mCalorie":1.35,"mDistance":26.610000000000003,"mNowHealthyStep":0,"mRunStepCount":0,"mSpeed":4.04100227355957,"mStartTime":1585509000000,"mStepCount":37,"mTimeUnit":600000,"mTotalActiveTime":23705.999875277284,"mWalkStepCount":37},{"mCalorie":0.0,"mDistance":0.0,"mNowHealthyStep":0,"mRunStepCount":0,"mSpeed":0.0,"mStartTime":1585509600000,"mStepCount":0,"mTimeUnit":600000,"mTotalActiveTime":0.0,"mWalkStepCount":0},{"mCalorie":0.0,"mDistance":0.0,"mNowHealthyStep":0,"mRunStepCount":0,"mSpeed":0.0,"mStartTime":1585510200000,"mStepCount":0,"mTimeUnit":600000,"mTotalActiveTime":0.0,"mWalkStepCount":0},{"mCalorie":0.0,"mDistance":0.0,"mNowHealthyStep":0,"mRunStepCount":0,"mSpeed":0.0,"mStartTime":1585510800000,"mStepCount":0,"mTimeUnit":600000,"mTotalActiveTime":0.0,"mWalkStepCount":0},{"mCalorie":0.0,"mDistance":0.0,"mNowHealthyStep":0,"mRunStepCount":0,"mSpeed":0.0,"mStartTime":1585511400000,"mStepCount":0,"mTimeUnit":600000,"mTotalActiveTime":0.0,"mWalkStepCount":0},{"mCalorie":0.0,"mDistance":0.0,"mNowHealthyStep":0,"mRunStepCount":0,"mSpeed":0.0,"mStartTime":1585512000000,"mStepCount":0,"mTimeUnit":600000,"mTotalActiveTime":0.0,"mWalkStepCount":0},{"mCalorie":0.0,"mDistance":0.0,"mNowHealthyStep":0,"mRunStepCount":0,"mSpeed":0.0,"mStartTime":1585512600000,"mStepCount":0,"mTimeUnit":600000,"mTotalActiveTime":0.0,"mWalkStepCount":0},{"mCalorie":2.44,"mDistance":40.2,"mNowHealthyStep":0,"mRunStepCount":5,"mSpeed":6.037411689758301,"mStartTime":1585513200000,"mStepCount":51,"mTimeUnit":600000,"mTotalActiveTime":23970.537450213997,"mWalkStepCount":46},{"mCalorie":0.0,"mDistance":0.0,"mNowHealthyStep":0,"mRunStepCount":0,"mSpeed":0.0,"mStartTime":1585513800000,"mStepCount":0,"mTimeUnit":600000,"mTotalActiveTime":0.0,"mWalkStepCount":0},{"mCalorie":0.42,"mDistance":7.98,"mNowHealthyStep":0,"mRunStepCount":0,"mSpeed":4.400000095367432,"mStartTime":1585514400000,"mStepCount":11,"mTimeUnit":600000,"mTotalActiveTime":6529.0907675766775,"mWalkStepCount":11},{"mCalorie":0.0,"mDistance":0.0,"mNowHealthyStep":0,"mRunStepCount":0,"mSpeed":0.0,"mStartTime":1585515000000,"mStepCount":0,"mTimeUnit":600000,"mTotalActiveTime":0.0,"mWalkStepCount":0},{"mCalorie":1.4300000000000002,"mDistance":29.71,"mNowHealthyStep":0,"mRunStepCount":0,"mSpeed":4.280808448791504,"mStartTime":1585515600000,"mStepCount":41,"mTimeUnit":600000,"mTotalActiveTime":24985.0,"mWalkStepCount":41},{"mCalorie":1.38,"mDistance":27.41,"mNowHealthyStep":0,"mRunStepCount":0,"mSpeed":3.4932034015655518,"mStartTime":1585516200000,"mStepCount":39,"mTimeUnit":600000,"mTotalActiveTime":28247.996757463596,"mWalkStepCount":39},{"mCalorie":1.140000000000068,"mDistance":22.568999999999942,"mNowHealthyStep":0,"mRunStepCount":0,"mSpeed":3.712265968322754,"mStartTime":1585516800000,"mStepCount":32,"mTimeUnit":600000,"mTotalActiveTime":21886.470124788975,"mWalkStepCount":32},{"mCalorie":3.3199999999999634,"mDistance":60.21000000000029,"mNowHealthyStep":0,"mRunStepCount":0,"mSpeed":4.374963760375977,"mStartTime":1585517400000,"mStepCount":82,"mTimeUnit":600000,"mTotalActiveTime":49544.64059423133,"mWalkStepCount":82},{"mCalorie":1.2100000000000684,"mDistance":26.070000000000217,"mNowHealthyStep":0,"mRunStepCount":0,"mSpeed":5.412884712219238,"mStartTime":1585518000000,"mStepCount":34,"mTimeUnit":600000,"mTotalActiveTime":17338.629028646395,"mWalkStepCount":34},{"mCalorie":0.0,"mDistance":0.0,"mNowHealthyStep":0,"mRunStepCount":0,"mSpeed":0.0,"mStartTime":1585518600000,"mStepCount":0,"mTimeUnit":600000,"mTotalActiveTime":0.0,"mWalkStepCount":0},{"mCalorie":0.0,"mDistance":0.0,"mNowHealthyStep":0,"mRunStepCount":0,"mSpeed":0.0,"mStartTime":1585519200000,"mStepCount":0,"mTimeUnit":600000,"mTotalActiveTime":0.0,"mWalkStepCount":0},{"mCalorie":0.0,"mDistance":0.0,"mNowHealthyStep":0,"mRunStepCount":0,"mSpeed":0.0,"mStartTime":1585519800000,"mStepCount":0,"mTimeUnit":600000,"mTotalActiveTime":0.0,"mWalkStepCount":0},{"mCalorie":0.52,"mDistance":8.04,"mNowHealthyStep":0,"mRunStepCount":0,"mSpeed":6.400000095367432,"mStartTime":1585520400000,"mStepCount":10,"mTimeUnit":600000,"mTotalActiveTime":4522.4999326094985,"mWalkStepCount":10},{"mCalorie":0.0,"mDistance":0.0,"mNowHealthyStep":0,"mRunStepCount":0,"mSpeed":0.0,"mStartTime":1585521000000,"mStepCount":0,"mTimeUnit":600000,"mTotalActiveTime":0.0,"mWalkStepCount":0},{"mCalorie":0.0,"mDistance":0.0,"mNowHealthyStep":0,"mRunStepCount":0,"mSpeed":0.0,"mStartTime":1585521600000,"mStepCount":0,"mTimeUnit":600000,"mTotalActiveTime":0.0,"mWalkStepCount":0},{"mCalorie":0.0,"mDistance":0.0,"mNowHealthyStep":0,"mRunStepCount":0,"mSpeed":0.0,"mStartTime":1585522200000,"mStepCount":0,"mTimeUnit":600000,"mTotalActiveTime":0.0,"mWalkStepCount":0}]