[{"mCalorie":0.0,"mDistance":0.0,"mNowHealthyStep":0,"mRunStepCount":0,"mSpeed":0.0,"mStartTime":1613602800000,"mStepCount":0,"mTimeUnit":600000,"mTotalActiveTime":0.0,"mWalkStepCount":0},{"mCalorie":0.0,"mDistance":0.0,"mNowHealthyStep":0,"mRunStepCount":0,"mSpeed":0.0,"mStartTime":1613603400000,"mStepCount":0,"mTimeUnit":600000,"mTotalActiveTime":0.0,"mWalkStepCount":0},{"mCalorie":0.0,"mDistance":0.0,"mNowHealthyStep":0,"mRunStepCount":0,"mSpeed":0.0,"mStartTime":1613604000000,"mStepCount":0,"mTimeUnit":600000,"mTotalActiveTime":0.0,"mWalkStepCount":0},{"mCalorie":0.0,"mDistance":0.0,"mNowHealthyStep":0,"mRunStepCount":0,"mSpeed":0.0,"mStartTime":1613604600000,"mStepCount":0,"mTimeUnit":600000,"mTotalActiveTime":0.0,"mWalkStepCount":0},{"mCalorie":0.0,"mDistance":0.0,"mNowHealthyStep":0,"mRunStepCount":0,"mSpeed":0.0,"mStartTime":1613605200000,"mStepCount":0,"mTimeUnit":600000,"mTotalActiveTime":0.0,"mWalkStepCount":0},{"mCalorie":0.0,"mDistance":0.0,"mNowHealthyStep":0,"mRunStepCount":0,"mSpeed":0.0,"mStartTime":1613605800000,"mStepCount":0,"mTimeUnit":600000,"mTotalActiveTime":0.0,"mWalkStepCount":0},{"mCalorie":0.0,"mDistance":0.0,"mNowHealthyStep":0,"mRunStepCount":0,"mSpeed":0.0,"mStartTime":1613606400000,"mStepCount":0,"mTimeUnit":600000,"mTotalActiveTime":0.0,"mWalkStepCount":0},{"mCalorie":0.0,"mDistance":0.0,"mNowHealthyStep":0,"mRunStepCount":0,"mSpeed":0.0,"mStartTime":1613607000000,"mStepCount":0,"mTimeUnit":600000,"mTotalActiveTime":0.0,"mWalkStepCount":0},{"mCalorie":0.0,"mDistance":0.0,"mNowHealthyStep":0,"mRunStepCount":0,"mSpeed":0.0,"mStartTime":1613607600000,"mStepCount":0,"mTimeUnit":600000,"mTotalActiveTime":0.0,"mWalkStepCount":0},{"mCalorie":0.0,"mDistance":0.0,"mNowHealthyStep":0,"mRunStepCount":0,"mSpeed":0.0,"mStartTime":1613608200000,"mStepCount":0,"mTimeUnit":600000,"mTotalActiveTime":0.0,"mWalkStepCount":0},{"mCalorie":0.0,"mDistance":0.0,"mNowHealthyStep":0,"mRunStepCount":0,"mSpeed":0.0,"mStartTime":1613608800000,"mStepCount":0,"mTimeUnit":600000,"mTotalActiveTime":0.0,"mWalkStepCount":0},{"mCalorie":0.0,"mDistance":0.0,"mNowHealthyStep":0,"mRunStepCount":0,"mSpeed":0.0,"mStartTime":1613609400000,"mStepCount":0,"mTimeUnit":600000,"mTotalActiveTime":0.0,"mWalkStepCount":0},{"mCalorie":0.0,"mDistance":0.0,"mNowHealthyStep":0,"mRunStepCount":0,"mSpeed":0.0,"mStartTime":1613610000000,"mStepCount":0,"mTimeUnit":600000,"mTotalActiveTime":0.0,"mWalkStepCount":0},{"mCalorie":0.0,"mDistance":0.0,"mNowHealthyStep":0,"mRunStepCount":0,"mSpeed":0.0,"mStartTime":1613610600000,"mStepCount":0,"mTimeUnit":600000,"mTotalActiveTime":0.0,"mWalkStepCount":0},{"mCalorie":0.0,"mDistance":0.0,"mNowHealthyStep":0,"mRunStepCount":0,"mSpeed":0.0,"mStartTime":1613611200000,"mStepCount":0,"mTimeUnit":600000,"mTotalActiveTime":0.0,"mWalkStepCount":0},{"mCalorie":0.0,"mDistance":0.0,"mNowHealthyStep":0,"mRunStepCount":0,"mSpeed":0.0,"mStartTime":1613611800000,"mStepCount":0,"mTimeUnit":600000,"mTotalActiveTime":0.0,"mWalkStepCount":0},{"mCalorie":0.0,"mDistance":0.0,"mNowHealthyStep":0,"mRunStepCount":0,"mSpeed":0.0,"mStartTime":1613612400000,"mStepCount":0,"mTimeUnit":600000,"mTotalActiveTime":0.0,"mWalkStepCount":0},{"mCalorie":0.0,"mDistance":0.0,"mNowHealthyStep":0,"mRunStepCount":0,"mSpeed":0.0,"mStartTime":1613613000000,"mStepCount":0,"mTimeUnit":600000,"mTotalActiveTime":0.0,"mWalkStepCount":0},{"mCalorie":0.0,"mDistance":0.0,"mNowHealthyStep":0,"mRunStepCount":0,"mSpeed":0.0,"mStartTime":1613613600000,"mStepCount":0,"mTimeUnit":600000,"mTotalActiveTime":0.0,"mWalkStepCount":0},{"mCalorie":0.0,"mDistance":0.0,"mNowHealthyStep":0,"mRunStepCount":0,"mSpeed":0.0,"mStartTime":1613614200000,"mStepCount":0,"mTimeUnit":600000,"mTotalActiveTime":0.0,"mWalkStepCount":0},{"mCalorie":0.0,"mDistance":0.0,"mNowHealthyStep":0,"mRunStepCount":0,"mSpeed":0.0,"mStartTime":1613614800000,"mStepCount":0,"mTimeUnit":600000,"mTotalActiveTime":0.0,"mWalkStepCount":0},{"mCalorie":0.0,"mDistance":0.0,"mNowHealthyStep":0,"mRunStepCount":0,"mSpeed":0.0,"mStartTime":1613615400000,"mStepCount":0,"mTimeUnit":600000,"mTotalActiveTime":0.0,"mWalkStepCount":0},{"mCalorie":0.0,"mDistance":0.0,"mNowHealthyStep":0,"mRunStepCount":0,"mSpeed":0.0,"mStartTime":1613616000000,"mStepCount":0,"mTimeUnit":600000,"mTotalActiveTime":0.0,"mWalkStepCount":0},{"mCalorie":0.0,"mDistance":0.0,"mNowHealthyStep":0,"mRunStepCount":0,"mSpeed":0.0,"mStartTime":1613616600000,"mStepCount":0,"mTimeUnit":600000,"mTotalActiveTime":0.0,"mWalkStepCount":0},{"mCalorie":0.0,"mDistance":0.0,"mNowHealthyStep":0,"mRunStepCount":0,"mSpeed":0.0,"mStartTime":1613617200000,"mStepCount":0,"mTimeUnit":600000,"mTotalActiveTime":0.0,"mWalkStepCount":0},{"mCalorie":0.0,"mDistance":0.0,"mNowHealthyStep":0,"mRunStepCount":0,"mSpeed":0.0,"mStartTime":1613617800000,"mStepCount":0,"mTimeUnit":600000,"mTotalActiveTime":0.0,"mWalkStepCount":0},{"mCalorie":0.0,"mDistance":0.0,"mNowHealthyStep":0,"mRunStepCount":0,"mSpeed":0.0,"mStartTime":1613618400000,"mStepCount":0,"mTimeUnit":600000,"mTotalActiveTime":0.0,"mWalkStepCount":0},{"mCalorie":0.0,"mDistance":0.0,"mNowHealthyStep":0,"mRunStepCount":0,"mSpeed":0.0,"mStartTime":1613619000000,"mStepCount":0,"mTimeUnit":600000,"mTotalActiveTime":0.0,"mWalkStepCount":0},{"mCalorie":0.0,"mDistance":0.0,"mNowHealthyStep":0,"mRunStepCount":0,"mSpeed":0.0,"mStartTime":1613619600000,"mStepCount":0,"mTimeUnit":600000,"mTotalActiveTime":0.0,"mWalkStepCount":0},{"mCalorie":0.0,"mDistance":0.0,"mNowHealthyStep":0,"mRunStepCount":0,"mSpeed":0.0,"mStartTime":1613620200000,"mStepCount":0,"mTimeUnit":600000,"mTotalActiveTime":0.0,"mWalkStepCount":0},{"mCalorie":0.0,"mDistance":0.0,"mNowHealthyStep":0,"mRunStepCount":0,"mSpeed":0.0,"mStartTime":1613620800000,"mStepCount":0,"mTimeUnit":600000,"mTotalActiveTime":0.0,"mWalkStepCount":0},{"mCalorie":0.0,"mDistance":0.0,"mNowHealthyStep":0,"mRunStepCount":0,"mSpeed":0.0,"mStartTime":1613621400000,"mStepCount":0,"mTimeUnit":600000,"mTotalActiveTime":0.0,"mWalkStepCount":0},{"mCalorie":0.0,"mDistance":0.0,"mNowHealthyStep":0,"mRunStepCount":0,"mSpeed":0.0,"mStartTime":1613622000000,"mStepCount":0,"mTimeUnit":600000,"mTotalActiveTime":0.0,"mWalkStepCount":0},{"mCalorie":0.0,"mDistance":0.0,"mNowHealthyStep":0,"mRunStepCount":0,"mSpeed":0.0,"mStartTime":1613622600000,"mStepCount":0,"mTimeUnit":600000,"mTotalActiveTime":0.0,"mWalkStepCount":0},{"mCalorie":0.0,"mDistance":0.0,"mNowHealthyStep":0,"mRunStepCount":0,"mSpeed":0.0,"mStartTime":1613623200000,"mStepCount":0,"mTimeUnit":600000,"mTotalActiveTime":0.0,"mWalkStepCount":0},{"mCalorie":0.0,"mDistance":0.0,"mNowHealthyStep":0,"mRunStepCount":0,"mSpeed":0.0,"mStartTime":1613623800000,"mStepCount":0,"mTimeUnit":600000,"mTotalActiveTime":0.0,"mWalkStepCount":0},{"mCalorie":0.0,"mDistance":0.0,"mNowHealthyStep":0,"mRunStepCount":0,"mSpeed":0.0,"mStartTime":1613624400000,"mStepCount":0,"mTimeUnit":600000,"mTotalActiveTime":0.0,"mWalkStepCount":0},{"mCalorie":0.0,"mDistance":0.0,"mNowHealthyStep":0,"mRunStepCount":0,"mSpeed":0.0,"mStartTime":1613625000000,"mStepCount":0,"mTimeUnit":600000,"mTotalActiveTime":0.0,"mWalkStepCount":0},{"mCalorie":5.399999916553497,"mDistance":107.80999946594238,"mNowHealthyStep":0,"mRunStepCount":0,"mSpeed":5.2765793800354,"mStartTime":1613625600000,"mStepCount":154,"mTimeUnit":600000,"mTotalActiveTime":73554.4671262987,"mWalkStepCount":154},{"mCalorie":18.460000097751617,"mDistance":349.3500099182129,"mNowHealthyStep":0,"mRunStepCount":5,"mSpeed":5.476574420928955,"mStartTime":1613626200000,"mStepCount":464,"mTimeUnit":600000,"mTotalActiveTime":229643.56087925794,"mWalkStepCount":459},{"mCalorie":0.0,"mDistance":0.0,"mNowHealthyStep":0,"mRunStepCount":0,"mSpeed":0.0,"mStartTime":1613626800000,"mStepCount":0,"mTimeUnit":600000,"mTotalActiveTime":0.0,"mWalkStepCount":0},{"mCalorie":0.0,"mDistance":0.0,"mNowHealthyStep":0,"mRunStepCount":0,"mSpeed":0.0,"mStartTime":1613627400000,"mStepCount":0,"mTimeUnit":600000,"mTotalActiveTime":0.0,"mWalkStepCount":0},{"mCalorie":22.029999494552612,"mDistance":378.8400249481201,"mNowHealthyStep":0,"mRunStepCount":0,"mSpeed":4.767418384552002,"mStartTime":1613628000000,"mStepCount":525,"mTimeUnit":600000,"mTotalActiveTime":286071.81966413534,"mWalkStepCount":525},{"mCalorie":2.690000057220459,"mDistance":51.43000030517578,"mNowHealthyStep":0,"mRunStepCount":0,"mSpeed":4.5,"mStartTime":1613628600000,"mStepCount":69,"mTimeUnit":600000,"mTotalActiveTime":41144.000244140625,"mWalkStepCount":69},{"mCalorie":2.340000033378601,"mDistance":44.09000062942505,"mNowHealthyStep":0,"mRunStepCount":0,"mSpeed":3.720633029937744,"mStartTime":1613629200000,"mStepCount":61,"mTimeUnit":600000,"mTotalActiveTime":42660.48419566747,"mWalkStepCount":61},{"mCalorie":0.0,"mDistance":0.0,"mNowHealthyStep":0,"mRunStepCount":0,"mSpeed":0.0,"mStartTime":1613629800000,"mStepCount":0,"mTimeUnit":600000,"mTotalActiveTime":0.0,"mWalkStepCount":0},{"mCalorie":0.0,"mDistance":0.0,"mNowHealthyStep":0,"mRunStepCount":0,"mSpeed":0.0,"mStartTime":1613630400000,"mStepCount":0,"mTimeUnit":600000,"mTotalActiveTime":0.0,"mWalkStepCount":0},{"mCalorie":0.0,"mDistance":0.0,"mNowHealthyStep":0,"mRunStepCount":0,"mSpeed":0.0,"mStartTime":1613631000000,"mStepCount":0,"mTimeUnit":600000,"mTotalActiveTime":0.0,"mWalkStepCount":0},{"mCalorie":0.0,"mDistance":0.0,"mNowHealthyStep":0,"mRunStepCount":0,"mSpeed":0.0,"mStartTime":1613631600000,"mStepCount":0,"mTimeUnit":600000,"mTotalActiveTime":0.0,"mWalkStepCount":0},{"mCalorie":0.0,"mDistance":0.0,"mNowHealthyStep":0,"mRunStepCount":0,"mSpeed":0.0,"mStartTime":1613632200000,"mStepCount":0,"mTimeUnit":600000,"mTotalActiveTime":0.0,"mWalkStepCount":0},{"mCalorie":0.0,"mDistance":0.0,"mNowHealthyStep":0,"mRunStepCount":0,"mSpeed":0.0,"mStartTime":1613632800000,"mStepCount":0,"mTimeUnit":600000,"mTotalActiveTime":0.0,"mWalkStepCount":0},{"mCalorie":0.0,"mDistance":0.0,"mNowHealthyStep":0,"mRunStepCount":0,"mSpeed":0.0,"mStartTime":1613633400000,"mStepCount":0,"mTimeUnit":600000,"mTotalActiveTime":0.0,"mWalkStepCount":0},{"mCalorie":0.0,"mDistance":0.0,"mNowHealthyStep":0,"mRunStepCount":0,"mSpeed":0.0,"mStartTime":1613634000000,"mStepCount":0,"mTimeUnit":600000,"mTotalActiveTime":0.0,"mWalkStepCount":0},{"mCalorie":0.0,"mDistance":0.0,"mNowHealthyStep":0,"mRunStepCount":0,"mSpeed":0.0,"mStartTime":1613634600000,"mStepCount":0,"mTimeUnit":600000,"mTotalActiveTime":0.0,"mWalkStepCount":0},{"mCalorie":0.0,"mDistance":0.0,"mNowHealthyStep":0,"mRunStepCount":0,"mSpeed":0.0,"mStartTime":1613635200000,"mStepCount":0,"mTimeUnit":600000,"mTotalActiveTime":0.0,"mWalkStepCount":0},{"mCalorie":0.0,"mDistance":0.0,"mNowHealthyStep":0,"mRunStepCount":0,"mSpeed":0.0,"mStartTime":1613635800000,"mStepCount":0,"mTimeUnit":600000,"mTotalActiveTime":0.0,"mWalkStepCount":0},{"mCalorie":0.0,"mDistance":0.0,"mNowHealthyStep":0,"mRunStepCount":0,"mSpeed":0.0,"mStartTime":1613636400000,"mStepCount":0,"mTimeUnit":600000,"mTotalActiveTime":0.0,"mWalkStepCount":0},{"mCalorie":1.2300000190734863,"mDistance":24.130000114440918,"mNowHealthyStep":0,"mRunStepCount":0,"mSpeed":3.835660219192505,"mStartTime":1613637000000,"mStepCount":33,"mTimeUnit":600000,"mTotalActiveTime":22647.470010933106,"mWalkStepCount":33},{"mCalorie":0.0,"mDistance":0.0,"mNowHealthyStep":0,"mRunStepCount":0,"mSpeed":0.0,"mStartTime":1613637600000,"mStepCount":0,"mTimeUnit":600000,"mTotalActiveTime":0.0,"mWalkStepCount":0},{"mCalorie":1.02,"mDistance":20.81,"mNowHealthyStep":0,"mRunStepCount":0,"mSpeed":5.848870277404785,"mStartTime":1613638200000,"mStepCount":27,"mTimeUnit":600000,"mTotalActiveTime":12808.627254316973,"mWalkStepCount":27},{"mCalorie":0.0,"mDistance":0.0,"mNowHealthyStep":0,"mRunStepCount":0,"mSpeed":0.0,"mStartTime":1613638800000,"mStepCount":0,"mTimeUnit":600000,"mTotalActiveTime":0.0,"mWalkStepCount":0},{"mCalorie":0.0,"mDistance":0.0,"mNowHealthyStep":0,"mRunStepCount":0,"mSpeed":0.0,"mStartTime":1613639400000,"mStepCount":0,"mTimeUnit":600000,"mTotalActiveTime":0.0,"mWalkStepCount":0},{"mCalorie":0.0,"mDistance":0.0,"mNowHealthyStep":0,"mRunStepCount":0,"mSpeed":0.0,"mStartTime":1613640000000,"mStepCount":0,"mTimeUnit":600000,"mTotalActiveTime":0.0,"mWalkStepCount":0},{"mCalorie":0.0,"mDistance":0.0,"mNowHealthyStep":0,"mRunStepCount":0,"mSpeed":0.0,"mStartTime":1613640600000,"mStepCount":0,"mTimeUnit":600000,"mTotalActiveTime":0.0,"mWalkStepCount":0},{"mCalorie":0.0,"mDistance":0.0,"mNowHealthyStep":0,"mRunStepCount":0,"mSpeed":0.0,"mStartTime":1613641200000,"mStepCount":0,"mTimeUnit":600000,"mTotalActiveTime":0.0,"mWalkStepCount":0},{"mCalorie":0.0,"mDistance":0.0,"mNowHealthyStep":0,"mRunStepCount":0,"mSpeed":0.0,"mStartTime":1613641800000,"mStepCount":0,"mTimeUnit":600000,"mTotalActiveTime":0.0,"mWalkStepCount":0},{"mCalorie":2.9999999451637267,"mDistance":62.16999988555908,"mNowHealthyStep":0,"mRunStepCount":0,"mSpeed":4.893549919128418,"mStartTime":1613642400000,"mStepCount":81,"mTimeUnit":600000,"mTotalActiveTime":45736.1241196902,"mWalkStepCount":81},{"mCalorie":3.390000007748604,"mDistance":69.06000027656555,"mNowHealthyStep":0,"mRunStepCount":0,"mSpeed":4.0599045753479,"mStartTime":1613643000000,"mStepCount":95,"mTimeUnit":600000,"mTotalActiveTime":61236.90756182424,"mWalkStepCount":95},{"mCalorie":5.219999976158143,"mDistance":96.07000038146967,"mNowHealthyStep":0,"mRunStepCount":3,"mSpeed":4.293080806732178,"mStartTime":1613643600000,"mStepCount":132,"mTimeUnit":600000,"mTotalActiveTime":80560.32514936083,"mWalkStepCount":129},{"mCalorie":1.8899999934434892,"mDistance":36.770000038146975,"mNowHealthyStep":0,"mRunStepCount":2,"mSpeed":4.868956089019775,"mStartTime":1613644200000,"mStepCount":48,"mTimeUnit":600000,"mTotalActiveTime":27186.937304005754,"mWalkStepCount":46},{"mCalorie":9.180000019073486,"mDistance":169.56999893188478,"mNowHealthyStep":0,"mRunStepCount":0,"mSpeed":4.630845546722412,"mStartTime":1613644800000,"mStepCount":247,"mTimeUnit":600000,"mTotalActiveTime":131823.00554154447,"mWalkStepCount":247},{"mCalorie":2.3599999833106997,"mDistance":38.92000019073487,"mNowHealthyStep":0,"mRunStepCount":0,"mSpeed":3.9774158000946045,"mStartTime":1613645400000,"mStepCount":57,"mTimeUnit":600000,"mTotalActiveTime":35226.89378950797,"mWalkStepCount":57},{"mCalorie":5.439999988675117,"mDistance":102.69000038146973,"mNowHealthyStep":0,"mRunStepCount":2,"mSpeed":4.268232822418213,"mStartTime":1613646000000,"mStepCount":139,"mTimeUnit":600000,"mTotalActiveTime":86612.8988729195,"mWalkStepCount":137},{"mCalorie":6.609999854564666,"mDistance":128.8899998664856,"mNowHealthyStep":0,"mRunStepCount":0,"mSpeed":4.08491849899292,"mStartTime":1613646600000,"mStepCount":176,"mTimeUnit":600000,"mTotalActiveTime":113589.53282666122,"mWalkStepCount":176},{"mCalorie":8.280000061988831,"mDistance":162.2299991607666,"mNowHealthyStep":0,"mRunStepCount":0,"mSpeed":4.017724514007568,"mStartTime":1613647200000,"mStepCount":224,"mTimeUnit":600000,"mTotalActiveTime":145362.87081284722,"mWalkStepCount":224},{"mCalorie":0.0,"mDistance":0.0,"mNowHealthyStep":0,"mRunStepCount":0,"mSpeed":0.0,"mStartTime":1613647800000,"mStepCount":0,"mTimeUnit":600000,"mTotalActiveTime":0.0,"mWalkStepCount":0},{"mCalorie":0.0,"mDistance":0.0,"mNowHealthyStep":0,"mRunStepCount":0,"mSpeed":0.0,"mStartTime":1613648400000,"mStepCount":0,"mTimeUnit":600000,"mTotalActiveTime":0.0,"mWalkStepCount":0},{"mCalorie":0.0,"mDistance":0.0,"mNowHealthyStep":0,"mRunStepCount":0,"mSpeed":0.0,"mStartTime":1613649000000,"mStepCount":0,"mTimeUnit":600000,"mTotalActiveTime":0.0,"mWalkStepCount":0},{"mCalorie":10.669999890327459,"mDistance":205.62999565124508,"mNowHealthyStep":0,"mRunStepCount":0,"mSpeed":4.582055568695068,"mStartTime":1613649600000,"mStepCount":275,"mTimeUnit":600000,"mTotalActiveTime":161558.06245865105,"mWalkStepCount":275},{"mCalorie":8.130000114440918,"mDistance":156.59999752044678,"mNowHealthyStep":0,"mRunStepCount":0,"mSpeed":4.900279998779297,"mStartTime":1613650200000,"mStepCount":207,"mTimeUnit":600000,"mTotalActiveTime":115046.48925676625,"mWalkStepCount":207},{"mCalorie":0.0,"mDistance":0.0,"mNowHealthyStep":0,"mRunStepCount":0,"mSpeed":0.0,"mStartTime":1613650800000,"mStepCount":0,"mTimeUnit":600000,"mTotalActiveTime":0.0,"mWalkStepCount":0},{"mCalorie":0.0,"mDistance":0.0,"mNowHealthyStep":0,"mRunStepCount":0,"mSpeed":0.0,"mStartTime":1613651400000,"mStepCount":0,"mTimeUnit":600000,"mTotalActiveTime":0.0,"mWalkStepCount":0},{"mCalorie":7.880000054836273,"mDistance":157.64999668121337,"mNowHealthyStep":0,"mRunStepCount":0,"mSpeed":4.243819713592529,"mStartTime":1613652000000,"mStepCount":215,"mTimeUnit":600000,"mTotalActiveTime":133733.2946341671,"mWalkStepCount":215},{"mCalorie":1.2799999952316283,"mDistance":26.499999771118162,"mNowHealthyStep":0,"mRunStepCount":0,"mSpeed":3.734376907348633,"mStartTime":1613652600000,"mStepCount":37,"mTimeUnit":600000,"mTotalActiveTime":25546.430213440897,"mWalkStepCount":37},{"mCalorie":0.0,"mDistance":0.0,"mNowHealthyStep":0,"mRunStepCount":0,"mSpeed":0.0,"mStartTime":1613653200000,"mStepCount":0,"mTimeUnit":600000,"mTotalActiveTime":0.0,"mWalkStepCount":0},{"mCalorie":0.0,"mDistance":0.0,"mNowHealthyStep":0,"mRunStepCount":0,"mSpeed":0.0,"mStartTime":1613653800000,"mStepCount":0,"mTimeUnit":600000,"mTotalActiveTime":0.0,"mWalkStepCount":0},{"mCalorie":0.0,"mDistance":0.0,"mNowHealthyStep":0,"mRunStepCount":0,"mSpeed":0.0,"mStartTime":1613654400000,"mStepCount":0,"mTimeUnit":600000,"mTotalActiveTime":0.0,"mWalkStepCount":0},{"mCalorie":0.0,"mDistance":0.0,"mNowHealthyStep":0,"mRunStepCount":0,"mSpeed":0.0,"mStartTime":1613655000000,"mStepCount":0,"mTimeUnit":600000,"mTotalActiveTime":0.0,"mWalkStepCount":0},{"mCalorie":0.0,"mDistance":0.0,"mNowHealthyStep":0,"mRunStepCount":0,"mSpeed":0.0,"mStartTime":1613655600000,"mStepCount":0,"mTimeUnit":600000,"mTotalActiveTime":0.0,"mWalkStepCount":0},{"mCalorie":0.0,"mDistance":0.0,"mNowHealthyStep":0,"mRunStepCount":0,"mSpeed":0.0,"mStartTime":1613656200000,"mStepCount":0,"mTimeUnit":600000,"mTotalActiveTime":0.0,"mWalkStepCount":0},{"mCalorie":0.0,"mDistance":0.0,"mNowHealthyStep":0,"mRunStepCount":0,"mSpeed":0.0,"mStartTime":1613656800000,"mStepCount":0,"mTimeUnit":600000,"mTotalActiveTime":0.0,"mWalkStepCount":0},{"mCalorie":0.0,"mDistance":0.0,"mNowHealthyStep":0,"mRunStepCount":0,"mSpeed":0.0,"mStartTime":1613657400000,"mStepCount":0,"mTimeUnit":600000,"mTotalActiveTime":0.0,"mWalkStepCount":0},{"mCalorie":0.0,"mDistance":0.0,"mNowHealthyStep":0,"mRunStepCount":0,"mSpeed":0.0,"mStartTime":1613658000000,"mStepCount":0,"mTimeUnit":600000,"mTotalActiveTime":0.0,"mWalkStepCount":0},{"mCalorie":0.6900000000000003,"mDistance":15.199999999999982,"mNowHealthyStep":0,"mRunStepCount":0,"mSpeed":4.856828212738037,"mStartTime":1613658600000,"mStepCount":20,"mTimeUnit":600000,"mTotalActiveTime":11266.612201042115,"mWalkStepCount":20},{"mCalorie":3.619999999999999,"mDistance":68.77999999999997,"mNowHealthyStep":0,"mRunStepCount":7,"mSpeed":5.974977016448975,"mStartTime":1613659200000,"mStepCount":98,"mTimeUnit":600000,"mTotalActiveTime":41440.82850743926,"mWalkStepCount":91},{"mCalorie":7.650000000000006,"mDistance":153.14000000000007,"mNowHealthyStep":0,"mRunStepCount":5,"mSpeed":4.536284923553467,"mStartTime":1613659800000,"mStepCount":208,"mTimeUnit":600000,"mTotalActiveTime":121532.04992704414,"mWalkStepCount":203},{"mCalorie":0.0,"mDistance":0.0,"mNowHealthyStep":0,"mRunStepCount":0,"mSpeed":0.0,"mStartTime":1613660400000,"mStepCount":0,"mTimeUnit":600000,"mTotalActiveTime":0.0,"mWalkStepCount":0},{"mCalorie":0.44,"mDistance":7.45,"mNowHealthyStep":0,"mRunStepCount":0,"mSpeed":3.0999999046325684,"mStartTime":1613661000000,"mStepCount":11,"mTimeUnit":600000,"mTotalActiveTime":8651.613169381331,"mWalkStepCount":11},{"mCalorie":1.09,"mDistance":26.139999999999997,"mNowHealthyStep":0,"mRunStepCount":0,"mSpeed":5.087724208831787,"mStartTime":1613661600000,"mStepCount":34,"mTimeUnit":600000,"mTotalActiveTime":18496.2852383172,"mWalkStepCount":34},{"mCalorie":0.0,"mDistance":0.0,"mNowHealthyStep":0,"mRunStepCount":0,"mSpeed":0.0,"mStartTime":1613662200000,"mStepCount":0,"mTimeUnit":600000,"mTotalActiveTime":0.0,"mWalkStepCount":0},{"mCalorie":1.0899999999999994,"mDistance":23.77000000000003,"mNowHealthyStep":0,"mRunStepCount":0,"mSpeed":4.015202522277832,"mStartTime":1613662800000,"mStepCount":33,"mTimeUnit":600000,"mTotalActiveTime":21312.001285371687,"mWalkStepCount":33},{"mCalorie":7.819999999999993,"mDistance":158.95999999999992,"mNowHealthyStep":0,"mRunStepCount":0,"mSpeed":4.51815128326416,"mStartTime":1613663400000,"mStepCount":215,"mTimeUnit":600000,"mTotalActiveTime":126657.1160869232,"mWalkStepCount":215},{"mCalorie":3.8600000000000003,"mDistance":73.1,"mNowHealthyStep":0,"mRunStepCount":0,"mSpeed":3.873110771179199,"mStartTime":1613664000000,"mStepCount":103,"mTimeUnit":600000,"mTotalActiveTime":67945.38537239414,"mWalkStepCount":103},{"mCalorie":1.75,"mDistance":35.57,"mNowHealthyStep":0,"mRunStepCount":0,"mSpeed":4.199999809265137,"mStartTime":1613664600000,"mStepCount":49,"mTimeUnit":600000,"mTotalActiveTime":30488.5728131509,"mWalkStepCount":49},{"mCalorie":1.5899999999999999,"mDistance":32.61,"mNowHealthyStep":0,"mRunStepCount":0,"mSpeed":4.268590927124023,"mStartTime":1613665200000,"mStepCount":45,"mTimeUnit":600000,"mTotalActiveTime":27502.283758972742,"mWalkStepCount":45},{"mCalorie":0.0,"mDistance":0.0,"mNowHealthyStep":0,"mRunStepCount":0,"mSpeed":0.0,"mStartTime":1613665800000,"mStepCount":0,"mTimeUnit":600000,"mTotalActiveTime":0.0,"mWalkStepCount":0},{"mCalorie":0.0,"mDistance":0.0,"mNowHealthyStep":0,"mRunStepCount":0,"mSpeed":0.0,"mStartTime":1613666400000,"mStepCount":0,"mTimeUnit":600000,"mTotalActiveTime":0.0,"mWalkStepCount":0},{"mCalorie":0.0,"mDistance":0.0,"mNowHealthyStep":0,"mRunStepCount":0,"mSpeed":0.0,"mStartTime":1613667000000,"mStepCount":0,"mTimeUnit":600000,"mTotalActiveTime":0.0,"mWalkStepCount":0},{"mCalorie":0.88,"mDistance":17.67,"mNowHealthyStep":0,"mRunStepCount":0,"mSpeed":4.047318458557129,"mStartTime":1613667600000,"mStepCount":25,"mTimeUnit":600000,"mTotalActiveTime":15717.073343720633,"mWalkStepCount":25},{"mCalorie":0.6,"mDistance":10.64,"mNowHealthyStep":0,"mRunStepCount":0,"mSpeed":4.199999809265137,"mStartTime":1613668200000,"mStepCount":15,"mTimeUnit":600000,"mTotalActiveTime":9120.00041416715,"mWalkStepCount":15},{"mCalorie":0.0,"mDistance":0.0,"mNowHealthyStep":0,"mRunStepCount":0,"mSpeed":0.0,"mStartTime":1613668800000,"mStepCount":0,"mTimeUnit":600000,"mTotalActiveTime":0.0,"mWalkStepCount":0},{"mCalorie":0.0,"mDistance":0.0,"mNowHealthyStep":0,"mRunStepCount":0,"mSpeed":0.0,"mStartTime":1613669400000,"mStepCount":0,"mTimeUnit":600000,"mTotalActiveTime":0.0,"mWalkStepCount":0},{"mCalorie":0.0,"mDistance":0.0,"mNowHealthyStep":0,"mRunStepCount":0,"mSpeed":0.0,"mStartTime":1613670000000,"mStepCount":0,"mTimeUnit":600000,"mTotalActiveTime":0.0,"mWalkStepCount":0},{"mCalorie":8.650000000000006,"mDistance":156.89999999999998,"mNowHealthyStep":0,"mRunStepCount":0,"mSpeed":4.503049373626709,"mStartTime":1613670600000,"mStepCount":220,"mTimeUnit":600000,"mTotalActiveTime":125435.00530211518,"mWalkStepCount":220},{"mCalorie":6.300000000000003,"mDistance":128.65999999999983,"mNowHealthyStep":0,"mRunStepCount":0,"mSpeed":4.318531036376953,"mStartTime":1613671200000,"mStepCount":177,"mTimeUnit":600000,"mTotalActiveTime":107253.14063504417,"mWalkStepCount":177},{"mCalorie":2.06,"mDistance":39.339999999999996,"mNowHealthyStep":0,"mRunStepCount":0,"mSpeed":3.9650676250457764,"mStartTime":1613671800000,"mStepCount":54,"mTimeUnit":600000,"mTotalActiveTime":35717.92745572487,"mWalkStepCount":54},{"mCalorie":0.0,"mDistance":0.0,"mNowHealthyStep":0,"mRunStepCount":0,"mSpeed":0.0,"mStartTime":1613672400000,"mStepCount":0,"mTimeUnit":600000,"mTotalActiveTime":0.0,"mWalkStepCount":0},{"mCalorie":0.0,"mDistance":0.0,"mNowHealthyStep":0,"mRunStepCount":0,"mSpeed":0.0,"mStartTime":1613673000000,"mStepCount":0,"mTimeUnit":600000,"mTotalActiveTime":0.0,"mWalkStepCount":0},{"mCalorie":0.0,"mDistance":0.0,"mNowHealthyStep":0,"mRunStepCount":0,"mSpeed":0.0,"mStartTime":1613673600000,"mStepCount":0,"mTimeUnit":600000,"mTotalActiveTime":0.0,"mWalkStepCount":0},{"mCalorie":1.18,"mDistance":27.04,"mNowHealthyStep":0,"mRunStepCount":0,"mSpeed":6.030603885650635,"mStartTime":1613674200000,"mStepCount":34,"mTimeUnit":600000,"mTotalActiveTime":16141.666450735967,"mWalkStepCount":34},{"mCalorie":4.16,"mDistance":83.74,"mNowHealthyStep":0,"mRunStepCount":0,"mSpeed":4.309717178344727,"mStartTime":1613674800000,"mStepCount":115,"mTimeUnit":600000,"mTotalActiveTime":69949.83221399316,"mWalkStepCount":115},{"mCalorie":4.93,"mDistance":105.86000000000041,"mNowHealthyStep":0,"mRunStepCount":0,"mSpeed":4.800869941711426,"mStartTime":1613675400000,"mStepCount":142,"mTimeUnit":600000,"mTotalActiveTime":79380.61365516094,"mWalkStepCount":142},{"mCalorie":0.95,"mDistance":18.48,"mNowHealthyStep":0,"mRunStepCount":0,"mSpeed":4.038052558898926,"mStartTime":1613676000000,"mStepCount":26,"mTimeUnit":600000,"mTotalActiveTime":16475.268438508298,"mWalkStepCount":26},{"mCalorie":0.0,"mDistance":0.0,"mNowHealthyStep":0,"mRunStepCount":0,"mSpeed":0.0,"mStartTime":1613676600000,"mStepCount":0,"mTimeUnit":600000,"mTotalActiveTime":0.0,"mWalkStepCount":0},{"mCalorie":0.0,"mDistance":0.0,"mNowHealthyStep":0,"mRunStepCount":0,"mSpeed":0.0,"mStartTime":1613677200000,"mStepCount":0,"mTimeUnit":600000,"mTotalActiveTime":0.0,"mWalkStepCount":0},{"mCalorie":4.699999923706053,"mDistance":87.86000122070296,"mNowHealthyStep":0,"mRunStepCount":0,"mSpeed":4.191389083862305,"mStartTime":1613677800000,"mStepCount":121,"mTimeUnit":600000,"mTotalActiveTime":75463.28782497304,"mWalkStepCount":121},{"mCalorie":0.0,"mDistance":0.0,"mNowHealthyStep":0,"mRunStepCount":0,"mSpeed":0.0,"mStartTime":1613678400000,"mStepCount":0,"mTimeUnit":600000,"mTotalActiveTime":0.0,"mWalkStepCount":0},{"mCalorie":0.0,"mDistance":0.0,"mNowHealthyStep":0,"mRunStepCount":0,"mSpeed":0.0,"mStartTime":1613679000000,"mStepCount":0,"mTimeUnit":600000,"mTotalActiveTime":0.0,"mWalkStepCount":0},{"mCalorie":0.0,"mDistance":0.0,"mNowHealthyStep":0,"mRunStepCount":0,"mSpeed":0.0,"mStartTime":1613679600000,"mStepCount":0,"mTimeUnit":600000,"mTotalActiveTime":0.0,"mWalkStepCount":0},{"mCalorie":0.0,"mDistance":0.0,"mNowHealthyStep":0,"mRunStepCount":0,"mSpeed":0.0,"mStartTime":1613680200000,"mStepCount":0,"mTimeUnit":600000,"mTotalActiveTime":0.0,"mWalkStepCount":0},{"mCalorie":0.0,"mDistance":0.0,"mNowHealthyStep":0,"mRunStepCount":0,"mSpeed":0.0,"mStartTime":1613680800000,"mStepCount":0,"mTimeUnit":600000,"mTotalActiveTime":0.0,"mWalkStepCount":0},{"mCalorie":0.7000000000000001,"mDistance":20.09,"mNowHealthyStep":0,"mRunStepCount":0,"mSpeed":6.890429496765137,"mStartTime":1613681400000,"mStepCount":25,"mTimeUnit":600000,"mTotalActiveTime":10496.297681720254,"mWalkStepCount":25},{"mCalorie":1.94,"mDistance":36.980000000000004,"mNowHealthyStep":0,"mRunStepCount":4,"mSpeed":7.304457187652588,"mStartTime":1613682000000,"mStepCount":44,"mTimeUnit":600000,"mTotalActiveTime":18225.58381133828,"mWalkStepCount":40},{"mCalorie":0.0,"mDistance":0.0,"mNowHealthyStep":0,"mRunStepCount":0,"mSpeed":0.0,"mStartTime":1613682600000,"mStepCount":0,"mTimeUnit":600000,"mTotalActiveTime":0.0,"mWalkStepCount":0},{"mCalorie":0.0,"mDistance":0.0,"mNowHealthyStep":0,"mRunStepCount":0,"mSpeed":0.0,"mStartTime":1613683200000,"mStepCount":0,"mTimeUnit":600000,"mTotalActiveTime":0.0,"mWalkStepCount":0},{"mCalorie":0.0,"mDistance":0.0,"mNowHealthyStep":0,"mRunStepCount":0,"mSpeed":0.0,"mStartTime":1613683800000,"mStepCount":0,"mTimeUnit":600000,"mTotalActiveTime":0.0,"mWalkStepCount":0},{"mCalorie":0.0,"mDistance":0.0,"mNowHealthyStep":0,"mRunStepCount":0,"mSpeed":0.0,"mStartTime":1613684400000,"mStepCount":0,"mTimeUnit":600000,"mTotalActiveTime":0.0,"mWalkStepCount":0},{"mCalorie":0.0,"mDistance":0.0,"mNowHealthyStep":0,"mRunStepCount":0,"mSpeed":0.0,"mStartTime":1613685000000,"mStepCount":0,"mTimeUnit":600000,"mTotalActiveTime":0.0,"mWalkStepCount":0},{"mCalorie":0.77,"mDistance":11.55,"mNowHealthyStep":0,"mRunStepCount":3,"mSpeed":7.599999904632568,"mStartTime":1613685600000,"mStepCount":13,"mTimeUnit":600000,"mTotalActiveTime":5471.052700231611,"mWalkStepCount":10},{"mCalorie":0.0,"mDistance":0.0,"mNowHealthyStep":0,"mRunStepCount":0,"mSpeed":0.0,"mStartTime":1613686200000,"mStepCount":0,"mTimeUnit":600000,"mTotalActiveTime":0.0,"mWalkStepCount":0},{"mCalorie":0.0,"mDistance":0.0,"mNowHealthyStep":0,"mRunStepCount":0,"mSpeed":0.0,"mStartTime":1613686800000,"mStepCount":0,"mTimeUnit":600000,"mTotalActiveTime":0.0,"mWalkStepCount":0},{"mCalorie":0.0,"mDistance":0.0,"mNowHealthyStep":0,"mRunStepCount":0,"mSpeed":0.0,"mStartTime":1613687400000,"mStepCount":0,"mTimeUnit":600000,"mTotalActiveTime":0.0,"mWalkStepCount":0},{"mCalorie":0.0,"mDistance":0.0,"mNowHealthyStep":0,"mRunStepCount":0,"mSpeed":0.0,"mStartTime":1613688000000,"mStepCount":0,"mTimeUnit":600000,"mTotalActiveTime":0.0,"mWalkStepCount":0},{"mCalorie":0.0,"mDistance":0.0,"mNowHealthyStep":0,"mRunStepCount":0,"mSpeed":0.0,"mStartTime":1613688600000,"mStepCount":0,"mTimeUnit":600000,"mTotalActiveTime":0.0,"mWalkStepCount":0}]