[{"mCalorie":0.0,"mDistance":0.0,"mNowHealthyStep":0,"mRunStepCount":0,"mSpeed":0.0,"mStartTime":1602280800000,"mStepCount":0,"mTimeUnit":600000,"mTotalActiveTime":0.0,"mWalkStepCount":0},{"mCalorie":0.0,"mDistance":0.0,"mNowHealthyStep":0,"mRunStepCount":0,"mSpeed":0.0,"mStartTime":1602281400000,"mStepCount":0,"mTimeUnit":600000,"mTotalActiveTime":0.0,"mWalkStepCount":0},{"mCalorie":0.0,"mDistance":0.0,"mNowHealthyStep":0,"mRunStepCount":0,"mSpeed":0.0,"mStartTime":1602282000000,"mStepCount":0,"mTimeUnit":600000,"mTotalActiveTime":0.0,"mWalkStepCount":0},{"mCalorie":0.0,"mDistance":0.0,"mNowHealthyStep":0,"mRunStepCount":0,"mSpeed":0.0,"mStartTime":1602282600000,"mStepCount":0,"mTimeUnit":600000,"mTotalActiveTime":0.0,"mWalkStepCount":0},{"mCalorie":0.0,"mDistance":0.0,"mNowHealthyStep":0,"mRunStepCount":0,"mSpeed":0.0,"mStartTime":1602283200000,"mStepCount":0,"mTimeUnit":600000,"mTotalActiveTime":0.0,"mWalkStepCount":0},{"mCalorie":0.0,"mDistance":0.0,"mNowHealthyStep":0,"mRunStepCount":0,"mSpeed":0.0,"mStartTime":1602283800000,"mStepCount":0,"mTimeUnit":600000,"mTotalActiveTime":0.0,"mWalkStepCount":0},{"mCalorie":0.0,"mDistance":0.0,"mNowHealthyStep":0,"mRunStepCount":0,"mSpeed":0.0,"mStartTime":1602284400000,"mStepCount":0,"mTimeUnit":600000,"mTotalActiveTime":0.0,"mWalkStepCount":0},{"mCalorie":0.0,"mDistance":0.0,"mNowHealthyStep":0,"mRunStepCount":0,"mSpeed":0.0,"mStartTime":1602285000000,"mStepCount":0,"mTimeUnit":600000,"mTotalActiveTime":0.0,"mWalkStepCount":0},{"mCalorie":0.0,"mDistance":0.0,"mNowHealthyStep":0,"mRunStepCount":0,"mSpeed":0.0,"mStartTime":1602285600000,"mStepCount":0,"mTimeUnit":600000,"mTotalActiveTime":0.0,"mWalkStepCount":0},{"mCalorie":0.0,"mDistance":0.0,"mNowHealthyStep":0,"mRunStepCount":0,"mSpeed":0.0,"mStartTime":1602286200000,"mStepCount":0,"mTimeUnit":600000,"mTotalActiveTime":0.0,"mWalkStepCount":0},{"mCalorie":0.0,"mDistance":0.0,"mNowHealthyStep":0,"mRunStepCount":0,"mSpeed":0.0,"mStartTime":1602286800000,"mStepCount":0,"mTimeUnit":600000,"mTotalActiveTime":0.0,"mWalkStepCount":0},{"mCalorie":0.0,"mDistance":0.0,"mNowHealthyStep":0,"mRunStepCount":0,"mSpeed":0.0,"mStartTime":1602287400000,"mStepCount":0,"mTimeUnit":600000,"mTotalActiveTime":0.0,"mWalkStepCount":0},{"mCalorie":0.0,"mDistance":0.0,"mNowHealthyStep":0,"mRunStepCount":0,"mSpeed":0.0,"mStartTime":1602288000000,"mStepCount":0,"mTimeUnit":600000,"mTotalActiveTime":0.0,"mWalkStepCount":0},{"mCalorie":0.0,"mDistance":0.0,"mNowHealthyStep":0,"mRunStepCount":0,"mSpeed":0.0,"mStartTime":1602288600000,"mStepCount":0,"mTimeUnit":600000,"mTotalActiveTime":0.0,"mWalkStepCount":0},{"mCalorie":0.0,"mDistance":0.0,"mNowHealthyStep":0,"mRunStepCount":0,"mSpeed":0.0,"mStartTime":1602289200000,"mStepCount":0,"mTimeUnit":600000,"mTotalActiveTime":0.0,"mWalkStepCount":0},{"mCalorie":0.0,"mDistance":0.0,"mNowHealthyStep":0,"mRunStepCount":0,"mSpeed":0.0,"mStartTime":1602289800000,"mStepCount":0,"mTimeUnit":600000,"mTotalActiveTime":0.0,"mWalkStepCount":0},{"mCalorie":0.0,"mDistance":0.0,"mNowHealthyStep":0,"mRunStepCount":0,"mSpeed":0.0,"mStartTime":1602290400000,"mStepCount":0,"mTimeUnit":600000,"mTotalActiveTime":0.0,"mWalkStepCount":0},{"mCalorie":0.0,"mDistance":0.0,"mNowHealthyStep":0,"mRunStepCount":0,"mSpeed":0.0,"mStartTime":1602291000000,"mStepCount":0,"mTimeUnit":600000,"mTotalActiveTime":0.0,"mWalkStepCount":0},{"mCalorie":0.0,"mDistance":0.0,"mNowHealthyStep":0,"mRunStepCount":0,"mSpeed":0.0,"mStartTime":1602291600000,"mStepCount":0,"mTimeUnit":600000,"mTotalActiveTime":0.0,"mWalkStepCount":0},{"mCalorie":0.0,"mDistance":0.0,"mNowHealthyStep":0,"mRunStepCount":0,"mSpeed":0.0,"mStartTime":1602292200000,"mStepCount":0,"mTimeUnit":600000,"mTotalActiveTime":0.0,"mWalkStepCount":0},{"mCalorie":0.0,"mDistance":0.0,"mNowHealthyStep":0,"mRunStepCount":0,"mSpeed":0.0,"mStartTime":1602292800000,"mStepCount":0,"mTimeUnit":600000,"mTotalActiveTime":0.0,"mWalkStepCount":0},{"mCalorie":0.0,"mDistance":0.0,"mNowHealthyStep":0,"mRunStepCount":0,"mSpeed":0.0,"mStartTime":1602293400000,"mStepCount":0,"mTimeUnit":600000,"mTotalActiveTime":0.0,"mWalkStepCount":0},{"mCalorie":0.0,"mDistance":0.0,"mNowHealthyStep":0,"mRunStepCount":0,"mSpeed":0.0,"mStartTime":1602294000000,"mStepCount":0,"mTimeUnit":600000,"mTotalActiveTime":0.0,"mWalkStepCount":0},{"mCalorie":0.0,"mDistance":0.0,"mNowHealthyStep":0,"mRunStepCount":0,"mSpeed":0.0,"mStartTime":1602294600000,"mStepCount":0,"mTimeUnit":600000,"mTotalActiveTime":0.0,"mWalkStepCount":0},{"mCalorie":0.0,"mDistance":0.0,"mNowHealthyStep":0,"mRunStepCount":0,"mSpeed":0.0,"mStartTime":1602295200000,"mStepCount":0,"mTimeUnit":600000,"mTotalActiveTime":0.0,"mWalkStepCount":0},{"mCalorie":0.0,"mDistance":0.0,"mNowHealthyStep":0,"mRunStepCount":0,"mSpeed":0.0,"mStartTime":1602295800000,"mStepCount":0,"mTimeUnit":600000,"mTotalActiveTime":0.0,"mWalkStepCount":0},{"mCalorie":0.0,"mDistance":0.0,"mNowHealthyStep":0,"mRunStepCount":0,"mSpeed":0.0,"mStartTime":1602296400000,"mStepCount":0,"mTimeUnit":600000,"mTotalActiveTime":0.0,"mWalkStepCount":0},{"mCalorie":0.0,"mDistance":0.0,"mNowHealthyStep":0,"mRunStepCount":0,"mSpeed":0.0,"mStartTime":1602297000000,"mStepCount":0,"mTimeUnit":600000,"mTotalActiveTime":0.0,"mWalkStepCount":0},{"mCalorie":0.0,"mDistance":0.0,"mNowHealthyStep":0,"mRunStepCount":0,"mSpeed":0.0,"mStartTime":1602297600000,"mStepCount":0,"mTimeUnit":600000,"mTotalActiveTime":0.0,"mWalkStepCount":0},{"mCalorie":0.0,"mDistance":0.0,"mNowHealthyStep":0,"mRunStepCount":0,"mSpeed":0.0,"mStartTime":1602298200000,"mStepCount":0,"mTimeUnit":600000,"mTotalActiveTime":0.0,"mWalkStepCount":0},{"mCalorie":0.0,"mDistance":0.0,"mNowHealthyStep":0,"mRunStepCount":0,"mSpeed":0.0,"mStartTime":1602298800000,"mStepCount":0,"mTimeUnit":600000,"mTotalActiveTime":0.0,"mWalkStepCount":0},{"mCalorie":0.0,"mDistance":0.0,"mNowHealthyStep":0,"mRunStepCount":0,"mSpeed":0.0,"mStartTime":1602299400000,"mStepCount":0,"mTimeUnit":600000,"mTotalActiveTime":0.0,"mWalkStepCount":0},{"mCalorie":0.0,"mDistance":0.0,"mNowHealthyStep":0,"mRunStepCount":0,"mSpeed":0.0,"mStartTime":1602300000000,"mStepCount":0,"mTimeUnit":600000,"mTotalActiveTime":0.0,"mWalkStepCount":0},{"mCalorie":0.0,"mDistance":0.0,"mNowHealthyStep":0,"mRunStepCount":0,"mSpeed":0.0,"mStartTime":1602300600000,"mStepCount":0,"mTimeUnit":600000,"mTotalActiveTime":0.0,"mWalkStepCount":0},{"mCalorie":0.0,"mDistance":0.0,"mNowHealthyStep":0,"mRunStepCount":0,"mSpeed":0.0,"mStartTime":1602301200000,"mStepCount":0,"mTimeUnit":600000,"mTotalActiveTime":0.0,"mWalkStepCount":0},{"mCalorie":0.0,"mDistance":0.0,"mNowHealthyStep":0,"mRunStepCount":0,"mSpeed":0.0,"mStartTime":1602301800000,"mStepCount":0,"mTimeUnit":600000,"mTotalActiveTime":0.0,"mWalkStepCount":0},{"mCalorie":1.1300000000000001,"mDistance":26.43,"mNowHealthyStep":0,"mRunStepCount":0,"mSpeed":6.848409175872803,"mStartTime":1602302400000,"mStepCount":33,"mTimeUnit":600000,"mTotalActiveTime":13893.445781804108,"mWalkStepCount":33},{"mCalorie":3.2600000000000002,"mDistance":61.769999999999996,"mNowHealthyStep":0,"mRunStepCount":2,"mSpeed":6.332581996917725,"mStartTime":1602303000000,"mStepCount":70,"mTimeUnit":600000,"mTotalActiveTime":35115.53350174459,"mWalkStepCount":68},{"mCalorie":5.390000000000001,"mDistance":111.37,"mNowHealthyStep":0,"mRunStepCount":0,"mSpeed":4.287367820739746,"mStartTime":1602303600000,"mStepCount":152,"mTimeUnit":600000,"mTotalActiveTime":93514.72303867835,"mWalkStepCount":152},{"mCalorie":0.49,"mDistance":11.17,"mNowHealthyStep":0,"mRunStepCount":0,"mSpeed":4.600000381469727,"mStartTime":1602304200000,"mStepCount":15,"mTimeUnit":600000,"mTotalActiveTime":8741.73840549814,"mWalkStepCount":15},{"mCalorie":0.0,"mDistance":0.0,"mNowHealthyStep":0,"mRunStepCount":0,"mSpeed":0.0,"mStartTime":1602304800000,"mStepCount":0,"mTimeUnit":600000,"mTotalActiveTime":0.0,"mWalkStepCount":0},{"mCalorie":0.0,"mDistance":0.0,"mNowHealthyStep":0,"mRunStepCount":0,"mSpeed":0.0,"mStartTime":1602305400000,"mStepCount":0,"mTimeUnit":600000,"mTotalActiveTime":0.0,"mWalkStepCount":0},{"mCalorie":0.0,"mDistance":0.0,"mNowHealthyStep":0,"mRunStepCount":0,"mSpeed":0.0,"mStartTime":1602306000000,"mStepCount":0,"mTimeUnit":600000,"mTotalActiveTime":0.0,"mWalkStepCount":0},{"mCalorie":3.34,"mDistance":64.71,"mNowHealthyStep":0,"mRunStepCount":4,"mSpeed":4.5944695472717285,"mStartTime":1602306600000,"mStepCount":85,"mTimeUnit":600000,"mTotalActiveTime":50703.56702729289,"mWalkStepCount":81},{"mCalorie":0.69,"mDistance":13.12,"mNowHealthyStep":0,"mRunStepCount":0,"mSpeed":4.199999809265137,"mStartTime":1602307200000,"mStepCount":18,"mTimeUnit":600000,"mTotalActiveTime":11245.714796416638,"mWalkStepCount":18},{"mCalorie":1.419999999999999,"mDistance":29.760000000000026,"mNowHealthyStep":0,"mRunStepCount":0,"mSpeed":4.700803756713867,"mStartTime":1602307800000,"mStepCount":40,"mTimeUnit":600000,"mTotalActiveTime":22790.996353377268,"mWalkStepCount":40},{"mCalorie":0.0,"mDistance":0.0,"mNowHealthyStep":0,"mRunStepCount":0,"mSpeed":0.0,"mStartTime":1602308400000,"mStepCount":0,"mTimeUnit":600000,"mTotalActiveTime":0.0,"mWalkStepCount":0},{"mCalorie":0.0,"mDistance":0.0,"mNowHealthyStep":0,"mRunStepCount":0,"mSpeed":0.0,"mStartTime":1602309000000,"mStepCount":0,"mTimeUnit":600000,"mTotalActiveTime":0.0,"mWalkStepCount":0},{"mCalorie":0.0,"mDistance":0.0,"mNowHealthyStep":0,"mRunStepCount":0,"mSpeed":0.0,"mStartTime":1602309600000,"mStepCount":0,"mTimeUnit":600000,"mTotalActiveTime":0.0,"mWalkStepCount":0},{"mCalorie":0.0,"mDistance":0.0,"mNowHealthyStep":0,"mRunStepCount":0,"mSpeed":0.0,"mStartTime":1602310200000,"mStepCount":0,"mTimeUnit":600000,"mTotalActiveTime":0.0,"mWalkStepCount":0},{"mCalorie":5.100000001192095,"mDistance":95.57000017166146,"mNowHealthyStep":0,"mRunStepCount":11,"mSpeed":5.822518825531006,"mStartTime":1602310800000,"mStepCount":117,"mTimeUnit":600000,"mTotalActiveTime":59089.889278529954,"mWalkStepCount":106},{"mCalorie":4.630000000000002,"mDistance":86.69000000000001,"mNowHealthyStep":0,"mRunStepCount":1,"mSpeed":3.9161345958709717,"mStartTime":1602311400000,"mStepCount":122,"mTimeUnit":600000,"mTotalActiveTime":79691.84868737317,"mWalkStepCount":121},{"mCalorie":0.52,"mDistance":9.51,"mNowHealthyStep":0,"mRunStepCount":0,"mSpeed":3.0999999046325684,"mStartTime":1602312000000,"mStepCount":14,"mTimeUnit":600000,"mTotalActiveTime":11043.871307492143,"mWalkStepCount":14},{"mCalorie":1.5299999999999974,"mDistance":31.81999999999998,"mNowHealthyStep":0,"mRunStepCount":3,"mSpeed":6.665136337280273,"mStartTime":1602312600000,"mStepCount":39,"mTimeUnit":600000,"mTotalActiveTime":17186.74551981206,"mWalkStepCount":36},{"mCalorie":3.5500000000000003,"mDistance":64.13,"mNowHealthyStep":0,"mRunStepCount":0,"mSpeed":4.655022144317627,"mStartTime":1602313200000,"mStepCount":91,"mTimeUnit":600000,"mTotalActiveTime":49595.46768040596,"mWalkStepCount":91},{"mCalorie":4.26,"mDistance":83.40999999999997,"mNowHealthyStep":0,"mRunStepCount":0,"mSpeed":4.472748279571533,"mStartTime":1602313800000,"mStepCount":114,"mTimeUnit":600000,"mTotalActiveTime":67134.5650527292,"mWalkStepCount":114},{"mCalorie":2.610000000000004,"mDistance":55.66000000000005,"mNowHealthyStep":0,"mRunStepCount":0,"mSpeed":4.882943630218506,"mStartTime":1602314400000,"mStepCount":73,"mTimeUnit":600000,"mTotalActiveTime":41035.903804438414,"mWalkStepCount":73},{"mCalorie":6.410000009536743,"mDistance":126.57000045776371,"mNowHealthyStep":0,"mRunStepCount":0,"mSpeed":3.9248695373535156,"mStartTime":1602315000000,"mStepCount":175,"mTimeUnit":600000,"mTotalActiveTime":116093.53892346109,"mWalkStepCount":175},{"mCalorie":0.0,"mDistance":0.0,"mNowHealthyStep":0,"mRunStepCount":0,"mSpeed":0.0,"mStartTime":1602315600000,"mStepCount":0,"mTimeUnit":600000,"mTotalActiveTime":0.0,"mWalkStepCount":0},{"mCalorie":0.0,"mDistance":0.0,"mNowHealthyStep":0,"mRunStepCount":0,"mSpeed":0.0,"mStartTime":1602316200000,"mStepCount":0,"mTimeUnit":600000,"mTotalActiveTime":0.0,"mWalkStepCount":0},{"mCalorie":0.76,"mDistance":15.570000038146972,"mNowHealthyStep":0,"mRunStepCount":0,"mSpeed":4.324674606323242,"mStartTime":1602316800000,"mStepCount":21,"mTimeUnit":600000,"mTotalActiveTime":12960.975585972537,"mWalkStepCount":21},{"mCalorie":0.97,"mDistance":16.54,"mNowHealthyStep":0,"mRunStepCount":8,"mSpeed":9.800000190734863,"mStartTime":1602317400000,"mStepCount":18,"mTimeUnit":600000,"mTotalActiveTime":6075.918249092914,"mWalkStepCount":10},{"mCalorie":0.0,"mDistance":0.0,"mNowHealthyStep":0,"mRunStepCount":0,"mSpeed":0.0,"mStartTime":1602318000000,"mStepCount":0,"mTimeUnit":600000,"mTotalActiveTime":0.0,"mWalkStepCount":0},{"mCalorie":0.0,"mDistance":0.0,"mNowHealthyStep":0,"mRunStepCount":0,"mSpeed":0.0,"mStartTime":1602318600000,"mStepCount":0,"mTimeUnit":600000,"mTotalActiveTime":0.0,"mWalkStepCount":0},{"mCalorie":0.0,"mDistance":0.0,"mNowHealthyStep":0,"mRunStepCount":0,"mSpeed":0.0,"mStartTime":1602319200000,"mStepCount":0,"mTimeUnit":600000,"mTotalActiveTime":0.0,"mWalkStepCount":0},{"mCalorie":1.2799999713897705,"mDistance":25.809999465942383,"mNowHealthyStep":0,"mRunStepCount":0,"mSpeed":4.2481794357299805,"mStartTime":1602319800000,"mStepCount":35,"mTimeUnit":600000,"mTotalActiveTime":21871.95703079488,"mWalkStepCount":35},{"mCalorie":0.39,"mDistance":9.24,"mNowHealthyStep":0,"mRunStepCount":0,"mSpeed":5.099999904632568,"mStartTime":1602320400000,"mStepCount":12,"mTimeUnit":600000,"mTotalActiveTime":6522.353063141188,"mWalkStepCount":12},{"mCalorie":0.37,"mDistance":6.77,"mNowHealthyStep":0,"mRunStepCount":0,"mSpeed":3.0999999046325684,"mStartTime":1602321000000,"mStepCount":10,"mTimeUnit":600000,"mTotalActiveTime":7861.935725733102,"mWalkStepCount":10},{"mCalorie":0.98,"mDistance":18.15,"mNowHealthyStep":0,"mRunStepCount":1,"mSpeed":7.867300987243652,"mStartTime":1602321600000,"mStepCount":21,"mTimeUnit":600000,"mTotalActiveTime":8305.26266503177,"mWalkStepCount":20},{"mCalorie":3.289999842643738,"mDistance":62.029998779296875,"mNowHealthyStep":0,"mRunStepCount":5,"mSpeed":4.670151233673096,"mStartTime":1602322200000,"mStepCount":79,"mTimeUnit":600000,"mTotalActiveTime":47816.0093822475,"mWalkStepCount":74},{"mCalorie":0.5699999928474426,"mDistance":11.010000228881836,"mNowHealthyStep":0,"mRunStepCount":0,"mSpeed":4.099999904632568,"mStartTime":1602322800000,"mStepCount":15,"mTimeUnit":600000,"mTotalActiveTime":9667.31749900533,"mWalkStepCount":15},{"mCalorie":0.5,"mDistance":9.289999961853027,"mNowHealthyStep":0,"mRunStepCount":0,"mSpeed":3.6000001430511475,"mStartTime":1602323400000,"mStepCount":13,"mTimeUnit":600000,"mTotalActiveTime":9289.99959270161,"mWalkStepCount":13},{"mCalorie":0.39,"mDistance":7.11,"mNowHealthyStep":0,"mRunStepCount":0,"mSpeed":4.0,"mStartTime":1602324000000,"mStepCount":10,"mTimeUnit":600000,"mTotalActiveTime":6399.0,"mWalkStepCount":10},{"mCalorie":3.3499999666213975,"mDistance":62.97999996185305,"mNowHealthyStep":0,"mRunStepCount":9,"mSpeed":7.339141368865967,"mStartTime":1602324600000,"mStepCount":62,"mTimeUnit":600000,"mTotalActiveTime":30892.98775434344,"mWalkStepCount":53},{"mCalorie":6.489999895095825,"mDistance":99.94999900817871,"mNowHealthyStep":0,"mRunStepCount":0,"mSpeed":4.1636271476745605,"mStartTime":1602325200000,"mStepCount":157,"mTimeUnit":600000,"mTotalActiveTime":86419.84033635996,"mWalkStepCount":157},{"mCalorie":2.860000019073486,"mDistance":56.81999816894531,"mNowHealthyStep":0,"mRunStepCount":0,"mSpeed":4.146952152252197,"mStartTime":1602325800000,"mStepCount":77,"mTimeUnit":600000,"mTotalActiveTime":49325.860224132186,"mWalkStepCount":77},{"mCalorie":9.130000000000003,"mDistance":180.43,"mNowHealthyStep":0,"mRunStepCount":0,"mSpeed":4.024603366851807,"mStartTime":1602326400000,"mStepCount":250,"mTimeUnit":600000,"mTotalActiveTime":161394.28822156266,"mWalkStepCount":250},{"mCalorie":0.0,"mDistance":0.0,"mNowHealthyStep":0,"mRunStepCount":0,"mSpeed":0.0,"mStartTime":1602327000000,"mStepCount":0,"mTimeUnit":600000,"mTotalActiveTime":0.0,"mWalkStepCount":0},{"mCalorie":0.0,"mDistance":0.0,"mNowHealthyStep":0,"mRunStepCount":0,"mSpeed":0.0,"mStartTime":1602327600000,"mStepCount":0,"mTimeUnit":600000,"mTotalActiveTime":0.0,"mWalkStepCount":0},{"mCalorie":0.0,"mDistance":0.0,"mNowHealthyStep":0,"mRunStepCount":0,"mSpeed":0.0,"mStartTime":1602328200000,"mStepCount":0,"mTimeUnit":600000,"mTotalActiveTime":0.0,"mWalkStepCount":0},{"mCalorie":0.41,"mDistance":9.36,"mNowHealthyStep":0,"mRunStepCount":0,"mSpeed":5.600000381469727,"mStartTime":1602328800000,"mStepCount":12,"mTimeUnit":600000,"mTotalActiveTime":6017.142447257556,"mWalkStepCount":12},{"mCalorie":10.46000007033348,"mDistance":203.6800003814697,"mNowHealthyStep":0,"mRunStepCount":0,"mSpeed":4.061762809753418,"mStartTime":1602329400000,"mStepCount":277,"mTimeUnit":600000,"mTotalActiveTime":180524.57110000236,"mWalkStepCount":277},{"mCalorie":1.0799999928474426,"mDistance":17.969999694824217,"mNowHealthyStep":0,"mRunStepCount":0,"mSpeed":4.092267036437988,"mStartTime":1602330000000,"mStepCount":25,"mTimeUnit":600000,"mTotalActiveTime":15808.351361005632,"mWalkStepCount":25},{"mCalorie":0.0,"mDistance":0.0,"mNowHealthyStep":0,"mRunStepCount":0,"mSpeed":0.0,"mStartTime":1602330600000,"mStepCount":0,"mTimeUnit":600000,"mTotalActiveTime":0.0,"mWalkStepCount":0},{"mCalorie":0.0,"mDistance":0.0,"mNowHealthyStep":0,"mRunStepCount":0,"mSpeed":0.0,"mStartTime":1602331200000,"mStepCount":0,"mTimeUnit":600000,"mTotalActiveTime":0.0,"mWalkStepCount":0},{"mCalorie":16.340000009536745,"mDistance":308.5399949645996,"mNowHealthyStep":0,"mRunStepCount":0,"mSpeed":4.1371049880981445,"mStartTime":1602331800000,"mStepCount":422,"mTimeUnit":600000,"mTotalActiveTime":268483.3843386512,"mWalkStepCount":422},{"mCalorie":2.5199999809265137,"mDistance":48.39999961853027,"mNowHealthyStep":0,"mRunStepCount":0,"mSpeed":4.1378350257873535,"mStartTime":1602332400000,"mStepCount":66,"mTimeUnit":600000,"mTotalActiveTime":42108.978731974305,"mWalkStepCount":66},{"mCalorie":1.0999999642372131,"mDistance":22.35999870300293,"mNowHealthyStep":0,"mRunStepCount":0,"mSpeed":3.785700559616089,"mStartTime":1602333000000,"mStepCount":31,"mTimeUnit":600000,"mTotalActiveTime":21263.169783424757,"mWalkStepCount":31},{"mCalorie":0.0,"mDistance":0.0,"mNowHealthyStep":0,"mRunStepCount":0,"mSpeed":0.0,"mStartTime":1602333600000,"mStepCount":0,"mTimeUnit":600000,"mTotalActiveTime":0.0,"mWalkStepCount":0},{"mCalorie":2.380000009536739,"mDistance":49.45999999999994,"mNowHealthyStep":0,"mRunStepCount":0,"mSpeed":4.286505222320557,"mStartTime":1602334200000,"mStepCount":67,"mTimeUnit":600000,"mTotalActiveTime":41538.73222301599,"mWalkStepCount":67},{"mCalorie":1.48,"mDistance":30.080000000000002,"mNowHealthyStep":0,"mRunStepCount":0,"mSpeed":5.458775043487549,"mStartTime":1602334800000,"mStepCount":38,"mTimeUnit":600000,"mTotalActiveTime":19837.41819101733,"mWalkStepCount":38},{"mCalorie":4.299999973773956,"mDistance":86.78999998092651,"mNowHealthyStep":0,"mRunStepCount":0,"mSpeed":4.057557106018066,"mStartTime":1602335400000,"mStepCount":119,"mTimeUnit":600000,"mTotalActiveTime":77002.98695699363,"mWalkStepCount":119},{"mCalorie":2.099999978542328,"mDistance":41.83999980926514,"mNowHealthyStep":0,"mRunStepCount":0,"mSpeed":4.0075602531433105,"mStartTime":1602336000000,"mStepCount":57,"mTimeUnit":600000,"mTotalActiveTime":37584.962038782396,"mWalkStepCount":57},{"mCalorie":0.6499999761581421,"mDistance":12.319999694824219,"mNowHealthyStep":0,"mRunStepCount":0,"mSpeed":3.799999952316284,"mStartTime":1602336600000,"mStepCount":17,"mTimeUnit":600000,"mTotalActiveTime":11671.578804713537,"mWalkStepCount":17},{"mCalorie":1.5700000524520874,"mDistance":31.59000015258789,"mNowHealthyStep":0,"mRunStepCount":0,"mSpeed":4.400000095367432,"mStartTime":1602337200000,"mStepCount":42,"mTimeUnit":600000,"mTotalActiveTime":25846.363201003438,"mWalkStepCount":42},{"mCalorie":6.930000047683715,"mDistance":127.27000011444093,"mNowHealthyStep":0,"mRunStepCount":0,"mSpeed":4.594852924346924,"mStartTime":1602337800000,"mStepCount":193,"mTimeUnit":600000,"mTotalActiveTime":99714.1855789312,"mWalkStepCount":193},{"mCalorie":4.379999899864197,"mDistance":82.16000015258788,"mNowHealthyStep":0,"mRunStepCount":0,"mSpeed":3.5186750888824463,"mStartTime":1602338400000,"mStepCount":115,"mTimeUnit":600000,"mTotalActiveTime":84058.91369028465,"mWalkStepCount":115},{"mCalorie":2.2500000381469727,"mDistance":42.42999946594239,"mNowHealthyStep":0,"mRunStepCount":0,"mSpeed":3.380601167678833,"mStartTime":1602339000000,"mStepCount":60,"mTimeUnit":600000,"mTotalActiveTime":45183.67935634541,"mWalkStepCount":60},{"mCalorie":0.0,"mDistance":0.0,"mNowHealthyStep":0,"mRunStepCount":0,"mSpeed":0.0,"mStartTime":1602339600000,"mStepCount":0,"mTimeUnit":600000,"mTotalActiveTime":0.0,"mWalkStepCount":0},{"mCalorie":1.6699999570846558,"mDistance":31.440000534057617,"mNowHealthyStep":0,"mRunStepCount":0,"mSpeed":3.4000003337860107,"mStartTime":1602340200000,"mStepCount":44,"mTimeUnit":600000,"mTotalActiveTime":33289.40906207893,"mWalkStepCount":44},{"mCalorie":6.3000001049041625,"mDistance":120.72000175476052,"mNowHealthyStep":0,"mRunStepCount":0,"mSpeed":4.076052665710449,"mStartTime":1602340800000,"mStepCount":166,"mTimeUnit":600000,"mTotalActiveTime":106620.79852049136,"mWalkStepCount":166},{"mCalorie":0.0,"mDistance":0.0,"mNowHealthyStep":0,"mRunStepCount":0,"mSpeed":0.0,"mStartTime":1602341400000,"mStepCount":0,"mTimeUnit":600000,"mTotalActiveTime":0.0,"mWalkStepCount":0},{"mCalorie":1.54,"mDistance":34.0,"mNowHealthyStep":0,"mRunStepCount":0,"mSpeed":5.71690559387207,"mStartTime":1602342000000,"mStepCount":37,"mTimeUnit":600000,"mTotalActiveTime":21410.183478512827,"mWalkStepCount":37},{"mCalorie":2.15,"mDistance":45.690000000000005,"mNowHealthyStep":0,"mRunStepCount":0,"mSpeed":4.325444221496582,"mStartTime":1602342600000,"mStepCount":62,"mTimeUnit":600000,"mTotalActiveTime":38027.07715195877,"mWalkStepCount":62},{"mCalorie":7.370000045895576,"mDistance":125.27000232696533,"mNowHealthyStep":0,"mRunStepCount":0,"mSpeed":4.634541988372803,"mStartTime":1602343200000,"mStepCount":195,"mTimeUnit":600000,"mTotalActiveTime":97306.70558245566,"mWalkStepCount":195},{"mCalorie":2.0399999618530273,"mDistance":42.3100004196167,"mNowHealthyStep":0,"mRunStepCount":0,"mSpeed":4.563792705535889,"mStartTime":1602343800000,"mStepCount":59,"mTimeUnit":600000,"mTotalActiveTime":33374.874025039484,"mWalkStepCount":59},{"mCalorie":9.920000247955322,"mDistance":187.63999950408936,"mNowHealthyStep":0,"mRunStepCount":0,"mSpeed":4.342817783355713,"mStartTime":1602344400000,"mStepCount":254,"mTimeUnit":600000,"mTotalActiveTime":155545.09900940338,"mWalkStepCount":254},{"mCalorie":9.569999799728393,"mDistance":182.3199998474121,"mNowHealthyStep":0,"mRunStepCount":0,"mSpeed":4.281174659729004,"mStartTime":1602345000000,"mStepCount":248,"mTimeUnit":600000,"mTotalActiveTime":153311.19870492423,"mWalkStepCount":248},{"mCalorie":0.07000000029802322,"mDistance":1.5299999713897705,"mNowHealthyStep":0,"mRunStepCount":0,"mSpeed":5.099999904632568,"mStartTime":1602345600000,"mStepCount":2,"mTimeUnit":600000,"mTotalActiveTime":1079.9999999999998,"mWalkStepCount":2},{"mCalorie":0.0,"mDistance":0.0,"mNowHealthyStep":0,"mRunStepCount":0,"mSpeed":0.0,"mStartTime":1602346200000,"mStepCount":0,"mTimeUnit":600000,"mTotalActiveTime":0.0,"mWalkStepCount":0},{"mCalorie":10.979999780654907,"mDistance":204.80999755859375,"mNowHealthyStep":0,"mRunStepCount":0,"mSpeed":4.3156843185424805,"mStartTime":1602346800000,"mStepCount":276,"mTimeUnit":600000,"mTotalActiveTime":170845.68093173578,"mWalkStepCount":276},{"mCalorie":0.0,"mDistance":0.0,"mNowHealthyStep":0,"mRunStepCount":0,"mSpeed":0.0,"mStartTime":1602347400000,"mStepCount":0,"mTimeUnit":600000,"mTotalActiveTime":0.0,"mWalkStepCount":0},{"mCalorie":1.9099999856948682,"mDistance":38.720000686645605,"mNowHealthyStep":0,"mRunStepCount":0,"mSpeed":3.92203950881958,"mStartTime":1602348000000,"mStepCount":54,"mTimeUnit":600000,"mTotalActiveTime":35540.693822539426,"mWalkStepCount":54},{"mCalorie":5.4700000905990604,"mDistance":110.95999946594239,"mNowHealthyStep":0,"mRunStepCount":0,"mSpeed":4.352756977081299,"mStartTime":1602348600000,"mStepCount":149,"mTimeUnit":600000,"mTotalActiveTime":91770.80428874028,"mWalkStepCount":149},{"mCalorie":1.1600000000000001,"mDistance":20.77,"mNowHealthyStep":0,"mRunStepCount":4,"mSpeed":5.784852504730225,"mStartTime":1602349200000,"mStepCount":26,"mTimeUnit":600000,"mTotalActiveTime":12925.481142252816,"mWalkStepCount":22},{"mCalorie":3.4800000000000004,"mDistance":72.61,"mNowHealthyStep":0,"mRunStepCount":0,"mSpeed":5.572061061859131,"mStartTime":1602349800000,"mStepCount":96,"mTimeUnit":600000,"mTotalActiveTime":46911.90591108674,"mWalkStepCount":96},{"mCalorie":0.38,"mDistance":8.22,"mNowHealthyStep":0,"mRunStepCount":0,"mSpeed":4.5,"mStartTime":1602350400000,"mStepCount":11,"mTimeUnit":600000,"mTotalActiveTime":6576.000000000001,"mWalkStepCount":11},{"mCalorie":0.949999988079071,"mDistance":18.8700008392334,"mNowHealthyStep":0,"mRunStepCount":0,"mSpeed":3.799999475479126,"mStartTime":1602351000000,"mStepCount":26,"mTimeUnit":600000,"mTotalActiveTime":17876.84536789968,"mWalkStepCount":26},{"mCalorie":4.590000000000011,"mDistance":89.52999999999989,"mNowHealthyStep":0,"mRunStepCount":4,"mSpeed":4.110405921936035,"mStartTime":1602351600000,"mStepCount":124,"mTimeUnit":600000,"mTotalActiveTime":78412.6891385288,"mWalkStepCount":120},{"mCalorie":2.4600000000000115,"mDistance":55.57999999999991,"mNowHealthyStep":0,"mRunStepCount":0,"mSpeed":5.457431793212891,"mStartTime":1602352200000,"mStepCount":77,"mTimeUnit":600000,"mTotalActiveTime":36663.40019071978,"mWalkStepCount":77},{"mCalorie":5.74000006198883,"mDistance":114.02000095367431,"mNowHealthyStep":0,"mRunStepCount":0,"mSpeed":4.370774269104004,"mStartTime":1602352800000,"mStepCount":154,"mTimeUnit":600000,"mTotalActiveTime":93912.88168996325,"mWalkStepCount":154},{"mCalorie":0.88,"mDistance":17.56,"mNowHealthyStep":0,"mRunStepCount":0,"mSpeed":4.0,"mStartTime":1602353400000,"mStepCount":25,"mTimeUnit":600000,"mTotalActiveTime":15803.999999999998,"mWalkStepCount":25},{"mCalorie":0.0,"mDistance":0.0,"mNowHealthyStep":0,"mRunStepCount":0,"mSpeed":0.0,"mStartTime":1602354000000,"mStepCount":0,"mTimeUnit":600000,"mTotalActiveTime":0.0,"mWalkStepCount":0},{"mCalorie":0.0,"mDistance":0.0,"mNowHealthyStep":0,"mRunStepCount":0,"mSpeed":0.0,"mStartTime":1602354600000,"mStepCount":0,"mTimeUnit":600000,"mTotalActiveTime":0.0,"mWalkStepCount":0},{"mCalorie":0.0,"mDistance":0.0,"mNowHealthyStep":0,"mRunStepCount":0,"mSpeed":0.0,"mStartTime":1602355200000,"mStepCount":0,"mTimeUnit":600000,"mTotalActiveTime":0.0,"mWalkStepCount":0},{"mCalorie":6.499999915361404,"mDistance":127.50999872207642,"mNowHealthyStep":0,"mRunStepCount":0,"mSpeed":4.232322692871094,"mStartTime":1602355800000,"mStepCount":169,"mTimeUnit":600000,"mTotalActiveTime":108459.59355933903,"mWalkStepCount":169},{"mCalorie":5.080000042915344,"mDistance":98.16000080108643,"mNowHealthyStep":0,"mRunStepCount":0,"mSpeed":4.139297962188721,"mStartTime":1602356400000,"mStepCount":134,"mTimeUnit":600000,"mTotalActiveTime":85370.99632831015,"mWalkStepCount":134},{"mCalorie":0.0,"mDistance":0.0,"mNowHealthyStep":0,"mRunStepCount":0,"mSpeed":0.0,"mStartTime":1602357000000,"mStepCount":0,"mTimeUnit":600000,"mTotalActiveTime":0.0,"mWalkStepCount":0},{"mCalorie":0.0,"mDistance":0.0,"mNowHealthyStep":0,"mRunStepCount":0,"mSpeed":0.0,"mStartTime":1602357600000,"mStepCount":0,"mTimeUnit":600000,"mTotalActiveTime":0.0,"mWalkStepCount":0},{"mCalorie":0.0,"mDistance":0.0,"mNowHealthyStep":0,"mRunStepCount":0,"mSpeed":0.0,"mStartTime":1602358200000,"mStepCount":0,"mTimeUnit":600000,"mTotalActiveTime":0.0,"mWalkStepCount":0},{"mCalorie":0.0,"mDistance":0.0,"mNowHealthyStep":0,"mRunStepCount":0,"mSpeed":0.0,"mStartTime":1602358800000,"mStepCount":0,"mTimeUnit":600000,"mTotalActiveTime":0.0,"mWalkStepCount":0},{"mCalorie":0.7100000083446503,"mDistance":13.589999675750732,"mNowHealthyStep":0,"mRunStepCount":0,"mSpeed":3.3465707302093506,"mStartTime":1602359400000,"mStepCount":19,"mTimeUnit":600000,"mTotalActiveTime":14619.143394383918,"mWalkStepCount":19},{"mCalorie":5.850000008344639,"mDistance":111.40900087737998,"mNowHealthyStep":0,"mRunStepCount":4,"mSpeed":4.478630542755127,"mStartTime":1602360000000,"mStepCount":148,"mTimeUnit":600000,"mTotalActiveTime":89552.4605558742,"mWalkStepCount":144},{"mCalorie":0.84,"mDistance":17.17,"mNowHealthyStep":0,"mRunStepCount":0,"mSpeed":5.800734996795654,"mStartTime":1602360600000,"mStepCount":22,"mTimeUnit":600000,"mTotalActiveTime":10655.89102659321,"mWalkStepCount":22},{"mCalorie":0.0,"mDistance":0.0,"mNowHealthyStep":0,"mRunStepCount":0,"mSpeed":0.0,"mStartTime":1602361200000,"mStepCount":0,"mTimeUnit":600000,"mTotalActiveTime":0.0,"mWalkStepCount":0},{"mCalorie":0.0,"mDistance":0.0,"mNowHealthyStep":0,"mRunStepCount":0,"mSpeed":0.0,"mStartTime":1602361800000,"mStepCount":0,"mTimeUnit":600000,"mTotalActiveTime":0.0,"mWalkStepCount":0},{"mCalorie":0.0,"mDistance":0.0,"mNowHealthyStep":0,"mRunStepCount":0,"mSpeed":0.0,"mStartTime":1602362400000,"mStepCount":0,"mTimeUnit":600000,"mTotalActiveTime":0.0,"mWalkStepCount":0},{"mCalorie":0.0,"mDistance":0.0,"mNowHealthyStep":0,"mRunStepCount":0,"mSpeed":0.0,"mStartTime":1602363000000,"mStepCount":0,"mTimeUnit":600000,"mTotalActiveTime":0.0,"mWalkStepCount":0},{"mCalorie":0.0,"mDistance":0.0,"mNowHealthyStep":0,"mRunStepCount":0,"mSpeed":0.0,"mStartTime":1602363600000,"mStepCount":0,"mTimeUnit":600000,"mTotalActiveTime":0.0,"mWalkStepCount":0},{"mCalorie":0.0,"mDistance":0.0,"mNowHealthyStep":0,"mRunStepCount":0,"mSpeed":0.0,"mStartTime":1602364200000,"mStepCount":0,"mTimeUnit":600000,"mTotalActiveTime":0.0,"mWalkStepCount":0},{"mCalorie":0.0,"mDistance":0.0,"mNowHealthyStep":0,"mRunStepCount":0,"mSpeed":0.0,"mStartTime":1602364800000,"mStepCount":0,"mTimeUnit":600000,"mTotalActiveTime":0.0,"mWalkStepCount":0},{"mCalorie":0.36,"mDistance":7.19,"mNowHealthyStep":0,"mRunStepCount":0,"mSpeed":4.299999713897705,"mStartTime":1602365400000,"mStepCount":10,"mTimeUnit":600000,"mTotalActiveTime":6019.535284233223,"mWalkStepCount":10},{"mCalorie":0.0,"mDistance":0.0,"mNowHealthyStep":0,"mRunStepCount":0,"mSpeed":0.0,"mStartTime":1602366000000,"mStepCount":0,"mTimeUnit":600000,"mTotalActiveTime":0.0,"mWalkStepCount":0},{"mCalorie":0.0,"mDistance":0.0,"mNowHealthyStep":0,"mRunStepCount":0,"mSpeed":0.0,"mStartTime":1602366600000,"mStepCount":0,"mTimeUnit":600000,"mTotalActiveTime":0.0,"mWalkStepCount":0}]