[{"mCalorie":0.0,"mDistance":0.0,"mNowHealthyStep":0,"mRunStepCount":0,"mSpeed":0.0,"mStartTime":1590703200000,"mStepCount":0,"mTimeUnit":600000,"mTotalActiveTime":0.0,"mWalkStepCount":0},{"mCalorie":0.0,"mDistance":0.0,"mNowHealthyStep":0,"mRunStepCount":0,"mSpeed":0.0,"mStartTime":1590703800000,"mStepCount":0,"mTimeUnit":600000,"mTotalActiveTime":0.0,"mWalkStepCount":0},{"mCalorie":0.0,"mDistance":0.0,"mNowHealthyStep":0,"mRunStepCount":0,"mSpeed":0.0,"mStartTime":1590704400000,"mStepCount":0,"mTimeUnit":600000,"mTotalActiveTime":0.0,"mWalkStepCount":0},{"mCalorie":0.0,"mDistance":0.0,"mNowHealthyStep":0,"mRunStepCount":0,"mSpeed":0.0,"mStartTime":1590705000000,"mStepCount":0,"mTimeUnit":600000,"mTotalActiveTime":0.0,"mWalkStepCount":0},{"mCalorie":0.0,"mDistance":0.0,"mNowHealthyStep":0,"mRunStepCount":0,"mSpeed":0.0,"mStartTime":1590705600000,"mStepCount":0,"mTimeUnit":600000,"mTotalActiveTime":0.0,"mWalkStepCount":0},{"mCalorie":0.0,"mDistance":0.0,"mNowHealthyStep":0,"mRunStepCount":0,"mSpeed":0.0,"mStartTime":1590706200000,"mStepCount":0,"mTimeUnit":600000,"mTotalActiveTime":0.0,"mWalkStepCount":0},{"mCalorie":0.0,"mDistance":0.0,"mNowHealthyStep":0,"mRunStepCount":0,"mSpeed":0.0,"mStartTime":1590706800000,"mStepCount":0,"mTimeUnit":600000,"mTotalActiveTime":0.0,"mWalkStepCount":0},{"mCalorie":0.0,"mDistance":0.0,"mNowHealthyStep":0,"mRunStepCount":0,"mSpeed":0.0,"mStartTime":1590707400000,"mStepCount":0,"mTimeUnit":600000,"mTotalActiveTime":0.0,"mWalkStepCount":0},{"mCalorie":0.0,"mDistance":0.0,"mNowHealthyStep":0,"mRunStepCount":0,"mSpeed":0.0,"mStartTime":1590708000000,"mStepCount":0,"mTimeUnit":600000,"mTotalActiveTime":0.0,"mWalkStepCount":0},{"mCalorie":0.0,"mDistance":0.0,"mNowHealthyStep":0,"mRunStepCount":0,"mSpeed":0.0,"mStartTime":1590708600000,"mStepCount":0,"mTimeUnit":600000,"mTotalActiveTime":0.0,"mWalkStepCount":0},{"mCalorie":1.3800000000000001,"mDistance":33.28999999999986,"mNowHealthyStep":0,"mRunStepCount":0,"mSpeed":5.3984456062316895,"mStartTime":1590709200000,"mStepCount":43,"mTimeUnit":600000,"mTotalActiveTime":22199.72265928224,"mWalkStepCount":43},{"mCalorie":0.0,"mDistance":0.0,"mNowHealthyStep":0,"mRunStepCount":0,"mSpeed":0.0,"mStartTime":1590709800000,"mStepCount":0,"mTimeUnit":600000,"mTotalActiveTime":0.0,"mWalkStepCount":0},{"mCalorie":0.0,"mDistance":0.0,"mNowHealthyStep":0,"mRunStepCount":0,"mSpeed":0.0,"mStartTime":1590710400000,"mStepCount":0,"mTimeUnit":600000,"mTotalActiveTime":0.0,"mWalkStepCount":0},{"mCalorie":0.0,"mDistance":0.0,"mNowHealthyStep":0,"mRunStepCount":0,"mSpeed":0.0,"mStartTime":1590711000000,"mStepCount":0,"mTimeUnit":600000,"mTotalActiveTime":0.0,"mWalkStepCount":0},{"mCalorie":0.0,"mDistance":0.0,"mNowHealthyStep":0,"mRunStepCount":0,"mSpeed":0.0,"mStartTime":1590711600000,"mStepCount":0,"mTimeUnit":600000,"mTotalActiveTime":0.0,"mWalkStepCount":0},{"mCalorie":0.0,"mDistance":0.0,"mNowHealthyStep":0,"mRunStepCount":0,"mSpeed":0.0,"mStartTime":1590712200000,"mStepCount":0,"mTimeUnit":600000,"mTotalActiveTime":0.0,"mWalkStepCount":0},{"mCalorie":0.0,"mDistance":0.0,"mNowHealthyStep":0,"mRunStepCount":0,"mSpeed":0.0,"mStartTime":1590712800000,"mStepCount":0,"mTimeUnit":600000,"mTotalActiveTime":0.0,"mWalkStepCount":0},{"mCalorie":0.0,"mDistance":0.0,"mNowHealthyStep":0,"mRunStepCount":0,"mSpeed":0.0,"mStartTime":1590713400000,"mStepCount":0,"mTimeUnit":600000,"mTotalActiveTime":0.0,"mWalkStepCount":0},{"mCalorie":0.0,"mDistance":0.0,"mNowHealthyStep":0,"mRunStepCount":0,"mSpeed":0.0,"mStartTime":1590714000000,"mStepCount":0,"mTimeUnit":600000,"mTotalActiveTime":0.0,"mWalkStepCount":0},{"mCalorie":0.0,"mDistance":0.0,"mNowHealthyStep":0,"mRunStepCount":0,"mSpeed":0.0,"mStartTime":1590714600000,"mStepCount":0,"mTimeUnit":600000,"mTotalActiveTime":0.0,"mWalkStepCount":0},{"mCalorie":0.0,"mDistance":0.0,"mNowHealthyStep":0,"mRunStepCount":0,"mSpeed":0.0,"mStartTime":1590715200000,"mStepCount":0,"mTimeUnit":600000,"mTotalActiveTime":0.0,"mWalkStepCount":0},{"mCalorie":0.0,"mDistance":0.0,"mNowHealthyStep":0,"mRunStepCount":0,"mSpeed":0.0,"mStartTime":1590715800000,"mStepCount":0,"mTimeUnit":600000,"mTotalActiveTime":0.0,"mWalkStepCount":0},{"mCalorie":0.0,"mDistance":0.0,"mNowHealthyStep":0,"mRunStepCount":0,"mSpeed":0.0,"mStartTime":1590716400000,"mStepCount":0,"mTimeUnit":600000,"mTotalActiveTime":0.0,"mWalkStepCount":0},{"mCalorie":0.0,"mDistance":0.0,"mNowHealthyStep":0,"mRunStepCount":0,"mSpeed":0.0,"mStartTime":1590717000000,"mStepCount":0,"mTimeUnit":600000,"mTotalActiveTime":0.0,"mWalkStepCount":0},{"mCalorie":1.8899999999997728,"mDistance":44.310999999999915,"mNowHealthyStep":0,"mRunStepCount":0,"mSpeed":4.875980854034424,"mStartTime":1590717600000,"mStepCount":59,"mTimeUnit":600000,"mTotalActiveTime":32715.385391694108,"mWalkStepCount":59},{"mCalorie":4.159999980926268,"mDistance":87.27099973296863,"mNowHealthyStep":0,"mRunStepCount":1,"mSpeed":4.811870574951172,"mStartTime":1590718200000,"mStepCount":116,"mTimeUnit":600000,"mTotalActiveTime":65291.77904164196,"mWalkStepCount":115},{"mCalorie":23.439999122619472,"mDistance":429.41099511719005,"mNowHealthyStep":0,"mRunStepCount":0,"mSpeed":4.421627044677734,"mStartTime":1590718800000,"mStepCount":592,"mTimeUnit":600000,"mTotalActiveTime":349617.8209514719,"mWalkStepCount":592},{"mCalorie":2.3700000047683716,"mDistance":44.89000129699707,"mNowHealthyStep":0,"mRunStepCount":0,"mSpeed":3.9424657821655273,"mStartTime":1590719400000,"mStepCount":62,"mTimeUnit":600000,"mTotalActiveTime":40990.5911814855,"mWalkStepCount":62},{"mCalorie":0.0,"mDistance":0.0,"mNowHealthyStep":0,"mRunStepCount":0,"mSpeed":0.0,"mStartTime":1590720000000,"mStepCount":0,"mTimeUnit":600000,"mTotalActiveTime":0.0,"mWalkStepCount":0},{"mCalorie":0.0,"mDistance":0.0,"mNowHealthyStep":0,"mRunStepCount":0,"mSpeed":0.0,"mStartTime":1590720600000,"mStepCount":0,"mTimeUnit":600000,"mTotalActiveTime":0.0,"mWalkStepCount":0},{"mCalorie":0.0,"mDistance":0.0,"mNowHealthyStep":0,"mRunStepCount":0,"mSpeed":0.0,"mStartTime":1590721200000,"mStepCount":0,"mTimeUnit":600000,"mTotalActiveTime":0.0,"mWalkStepCount":0},{"mCalorie":22.079999997615815,"mDistance":380.5900026512146,"mNowHealthyStep":0,"mRunStepCount":0,"mSpeed":4.5939412117004395,"mStartTime":1590721800000,"mStepCount":539,"mTimeUnit":600000,"mTotalActiveTime":298245.86797505536,"mWalkStepCount":539},{"mCalorie":3.2399999237061,"mDistance":62.58099969482384,"mNowHealthyStep":0,"mRunStepCount":0,"mSpeed":4.006510257720947,"mStartTime":1590722400000,"mStepCount":86,"mTimeUnit":600000,"mTotalActiveTime":56231.379364852146,"mWalkStepCount":86},{"mCalorie":1.7699999999999365,"mDistance":36.489999999998105,"mNowHealthyStep":0,"mRunStepCount":0,"mSpeed":3.8744640350341797,"mStartTime":1590723000000,"mStepCount":51,"mTimeUnit":600000,"mTotalActiveTime":33905.07723279574,"mWalkStepCount":51},{"mCalorie":0.0,"mDistance":0.0,"mNowHealthyStep":0,"mRunStepCount":0,"mSpeed":0.0,"mStartTime":1590723600000,"mStepCount":0,"mTimeUnit":600000,"mTotalActiveTime":0.0,"mWalkStepCount":0},{"mCalorie":0.0,"mDistance":0.0,"mNowHealthyStep":0,"mRunStepCount":0,"mSpeed":0.0,"mStartTime":1590724200000,"mStepCount":0,"mTimeUnit":600000,"mTotalActiveTime":0.0,"mWalkStepCount":0},{"mCalorie":0.0,"mDistance":0.0,"mNowHealthyStep":0,"mRunStepCount":0,"mSpeed":0.0,"mStartTime":1590724800000,"mStepCount":0,"mTimeUnit":600000,"mTotalActiveTime":0.0,"mWalkStepCount":0},{"mCalorie":0.0,"mDistance":0.0,"mNowHealthyStep":0,"mRunStepCount":0,"mSpeed":0.0,"mStartTime":1590725400000,"mStepCount":0,"mTimeUnit":600000,"mTotalActiveTime":0.0,"mWalkStepCount":0},{"mCalorie":0.0,"mDistance":0.0,"mNowHealthyStep":0,"mRunStepCount":0,"mSpeed":0.0,"mStartTime":1590726000000,"mStepCount":0,"mTimeUnit":600000,"mTotalActiveTime":0.0,"mWalkStepCount":0},{"mCalorie":0.0,"mDistance":0.0,"mNowHealthyStep":0,"mRunStepCount":0,"mSpeed":0.0,"mStartTime":1590726600000,"mStepCount":0,"mTimeUnit":600000,"mTotalActiveTime":0.0,"mWalkStepCount":0},{"mCalorie":0.0,"mDistance":0.0,"mNowHealthyStep":0,"mRunStepCount":0,"mSpeed":0.0,"mStartTime":1590727200000,"mStepCount":0,"mTimeUnit":600000,"mTotalActiveTime":0.0,"mWalkStepCount":0},{"mCalorie":0.0,"mDistance":0.0,"mNowHealthyStep":0,"mRunStepCount":0,"mSpeed":0.0,"mStartTime":1590727800000,"mStepCount":0,"mTimeUnit":600000,"mTotalActiveTime":0.0,"mWalkStepCount":0},{"mCalorie":0.0,"mDistance":0.0,"mNowHealthyStep":0,"mRunStepCount":0,"mSpeed":0.0,"mStartTime":1590728400000,"mStepCount":0,"mTimeUnit":600000,"mTotalActiveTime":0.0,"mWalkStepCount":0},{"mCalorie":0.0,"mDistance":0.0,"mNowHealthyStep":0,"mRunStepCount":0,"mSpeed":0.0,"mStartTime":1590729000000,"mStepCount":0,"mTimeUnit":600000,"mTotalActiveTime":0.0,"mWalkStepCount":0},{"mCalorie":0.0,"mDistance":0.0,"mNowHealthyStep":0,"mRunStepCount":0,"mSpeed":0.0,"mStartTime":1590729600000,"mStepCount":0,"mTimeUnit":600000,"mTotalActiveTime":0.0,"mWalkStepCount":0},{"mCalorie":0.0,"mDistance":0.0,"mNowHealthyStep":0,"mRunStepCount":0,"mSpeed":0.0,"mStartTime":1590730200000,"mStepCount":0,"mTimeUnit":600000,"mTotalActiveTime":0.0,"mWalkStepCount":0},{"mCalorie":0.0,"mDistance":0.0,"mNowHealthyStep":0,"mRunStepCount":0,"mSpeed":0.0,"mStartTime":1590730800000,"mStepCount":0,"mTimeUnit":600000,"mTotalActiveTime":0.0,"mWalkStepCount":0},{"mCalorie":0.0,"mDistance":0.0,"mNowHealthyStep":0,"mRunStepCount":0,"mSpeed":0.0,"mStartTime":1590731400000,"mStepCount":0,"mTimeUnit":600000,"mTotalActiveTime":0.0,"mWalkStepCount":0},{"mCalorie":0.0,"mDistance":0.0,"mNowHealthyStep":0,"mRunStepCount":0,"mSpeed":0.0,"mStartTime":1590732000000,"mStepCount":0,"mTimeUnit":600000,"mTotalActiveTime":0.0,"mWalkStepCount":0},{"mCalorie":0.0,"mDistance":0.0,"mNowHealthyStep":0,"mRunStepCount":0,"mSpeed":0.0,"mStartTime":1590732600000,"mStepCount":0,"mTimeUnit":600000,"mTotalActiveTime":0.0,"mWalkStepCount":0},{"mCalorie":0.0,"mDistance":0.0,"mNowHealthyStep":0,"mRunStepCount":0,"mSpeed":0.0,"mStartTime":1590733200000,"mStepCount":0,"mTimeUnit":600000,"mTotalActiveTime":0.0,"mWalkStepCount":0},{"mCalorie":0.0,"mDistance":0.0,"mNowHealthyStep":0,"mRunStepCount":0,"mSpeed":0.0,"mStartTime":1590733800000,"mStepCount":0,"mTimeUnit":600000,"mTotalActiveTime":0.0,"mWalkStepCount":0},{"mCalorie":0.0,"mDistance":0.0,"mNowHealthyStep":0,"mRunStepCount":0,"mSpeed":0.0,"mStartTime":1590734400000,"mStepCount":0,"mTimeUnit":600000,"mTotalActiveTime":0.0,"mWalkStepCount":0},{"mCalorie":0.0,"mDistance":0.0,"mNowHealthyStep":0,"mRunStepCount":0,"mSpeed":0.0,"mStartTime":1590735000000,"mStepCount":0,"mTimeUnit":600000,"mTotalActiveTime":0.0,"mWalkStepCount":0},{"mCalorie":2.529999999999918,"mDistance":49.73,"mNowHealthyStep":0,"mRunStepCount":1,"mSpeed":5.292793273925781,"mStartTime":1590735600000,"mStepCount":64,"mTimeUnit":600000,"mTotalActiveTime":33824.86231836858,"mWalkStepCount":63},{"mCalorie":0.0,"mDistance":0.0,"mNowHealthyStep":0,"mRunStepCount":0,"mSpeed":0.0,"mStartTime":1590736200000,"mStepCount":0,"mTimeUnit":600000,"mTotalActiveTime":0.0,"mWalkStepCount":0},{"mCalorie":0.0,"mDistance":0.0,"mNowHealthyStep":0,"mRunStepCount":0,"mSpeed":0.0,"mStartTime":1590736800000,"mStepCount":0,"mTimeUnit":600000,"mTotalActiveTime":0.0,"mWalkStepCount":0},{"mCalorie":4.850000000000155,"mDistance":96.7799999999987,"mNowHealthyStep":0,"mRunStepCount":3,"mSpeed":4.3634443283081055,"mStartTime":1590737400000,"mStepCount":131,"mTimeUnit":600000,"mTotalActiveTime":79847.01477712687,"mWalkStepCount":128},{"mCalorie":5.05,"mDistance":100.28000007629393,"mNowHealthyStep":0,"mRunStepCount":0,"mSpeed":4.323943614959717,"mStartTime":1590738000000,"mStepCount":137,"mTimeUnit":600000,"mTotalActiveTime":83490.44696874234,"mWalkStepCount":137},{"mCalorie":1.7999999523162842,"mDistance":34.5,"mNowHealthyStep":0,"mRunStepCount":0,"mSpeed":4.210978984832764,"mStartTime":1590738600000,"mStepCount":47,"mTimeUnit":600000,"mTotalActiveTime":29494.32909718796,"mWalkStepCount":47},{"mCalorie":12.350000002384185,"mDistance":223.08998985290526,"mNowHealthyStep":0,"mRunStepCount":0,"mSpeed":3.830488920211792,"mStartTime":1590739200000,"mStepCount":313,"mTimeUnit":600000,"mTotalActiveTime":209666.1776104577,"mWalkStepCount":313},{"mCalorie":11.530000038146973,"mDistance":219.01999015808104,"mNowHealthyStep":0,"mRunStepCount":0,"mSpeed":3.8295774459838867,"mStartTime":1590739800000,"mStepCount":302,"mTimeUnit":600000,"mTotalActiveTime":205890.07296759944,"mWalkStepCount":302},{"mCalorie":10.879998798370362,"mDistance":206.19999237060546,"mNowHealthyStep":0,"mRunStepCount":0,"mSpeed":4.378272533416748,"mStartTime":1590740400000,"mStepCount":278,"mTimeUnit":600000,"mTotalActiveTime":169546.31318471418,"mWalkStepCount":278},{"mCalorie":25.399994530677798,"mDistance":458.68007781982425,"mNowHealthyStep":0,"mRunStepCount":0,"mSpeed":4.4650187492370605,"mStartTime":1590741000000,"mStepCount":633,"mTimeUnit":600000,"mTotalActiveTime":369818.8950954199,"mWalkStepCount":633},{"mCalorie":3.869999977350235,"mDistance":68.15000051498413,"mNowHealthyStep":0,"mRunStepCount":13,"mSpeed":5.348551273345947,"mStartTime":1590741600000,"mStepCount":87,"mTimeUnit":600000,"mTotalActiveTime":45870.366053022786,"mWalkStepCount":74},{"mCalorie":0.0,"mDistance":0.0,"mNowHealthyStep":0,"mRunStepCount":0,"mSpeed":0.0,"mStartTime":1590742200000,"mStepCount":0,"mTimeUnit":600000,"mTotalActiveTime":0.0,"mWalkStepCount":0},{"mCalorie":3.3000001311302185,"mDistance":61.500000953674316,"mNowHealthyStep":0,"mRunStepCount":0,"mSpeed":3.760255813598633,"mStartTime":1590742800000,"mStepCount":85,"mTimeUnit":600000,"mTotalActiveTime":58878.97326942427,"mWalkStepCount":85},{"mCalorie":15.419999864101584,"mDistance":307.7700005149846,"mNowHealthyStep":0,"mRunStepCount":0,"mSpeed":4.301081657409668,"mStartTime":1590743400000,"mStepCount":419,"mTimeUnit":600000,"mTotalActiveTime":257603.11350794006,"mWalkStepCount":419},{"mCalorie":23.369997717141995,"mDistance":422.38098626708916,"mNowHealthyStep":0,"mRunStepCount":0,"mSpeed":4.210089206695557,"mStartTime":1590744000000,"mStepCount":582,"mTimeUnit":600000,"mTotalActiveTime":361173.2336067464,"mWalkStepCount":582},{"mCalorie":22.40999795913718,"mDistance":426.7520279998744,"mNowHealthyStep":0,"mRunStepCount":0,"mSpeed":4.599546909332275,"mStartTime":1590744600000,"mStepCount":583,"mTimeUnit":600000,"mTotalActiveTime":334012.74723085214,"mWalkStepCount":583},{"mCalorie":8.311000000000185,"mDistance":121.23699999999896,"mNowHealthyStep":0,"mRunStepCount":0,"mSpeed":4.639749526977539,"mStartTime":1590745200000,"mStepCount":184,"mTimeUnit":600000,"mTotalActiveTime":94068.26956198279,"mWalkStepCount":184},{"mCalorie":2.3799999999999635,"mDistance":35.97099999999904,"mNowHealthyStep":0,"mRunStepCount":0,"mSpeed":4.74212121963501,"mStartTime":1590745800000,"mStepCount":61,"mTimeUnit":600000,"mTotalActiveTime":27307.525265667056,"mWalkStepCount":61},{"mCalorie":0.37,"mDistance":9.76,"mNowHealthyStep":0,"mRunStepCount":0,"mSpeed":6.5,"mStartTime":1590746400000,"mStepCount":12,"mTimeUnit":600000,"mTotalActiveTime":5405.538461538462,"mWalkStepCount":12},{"mCalorie":0.0,"mDistance":0.0,"mNowHealthyStep":0,"mRunStepCount":0,"mSpeed":0.0,"mStartTime":1590747000000,"mStepCount":0,"mTimeUnit":600000,"mTotalActiveTime":0.0,"mWalkStepCount":0},{"mCalorie":0.0,"mDistance":0.0,"mNowHealthyStep":0,"mRunStepCount":0,"mSpeed":0.0,"mStartTime":1590747600000,"mStepCount":0,"mTimeUnit":600000,"mTotalActiveTime":0.0,"mWalkStepCount":0},{"mCalorie":0.33999999999991815,"mDistance":7.8400000000001455,"mNowHealthyStep":0,"mRunStepCount":0,"mSpeed":4.180776119232178,"mStartTime":1590748200000,"mStepCount":11,"mTimeUnit":600000,"mTotalActiveTime":6750.899640419879,"mWalkStepCount":11},{"mCalorie":1.0899999999999999,"mDistance":21.32,"mNowHealthyStep":0,"mRunStepCount":0,"mSpeed":4.152944564819336,"mStartTime":1590748800000,"mStepCount":29,"mTimeUnit":600000,"mTotalActiveTime":18481.345635519418,"mWalkStepCount":29},{"mCalorie":0.57,"mDistance":12.190000000000001,"mNowHealthyStep":0,"mRunStepCount":0,"mSpeed":6.538886070251465,"mStartTime":1590749400000,"mStepCount":14,"mTimeUnit":600000,"mTotalActiveTime":6711.234804257112,"mWalkStepCount":14},{"mCalorie":0.59,"mDistance":6.87,"mNowHealthyStep":0,"mRunStepCount":0,"mSpeed":3.4000000953674316,"mStartTime":1590750000000,"mStepCount":10,"mTimeUnit":600000,"mTotalActiveTime":7274.117443025324,"mWalkStepCount":10},{"mCalorie":4.089999999999809,"mDistance":76.41099999999744,"mNowHealthyStep":0,"mRunStepCount":1,"mSpeed":4.384159564971924,"mStartTime":1590750600000,"mStepCount":103,"mTimeUnit":600000,"mTotalActiveTime":62743.973648569576,"mWalkStepCount":102},{"mCalorie":0.38,"mDistance":7.17,"mNowHealthyStep":0,"mRunStepCount":0,"mSpeed":3.9000003337860107,"mStartTime":1590751200000,"mStepCount":10,"mTimeUnit":600000,"mTotalActiveTime":6618.460972012901,"mWalkStepCount":10},{"mCalorie":0.0,"mDistance":0.0,"mNowHealthyStep":0,"mRunStepCount":0,"mSpeed":0.0,"mStartTime":1590751800000,"mStepCount":0,"mTimeUnit":600000,"mTotalActiveTime":0.0,"mWalkStepCount":0},{"mCalorie":6.050000021457771,"mDistance":123.40899984741264,"mNowHealthyStep":0,"mRunStepCount":7,"mSpeed":5.036764621734619,"mStartTime":1590752400000,"mStepCount":157,"mTimeUnit":600000,"mTotalActiveTime":88205.9061795139,"mWalkStepCount":150},{"mCalorie":6.500000212192527,"mDistance":132.42899961853254,"mNowHealthyStep":0,"mRunStepCount":0,"mSpeed":4.410722732543945,"mStartTime":1590753000000,"mStepCount":178,"mTimeUnit":600000,"mTotalActiveTime":108087.587683941,"mWalkStepCount":178},{"mCalorie":3.280000171661377,"mDistance":68.83999748229981,"mNowHealthyStep":0,"mRunStepCount":6,"mSpeed":5.7986159324646,"mStartTime":1590753600000,"mStepCount":85,"mTimeUnit":600000,"mTotalActiveTime":42738.47472213402,"mWalkStepCount":79},{"mCalorie":4.978999999999768,"mDistance":93.9819999999991,"mNowHealthyStep":0,"mRunStepCount":7,"mSpeed":5.73525333404541,"mStartTime":1590754200000,"mStepCount":117,"mTimeUnit":600000,"mTotalActiveTime":58992.19729230133,"mWalkStepCount":110},{"mCalorie":0.56,"mDistance":8.07,"mNowHealthyStep":0,"mRunStepCount":0,"mSpeed":5.600000381469727,"mStartTime":1590754800000,"mStepCount":10,"mTimeUnit":600000,"mTotalActiveTime":5187.856789462445,"mWalkStepCount":10},{"mCalorie":2.690000002384159,"mDistance":51.92799965667844,"mNowHealthyStep":0,"mRunStepCount":0,"mSpeed":3.8303189277648926,"mStartTime":1590755400000,"mStepCount":73,"mTimeUnit":600000,"mTotalActiveTime":48805.54483235486,"mWalkStepCount":73},{"mCalorie":0.9310000000001672,"mDistance":18.840000000000288,"mNowHealthyStep":0,"mRunStepCount":0,"mSpeed":3.984726905822754,"mStartTime":1590756000000,"mStepCount":26,"mTimeUnit":600000,"mTotalActiveTime":17020.99071140845,"mWalkStepCount":26},{"mCalorie":1.759999991655177,"mDistance":38.53099998092352,"mNowHealthyStep":0,"mRunStepCount":0,"mSpeed":4.664044380187988,"mStartTime":1590756600000,"mStepCount":51,"mTimeUnit":600000,"mTotalActiveTime":29740.626453017096,"mWalkStepCount":51},{"mCalorie":1.6999999928474425,"mDistance":35.53000003814697,"mNowHealthyStep":0,"mRunStepCount":0,"mSpeed":4.61487340927124,"mStartTime":1590757200000,"mStepCount":48,"mTimeUnit":600000,"mTotalActiveTime":27716.468569602075,"mWalkStepCount":48},{"mCalorie":2.189999970197741,"mDistance":44.302000457764365,"mNowHealthyStep":0,"mRunStepCount":0,"mSpeed":4.802928447723389,"mStartTime":1590757800000,"mStepCount":59,"mTimeUnit":600000,"mTotalActiveTime":33206.240738514054,"mWalkStepCount":59},{"mCalorie":3.840000021457672,"mDistance":79.45000215530396,"mNowHealthyStep":0,"mRunStepCount":0,"mSpeed":4.690280914306641,"mStartTime":1590758400000,"mStepCount":106,"mTimeUnit":600000,"mTotalActiveTime":60981.42151847524,"mWalkStepCount":106},{"mCalorie":7.158999983310959,"mDistance":146.90999885559125,"mNowHealthyStep":0,"mRunStepCount":0,"mSpeed":4.49420690536499,"mStartTime":1590759000000,"mStepCount":198,"mTimeUnit":600000,"mTotalActiveTime":117679.49483021686,"mWalkStepCount":198},{"mCalorie":9.31999994754795,"mDistance":185.39099877928876,"mNowHealthyStep":0,"mRunStepCount":1,"mSpeed":4.475173473358154,"mStartTime":1590759600000,"mStepCount":247,"mTimeUnit":600000,"mTotalActiveTime":149135.57855732393,"mWalkStepCount":246},{"mCalorie":8.409999969005403,"mDistance":151.74900110626476,"mNowHealthyStep":0,"mRunStepCount":29,"mSpeed":6.203463077545166,"mStartTime":1590760200000,"mStepCount":176,"mTimeUnit":600000,"mTotalActiveTime":88063.13252370921,"mWalkStepCount":147},{"mCalorie":0.75,"mDistance":12.09,"mNowHealthyStep":0,"mRunStepCount":0,"mSpeed":6.099999904632568,"mStartTime":1590760800000,"mStepCount":15,"mTimeUnit":600000,"mTotalActiveTime":7135.0820787630255,"mWalkStepCount":15},{"mCalorie":1.7900000715255737,"mDistance":34.85000022888183,"mNowHealthyStep":0,"mRunStepCount":0,"mSpeed":4.52248477935791,"mStartTime":1590761400000,"mStepCount":47,"mTimeUnit":600000,"mTotalActiveTime":27741.385791566907,"mWalkStepCount":47},{"mCalorie":0.0,"mDistance":0.0,"mNowHealthyStep":0,"mRunStepCount":0,"mSpeed":0.0,"mStartTime":1590762000000,"mStepCount":0,"mTimeUnit":600000,"mTotalActiveTime":0.0,"mWalkStepCount":0},{"mCalorie":0.0,"mDistance":0.0,"mNowHealthyStep":0,"mRunStepCount":0,"mSpeed":0.0,"mStartTime":1590762600000,"mStepCount":0,"mTimeUnit":600000,"mTotalActiveTime":0.0,"mWalkStepCount":0},{"mCalorie":0.0,"mDistance":0.0,"mNowHealthyStep":0,"mRunStepCount":0,"mSpeed":0.0,"mStartTime":1590763200000,"mStepCount":0,"mTimeUnit":600000,"mTotalActiveTime":0.0,"mWalkStepCount":0},{"mCalorie":7.959999949932099,"mDistance":150.37000141143798,"mNowHealthyStep":0,"mRunStepCount":5,"mSpeed":4.96425199508667,"mStartTime":1590763800000,"mStepCount":209,"mTimeUnit":600000,"mTotalActiveTime":109046.03498816329,"mWalkStepCount":204},{"mCalorie":13.119999706745148,"mDistance":221.580002784729,"mNowHealthyStep":0,"mRunStepCount":0,"mSpeed":3.9948766231536865,"mStartTime":1590764400000,"mStepCount":307,"mTimeUnit":600000,"mTotalActiveTime":199677.76353106787,"mWalkStepCount":307},{"mCalorie":13.889999923706009,"mDistance":269.4110054931634,"mNowHealthyStep":0,"mRunStepCount":0,"mSpeed":4.200459003448486,"mStartTime":1590765000000,"mStepCount":368,"mTimeUnit":600000,"mTotalActiveTime":230898.47955272545,"mWalkStepCount":368},{"mCalorie":9.659999042749405,"mDistance":188.05999517440796,"mNowHealthyStep":0,"mRunStepCount":0,"mSpeed":4.320091724395752,"mStartTime":1590765600000,"mStepCount":254,"mTimeUnit":600000,"mTotalActiveTime":156713.33314519055,"mWalkStepCount":254},{"mCalorie":0.0,"mDistance":0.0,"mNowHealthyStep":0,"mRunStepCount":0,"mSpeed":0.0,"mStartTime":1590766200000,"mStepCount":0,"mTimeUnit":600000,"mTotalActiveTime":0.0,"mWalkStepCount":0},{"mCalorie":0.0,"mDistance":0.0,"mNowHealthyStep":0,"mRunStepCount":0,"mSpeed":0.0,"mStartTime":1590766800000,"mStepCount":0,"mTimeUnit":600000,"mTotalActiveTime":0.0,"mWalkStepCount":0},{"mCalorie":8.839999978542329,"mDistance":177.64000190734865,"mNowHealthyStep":0,"mRunStepCount":0,"mSpeed":4.454064846038818,"mStartTime":1590767400000,"mStepCount":240,"mTimeUnit":600000,"mTotalActiveTime":143577.61994867012,"mWalkStepCount":240},{"mCalorie":7.610000038146973,"mDistance":140.41999794006347,"mNowHealthyStep":0,"mRunStepCount":7,"mSpeed":4.831268787384033,"mStartTime":1590768000000,"mStepCount":187,"mTimeUnit":600000,"mTotalActiveTime":104633.37877919627,"mWalkStepCount":180},{"mCalorie":3.44,"mDistance":68.58,"mNowHealthyStep":0,"mRunStepCount":0,"mSpeed":4.340561866760254,"mStartTime":1590768600000,"mStepCount":93,"mTimeUnit":600000,"mTotalActiveTime":56879.27210351038,"mWalkStepCount":93},{"mCalorie":1.44,"mDistance":28.71,"mNowHealthyStep":0,"mRunStepCount":0,"mSpeed":4.329987049102783,"mStartTime":1590769200000,"mStepCount":39,"mTimeUnit":600000,"mTotalActiveTime":23869.816174700172,"mWalkStepCount":39},{"mCalorie":0.0,"mDistance":0.0,"mNowHealthyStep":0,"mRunStepCount":0,"mSpeed":0.0,"mStartTime":1590769800000,"mStepCount":0,"mTimeUnit":600000,"mTotalActiveTime":0.0,"mWalkStepCount":0},{"mCalorie":0.8700000000000001,"mDistance":18.83,"mNowHealthyStep":0,"mRunStepCount":0,"mSpeed":4.9788665771484375,"mStartTime":1590770400000,"mStepCount":25,"mTimeUnit":600000,"mTotalActiveTime":13615.147538295998,"mWalkStepCount":25},{"mCalorie":0.0,"mDistance":0.0,"mNowHealthyStep":0,"mRunStepCount":0,"mSpeed":0.0,"mStartTime":1590771000000,"mStepCount":0,"mTimeUnit":600000,"mTotalActiveTime":0.0,"mWalkStepCount":0},{"mCalorie":7.609999999999999,"mDistance":139.73999999999998,"mNowHealthyStep":0,"mRunStepCount":8,"mSpeed":4.711620807647705,"mStartTime":1590771600000,"mStepCount":186,"mTimeUnit":600000,"mTotalActiveTime":106770.90433153763,"mWalkStepCount":178},{"mCalorie":2.5400000536441802,"mDistance":51.89999975204468,"mNowHealthyStep":0,"mRunStepCount":0,"mSpeed":4.246895790100098,"mStartTime":1590772200000,"mStepCount":71,"mTimeUnit":600000,"mTotalActiveTime":43994.487432432106,"mWalkStepCount":71},{"mCalorie":8.459999911785125,"mDistance":168.6499995613098,"mNowHealthyStep":0,"mRunStepCount":0,"mSpeed":3.983729124069214,"mStartTime":1590772800000,"mStepCount":233,"mTimeUnit":600000,"mTotalActiveTime":152404.94308300596,"mWalkStepCount":233},{"mCalorie":4.210000014305114,"mDistance":84.05999950408935,"mNowHealthyStep":0,"mRunStepCount":0,"mSpeed":4.211968421936035,"mStartTime":1590773400000,"mStepCount":115,"mTimeUnit":600000,"mTotalActiveTime":71846.69574627979,"mWalkStepCount":115},{"mCalorie":10.120000007152557,"mDistance":204.4299980163574,"mNowHealthyStep":0,"mRunStepCount":0,"mSpeed":4.543488025665283,"mStartTime":1590774000000,"mStepCount":275,"mTimeUnit":600000,"mTotalActiveTime":161978.64026156225,"mWalkStepCount":275},{"mCalorie":12.779999776482581,"mDistance":232.7300012731552,"mNowHealthyStep":0,"mRunStepCount":0,"mSpeed":3.4251601696014404,"mStartTime":1590774600000,"mStepCount":327,"mTimeUnit":600000,"mTotalActiveTime":244609.8824011986,"mWalkStepCount":327},{"mCalorie":4.789999972581863,"mDistance":91.73000175476074,"mNowHealthyStep":0,"mRunStepCount":0,"mSpeed":4.197507381439209,"mStartTime":1590775200000,"mStepCount":125,"mTimeUnit":600000,"mTotalActiveTime":78672.40586045358,"mWalkStepCount":125},{"mCalorie":2.0499999380111693,"mDistance":39.450000610351566,"mNowHealthyStep":0,"mRunStepCount":0,"mSpeed":3.6943652629852295,"mStartTime":1590775800000,"mStepCount":55,"mTimeUnit":600000,"mTotalActiveTime":38442.32812332469,"mWalkStepCount":55},{"mCalorie":0.54,"mDistance":10.63,"mNowHealthyStep":0,"mRunStepCount":0,"mSpeed":4.999999523162842,"mStartTime":1590776400000,"mStepCount":14,"mTimeUnit":600000,"mTotalActiveTime":7653.600729904245,"mWalkStepCount":14},{"mCalorie":0.0,"mDistance":0.0,"mNowHealthyStep":0,"mRunStepCount":0,"mSpeed":0.0,"mStartTime":1590777000000,"mStepCount":0,"mTimeUnit":600000,"mTotalActiveTime":0.0,"mWalkStepCount":0},{"mCalorie":0.0,"mDistance":0.0,"mNowHealthyStep":0,"mRunStepCount":0,"mSpeed":0.0,"mStartTime":1590777600000,"mStepCount":0,"mTimeUnit":600000,"mTotalActiveTime":0.0,"mWalkStepCount":0},{"mCalorie":0.0,"mDistance":0.0,"mNowHealthyStep":0,"mRunStepCount":0,"mSpeed":0.0,"mStartTime":1590778200000,"mStepCount":0,"mTimeUnit":600000,"mTotalActiveTime":0.0,"mWalkStepCount":0},{"mCalorie":0.42,"mDistance":7.7,"mNowHealthyStep":0,"mRunStepCount":0,"mSpeed":3.799999952316284,"mStartTime":1590778800000,"mStepCount":11,"mTimeUnit":600000,"mTotalActiveTime":7294.736933642149,"mWalkStepCount":11},{"mCalorie":2.4700000309944152,"mDistance":46.45000030517578,"mNowHealthyStep":0,"mRunStepCount":4,"mSpeed":4.772905349731445,"mStartTime":1590779400000,"mStepCount":60,"mTimeUnit":600000,"mTotalActiveTime":35035.264604969634,"mWalkStepCount":56},{"mCalorie":0.0,"mDistance":0.0,"mNowHealthyStep":0,"mRunStepCount":0,"mSpeed":0.0,"mStartTime":1590780000000,"mStepCount":0,"mTimeUnit":600000,"mTotalActiveTime":0.0,"mWalkStepCount":0},{"mCalorie":5.659999999999999,"mDistance":107.18999999999998,"mNowHealthyStep":0,"mRunStepCount":7,"mSpeed":4.9065656661987305,"mStartTime":1590780600000,"mStepCount":140,"mTimeUnit":600000,"mTotalActiveTime":78646.45814009705,"mWalkStepCount":133},{"mCalorie":0.0,"mDistance":0.0,"mNowHealthyStep":0,"mRunStepCount":0,"mSpeed":0.0,"mStartTime":1590781200000,"mStepCount":0,"mTimeUnit":600000,"mTotalActiveTime":0.0,"mWalkStepCount":0},{"mCalorie":0.0,"mDistance":0.0,"mNowHealthyStep":0,"mRunStepCount":0,"mSpeed":0.0,"mStartTime":1590781800000,"mStepCount":0,"mTimeUnit":600000,"mTotalActiveTime":0.0,"mWalkStepCount":0},{"mCalorie":0.6899999305605888,"mDistance":12.639998435974121,"mNowHealthyStep":0,"mRunStepCount":0,"mSpeed":3.243281364440918,"mStartTime":1590782400000,"mStepCount":18,"mTimeUnit":600000,"mTotalActiveTime":14030.232859347687,"mWalkStepCount":18},{"mCalorie":0.0,"mDistance":0.0,"mNowHealthyStep":0,"mRunStepCount":0,"mSpeed":0.0,"mStartTime":1590783000000,"mStepCount":0,"mTimeUnit":600000,"mTotalActiveTime":0.0,"mWalkStepCount":0},{"mCalorie":0.0,"mDistance":0.0,"mNowHealthyStep":0,"mRunStepCount":0,"mSpeed":0.0,"mStartTime":1590783600000,"mStepCount":0,"mTimeUnit":600000,"mTotalActiveTime":0.0,"mWalkStepCount":0},{"mCalorie":0.0,"mDistance":0.0,"mNowHealthyStep":0,"mRunStepCount":0,"mSpeed":0.0,"mStartTime":1590784200000,"mStepCount":0,"mTimeUnit":600000,"mTotalActiveTime":0.0,"mWalkStepCount":0},{"mCalorie":0.0,"mDistance":0.0,"mNowHealthyStep":0,"mRunStepCount":0,"mSpeed":0.0,"mStartTime":1590784800000,"mStepCount":0,"mTimeUnit":600000,"mTotalActiveTime":0.0,"mWalkStepCount":0},{"mCalorie":0.0,"mDistance":0.0,"mNowHealthyStep":0,"mRunStepCount":0,"mSpeed":0.0,"mStartTime":1590785400000,"mStepCount":0,"mTimeUnit":600000,"mTotalActiveTime":0.0,"mWalkStepCount":0},{"mCalorie":0.0,"mDistance":0.0,"mNowHealthyStep":0,"mRunStepCount":0,"mSpeed":0.0,"mStartTime":1590786000000,"mStepCount":0,"mTimeUnit":600000,"mTotalActiveTime":0.0,"mWalkStepCount":0},{"mCalorie":0.0,"mDistance":0.0,"mNowHealthyStep":0,"mRunStepCount":0,"mSpeed":0.0,"mStartTime":1590786600000,"mStepCount":0,"mTimeUnit":600000,"mTotalActiveTime":0.0,"mWalkStepCount":0},{"mCalorie":0.0,"mDistance":0.0,"mNowHealthyStep":0,"mRunStepCount":0,"mSpeed":0.0,"mStartTime":1590787200000,"mStepCount":0,"mTimeUnit":600000,"mTotalActiveTime":0.0,"mWalkStepCount":0},{"mCalorie":0.0,"mDistance":0.0,"mNowHealthyStep":0,"mRunStepCount":0,"mSpeed":0.0,"mStartTime":1590787800000,"mStepCount":0,"mTimeUnit":600000,"mTotalActiveTime":0.0,"mWalkStepCount":0},{"mCalorie":0.0,"mDistance":0.0,"mNowHealthyStep":0,"mRunStepCount":0,"mSpeed":0.0,"mStartTime":1590788400000,"mStepCount":0,"mTimeUnit":600000,"mTotalActiveTime":0.0,"mWalkStepCount":0},{"mCalorie":0.0,"mDistance":0.0,"mNowHealthyStep":0,"mRunStepCount":0,"mSpeed":0.0,"mStartTime":1590789000000,"mStepCount":0,"mTimeUnit":600000,"mTotalActiveTime":0.0,"mWalkStepCount":0}]