[{"mCalorie":0.0,"mDistance":0.0,"mNowHealthyStep":0,"mRunStepCount":0,"mSpeed":0.0,"mStartTime":0,"mStepCount":0,"mTimeUnit":600000,"mTotalActiveTime":0.0,"mWalkStepCount":0},{"mCalorie":0.0,"mDistance":0.0,"mNowHealthyStep":0,"mRunStepCount":0,"mSpeed":0.0,"mStartTime":0,"mStepCount":0,"mTimeUnit":600000,"mTotalActiveTime":0.0,"mWalkStepCount":0},{"mCalorie":0.0,"mDistance":0.0,"mNowHealthyStep":0,"mRunStepCount":0,"mSpeed":0.0,"mStartTime":0,"mStepCount":0,"mTimeUnit":600000,"mTotalActiveTime":0.0,"mWalkStepCount":0},{"mCalorie":0.0,"mDistance":0.0,"mNowHealthyStep":0,"mRunStepCount":0,"mSpeed":0.0,"mStartTime":0,"mStepCount":0,"mTimeUnit":600000,"mTotalActiveTime":0.0,"mWalkStepCount":0},{"mCalorie":0.0,"mDistance":0.0,"mNowHealthyStep":0,"mRunStepCount":0,"mSpeed":0.0,"mStartTime":0,"mStepCount":0,"mTimeUnit":600000,"mTotalActiveTime":0.0,"mWalkStepCount":0},{"mCalorie":0.0,"mDistance":0.0,"mNowHealthyStep":0,"mRunStepCount":0,"mSpeed":0.0,"mStartTime":0,"mStepCount":0,"mTimeUnit":600000,"mTotalActiveTime":0.0,"mWalkStepCount":0},{"mCalorie":0.0,"mDistance":0.0,"mNowHealthyStep":0,"mRunStepCount":0,"mSpeed":0.0,"mStartTime":0,"mStepCount":0,"mTimeUnit":600000,"mTotalActiveTime":0.0,"mWalkStepCount":0},{"mCalorie":0.0,"mDistance":0.0,"mNowHealthyStep":0,"mRunStepCount":0,"mSpeed":0.0,"mStartTime":0,"mStepCount":0,"mTimeUnit":600000,"mTotalActiveTime":0.0,"mWalkStepCount":0},{"mCalorie":0.0,"mDistance":0.0,"mNowHealthyStep":0,"mRunStepCount":0,"mSpeed":0.0,"mStartTime":0,"mStepCount":0,"mTimeUnit":600000,"mTotalActiveTime":0.0,"mWalkStepCount":0},{"mCalorie":0.0,"mDistance":0.0,"mNowHealthyStep":0,"mRunStepCount":0,"mSpeed":0.0,"mStartTime":0,"mStepCount":0,"mTimeUnit":600000,"mTotalActiveTime":0.0,"mWalkStepCount":0},{"mCalorie":0.0,"mDistance":0.0,"mNowHealthyStep":0,"mRunStepCount":0,"mSpeed":0.0,"mStartTime":0,"mStepCount":0,"mTimeUnit":600000,"mTotalActiveTime":0.0,"mWalkStepCount":0},{"mCalorie":0.0,"mDistance":0.0,"mNowHealthyStep":0,"mRunStepCount":0,"mSpeed":0.0,"mStartTime":0,"mStepCount":0,"mTimeUnit":600000,"mTotalActiveTime":0.0,"mWalkStepCount":0},{"mCalorie":0.0,"mDistance":0.0,"mNowHealthyStep":0,"mRunStepCount":0,"mSpeed":0.0,"mStartTime":0,"mStepCount":0,"mTimeUnit":600000,"mTotalActiveTime":0.0,"mWalkStepCount":0},{"mCalorie":0.0,"mDistance":0.0,"mNowHealthyStep":0,"mRunStepCount":0,"mSpeed":0.0,"mStartTime":0,"mStepCount":0,"mTimeUnit":600000,"mTotalActiveTime":0.0,"mWalkStepCount":0},{"mCalorie":0.0,"mDistance":0.0,"mNowHealthyStep":0,"mRunStepCount":0,"mSpeed":0.0,"mStartTime":0,"mStepCount":0,"mTimeUnit":600000,"mTotalActiveTime":0.0,"mWalkStepCount":0},{"mCalorie":0.0,"mDistance":0.0,"mNowHealthyStep":0,"mRunStepCount":0,"mSpeed":0.0,"mStartTime":0,"mStepCount":0,"mTimeUnit":600000,"mTotalActiveTime":0.0,"mWalkStepCount":0},{"mCalorie":0.77,"mDistance":11.43,"mNowHealthyStep":0,"mRunStepCount":2,"mSpeed":6.900000095367432,"mStartTime":0,"mStepCount":14,"mTimeUnit":600000,"mTotalActiveTime":5963.478178446146,"mWalkStepCount":12},{"mCalorie":0.0,"mDistance":0.0,"mNowHealthyStep":0,"mRunStepCount":0,"mSpeed":0.0,"mStartTime":0,"mStepCount":0,"mTimeUnit":600000,"mTotalActiveTime":0.0,"mWalkStepCount":0},{"mCalorie":0.0,"mDistance":0.0,"mNowHealthyStep":0,"mRunStepCount":0,"mSpeed":0.0,"mStartTime":0,"mStepCount":0,"mTimeUnit":600000,"mTotalActiveTime":0.0,"mWalkStepCount":0},{"mCalorie":0.0,"mDistance":0.0,"mNowHealthyStep":0,"mRunStepCount":0,"mSpeed":0.0,"mStartTime":0,"mStepCount":0,"mTimeUnit":600000,"mTotalActiveTime":0.0,"mWalkStepCount":0},{"mCalorie":1.7000000000000002,"mDistance":31.130000000000003,"mNowHealthyStep":0,"mRunStepCount":5,"mSpeed":4.692237854003906,"mStartTime":0,"mStepCount":42,"mTimeUnit":600000,"mTotalActiveTime":23883.699768004593,"mWalkStepCount":37},{"mCalorie":1.45,"mDistance":27.6,"mNowHealthyStep":0,"mRunStepCount":0,"mSpeed":5.305953025817871,"mStartTime":0,"mStepCount":35,"mTimeUnit":600000,"mTotalActiveTime":18726.13601521243,"mWalkStepCount":35},{"mCalorie":0.0,"mDistance":0.0,"mNowHealthyStep":0,"mRunStepCount":0,"mSpeed":0.0,"mStartTime":0,"mStepCount":0,"mTimeUnit":600000,"mTotalActiveTime":0.0,"mWalkStepCount":0},{"mCalorie":0.3,"mDistance":7.69,"mNowHealthyStep":0,"mRunStepCount":0,"mSpeed":4.900000095367432,"mStartTime":0,"mStepCount":10,"mTimeUnit":600000,"mTotalActiveTime":5649.795808406834,"mWalkStepCount":10},{"mCalorie":1.76,"mDistance":27.65,"mNowHealthyStep":0,"mRunStepCount":2,"mSpeed":5.028347969055176,"mStartTime":0,"mStepCount":38,"mTimeUnit":600000,"mTotalActiveTime":19795.766163511307,"mWalkStepCount":36},{"mCalorie":0.0,"mDistance":0.0,"mNowHealthyStep":0,"mRunStepCount":0,"mSpeed":0.0,"mStartTime":0,"mStepCount":0,"mTimeUnit":600000,"mTotalActiveTime":0.0,"mWalkStepCount":0},{"mCalorie":0.0,"mDistance":0.0,"mNowHealthyStep":0,"mRunStepCount":0,"mSpeed":0.0,"mStartTime":0,"mStepCount":0,"mTimeUnit":600000,"mTotalActiveTime":0.0,"mWalkStepCount":0},{"mCalorie":0.0,"mDistance":0.0,"mNowHealthyStep":0,"mRunStepCount":0,"mSpeed":0.0,"mStartTime":0,"mStepCount":0,"mTimeUnit":600000,"mTotalActiveTime":0.0,"mWalkStepCount":0},{"mCalorie":0.0,"mDistance":0.0,"mNowHealthyStep":0,"mRunStepCount":0,"mSpeed":0.0,"mStartTime":0,"mStepCount":0,"mTimeUnit":600000,"mTotalActiveTime":0.0,"mWalkStepCount":0},{"mCalorie":0.0,"mDistance":0.0,"mNowHealthyStep":0,"mRunStepCount":0,"mSpeed":0.0,"mStartTime":0,"mStepCount":0,"mTimeUnit":600000,"mTotalActiveTime":0.0,"mWalkStepCount":0},{"mCalorie":3.76,"mDistance":67.36999999999999,"mNowHealthyStep":0,"mRunStepCount":5,"mSpeed":4.53595495223999,"mStartTime":0,"mStepCount":89,"mTimeUnit":600000,"mTotalActiveTime":53468.7829009963,"mWalkStepCount":84},{"mCalorie":0.0,"mDistance":0.0,"mNowHealthyStep":0,"mRunStepCount":0,"mSpeed":0.0,"mStartTime":0,"mStepCount":0,"mTimeUnit":600000,"mTotalActiveTime":0.0,"mWalkStepCount":0},{"mCalorie":0.0,"mDistance":0.0,"mNowHealthyStep":0,"mRunStepCount":0,"mSpeed":0.0,"mStartTime":0,"mStepCount":0,"mTimeUnit":600000,"mTotalActiveTime":0.0,"mWalkStepCount":0},{"mCalorie":0.0,"mDistance":0.0,"mNowHealthyStep":0,"mRunStepCount":0,"mSpeed":0.0,"mStartTime":0,"mStepCount":0,"mTimeUnit":600000,"mTotalActiveTime":0.0,"mWalkStepCount":0},{"mCalorie":0.0,"mDistance":0.0,"mNowHealthyStep":0,"mRunStepCount":0,"mSpeed":0.0,"mStartTime":0,"mStepCount":0,"mTimeUnit":600000,"mTotalActiveTime":0.0,"mWalkStepCount":0},{"mCalorie":0.0,"mDistance":0.0,"mNowHealthyStep":0,"mRunStepCount":0,"mSpeed":0.0,"mStartTime":0,"mStepCount":0,"mTimeUnit":600000,"mTotalActiveTime":0.0,"mWalkStepCount":0},{"mCalorie":0.0,"mDistance":0.0,"mNowHealthyStep":0,"mRunStepCount":0,"mSpeed":0.0,"mStartTime":0,"mStepCount":0,"mTimeUnit":600000,"mTotalActiveTime":0.0,"mWalkStepCount":0},{"mCalorie":0.0,"mDistance":0.0,"mNowHealthyStep":0,"mRunStepCount":0,"mSpeed":0.0,"mStartTime":0,"mStepCount":0,"mTimeUnit":600000,"mTotalActiveTime":0.0,"mWalkStepCount":0},{"mCalorie":0.0,"mDistance":0.0,"mNowHealthyStep":0,"mRunStepCount":0,"mSpeed":0.0,"mStartTime":0,"mStepCount":0,"mTimeUnit":600000,"mTotalActiveTime":0.0,"mWalkStepCount":0},{"mCalorie":0.0,"mDistance":0.0,"mNowHealthyStep":0,"mRunStepCount":0,"mSpeed":0.0,"mStartTime":0,"mStepCount":0,"mTimeUnit":600000,"mTotalActiveTime":0.0,"mWalkStepCount":0},{"mCalorie":0.0,"mDistance":0.0,"mNowHealthyStep":0,"mRunStepCount":0,"mSpeed":0.0,"mStartTime":0,"mStepCount":0,"mTimeUnit":600000,"mTotalActiveTime":0.0,"mWalkStepCount":0},{"mCalorie":2.66,"mDistance":57.72,"mNowHealthyStep":0,"mRunStepCount":1,"mSpeed":5.4916815757751465,"mStartTime":0,"mStepCount":74,"mTimeUnit":600000,"mTotalActiveTime":37837.59080163282,"mWalkStepCount":73},{"mCalorie":0.0,"mDistance":0.0,"mNowHealthyStep":0,"mRunStepCount":0,"mSpeed":0.0,"mStartTime":0,"mStepCount":0,"mTimeUnit":600000,"mTotalActiveTime":0.0,"mWalkStepCount":0},{"mCalorie":0.0,"mDistance":0.0,"mNowHealthyStep":0,"mRunStepCount":0,"mSpeed":0.0,"mStartTime":0,"mStepCount":0,"mTimeUnit":600000,"mTotalActiveTime":0.0,"mWalkStepCount":0},{"mCalorie":0.0,"mDistance":0.0,"mNowHealthyStep":0,"mRunStepCount":0,"mSpeed":0.0,"mStartTime":0,"mStepCount":0,"mTimeUnit":600000,"mTotalActiveTime":0.0,"mWalkStepCount":0},{"mCalorie":0.0,"mDistance":0.0,"mNowHealthyStep":0,"mRunStepCount":0,"mSpeed":0.0,"mStartTime":0,"mStepCount":0,"mTimeUnit":600000,"mTotalActiveTime":0.0,"mWalkStepCount":0},{"mCalorie":0.0,"mDistance":0.0,"mNowHealthyStep":0,"mRunStepCount":0,"mSpeed":0.0,"mStartTime":0,"mStepCount":0,"mTimeUnit":600000,"mTotalActiveTime":0.0,"mWalkStepCount":0},{"mCalorie":0.0,"mDistance":0.0,"mNowHealthyStep":0,"mRunStepCount":0,"mSpeed":0.0,"mStartTime":0,"mStepCount":0,"mTimeUnit":600000,"mTotalActiveTime":0.0,"mWalkStepCount":0},{"mCalorie":0.0,"mDistance":0.0,"mNowHealthyStep":0,"mRunStepCount":0,"mSpeed":0.0,"mStartTime":0,"mStepCount":0,"mTimeUnit":600000,"mTotalActiveTime":0.0,"mWalkStepCount":0},{"mCalorie":0.0,"mDistance":0.0,"mNowHealthyStep":0,"mRunStepCount":0,"mSpeed":0.0,"mStartTime":0,"mStepCount":0,"mTimeUnit":600000,"mTotalActiveTime":0.0,"mWalkStepCount":0},{"mCalorie":0.0,"mDistance":0.0,"mNowHealthyStep":0,"mRunStepCount":0,"mSpeed":0.0,"mStartTime":0,"mStepCount":0,"mTimeUnit":600000,"mTotalActiveTime":0.0,"mWalkStepCount":0},{"mCalorie":0.0,"mDistance":0.0,"mNowHealthyStep":0,"mRunStepCount":0,"mSpeed":0.0,"mStartTime":0,"mStepCount":0,"mTimeUnit":600000,"mTotalActiveTime":0.0,"mWalkStepCount":0},{"mCalorie":0.0,"mDistance":0.0,"mNowHealthyStep":0,"mRunStepCount":0,"mSpeed":0.0,"mStartTime":0,"mStepCount":0,"mTimeUnit":600000,"mTotalActiveTime":0.0,"mWalkStepCount":0},{"mCalorie":0.0,"mDistance":0.0,"mNowHealthyStep":0,"mRunStepCount":0,"mSpeed":0.0,"mStartTime":0,"mStepCount":0,"mTimeUnit":600000,"mTotalActiveTime":0.0,"mWalkStepCount":0},{"mCalorie":0.0,"mDistance":0.0,"mNowHealthyStep":0,"mRunStepCount":0,"mSpeed":0.0,"mStartTime":0,"mStepCount":0,"mTimeUnit":600000,"mTotalActiveTime":0.0,"mWalkStepCount":0},{"mCalorie":0.53,"mDistance":10.89,"mNowHealthyStep":0,"mRunStepCount":0,"mSpeed":5.400000095367432,"mStartTime":0,"mStepCount":14,"mTimeUnit":600000,"mTotalActiveTime":7259.999871783789,"mWalkStepCount":14},{"mCalorie":1.82,"mDistance":39.120000000000005,"mNowHealthyStep":0,"mRunStepCount":0,"mSpeed":4.835418701171875,"mStartTime":0,"mStepCount":52,"mTimeUnit":600000,"mTotalActiveTime":29125.09011161857,"mWalkStepCount":52},{"mCalorie":0.0,"mDistance":0.0,"mNowHealthyStep":0,"mRunStepCount":0,"mSpeed":0.0,"mStartTime":0,"mStepCount":0,"mTimeUnit":600000,"mTotalActiveTime":0.0,"mWalkStepCount":0},{"mCalorie":0.0,"mDistance":0.0,"mNowHealthyStep":0,"mRunStepCount":0,"mSpeed":0.0,"mStartTime":0,"mStepCount":0,"mTimeUnit":600000,"mTotalActiveTime":0.0,"mWalkStepCount":0},{"mCalorie":0.0,"mDistance":0.0,"mNowHealthyStep":0,"mRunStepCount":0,"mSpeed":0.0,"mStartTime":0,"mStepCount":0,"mTimeUnit":600000,"mTotalActiveTime":0.0,"mWalkStepCount":0},{"mCalorie":0.0,"mDistance":0.0,"mNowHealthyStep":0,"mRunStepCount":0,"mSpeed":0.0,"mStartTime":0,"mStepCount":0,"mTimeUnit":600000,"mTotalActiveTime":0.0,"mWalkStepCount":0},{"mCalorie":1.7799999999999998,"mDistance":35.77,"mNowHealthyStep":0,"mRunStepCount":0,"mSpeed":4.845023155212402,"mStartTime":0,"mStepCount":50,"mTimeUnit":600000,"mTotalActiveTime":26578.201798160208,"mWalkStepCount":50},{"mCalorie":8.93,"mDistance":174.2,"mNowHealthyStep":0,"mRunStepCount":0,"mSpeed":4.0085577964782715,"mStartTime":0,"mStepCount":242,"mTimeUnit":600000,"mTotalActiveTime":156445.30113855682,"mWalkStepCount":242},{"mCalorie":2.56,"mDistance":49.349999999999994,"mNowHealthyStep":0,"mRunStepCount":0,"mSpeed":3.984605073928833,"mStartTime":0,"mStepCount":68,"mTimeUnit":600000,"mTotalActiveTime":44586.60128281271,"mWalkStepCount":68},{"mCalorie":3.2899999999999996,"mDistance":67.32,"mNowHealthyStep":0,"mRunStepCount":0,"mSpeed":4.6925368309021,"mStartTime":0,"mStepCount":90,"mTimeUnit":600000,"mTotalActiveTime":51646.264150188814,"mWalkStepCount":90},{"mCalorie":0.41,"mDistance":9.03,"mNowHealthyStep":0,"mRunStepCount":0,"mSpeed":4.900000095367432,"mStartTime":0,"mStepCount":12,"mTimeUnit":600000,"mTotalActiveTime":6634.285585164331,"mWalkStepCount":12},{"mCalorie":2.8100000000000005,"mDistance":56.5,"mNowHealthyStep":0,"mRunStepCount":0,"mSpeed":4.153310298919678,"mStartTime":0,"mStepCount":78,"mTimeUnit":600000,"mTotalActiveTime":48972.9865990553,"mWalkStepCount":78},{"mCalorie":5.85,"mDistance":127.26999999999998,"mNowHealthyStep":0,"mRunStepCount":0,"mSpeed":4.849645137786865,"mStartTime":0,"mStepCount":167,"mTimeUnit":600000,"mTotalActiveTime":94475.36234329046,"mWalkStepCount":167},{"mCalorie":1.75,"mDistance":28.67,"mNowHealthyStep":0,"mRunStepCount":4,"mSpeed":9.394186019897461,"mStartTime":0,"mStepCount":27,"mTimeUnit":600000,"mTotalActiveTime":10986.795972905546,"mWalkStepCount":23},{"mCalorie":1.55,"mDistance":31.59,"mNowHealthyStep":0,"mRunStepCount":0,"mSpeed":4.582493305206299,"mStartTime":0,"mStepCount":43,"mTimeUnit":600000,"mTotalActiveTime":24817.057387972018,"mWalkStepCount":43},{"mCalorie":0.0,"mDistance":0.0,"mNowHealthyStep":0,"mRunStepCount":0,"mSpeed":0.0,"mStartTime":0,"mStepCount":0,"mTimeUnit":600000,"mTotalActiveTime":0.0,"mWalkStepCount":0},{"mCalorie":6.930000000000001,"mDistance":139.49,"mNowHealthyStep":0,"mRunStepCount":3,"mSpeed":5.10354471206665,"mStartTime":0,"mStepCount":182,"mTimeUnit":600000,"mTotalActiveTime":98395.13862082578,"mWalkStepCount":179},{"mCalorie":0.7,"mDistance":9.88,"mNowHealthyStep":0,"mRunStepCount":3,"mSpeed":5.899999618530273,"mStartTime":0,"mStepCount":13,"mTimeUnit":600000,"mTotalActiveTime":6028.474966047576,"mWalkStepCount":10},{"mCalorie":0.0,"mDistance":0.0,"mNowHealthyStep":0,"mRunStepCount":0,"mSpeed":0.0,"mStartTime":0,"mStepCount":0,"mTimeUnit":600000,"mTotalActiveTime":0.0,"mWalkStepCount":0},{"mCalorie":0.0,"mDistance":0.0,"mNowHealthyStep":0,"mRunStepCount":0,"mSpeed":0.0,"mStartTime":0,"mStepCount":0,"mTimeUnit":600000,"mTotalActiveTime":0.0,"mWalkStepCount":0},{"mCalorie":0.0,"mDistance":0.0,"mNowHealthyStep":0,"mRunStepCount":0,"mSpeed":0.0,"mStartTime":0,"mStepCount":0,"mTimeUnit":600000,"mTotalActiveTime":0.0,"mWalkStepCount":0},{"mCalorie":0.0,"mDistance":0.0,"mNowHealthyStep":0,"mRunStepCount":0,"mSpeed":0.0,"mStartTime":0,"mStepCount":0,"mTimeUnit":600000,"mTotalActiveTime":0.0,"mWalkStepCount":0},{"mCalorie":3.48,"mDistance":64.65,"mNowHealthyStep":0,"mRunStepCount":0,"mSpeed":3.751511335372925,"mStartTime":0,"mStepCount":91,"mTimeUnit":600000,"mTotalActiveTime":62038.997877723676,"mWalkStepCount":91},{"mCalorie":11.03,"mDistance":224.18000000000004,"mNowHealthyStep":0,"mRunStepCount":0,"mSpeed":4.517800331115723,"mStartTime":0,"mStepCount":312,"mTimeUnit":600000,"mTotalActiveTime":178637.37759244736,"mWalkStepCount":312},{"mCalorie":6.760000000000001,"mDistance":118.61,"mNowHealthyStep":0,"mRunStepCount":1,"mSpeed":4.294480323791504,"mStartTime":0,"mStepCount":166,"mTimeUnit":600000,"mTotalActiveTime":99429.02689175105,"mWalkStepCount":165},{"mCalorie":0.62,"mDistance":8.87,"mNowHealthyStep":0,"mRunStepCount":0,"mSpeed":3.0999999046325684,"mStartTime":0,"mStepCount":13,"mTimeUnit":600000,"mTotalActiveTime":10300.64547817616,"mWalkStepCount":13},{"mCalorie":0.0,"mDistance":0.0,"mNowHealthyStep":0,"mRunStepCount":0,"mSpeed":0.0,"mStartTime":0,"mStepCount":0,"mTimeUnit":600000,"mTotalActiveTime":0.0,"mWalkStepCount":0},{"mCalorie":0.0,"mDistance":0.0,"mNowHealthyStep":0,"mRunStepCount":0,"mSpeed":0.0,"mStartTime":0,"mStepCount":0,"mTimeUnit":600000,"mTotalActiveTime":0.0,"mWalkStepCount":0},{"mCalorie":0.0,"mDistance":0.0,"mNowHealthyStep":0,"mRunStepCount":0,"mSpeed":0.0,"mStartTime":0,"mStepCount":0,"mTimeUnit":600000,"mTotalActiveTime":0.0,"mWalkStepCount":0},{"mCalorie":0.71,"mDistance":14.62,"mNowHealthyStep":0,"mRunStepCount":0,"mSpeed":5.199999809265137,"mStartTime":0,"mStepCount":19,"mTimeUnit":600000,"mTotalActiveTime":10121.538832794293,"mWalkStepCount":19},{"mCalorie":0.0,"mDistance":0.0,"mNowHealthyStep":0,"mRunStepCount":0,"mSpeed":0.0,"mStartTime":0,"mStepCount":0,"mTimeUnit":600000,"mTotalActiveTime":0.0,"mWalkStepCount":0},{"mCalorie":0.0,"mDistance":0.0,"mNowHealthyStep":0,"mRunStepCount":0,"mSpeed":0.0,"mStartTime":0,"mStepCount":0,"mTimeUnit":600000,"mTotalActiveTime":0.0,"mWalkStepCount":0},{"mCalorie":0.0,"mDistance":0.0,"mNowHealthyStep":0,"mRunStepCount":0,"mSpeed":0.0,"mStartTime":0,"mStepCount":0,"mTimeUnit":600000,"mTotalActiveTime":0.0,"mWalkStepCount":0},{"mCalorie":0.0,"mDistance":0.0,"mNowHealthyStep":0,"mRunStepCount":0,"mSpeed":0.0,"mStartTime":0,"mStepCount":0,"mTimeUnit":600000,"mTotalActiveTime":0.0,"mWalkStepCount":0},{"mCalorie":0.0,"mDistance":0.0,"mNowHealthyStep":0,"mRunStepCount":0,"mSpeed":0.0,"mStartTime":0,"mStepCount":0,"mTimeUnit":600000,"mTotalActiveTime":0.0,"mWalkStepCount":0},{"mCalorie":0.0,"mDistance":0.0,"mNowHealthyStep":0,"mRunStepCount":0,"mSpeed":0.0,"mStartTime":0,"mStepCount":0,"mTimeUnit":600000,"mTotalActiveTime":0.0,"mWalkStepCount":0},{"mCalorie":0.0,"mDistance":0.0,"mNowHealthyStep":0,"mRunStepCount":0,"mSpeed":0.0,"mStartTime":0,"mStepCount":0,"mTimeUnit":600000,"mTotalActiveTime":0.0,"mWalkStepCount":0},{"mCalorie":0.0,"mDistance":0.0,"mNowHealthyStep":0,"mRunStepCount":0,"mSpeed":0.0,"mStartTime":0,"mStepCount":0,"mTimeUnit":600000,"mTotalActiveTime":0.0,"mWalkStepCount":0},{"mCalorie":0.0,"mDistance":0.0,"mNowHealthyStep":0,"mRunStepCount":0,"mSpeed":0.0,"mStartTime":0,"mStepCount":0,"mTimeUnit":600000,"mTotalActiveTime":0.0,"mWalkStepCount":0},{"mCalorie":0.0,"mDistance":0.0,"mNowHealthyStep":0,"mRunStepCount":0,"mSpeed":0.0,"mStartTime":0,"mStepCount":0,"mTimeUnit":600000,"mTotalActiveTime":0.0,"mWalkStepCount":0},{"mCalorie":0.0,"mDistance":0.0,"mNowHealthyStep":0,"mRunStepCount":0,"mSpeed":0.0,"mStartTime":0,"mStepCount":0,"mTimeUnit":600000,"mTotalActiveTime":0.0,"mWalkStepCount":0},{"mCalorie":0.0,"mDistance":0.0,"mNowHealthyStep":0,"mRunStepCount":0,"mSpeed":0.0,"mStartTime":0,"mStepCount":0,"mTimeUnit":600000,"mTotalActiveTime":0.0,"mWalkStepCount":0},{"mCalorie":0.0,"mDistance":0.0,"mNowHealthyStep":0,"mRunStepCount":0,"mSpeed":0.0,"mStartTime":0,"mStepCount":0,"mTimeUnit":600000,"mTotalActiveTime":0.0,"mWalkStepCount":0},{"mCalorie":0.0,"mDistance":0.0,"mNowHealthyStep":0,"mRunStepCount":0,"mSpeed":0.0,"mStartTime":0,"mStepCount":0,"mTimeUnit":600000,"mTotalActiveTime":0.0,"mWalkStepCount":0},{"mCalorie":0.52,"mDistance":10.54,"mNowHealthyStep":0,"mRunStepCount":0,"mSpeed":3.799999952316284,"mStartTime":0,"mStepCount":15,"mTimeUnit":600000,"mTotalActiveTime":9985.263283193279,"mWalkStepCount":15},{"mCalorie":1.0599999999999998,"mDistance":21.39,"mNowHealthyStep":0,"mRunStepCount":0,"mSpeed":3.8957598209381104,"mStartTime":0,"mStepCount":30,"mTimeUnit":600000,"mTotalActiveTime":19766.10592244324,"mWalkStepCount":30},{"mCalorie":8.450000000000474,"mDistance":153.949999999986,"mNowHealthyStep":0,"mRunStepCount":13,"mSpeed":4.702284812927246,"mStartTime":0,"mStepCount":207,"mTimeUnit":600000,"mTotalActiveTime":117861.85685682054,"mWalkStepCount":194},{"mCalorie":7.640000000000001,"mDistance":138.35,"mNowHealthyStep":0,"mRunStepCount":22,"mSpeed":6.028715133666992,"mStartTime":0,"mStepCount":172,"mTimeUnit":600000,"mTotalActiveTime":82614.61595186341,"mWalkStepCount":150},{"mCalorie":2.26,"mDistance":44.79,"mNowHealthyStep":0,"mRunStepCount":0,"mSpeed":4.527462482452393,"mStartTime":0,"mStepCount":61,"mTimeUnit":600000,"mTotalActiveTime":35614.650953779754,"mWalkStepCount":61},{"mCalorie":2.81,"mDistance":51.52,"mNowHealthyStep":0,"mRunStepCount":5,"mSpeed":5.18870735168457,"mStartTime":0,"mStepCount":66,"mTimeUnit":600000,"mTotalActiveTime":35745.31945997529,"mWalkStepCount":61},{"mCalorie":0.0,"mDistance":0.0,"mNowHealthyStep":0,"mRunStepCount":0,"mSpeed":0.0,"mStartTime":0,"mStepCount":0,"mTimeUnit":600000,"mTotalActiveTime":0.0,"mWalkStepCount":0},{"mCalorie":1.25,"mDistance":26.3,"mNowHealthyStep":0,"mRunStepCount":0,"mSpeed":4.214154243469238,"mStartTime":0,"mStepCount":36,"mTimeUnit":600000,"mTotalActiveTime":22467.140934461615,"mWalkStepCount":36},{"mCalorie":0.6399999999999999,"mDistance":13.309999999999999,"mNowHealthyStep":0,"mRunStepCount":0,"mSpeed":4.319910049438477,"mStartTime":0,"mStepCount":18,"mTimeUnit":600000,"mTotalActiveTime":11091.897716604206,"mWalkStepCount":18},{"mCalorie":0.0,"mDistance":0.0,"mNowHealthyStep":0,"mRunStepCount":0,"mSpeed":0.0,"mStartTime":0,"mStepCount":0,"mTimeUnit":600000,"mTotalActiveTime":0.0,"mWalkStepCount":0},{"mCalorie":0.84,"mDistance":20.93,"mNowHealthyStep":0,"mRunStepCount":0,"mSpeed":6.199999809265137,"mStartTime":0,"mStepCount":26,"mTimeUnit":600000,"mTotalActiveTime":12152.903599674582,"mWalkStepCount":26},{"mCalorie":0.0,"mDistance":0.0,"mNowHealthyStep":0,"mRunStepCount":0,"mSpeed":0.0,"mStartTime":0,"mStepCount":0,"mTimeUnit":600000,"mTotalActiveTime":0.0,"mWalkStepCount":0},{"mCalorie":0.0,"mDistance":0.0,"mNowHealthyStep":0,"mRunStepCount":0,"mSpeed":0.0,"mStartTime":0,"mStepCount":0,"mTimeUnit":600000,"mTotalActiveTime":0.0,"mWalkStepCount":0},{"mCalorie":0.0,"mDistance":0.0,"mNowHealthyStep":0,"mRunStepCount":0,"mSpeed":0.0,"mStartTime":0,"mStepCount":0,"mTimeUnit":600000,"mTotalActiveTime":0.0,"mWalkStepCount":0},{"mCalorie":0.0,"mDistance":0.0,"mNowHealthyStep":0,"mRunStepCount":0,"mSpeed":0.0,"mStartTime":0,"mStepCount":0,"mTimeUnit":600000,"mTotalActiveTime":0.0,"mWalkStepCount":0},{"mCalorie":0.44,"mDistance":10.5,"mNowHealthyStep":0,"mRunStepCount":0,"mSpeed":6.5,"mStartTime":0,"mStepCount":13,"mTimeUnit":600000,"mTotalActiveTime":5815.384615384615,"mWalkStepCount":13},{"mCalorie":4.61,"mDistance":83.95,"mNowHealthyStep":0,"mRunStepCount":0,"mSpeed":5.619834899902344,"mStartTime":0,"mStepCount":135,"mTimeUnit":600000,"mTotalActiveTime":53777.381139197445,"mWalkStepCount":135},{"mCalorie":0.0,"mDistance":0.0,"mNowHealthyStep":0,"mRunStepCount":0,"mSpeed":0.0,"mStartTime":0,"mStepCount":0,"mTimeUnit":600000,"mTotalActiveTime":0.0,"mWalkStepCount":0},{"mCalorie":5.14,"mDistance":105.77999999999999,"mNowHealthyStep":0,"mRunStepCount":0,"mSpeed":4.614637851715088,"mStartTime":0,"mStepCount":144,"mTimeUnit":600000,"mTotalActiveTime":82521.74784025252,"mWalkStepCount":144},{"mCalorie":6.729999999999999,"mDistance":137.94,"mNowHealthyStep":0,"mRunStepCount":0,"mSpeed":4.195887565612793,"mStartTime":0,"mStepCount":189,"mTimeUnit":600000,"mTotalActiveTime":118350.16583517457,"mWalkStepCount":189},{"mCalorie":10.840000000000002,"mDistance":222.82999999999998,"mNowHealthyStep":0,"mRunStepCount":0,"mSpeed":4.432592868804932,"mStartTime":0,"mStepCount":302,"mTimeUnit":600000,"mTotalActiveTime":180974.8907275546,"mWalkStepCount":302},{"mCalorie":11.35,"mDistance":235.14000000000001,"mNowHealthyStep":0,"mRunStepCount":0,"mSpeed":4.845826625823975,"mStartTime":0,"mStepCount":315,"mTimeUnit":600000,"mTotalActiveTime":174687.2215980402,"mWalkStepCount":315},{"mCalorie":10.019999999999747,"mDistance":204.16299999997952,"mNowHealthyStep":0,"mRunStepCount":4,"mSpeed":4.910599231719971,"mStartTime":0,"mStepCount":267,"mTimeUnit":600000,"mTotalActiveTime":149673.54165831467,"mWalkStepCount":263},{"mCalorie":2.1799999999999997,"mDistance":30.72,"mNowHealthyStep":0,"mRunStepCount":11,"mSpeed":10.331029891967773,"mStartTime":0,"mStepCount":31,"mTimeUnit":600000,"mTotalActiveTime":10704.838336190072,"mWalkStepCount":20},{"mCalorie":3.08,"mDistance":61.98,"mNowHealthyStep":0,"mRunStepCount":0,"mSpeed":4.306410312652588,"mStartTime":0,"mStepCount":85,"mTimeUnit":600000,"mTotalActiveTime":51812.992863177664,"mWalkStepCount":85},{"mCalorie":2.38,"mDistance":43.080000000000005,"mNowHealthyStep":0,"mRunStepCount":7,"mSpeed":5.411984920501709,"mStartTime":0,"mStepCount":54,"mTimeUnit":600000,"mTotalActiveTime":28656.39907798504,"mWalkStepCount":47},{"mCalorie":0.0,"mDistance":0.0,"mNowHealthyStep":0,"mRunStepCount":0,"mSpeed":0.0,"mStartTime":0,"mStepCount":0,"mTimeUnit":600000,"mTotalActiveTime":0.0,"mWalkStepCount":0},{"mCalorie":0.87,"mDistance":17.32,"mNowHealthyStep":0,"mRunStepCount":0,"mSpeed":5.099999904632568,"mStartTime":0,"mStepCount":23,"mTimeUnit":600000,"mTotalActiveTime":12225.882581559024,"mWalkStepCount":23},{"mCalorie":0.0,"mDistance":0.0,"mNowHealthyStep":0,"mRunStepCount":0,"mSpeed":0.0,"mStartTime":0,"mStepCount":0,"mTimeUnit":600000,"mTotalActiveTime":0.0,"mWalkStepCount":0},{"mCalorie":1.03,"mDistance":20.66,"mNowHealthyStep":0,"mRunStepCount":0,"mSpeed":3.8646745681762695,"mStartTime":0,"mStepCount":29,"mTimeUnit":600000,"mTotalActiveTime":19245.087869540945,"mWalkStepCount":29},{"mCalorie":0.0,"mDistance":0.0,"mNowHealthyStep":0,"mRunStepCount":0,"mSpeed":0.0,"mStartTime":0,"mStepCount":0,"mTimeUnit":600000,"mTotalActiveTime":0.0,"mWalkStepCount":0},{"mCalorie":0.0,"mDistance":0.0,"mNowHealthyStep":0,"mRunStepCount":0,"mSpeed":0.0,"mStartTime":0,"mStepCount":0,"mTimeUnit":600000,"mTotalActiveTime":0.0,"mWalkStepCount":0},{"mCalorie":0.0,"mDistance":0.0,"mNowHealthyStep":0,"mRunStepCount":0,"mSpeed":0.0,"mStartTime":0,"mStepCount":0,"mTimeUnit":600000,"mTotalActiveTime":0.0,"mWalkStepCount":0},{"mCalorie":0.0,"mDistance":0.0,"mNowHealthyStep":0,"mRunStepCount":0,"mSpeed":0.0,"mStartTime":0,"mStepCount":0,"mTimeUnit":600000,"mTotalActiveTime":0.0,"mWalkStepCount":0},{"mCalorie":0.0,"mDistance":0.0,"mNowHealthyStep":0,"mRunStepCount":0,"mSpeed":0.0,"mStartTime":0,"mStepCount":0,"mTimeUnit":600000,"mTotalActiveTime":0.0,"mWalkStepCount":0},{"mCalorie":0.0,"mDistance":0.0,"mNowHealthyStep":0,"mRunStepCount":0,"mSpeed":0.0,"mStartTime":0,"mStepCount":0,"mTimeUnit":600000,"mTotalActiveTime":0.0,"mWalkStepCount":0},{"mCalorie":0.0,"mDistance":0.0,"mNowHealthyStep":0,"mRunStepCount":0,"mSpeed":0.0,"mStartTime":0,"mStepCount":0,"mTimeUnit":600000,"mTotalActiveTime":0.0,"mWalkStepCount":0},{"mCalorie":0.0,"mDistance":0.0,"mNowHealthyStep":0,"mRunStepCount":0,"mSpeed":0.0,"mStartTime":0,"mStepCount":0,"mTimeUnit":600000,"mTotalActiveTime":0.0,"mWalkStepCount":0},{"mCalorie":0.0,"mDistance":0.0,"mNowHealthyStep":0,"mRunStepCount":0,"mSpeed":0.0,"mStartTime":0,"mStepCount":0,"mTimeUnit":600000,"mTotalActiveTime":0.0,"mWalkStepCount":0},{"mCalorie":1.59,"mDistance":30.22,"mNowHealthyStep":0,"mRunStepCount":0,"mSpeed":3.9793457984924316,"mStartTime":0,"mStepCount":42,"mTimeUnit":600000,"mTotalActiveTime":27339.167967809895,"mWalkStepCount":42},{"mCalorie":0.78,"mDistance":16.92,"mNowHealthyStep":0,"mRunStepCount":0,"mSpeed":4.299999713897705,"mStartTime":0,"mStepCount":23,"mTimeUnit":600000,"mTotalActiveTime":14165.582337861772,"mWalkStepCount":23},{"mCalorie":0.0,"mDistance":0.0,"mNowHealthyStep":0,"mRunStepCount":0,"mSpeed":0.0,"mStartTime":0,"mStepCount":0,"mTimeUnit":600000,"mTotalActiveTime":0.0,"mWalkStepCount":0},{"mCalorie":0.0,"mDistance":0.0,"mNowHealthyStep":0,"mRunStepCount":0,"mSpeed":0.0,"mStartTime":0,"mStepCount":0,"mTimeUnit":600000,"mTotalActiveTime":0.0,"mWalkStepCount":0},{"mCalorie":0.0,"mDistance":0.0,"mNowHealthyStep":0,"mRunStepCount":0,"mSpeed":0.0,"mStartTime":0,"mStepCount":0,"mTimeUnit":600000,"mTotalActiveTime":0.0,"mWalkStepCount":0},{"mCalorie":0.0,"mDistance":0.0,"mNowHealthyStep":0,"mRunStepCount":0,"mSpeed":0.0,"mStartTime":0,"mStepCount":0,"mTimeUnit":600000,"mTotalActiveTime":0.0,"mWalkStepCount":0}]