[{"mCalorie":0.0,"mDistance":0.0,"mNowHealthyStep":0,"mRunStepCount":0,"mSpeed":0.0,"mStartTime":1608937200000,"mStepCount":0,"mTimeUnit":600000,"mTotalActiveTime":0.0,"mWalkStepCount":0},{"mCalorie":0.0,"mDistance":0.0,"mNowHealthyStep":0,"mRunStepCount":0,"mSpeed":0.0,"mStartTime":1608937800000,"mStepCount":0,"mTimeUnit":600000,"mTotalActiveTime":0.0,"mWalkStepCount":0},{"mCalorie":0.0,"mDistance":0.0,"mNowHealthyStep":0,"mRunStepCount":0,"mSpeed":0.0,"mStartTime":1608938400000,"mStepCount":0,"mTimeUnit":600000,"mTotalActiveTime":0.0,"mWalkStepCount":0},{"mCalorie":0.0,"mDistance":0.0,"mNowHealthyStep":0,"mRunStepCount":0,"mSpeed":0.0,"mStartTime":1608939000000,"mStepCount":0,"mTimeUnit":600000,"mTotalActiveTime":0.0,"mWalkStepCount":0},{"mCalorie":0.0,"mDistance":0.0,"mNowHealthyStep":0,"mRunStepCount":0,"mSpeed":0.0,"mStartTime":1608939600000,"mStepCount":0,"mTimeUnit":600000,"mTotalActiveTime":0.0,"mWalkStepCount":0},{"mCalorie":0.0,"mDistance":0.0,"mNowHealthyStep":0,"mRunStepCount":0,"mSpeed":0.0,"mStartTime":1608940200000,"mStepCount":0,"mTimeUnit":600000,"mTotalActiveTime":0.0,"mWalkStepCount":0},{"mCalorie":0.0,"mDistance":0.0,"mNowHealthyStep":0,"mRunStepCount":0,"mSpeed":0.0,"mStartTime":1608940800000,"mStepCount":0,"mTimeUnit":600000,"mTotalActiveTime":0.0,"mWalkStepCount":0},{"mCalorie":0.0,"mDistance":0.0,"mNowHealthyStep":0,"mRunStepCount":0,"mSpeed":0.0,"mStartTime":1608941400000,"mStepCount":0,"mTimeUnit":600000,"mTotalActiveTime":0.0,"mWalkStepCount":0},{"mCalorie":0.0,"mDistance":0.0,"mNowHealthyStep":0,"mRunStepCount":0,"mSpeed":0.0,"mStartTime":1608942000000,"mStepCount":0,"mTimeUnit":600000,"mTotalActiveTime":0.0,"mWalkStepCount":0},{"mCalorie":0.0,"mDistance":0.0,"mNowHealthyStep":0,"mRunStepCount":0,"mSpeed":0.0,"mStartTime":1608942600000,"mStepCount":0,"mTimeUnit":600000,"mTotalActiveTime":0.0,"mWalkStepCount":0},{"mCalorie":0.0,"mDistance":0.0,"mNowHealthyStep":0,"mRunStepCount":0,"mSpeed":0.0,"mStartTime":1608943200000,"mStepCount":0,"mTimeUnit":600000,"mTotalActiveTime":0.0,"mWalkStepCount":0},{"mCalorie":0.0,"mDistance":0.0,"mNowHealthyStep":0,"mRunStepCount":0,"mSpeed":0.0,"mStartTime":1608943800000,"mStepCount":0,"mTimeUnit":600000,"mTotalActiveTime":0.0,"mWalkStepCount":0},{"mCalorie":0.0,"mDistance":0.0,"mNowHealthyStep":0,"mRunStepCount":0,"mSpeed":0.0,"mStartTime":1608944400000,"mStepCount":0,"mTimeUnit":600000,"mTotalActiveTime":0.0,"mWalkStepCount":0},{"mCalorie":0.0,"mDistance":0.0,"mNowHealthyStep":0,"mRunStepCount":0,"mSpeed":0.0,"mStartTime":1608945000000,"mStepCount":0,"mTimeUnit":600000,"mTotalActiveTime":0.0,"mWalkStepCount":0},{"mCalorie":0.5,"mDistance":10.6,"mNowHealthyStep":0,"mRunStepCount":0,"mSpeed":5.5,"mStartTime":1608945600000,"mStepCount":14,"mTimeUnit":600000,"mTotalActiveTime":6938.181818181818,"mWalkStepCount":14},{"mCalorie":0.7299999999997908,"mDistance":13.449000000000524,"mNowHealthyStep":0,"mRunStepCount":1,"mSpeed":7.087505340576172,"mStartTime":1608946200000,"mStepCount":16,"mTimeUnit":600000,"mTotalActiveTime":6831.2329477646535,"mWalkStepCount":15},{"mCalorie":0.0,"mDistance":0.0,"mNowHealthyStep":0,"mRunStepCount":0,"mSpeed":0.0,"mStartTime":1608946800000,"mStepCount":0,"mTimeUnit":600000,"mTotalActiveTime":0.0,"mWalkStepCount":0},{"mCalorie":0.0,"mDistance":0.0,"mNowHealthyStep":0,"mRunStepCount":0,"mSpeed":0.0,"mStartTime":1608947400000,"mStepCount":0,"mTimeUnit":600000,"mTotalActiveTime":0.0,"mWalkStepCount":0},{"mCalorie":0.0,"mDistance":0.0,"mNowHealthyStep":0,"mRunStepCount":0,"mSpeed":0.0,"mStartTime":1608948000000,"mStepCount":0,"mTimeUnit":600000,"mTotalActiveTime":0.0,"mWalkStepCount":0},{"mCalorie":0.0,"mDistance":0.0,"mNowHealthyStep":0,"mRunStepCount":0,"mSpeed":0.0,"mStartTime":1608948600000,"mStepCount":0,"mTimeUnit":600000,"mTotalActiveTime":0.0,"mWalkStepCount":0},{"mCalorie":0.0,"mDistance":0.0,"mNowHealthyStep":0,"mRunStepCount":0,"mSpeed":0.0,"mStartTime":1608949200000,"mStepCount":0,"mTimeUnit":600000,"mTotalActiveTime":0.0,"mWalkStepCount":0},{"mCalorie":0.0,"mDistance":0.0,"mNowHealthyStep":0,"mRunStepCount":0,"mSpeed":0.0,"mStartTime":1608949800000,"mStepCount":0,"mTimeUnit":600000,"mTotalActiveTime":0.0,"mWalkStepCount":0},{"mCalorie":0.0,"mDistance":0.0,"mNowHealthyStep":0,"mRunStepCount":0,"mSpeed":0.0,"mStartTime":1608950400000,"mStepCount":0,"mTimeUnit":600000,"mTotalActiveTime":0.0,"mWalkStepCount":0},{"mCalorie":0.0,"mDistance":0.0,"mNowHealthyStep":0,"mRunStepCount":0,"mSpeed":0.0,"mStartTime":1608951000000,"mStepCount":0,"mTimeUnit":600000,"mTotalActiveTime":0.0,"mWalkStepCount":0},{"mCalorie":0.0,"mDistance":0.0,"mNowHealthyStep":0,"mRunStepCount":0,"mSpeed":0.0,"mStartTime":1608951600000,"mStepCount":0,"mTimeUnit":600000,"mTotalActiveTime":0.0,"mWalkStepCount":0},{"mCalorie":0.0,"mDistance":0.0,"mNowHealthyStep":0,"mRunStepCount":0,"mSpeed":0.0,"mStartTime":1608952200000,"mStepCount":0,"mTimeUnit":600000,"mTotalActiveTime":0.0,"mWalkStepCount":0},{"mCalorie":0.0,"mDistance":0.0,"mNowHealthyStep":0,"mRunStepCount":0,"mSpeed":0.0,"mStartTime":1608952800000,"mStepCount":0,"mTimeUnit":600000,"mTotalActiveTime":0.0,"mWalkStepCount":0},{"mCalorie":0.0,"mDistance":0.0,"mNowHealthyStep":0,"mRunStepCount":0,"mSpeed":0.0,"mStartTime":1608953400000,"mStepCount":0,"mTimeUnit":600000,"mTotalActiveTime":0.0,"mWalkStepCount":0},{"mCalorie":0.0,"mDistance":0.0,"mNowHealthyStep":0,"mRunStepCount":0,"mSpeed":0.0,"mStartTime":1608954000000,"mStepCount":0,"mTimeUnit":600000,"mTotalActiveTime":0.0,"mWalkStepCount":0},{"mCalorie":0.0,"mDistance":0.0,"mNowHealthyStep":0,"mRunStepCount":0,"mSpeed":0.0,"mStartTime":1608954600000,"mStepCount":0,"mTimeUnit":600000,"mTotalActiveTime":0.0,"mWalkStepCount":0},{"mCalorie":0.0,"mDistance":0.0,"mNowHealthyStep":0,"mRunStepCount":0,"mSpeed":0.0,"mStartTime":1608955200000,"mStepCount":0,"mTimeUnit":600000,"mTotalActiveTime":0.0,"mWalkStepCount":0},{"mCalorie":0.0,"mDistance":0.0,"mNowHealthyStep":0,"mRunStepCount":0,"mSpeed":0.0,"mStartTime":1608955800000,"mStepCount":0,"mTimeUnit":600000,"mTotalActiveTime":0.0,"mWalkStepCount":0},{"mCalorie":0.0,"mDistance":0.0,"mNowHealthyStep":0,"mRunStepCount":0,"mSpeed":0.0,"mStartTime":1608956400000,"mStepCount":0,"mTimeUnit":600000,"mTotalActiveTime":0.0,"mWalkStepCount":0},{"mCalorie":0.0,"mDistance":0.0,"mNowHealthyStep":0,"mRunStepCount":0,"mSpeed":0.0,"mStartTime":1608957000000,"mStepCount":0,"mTimeUnit":600000,"mTotalActiveTime":0.0,"mWalkStepCount":0},{"mCalorie":0.0,"mDistance":0.0,"mNowHealthyStep":0,"mRunStepCount":0,"mSpeed":0.0,"mStartTime":1608957600000,"mStepCount":0,"mTimeUnit":600000,"mTotalActiveTime":0.0,"mWalkStepCount":0},{"mCalorie":0.0,"mDistance":0.0,"mNowHealthyStep":0,"mRunStepCount":0,"mSpeed":0.0,"mStartTime":1608958200000,"mStepCount":0,"mTimeUnit":600000,"mTotalActiveTime":0.0,"mWalkStepCount":0},{"mCalorie":0.0,"mDistance":0.0,"mNowHealthyStep":0,"mRunStepCount":0,"mSpeed":0.0,"mStartTime":1608958800000,"mStepCount":0,"mTimeUnit":600000,"mTotalActiveTime":0.0,"mWalkStepCount":0},{"mCalorie":0.0,"mDistance":0.0,"mNowHealthyStep":0,"mRunStepCount":0,"mSpeed":0.0,"mStartTime":1608959400000,"mStepCount":0,"mTimeUnit":600000,"mTotalActiveTime":0.0,"mWalkStepCount":0},{"mCalorie":0.0,"mDistance":0.0,"mNowHealthyStep":0,"mRunStepCount":0,"mSpeed":0.0,"mStartTime":1608960000000,"mStepCount":0,"mTimeUnit":600000,"mTotalActiveTime":0.0,"mWalkStepCount":0},{"mCalorie":1.3599999999999999,"mDistance":30.03,"mNowHealthyStep":0,"mRunStepCount":0,"mSpeed":5.74946928024292,"mStartTime":1608960600000,"mStepCount":38,"mTimeUnit":600000,"mTotalActiveTime":18803.12698756685,"mWalkStepCount":38},{"mCalorie":0.37,"mDistance":7.27,"mNowHealthyStep":0,"mRunStepCount":0,"mSpeed":4.5,"mStartTime":1608961200000,"mStepCount":10,"mTimeUnit":600000,"mTotalActiveTime":5816.0,"mWalkStepCount":10},{"mCalorie":36.540000000000106,"mDistance":764.1580000000013,"mNowHealthyStep":0,"mRunStepCount":0,"mSpeed":4.997768878936768,"mStartTime":1608961800000,"mStepCount":1004,"mTimeUnit":600000,"mTotalActiveTime":550439.3595971657,"mWalkStepCount":1004},{"mCalorie":37.57900000000002,"mDistance":775.9389999999987,"mNowHealthyStep":0,"mRunStepCount":0,"mSpeed":4.75681734085083,"mStartTime":1608962400000,"mStepCount":1054,"mTimeUnit":600000,"mTotalActiveTime":587237.2357118662,"mWalkStepCount":1054},{"mCalorie":6.6899999999999995,"mDistance":144.07,"mNowHealthyStep":0,"mRunStepCount":0,"mSpeed":4.426539897918701,"mStartTime":1608963000000,"mStepCount":197,"mTimeUnit":600000,"mTotalActiveTime":117168.72113608965,"mWalkStepCount":197},{"mCalorie":0.0,"mDistance":0.0,"mNowHealthyStep":0,"mRunStepCount":0,"mSpeed":0.0,"mStartTime":1608963600000,"mStepCount":0,"mTimeUnit":600000,"mTotalActiveTime":0.0,"mWalkStepCount":0},{"mCalorie":0.37,"mDistance":6.76,"mNowHealthyStep":0,"mRunStepCount":0,"mSpeed":3.0999999046325684,"mStartTime":1608964200000,"mStepCount":10,"mTimeUnit":600000,"mTotalActiveTime":7850.32282215004,"mWalkStepCount":10},{"mCalorie":4.070000000000109,"mDistance":85.90999999999826,"mNowHealthyStep":0,"mRunStepCount":0,"mSpeed":4.296029090881348,"mStartTime":1608964800000,"mStepCount":118,"mTimeUnit":600000,"mTotalActiveTime":71991.13483905976,"mWalkStepCount":118},{"mCalorie":33.470000000000084,"mDistance":678.3599999999999,"mNowHealthyStep":0,"mRunStepCount":0,"mSpeed":4.690655708312988,"mStartTime":1608965400000,"mStepCount":940,"mTimeUnit":600000,"mTotalActiveTime":520629.98441723187,"mWalkStepCount":940},{"mCalorie":33.541000000000174,"mDistance":747.3100000000015,"mNowHealthyStep":0,"mRunStepCount":0,"mSpeed":4.76279878616333,"mStartTime":1608966000000,"mStepCount":1003,"mTimeUnit":600000,"mTotalActiveTime":564860.3172475173,"mWalkStepCount":1003},{"mCalorie":9.21900000000007,"mDistance":206.130999999996,"mNowHealthyStep":0,"mRunStepCount":0,"mSpeed":4.596554279327393,"mStartTime":1608966600000,"mStepCount":278,"mTimeUnit":600000,"mTotalActiveTime":161440.8502023521,"mWalkStepCount":278},{"mCalorie":0.0,"mDistance":0.0,"mNowHealthyStep":0,"mRunStepCount":0,"mSpeed":0.0,"mStartTime":1608967200000,"mStepCount":0,"mTimeUnit":600000,"mTotalActiveTime":0.0,"mWalkStepCount":0},{"mCalorie":0.0,"mDistance":0.0,"mNowHealthyStep":0,"mRunStepCount":0,"mSpeed":0.0,"mStartTime":1608967800000,"mStepCount":0,"mTimeUnit":600000,"mTotalActiveTime":0.0,"mWalkStepCount":0},{"mCalorie":0.0,"mDistance":0.0,"mNowHealthyStep":0,"mRunStepCount":0,"mSpeed":0.0,"mStartTime":1608968400000,"mStepCount":0,"mTimeUnit":600000,"mTotalActiveTime":0.0,"mWalkStepCount":0},{"mCalorie":0.0,"mDistance":0.0,"mNowHealthyStep":0,"mRunStepCount":0,"mSpeed":0.0,"mStartTime":1608969000000,"mStepCount":0,"mTimeUnit":600000,"mTotalActiveTime":0.0,"mWalkStepCount":0},{"mCalorie":0.0,"mDistance":0.0,"mNowHealthyStep":0,"mRunStepCount":0,"mSpeed":0.0,"mStartTime":1608969600000,"mStepCount":0,"mTimeUnit":600000,"mTotalActiveTime":0.0,"mWalkStepCount":0},{"mCalorie":0.0,"mDistance":0.0,"mNowHealthyStep":0,"mRunStepCount":0,"mSpeed":0.0,"mStartTime":1608970200000,"mStepCount":0,"mTimeUnit":600000,"mTotalActiveTime":0.0,"mWalkStepCount":0},{"mCalorie":0.0,"mDistance":0.0,"mNowHealthyStep":0,"mRunStepCount":0,"mSpeed":0.0,"mStartTime":1608970800000,"mStepCount":0,"mTimeUnit":600000,"mTotalActiveTime":0.0,"mWalkStepCount":0},{"mCalorie":0.0,"mDistance":0.0,"mNowHealthyStep":0,"mRunStepCount":0,"mSpeed":0.0,"mStartTime":1608971400000,"mStepCount":0,"mTimeUnit":600000,"mTotalActiveTime":0.0,"mWalkStepCount":0},{"mCalorie":0.0,"mDistance":0.0,"mNowHealthyStep":0,"mRunStepCount":0,"mSpeed":0.0,"mStartTime":1608972000000,"mStepCount":0,"mTimeUnit":600000,"mTotalActiveTime":0.0,"mWalkStepCount":0},{"mCalorie":0.0,"mDistance":0.0,"mNowHealthyStep":0,"mRunStepCount":0,"mSpeed":0.0,"mStartTime":1608972600000,"mStepCount":0,"mTimeUnit":600000,"mTotalActiveTime":0.0,"mWalkStepCount":0},{"mCalorie":0.85,"mDistance":19.95,"mNowHealthyStep":0,"mRunStepCount":0,"mSpeed":5.225808620452881,"mStartTime":1608973200000,"mStepCount":26,"mTimeUnit":600000,"mTotalActiveTime":13743.327372695647,"mWalkStepCount":26},{"mCalorie":0.9299999999999999,"mDistance":13.98,"mNowHealthyStep":0,"mRunStepCount":0,"mSpeed":3.374886989593506,"mStartTime":1608973800000,"mStepCount":21,"mTimeUnit":600000,"mTotalActiveTime":14912.499615860494,"mWalkStepCount":21},{"mCalorie":0.61,"mDistance":13.1,"mNowHealthyStep":0,"mRunStepCount":0,"mSpeed":4.400000095367432,"mStartTime":1608974400000,"mStepCount":18,"mTimeUnit":600000,"mTotalActiveTime":10718.181585871487,"mWalkStepCount":18},{"mCalorie":1.02,"mDistance":22.96,"mNowHealthyStep":0,"mRunStepCount":0,"mSpeed":5.835660934448242,"mStartTime":1608975000000,"mStepCount":29,"mTimeUnit":600000,"mTotalActiveTime":14163.947966132666,"mWalkStepCount":29},{"mCalorie":0.4500000000001455,"mDistance":10.900999999995838,"mNowHealthyStep":0,"mRunStepCount":0,"mSpeed":5.741960525512695,"mStartTime":1608975600000,"mStepCount":14,"mTimeUnit":600000,"mTotalActiveTime":6834.529743911986,"mWalkStepCount":14},{"mCalorie":0.9099999999999999,"mDistance":16.61,"mNowHealthyStep":0,"mRunStepCount":0,"mSpeed":3.9998281002044678,"mStartTime":1608976200000,"mStepCount":23,"mTimeUnit":600000,"mTotalActiveTime":14949.64236923401,"mWalkStepCount":23},{"mCalorie":2.43,"mDistance":42.0,"mNowHealthyStep":0,"mRunStepCount":0,"mSpeed":5.053556442260742,"mStartTime":1608976800000,"mStepCount":54,"mTimeUnit":600000,"mTotalActiveTime":29919.523202346438,"mWalkStepCount":54},{"mCalorie":2.98,"mDistance":57.64,"mNowHealthyStep":0,"mRunStepCount":0,"mSpeed":4.65638542175293,"mStartTime":1608977400000,"mStepCount":78,"mTimeUnit":600000,"mTotalActiveTime":44563.321020231844,"mWalkStepCount":78},{"mCalorie":0.85,"mDistance":18.41,"mNowHealthyStep":0,"mRunStepCount":0,"mSpeed":4.400000095367432,"mStartTime":1608978000000,"mStepCount":25,"mTimeUnit":600000,"mTotalActiveTime":15062.726946251458,"mWalkStepCount":25},{"mCalorie":1.6,"mDistance":32.42,"mNowHealthyStep":0,"mRunStepCount":0,"mSpeed":4.46998929977417,"mStartTime":1608978600000,"mStepCount":43,"mTimeUnit":600000,"mTotalActiveTime":26110.128641268544,"mWalkStepCount":43},{"mCalorie":1.3400000154972076,"mDistance":28.4399995803833,"mNowHealthyStep":0,"mRunStepCount":0,"mSpeed":4.579861164093018,"mStartTime":1608979200000,"mStepCount":38,"mTimeUnit":600000,"mTotalActiveTime":22355.2618232363,"mWalkStepCount":38},{"mCalorie":7.419999854564667,"mDistance":127.21999935150146,"mNowHealthyStep":0,"mRunStepCount":0,"mSpeed":4.2189483642578125,"mStartTime":1608979800000,"mStepCount":197,"mTimeUnit":600000,"mTotalActiveTime":108555.96525321626,"mWalkStepCount":197},{"mCalorie":16.22999983072281,"mDistance":284.25000381469727,"mNowHealthyStep":0,"mRunStepCount":0,"mSpeed":4.176081657409668,"mStartTime":1608980400000,"mStepCount":392,"mTimeUnit":600000,"mTotalActiveTime":245038.3149489828,"mWalkStepCount":392},{"mCalorie":10.250000033378601,"mDistance":202.2199962615967,"mNowHealthyStep":0,"mRunStepCount":0,"mSpeed":4.085653781890869,"mStartTime":1608981000000,"mStepCount":277,"mTimeUnit":600000,"mTotalActiveTime":178182.49274002804,"mWalkStepCount":277},{"mCalorie":0.33,"mDistance":7.41,"mNowHealthyStep":0,"mRunStepCount":0,"mSpeed":4.799999713897705,"mStartTime":1608981600000,"mStepCount":10,"mTimeUnit":600000,"mTotalActiveTime":5557.500331252833,"mWalkStepCount":10},{"mCalorie":0.0,"mDistance":0.0,"mNowHealthyStep":0,"mRunStepCount":0,"mSpeed":0.0,"mStartTime":1608982200000,"mStepCount":0,"mTimeUnit":600000,"mTotalActiveTime":0.0,"mWalkStepCount":0},{"mCalorie":1.7799999713897705,"mDistance":33.9399995803833,"mNowHealthyStep":0,"mRunStepCount":0,"mSpeed":3.7219114303588867,"mStartTime":1608982800000,"mStepCount":47,"mTimeUnit":600000,"mTotalActiveTime":32828.29329503863,"mWalkStepCount":47},{"mCalorie":20.21999896049494,"mDistance":356.4800027465816,"mNowHealthyStep":0,"mRunStepCount":0,"mSpeed":4.736160755157471,"mStartTime":1608983400000,"mStepCount":500,"mTimeUnit":600000,"mTotalActiveTime":270963.77329757233,"mWalkStepCount":500},{"mCalorie":2.3800000000001638,"mDistance":47.85000000000116,"mNowHealthyStep":0,"mRunStepCount":0,"mSpeed":4.333425521850586,"mStartTime":1608984000000,"mStepCount":66,"mTimeUnit":600000,"mTotalActiveTime":39751.461419274376,"mWalkStepCount":66},{"mCalorie":2.0809999976159723,"mDistance":42.99899977112058,"mNowHealthyStep":0,"mRunStepCount":0,"mSpeed":4.188235282897949,"mStartTime":1608984600000,"mStepCount":59,"mTimeUnit":600000,"mTotalActiveTime":36959.81426796147,"mWalkStepCount":59},{"mCalorie":0.0,"mDistance":0.0,"mNowHealthyStep":0,"mRunStepCount":0,"mSpeed":0.0,"mStartTime":1608985200000,"mStepCount":0,"mTimeUnit":600000,"mTotalActiveTime":0.0,"mWalkStepCount":0},{"mCalorie":1.219999998807907,"mDistance":22.84000062942505,"mNowHealthyStep":0,"mRunStepCount":0,"mSpeed":3.6685736179351807,"mStartTime":1608985800000,"mStepCount":32,"mTimeUnit":600000,"mTotalActiveTime":22413.070827104926,"mWalkStepCount":32},{"mCalorie":0.28999999165534973,"mDistance":5.96999979019165,"mNowHealthyStep":0,"mRunStepCount":0,"mSpeed":4.199999809265137,"mStartTime":1608986400000,"mStepCount":8,"mTimeUnit":600000,"mTotalActiveTime":5117.142909692261,"mWalkStepCount":8},{"mCalorie":0.4099999964237213,"mDistance":8.029999732971191,"mNowHealthyStep":0,"mRunStepCount":0,"mSpeed":3.999999761581421,"mStartTime":1608987000000,"mStepCount":11,"mTimeUnit":600000,"mTotalActiveTime":7227.000190436852,"mWalkStepCount":11},{"mCalorie":0.0,"mDistance":0.0,"mNowHealthyStep":0,"mRunStepCount":0,"mSpeed":0.0,"mStartTime":1608987600000,"mStepCount":0,"mTimeUnit":600000,"mTotalActiveTime":0.0,"mWalkStepCount":0},{"mCalorie":0.0,"mDistance":0.0,"mNowHealthyStep":0,"mRunStepCount":0,"mSpeed":0.0,"mStartTime":1608988200000,"mStepCount":0,"mTimeUnit":600000,"mTotalActiveTime":0.0,"mWalkStepCount":0},{"mCalorie":3.79,"mDistance":71.57,"mNowHealthyStep":0,"mRunStepCount":0,"mSpeed":4.550546646118164,"mStartTime":1608988800000,"mStepCount":97,"mTimeUnit":600000,"mTotalActiveTime":56620.01367595088,"mWalkStepCount":97},{"mCalorie":0.42,"mDistance":7.44,"mNowHealthyStep":0,"mRunStepCount":0,"mSpeed":3.0999999046325684,"mStartTime":1608989400000,"mStepCount":11,"mTimeUnit":600000,"mTotalActiveTime":8640.00026579827,"mWalkStepCount":11},{"mCalorie":1.1,"mDistance":24.45,"mNowHealthyStep":0,"mRunStepCount":0,"mSpeed":5.400000095367432,"mStartTime":1608990000000,"mStepCount":32,"mTimeUnit":600000,"mTotalActiveTime":16299.999712131648,"mWalkStepCount":32},{"mCalorie":0.0,"mDistance":0.0,"mNowHealthyStep":0,"mRunStepCount":0,"mSpeed":0.0,"mStartTime":1608990600000,"mStepCount":0,"mTimeUnit":600000,"mTotalActiveTime":0.0,"mWalkStepCount":0},{"mCalorie":0.0,"mDistance":0.0,"mNowHealthyStep":0,"mRunStepCount":0,"mSpeed":0.0,"mStartTime":1608991200000,"mStepCount":0,"mTimeUnit":600000,"mTotalActiveTime":0.0,"mWalkStepCount":0},{"mCalorie":0.0,"mDistance":0.0,"mNowHealthyStep":0,"mRunStepCount":0,"mSpeed":0.0,"mStartTime":1608991800000,"mStepCount":0,"mTimeUnit":600000,"mTotalActiveTime":0.0,"mWalkStepCount":0},{"mCalorie":7.210000019073487,"mDistance":131.8700006866455,"mNowHealthyStep":0,"mRunStepCount":0,"mSpeed":4.654544353485107,"mStartTime":1608992400000,"mStepCount":196,"mTimeUnit":600000,"mTotalActiveTime":101993.22580776484,"mWalkStepCount":196},{"mCalorie":19.909999890327455,"mDistance":384.7199940490723,"mNowHealthyStep":0,"mRunStepCount":0,"mSpeed":4.843674659729004,"mStartTime":1608993000000,"mStepCount":520,"mTimeUnit":600000,"mTotalActiveTime":285938.2647853279,"mWalkStepCount":520},{"mCalorie":16.720000097751615,"mDistance":240.8400001525879,"mNowHealthyStep":0,"mRunStepCount":0,"mSpeed":4.259592533111572,"mStartTime":1608993600000,"mStepCount":348,"mTimeUnit":600000,"mTotalActiveTime":203546.2201681715,"mWalkStepCount":348},{"mCalorie":4.9200000166893005,"mDistance":96.28999904632569,"mNowHealthyStep":0,"mRunStepCount":0,"mSpeed":3.9589407444000244,"mStartTime":1608994200000,"mStepCount":133,"mTimeUnit":600000,"mTotalActiveTime":87559.78499849822,"mWalkStepCount":133},{"mCalorie":15.379999966621398,"mDistance":285.8199975204468,"mNowHealthyStep":0,"mRunStepCount":0,"mSpeed":4.094693660736084,"mStartTime":1608994800000,"mStepCount":391,"mTimeUnit":600000,"mTotalActiveTime":251289.11295945107,"mWalkStepCount":391},{"mCalorie":13.529999964237213,"mDistance":254.44000217437744,"mNowHealthyStep":0,"mRunStepCount":0,"mSpeed":3.7598764896392822,"mStartTime":1608995400000,"mStepCount":353,"mTimeUnit":600000,"mTotalActiveTime":243620.7749407658,"mWalkStepCount":353},{"mCalorie":6.320000071525573,"mDistance":116.40999969482422,"mNowHealthyStep":0,"mRunStepCount":10,"mSpeed":4.827005863189697,"mStartTime":1608996000000,"mStepCount":152,"mTimeUnit":600000,"mTotalActiveTime":86819.04067355844,"mWalkStepCount":142},{"mCalorie":0.57,"mDistance":12.59,"mNowHealthyStep":0,"mRunStepCount":1,"mSpeed":13.0,"mStartTime":1608996600000,"mStepCount":11,"mTimeUnit":600000,"mTotalActiveTime":3486.461538461538,"mWalkStepCount":10},{"mCalorie":5.120000140666916,"mDistance":86.53000129699619,"mNowHealthyStep":0,"mRunStepCount":15,"mSpeed":5.302199363708496,"mStartTime":1608997200000,"mStepCount":112,"mTimeUnit":600000,"mTotalActiveTime":58750.71542447059,"mWalkStepCount":97},{"mCalorie":0.0,"mDistance":0.0,"mNowHealthyStep":0,"mRunStepCount":0,"mSpeed":0.0,"mStartTime":1608997800000,"mStepCount":0,"mTimeUnit":600000,"mTotalActiveTime":0.0,"mWalkStepCount":0},{"mCalorie":18.5700002300739,"mDistance":351.77099526977486,"mNowHealthyStep":0,"mRunStepCount":9,"mSpeed":4.776355743408203,"mStartTime":1608998400000,"mStepCount":469,"mTimeUnit":600000,"mTotalActiveTime":265134.2729467099,"mWalkStepCount":460},{"mCalorie":5.909999881982803,"mDistance":123.82000099182129,"mNowHealthyStep":0,"mRunStepCount":0,"mSpeed":4.8755974769592285,"mStartTime":1608999000000,"mStepCount":165,"mTimeUnit":600000,"mTotalActiveTime":91425.10733114883,"mWalkStepCount":165},{"mCalorie":2.7509999761583095,"mDistance":58.03000022888227,"mNowHealthyStep":0,"mRunStepCount":0,"mSpeed":4.5771613121032715,"mStartTime":1608999600000,"mStepCount":78,"mTimeUnit":600000,"mTotalActiveTime":45641.387406886955,"mWalkStepCount":78},{"mCalorie":0.0,"mDistance":0.0,"mNowHealthyStep":0,"mRunStepCount":0,"mSpeed":0.0,"mStartTime":1609000200000,"mStepCount":0,"mTimeUnit":600000,"mTotalActiveTime":0.0,"mWalkStepCount":0},{"mCalorie":0.5600000023841858,"mDistance":11.369999885559082,"mNowHealthyStep":0,"mRunStepCount":0,"mSpeed":4.600000381469727,"mStartTime":1609000800000,"mStepCount":15,"mTimeUnit":600000,"mTotalActiveTime":8898.260042086058,"mWalkStepCount":15},{"mCalorie":0.25999999046325684,"mDistance":5.0,"mNowHealthyStep":0,"mRunStepCount":0,"mSpeed":3.6000001430511475,"mStartTime":1609001400000,"mStepCount":7,"mTimeUnit":600000,"mTotalActiveTime":4999.999801317858,"mWalkStepCount":7},{"mCalorie":1.3089999999999418,"mDistance":23.941000000002823,"mNowHealthyStep":0,"mRunStepCount":0,"mSpeed":4.167831897735596,"mStartTime":1609002000000,"mStepCount":33,"mTimeUnit":600000,"mTotalActiveTime":20679.24098054885,"mWalkStepCount":33},{"mCalorie":0.0,"mDistance":0.0,"mNowHealthyStep":0,"mRunStepCount":0,"mSpeed":0.0,"mStartTime":1609002600000,"mStepCount":0,"mTimeUnit":600000,"mTotalActiveTime":0.0,"mWalkStepCount":0},{"mCalorie":0.4909999999999491,"mDistance":10.419000000000231,"mNowHealthyStep":0,"mRunStepCount":0,"mSpeed":4.642871856689453,"mStartTime":1609003200000,"mStepCount":14,"mTimeUnit":600000,"mTotalActiveTime":8078.706705195557,"mWalkStepCount":14},{"mCalorie":6.23,"mDistance":112.33000000000001,"mNowHealthyStep":0,"mRunStepCount":14,"mSpeed":6.091803073883057,"mStartTime":1609003800000,"mStepCount":151,"mTimeUnit":600000,"mTotalActiveTime":66382.31871900907,"mWalkStepCount":137},{"mCalorie":4.36,"mDistance":93.67999999999999,"mNowHealthyStep":0,"mRunStepCount":1,"mSpeed":4.678009986877441,"mStartTime":1609004400000,"mStepCount":125,"mTimeUnit":600000,"mTotalActiveTime":72092.19029665936,"mWalkStepCount":124},{"mCalorie":0.57,"mDistance":8.03,"mNowHealthyStep":0,"mRunStepCount":0,"mSpeed":5.400000095367432,"mStartTime":1609005000000,"mStepCount":11,"mTimeUnit":600000,"mTotalActiveTime":5353.333238790066,"mWalkStepCount":11},{"mCalorie":0.59,"mDistance":8.67,"mNowHealthyStep":0,"mRunStepCount":0,"mSpeed":7.599999904632568,"mStartTime":1609005600000,"mStepCount":10,"mTimeUnit":600000,"mTotalActiveTime":4106.842156797236,"mWalkStepCount":10},{"mCalorie":0.72,"mDistance":14.370000000000001,"mNowHealthyStep":0,"mRunStepCount":0,"mSpeed":4.249237537384033,"mStartTime":1609006200000,"mStepCount":20,"mTimeUnit":600000,"mTotalActiveTime":12174.419284145075,"mWalkStepCount":20},{"mCalorie":2.1,"mDistance":42.39,"mNowHealthyStep":0,"mRunStepCount":0,"mSpeed":4.0769243240356445,"mStartTime":1609006800000,"mStepCount":59,"mTimeUnit":600000,"mTotalActiveTime":37431.16005365669,"mWalkStepCount":59},{"mCalorie":4.359999999999999,"mDistance":91.55,"mNowHealthyStep":0,"mRunStepCount":0,"mSpeed":4.176225662231445,"mStartTime":1609007400000,"mStepCount":127,"mTimeUnit":600000,"mTotalActiveTime":78918.1488492582,"mWalkStepCount":127},{"mCalorie":3.7509999999999493,"mDistance":74.97899999999892,"mNowHealthyStep":0,"mRunStepCount":0,"mSpeed":4.712094306945801,"mStartTime":1609008000000,"mStepCount":101,"mTimeUnit":600000,"mTotalActiveTime":57283.3204052043,"mWalkStepCount":101},{"mCalorie":0.2800000011920929,"mDistance":6.079999923706055,"mNowHealthyStep":0,"mRunStepCount":0,"mSpeed":5.899999618530273,"mStartTime":1609008600000,"mStepCount":8,"mTimeUnit":600000,"mTotalActiveTime":3709.8307017847287,"mWalkStepCount":8},{"mCalorie":0.0,"mDistance":0.0,"mNowHealthyStep":0,"mRunStepCount":0,"mSpeed":0.0,"mStartTime":1609009200000,"mStepCount":0,"mTimeUnit":600000,"mTotalActiveTime":0.0,"mWalkStepCount":0},{"mCalorie":0.0,"mDistance":0.0,"mNowHealthyStep":0,"mRunStepCount":0,"mSpeed":0.0,"mStartTime":1609009800000,"mStepCount":0,"mTimeUnit":600000,"mTotalActiveTime":0.0,"mWalkStepCount":0},{"mCalorie":0.0,"mDistance":0.0,"mNowHealthyStep":0,"mRunStepCount":0,"mSpeed":0.0,"mStartTime":1609010400000,"mStepCount":0,"mTimeUnit":600000,"mTotalActiveTime":0.0,"mWalkStepCount":0},{"mCalorie":4.268999991655519,"mDistance":83.17100013350806,"mNowHealthyStep":0,"mRunStepCount":0,"mSpeed":4.902437210083008,"mStartTime":1609011000000,"mStepCount":121,"mTimeUnit":600000,"mTotalActiveTime":61074.84578387969,"mWalkStepCount":121},{"mCalorie":2.8200000000000003,"mDistance":56.55,"mNowHealthyStep":0,"mRunStepCount":0,"mSpeed":4.121149063110352,"mStartTime":1609011600000,"mStepCount":77,"mTimeUnit":600000,"mTotalActiveTime":49398.84608125408,"mWalkStepCount":77},{"mCalorie":2.5000000000001363,"mDistance":54.47099999999976,"mNowHealthyStep":0,"mRunStepCount":0,"mSpeed":5.237353801727295,"mStartTime":1609012200000,"mStepCount":71,"mTimeUnit":600000,"mTotalActiveTime":37441.73234367563,"mWalkStepCount":71},{"mCalorie":0.0,"mDistance":0.0,"mNowHealthyStep":0,"mRunStepCount":0,"mSpeed":0.0,"mStartTime":1609012800000,"mStepCount":0,"mTimeUnit":600000,"mTotalActiveTime":0.0,"mWalkStepCount":0},{"mCalorie":0.0,"mDistance":0.0,"mNowHealthyStep":0,"mRunStepCount":0,"mSpeed":0.0,"mStartTime":1609013400000,"mStepCount":0,"mTimeUnit":600000,"mTotalActiveTime":0.0,"mWalkStepCount":0},{"mCalorie":0.0,"mDistance":0.0,"mNowHealthyStep":0,"mRunStepCount":0,"mSpeed":0.0,"mStartTime":1609014000000,"mStepCount":0,"mTimeUnit":600000,"mTotalActiveTime":0.0,"mWalkStepCount":0},{"mCalorie":0.0,"mDistance":0.0,"mNowHealthyStep":0,"mRunStepCount":0,"mSpeed":0.0,"mStartTime":1609014600000,"mStepCount":0,"mTimeUnit":600000,"mTotalActiveTime":0.0,"mWalkStepCount":0},{"mCalorie":0.0,"mDistance":0.0,"mNowHealthyStep":0,"mRunStepCount":0,"mSpeed":0.0,"mStartTime":1609015200000,"mStepCount":0,"mTimeUnit":600000,"mTotalActiveTime":0.0,"mWalkStepCount":0},{"mCalorie":0.0,"mDistance":0.0,"mNowHealthyStep":0,"mRunStepCount":0,"mSpeed":0.0,"mStartTime":1609015800000,"mStepCount":0,"mTimeUnit":600000,"mTotalActiveTime":0.0,"mWalkStepCount":0},{"mCalorie":0.0,"mDistance":0.0,"mNowHealthyStep":0,"mRunStepCount":0,"mSpeed":0.0,"mStartTime":1609016400000,"mStepCount":0,"mTimeUnit":600000,"mTotalActiveTime":0.0,"mWalkStepCount":0},{"mCalorie":0.0,"mDistance":0.0,"mNowHealthyStep":0,"mRunStepCount":0,"mSpeed":0.0,"mStartTime":1609017000000,"mStepCount":0,"mTimeUnit":600000,"mTotalActiveTime":0.0,"mWalkStepCount":0},{"mCalorie":0.0,"mDistance":0.0,"mNowHealthyStep":0,"mRunStepCount":0,"mSpeed":0.0,"mStartTime":1609017600000,"mStepCount":0,"mTimeUnit":600000,"mTotalActiveTime":0.0,"mWalkStepCount":0},{"mCalorie":4.269999994635727,"mDistance":93.9269999427814,"mNowHealthyStep":0,"mRunStepCount":2,"mSpeed":6.175511360168457,"mStartTime":1609018200000,"mStepCount":112,"mTimeUnit":600000,"mTotalActiveTime":54754.52800170051,"mWalkStepCount":110},{"mCalorie":0.0,"mDistance":0.0,"mNowHealthyStep":0,"mRunStepCount":0,"mSpeed":0.0,"mStartTime":1609018800000,"mStepCount":0,"mTimeUnit":600000,"mTotalActiveTime":0.0,"mWalkStepCount":0},{"mCalorie":0.0,"mDistance":0.0,"mNowHealthyStep":0,"mRunStepCount":0,"mSpeed":0.0,"mStartTime":1609019400000,"mStepCount":0,"mTimeUnit":600000,"mTotalActiveTime":0.0,"mWalkStepCount":0},{"mCalorie":0.0,"mDistance":0.0,"mNowHealthyStep":0,"mRunStepCount":0,"mSpeed":0.0,"mStartTime":1609020000000,"mStepCount":0,"mTimeUnit":600000,"mTotalActiveTime":0.0,"mWalkStepCount":0},{"mCalorie":0.0,"mDistance":0.0,"mNowHealthyStep":0,"mRunStepCount":0,"mSpeed":0.0,"mStartTime":1609020600000,"mStepCount":0,"mTimeUnit":600000,"mTotalActiveTime":0.0,"mWalkStepCount":0},{"mCalorie":0.0,"mDistance":0.0,"mNowHealthyStep":0,"mRunStepCount":0,"mSpeed":0.0,"mStartTime":1609021200000,"mStepCount":0,"mTimeUnit":600000,"mTotalActiveTime":0.0,"mWalkStepCount":0},{"mCalorie":0.0,"mDistance":0.0,"mNowHealthyStep":0,"mRunStepCount":0,"mSpeed":0.0,"mStartTime":1609021800000,"mStepCount":0,"mTimeUnit":600000,"mTotalActiveTime":0.0,"mWalkStepCount":0},{"mCalorie":0.0,"mDistance":0.0,"mNowHealthyStep":0,"mRunStepCount":0,"mSpeed":0.0,"mStartTime":1609022400000,"mStepCount":0,"mTimeUnit":600000,"mTotalActiveTime":0.0,"mWalkStepCount":0},{"mCalorie":0.0,"mDistance":0.0,"mNowHealthyStep":0,"mRunStepCount":0,"mSpeed":0.0,"mStartTime":1609023000000,"mStepCount":0,"mTimeUnit":600000,"mTotalActiveTime":0.0,"mWalkStepCount":0}]