[{"mCalorie":0.0,"mDistance":0.0,"mNowHealthyStep":0,"mRunStepCount":0,"mSpeed":0.0,"mStartTime":1590184800000,"mStepCount":0,"mTimeUnit":600000,"mTotalActiveTime":0.0,"mWalkStepCount":0},{"mCalorie":0.0,"mDistance":0.0,"mNowHealthyStep":0,"mRunStepCount":0,"mSpeed":0.0,"mStartTime":1590185400000,"mStepCount":0,"mTimeUnit":600000,"mTotalActiveTime":0.0,"mWalkStepCount":0},{"mCalorie":0.0,"mDistance":0.0,"mNowHealthyStep":0,"mRunStepCount":0,"mSpeed":0.0,"mStartTime":1590186000000,"mStepCount":0,"mTimeUnit":600000,"mTotalActiveTime":0.0,"mWalkStepCount":0},{"mCalorie":0.0,"mDistance":0.0,"mNowHealthyStep":0,"mRunStepCount":0,"mSpeed":0.0,"mStartTime":1590186600000,"mStepCount":0,"mTimeUnit":600000,"mTotalActiveTime":0.0,"mWalkStepCount":0},{"mCalorie":0.0,"mDistance":0.0,"mNowHealthyStep":0,"mRunStepCount":0,"mSpeed":0.0,"mStartTime":1590187200000,"mStepCount":0,"mTimeUnit":600000,"mTotalActiveTime":0.0,"mWalkStepCount":0},{"mCalorie":0.0,"mDistance":0.0,"mNowHealthyStep":0,"mRunStepCount":0,"mSpeed":0.0,"mStartTime":1590187800000,"mStepCount":0,"mTimeUnit":600000,"mTotalActiveTime":0.0,"mWalkStepCount":0},{"mCalorie":0.0,"mDistance":0.0,"mNowHealthyStep":0,"mRunStepCount":0,"mSpeed":0.0,"mStartTime":1590188400000,"mStepCount":0,"mTimeUnit":600000,"mTotalActiveTime":0.0,"mWalkStepCount":0},{"mCalorie":0.0,"mDistance":0.0,"mNowHealthyStep":0,"mRunStepCount":0,"mSpeed":0.0,"mStartTime":1590189000000,"mStepCount":0,"mTimeUnit":600000,"mTotalActiveTime":0.0,"mWalkStepCount":0},{"mCalorie":0.0,"mDistance":0.0,"mNowHealthyStep":0,"mRunStepCount":0,"mSpeed":0.0,"mStartTime":1590189600000,"mStepCount":0,"mTimeUnit":600000,"mTotalActiveTime":0.0,"mWalkStepCount":0},{"mCalorie":0.0,"mDistance":0.0,"mNowHealthyStep":0,"mRunStepCount":0,"mSpeed":0.0,"mStartTime":1590190200000,"mStepCount":0,"mTimeUnit":600000,"mTotalActiveTime":0.0,"mWalkStepCount":0},{"mCalorie":0.0,"mDistance":0.0,"mNowHealthyStep":0,"mRunStepCount":0,"mSpeed":0.0,"mStartTime":1590190800000,"mStepCount":0,"mTimeUnit":600000,"mTotalActiveTime":0.0,"mWalkStepCount":0},{"mCalorie":0.0,"mDistance":0.0,"mNowHealthyStep":0,"mRunStepCount":0,"mSpeed":0.0,"mStartTime":1590191400000,"mStepCount":0,"mTimeUnit":600000,"mTotalActiveTime":0.0,"mWalkStepCount":0},{"mCalorie":0.0,"mDistance":0.0,"mNowHealthyStep":0,"mRunStepCount":0,"mSpeed":0.0,"mStartTime":1590192000000,"mStepCount":0,"mTimeUnit":600000,"mTotalActiveTime":0.0,"mWalkStepCount":0},{"mCalorie":0.0,"mDistance":0.0,"mNowHealthyStep":0,"mRunStepCount":0,"mSpeed":0.0,"mStartTime":1590192600000,"mStepCount":0,"mTimeUnit":600000,"mTotalActiveTime":0.0,"mWalkStepCount":0},{"mCalorie":0.0,"mDistance":0.0,"mNowHealthyStep":0,"mRunStepCount":0,"mSpeed":0.0,"mStartTime":1590193200000,"mStepCount":0,"mTimeUnit":600000,"mTotalActiveTime":0.0,"mWalkStepCount":0},{"mCalorie":0.0,"mDistance":0.0,"mNowHealthyStep":0,"mRunStepCount":0,"mSpeed":0.0,"mStartTime":1590193800000,"mStepCount":0,"mTimeUnit":600000,"mTotalActiveTime":0.0,"mWalkStepCount":0},{"mCalorie":0.0,"mDistance":0.0,"mNowHealthyStep":0,"mRunStepCount":0,"mSpeed":0.0,"mStartTime":1590194400000,"mStepCount":0,"mTimeUnit":600000,"mTotalActiveTime":0.0,"mWalkStepCount":0},{"mCalorie":0.0,"mDistance":0.0,"mNowHealthyStep":0,"mRunStepCount":0,"mSpeed":0.0,"mStartTime":1590195000000,"mStepCount":0,"mTimeUnit":600000,"mTotalActiveTime":0.0,"mWalkStepCount":0},{"mCalorie":0.7000000178813934,"mDistance":14.330000400543213,"mNowHealthyStep":0,"mRunStepCount":0,"mSpeed":4.435006618499756,"mStartTime":1590195600000,"mStepCount":19,"mTimeUnit":600000,"mTotalActiveTime":11632.000438145236,"mWalkStepCount":19},{"mCalorie":1.1399999856948853,"mDistance":22.90999984741211,"mNowHealthyStep":0,"mRunStepCount":0,"mSpeed":4.299999713897705,"mStartTime":1590196200000,"mStepCount":31,"mTimeUnit":600000,"mTotalActiveTime":19180.4662647114,"mWalkStepCount":31},{"mCalorie":0.0,"mDistance":0.0,"mNowHealthyStep":0,"mRunStepCount":0,"mSpeed":0.0,"mStartTime":1590196800000,"mStepCount":0,"mTimeUnit":600000,"mTotalActiveTime":0.0,"mWalkStepCount":0},{"mCalorie":1.4200000166893005,"mDistance":27.75999927520752,"mNowHealthyStep":0,"mRunStepCount":0,"mSpeed":3.981865406036377,"mStartTime":1590197400000,"mStepCount":38,"mTimeUnit":600000,"mTotalActiveTime":25097.784426047765,"mWalkStepCount":38},{"mCalorie":0.41999998688697815,"mDistance":7.760000228881836,"mNowHealthyStep":0,"mRunStepCount":0,"mSpeed":3.3000001907348633,"mStartTime":1590198000000,"mStepCount":11,"mTimeUnit":600000,"mTotalActiveTime":8465.45430585374,"mWalkStepCount":11},{"mCalorie":0.0,"mDistance":0.0,"mNowHealthyStep":0,"mRunStepCount":0,"mSpeed":0.0,"mStartTime":1590198600000,"mStepCount":0,"mTimeUnit":600000,"mTotalActiveTime":0.0,"mWalkStepCount":0},{"mCalorie":0.0,"mDistance":0.0,"mNowHealthyStep":0,"mRunStepCount":0,"mSpeed":0.0,"mStartTime":1590199200000,"mStepCount":0,"mTimeUnit":600000,"mTotalActiveTime":0.0,"mWalkStepCount":0},{"mCalorie":0.0,"mDistance":0.0,"mNowHealthyStep":0,"mRunStepCount":0,"mSpeed":0.0,"mStartTime":1590199800000,"mStepCount":0,"mTimeUnit":600000,"mTotalActiveTime":0.0,"mWalkStepCount":0},{"mCalorie":0.0,"mDistance":0.0,"mNowHealthyStep":0,"mRunStepCount":0,"mSpeed":0.0,"mStartTime":1590200400000,"mStepCount":0,"mTimeUnit":600000,"mTotalActiveTime":0.0,"mWalkStepCount":0},{"mCalorie":0.0,"mDistance":0.0,"mNowHealthyStep":0,"mRunStepCount":0,"mSpeed":0.0,"mStartTime":1590201000000,"mStepCount":0,"mTimeUnit":600000,"mTotalActiveTime":0.0,"mWalkStepCount":0},{"mCalorie":0.0,"mDistance":0.0,"mNowHealthyStep":0,"mRunStepCount":0,"mSpeed":0.0,"mStartTime":1590201600000,"mStepCount":0,"mTimeUnit":600000,"mTotalActiveTime":0.0,"mWalkStepCount":0},{"mCalorie":0.0,"mDistance":0.0,"mNowHealthyStep":0,"mRunStepCount":0,"mSpeed":0.0,"mStartTime":1590202200000,"mStepCount":0,"mTimeUnit":600000,"mTotalActiveTime":0.0,"mWalkStepCount":0},{"mCalorie":0.0,"mDistance":0.0,"mNowHealthyStep":0,"mRunStepCount":0,"mSpeed":0.0,"mStartTime":1590202800000,"mStepCount":0,"mTimeUnit":600000,"mTotalActiveTime":0.0,"mWalkStepCount":0},{"mCalorie":0.0,"mDistance":0.0,"mNowHealthyStep":0,"mRunStepCount":0,"mSpeed":0.0,"mStartTime":1590203400000,"mStepCount":0,"mTimeUnit":600000,"mTotalActiveTime":0.0,"mWalkStepCount":0},{"mCalorie":0.0,"mDistance":0.0,"mNowHealthyStep":0,"mRunStepCount":0,"mSpeed":0.0,"mStartTime":1590204000000,"mStepCount":0,"mTimeUnit":600000,"mTotalActiveTime":0.0,"mWalkStepCount":0},{"mCalorie":0.0,"mDistance":0.0,"mNowHealthyStep":0,"mRunStepCount":0,"mSpeed":0.0,"mStartTime":1590204600000,"mStepCount":0,"mTimeUnit":600000,"mTotalActiveTime":0.0,"mWalkStepCount":0},{"mCalorie":0.0,"mDistance":0.0,"mNowHealthyStep":0,"mRunStepCount":0,"mSpeed":0.0,"mStartTime":1590205200000,"mStepCount":0,"mTimeUnit":600000,"mTotalActiveTime":0.0,"mWalkStepCount":0},{"mCalorie":0.0,"mDistance":0.0,"mNowHealthyStep":0,"mRunStepCount":0,"mSpeed":0.0,"mStartTime":1590205800000,"mStepCount":0,"mTimeUnit":600000,"mTotalActiveTime":0.0,"mWalkStepCount":0},{"mCalorie":0.0,"mDistance":0.0,"mNowHealthyStep":0,"mRunStepCount":0,"mSpeed":0.0,"mStartTime":1590206400000,"mStepCount":0,"mTimeUnit":600000,"mTotalActiveTime":0.0,"mWalkStepCount":0},{"mCalorie":0.0,"mDistance":0.0,"mNowHealthyStep":0,"mRunStepCount":0,"mSpeed":0.0,"mStartTime":1590207000000,"mStepCount":0,"mTimeUnit":600000,"mTotalActiveTime":0.0,"mWalkStepCount":0},{"mCalorie":0.0,"mDistance":0.0,"mNowHealthyStep":0,"mRunStepCount":0,"mSpeed":0.0,"mStartTime":1590207600000,"mStepCount":0,"mTimeUnit":600000,"mTotalActiveTime":0.0,"mWalkStepCount":0},{"mCalorie":0.0,"mDistance":0.0,"mNowHealthyStep":0,"mRunStepCount":0,"mSpeed":0.0,"mStartTime":1590208200000,"mStepCount":0,"mTimeUnit":600000,"mTotalActiveTime":0.0,"mWalkStepCount":0},{"mCalorie":0.0,"mDistance":0.0,"mNowHealthyStep":0,"mRunStepCount":0,"mSpeed":0.0,"mStartTime":1590208800000,"mStepCount":0,"mTimeUnit":600000,"mTotalActiveTime":0.0,"mWalkStepCount":0},{"mCalorie":0.0,"mDistance":0.0,"mNowHealthyStep":0,"mRunStepCount":0,"mSpeed":0.0,"mStartTime":1590209400000,"mStepCount":0,"mTimeUnit":600000,"mTotalActiveTime":0.0,"mWalkStepCount":0},{"mCalorie":0.0,"mDistance":0.0,"mNowHealthyStep":0,"mRunStepCount":0,"mSpeed":0.0,"mStartTime":1590210000000,"mStepCount":0,"mTimeUnit":600000,"mTotalActiveTime":0.0,"mWalkStepCount":0},{"mCalorie":0.0,"mDistance":0.0,"mNowHealthyStep":0,"mRunStepCount":0,"mSpeed":0.0,"mStartTime":1590210600000,"mStepCount":0,"mTimeUnit":600000,"mTotalActiveTime":0.0,"mWalkStepCount":0},{"mCalorie":0.0,"mDistance":0.0,"mNowHealthyStep":0,"mRunStepCount":0,"mSpeed":0.0,"mStartTime":1590211200000,"mStepCount":0,"mTimeUnit":600000,"mTotalActiveTime":0.0,"mWalkStepCount":0},{"mCalorie":0.0,"mDistance":0.0,"mNowHealthyStep":0,"mRunStepCount":0,"mSpeed":0.0,"mStartTime":1590211800000,"mStepCount":0,"mTimeUnit":600000,"mTotalActiveTime":0.0,"mWalkStepCount":0},{"mCalorie":0.0,"mDistance":0.0,"mNowHealthyStep":0,"mRunStepCount":0,"mSpeed":0.0,"mStartTime":1590212400000,"mStepCount":0,"mTimeUnit":600000,"mTotalActiveTime":0.0,"mWalkStepCount":0},{"mCalorie":0.0,"mDistance":0.0,"mNowHealthyStep":0,"mRunStepCount":0,"mSpeed":0.0,"mStartTime":1590213000000,"mStepCount":0,"mTimeUnit":600000,"mTotalActiveTime":0.0,"mWalkStepCount":0},{"mCalorie":0.0,"mDistance":0.0,"mNowHealthyStep":0,"mRunStepCount":0,"mSpeed":0.0,"mStartTime":1590213600000,"mStepCount":0,"mTimeUnit":600000,"mTotalActiveTime":0.0,"mWalkStepCount":0},{"mCalorie":0.0,"mDistance":0.0,"mNowHealthyStep":0,"mRunStepCount":0,"mSpeed":0.0,"mStartTime":1590214200000,"mStepCount":0,"mTimeUnit":600000,"mTotalActiveTime":0.0,"mWalkStepCount":0},{"mCalorie":0.0,"mDistance":0.0,"mNowHealthyStep":0,"mRunStepCount":0,"mSpeed":0.0,"mStartTime":1590214800000,"mStepCount":0,"mTimeUnit":600000,"mTotalActiveTime":0.0,"mWalkStepCount":0},{"mCalorie":0.0,"mDistance":0.0,"mNowHealthyStep":0,"mRunStepCount":0,"mSpeed":0.0,"mStartTime":1590215400000,"mStepCount":0,"mTimeUnit":600000,"mTotalActiveTime":0.0,"mWalkStepCount":0},{"mCalorie":0.0,"mDistance":0.0,"mNowHealthyStep":0,"mRunStepCount":0,"mSpeed":0.0,"mStartTime":1590216000000,"mStepCount":0,"mTimeUnit":600000,"mTotalActiveTime":0.0,"mWalkStepCount":0},{"mCalorie":0.0,"mDistance":0.0,"mNowHealthyStep":0,"mRunStepCount":0,"mSpeed":0.0,"mStartTime":1590216600000,"mStepCount":0,"mTimeUnit":600000,"mTotalActiveTime":0.0,"mWalkStepCount":0},{"mCalorie":0.0,"mDistance":0.0,"mNowHealthyStep":0,"mRunStepCount":0,"mSpeed":0.0,"mStartTime":1590217200000,"mStepCount":0,"mTimeUnit":600000,"mTotalActiveTime":0.0,"mWalkStepCount":0},{"mCalorie":2.4400000000000004,"mDistance":47.050000000000004,"mNowHealthyStep":0,"mRunStepCount":13,"mSpeed":5.9373779296875,"mStartTime":1590217800000,"mStepCount":56,"mTimeUnit":600000,"mTotalActiveTime":28527.745435376088,"mWalkStepCount":43},{"mCalorie":4.15,"mDistance":87.72,"mNowHealthyStep":0,"mRunStepCount":0,"mSpeed":4.682827949523926,"mStartTime":1590218400000,"mStepCount":118,"mTimeUnit":600000,"mTotalActiveTime":67436.17675654855,"mWalkStepCount":118},{"mCalorie":4.02,"mDistance":84.02,"mNowHealthyStep":0,"mRunStepCount":0,"mSpeed":4.401827812194824,"mStartTime":1590219000000,"mStepCount":115,"mTimeUnit":600000,"mTotalActiveTime":68715.0936747898,"mWalkStepCount":115},{"mCalorie":1.58,"mDistance":28.03,"mNowHealthyStep":0,"mRunStepCount":0,"mSpeed":3.158094644546509,"mStartTime":1590219600000,"mStepCount":41,"mTimeUnit":600000,"mTotalActiveTime":31952.177554667905,"mWalkStepCount":41},{"mCalorie":1.0700000000000007,"mDistance":15.010000000000012,"mNowHealthyStep":0,"mRunStepCount":6,"mSpeed":8.307943344116211,"mStartTime":1590220200000,"mStepCount":17,"mTimeUnit":600000,"mTotalActiveTime":6504.136795572758,"mWalkStepCount":11},{"mCalorie":3.5999999999999996,"mDistance":68.16999999999999,"mNowHealthyStep":0,"mRunStepCount":0,"mSpeed":3.5220894813537598,"mStartTime":1590220800000,"mStepCount":97,"mTimeUnit":600000,"mTotalActiveTime":69677.955941824,"mWalkStepCount":97},{"mCalorie":2.56,"mDistance":52.12,"mNowHealthyStep":0,"mRunStepCount":0,"mSpeed":4.014092445373535,"mStartTime":1590221400000,"mStepCount":72,"mTimeUnit":600000,"mTotalActiveTime":46743.316653979,"mWalkStepCount":72},{"mCalorie":1.35,"mDistance":31.18,"mNowHealthyStep":0,"mRunStepCount":0,"mSpeed":5.366613864898682,"mStartTime":1590222000000,"mStepCount":40,"mTimeUnit":600000,"mTotalActiveTime":20915.981489079386,"mWalkStepCount":40},{"mCalorie":1.41,"mDistance":29.48,"mNowHealthyStep":0,"mRunStepCount":0,"mSpeed":4.32942008972168,"mStartTime":1590222600000,"mStepCount":40,"mTimeUnit":600000,"mTotalActiveTime":24513.21468206153,"mWalkStepCount":40},{"mCalorie":4.390000000000001,"mDistance":85.12999999999998,"mNowHealthyStep":0,"mRunStepCount":5,"mSpeed":4.698189735412598,"mStartTime":1590223200000,"mStepCount":114,"mTimeUnit":600000,"mTotalActiveTime":65231.08136405253,"mWalkStepCount":109},{"mCalorie":0.91,"mDistance":17.89,"mNowHealthyStep":0,"mRunStepCount":0,"mSpeed":4.150155544281006,"mStartTime":1590223800000,"mStepCount":25,"mTimeUnit":600000,"mTotalActiveTime":15518.454419191221,"mWalkStepCount":25},{"mCalorie":0.62,"mDistance":11.42,"mNowHealthyStep":0,"mRunStepCount":0,"mSpeed":4.0,"mStartTime":1590224400000,"mStepCount":16,"mTimeUnit":600000,"mTotalActiveTime":10277.999999999998,"mWalkStepCount":16},{"mCalorie":5.34,"mDistance":112.82999999999997,"mNowHealthyStep":0,"mRunStepCount":0,"mSpeed":5.466742992401123,"mStartTime":1590225000000,"mStepCount":146,"mTimeUnit":600000,"mTotalActiveTime":74301.6428658322,"mWalkStepCount":146},{"mCalorie":0.36,"mDistance":7.14,"mNowHealthyStep":0,"mRunStepCount":0,"mSpeed":4.099999904632568,"mStartTime":1590225600000,"mStepCount":10,"mTimeUnit":600000,"mTotalActiveTime":6269.268438508299,"mWalkStepCount":10},{"mCalorie":4.4599999117851254,"mDistance":86.66999923706055,"mNowHealthyStep":0,"mRunStepCount":0,"mSpeed":4.444215774536133,"mStartTime":1590226200000,"mStepCount":117,"mTimeUnit":600000,"mTotalActiveTime":70206.30818774278,"mWalkStepCount":117},{"mCalorie":1.0699999999999994,"mDistance":23.060000000000038,"mNowHealthyStep":0,"mRunStepCount":0,"mSpeed":5.292224407196045,"mStartTime":1590226800000,"mStepCount":30,"mTimeUnit":600000,"mTotalActiveTime":15686.409950134697,"mWalkStepCount":30},{"mCalorie":7.369999949932098,"mDistance":141.39999999999998,"mNowHealthyStep":0,"mRunStepCount":0,"mSpeed":4.112515926361084,"mStartTime":1590227400000,"mStepCount":194,"mTimeUnit":600000,"mTotalActiveTime":123778.24687525713,"mWalkStepCount":194},{"mCalorie":1.8600000190734844,"mDistance":32.35999931335458,"mNowHealthyStep":0,"mRunStepCount":4,"mSpeed":5.269197463989258,"mStartTime":1590228000000,"mStepCount":40,"mTimeUnit":600000,"mTotalActiveTime":22108.868889103032,"mWalkStepCount":36},{"mCalorie":5.090000003576279,"mDistance":98.00000143051147,"mNowHealthyStep":0,"mRunStepCount":0,"mSpeed":3.7815139293670654,"mStartTime":1590228600000,"mStepCount":135,"mTimeUnit":600000,"mTotalActiveTime":93295.96642395231,"mWalkStepCount":135},{"mCalorie":2.760000052452088,"mDistance":55.68000053405762,"mNowHealthyStep":0,"mRunStepCount":0,"mSpeed":4.107016563415527,"mStartTime":1590229200000,"mStepCount":76,"mTimeUnit":600000,"mTotalActiveTime":48806.22914755021,"mWalkStepCount":76},{"mCalorie":2.2099999523162843,"mDistance":41.10999919891357,"mNowHealthyStep":0,"mRunStepCount":0,"mSpeed":3.4654128551483154,"mStartTime":1590229800000,"mStepCount":58,"mTimeUnit":600000,"mTotalActiveTime":42706.59855781706,"mWalkStepCount":58},{"mCalorie":3.6799999570846555,"mDistance":68.94999921798706,"mNowHealthyStep":0,"mRunStepCount":0,"mSpeed":3.432471513748169,"mStartTime":1590230400000,"mStepCount":98,"mTimeUnit":600000,"mTotalActiveTime":72315.23650538978,"mWalkStepCount":98},{"mCalorie":7.099999771118164,"mDistance":133.2200019836426,"mNowHealthyStep":0,"mRunStepCount":0,"mSpeed":3.860708713531494,"mStartTime":1590231000000,"mStepCount":184,"mTimeUnit":600000,"mTotalActiveTime":124223.82360877428,"mWalkStepCount":184},{"mCalorie":9.589999859333037,"mDistance":171.359997253418,"mNowHealthyStep":0,"mRunStepCount":8,"mSpeed":3.9211366176605225,"mStartTime":1590231600000,"mStepCount":233,"mTimeUnit":600000,"mTotalActiveTime":157325.80934520613,"mWalkStepCount":225},{"mCalorie":0.6800000071525574,"mDistance":14.260000228881836,"mNowHealthyStep":0,"mRunStepCount":0,"mSpeed":4.344376087188721,"mStartTime":1590232200000,"mStepCount":19,"mTimeUnit":600000,"mTotalActiveTime":11816.656687029714,"mWalkStepCount":19},{"mCalorie":0.0,"mDistance":0.0,"mNowHealthyStep":0,"mRunStepCount":0,"mSpeed":0.0,"mStartTime":1590232800000,"mStepCount":0,"mTimeUnit":600000,"mTotalActiveTime":0.0,"mWalkStepCount":0},{"mCalorie":6.039999961853025,"mDistance":121.81999923706047,"mNowHealthyStep":0,"mRunStepCount":0,"mSpeed":4.117473602294922,"mStartTime":1590233400000,"mStepCount":165,"mTimeUnit":600000,"mTotalActiveTime":106509.96771214434,"mWalkStepCount":165},{"mCalorie":1.1099999999999999,"mDistance":22.23,"mNowHealthyStep":0,"mRunStepCount":0,"mSpeed":4.013972759246826,"mStartTime":1590234000000,"mStepCount":31,"mTimeUnit":600000,"mTotalActiveTime":19937.354666282703,"mWalkStepCount":31},{"mCalorie":0.0,"mDistance":0.0,"mNowHealthyStep":0,"mRunStepCount":0,"mSpeed":0.0,"mStartTime":1590234600000,"mStepCount":0,"mTimeUnit":600000,"mTotalActiveTime":0.0,"mWalkStepCount":0},{"mCalorie":1.52,"mDistance":28.55,"mNowHealthyStep":0,"mRunStepCount":0,"mSpeed":4.299999713897705,"mStartTime":1590235200000,"mStepCount":39,"mTimeUnit":600000,"mTotalActiveTime":23902.327171746663,"mWalkStepCount":39},{"mCalorie":0.0,"mDistance":0.0,"mNowHealthyStep":0,"mRunStepCount":0,"mSpeed":0.0,"mStartTime":1590235800000,"mStepCount":0,"mTimeUnit":600000,"mTotalActiveTime":0.0,"mWalkStepCount":0},{"mCalorie":2.3599999845027924,"mDistance":46.40999984741211,"mNowHealthyStep":0,"mRunStepCount":0,"mSpeed":3.884641170501709,"mStartTime":1590236400000,"mStepCount":64,"mTimeUnit":600000,"mTotalActiveTime":43009.37780421047,"mWalkStepCount":64},{"mCalorie":0.5,"mDistance":10.63,"mNowHealthyStep":0,"mRunStepCount":0,"mSpeed":4.999999523162842,"mStartTime":1590237000000,"mStepCount":14,"mTimeUnit":600000,"mTotalActiveTime":7653.600729904245,"mWalkStepCount":14},{"mCalorie":12.049999999999999,"mDistance":215.98000000000008,"mNowHealthyStep":0,"mRunStepCount":0,"mSpeed":4.106943130493164,"mStartTime":1590237600000,"mStepCount":303,"mTimeUnit":600000,"mTotalActiveTime":189320.36507372212,"mWalkStepCount":303},{"mCalorie":5.18,"mDistance":100.82999999999998,"mNowHealthyStep":0,"mRunStepCount":0,"mSpeed":3.905212879180908,"mStartTime":1590238200000,"mStepCount":141,"mTimeUnit":600000,"mTotalActiveTime":92949.60359806857,"mWalkStepCount":141},{"mCalorie":2.67,"mDistance":52.209999999999994,"mNowHealthyStep":0,"mRunStepCount":0,"mSpeed":3.3781790733337402,"mStartTime":1590238800000,"mStepCount":75,"mTimeUnit":600000,"mTotalActiveTime":55638.25896723869,"mWalkStepCount":75},{"mCalorie":3.2499999999999996,"mDistance":58.53,"mNowHealthyStep":0,"mRunStepCount":0,"mSpeed":3.1286308765411377,"mStartTime":1590239400000,"mStepCount":86,"mTimeUnit":600000,"mTotalActiveTime":67348.30764296278,"mWalkStepCount":86},{"mCalorie":9.96,"mDistance":199.41000000000003,"mNowHealthyStep":0,"mRunStepCount":0,"mSpeed":4.166388988494873,"mStartTime":1590240000000,"mStepCount":276,"mTimeUnit":600000,"mTotalActiveTime":172301.72415149046,"mWalkStepCount":276},{"mCalorie":4.9399999999999995,"mDistance":103.99,"mNowHealthyStep":0,"mRunStepCount":0,"mSpeed":4.373493671417236,"mStartTime":1590240600000,"mStepCount":141,"mTimeUnit":600000,"mTotalActiveTime":85598.38421553234,"mWalkStepCount":141},{"mCalorie":1.1399999928474427,"mDistance":26.030000305175783,"mNowHealthyStep":0,"mRunStepCount":0,"mSpeed":4.760270595550537,"mStartTime":1590241200000,"mStepCount":34,"mTimeUnit":600000,"mTotalActiveTime":19685.43652082175,"mWalkStepCount":34},{"mCalorie":1.1000000143051147,"mDistance":23.36999973297119,"mNowHealthyStep":0,"mRunStepCount":0,"mSpeed":4.420449733734131,"mStartTime":1590241800000,"mStepCount":31,"mTimeUnit":600000,"mTotalActiveTime":19032.45314222091,"mWalkStepCount":31},{"mCalorie":0.939999999999991,"mDistance":19.26999999999971,"mNowHealthyStep":0,"mRunStepCount":0,"mSpeed":5.566900730133057,"mStartTime":1590242400000,"mStepCount":25,"mTimeUnit":600000,"mTotalActiveTime":12461.511954846888,"mWalkStepCount":25},{"mCalorie":0.86,"mDistance":17.560000000000002,"mNowHealthyStep":0,"mRunStepCount":0,"mSpeed":6.6915178298950195,"mStartTime":1590243000000,"mStepCount":21,"mTimeUnit":600000,"mTotalActiveTime":9447.183878400312,"mWalkStepCount":21},{"mCalorie":1.21,"mDistance":18.79,"mNowHealthyStep":0,"mRunStepCount":0,"mSpeed":8.906436920166016,"mStartTime":1590243600000,"mStepCount":21,"mTimeUnit":600000,"mTotalActiveTime":7594.9566955296195,"mWalkStepCount":21},{"mCalorie":2.8100000000000063,"mDistance":51.85000000000019,"mNowHealthyStep":0,"mRunStepCount":2,"mSpeed":5.633724212646484,"mStartTime":1590244200000,"mStepCount":68,"mTimeUnit":600000,"mTotalActiveTime":33132.61233308521,"mWalkStepCount":66},{"mCalorie":0.0,"mDistance":0.0,"mNowHealthyStep":0,"mRunStepCount":0,"mSpeed":0.0,"mStartTime":1590244800000,"mStepCount":0,"mTimeUnit":600000,"mTotalActiveTime":0.0,"mWalkStepCount":0},{"mCalorie":0.0,"mDistance":0.0,"mNowHealthyStep":0,"mRunStepCount":0,"mSpeed":0.0,"mStartTime":1590245400000,"mStepCount":0,"mTimeUnit":600000,"mTotalActiveTime":0.0,"mWalkStepCount":0},{"mCalorie":0.0,"mDistance":0.0,"mNowHealthyStep":0,"mRunStepCount":0,"mSpeed":0.0,"mStartTime":1590246000000,"mStepCount":0,"mTimeUnit":600000,"mTotalActiveTime":0.0,"mWalkStepCount":0},{"mCalorie":0.0,"mDistance":0.0,"mNowHealthyStep":0,"mRunStepCount":0,"mSpeed":0.0,"mStartTime":1590246600000,"mStepCount":0,"mTimeUnit":600000,"mTotalActiveTime":0.0,"mWalkStepCount":0},{"mCalorie":2.19,"mDistance":43.86,"mNowHealthyStep":0,"mRunStepCount":0,"mSpeed":4.069080829620361,"mStartTime":1590247200000,"mStepCount":61,"mTimeUnit":600000,"mTotalActiveTime":38803.85162644381,"mWalkStepCount":61},{"mCalorie":0.8599999403953552,"mDistance":16.059998931884767,"mNowHealthyStep":0,"mRunStepCount":0,"mSpeed":3.283463478088379,"mStartTime":1590247800000,"mStepCount":23,"mTimeUnit":600000,"mTotalActiveTime":17608.234497919188,"mWalkStepCount":23},{"mCalorie":1.15,"mDistance":18.32,"mNowHealthyStep":0,"mRunStepCount":0,"mSpeed":3.0999999046325684,"mStartTime":1590248400000,"mStepCount":27,"mTimeUnit":600000,"mTotalActiveTime":21274.839364169933,"mWalkStepCount":27},{"mCalorie":1.53,"mDistance":26.6,"mNowHealthyStep":0,"mRunStepCount":3,"mSpeed":5.1388840675354,"mStartTime":1590249000000,"mStepCount":34,"mTimeUnit":600000,"mTotalActiveTime":18634.395031734195,"mWalkStepCount":31},{"mCalorie":0.39,"mDistance":8.59,"mNowHealthyStep":0,"mRunStepCount":0,"mSpeed":6.400000095367432,"mStartTime":1590249600000,"mStepCount":11,"mTimeUnit":600000,"mTotalActiveTime":4831.874927999453,"mWalkStepCount":11},{"mCalorie":0.0,"mDistance":0.0,"mNowHealthyStep":0,"mRunStepCount":0,"mSpeed":0.0,"mStartTime":1590250200000,"mStepCount":0,"mTimeUnit":600000,"mTotalActiveTime":0.0,"mWalkStepCount":0},{"mCalorie":0.0,"mDistance":0.0,"mNowHealthyStep":0,"mRunStepCount":0,"mSpeed":0.0,"mStartTime":1590250800000,"mStepCount":0,"mTimeUnit":600000,"mTotalActiveTime":0.0,"mWalkStepCount":0},{"mCalorie":0.0,"mDistance":0.0,"mNowHealthyStep":0,"mRunStepCount":0,"mSpeed":0.0,"mStartTime":1590251400000,"mStepCount":0,"mTimeUnit":600000,"mTotalActiveTime":0.0,"mWalkStepCount":0},{"mCalorie":0.0,"mDistance":0.0,"mNowHealthyStep":0,"mRunStepCount":0,"mSpeed":0.0,"mStartTime":1590252000000,"mStepCount":0,"mTimeUnit":600000,"mTotalActiveTime":0.0,"mWalkStepCount":0},{"mCalorie":2.5399999999999916,"mDistance":39.480000000000366,"mNowHealthyStep":0,"mRunStepCount":6,"mSpeed":5.380111217498779,"mStartTime":1590252600000,"mStepCount":52,"mTimeUnit":600000,"mTotalActiveTime":26417.29665323047,"mWalkStepCount":46},{"mCalorie":1.4800000000000102,"mDistance":20.579999999999636,"mNowHealthyStep":0,"mRunStepCount":10,"mSpeed":10.172335624694824,"mStartTime":1590253200000,"mStepCount":22,"mTimeUnit":600000,"mTotalActiveTime":7283.283085955136,"mWalkStepCount":12},{"mCalorie":0.58,"mDistance":9.54,"mNowHealthyStep":0,"mRunStepCount":0,"mSpeed":7.299999713897705,"mStartTime":1590253800000,"mStepCount":11,"mTimeUnit":600000,"mTotalActiveTime":4704.657718631967,"mWalkStepCount":11},{"mCalorie":0.35,"mDistance":7.46,"mNowHealthyStep":0,"mRunStepCount":0,"mSpeed":4.900000095367432,"mStartTime":1590254400000,"mStepCount":10,"mTimeUnit":600000,"mTotalActiveTime":5480.816219858904,"mWalkStepCount":10},{"mCalorie":0.0,"mDistance":0.0,"mNowHealthyStep":0,"mRunStepCount":0,"mSpeed":0.0,"mStartTime":1590255000000,"mStepCount":0,"mTimeUnit":600000,"mTotalActiveTime":0.0,"mWalkStepCount":0},{"mCalorie":0.0,"mDistance":0.0,"mNowHealthyStep":0,"mRunStepCount":0,"mSpeed":0.0,"mStartTime":1590255600000,"mStepCount":0,"mTimeUnit":600000,"mTotalActiveTime":0.0,"mWalkStepCount":0},{"mCalorie":0.0,"mDistance":0.0,"mNowHealthyStep":0,"mRunStepCount":0,"mSpeed":0.0,"mStartTime":1590256200000,"mStepCount":0,"mTimeUnit":600000,"mTotalActiveTime":0.0,"mWalkStepCount":0},{"mCalorie":0.0,"mDistance":0.0,"mNowHealthyStep":0,"mRunStepCount":0,"mSpeed":0.0,"mStartTime":1590256800000,"mStepCount":0,"mTimeUnit":600000,"mTotalActiveTime":0.0,"mWalkStepCount":0},{"mCalorie":0.0,"mDistance":0.0,"mNowHealthyStep":0,"mRunStepCount":0,"mSpeed":0.0,"mStartTime":1590257400000,"mStepCount":0,"mTimeUnit":600000,"mTotalActiveTime":0.0,"mWalkStepCount":0},{"mCalorie":0.0,"mDistance":0.0,"mNowHealthyStep":0,"mRunStepCount":0,"mSpeed":0.0,"mStartTime":1590258000000,"mStepCount":0,"mTimeUnit":600000,"mTotalActiveTime":0.0,"mWalkStepCount":0},{"mCalorie":0.0,"mDistance":0.0,"mNowHealthyStep":0,"mRunStepCount":0,"mSpeed":0.0,"mStartTime":1590258600000,"mStepCount":0,"mTimeUnit":600000,"mTotalActiveTime":0.0,"mWalkStepCount":0},{"mCalorie":0.0,"mDistance":0.0,"mNowHealthyStep":0,"mRunStepCount":0,"mSpeed":0.0,"mStartTime":1590259200000,"mStepCount":0,"mTimeUnit":600000,"mTotalActiveTime":0.0,"mWalkStepCount":0},{"mCalorie":1.27,"mDistance":24.35,"mNowHealthyStep":0,"mRunStepCount":0,"mSpeed":3.875659942626953,"mStartTime":1590259800000,"mStepCount":34,"mTimeUnit":600000,"mTotalActiveTime":22618.084087818163,"mWalkStepCount":34},{"mCalorie":2.46,"mDistance":45.290000000000006,"mNowHealthyStep":0,"mRunStepCount":2,"mSpeed":4.891983985900879,"mStartTime":1590260400000,"mStepCount":60,"mTimeUnit":600000,"mTotalActiveTime":33328.81037268232,"mWalkStepCount":58},{"mCalorie":0.43,"mDistance":8.75,"mNowHealthyStep":0,"mRunStepCount":0,"mSpeed":4.600000381469727,"mStartTime":1590261000000,"mStepCount":12,"mTimeUnit":600000,"mTotalActiveTime":6847.825519078668,"mWalkStepCount":12},{"mCalorie":0.52,"mDistance":9.28,"mNowHealthyStep":0,"mRunStepCount":0,"mSpeed":4.400000095367432,"mStartTime":1590261600000,"mStepCount":13,"mTimeUnit":600000,"mTotalActiveTime":7592.7271081593435,"mWalkStepCount":13},{"mCalorie":1.76,"mDistance":33.7,"mNowHealthyStep":0,"mRunStepCount":0,"mSpeed":3.591843605041504,"mStartTime":1590262200000,"mStepCount":48,"mTimeUnit":600000,"mTotalActiveTime":33776.52580888399,"mWalkStepCount":48},{"mCalorie":0.0,"mDistance":0.0,"mNowHealthyStep":0,"mRunStepCount":0,"mSpeed":0.0,"mStartTime":1590262800000,"mStepCount":0,"mTimeUnit":600000,"mTotalActiveTime":0.0,"mWalkStepCount":0},{"mCalorie":0.4,"mDistance":8.31,"mNowHealthyStep":0,"mRunStepCount":0,"mSpeed":5.199999809265137,"mStartTime":1590263400000,"mStepCount":11,"mTimeUnit":600000,"mTotalActiveTime":5753.077134098535,"mWalkStepCount":11},{"mCalorie":0.0,"mDistance":0.0,"mNowHealthyStep":0,"mRunStepCount":0,"mSpeed":0.0,"mStartTime":1590264000000,"mStepCount":0,"mTimeUnit":600000,"mTotalActiveTime":0.0,"mWalkStepCount":0},{"mCalorie":0.0,"mDistance":0.0,"mNowHealthyStep":0,"mRunStepCount":0,"mSpeed":0.0,"mStartTime":1590264600000,"mStepCount":0,"mTimeUnit":600000,"mTotalActiveTime":0.0,"mWalkStepCount":0},{"mCalorie":0.0,"mDistance":0.0,"mNowHealthyStep":0,"mRunStepCount":0,"mSpeed":0.0,"mStartTime":1590265200000,"mStepCount":0,"mTimeUnit":600000,"mTotalActiveTime":0.0,"mWalkStepCount":0},{"mCalorie":0.0,"mDistance":0.0,"mNowHealthyStep":0,"mRunStepCount":0,"mSpeed":0.0,"mStartTime":1590265800000,"mStepCount":0,"mTimeUnit":600000,"mTotalActiveTime":0.0,"mWalkStepCount":0},{"mCalorie":1.5800000000000114,"mDistance":28.33999999999991,"mNowHealthyStep":0,"mRunStepCount":4,"mSpeed":6.476628303527832,"mStartTime":1590266400000,"mStepCount":34,"mTimeUnit":600000,"mTotalActiveTime":15752.640451824773,"mWalkStepCount":30},{"mCalorie":0.0,"mDistance":0.0,"mNowHealthyStep":0,"mRunStepCount":0,"mSpeed":0.0,"mStartTime":1590267000000,"mStepCount":0,"mTimeUnit":600000,"mTotalActiveTime":0.0,"mWalkStepCount":0},{"mCalorie":0.37,"mDistance":6.93,"mNowHealthyStep":0,"mRunStepCount":0,"mSpeed":3.6000001430511475,"mStartTime":1590267600000,"mStepCount":10,"mTimeUnit":600000,"mTotalActiveTime":6929.999724626551,"mWalkStepCount":10},{"mCalorie":1.4199999952316398,"mDistance":31.54999969482409,"mNowHealthyStep":0,"mRunStepCount":0,"mSpeed":4.320112705230713,"mStartTime":1590268200000,"mStepCount":42,"mTimeUnit":600000,"mTotalActiveTime":26290.981293222972,"mWalkStepCount":42},{"mCalorie":1.8999999999999864,"mDistance":31.7400000000002,"mNowHealthyStep":0,"mRunStepCount":5,"mSpeed":5.5809245109558105,"mStartTime":1590268800000,"mStepCount":40,"mTimeUnit":600000,"mTotalActiveTime":20474.027060791024,"mWalkStepCount":35},{"mCalorie":0.0,"mDistance":0.0,"mNowHealthyStep":0,"mRunStepCount":0,"mSpeed":0.0,"mStartTime":1590269400000,"mStepCount":0,"mTimeUnit":600000,"mTotalActiveTime":0.0,"mWalkStepCount":0},{"mCalorie":0.0,"mDistance":0.0,"mNowHealthyStep":0,"mRunStepCount":0,"mSpeed":0.0,"mStartTime":1590270000000,"mStepCount":0,"mTimeUnit":600000,"mTotalActiveTime":0.0,"mWalkStepCount":0},{"mCalorie":0.0,"mDistance":0.0,"mNowHealthyStep":0,"mRunStepCount":0,"mSpeed":0.0,"mStartTime":1590270600000,"mStepCount":0,"mTimeUnit":600000,"mTotalActiveTime":0.0,"mWalkStepCount":0}]