{"mAdaptiveGoal":0,"mIsGoalAchieved":false,"mIsMostActiveAchieved":false,"mMostActiveMinutes":0,"mStreakDayCount":0,"mUnitDataList":[{"distance":20.09,"mCalorie":1.0,"mOthersTime":0,"mRunTime":0,"mStartTime":15600000,"mTimeUnit":600000,"mWalkTime":18009,"runStep":0,"walkStep":27},{"distance":27.01,"mCalorie":1.56,"mOthersTime":0,"mRunTime":0,"mStartTime":18600000,"mTimeUnit":600000,"mWalkTime":29348,"runStep":0,"walkStep":44},{"distance":52.93,"mCalorie":2.8899999,"mOthersTime":0,"mRunTime":0,"mStartTime":19200000,"mTimeUnit":600000,"mWalkTime":54027,"runStep":0,"walkStep":81},{"distance":50.33,"mCalorie":2.66,"mOthersTime":0,"mRunTime":0,"mStartTime":19800000,"mTimeUnit":600000,"mWalkTime":46023,"runStep":0,"walkStep":69},{"distance":31.58,"mCalorie":1.6800001,"mOthersTime":0,"mRunTime":0,"mStartTime":20400000,"mTimeUnit":600000,"mWalkTime":29348,"runStep":0,"walkStep":44},{"distance":30.75,"mCalorie":1.6500001,"mOthersTime":0,"mRunTime":0,"mStartTime":21000000,"mTimeUnit":600000,"mWalkTime":28014,"runStep":0,"walkStep":42},{"distance":100.200005,"mCalorie":5.1,"mOthersTime":0,"mRunTime":0,"mStartTime":21600000,"mTimeUnit":600000,"mWalkTime":92713,"runStep":0,"walkStep":139},{"distance":51.22,"mCalorie":2.69,"mOthersTime":0,"mRunTime":0,"mStartTime":22200000,"mTimeUnit":600000,"mWalkTime":46690,"runStep":0,"walkStep":70},{"distance":49.129997,"mCalorie":2.5,"mOthersTime":0,"mRunTime":0,"mStartTime":22800000,"mTimeUnit":600000,"mWalkTime":44689,"runStep":0,"walkStep":67},{"distance":34.04,"mCalorie":1.78,"mOthersTime":0,"mRunTime":0,"mStartTime":33600000,"mTimeUnit":600000,"mWalkTime":27347,"runStep":0,"walkStep":41},{"distance":77.64,"mCalorie":3.56,"mOthersTime":0,"mRunTime":0,"mStartTime":34200000,"mTimeUnit":600000,"mWalkTime":68701,"runStep":0,"walkStep":103},{"distance":30.390001,"mCalorie":1.61,"mOthersTime":0,"mRunTime":0,"mStartTime":34800000,"mTimeUnit":600000,"mWalkTime":28681,"runStep":0,"walkStep":43},{"distance":13.889999,"mCalorie":0.76,"mOthersTime":0,"mRunTime":0,"mStartTime":35400000,"mTimeUnit":600000,"mWalkTime":13340,"runStep":0,"walkStep":20},{"distance":45.71,"mCalorie":2.03,"mOthersTime":0,"mRunTime":0,"mStartTime":36000000,"mTimeUnit":600000,"mWalkTime":39353,"runStep":0,"walkStep":59},{"distance":44.78,"mCalorie":2.5700002,"mOthersTime":0,"mRunTime":0,"mStartTime":36600000,"mTimeUnit":600000,"mWalkTime":42021,"runStep":0,"walkStep":63},{"distance":24.5,"mCalorie":1.04,"mOthersTime":0,"mRunTime":0,"mStartTime":37200000,"mTimeUnit":600000,"mWalkTime":21344,"runStep":0,"walkStep":32},{"distance":41.8,"mCalorie":2.04,"mOthersTime":0,"mRunTime":800,"mStartTime":37800000,"mTimeUnit":600000,"mWalkTime":34017,"runStep":2,"walkStep":51},{"distance":42.73,"mCalorie":2.35,"mOthersTime":0,"mRunTime":1200,"mStartTime":38400000,"mTimeUnit":600000,"mWalkTime":33350,"runStep":3,"walkStep":50},{"distance":35.71,"mCalorie":1.82,"mOthersTime":0,"mRunTime":0,"mStartTime":39000000,"mTimeUnit":600000,"mWalkTime":31349,"runStep":0,"walkStep":47},{"distance":119.310005,"mCalorie":6.56,"mOthersTime":0,"mRunTime":800,"mStartTime":39600000,"mTimeUnit":600000,"mWalkTime":118726,"runStep":2,"walkStep":178},{"distance":185.90001,"mCalorie":9.860001,"mOthersTime":0,"mRunTime":0,"mStartTime":40200000,"mTimeUnit":600000,"mWalkTime":156048,"runStep":0,"walkStep":251},{"distance":24.69,"mCalorie":1.29,"mOthersTime":0,"mRunTime":0,"mStartTime":40800000,"mTimeUnit":600000,"mWalkTime":23345,"runStep":0,"walkStep":35},{"distance":185.87,"mCalorie":9.719999,"mOthersTime":0,"mRunTime":0,"mStartTime":41400000,"mTimeUnit":600000,"mWalkTime":155381,"runStep":0,"walkStep":247},{"distance":14.83,"mCalorie":0.65,"mOthersTime":0,"mRunTime":0,"mStartTime":42600000,"mTimeUnit":600000,"mWalkTime":12673,"runStep":0,"walkStep":19},{"distance":62.26,"mCalorie":3.32,"mOthersTime":0,"mRunTime":1600,"mStartTime":43200000,"mTimeUnit":600000,"mWalkTime":53360,"runStep":4,"walkStep":80},{"distance":10.77,"mCalorie":0.54,"mOthersTime":0,"mRunTime":0,"mStartTime":43800000,"mTimeUnit":600000,"mWalkTime":10005,"runStep":0,"walkStep":15},{"distance":106.49999,"mCalorie":5.8,"mOthersTime":0,"mRunTime":4400,"mStartTime":45600000,"mTimeUnit":600000,"mWalkTime":82708,"runStep":11,"walkStep":124},{"distance":149.47,"mCalorie":7.51,"mOthersTime":0,"mRunTime":0,"mStartTime":46200000,"mTimeUnit":600000,"mWalkTime":144739,"runStep":0,"walkStep":217},{"distance":330.07,"mCalorie":17.230001,"mOthersTime":0,"mRunTime":0,"mStartTime":46800000,"mTimeUnit":600000,"mWalkTime":271379,"runStep":0,"walkStep":454},{"distance":155.51999,"mCalorie":7.5099998,"mOthersTime":0,"mRunTime":0,"mStartTime":47400000,"mTimeUnit":600000,"mWalkTime":134704,"runStep":0,"walkStep":207},{"distance":41.08,"mCalorie":2.26,"mOthersTime":0,"mRunTime":0,"mStartTime":48000000,"mTimeUnit":600000,"mWalkTime":38686,"runStep":0,"walkStep":58},{"distance":8.45,"mCalorie":0.39,"mOthersTime":0,"mRunTime":0,"mStartTime":48600000,"mTimeUnit":600000,"mWalkTime":7337,"runStep":0,"walkStep":11},{"distance":53.410004,"mCalorie":2.69,"mOthersTime":0,"mRunTime":0,"mStartTime":49200000,"mTimeUnit":600000,"mWalkTime":48691,"runStep":0,"walkStep":73},{"distance":373.23,"mCalorie":21.539999,"mOthersTime":0,"mRunTime":0,"mStartTime":49800000,"mTimeUnit":600000,"mWalkTime":331439,"runStep":0,"walkStep":532},{"distance":56.96,"mCalorie":3.0700002,"mOthersTime":0,"mRunTime":0,"mStartTime":50400000,"mTimeUnit":600000,"mWalkTime":53360,"runStep":0,"walkStep":80},{"distance":52.46,"mCalorie":2.3100002,"mOthersTime":0,"mRunTime":400,"mStartTime":51000000,"mTimeUnit":600000,"mWalkTime":40687,"runStep":1,"walkStep":61},{"distance":40.91,"mCalorie":2.27,"mOthersTime":0,"mRunTime":0,"mStartTime":51600000,"mTimeUnit":600000,"mWalkTime":37352,"runStep":0,"walkStep":56},{"distance":153.92,"mCalorie":8.0,"mOthersTime":0,"mRunTime":4000,"mStartTime":52200000,"mTimeUnit":600000,"mWalkTime":134067,"runStep":10,"walkStep":201},{"distance":19.46,"mCalorie":1.07,"mOthersTime":0,"mRunTime":0,"mStartTime":52800000,"mTimeUnit":600000,"mWalkTime":18676,"runStep":0,"walkStep":28},{"distance":17.7,"mCalorie":1.11,"mOthersTime":0,"mRunTime":800,"mStartTime":53400000,"mTimeUnit":600000,"mWalkTime":13340,"runStep":2,"walkStep":20},{"distance":19.01,"mCalorie":0.96,"mOthersTime":0,"mRunTime":0,"mStartTime":54000000,"mTimeUnit":600000,"mWalkTime":18009,"runStep":0,"walkStep":27},{"distance":23.159996,"mCalorie":1.22,"mOthersTime":0,"mRunTime":0,"mStartTime":54600000,"mTimeUnit":600000,"mWalkTime":21344,"runStep":0,"walkStep":32},{"distance":54.52,"mCalorie":2.75,"mOthersTime":0,"mRunTime":0,"mStartTime":56400000,"mTimeUnit":600000,"mWalkTime":48024,"runStep":0,"walkStep":72},{"distance":78.62,"mCalorie":3.78,"mOthersTime":0,"mRunTime":0,"mStartTime":57000000,"mTimeUnit":600000,"mWalkTime":69368,"runStep":0,"walkStep":104},{"distance":123.259995,"mCalorie":6.13,"mOthersTime":0,"mRunTime":400,"mStartTime":57600000,"mTimeUnit":600000,"mWalkTime":108721,"runStep":1,"walkStep":163},{"distance":58.58,"mCalorie":2.91,"mOthersTime":0,"mRunTime":400,"mStartTime":58200000,"mTimeUnit":600000,"mWalkTime":50025,"runStep":1,"walkStep":75},{"distance":70.34,"mCalorie":3.6699998,"mOthersTime":0,"mRunTime":0,"mStartTime":58800000,"mTimeUnit":600000,"mWalkTime":64699,"runStep":0,"walkStep":97},{"distance":159.61,"mCalorie":9.22,"mOthersTime":0,"mRunTime":5200,"mStartTime":59400000,"mTimeUnit":600000,"mWalkTime":146740,"runStep":13,"walkStep":220},{"distance":112.57,"mCalorie":6.48,"mOthersTime":0,"mRunTime":400,"mStartTime":60000000,"mTimeUnit":600000,"mWalkTime":98019,"runStep":1,"walkStep":162},{"distance":385.7,"mCalorie":20.559998,"mOthersTime":0,"mRunTime":0,"mStartTime":60600000,"mTimeUnit":600000,"mWalkTime":329408,"runStep":0,"walkStep":525},{"distance":22.52,"mCalorie":0.98,"mOthersTime":0,"mRunTime":0,"mStartTime":62400000,"mTimeUnit":600000,"mWalkTime":18676,"runStep":0,"walkStep":28},{"distance":321.26,"mCalorie":16.77,"mOthersTime":0,"mRunTime":400,"mStartTime":63000000,"mTimeUnit":600000,"mWalkTime":282111,"runStep":1,"walkStep":433},{"distance":225.31998,"mCalorie":12.639999,"mOthersTime":0,"mRunTime":0,"mStartTime":63600000,"mTimeUnit":600000,"mWalkTime":194007,"runStep":0,"walkStep":331},{"distance":126.01,"mCalorie":6.1,"mOthersTime":0,"mRunTime":0,"mStartTime":64200000,"mTimeUnit":600000,"mWalkTime":112723,"runStep":0,"walkStep":169},{"distance":11.84,"mCalorie":0.62,"mOthersTime":0,"mRunTime":0,"mStartTime":64800000,"mTimeUnit":600000,"mWalkTime":10672,"runStep":0,"walkStep":16},{"distance":18.140001,"mCalorie":0.86,"mOthersTime":0,"mRunTime":0,"mStartTime":67800000,"mTimeUnit":600000,"mWalkTime":16008,"runStep":0,"walkStep":24},{"distance":27.3,"mCalorie":1.29,"mOthersTime":0,"mRunTime":0,"mStartTime":69000000,"mTimeUnit":600000,"mWalkTime":24679,"runStep":0,"walkStep":37},{"distance":46.670002,"mCalorie":2.23,"mOthersTime":0,"mRunTime":0,"mStartTime":69600000,"mTimeUnit":600000,"mWalkTime":42688,"runStep":0,"walkStep":64},{"distance":36.93,"mCalorie":2.06,"mOthersTime":0,"mRunTime":1600,"mStartTime":70200000,"mTimeUnit":600000,"mWalkTime":32683,"runStep":4,"walkStep":49},{"distance":91.229996,"mCalorie":4.51,"mOthersTime":0,"mRunTime":800,"mStartTime":70800000,"mTimeUnit":600000,"mWalkTime":77372,"runStep":2,"walkStep":116},{"distance":69.449005,"mCalorie":3.9699998,"mOthersTime":0,"mRunTime":4800,"mStartTime":71400000,"mTimeUnit":600000,"mWalkTime":56695,"runStep":12,"walkStep":85},{"distance":65.22,"mCalorie":3.73,"mOthersTime":0,"mRunTime":3200,"mStartTime":72000000,"mTimeUnit":600000,"mWalkTime":50025,"runStep":8,"walkStep":75},{"distance":24.72,"mCalorie":1.13,"mOthersTime":0,"mRunTime":0,"mStartTime":72600000,"mTimeUnit":600000,"mWalkTime":21344,"runStep":0,"walkStep":32},{"distance":21.92,"mCalorie":1.1500001,"mOthersTime":0,"mRunTime":0,"mStartTime":73800000,"mTimeUnit":600000,"mWalkTime":20677,"runStep":0,"walkStep":31},{"distance":10.099999,"mCalorie":0.44,"mOthersTime":0,"mRunTime":0,"mStartTime":75000000,"mTimeUnit":600000,"mWalkTime":9338,"runStep":0,"walkStep":14},{"distance":50.441,"mCalorie":2.62,"mOthersTime":0,"mRunTime":800,"mStartTime":76200000,"mTimeUnit":600000,"mWalkTime":38686,"runStep":2,"walkStep":58},{"distance":86.47,"mCalorie":4.77,"mOthersTime":0,"mRunTime":0,"mStartTime":76800000,"mTimeUnit":600000,"mWalkTime":90045,"runStep":0,"walkStep":135},{"distance":173.78001,"mCalorie":8.879999,"mOthersTime":0,"mRunTime":0,"mStartTime":77400000,"mTimeUnit":600000,"mWalkTime":144709,"runStep":0,"walkStep":233},{"distance":177.22,"mCalorie":8.95,"mOthersTime":0,"mRunTime":0,"mStartTime":79800000,"mTimeUnit":600000,"mWalkTime":151379,"runStep":0,"walkStep":239},{"distance":61.07,"mCalorie":3.08,"mOthersTime":0,"mRunTime":0,"mStartTime":80400000,"mTimeUnit":600000,"mWalkTime":55361,"runStep":0,"walkStep":83},{"distance":65.61,"mCalorie":3.1999998,"mOthersTime":0,"mRunTime":0,"mStartTime":81000000,"mTimeUnit":600000,"mWalkTime":60697,"runStep":0,"walkStep":91},{"distance":29.52,"mCalorie":1.6400001,"mOthersTime":0,"mRunTime":800,"mStartTime":81600000,"mTimeUnit":600000,"mWalkTime":22011,"runStep":2,"walkStep":33}],"version":1}