{"mActivityList":[{"mActiveTime":1792556,"mActiveTimeType":0,"mCalorie":166.0,"mCategory":204,"mDetailInfoId":"2a4a9995-1fe8-37b3-1a63-0651cc5cbf0b","mDistance":1956.732,"mDuration":1792556,"mEndTime":77429767,"mStartTime":75637211,"mType":1001}],"mAdaptiveGoal":0,"mIsGoalAchieved":false,"mIsMostActiveAchieved":false,"mMostActiveMinutes":0,"mStreakDayCount":0,"mUnitDataList":[{"distance":27.509998,"mCalorie":1.34,"mOthersTime":0,"mRunTime":0,"mStartTime":20400000,"mTimeUnit":600000,"mWalkTime":24012,"runStep":0,"walkStep":36},{"distance":31.72,"mCalorie":1.6600001,"mOthersTime":0,"mRunTime":0,"mStartTime":21600000,"mTimeUnit":600000,"mWalkTime":27347,"runStep":0,"walkStep":41},{"distance":8.732,"mCalorie":0.73,"mOthersTime":0,"mRunTime":1200,"mStartTime":22200000,"mTimeUnit":600000,"mWalkTime":6670,"runStep":3,"walkStep":10},{"distance":9.18,"mCalorie":0.46,"mOthersTime":0,"mRunTime":0,"mStartTime":26400000,"mTimeUnit":600000,"mWalkTime":8671,"runStep":0,"walkStep":13},{"distance":12.54,"mCalorie":0.67,"mOthersTime":0,"mRunTime":0,"mStartTime":32400000,"mTimeUnit":600000,"mWalkTime":10672,"runStep":0,"walkStep":16},{"distance":8.12,"mCalorie":0.48,"mOthersTime":0,"mRunTime":0,"mStartTime":33000000,"mTimeUnit":600000,"mWalkTime":8004,"runStep":0,"walkStep":12},{"distance":45.89,"mCalorie":2.23,"mOthersTime":0,"mRunTime":0,"mStartTime":33600000,"mTimeUnit":600000,"mWalkTime":42021,"runStep":0,"walkStep":63},{"distance":85.189995,"mCalorie":4.4,"mOthersTime":0,"mRunTime":3600,"mStartTime":34200000,"mTimeUnit":600000,"mWalkTime":66033,"runStep":9,"walkStep":99},{"distance":149.591,"mCalorie":8.02,"mOthersTime":0,"mRunTime":400,"mStartTime":34800000,"mTimeUnit":600000,"mWalkTime":138069,"runStep":1,"walkStep":207},{"distance":114.390015,"mCalorie":6.5099998,"mOthersTime":0,"mRunTime":0,"mStartTime":35400000,"mTimeUnit":600000,"mWalkTime":116058,"runStep":0,"walkStep":174},{"distance":10.08,"mCalorie":0.55,"mOthersTime":0,"mRunTime":0,"mStartTime":36000000,"mTimeUnit":600000,"mWalkTime":9338,"runStep":0,"walkStep":14},{"distance":7.96,"mCalorie":0.28,"mOthersTime":0,"mRunTime":0,"mStartTime":36600000,"mTimeUnit":600000,"mWalkTime":6670,"runStep":0,"walkStep":10},{"distance":51.69,"mCalorie":2.72,"mOthersTime":0,"mRunTime":0,"mStartTime":39000000,"mTimeUnit":600000,"mWalkTime":46690,"runStep":0,"walkStep":70},{"distance":32.91,"mCalorie":1.76,"mOthersTime":0,"mRunTime":0,"mStartTime":39600000,"mTimeUnit":600000,"mWalkTime":30682,"runStep":0,"walkStep":46},{"distance":42.02,"mCalorie":2.06,"mOthersTime":0,"mRunTime":0,"mStartTime":40200000,"mTimeUnit":600000,"mWalkTime":38686,"runStep":0,"walkStep":58},{"distance":23.869999,"mCalorie":1.28,"mOthersTime":0,"mRunTime":0,"mStartTime":40800000,"mTimeUnit":600000,"mWalkTime":22678,"runStep":0,"walkStep":34},{"distance":111.21,"mCalorie":6.17,"mOthersTime":0,"mRunTime":2000,"mStartTime":41400000,"mTimeUnit":600000,"mWalkTime":98716,"runStep":5,"walkStep":148},{"distance":26.400002,"mCalorie":1.25,"mOthersTime":0,"mRunTime":0,"mStartTime":42000000,"mTimeUnit":600000,"mWalkTime":23345,"runStep":0,"walkStep":35},{"distance":102.740005,"mCalorie":4.9700003,"mOthersTime":0,"mRunTime":0,"mStartTime":42600000,"mTimeUnit":600000,"mWalkTime":90712,"runStep":0,"walkStep":136},{"distance":8.35,"mCalorie":0.26,"mOthersTime":0,"mRunTime":0,"mStartTime":43200000,"mTimeUnit":600000,"mWalkTime":6670,"runStep":0,"walkStep":10},{"distance":39.09,"mCalorie":2.14,"mOthersTime":0,"mRunTime":400,"mStartTime":45000000,"mTimeUnit":600000,"mWalkTime":33350,"runStep":1,"walkStep":50},{"distance":84.17,"mCalorie":4.12,"mOthersTime":0,"mRunTime":0,"mStartTime":45600000,"mTimeUnit":600000,"mWalkTime":76038,"runStep":0,"walkStep":114},{"distance":56.759003,"mCalorie":3.47,"mOthersTime":0,"mRunTime":5200,"mStartTime":46200000,"mTimeUnit":600000,"mWalkTime":37352,"runStep":13,"walkStep":56},{"distance":184.54901,"mCalorie":10.601,"mOthersTime":0,"mRunTime":0,"mStartTime":46800000,"mTimeUnit":600000,"mWalkTime":180060,"runStep":0,"walkStep":284},{"distance":316.272,"mCalorie":15.75,"mOthersTime":0,"mRunTime":0,"mStartTime":47400000,"mTimeUnit":600000,"mWalkTime":270772,"runStep":0,"walkStep":422},{"distance":22.61,"mCalorie":1.26,"mOthersTime":0,"mRunTime":0,"mStartTime":48000000,"mTimeUnit":600000,"mWalkTime":22011,"runStep":0,"walkStep":33},{"distance":9.79,"mCalorie":0.53,"mOthersTime":0,"mRunTime":0,"mStartTime":48600000,"mTimeUnit":600000,"mWalkTime":9338,"runStep":0,"walkStep":14},{"distance":15.72,"mCalorie":0.81,"mOthersTime":0,"mRunTime":0,"mStartTime":49200000,"mTimeUnit":600000,"mWalkTime":14007,"runStep":0,"walkStep":21},{"distance":219.98999,"mCalorie":10.7,"mOthersTime":0,"mRunTime":0,"mStartTime":49800000,"mTimeUnit":600000,"mWalkTime":188701,"runStep":0,"walkStep":300},{"distance":253.60999,"mCalorie":14.79,"mOthersTime":0,"mRunTime":0,"mStartTime":50400000,"mTimeUnit":600000,"mWalkTime":230085,"runStep":0,"walkStep":367},{"distance":47.819996,"mCalorie":3.8899999,"mOthersTime":0,"mRunTime":0,"mStartTime":51000000,"mTimeUnit":600000,"mWalkTime":46023,"runStep":0,"walkStep":69},{"distance":90.36,"mCalorie":4.14,"mOthersTime":0,"mRunTime":0,"mStartTime":51600000,"mTimeUnit":600000,"mWalkTime":78706,"runStep":0,"walkStep":118},{"distance":347.21,"mCalorie":17.28,"mOthersTime":0,"mRunTime":0,"mStartTime":52200000,"mTimeUnit":600000,"mWalkTime":309458,"runStep":0,"walkStep":469},{"distance":159.40001,"mCalorie":8.28,"mOthersTime":0,"mRunTime":0,"mStartTime":52800000,"mTimeUnit":600000,"mWalkTime":146073,"runStep":0,"walkStep":219},{"distance":370.19,"mCalorie":17.63,"mOthersTime":0,"mRunTime":0,"mStartTime":53400000,"mTimeUnit":600000,"mWalkTime":291389,"runStep":0,"walkStep":491},{"distance":217.16,"mCalorie":11.38,"mOthersTime":0,"mRunTime":0,"mStartTime":54000000,"mTimeUnit":600000,"mWalkTime":188701,"runStep":0,"walkStep":292},{"distance":225.21002,"mCalorie":11.809999,"mOthersTime":0,"mRunTime":0,"mStartTime":54600000,"mTimeUnit":600000,"mWalkTime":201434,"runStep":0,"walkStep":302},{"distance":278.01,"mCalorie":13.299999,"mOthersTime":0,"mRunTime":0,"mStartTime":55200000,"mTimeUnit":600000,"mWalkTime":244789,"runStep":0,"walkStep":367},{"distance":33.86,"mCalorie":1.81,"mOthersTime":0,"mRunTime":800,"mStartTime":55800000,"mTimeUnit":600000,"mWalkTime":26680,"runStep":2,"walkStep":40},{"distance":472.932,"mCalorie":22.279999,"mOthersTime":0,"mRunTime":800,"mStartTime":56400000,"mTimeUnit":600000,"mWalkTime":383405,"runStep":2,"walkStep":622},{"distance":74.671,"mCalorie":3.31,"mOthersTime":0,"mRunTime":0,"mStartTime":57000000,"mTimeUnit":600000,"mWalkTime":65366,"runStep":0,"walkStep":98},{"distance":66.67,"mCalorie":3.38,"mOthersTime":0,"mRunTime":0,"mStartTime":57600000,"mTimeUnit":600000,"mWalkTime":59363,"runStep":0,"walkStep":89},{"distance":165.93,"mCalorie":8.11,"mOthersTime":0,"mRunTime":800,"mStartTime":58200000,"mTimeUnit":600000,"mWalkTime":145376,"runStep":2,"walkStep":219},{"distance":192.84,"mCalorie":9.310001,"mOthersTime":0,"mRunTime":1600,"mStartTime":58800000,"mTimeUnit":600000,"mWalkTime":170055,"runStep":4,"walkStep":255},{"distance":71.15,"mCalorie":3.92,"mOthersTime":0,"mRunTime":400,"mStartTime":59400000,"mTimeUnit":600000,"mWalkTime":58029,"runStep":1,"walkStep":87},{"distance":116.269,"mCalorie":6.1800003,"mOthersTime":0,"mRunTime":4000,"mStartTime":60000000,"mTimeUnit":600000,"mWalkTime":92713,"runStep":10,"walkStep":139},{"distance":92.689,"mCalorie":4.6,"mOthersTime":0,"mRunTime":0,"mStartTime":60600000,"mTimeUnit":600000,"mWalkTime":83375,"runStep":0,"walkStep":125},{"distance":388.50803,"mCalorie":20.429998,"mOthersTime":0,"mRunTime":5904,"mStartTime":61200000,"mTimeUnit":600000,"mWalkTime":303464,"runStep":17,"walkStep":505},{"distance":92.4,"mCalorie":4.9500003,"mOthersTime":0,"mRunTime":0,"mStartTime":61800000,"mTimeUnit":600000,"mWalkTime":84709,"runStep":0,"walkStep":127},{"distance":129.70999,"mCalorie":6.6600003,"mOthersTime":0,"mRunTime":0,"mStartTime":62400000,"mTimeUnit":600000,"mWalkTime":106023,"runStep":0,"walkStep":174},{"distance":68.35,"mCalorie":3.4399993,"mOthersTime":0,"mRunTime":0,"mStartTime":63600000,"mTimeUnit":600000,"mWalkTime":62031,"runStep":0,"walkStep":93},{"distance":476.34003,"mCalorie":25.61,"mOthersTime":0,"mRunTime":0,"mStartTime":64200000,"mTimeUnit":600000,"mWalkTime":392713,"runStep":0,"walkStep":659},{"distance":85.729,"mCalorie":4.19,"mOthersTime":0,"mRunTime":0,"mStartTime":64800000,"mTimeUnit":600000,"mWalkTime":78706,"runStep":0,"walkStep":118},{"distance":63.33,"mCalorie":3.15,"mOthersTime":0,"mRunTime":400,"mStartTime":65400000,"mTimeUnit":600000,"mWalkTime":52693,"runStep":1,"walkStep":79},{"distance":92.28,"mCalorie":5.19,"mOthersTime":0,"mRunTime":1200,"mStartTime":66000000,"mTimeUnit":600000,"mWalkTime":81374,"runStep":3,"walkStep":122},{"distance":66.669,"mCalorie":3.19,"mOthersTime":0,"mRunTime":0,"mStartTime":66600000,"mTimeUnit":600000,"mWalkTime":59363,"runStep":0,"walkStep":89},{"distance":31.970001,"mCalorie":1.65,"mOthersTime":0,"mRunTime":0,"mStartTime":67200000,"mTimeUnit":600000,"mWalkTime":29348,"runStep":0,"walkStep":44},{"distance":4.5,"mCalorie":0.21,"mOthersTime":0,"mRunTime":0,"mStartTime":68400000,"mTimeUnit":600000,"mWalkTime":4002,"runStep":0,"walkStep":6},{"distance":53.95,"mCalorie":2.6999998,"mOthersTime":0,"mRunTime":0,"mStartTime":70200000,"mTimeUnit":600000,"mWalkTime":50025,"runStep":0,"walkStep":75},{"distance":15.57,"mCalorie":0.87,"mOthersTime":0,"mRunTime":0,"mStartTime":70800000,"mTimeUnit":600000,"mWalkTime":15341,"runStep":0,"walkStep":23},{"distance":18.77,"mCalorie":0.86,"mOthersTime":0,"mRunTime":0,"mStartTime":71400000,"mTimeUnit":600000,"mWalkTime":16675,"runStep":0,"walkStep":25},{"distance":19.819996,"mCalorie":1.0000002,"mOthersTime":0,"mRunTime":0,"mStartTime":72600000,"mTimeUnit":600000,"mWalkTime":18009,"runStep":0,"walkStep":27},{"distance":142.6,"mCalorie":7.8900003,"mOthersTime":0,"mRunTime":8000,"mStartTime":73200000,"mTimeUnit":600000,"mWalkTime":109388,"runStep":20,"walkStep":164},{"distance":303.25,"mCalorie":14.199997,"mOthersTime":0,"mRunTime":0,"mStartTime":73800000,"mTimeUnit":600000,"mWalkTime":216685,"runStep":0,"walkStep":408},{"distance":77.060005,"mCalorie":3.62,"mOthersTime":0,"mRunTime":0,"mStartTime":74400000,"mTimeUnit":600000,"mWalkTime":68034,"runStep":0,"walkStep":102},{"distance":50.440002,"mCalorie":2.62,"mOthersTime":0,"mRunTime":0,"mStartTime":75000000,"mTimeUnit":600000,"mWalkTime":46023,"runStep":0,"walkStep":69},{"distance":636.2136,"mCalorie":53.276928,"mOthersTime":0,"mRunTime":0,"mStartTime":75600000,"mTimeUnit":600000,"mWalkTime":582644,"runStep":0,"walkStep":867},{"distance":654.9526,"mCalorie":55.563118,"mOthersTime":0,"mRunTime":0,"mStartTime":76200000,"mTimeUnit":600000,"mWalkTime":600000,"runStep":0,"walkStep":939},{"distance":654.9526,"mCalorie":55.563118,"mOthersTime":0,"mRunTime":0,"mStartTime":76800000,"mTimeUnit":600000,"mWalkTime":600000,"runStep":0,"walkStep":855},{"distance":44.51329,"mCalorie":3.3765788,"mOthersTime":0,"mRunTime":0,"mStartTime":77400000,"mTimeUnit":600000,"mWalkTime":41106,"runStep":0,"walkStep":17},{"distance":26.61,"mCalorie":1.21,"mOthersTime":0,"mRunTime":0,"mStartTime":79200000,"mTimeUnit":600000,"mWalkTime":23345,"runStep":0,"walkStep":35},{"distance":65.44,"mCalorie":3.5299997,"mOthersTime":0,"mRunTime":0,"mStartTime":79800000,"mTimeUnit":600000,"mWalkTime":60697,"runStep":0,"walkStep":91},{"distance":15.26,"mCalorie":0.78,"mOthersTime":0,"mRunTime":0,"mStartTime":81000000,"mTimeUnit":600000,"mWalkTime":14007,"runStep":0,"walkStep":21},{"distance":492.55,"mCalorie":26.289999,"mOthersTime":0,"mRunTime":0,"mStartTime":81600000,"mTimeUnit":600000,"mWalkTime":410025,"runStep":0,"walkStep":684},{"distance":46.879997,"mCalorie":2.24,"mOthersTime":0,"mRunTime":0,"mStartTime":82200000,"mTimeUnit":600000,"mWalkTime":42688,"runStep":0,"walkStep":64},{"distance":45.57,"mCalorie":2.3200002,"mOthersTime":0,"mRunTime":0,"mStartTime":82800000,"mTimeUnit":600000,"mWalkTime":41354,"runStep":0,"walkStep":62}],"version":1}