{"mAdaptiveGoal":0,"mIsGoalAchieved":false,"mIsMostActiveAchieved":false,"mMostActiveMinutes":0,"mStreakDayCount":0,"mUnitDataList":[{"distance":7.85,"mCalorie":0.53,"mOthersTime":0,"mRunTime":400,"mStartTime":14400000,"mTimeUnit":600000,"mWalkTime":6670,"runStep":1,"walkStep":10},{"distance":17.02,"mCalorie":0.74,"mOthersTime":0,"mRunTime":0,"mStartTime":21600000,"mTimeUnit":600000,"mWalkTime":14674,"runStep":0,"walkStep":22},{"distance":122.39,"mCalorie":6.26,"mOthersTime":0,"mRunTime":4000,"mStartTime":22200000,"mTimeUnit":600000,"mWalkTime":102718,"runStep":10,"walkStep":154},{"distance":31.75,"mCalorie":1.4300001,"mOthersTime":0,"mRunTime":0,"mStartTime":22800000,"mTimeUnit":600000,"mWalkTime":28014,"runStep":0,"walkStep":42},{"distance":36.7,"mCalorie":1.96,"mOthersTime":0,"mRunTime":1200,"mStartTime":23400000,"mTimeUnit":600000,"mWalkTime":28014,"runStep":3,"walkStep":42},{"distance":9.48,"mCalorie":0.49,"mOthersTime":0,"mRunTime":0,"mStartTime":24600000,"mTimeUnit":600000,"mWalkTime":8671,"runStep":0,"walkStep":13},{"distance":68.45,"mCalorie":3.69,"mOthersTime":0,"mRunTime":800,"mStartTime":25800000,"mTimeUnit":600000,"mWalkTime":61364,"runStep":2,"walkStep":92},{"distance":49.129997,"mCalorie":2.7099998,"mOthersTime":0,"mRunTime":0,"mStartTime":26400000,"mTimeUnit":600000,"mWalkTime":45356,"runStep":0,"walkStep":68},{"distance":51.289997,"mCalorie":2.56,"mOthersTime":0,"mRunTime":0,"mStartTime":27000000,"mTimeUnit":600000,"mWalkTime":48024,"runStep":0,"walkStep":72},{"distance":17.43,"mCalorie":0.92,"mOthersTime":0,"mRunTime":0,"mStartTime":27600000,"mTimeUnit":600000,"mWalkTime":16008,"runStep":0,"walkStep":24},{"distance":27.22,"mCalorie":1.56,"mOthersTime":0,"mRunTime":0,"mStartTime":28200000,"mTimeUnit":600000,"mWalkTime":26680,"runStep":0,"walkStep":40},{"distance":9.43,"mCalorie":0.56,"mOthersTime":0,"mRunTime":1200,"mStartTime":28800000,"mTimeUnit":600000,"mWalkTime":6670,"runStep":3,"walkStep":10},{"distance":51.8,"mCalorie":2.63,"mOthersTime":0,"mRunTime":3200,"mStartTime":31800000,"mTimeUnit":600000,"mWalkTime":36018,"runStep":8,"walkStep":54},{"distance":14.74,"mCalorie":0.8,"mOthersTime":0,"mRunTime":0,"mStartTime":32400000,"mTimeUnit":600000,"mWalkTime":14007,"runStep":0,"walkStep":21},{"distance":13.49,"mCalorie":0.65,"mOthersTime":0,"mRunTime":0,"mStartTime":33000000,"mTimeUnit":600000,"mWalkTime":12006,"runStep":0,"walkStep":18},{"distance":7.79,"mCalorie":0.41,"mOthersTime":0,"mRunTime":0,"mStartTime":33600000,"mTimeUnit":600000,"mWalkTime":7337,"runStep":0,"walkStep":11},{"distance":92.159996,"mCalorie":4.71,"mOthersTime":0,"mRunTime":400,"mStartTime":35400000,"mTimeUnit":600000,"mWalkTime":84042,"runStep":1,"walkStep":126},{"distance":21.79,"mCalorie":1.03,"mOthersTime":0,"mRunTime":800,"mStartTime":36000000,"mTimeUnit":600000,"mWalkTime":16675,"runStep":2,"walkStep":25},{"distance":8.58,"mCalorie":0.37,"mOthersTime":0,"mRunTime":0,"mStartTime":36600000,"mTimeUnit":600000,"mWalkTime":7337,"runStep":0,"walkStep":11},{"distance":111.24999,"mCalorie":5.35,"mOthersTime":0,"mRunTime":800,"mStartTime":37200000,"mTimeUnit":600000,"mWalkTime":97382,"runStep":2,"walkStep":146},{"distance":25.69,"mCalorie":1.1800001,"mOthersTime":0,"mRunTime":0,"mStartTime":37800000,"mTimeUnit":600000,"mWalkTime":23345,"runStep":0,"walkStep":35},{"distance":57.589996,"mCalorie":3.09,"mOthersTime":0,"mRunTime":0,"mStartTime":38400000,"mTimeUnit":600000,"mWalkTime":55361,"runStep":0,"walkStep":83},{"distance":23.779999,"mCalorie":1.02,"mOthersTime":0,"mRunTime":0,"mStartTime":39000000,"mTimeUnit":600000,"mWalkTime":20677,"runStep":0,"walkStep":31},{"distance":29.47,"mCalorie":1.37,"mOthersTime":0,"mRunTime":0,"mStartTime":39600000,"mTimeUnit":600000,"mWalkTime":27347,"runStep":0,"walkStep":41},{"distance":68.14,"mCalorie":3.17,"mOthersTime":0,"mRunTime":400,"mStartTime":40200000,"mTimeUnit":600000,"mWalkTime":59363,"runStep":1,"walkStep":89},{"distance":87.84,"mCalorie":4.43,"mOthersTime":0,"mRunTime":0,"mStartTime":40800000,"mTimeUnit":600000,"mWalkTime":78706,"runStep":0,"walkStep":118},{"distance":16.71,"mCalorie":0.86,"mOthersTime":0,"mRunTime":0,"mStartTime":41400000,"mTimeUnit":600000,"mWalkTime":15341,"runStep":0,"walkStep":23},{"distance":6.27,"mCalorie":0.27,"mOthersTime":0,"mRunTime":0,"mStartTime":42000000,"mTimeUnit":600000,"mWalkTime":5336,"runStep":0,"walkStep":8},{"distance":48.75,"mCalorie":2.42,"mOthersTime":0,"mRunTime":0,"mStartTime":42600000,"mTimeUnit":600000,"mWalkTime":44689,"runStep":0,"walkStep":67},{"distance":102.270004,"mCalorie":4.87,"mOthersTime":0,"mRunTime":0,"mStartTime":43200000,"mTimeUnit":600000,"mWalkTime":92713,"runStep":0,"walkStep":139},{"distance":105.090004,"mCalorie":5.12,"mOthersTime":0,"mRunTime":0,"mStartTime":44400000,"mTimeUnit":600000,"mWalkTime":94047,"runStep":0,"walkStep":141},{"distance":125.15999,"mCalorie":6.79,"mOthersTime":0,"mRunTime":0,"mStartTime":45000000,"mTimeUnit":600000,"mWalkTime":117392,"runStep":0,"walkStep":176},{"distance":106.9,"mCalorie":5.87,"mOthersTime":0,"mRunTime":0,"mStartTime":45600000,"mTimeUnit":600000,"mWalkTime":100050,"runStep":0,"walkStep":150},{"distance":102.83998,"mCalorie":5.629999,"mOthersTime":0,"mRunTime":0,"mStartTime":46200000,"mTimeUnit":600000,"mWalkTime":96048,"runStep":0,"walkStep":144},{"distance":17.380001,"mCalorie":1.03,"mOthersTime":0,"mRunTime":400,"mStartTime":47400000,"mTimeUnit":600000,"mWalkTime":15341,"runStep":1,"walkStep":23},{"distance":214.95,"mCalorie":10.96,"mOthersTime":0,"mRunTime":2400,"mStartTime":48600000,"mTimeUnit":600000,"mWalkTime":184062,"runStep":6,"walkStep":282},{"distance":44.93,"mCalorie":2.4,"mOthersTime":0,"mRunTime":0,"mStartTime":49200000,"mTimeUnit":600000,"mWalkTime":41354,"runStep":0,"walkStep":62},{"distance":39.46,"mCalorie":2.1,"mOthersTime":0,"mRunTime":0,"mStartTime":49800000,"mTimeUnit":600000,"mWalkTime":36685,"runStep":0,"walkStep":55},{"distance":88.619995,"mCalorie":4.6499996,"mOthersTime":0,"mRunTime":0,"mStartTime":51600000,"mTimeUnit":600000,"mWalkTime":83375,"runStep":0,"walkStep":125},{"distance":489.19003,"mCalorie":26.259998,"mOthersTime":0,"mRunTime":0,"mStartTime":52200000,"mTimeUnit":600000,"mWalkTime":404022,"runStep":0,"walkStep":665},{"distance":22.689999,"mCalorie":2.5500002,"mOthersTime":0,"mRunTime":0,"mStartTime":52800000,"mTimeUnit":600000,"mWalkTime":24679,"runStep":0,"walkStep":37},{"distance":6.9199996,"mCalorie":0.31,"mOthersTime":0,"mRunTime":0,"mStartTime":54600000,"mTimeUnit":600000,"mWalkTime":6003,"runStep":0,"walkStep":9},{"distance":7.35,"mCalorie":0.36,"mOthersTime":0,"mRunTime":0,"mStartTime":56400000,"mTimeUnit":600000,"mWalkTime":6670,"runStep":0,"walkStep":10},{"distance":498.90002,"mCalorie":24.099998,"mOthersTime":0,"mRunTime":0,"mStartTime":57000000,"mTimeUnit":600000,"mWalkTime":384709,"runStep":0,"walkStep":678},{"distance":313.24,"mCalorie":17.810001,"mOthersTime":0,"mRunTime":0,"mStartTime":57600000,"mTimeUnit":600000,"mWalkTime":301484,"runStep":0,"walkStep":452},{"distance":100.76,"mCalorie":4.56,"mOthersTime":0,"mRunTime":2000,"mStartTime":58200000,"mTimeUnit":600000,"mWalkTime":84709,"runStep":5,"walkStep":127},{"distance":311.81998,"mCalorie":16.01,"mOthersTime":0,"mRunTime":400,"mStartTime":59400000,"mTimeUnit":600000,"mWalkTime":283475,"runStep":1,"walkStep":425},{"distance":136.59,"mCalorie":7.4500003,"mOthersTime":0,"mRunTime":2800,"mStartTime":60000000,"mTimeUnit":600000,"mWalkTime":120727,"runStep":7,"walkStep":181},{"distance":6.96,"mCalorie":0.4,"mOthersTime":0,"mRunTime":0,"mStartTime":61200000,"mTimeUnit":600000,"mWalkTime":6670,"runStep":0,"walkStep":10},{"distance":9.52,"mCalorie":0.43,"mOthersTime":0,"mRunTime":0,"mStartTime":62400000,"mTimeUnit":600000,"mWalkTime":7337,"runStep":0,"walkStep":11},{"distance":13.93,"mCalorie":0.81,"mOthersTime":0,"mRunTime":0,"mStartTime":63000000,"mTimeUnit":600000,"mWalkTime":13340,"runStep":0,"walkStep":20},{"distance":8.23,"mCalorie":0.37,"mOthersTime":0,"mRunTime":0,"mStartTime":63600000,"mTimeUnit":600000,"mWalkTime":7337,"runStep":0,"walkStep":11},{"distance":8.65,"mCalorie":0.41,"mOthersTime":0,"mRunTime":0,"mStartTime":64200000,"mTimeUnit":600000,"mWalkTime":8004,"runStep":0,"walkStep":12},{"distance":25.36,"mCalorie":1.1700001,"mOthersTime":0,"mRunTime":0,"mStartTime":67800000,"mTimeUnit":600000,"mWalkTime":23345,"runStep":0,"walkStep":35},{"distance":31.119999,"mCalorie":1.64,"mOthersTime":0,"mRunTime":0,"mStartTime":68400000,"mTimeUnit":600000,"mWalkTime":28681,"runStep":0,"walkStep":43},{"distance":36.76,"mCalorie":2.02,"mOthersTime":0,"mRunTime":0,"mStartTime":69000000,"mTimeUnit":600000,"mWalkTime":34684,"runStep":0,"walkStep":52},{"distance":14.99,"mCalorie":0.89,"mOthersTime":0,"mRunTime":0,"mStartTime":70200000,"mTimeUnit":600000,"mWalkTime":14674,"runStep":0,"walkStep":22},{"distance":32.18,"mCalorie":1.54,"mOthersTime":0,"mRunTime":0,"mStartTime":70800000,"mTimeUnit":600000,"mWalkTime":28681,"runStep":0,"walkStep":43},{"distance":92.05,"mCalorie":4.65,"mOthersTime":0,"mRunTime":0,"mStartTime":71400000,"mTimeUnit":600000,"mWalkTime":83375,"runStep":0,"walkStep":125},{"distance":116.2,"mCalorie":6.1199994,"mOthersTime":0,"mRunTime":0,"mStartTime":72000000,"mTimeUnit":600000,"mWalkTime":104022,"runStep":0,"walkStep":157},{"distance":26.43,"mCalorie":1.3,"mOthersTime":0,"mRunTime":0,"mStartTime":72600000,"mTimeUnit":600000,"mWalkTime":24012,"runStep":0,"walkStep":36},{"distance":7.6,"mCalorie":0.36,"mOthersTime":0,"mRunTime":0,"mStartTime":73200000,"mTimeUnit":600000,"mWalkTime":6670,"runStep":0,"walkStep":10},{"distance":124.28001,"mCalorie":6.6600003,"mOthersTime":0,"mRunTime":0,"mStartTime":75000000,"mTimeUnit":600000,"mWalkTime":112056,"runStep":0,"walkStep":168},{"distance":112.410995,"mCalorie":5.5099998,"mOthersTime":0,"mRunTime":0,"mStartTime":75600000,"mTimeUnit":600000,"mWalkTime":100717,"runStep":0,"walkStep":151},{"distance":13.219999,"mCalorie":0.65999997,"mOthersTime":0,"mRunTime":0,"mStartTime":78000000,"mTimeUnit":600000,"mWalkTime":12006,"runStep":0,"walkStep":18},{"distance":31.909,"mCalorie":1.5899999,"mOthersTime":0,"mRunTime":0,"mStartTime":78600000,"mTimeUnit":600000,"mWalkTime":28681,"runStep":0,"walkStep":43}],"version":1}