{"mAdaptiveGoal":0,"mIsGoalAchieved":false,"mIsMostActiveAchieved":false,"mMostActiveMinutes":0,"mStreakDayCount":0,"mUnitDataList":[{"distance":22.66,"mCalorie":1.2800001,"mOthersTime":0,"mRunTime":3200,"mStartTime":1200000,"mTimeUnit":600000,"mWalkTime":10672,"runStep":8,"walkStep":16},{"distance":14.42,"mCalorie":0.67,"mOthersTime":0,"mRunTime":0,"mStartTime":18600000,"mTimeUnit":600000,"mWalkTime":12673,"runStep":0,"walkStep":19},{"distance":7.3,"mCalorie":0.33,"mOthersTime":0,"mRunTime":0,"mStartTime":21000000,"mTimeUnit":600000,"mWalkTime":6670,"runStep":0,"walkStep":10},{"distance":59.1,"mCalorie":2.9999998,"mOthersTime":0,"mRunTime":1200,"mStartTime":21600000,"mTimeUnit":600000,"mWalkTime":44022,"runStep":3,"walkStep":66},{"distance":104.89,"mCalorie":5.84,"mOthersTime":0,"mRunTime":0,"mStartTime":22200000,"mTimeUnit":600000,"mWalkTime":104719,"runStep":0,"walkStep":157},{"distance":110.33,"mCalorie":5.6299996,"mOthersTime":0,"mRunTime":0,"mStartTime":22800000,"mTimeUnit":600000,"mWalkTime":101384,"runStep":0,"walkStep":152},{"distance":60.79,"mCalorie":2.75,"mOthersTime":0,"mRunTime":0,"mStartTime":25200000,"mTimeUnit":600000,"mWalkTime":50025,"runStep":0,"walkStep":75},{"distance":97.62,"mCalorie":4.89,"mOthersTime":0,"mRunTime":0,"mStartTime":26400000,"mTimeUnit":600000,"mWalkTime":87377,"runStep":0,"walkStep":131},{"distance":24.32,"mCalorie":1.39,"mOthersTime":0,"mRunTime":0,"mStartTime":27000000,"mTimeUnit":600000,"mWalkTime":23345,"runStep":0,"walkStep":35},{"distance":48.9,"mCalorie":2.9299998,"mOthersTime":0,"mRunTime":4800,"mStartTime":27600000,"mTimeUnit":600000,"mWalkTime":30015,"runStep":12,"walkStep":45},{"distance":37.461,"mCalorie":1.9200001,"mOthersTime":0,"mRunTime":2000,"mStartTime":28200000,"mTimeUnit":600000,"mWalkTime":27347,"runStep":5,"walkStep":41},{"distance":52.270004,"mCalorie":2.5600002,"mOthersTime":0,"mRunTime":0,"mStartTime":28800000,"mTimeUnit":600000,"mWalkTime":44689,"runStep":0,"walkStep":67},{"distance":68.01,"mCalorie":3.05,"mOthersTime":0,"mRunTime":0,"mStartTime":29400000,"mTimeUnit":600000,"mWalkTime":62031,"runStep":0,"walkStep":93},{"distance":27.25,"mCalorie":1.65,"mOthersTime":0,"mRunTime":800,"mStartTime":30000000,"mTimeUnit":600000,"mWalkTime":20677,"runStep":2,"walkStep":31},{"distance":80.22,"mCalorie":4.39,"mOthersTime":0,"mRunTime":400,"mStartTime":30600000,"mTimeUnit":600000,"mWalkTime":72036,"runStep":1,"walkStep":108},{"distance":8.12,"mCalorie":0.47,"mOthersTime":0,"mRunTime":0,"mStartTime":31200000,"mTimeUnit":600000,"mWalkTime":8004,"runStep":0,"walkStep":12},{"distance":52.89,"mCalorie":2.82,"mOthersTime":0,"mRunTime":0,"mStartTime":31800000,"mTimeUnit":600000,"mWalkTime":49358,"runStep":0,"walkStep":74},{"distance":19.760002,"mCalorie":1.0500001,"mOthersTime":0,"mRunTime":0,"mStartTime":33600000,"mTimeUnit":600000,"mWalkTime":18676,"runStep":0,"walkStep":28},{"distance":36.95,"mCalorie":2.03,"mOthersTime":0,"mRunTime":0,"mStartTime":34200000,"mTimeUnit":600000,"mWalkTime":34684,"runStep":0,"walkStep":52},{"distance":34.32,"mCalorie":1.8500001,"mOthersTime":0,"mRunTime":0,"mStartTime":34800000,"mTimeUnit":600000,"mWalkTime":32016,"runStep":0,"walkStep":48},{"distance":19.68,"mCalorie":1.02,"mOthersTime":0,"mRunTime":0,"mStartTime":35400000,"mTimeUnit":600000,"mWalkTime":18009,"runStep":0,"walkStep":27},{"distance":97.48,"mCalorie":5.0699997,"mOthersTime":0,"mRunTime":0,"mStartTime":36000000,"mTimeUnit":600000,"mWalkTime":90712,"runStep":0,"walkStep":136},{"distance":125.119995,"mCalorie":6.57,"mOthersTime":0,"mRunTime":2400,"mStartTime":36600000,"mTimeUnit":600000,"mWalkTime":108721,"runStep":6,"walkStep":163},{"distance":76.22,"mCalorie":3.66,"mOthersTime":0,"mRunTime":0,"mStartTime":37200000,"mTimeUnit":600000,"mWalkTime":68034,"runStep":0,"walkStep":102},{"distance":25.8,"mCalorie":1.3199999,"mOthersTime":0,"mRunTime":0,"mStartTime":37800000,"mTimeUnit":600000,"mWalkTime":24679,"runStep":0,"walkStep":37},{"distance":24.22,"mCalorie":1.25,"mOthersTime":0,"mRunTime":0,"mStartTime":39000000,"mTimeUnit":600000,"mWalkTime":23345,"runStep":0,"walkStep":35},{"distance":7.82,"mCalorie":0.33,"mOthersTime":0,"mRunTime":0,"mStartTime":39600000,"mTimeUnit":600000,"mWalkTime":6670,"runStep":0,"walkStep":10},{"distance":23.01,"mCalorie":1.07,"mOthersTime":0,"mRunTime":0,"mStartTime":40800000,"mTimeUnit":600000,"mWalkTime":20677,"runStep":0,"walkStep":31},{"distance":10.52,"mCalorie":0.52,"mOthersTime":0,"mRunTime":0,"mStartTime":41400000,"mTimeUnit":600000,"mWalkTime":10005,"runStep":0,"walkStep":15},{"distance":48.74,"mCalorie":2.38,"mOthersTime":0,"mRunTime":400,"mStartTime":42000000,"mTimeUnit":600000,"mWalkTime":41354,"runStep":1,"walkStep":62},{"distance":96.45,"mCalorie":5.5600004,"mOthersTime":0,"mRunTime":6800,"mStartTime":42600000,"mTimeUnit":600000,"mWalkTime":71369,"runStep":17,"walkStep":107},{"distance":287.22,"mCalorie":15.41,"mOthersTime":0,"mRunTime":0,"mStartTime":43200000,"mTimeUnit":600000,"mWalkTime":274137,"runStep":0,"walkStep":411},{"distance":97.810005,"mCalorie":4.67,"mOthersTime":0,"mRunTime":0,"mStartTime":43800000,"mTimeUnit":600000,"mWalkTime":86710,"runStep":0,"walkStep":130},{"distance":77.85,"mCalorie":3.82,"mOthersTime":0,"mRunTime":800,"mStartTime":44400000,"mTimeUnit":600000,"mWalkTime":68701,"runStep":2,"walkStep":103},{"distance":167.04,"mCalorie":9.119999,"mOthersTime":0,"mRunTime":0,"mStartTime":45000000,"mTimeUnit":600000,"mWalkTime":157412,"runStep":0,"walkStep":236},{"distance":134.61,"mCalorie":7.5199995,"mOthersTime":0,"mRunTime":0,"mStartTime":45600000,"mTimeUnit":600000,"mWalkTime":126730,"runStep":0,"walkStep":190},{"distance":180.34,"mCalorie":8.46,"mOthersTime":0,"mRunTime":0,"mStartTime":48600000,"mTimeUnit":600000,"mWalkTime":149378,"runStep":0,"walkStep":242},{"distance":162.23999,"mCalorie":8.78,"mOthersTime":0,"mRunTime":0,"mStartTime":49200000,"mTimeUnit":600000,"mWalkTime":152076,"runStep":0,"walkStep":228},{"distance":193.81999,"mCalorie":10.84,"mOthersTime":0,"mRunTime":0,"mStartTime":49800000,"mTimeUnit":600000,"mWalkTime":183425,"runStep":0,"walkStep":275},{"distance":100.799995,"mCalorie":5.44,"mOthersTime":0,"mRunTime":0,"mStartTime":50400000,"mTimeUnit":600000,"mWalkTime":95381,"runStep":0,"walkStep":143},{"distance":76.36,"mCalorie":3.9800003,"mOthersTime":0,"mRunTime":3200,"mStartTime":51000000,"mTimeUnit":600000,"mWalkTime":62031,"runStep":8,"walkStep":93},{"distance":6.87,"mCalorie":0.35,"mOthersTime":0,"mRunTime":0,"mStartTime":51600000,"mTimeUnit":600000,"mWalkTime":6670,"runStep":0,"walkStep":10},{"distance":18.96,"mCalorie":0.95000005,"mOthersTime":0,"mRunTime":0,"mStartTime":53400000,"mTimeUnit":600000,"mWalkTime":17342,"runStep":0,"walkStep":26},{"distance":45.97,"mCalorie":2.1,"mOthersTime":0,"mRunTime":1600,"mStartTime":54600000,"mTimeUnit":600000,"mWalkTime":35351,"runStep":4,"walkStep":53},{"distance":98.019,"mCalorie":4.79,"mOthersTime":0,"mRunTime":0,"mStartTime":55200000,"mTimeUnit":600000,"mWalkTime":87377,"runStep":0,"walkStep":131},{"distance":153.61899,"mCalorie":7.12,"mOthersTime":0,"mRunTime":0,"mStartTime":55800000,"mTimeUnit":600000,"mWalkTime":137402,"runStep":0,"walkStep":206},{"distance":209.62,"mCalorie":11.48,"mOthersTime":0,"mRunTime":0,"mStartTime":56400000,"mTimeUnit":600000,"mWalkTime":187397,"runStep":0,"walkStep":289},{"distance":60.29,"mCalorie":2.94,"mOthersTime":0,"mRunTime":0,"mStartTime":57000000,"mTimeUnit":600000,"mWalkTime":55361,"runStep":0,"walkStep":83},{"distance":106.26,"mCalorie":4.8999996,"mOthersTime":0,"mRunTime":0,"mStartTime":57600000,"mTimeUnit":600000,"mWalkTime":94714,"runStep":0,"walkStep":142},{"distance":157.81999,"mCalorie":7.66,"mOthersTime":0,"mRunTime":800,"mStartTime":58200000,"mTimeUnit":600000,"mWalkTime":137402,"runStep":2,"walkStep":206},{"distance":118.42,"mCalorie":5.6,"mOthersTime":0,"mRunTime":0,"mStartTime":58800000,"mTimeUnit":600000,"mWalkTime":105386,"runStep":0,"walkStep":158},{"distance":125.59,"mCalorie":6.5699997,"mOthersTime":0,"mRunTime":0,"mStartTime":59400000,"mTimeUnit":600000,"mWalkTime":116058,"runStep":0,"walkStep":174},{"distance":146.73,"mCalorie":7.02,"mOthersTime":0,"mRunTime":0,"mStartTime":60000000,"mTimeUnit":600000,"mWalkTime":131399,"runStep":0,"walkStep":197},{"distance":164.0,"mCalorie":8.07,"mOthersTime":0,"mRunTime":0,"mStartTime":60600000,"mTimeUnit":600000,"mWalkTime":148074,"runStep":0,"walkStep":222},{"distance":233.15999,"mCalorie":12.34,"mOthersTime":0,"mRunTime":0,"mStartTime":61200000,"mTimeUnit":600000,"mWalkTime":197372,"runStep":0,"walkStep":314},{"distance":26.38,"mCalorie":1.22,"mOthersTime":0,"mRunTime":0,"mStartTime":61800000,"mTimeUnit":600000,"mWalkTime":21344,"runStep":0,"walkStep":32},{"distance":125.79,"mCalorie":6.71,"mOthersTime":0,"mRunTime":0,"mStartTime":62400000,"mTimeUnit":600000,"mWalkTime":117392,"runStep":0,"walkStep":176},{"distance":30.17,"mCalorie":1.39,"mOthersTime":0,"mRunTime":0,"mStartTime":63600000,"mTimeUnit":600000,"mWalkTime":26013,"runStep":0,"walkStep":39},{"distance":37.35,"mCalorie":1.93,"mOthersTime":0,"mRunTime":0,"mStartTime":64200000,"mTimeUnit":600000,"mWalkTime":34017,"runStep":0,"walkStep":51},{"distance":12.04,"mCalorie":0.58,"mOthersTime":0,"mRunTime":0,"mStartTime":66600000,"mTimeUnit":600000,"mWalkTime":10672,"runStep":0,"walkStep":16},{"distance":21.77,"mCalorie":1.06,"mOthersTime":0,"mRunTime":0,"mStartTime":67200000,"mTimeUnit":600000,"mWalkTime":20010,"runStep":0,"walkStep":30},{"distance":22.68,"mCalorie":1.3,"mOthersTime":0,"mRunTime":0,"mStartTime":67800000,"mTimeUnit":600000,"mWalkTime":22011,"runStep":0,"walkStep":33},{"distance":7.64,"mCalorie":0.53,"mOthersTime":0,"mRunTime":0,"mStartTime":68400000,"mTimeUnit":600000,"mWalkTime":7337,"runStep":0,"walkStep":11},{"distance":31.880001,"mCalorie":1.92,"mOthersTime":0,"mRunTime":2000,"mStartTime":69000000,"mTimeUnit":600000,"mWalkTime":22011,"runStep":5,"walkStep":33},{"distance":41.29,"mCalorie":1.96,"mOthersTime":0,"mRunTime":0,"mStartTime":70200000,"mTimeUnit":600000,"mWalkTime":37352,"runStep":0,"walkStep":56},{"distance":160.83002,"mCalorie":8.4800005,"mOthersTime":0,"mRunTime":800,"mStartTime":71400000,"mTimeUnit":600000,"mWalkTime":149408,"runStep":2,"walkStep":224},{"distance":50.76,"mCalorie":2.56,"mOthersTime":0,"mRunTime":0,"mStartTime":72000000,"mTimeUnit":600000,"mWalkTime":46690,"runStep":0,"walkStep":70},{"distance":36.44,"mCalorie":1.8599999,"mOthersTime":0,"mRunTime":0,"mStartTime":72600000,"mTimeUnit":600000,"mWalkTime":32683,"runStep":0,"walkStep":49},{"distance":11.51,"mCalorie":0.56,"mOthersTime":0,"mRunTime":0,"mStartTime":73800000,"mTimeUnit":600000,"mWalkTime":10672,"runStep":0,"walkStep":16},{"distance":22.74,"mCalorie":1.22,"mOthersTime":0,"mRunTime":0,"mStartTime":75000000,"mTimeUnit":600000,"mWalkTime":21344,"runStep":0,"walkStep":32},{"distance":54.22,"mCalorie":2.7,"mOthersTime":0,"mRunTime":0,"mStartTime":75600000,"mTimeUnit":600000,"mWalkTime":49358,"runStep":0,"walkStep":74},{"distance":63.19,"mCalorie":3.21,"mOthersTime":0,"mRunTime":0,"mStartTime":76200000,"mTimeUnit":600000,"mWalkTime":57362,"runStep":0,"walkStep":86},{"distance":40.57,"mCalorie":2.15,"mOthersTime":0,"mRunTime":0,"mStartTime":76800000,"mTimeUnit":600000,"mWalkTime":37352,"runStep":0,"walkStep":56},{"distance":9.31,"mCalorie":0.45,"mOthersTime":0,"mRunTime":0,"mStartTime":82800000,"mTimeUnit":600000,"mWalkTime":8004,"runStep":0,"walkStep":12},{"distance":15.4,"mCalorie":0.91,"mOthersTime":0,"mRunTime":400,"mStartTime":83400000,"mTimeUnit":600000,"mWalkTime":11339,"runStep":1,"walkStep":17}],"version":1}