{"mActivityList":[{"mActiveTime":1049970,"mActiveTimeType":0,"mCalorie":60.0,"mCategory":204,"mDetailInfoId":"09793911-1698-9696-cdc3-a56681d5f50d","mDistance":863.279,"mDuration":1049970,"mEndTime":53382723,"mStartTime":52332753,"mType":1001}],"mAdaptiveGoal":0,"mIsGoalAchieved":false,"mIsMostActiveAchieved":false,"mMostActiveMinutes":0,"mStreakDayCount":0,"mUnitDataList":[{"distance":14.65,"mCalorie":0.85,"mOthersTime":0,"mRunTime":0,"mStartTime":2400000,"mTimeUnit":600000,"mWalkTime":14007,"runStep":0,"walkStep":21},{"distance":23.05,"mCalorie":1.0,"mOthersTime":0,"mRunTime":0,"mStartTime":10800000,"mTimeUnit":600000,"mWalkTime":20010,"runStep":0,"walkStep":30},{"distance":29.98,"mCalorie":1.46,"mOthersTime":0,"mRunTime":400,"mStartTime":11400000,"mTimeUnit":600000,"mWalkTime":26013,"runStep":1,"walkStep":39},{"distance":13.88,"mCalorie":0.68,"mOthersTime":0,"mRunTime":0,"mStartTime":21000000,"mTimeUnit":600000,"mWalkTime":12006,"runStep":0,"walkStep":18},{"distance":40.52,"mCalorie":2.5,"mOthersTime":0,"mRunTime":4400,"mStartTime":21600000,"mTimeUnit":600000,"mWalkTime":25346,"runStep":11,"walkStep":38},{"distance":37.42,"mCalorie":1.7,"mOthersTime":0,"mRunTime":1600,"mStartTime":22200000,"mTimeUnit":600000,"mWalkTime":25346,"runStep":4,"walkStep":38},{"distance":8.28,"mCalorie":0.4,"mOthersTime":0,"mRunTime":0,"mStartTime":26400000,"mTimeUnit":600000,"mWalkTime":7337,"runStep":0,"walkStep":11},{"distance":39.41,"mCalorie":2.56,"mOthersTime":0,"mRunTime":4800,"mStartTime":30600000,"mTimeUnit":600000,"mWalkTime":22678,"runStep":12,"walkStep":34},{"distance":8.9,"mCalorie":0.38,"mOthersTime":0,"mRunTime":0,"mStartTime":31200000,"mTimeUnit":600000,"mWalkTime":8004,"runStep":0,"walkStep":12},{"distance":25.640001,"mCalorie":1.4499999,"mOthersTime":0,"mRunTime":0,"mStartTime":35400000,"mTimeUnit":600000,"mWalkTime":24012,"runStep":0,"walkStep":36},{"distance":42.0,"mCalorie":2.01,"mOthersTime":0,"mRunTime":400,"mStartTime":36000000,"mTimeUnit":600000,"mWalkTime":36685,"runStep":1,"walkStep":55},{"distance":52.58,"mCalorie":2.48,"mOthersTime":0,"mRunTime":0,"mStartTime":36600000,"mTimeUnit":600000,"mWalkTime":50025,"runStep":0,"walkStep":75},{"distance":39.58,"mCalorie":1.74,"mOthersTime":0,"mRunTime":0,"mStartTime":37200000,"mTimeUnit":600000,"mWalkTime":35351,"runStep":0,"walkStep":53},{"distance":67.83,"mCalorie":3.54,"mOthersTime":0,"mRunTime":0,"mStartTime":37800000,"mTimeUnit":600000,"mWalkTime":65366,"runStep":0,"walkStep":98},{"distance":22.359001,"mCalorie":1.1600001,"mOthersTime":0,"mRunTime":0,"mStartTime":39000000,"mTimeUnit":600000,"mWalkTime":16008,"runStep":0,"walkStep":24},{"distance":36.91,"mCalorie":1.68,"mOthersTime":0,"mRunTime":400,"mStartTime":39600000,"mTimeUnit":600000,"mWalkTime":24012,"runStep":1,"walkStep":36},{"distance":33.67,"mCalorie":1.66,"mOthersTime":0,"mRunTime":0,"mStartTime":40200000,"mTimeUnit":600000,"mWalkTime":30682,"runStep":0,"walkStep":46},{"distance":72.149994,"mCalorie":3.8,"mOthersTime":0,"mRunTime":0,"mStartTime":40800000,"mTimeUnit":600000,"mWalkTime":66700,"runStep":0,"walkStep":100},{"distance":16.34,"mCalorie":0.93999994,"mOthersTime":0,"mRunTime":400,"mStartTime":43800000,"mTimeUnit":600000,"mWalkTime":15341,"runStep":1,"walkStep":23},{"distance":9.35,"mCalorie":0.34,"mOthersTime":0,"mRunTime":0,"mStartTime":46800000,"mTimeUnit":600000,"mWalkTime":7337,"runStep":0,"walkStep":11},{"distance":37.09,"mCalorie":1.84,"mOthersTime":0,"mRunTime":0,"mStartTime":48000000,"mTimeUnit":600000,"mWalkTime":30682,"runStep":0,"walkStep":46},{"distance":16.59,"mCalorie":0.75,"mOthersTime":0,"mRunTime":0,"mStartTime":50400000,"mTimeUnit":600000,"mWalkTime":14674,"runStep":0,"walkStep":22},{"distance":10.76,"mCalorie":0.48,"mOthersTime":0,"mRunTime":0,"mStartTime":51600000,"mTimeUnit":600000,"mWalkTime":9338,"runStep":0,"walkStep":14},{"distance":404.11688,"mCalorie":27.679214,"mOthersTime":0,"mRunTime":0,"mStartTime":52200000,"mTimeUnit":600000,"mWalkTime":486367,"runStep":0,"walkStep":633},{"distance":481.08087,"mCalorie":33.41459,"mOthersTime":0,"mRunTime":0,"mStartTime":52800000,"mTimeUnit":600000,"mWalkTime":584642,"runStep":0,"walkStep":557},{"distance":10.68,"mCalorie":0.5,"mOthersTime":0,"mRunTime":0,"mStartTime":55200000,"mTimeUnit":600000,"mWalkTime":8671,"runStep":0,"walkStep":13},{"distance":8.8,"mCalorie":0.64,"mOthersTime":0,"mRunTime":0,"mStartTime":55800000,"mTimeUnit":600000,"mWalkTime":8671,"runStep":0,"walkStep":13},{"distance":24.18,"mCalorie":1.46,"mOthersTime":0,"mRunTime":3200,"mStartTime":57600000,"mTimeUnit":600000,"mWalkTime":16675,"runStep":8,"walkStep":25},{"distance":10.83,"mCalorie":0.66,"mOthersTime":0,"mRunTime":800,"mStartTime":58200000,"mTimeUnit":600000,"mWalkTime":6670,"runStep":2,"walkStep":10},{"distance":56.35,"mCalorie":2.6100001,"mOthersTime":0,"mRunTime":0,"mStartTime":62400000,"mTimeUnit":600000,"mWalkTime":50692,"runStep":0,"walkStep":76},{"distance":71.79,"mCalorie":3.82,"mOthersTime":0,"mRunTime":0,"mStartTime":63000000,"mTimeUnit":600000,"mWalkTime":74704,"runStep":0,"walkStep":112},{"distance":16.939999,"mCalorie":0.78999996,"mOthersTime":0,"mRunTime":0,"mStartTime":63600000,"mTimeUnit":600000,"mWalkTime":15341,"runStep":0,"walkStep":23},{"distance":259.051,"mCalorie":12.48,"mOthersTime":0,"mRunTime":0,"mStartTime":64200000,"mTimeUnit":600000,"mWalkTime":228751,"runStep":0,"walkStep":347},{"distance":87.25,"mCalorie":4.4700003,"mOthersTime":0,"mRunTime":800,"mStartTime":64800000,"mTimeUnit":600000,"mWalkTime":72703,"runStep":2,"walkStep":109},{"distance":61.81,"mCalorie":3.55,"mOthersTime":0,"mRunTime":2000,"mStartTime":65400000,"mTimeUnit":600000,"mWalkTime":52026,"runStep":5,"walkStep":78},{"distance":9.72,"mCalorie":0.52,"mOthersTime":0,"mRunTime":0,"mStartTime":66000000,"mTimeUnit":600000,"mWalkTime":9338,"runStep":0,"walkStep":14},{"distance":32.81,"mCalorie":1.5799999,"mOthersTime":0,"mRunTime":0,"mStartTime":66600000,"mTimeUnit":600000,"mWalkTime":30015,"runStep":0,"walkStep":45},{"distance":35.559998,"mCalorie":1.6700001,"mOthersTime":0,"mRunTime":0,"mStartTime":67200000,"mTimeUnit":600000,"mWalkTime":31349,"runStep":0,"walkStep":47},{"distance":30.06,"mCalorie":1.62,"mOthersTime":0,"mRunTime":0,"mStartTime":67800000,"mTimeUnit":600000,"mWalkTime":28681,"runStep":0,"walkStep":43},{"distance":93.03,"mCalorie":4.55,"mOthersTime":0,"mRunTime":0,"mStartTime":68400000,"mTimeUnit":600000,"mWalkTime":84042,"runStep":0,"walkStep":126},{"distance":279.66998,"mCalorie":13.28,"mOthersTime":0,"mRunTime":0,"mStartTime":69000000,"mTimeUnit":600000,"mWalkTime":232086,"runStep":0,"walkStep":370},{"distance":84.740005,"mCalorie":4.57,"mOthersTime":0,"mRunTime":1600,"mStartTime":69600000,"mTimeUnit":600000,"mWalkTime":76705,"runStep":4,"walkStep":115},{"distance":40.97,"mCalorie":2.44,"mOthersTime":0,"mRunTime":1200,"mStartTime":70200000,"mTimeUnit":600000,"mWalkTime":33350,"runStep":3,"walkStep":50},{"distance":7.61,"mCalorie":0.42,"mOthersTime":0,"mRunTime":0,"mStartTime":71400000,"mTimeUnit":600000,"mWalkTime":6670,"runStep":0,"walkStep":10},{"distance":28.75,"mCalorie":1.5899999,"mOthersTime":0,"mRunTime":0,"mStartTime":72000000,"mTimeUnit":600000,"mWalkTime":25346,"runStep":0,"walkStep":38},{"distance":37.03,"mCalorie":1.64,"mOthersTime":0,"mRunTime":0,"mStartTime":73200000,"mTimeUnit":600000,"mWalkTime":32683,"runStep":0,"walkStep":49},{"distance":7.47,"mCalorie":0.4,"mOthersTime":0,"mRunTime":0,"mStartTime":76200000,"mTimeUnit":600000,"mWalkTime":6670,"runStep":0,"walkStep":10},{"distance":26.240002,"mCalorie":1.45,"mOthersTime":0,"mRunTime":1200,"mStartTime":78000000,"mTimeUnit":600000,"mWalkTime":21344,"runStep":3,"walkStep":32},{"distance":10.09,"mCalorie":0.51,"mOthersTime":0,"mRunTime":0,"mStartTime":79200000,"mTimeUnit":600000,"mWalkTime":9338,"runStep":0,"walkStep":14},{"distance":6.86,"mCalorie":0.52,"mOthersTime":0,"mRunTime":0,"mStartTime":80400000,"mTimeUnit":600000,"mWalkTime":6670,"runStep":0,"walkStep":10},{"distance":53.969997,"mCalorie":2.94,"mOthersTime":0,"mRunTime":0,"mStartTime":81000000,"mTimeUnit":600000,"mWalkTime":45356,"runStep":0,"walkStep":68}],"version":1}