{"mActivityList":[{"mActiveTime":1917177,"mActiveTimeType":0,"mCalorie":164.0,"mCategory":204,"mDetailInfoId":"d4566906-996a-8250-7ca4-935453ad4894","mDistance":2354.59,"mDuration":1917177,"mEndTime":45611457,"mStartTime":43694280,"mType":1001},{"mActiveTime":807608,"mActiveTimeType":0,"mCalorie":47.0,"mCategory":204,"mDetailInfoId":"8911e94e-3b07-84e6-c803-398b28f4e060","mDistance":956.03,"mDuration":807608,"mEndTime":46687715,"mStartTime":45880107,"mType":1001},{"mActiveTime":1213393,"mActiveTimeType":0,"mCalorie":72.0,"mCategory":204,"mDetailInfoId":"f875daf4-2125-3253-ec21-e4516b37756a","mDistance":1301.5,"mDuration":1213393,"mEndTime":48815062,"mStartTime":47601669,"mType":1001}],"mAdaptiveGoal":0,"mIsGoalAchieved":false,"mIsMostActiveAchieved":false,"mMostActiveMinutes":0,"mStreakDayCount":0,"mUnitDataList":[{"distance":55.460003,"mCalorie":2.99,"mOthersTime":0,"mRunTime":3200,"mStartTime":11400000,"mTimeUnit":600000,"mWalkTime":41354,"runStep":8,"walkStep":62},{"distance":47.65,"mCalorie":2.26,"mOthersTime":0,"mRunTime":0,"mStartTime":12000000,"mTimeUnit":600000,"mWalkTime":42688,"runStep":0,"walkStep":64},{"distance":21.74,"mCalorie":1.15,"mOthersTime":0,"mRunTime":0,"mStartTime":13800000,"mTimeUnit":600000,"mWalkTime":20010,"runStep":0,"walkStep":30},{"distance":23.720001,"mCalorie":1.23,"mOthersTime":0,"mRunTime":0,"mStartTime":14400000,"mTimeUnit":600000,"mWalkTime":22011,"runStep":0,"walkStep":33},{"distance":10.69,"mCalorie":0.46,"mOthersTime":0,"mRunTime":0,"mStartTime":15000000,"mTimeUnit":600000,"mWalkTime":9338,"runStep":0,"walkStep":14},{"distance":22.17,"mCalorie":1.09,"mOthersTime":0,"mRunTime":0,"mStartTime":16800000,"mTimeUnit":600000,"mWalkTime":20677,"runStep":0,"walkStep":31},{"distance":8.96,"mCalorie":0.54,"mOthersTime":0,"mRunTime":0,"mStartTime":17400000,"mTimeUnit":600000,"mWalkTime":8671,"runStep":0,"walkStep":13},{"distance":15.37,"mCalorie":0.7,"mOthersTime":0,"mRunTime":400,"mStartTime":18000000,"mTimeUnit":600000,"mWalkTime":12006,"runStep":1,"walkStep":18},{"distance":18.82,"mCalorie":1.27,"mOthersTime":0,"mRunTime":4000,"mStartTime":23400000,"mTimeUnit":600000,"mWalkTime":7337,"runStep":10,"walkStep":11},{"distance":16.470001,"mCalorie":0.94,"mOthersTime":0,"mRunTime":0,"mStartTime":34200000,"mTimeUnit":600000,"mWalkTime":16008,"runStep":0,"walkStep":24},{"distance":39.260002,"mCalorie":2.1100001,"mOthersTime":0,"mRunTime":0,"mStartTime":38400000,"mTimeUnit":600000,"mWalkTime":36018,"runStep":0,"walkStep":54},{"distance":137.82999,"mCalorie":7.48,"mOthersTime":0,"mRunTime":1600,"mStartTime":41400000,"mTimeUnit":600000,"mWalkTime":122061,"runStep":4,"walkStep":183},{"distance":15.4,"mCalorie":0.86,"mOthersTime":0,"mRunTime":0,"mStartTime":42600000,"mTimeUnit":600000,"mWalkTime":14674,"runStep":0,"walkStep":22},{"distance":278.92178,"mCalorie":16.760326,"mOthersTime":0,"mRunTime":0,"mStartTime":43200000,"mTimeUnit":600000,"mWalkTime":240727,"runStep":0,"walkStep":385},{"distance":736.8929,"mCalorie":51.325462,"mOthersTime":0,"mRunTime":0,"mStartTime":43800000,"mTimeUnit":600000,"mWalkTime":600000,"runStep":0,"walkStep":1075},{"distance":736.8929,"mCalorie":51.325462,"mOthersTime":0,"mRunTime":0,"mStartTime":44400000,"mTimeUnit":600000,"mWalkTime":600000,"runStep":0,"walkStep":998},{"distance":736.8929,"mCalorie":51.325462,"mOthersTime":0,"mRunTime":0,"mStartTime":45000000,"mTimeUnit":600000,"mWalkTime":600000,"runStep":0,"walkStep":980},{"distance":421.35016,"mCalorie":21.127481,"mOthersTime":0,"mRunTime":0,"mStartTime":45600000,"mTimeUnit":600000,"mWalkTime":357209,"runStep":0,"walkStep":580},{"distance":577.34717,"mCalorie":28.383331,"mOthersTime":0,"mRunTime":0,"mStartTime":46200000,"mTimeUnit":600000,"mWalkTime":487715,"runStep":0,"walkStep":772},{"distance":559.04,"mCalorie":29.3,"mOthersTime":0,"mRunTime":0,"mStartTime":46800000,"mTimeUnit":600000,"mWalkTime":450075,"runStep":0,"walkStep":751},{"distance":465.2822,"mCalorie":25.385885,"mOthersTime":0,"mRunTime":0,"mStartTime":47400000,"mTimeUnit":600000,"mWalkTime":432702,"runStep":0,"walkStep":731},{"distance":643.56726,"mCalorie":35.602646,"mOthersTime":0,"mRunTime":0,"mStartTime":48000000,"mTimeUnit":600000,"mWalkTime":600000,"runStep":0,"walkStep":1019},{"distance":246.24948,"mCalorie":13.612732,"mOthersTime":0,"mRunTime":0,"mStartTime":48600000,"mTimeUnit":600000,"mWalkTime":230064,"runStep":0,"walkStep":138},{"distance":70.020004,"mCalorie":3.94,"mOthersTime":0,"mRunTime":3200,"mStartTime":49200000,"mTimeUnit":600000,"mWalkTime":54027,"runStep":8,"walkStep":81},{"distance":17.15,"mCalorie":1.0,"mOthersTime":0,"mRunTime":0,"mStartTime":51000000,"mTimeUnit":600000,"mWalkTime":16675,"runStep":0,"walkStep":25},{"distance":31.650002,"mCalorie":1.55,"mOthersTime":0,"mRunTime":400,"mStartTime":55800000,"mTimeUnit":600000,"mWalkTime":27347,"runStep":1,"walkStep":41},{"distance":4.93,"mCalorie":0.26,"mOthersTime":0,"mRunTime":0,"mStartTime":61200000,"mTimeUnit":600000,"mWalkTime":4669,"runStep":0,"walkStep":7},{"distance":8.65,"mCalorie":0.36,"mOthersTime":0,"mRunTime":0,"mStartTime":61800000,"mTimeUnit":600000,"mWalkTime":7337,"runStep":0,"walkStep":11},{"distance":33.16,"mCalorie":1.54,"mOthersTime":0,"mRunTime":0,"mStartTime":62400000,"mTimeUnit":600000,"mWalkTime":29348,"runStep":0,"walkStep":44},{"distance":52.78,"mCalorie":2.89,"mOthersTime":0,"mRunTime":0,"mStartTime":64200000,"mTimeUnit":600000,"mWalkTime":50025,"runStep":0,"walkStep":75},{"distance":48.660004,"mCalorie":2.54,"mOthersTime":0,"mRunTime":1200,"mStartTime":64800000,"mTimeUnit":600000,"mWalkTime":36685,"runStep":3,"walkStep":55},{"distance":26.289999,"mCalorie":1.3199999,"mOthersTime":0,"mRunTime":0,"mStartTime":65400000,"mTimeUnit":600000,"mWalkTime":24012,"runStep":0,"walkStep":36},{"distance":132.46999,"mCalorie":6.5099993,"mOthersTime":0,"mRunTime":0,"mStartTime":66000000,"mTimeUnit":600000,"mWalkTime":116725,"runStep":0,"walkStep":175},{"distance":206.04001,"mCalorie":10.71,"mOthersTime":0,"mRunTime":800,"mStartTime":66600000,"mTimeUnit":600000,"mWalkTime":186033,"runStep":2,"walkStep":285},{"distance":41.2,"mCalorie":2.13,"mOthersTime":0,"mRunTime":0,"mStartTime":67200000,"mTimeUnit":600000,"mWalkTime":38019,"runStep":0,"walkStep":57},{"distance":25.04,"mCalorie":1.0600001,"mOthersTime":0,"mRunTime":0,"mStartTime":67800000,"mTimeUnit":600000,"mWalkTime":21344,"runStep":0,"walkStep":32},{"distance":48.59,"mCalorie":2.3700001,"mOthersTime":0,"mRunTime":0,"mStartTime":68400000,"mTimeUnit":600000,"mWalkTime":40020,"runStep":0,"walkStep":60},{"distance":13.360001,"mCalorie":0.73,"mOthersTime":0,"mRunTime":0,"mStartTime":69000000,"mTimeUnit":600000,"mWalkTime":12673,"runStep":0,"walkStep":19},{"distance":36.960003,"mCalorie":2.15,"mOthersTime":0,"mRunTime":800,"mStartTime":69600000,"mTimeUnit":600000,"mWalkTime":31349,"runStep":2,"walkStep":47},{"distance":250.94,"mCalorie":13.26,"mOthersTime":0,"mRunTime":2000,"mStartTime":70200000,"mTimeUnit":600000,"mWalkTime":213410,"runStep":5,"walkStep":331},{"distance":52.87,"mCalorie":2.97,"mOthersTime":0,"mRunTime":0,"mStartTime":70800000,"mTimeUnit":600000,"mWalkTime":50692,"runStep":0,"walkStep":76},{"distance":91.78001,"mCalorie":5.7299995,"mOthersTime":0,"mRunTime":0,"mStartTime":71400000,"mTimeUnit":600000,"mWalkTime":89378,"runStep":0,"walkStep":134},{"distance":21.17,"mCalorie":1.0699999,"mOthersTime":0,"mRunTime":0,"mStartTime":72000000,"mTimeUnit":600000,"mWalkTime":19343,"runStep":0,"walkStep":29},{"distance":91.9,"mCalorie":4.75,"mOthersTime":0,"mRunTime":1200,"mStartTime":75000000,"mTimeUnit":600000,"mWalkTime":78706,"runStep":3,"walkStep":118},{"distance":19.51,"mCalorie":1.04,"mOthersTime":0,"mRunTime":0,"mStartTime":75600000,"mTimeUnit":600000,"mWalkTime":18009,"runStep":0,"walkStep":27},{"distance":11.1,"mCalorie":0.49,"mOthersTime":0,"mRunTime":0,"mStartTime":76200000,"mTimeUnit":600000,"mWalkTime":9338,"runStep":0,"walkStep":14},{"distance":9.15,"mCalorie":0.57,"mOthersTime":0,"mRunTime":0,"mStartTime":76800000,"mTimeUnit":600000,"mWalkTime":8671,"runStep":0,"walkStep":13},{"distance":28.29,"mCalorie":1.7,"mOthersTime":0,"mRunTime":3200,"mStartTime":77400000,"mTimeUnit":600000,"mWalkTime":16008,"runStep":8,"walkStep":24},{"distance":421.80002,"mCalorie":20.44,"mOthersTime":0,"mRunTime":3600,"mStartTime":78000000,"mTimeUnit":600000,"mWalkTime":353390,"runStep":9,"walkStep":575},{"distance":121.46,"mCalorie":6.8100004,"mOthersTime":0,"mRunTime":800,"mStartTime":78600000,"mTimeUnit":600000,"mWalkTime":109388,"runStep":2,"walkStep":164},{"distance":40.19,"mCalorie":2.61,"mOthersTime":0,"mRunTime":11200,"mStartTime":79200000,"mTimeUnit":600000,"mWalkTime":13340,"runStep":28,"walkStep":20},{"distance":42.4,"mCalorie":2.3999999,"mOthersTime":0,"mRunTime":3200,"mStartTime":80400000,"mTimeUnit":600000,"mWalkTime":29348,"runStep":8,"walkStep":44},{"distance":9.49,"mCalorie":0.41,"mOthersTime":0,"mRunTime":0,"mStartTime":83400000,"mTimeUnit":600000,"mWalkTime":8004,"runStep":0,"walkStep":12}],"version":1}