{"mActivityList":[{"mActiveTime":1429621,"mActiveTimeType":0,"mCalorie":134.0,"mCategory":204,"mDetailInfoId":"71f4110f-0b28-4065-f0e3-406d79160d3e","mDistance":1696.58,"mDuration":1429621,"mEndTime":25779048,"mStartTime":24349427,"mType":1001},{"mActiveTime":1420822,"mActiveTimeType":0,"mCalorie":150.0,"mCategory":204,"mDetailInfoId":"855fabf8-ad2f-0d1d-b192-5d6debb55e26","mDistance":1678.721,"mDuration":1420822,"mEndTime":28818110,"mStartTime":27397288,"mType":1001}],"mAdaptiveGoal":0,"mIsGoalAchieved":false,"mIsMostActiveAchieved":false,"mMostActiveMinutes":0,"mStreakDayCount":0,"mUnitDataList":[{"distance":46.14,"mCalorie":2.29,"mOthersTime":0,"mRunTime":0,"mStartTime":9000000,"mTimeUnit":600000,"mWalkTime":42021,"runStep":0,"walkStep":63},{"distance":343.12555,"mCalorie":26.35701,"mOthersTime":0,"mRunTime":4000,"mStartTime":24000000,"mTimeUnit":600000,"mWalkTime":291230,"runStep":10,"walkStep":406},{"distance":712.04047,"mCalorie":56.23868,"mOthersTime":0,"mRunTime":0,"mStartTime":24600000,"mTimeUnit":600000,"mWalkTime":600000,"runStep":0,"walkStep":1169},{"distance":690.682,"mCalorie":54.435463,"mOthersTime":0,"mRunTime":0,"mStartTime":25200000,"mTimeUnit":600000,"mWalkTime":582075,"runStep":0,"walkStep":793},{"distance":12.6,"mCalorie":0.57,"mOthersTime":0,"mRunTime":0,"mStartTime":25800000,"mTimeUnit":600000,"mWalkTime":10672,"runStep":0,"walkStep":16},{"distance":258.36234,"mCalorie":22.382769,"mOthersTime":0,"mRunTime":0,"mStartTime":27000000,"mTimeUnit":600000,"mWalkTime":219707,"runStep":0,"walkStep":197},{"distance":708.9084,"mCalorie":63.343616,"mOthersTime":0,"mRunTime":0,"mStartTime":27600000,"mTimeUnit":600000,"mWalkTime":600000,"runStep":0,"walkStep":1108},{"distance":708.9084,"mCalorie":63.343616,"mOthersTime":0,"mRunTime":0,"mStartTime":28200000,"mTimeUnit":600000,"mWalkTime":600000,"runStep":0,"walkStep":1023},{"distance":144.13303,"mCalorie":8.306096,"mOthersTime":0,"mRunTime":0,"mStartTime":28800000,"mTimeUnit":600000,"mWalkTime":130216,"runStep":0,"walkStep":172},{"distance":58.63,"mCalorie":3.05,"mOthersTime":0,"mRunTime":0,"mStartTime":29400000,"mTimeUnit":600000,"mWalkTime":54027,"runStep":0,"walkStep":81},{"distance":8.28,"mCalorie":0.42,"mOthersTime":0,"mRunTime":0,"mStartTime":30000000,"mTimeUnit":600000,"mWalkTime":8004,"runStep":0,"walkStep":12},{"distance":44.42,"mCalorie":2.19,"mOthersTime":0,"mRunTime":0,"mStartTime":31200000,"mTimeUnit":600000,"mWalkTime":38686,"runStep":0,"walkStep":58},{"distance":19.67,"mCalorie":0.97,"mOthersTime":0,"mRunTime":0,"mStartTime":31800000,"mTimeUnit":600000,"mWalkTime":18009,"runStep":0,"walkStep":27},{"distance":20.93,"mCalorie":1.1800001,"mOthersTime":0,"mRunTime":800,"mStartTime":33000000,"mTimeUnit":600000,"mWalkTime":15341,"runStep":2,"walkStep":23},{"distance":26.472,"mCalorie":1.14,"mOthersTime":0,"mRunTime":0,"mStartTime":34200000,"mTimeUnit":600000,"mWalkTime":23345,"runStep":0,"walkStep":35},{"distance":167.24901,"mCalorie":9.01,"mOthersTime":0,"mRunTime":9200,"mStartTime":34800000,"mTimeUnit":600000,"mWalkTime":129398,"runStep":23,"walkStep":194},{"distance":96.420006,"mCalorie":5.06,"mOthersTime":0,"mRunTime":0,"mStartTime":35400000,"mTimeUnit":600000,"mWalkTime":88711,"runStep":0,"walkStep":133},{"distance":56.840004,"mCalorie":2.73,"mOthersTime":0,"mRunTime":0,"mStartTime":36600000,"mTimeUnit":600000,"mWalkTime":51359,"runStep":0,"walkStep":77},{"distance":364.921,"mCalorie":18.130001,"mOthersTime":0,"mRunTime":0,"mStartTime":37200000,"mTimeUnit":600000,"mWalkTime":324799,"runStep":0,"walkStep":493},{"distance":84.85,"mCalorie":4.42,"mOthersTime":0,"mRunTime":0,"mStartTime":37800000,"mTimeUnit":600000,"mWalkTime":76705,"runStep":0,"walkStep":115},{"distance":207.84,"mCalorie":10.97,"mOthersTime":0,"mRunTime":0,"mStartTime":38400000,"mTimeUnit":600000,"mWalkTime":172723,"runStep":0,"walkStep":279},{"distance":66.25,"mCalorie":3.08,"mOthersTime":0,"mRunTime":0,"mStartTime":39000000,"mTimeUnit":600000,"mWalkTime":58029,"runStep":0,"walkStep":87},{"distance":49.069,"mCalorie":2.3899999,"mOthersTime":0,"mRunTime":0,"mStartTime":39600000,"mTimeUnit":600000,"mWalkTime":43355,"runStep":0,"walkStep":65},{"distance":37.721,"mCalorie":1.96,"mOthersTime":0,"mRunTime":400,"mStartTime":40200000,"mTimeUnit":600000,"mWalkTime":32683,"runStep":1,"walkStep":49},{"distance":25.96,"mCalorie":1.35,"mOthersTime":0,"mRunTime":0,"mStartTime":40800000,"mTimeUnit":600000,"mWalkTime":24679,"runStep":0,"walkStep":37},{"distance":30.68,"mCalorie":1.49,"mOthersTime":0,"mRunTime":0,"mStartTime":41400000,"mTimeUnit":600000,"mWalkTime":25346,"runStep":0,"walkStep":38},{"distance":167.65001,"mCalorie":8.36,"mOthersTime":0,"mRunTime":0,"mStartTime":42000000,"mTimeUnit":600000,"mWalkTime":152743,"runStep":0,"walkStep":229},{"distance":77.03,"mCalorie":4.11,"mOthersTime":0,"mRunTime":0,"mStartTime":42600000,"mTimeUnit":600000,"mWalkTime":66670,"runStep":0,"walkStep":106},{"distance":120.75001,"mCalorie":6.39,"mOthersTime":0,"mRunTime":0,"mStartTime":43200000,"mTimeUnit":600000,"mWalkTime":112026,"runStep":0,"walkStep":170},{"distance":25.2,"mCalorie":1.27,"mOthersTime":0,"mRunTime":0,"mStartTime":45000000,"mTimeUnit":600000,"mWalkTime":22678,"runStep":0,"walkStep":34},{"distance":154.90999,"mCalorie":7.77,"mOthersTime":0,"mRunTime":0,"mStartTime":45600000,"mTimeUnit":600000,"mWalkTime":122698,"runStep":0,"walkStep":204},{"distance":14.0,"mCalorie":0.52,"mOthersTime":0,"mRunTime":0,"mStartTime":46200000,"mTimeUnit":600000,"mWalkTime":11339,"runStep":0,"walkStep":17},{"distance":12.79,"mCalorie":0.59,"mOthersTime":0,"mRunTime":0,"mStartTime":47400000,"mTimeUnit":600000,"mWalkTime":10672,"runStep":0,"walkStep":16},{"distance":147.09,"mCalorie":7.7699995,"mOthersTime":0,"mRunTime":0,"mStartTime":48000000,"mTimeUnit":600000,"mWalkTime":136068,"runStep":0,"walkStep":204},{"distance":95.71,"mCalorie":4.62,"mOthersTime":0,"mRunTime":0,"mStartTime":48600000,"mTimeUnit":600000,"mWalkTime":83375,"runStep":0,"walkStep":125},{"distance":60.97,"mCalorie":3.0900002,"mOthersTime":0,"mRunTime":0,"mStartTime":49200000,"mTimeUnit":600000,"mWalkTime":54027,"runStep":0,"walkStep":81},{"distance":21.268,"mCalorie":1.01,"mOthersTime":0,"mRunTime":0,"mStartTime":49800000,"mTimeUnit":600000,"mWalkTime":19343,"runStep":0,"walkStep":29},{"distance":20.37,"mCalorie":0.99,"mOthersTime":0,"mRunTime":0,"mStartTime":50400000,"mTimeUnit":600000,"mWalkTime":18009,"runStep":0,"walkStep":27},{"distance":13.77,"mCalorie":0.66,"mOthersTime":0,"mRunTime":0,"mStartTime":51000000,"mTimeUnit":600000,"mWalkTime":12673,"runStep":0,"walkStep":19},{"distance":47.760002,"mCalorie":2.3899999,"mOthersTime":0,"mRunTime":0,"mStartTime":51600000,"mTimeUnit":600000,"mWalkTime":46023,"runStep":0,"walkStep":69},{"distance":126.549995,"mCalorie":6.59,"mOthersTime":0,"mRunTime":0,"mStartTime":52200000,"mTimeUnit":600000,"mWalkTime":114057,"runStep":0,"walkStep":171},{"distance":68.58,"mCalorie":3.56,"mOthersTime":0,"mRunTime":0,"mStartTime":52800000,"mTimeUnit":600000,"mWalkTime":62031,"runStep":0,"walkStep":93},{"distance":160.7,"mCalorie":8.61,"mOthersTime":0,"mRunTime":0,"mStartTime":53400000,"mTimeUnit":600000,"mWalkTime":148074,"runStep":0,"walkStep":222},{"distance":46.36,"mCalorie":2.75,"mOthersTime":0,"mRunTime":2000,"mStartTime":54000000,"mTimeUnit":600000,"mWalkTime":34017,"runStep":5,"walkStep":51},{"distance":5.61,"mCalorie":0.3,"mOthersTime":0,"mRunTime":0,"mStartTime":54600000,"mTimeUnit":600000,"mWalkTime":5336,"runStep":0,"walkStep":8},{"distance":19.26,"mCalorie":1.04,"mOthersTime":0,"mRunTime":0,"mStartTime":55200000,"mTimeUnit":600000,"mWalkTime":18009,"runStep":0,"walkStep":27},{"distance":7.93,"mCalorie":0.42,"mOthersTime":0,"mRunTime":0,"mStartTime":55800000,"mTimeUnit":600000,"mWalkTime":7337,"runStep":0,"walkStep":11},{"distance":46.6,"mCalorie":2.02,"mOthersTime":0,"mRunTime":0,"mStartTime":56400000,"mTimeUnit":600000,"mWalkTime":40687,"runStep":0,"walkStep":61},{"distance":122.06,"mCalorie":6.19,"mOthersTime":0,"mRunTime":2800,"mStartTime":58200000,"mTimeUnit":600000,"mWalkTime":94714,"runStep":7,"walkStep":142},{"distance":245.74,"mCalorie":14.219999,"mOthersTime":0,"mRunTime":0,"mStartTime":58800000,"mTimeUnit":600000,"mWalkTime":230115,"runStep":0,"walkStep":345},{"distance":204.24,"mCalorie":10.51,"mOthersTime":0,"mRunTime":400,"mStartTime":59400000,"mTimeUnit":600000,"mWalkTime":184092,"runStep":1,"walkStep":276},{"distance":22.59,"mCalorie":0.96999997,"mOthersTime":0,"mRunTime":0,"mStartTime":60000000,"mTimeUnit":600000,"mWalkTime":19343,"runStep":0,"walkStep":29},{"distance":57.67,"mCalorie":2.99,"mOthersTime":0,"mRunTime":0,"mStartTime":60600000,"mTimeUnit":600000,"mWalkTime":52693,"runStep":0,"walkStep":79},{"distance":248.54999,"mCalorie":12.7300005,"mOthersTime":0,"mRunTime":400,"mStartTime":61200000,"mTimeUnit":600000,"mWalkTime":209408,"runStep":1,"walkStep":329},{"distance":32.09,"mCalorie":1.38,"mOthersTime":0,"mRunTime":0,"mStartTime":61800000,"mTimeUnit":600000,"mWalkTime":28014,"runStep":0,"walkStep":42},{"distance":19.58,"mCalorie":1.09,"mOthersTime":0,"mRunTime":1600,"mStartTime":67200000,"mTimeUnit":600000,"mWalkTime":14007,"runStep":4,"walkStep":21},{"distance":24.970001,"mCalorie":1.25,"mOthersTime":0,"mRunTime":0,"mStartTime":67800000,"mTimeUnit":600000,"mWalkTime":23345,"runStep":0,"walkStep":35},{"distance":54.37,"mCalorie":2.69,"mOthersTime":0,"mRunTime":0,"mStartTime":68400000,"mTimeUnit":600000,"mWalkTime":49358,"runStep":0,"walkStep":74},{"distance":48.100002,"mCalorie":2.29,"mOthersTime":0,"mRunTime":0,"mStartTime":69000000,"mTimeUnit":600000,"mWalkTime":44022,"runStep":0,"walkStep":66},{"distance":38.0,"mCalorie":1.83,"mOthersTime":0,"mRunTime":0,"mStartTime":69600000,"mTimeUnit":600000,"mWalkTime":33350,"runStep":0,"walkStep":50},{"distance":7.86,"mCalorie":0.42,"mOthersTime":0,"mRunTime":0,"mStartTime":70800000,"mTimeUnit":600000,"mWalkTime":7337,"runStep":0,"walkStep":11},{"distance":68.139,"mCalorie":3.68,"mOthersTime":0,"mRunTime":0,"mStartTime":73200000,"mTimeUnit":600000,"mWalkTime":64032,"runStep":0,"walkStep":96},{"distance":38.920002,"mCalorie":1.9300001,"mOthersTime":0,"mRunTime":0,"mStartTime":73800000,"mTimeUnit":600000,"mWalkTime":34684,"runStep":0,"walkStep":52},{"distance":28.380001,"mCalorie":1.27,"mOthersTime":0,"mRunTime":0,"mStartTime":74400000,"mTimeUnit":600000,"mWalkTime":24012,"runStep":0,"walkStep":36},{"distance":8.19,"mCalorie":0.34,"mOthersTime":0,"mRunTime":0,"mStartTime":79200000,"mTimeUnit":600000,"mWalkTime":6670,"runStep":0,"walkStep":10},{"distance":52.171,"mCalorie":2.79,"mOthersTime":0,"mRunTime":3200,"mStartTime":79800000,"mTimeUnit":600000,"mWalkTime":32683,"runStep":8,"walkStep":49}],"version":1}