{"mActivityList":[{"mActiveTime":743296,"mActiveTimeType":0,"mCalorie":115.0,"mCategory":204,"mDetailInfoId":"5ed5ca2f-9538-9161-65b7-f93cdfb1402f","mDistance":821.291,"mDuration":743296,"mEndTime":29434124,"mStartTime":28690828,"mType":1001},{"mActiveTime":623520,"mActiveTimeType":2,"mCalorie":125.06,"mCategory":204,"mDetailInfoId":"74232b9f-ec96-e0b3-c894-42d249465e32","mDistance":0.0,"mDuration":623520,"mEndTime":46624550,"mStartTime":46001030,"mType":11007}],"mAdaptiveGoal":0,"mIsGoalAchieved":false,"mIsMostActiveAchieved":false,"mMostActiveMinutes":0,"mStreakDayCount":0,"mUnitDataList":[{"distance":9.35,"mCalorie":0.45,"mOthersTime":0,"mRunTime":0,"mStartTime":4800000,"mTimeUnit":600000,"mWalkTime":8671,"runStep":0,"walkStep":13},{"distance":15.98,"mCalorie":1.0,"mOthersTime":0,"mRunTime":1200,"mStartTime":5400000,"mTimeUnit":600000,"mWalkTime":6670,"runStep":3,"walkStep":10},{"distance":9.04,"mCalorie":0.65,"mOthersTime":0,"mRunTime":400,"mStartTime":9600000,"mTimeUnit":600000,"mWalkTime":6670,"runStep":1,"walkStep":10},{"distance":12.141,"mCalorie":0.7,"mOthersTime":0,"mRunTime":800,"mStartTime":12600000,"mTimeUnit":600000,"mWalkTime":6670,"runStep":2,"walkStep":10},{"distance":48.1,"mCalorie":2.0900002,"mOthersTime":0,"mRunTime":0,"mStartTime":18600000,"mTimeUnit":600000,"mWalkTime":42021,"runStep":0,"walkStep":63},{"distance":138.45,"mCalorie":6.82,"mOthersTime":0,"mRunTime":0,"mStartTime":19200000,"mTimeUnit":600000,"mWalkTime":120060,"runStep":0,"walkStep":180},{"distance":37.03,"mCalorie":1.6800001,"mOthersTime":0,"mRunTime":0,"mStartTime":19800000,"mTimeUnit":600000,"mWalkTime":32683,"runStep":0,"walkStep":49},{"distance":59.62,"mCalorie":3.0600002,"mOthersTime":0,"mRunTime":0,"mStartTime":22200000,"mTimeUnit":600000,"mWalkTime":56028,"runStep":0,"walkStep":84},{"distance":26.949001,"mCalorie":1.38,"mOthersTime":0,"mRunTime":0,"mStartTime":22800000,"mTimeUnit":600000,"mWalkTime":25346,"runStep":0,"walkStep":38},{"distance":24.669998,"mCalorie":1.27,"mOthersTime":0,"mRunTime":0,"mStartTime":23400000,"mTimeUnit":600000,"mWalkTime":23345,"runStep":0,"walkStep":35},{"distance":24.640999,"mCalorie":1.08,"mOthersTime":0,"mRunTime":0,"mStartTime":24000000,"mTimeUnit":600000,"mWalkTime":21344,"runStep":0,"walkStep":32},{"distance":9.93,"mCalorie":0.45,"mOthersTime":0,"mRunTime":0,"mStartTime":25800000,"mTimeUnit":600000,"mWalkTime":8671,"runStep":0,"walkStep":13},{"distance":55.050003,"mCalorie":2.73,"mOthersTime":0,"mRunTime":0,"mStartTime":26400000,"mTimeUnit":600000,"mWalkTime":50692,"runStep":0,"walkStep":76},{"distance":78.450005,"mCalorie":4.11,"mOthersTime":0,"mRunTime":1200,"mStartTime":27000000,"mTimeUnit":600000,"mWalkTime":67367,"runStep":3,"walkStep":101},{"distance":54.75,"mCalorie":2.93,"mOthersTime":0,"mRunTime":3600,"mStartTime":27600000,"mTimeUnit":600000,"mWalkTime":36685,"runStep":9,"walkStep":55},{"distance":227.91052,"mCalorie":22.50871,"mOthersTime":0,"mRunTime":0,"mStartTime":28200000,"mTimeUnit":600000,"mWalkTime":216359,"runStep":0,"walkStep":322},{"distance":662.9588,"mCalorie":92.82978,"mOthersTime":0,"mRunTime":0,"mStartTime":28800000,"mTimeUnit":600000,"mWalkTime":600000,"runStep":0,"walkStep":973},{"distance":337.1661,"mCalorie":21.346546,"mOthersTime":0,"mRunTime":0,"mStartTime":29400000,"mTimeUnit":600000,"mWalkTime":293643,"runStep":0,"walkStep":418},{"distance":241.76,"mCalorie":12.579999,"mOthersTime":0,"mRunTime":0,"mStartTime":30000000,"mTimeUnit":600000,"mWalkTime":199373,"runStep":0,"walkStep":327},{"distance":69.32,"mCalorie":3.28,"mOthersTime":0,"mRunTime":0,"mStartTime":33000000,"mTimeUnit":600000,"mWalkTime":57362,"runStep":0,"walkStep":86},{"distance":27.600002,"mCalorie":1.56,"mOthersTime":0,"mRunTime":0,"mStartTime":33600000,"mTimeUnit":600000,"mWalkTime":26013,"runStep":0,"walkStep":39},{"distance":62.039,"mCalorie":3.2399998,"mOthersTime":0,"mRunTime":5600,"mStartTime":34200000,"mTimeUnit":600000,"mWalkTime":42021,"runStep":14,"walkStep":63},{"distance":61.781006,"mCalorie":3.23,"mOthersTime":0,"mRunTime":0,"mStartTime":34800000,"mTimeUnit":600000,"mWalkTime":57362,"runStep":0,"walkStep":86},{"distance":14.98,"mCalorie":0.6,"mOthersTime":0,"mRunTime":0,"mStartTime":35400000,"mTimeUnit":600000,"mWalkTime":12673,"runStep":0,"walkStep":19},{"distance":8.25,"mCalorie":0.32,"mOthersTime":0,"mRunTime":0,"mStartTime":36000000,"mTimeUnit":600000,"mWalkTime":6670,"runStep":0,"walkStep":10},{"distance":28.77,"mCalorie":1.4,"mOthersTime":0,"mRunTime":0,"mStartTime":36600000,"mTimeUnit":600000,"mWalkTime":25346,"runStep":0,"walkStep":38},{"distance":144.40001,"mCalorie":9.41,"mOthersTime":0,"mRunTime":5600,"mStartTime":37200000,"mTimeUnit":600000,"mWalkTime":136068,"runStep":14,"walkStep":204},{"distance":162.28,"mCalorie":8.27,"mOthersTime":0,"mRunTime":0,"mStartTime":37800000,"mTimeUnit":600000,"mWalkTime":146073,"runStep":0,"walkStep":219},{"distance":151.29,"mCalorie":8.62,"mOthersTime":0,"mRunTime":12400,"mStartTime":38400000,"mTimeUnit":600000,"mWalkTime":106053,"runStep":31,"walkStep":159},{"distance":83.46,"mCalorie":3.9600003,"mOthersTime":0,"mRunTime":0,"mStartTime":39000000,"mTimeUnit":600000,"mWalkTime":74037,"runStep":0,"walkStep":111},{"distance":22.070002,"mCalorie":1.11,"mOthersTime":0,"mRunTime":0,"mStartTime":39600000,"mTimeUnit":600000,"mWalkTime":20010,"runStep":0,"walkStep":30},{"distance":111.31001,"mCalorie":6.3599997,"mOthersTime":0,"mRunTime":5200,"mStartTime":41400000,"mTimeUnit":600000,"mWalkTime":86043,"runStep":13,"walkStep":129},{"distance":129.7,"mCalorie":6.3,"mOthersTime":0,"mRunTime":400,"mStartTime":42000000,"mTimeUnit":600000,"mWalkTime":117392,"runStep":1,"walkStep":176},{"distance":10.29,"mCalorie":0.46,"mOthersTime":0,"mRunTime":0,"mStartTime":43200000,"mTimeUnit":600000,"mWalkTime":9338,"runStep":0,"walkStep":14},{"distance":51.210003,"mCalorie":2.47,"mOthersTime":0,"mRunTime":0,"mStartTime":43800000,"mTimeUnit":600000,"mWalkTime":46023,"runStep":0,"walkStep":69},{"distance":30.47,"mCalorie":1.38,"mOthersTime":0,"mRunTime":0,"mStartTime":44400000,"mTimeUnit":600000,"mWalkTime":27347,"runStep":0,"walkStep":41},{"distance":46.86,"mCalorie":2.31,"mOthersTime":0,"mRunTime":0,"mStartTime":45000000,"mTimeUnit":600000,"mWalkTime":42021,"runStep":0,"walkStep":63},{"distance":125.336334,"mCalorie":47.304176,"mOthersTime":198970,"mRunTime":1200,"mStartTime":45600000,"mTimeUnit":600000,"mWalkTime":115867,"runStep":3,"walkStep":377},{"distance":0.0,"mCalorie":85.1524,"mOthersTime":424550,"mRunTime":0,"mStartTime":46200000,"mTimeUnit":600000,"mWalkTime":0,"runStep":0,"walkStep":282},{"distance":100.770004,"mCalorie":5.1,"mOthersTime":0,"mRunTime":0,"mStartTime":46800000,"mTimeUnit":600000,"mWalkTime":90712,"runStep":0,"walkStep":136},{"distance":36.72,"mCalorie":1.97,"mOthersTime":0,"mRunTime":0,"mStartTime":48000000,"mTimeUnit":600000,"mWalkTime":34017,"runStep":0,"walkStep":51},{"distance":11.97,"mCalorie":0.58000004,"mOthersTime":0,"mRunTime":0,"mStartTime":49200000,"mTimeUnit":600000,"mWalkTime":10672,"runStep":0,"walkStep":16},{"distance":31.44,"mCalorie":1.56,"mOthersTime":0,"mRunTime":0,"mStartTime":49800000,"mTimeUnit":600000,"mWalkTime":28681,"runStep":0,"walkStep":43},{"distance":81.46,"mCalorie":4.0299997,"mOthersTime":0,"mRunTime":0,"mStartTime":51000000,"mTimeUnit":600000,"mWalkTime":74037,"runStep":0,"walkStep":111},{"distance":217.3,"mCalorie":11.58,"mOthersTime":0,"mRunTime":0,"mStartTime":51600000,"mTimeUnit":600000,"mWalkTime":201434,"runStep":0,"walkStep":302},{"distance":40.949997,"mCalorie":1.98,"mOthersTime":0,"mRunTime":0,"mStartTime":52200000,"mTimeUnit":600000,"mWalkTime":36685,"runStep":0,"walkStep":55},{"distance":74.811005,"mCalorie":4.04,"mOthersTime":0,"mRunTime":0,"mStartTime":56400000,"mTimeUnit":600000,"mWalkTime":68034,"runStep":0,"walkStep":102},{"distance":185.66,"mCalorie":9.780001,"mOthersTime":0,"mRunTime":0,"mStartTime":57000000,"mTimeUnit":600000,"mWalkTime":178756,"runStep":0,"walkStep":268},{"distance":187.13899,"mCalorie":9.910001,"mOthersTime":0,"mRunTime":1200,"mStartTime":57600000,"mTimeUnit":600000,"mWalkTime":162748,"runStep":3,"walkStep":244},{"distance":90.509995,"mCalorie":4.62,"mOthersTime":0,"mRunTime":0,"mStartTime":58200000,"mTimeUnit":600000,"mWalkTime":82041,"runStep":0,"walkStep":123},{"distance":195.65002,"mCalorie":10.47,"mOthersTime":0,"mRunTime":0,"mStartTime":58800000,"mTimeUnit":600000,"mWalkTime":174724,"runStep":0,"walkStep":268},{"distance":238.42001,"mCalorie":12.7699995,"mOthersTime":0,"mRunTime":0,"mStartTime":59400000,"mTimeUnit":600000,"mWalkTime":220777,"runStep":0,"walkStep":331},{"distance":351.38,"mCalorie":17.989998,"mOthersTime":0,"mRunTime":0,"mStartTime":60000000,"mTimeUnit":600000,"mWalkTime":296088,"runStep":0,"walkStep":472},{"distance":19.1,"mCalorie":1.04,"mOthersTime":0,"mRunTime":0,"mStartTime":60600000,"mTimeUnit":600000,"mWalkTime":18009,"runStep":0,"walkStep":27},{"distance":38.33,"mCalorie":1.89,"mOthersTime":0,"mRunTime":0,"mStartTime":61200000,"mTimeUnit":600000,"mWalkTime":35351,"runStep":0,"walkStep":53},{"distance":58.120003,"mCalorie":3.1799998,"mOthersTime":0,"mRunTime":0,"mStartTime":62400000,"mTimeUnit":600000,"mWalkTime":53360,"runStep":0,"walkStep":80},{"distance":220.01001,"mCalorie":11.49,"mOthersTime":0,"mRunTime":400,"mStartTime":63000000,"mTimeUnit":600000,"mWalkTime":187397,"runStep":1,"walkStep":295},{"distance":72.86,"mCalorie":3.52,"mOthersTime":0,"mRunTime":0,"mStartTime":64200000,"mTimeUnit":600000,"mWalkTime":66033,"runStep":0,"walkStep":99},{"distance":6.79,"mCalorie":0.43,"mOthersTime":0,"mRunTime":0,"mStartTime":64800000,"mTimeUnit":600000,"mWalkTime":6670,"runStep":0,"walkStep":10},{"distance":8.66,"mCalorie":0.36,"mOthersTime":0,"mRunTime":0,"mStartTime":68400000,"mTimeUnit":600000,"mWalkTime":7337,"runStep":0,"walkStep":11},{"distance":16.26,"mCalorie":0.81,"mOthersTime":0,"mRunTime":400,"mStartTime":69000000,"mTimeUnit":600000,"mWalkTime":12673,"runStep":1,"walkStep":19},{"distance":107.161,"mCalorie":5.4,"mOthersTime":0,"mRunTime":0,"mStartTime":69600000,"mTimeUnit":600000,"mWalkTime":102051,"runStep":0,"walkStep":153},{"distance":32.32,"mCalorie":1.67,"mOthersTime":0,"mRunTime":0,"mStartTime":70200000,"mTimeUnit":600000,"mWalkTime":29348,"runStep":0,"walkStep":44},{"distance":121.86,"mCalorie":6.1099997,"mOthersTime":0,"mRunTime":400,"mStartTime":70800000,"mTimeUnit":600000,"mWalkTime":107387,"runStep":1,"walkStep":161},{"distance":17.48,"mCalorie":0.97,"mOthersTime":0,"mRunTime":0,"mStartTime":71400000,"mTimeUnit":600000,"mWalkTime":16008,"runStep":0,"walkStep":24},{"distance":42.0,"mCalorie":2.1499999,"mOthersTime":0,"mRunTime":0,"mStartTime":72000000,"mTimeUnit":600000,"mWalkTime":38019,"runStep":0,"walkStep":57},{"distance":7.33,"mCalorie":0.38,"mOthersTime":0,"mRunTime":0,"mStartTime":73200000,"mTimeUnit":600000,"mWalkTime":6670,"runStep":0,"walkStep":10},{"distance":42.670002,"mCalorie":2.29,"mOthersTime":0,"mRunTime":0,"mStartTime":75600000,"mTimeUnit":600000,"mWalkTime":39353,"runStep":0,"walkStep":59},{"distance":76.729996,"mCalorie":4.22,"mOthersTime":0,"mRunTime":0,"mStartTime":76200000,"mTimeUnit":600000,"mWalkTime":80040,"runStep":0,"walkStep":120},{"distance":121.96001,"mCalorie":6.48,"mOthersTime":0,"mRunTime":0,"mStartTime":76800000,"mTimeUnit":600000,"mWalkTime":112723,"runStep":0,"walkStep":169},{"distance":46.229996,"mCalorie":2.42,"mOthersTime":0,"mRunTime":0,"mStartTime":78000000,"mTimeUnit":600000,"mWalkTime":42688,"runStep":0,"walkStep":64},{"distance":10.17,"mCalorie":0.46,"mOthersTime":0,"mRunTime":400,"mStartTime":78600000,"mTimeUnit":600000,"mWalkTime":6670,"runStep":1,"walkStep":10},{"distance":111.29,"mCalorie":5.7700005,"mOthersTime":0,"mRunTime":0,"mStartTime":79800000,"mTimeUnit":600000,"mWalkTime":102051,"runStep":0,"walkStep":153},{"distance":78.21001,"mCalorie":4.08,"mOthersTime":0,"mRunTime":0,"mStartTime":80400000,"mTimeUnit":600000,"mWalkTime":71369,"runStep":0,"walkStep":107},{"distance":27.601,"mCalorie":1.59,"mOthersTime":0,"mRunTime":3200,"mStartTime":81000000,"mTimeUnit":600000,"mWalkTime":13340,"runStep":8,"walkStep":20}],"version":1}