{"mAdaptiveGoal":0,"mIsGoalAchieved":false,"mIsMostActiveAchieved":false,"mMostActiveMinutes":0,"mStreakDayCount":0,"mUnitDataList":[{"distance":21.23,"mCalorie":0.92999995,"mOthersTime":0,"mRunTime":0,"mStartTime":11400000,"mTimeUnit":600000,"mWalkTime":18009,"runStep":0,"walkStep":27},{"distance":54.67,"mCalorie":2.5300002,"mOthersTime":0,"mRunTime":0,"mStartTime":23400000,"mTimeUnit":600000,"mWalkTime":49358,"runStep":0,"walkStep":74},{"distance":27.29,"mCalorie":1.52,"mOthersTime":0,"mRunTime":800,"mStartTime":24000000,"mTimeUnit":600000,"mWalkTime":22678,"runStep":2,"walkStep":34},{"distance":63.39,"mCalorie":3.23,"mOthersTime":0,"mRunTime":1200,"mStartTime":24600000,"mTimeUnit":600000,"mWalkTime":60030,"runStep":3,"walkStep":90},{"distance":40.989998,"mCalorie":1.9200001,"mOthersTime":0,"mRunTime":0,"mStartTime":25200000,"mTimeUnit":600000,"mWalkTime":36685,"runStep":0,"walkStep":55},{"distance":27.63,"mCalorie":1.4,"mOthersTime":0,"mRunTime":0,"mStartTime":27600000,"mTimeUnit":600000,"mWalkTime":25346,"runStep":0,"walkStep":38},{"distance":42.870003,"mCalorie":2.27,"mOthersTime":0,"mRunTime":0,"mStartTime":28200000,"mTimeUnit":600000,"mWalkTime":40687,"runStep":0,"walkStep":61},{"distance":114.44,"mCalorie":7.2000003,"mOthersTime":0,"mRunTime":0,"mStartTime":28800000,"mTimeUnit":600000,"mWalkTime":114724,"runStep":0,"walkStep":172},{"distance":18.23,"mCalorie":1.05,"mOthersTime":0,"mRunTime":0,"mStartTime":36000000,"mTimeUnit":600000,"mWalkTime":17342,"runStep":0,"walkStep":26},{"distance":22.05,"mCalorie":0.83,"mOthersTime":0,"mRunTime":0,"mStartTime":36600000,"mTimeUnit":600000,"mWalkTime":18676,"runStep":0,"walkStep":28},{"distance":46.760002,"mCalorie":2.9,"mOthersTime":0,"mRunTime":0,"mStartTime":37200000,"mTimeUnit":600000,"mWalkTime":45356,"runStep":0,"walkStep":68},{"distance":5.53,"mCalorie":0.24,"mOthersTime":0,"mRunTime":0,"mStartTime":37800000,"mTimeUnit":600000,"mWalkTime":4669,"runStep":0,"walkStep":7},{"distance":4.21,"mCalorie":0.22,"mOthersTime":0,"mRunTime":0,"mStartTime":38400000,"mTimeUnit":600000,"mWalkTime":4002,"runStep":0,"walkStep":6},{"distance":57.1,"mCalorie":2.79,"mOthersTime":0,"mRunTime":800,"mStartTime":41400000,"mTimeUnit":600000,"mWalkTime":47357,"runStep":2,"walkStep":71},{"distance":19.44,"mCalorie":1.22,"mOthersTime":0,"mRunTime":800,"mStartTime":42600000,"mTimeUnit":600000,"mWalkTime":16008,"runStep":2,"walkStep":24},{"distance":83.97,"mCalorie":4.5,"mOthersTime":0,"mRunTime":0,"mStartTime":43200000,"mTimeUnit":600000,"mWalkTime":81374,"runStep":0,"walkStep":122},{"distance":100.009995,"mCalorie":5.3399997,"mOthersTime":0,"mRunTime":0,"mStartTime":43800000,"mTimeUnit":600000,"mWalkTime":92046,"runStep":0,"walkStep":138},{"distance":36.98,"mCalorie":1.89,"mOthersTime":0,"mRunTime":0,"mStartTime":44400000,"mTimeUnit":600000,"mWalkTime":33350,"runStep":0,"walkStep":50},{"distance":125.73,"mCalorie":6.21,"mOthersTime":0,"mRunTime":0,"mStartTime":46200000,"mTimeUnit":600000,"mWalkTime":111389,"runStep":0,"walkStep":167},{"distance":43.77,"mCalorie":2.02,"mOthersTime":0,"mRunTime":0,"mStartTime":46800000,"mTimeUnit":600000,"mWalkTime":38019,"runStep":0,"walkStep":57},{"distance":45.11,"mCalorie":2.36,"mOthersTime":0,"mRunTime":0,"mStartTime":47400000,"mTimeUnit":600000,"mWalkTime":42021,"runStep":0,"walkStep":63},{"distance":14.43,"mCalorie":0.63,"mOthersTime":0,"mRunTime":0,"mStartTime":48000000,"mTimeUnit":600000,"mWalkTime":13340,"runStep":0,"walkStep":20},{"distance":65.05,"mCalorie":2.93,"mOthersTime":0,"mRunTime":0,"mStartTime":49200000,"mTimeUnit":600000,"mWalkTime":57362,"runStep":0,"walkStep":86},{"distance":43.92,"mCalorie":2.3899999,"mOthersTime":0,"mRunTime":0,"mStartTime":49800000,"mTimeUnit":600000,"mWalkTime":40020,"runStep":0,"walkStep":60},{"distance":26.09,"mCalorie":1.27,"mOthersTime":0,"mRunTime":0,"mStartTime":50400000,"mTimeUnit":600000,"mWalkTime":24012,"runStep":0,"walkStep":36},{"distance":59.32,"mCalorie":2.83,"mOthersTime":0,"mRunTime":400,"mStartTime":51000000,"mTimeUnit":600000,"mWalkTime":51359,"runStep":1,"walkStep":77},{"distance":30.8,"mCalorie":1.7,"mOthersTime":0,"mRunTime":0,"mStartTime":51600000,"mTimeUnit":600000,"mWalkTime":28014,"runStep":0,"walkStep":42},{"distance":11.42,"mCalorie":0.8,"mOthersTime":0,"mRunTime":800,"mStartTime":52800000,"mTimeUnit":600000,"mWalkTime":7337,"runStep":2,"walkStep":11},{"distance":26.74,"mCalorie":1.28,"mOthersTime":0,"mRunTime":0,"mStartTime":53400000,"mTimeUnit":600000,"mWalkTime":23345,"runStep":0,"walkStep":35},{"distance":37.55,"mCalorie":1.95,"mOthersTime":0,"mRunTime":0,"mStartTime":54000000,"mTimeUnit":600000,"mWalkTime":34684,"runStep":0,"walkStep":52},{"distance":19.41,"mCalorie":1.02,"mOthersTime":0,"mRunTime":1200,"mStartTime":54600000,"mTimeUnit":600000,"mWalkTime":13340,"runStep":3,"walkStep":20},{"distance":87.89,"mCalorie":4.43,"mOthersTime":0,"mRunTime":1200,"mStartTime":55200000,"mTimeUnit":600000,"mWalkTime":74037,"runStep":3,"walkStep":111},{"distance":26.439999,"mCalorie":1.4,"mOthersTime":0,"mRunTime":0,"mStartTime":55800000,"mTimeUnit":600000,"mWalkTime":23345,"runStep":0,"walkStep":35},{"distance":20.149998,"mCalorie":1.0200001,"mOthersTime":0,"mRunTime":0,"mStartTime":57000000,"mTimeUnit":600000,"mWalkTime":18009,"runStep":0,"walkStep":27},{"distance":30.39,"mCalorie":1.5899999,"mOthersTime":0,"mRunTime":0,"mStartTime":58800000,"mTimeUnit":600000,"mWalkTime":27347,"runStep":0,"walkStep":41},{"distance":245.08,"mCalorie":13.61,"mOthersTime":0,"mRunTime":0,"mStartTime":59400000,"mTimeUnit":600000,"mWalkTime":226720,"runStep":0,"walkStep":358},{"distance":303.06,"mCalorie":15.120001,"mOthersTime":0,"mRunTime":0,"mStartTime":60000000,"mTimeUnit":600000,"mWalkTime":248064,"runStep":0,"walkStep":409},{"distance":23.02,"mCalorie":1.21,"mOthersTime":0,"mRunTime":0,"mStartTime":61200000,"mTimeUnit":600000,"mWalkTime":21344,"runStep":0,"walkStep":32},{"distance":380.31,"mCalorie":22.25,"mOthersTime":0,"mRunTime":0,"mStartTime":61800000,"mTimeUnit":600000,"mWalkTime":323375,"runStep":0,"walkStep":533},{"distance":71.78,"mCalorie":3.78,"mOthersTime":0,"mRunTime":2400,"mStartTime":62400000,"mTimeUnit":600000,"mWalkTime":58696,"runStep":6,"walkStep":88},{"distance":101.35,"mCalorie":5.55,"mOthersTime":0,"mRunTime":400,"mStartTime":66600000,"mTimeUnit":600000,"mWalkTime":101384,"runStep":1,"walkStep":152},{"distance":142.74998,"mCalorie":6.92,"mOthersTime":0,"mRunTime":0,"mStartTime":67200000,"mTimeUnit":600000,"mWalkTime":128064,"runStep":0,"walkStep":192},{"distance":27.369999,"mCalorie":1.46,"mOthersTime":0,"mRunTime":0,"mStartTime":67800000,"mTimeUnit":600000,"mWalkTime":25346,"runStep":0,"walkStep":38},{"distance":9.6,"mCalorie":0.46,"mOthersTime":0,"mRunTime":0,"mStartTime":68400000,"mTimeUnit":600000,"mWalkTime":7337,"runStep":0,"walkStep":11},{"distance":36.02,"mCalorie":2.2,"mOthersTime":0,"mRunTime":0,"mStartTime":69600000,"mTimeUnit":600000,"mWalkTime":30682,"runStep":0,"walkStep":46},{"distance":93.21,"mCalorie":4.88,"mOthersTime":0,"mRunTime":0,"mStartTime":70200000,"mTimeUnit":600000,"mWalkTime":84042,"runStep":0,"walkStep":126},{"distance":64.86,"mCalorie":3.19,"mOthersTime":0,"mRunTime":800,"mStartTime":70800000,"mTimeUnit":600000,"mWalkTime":52026,"runStep":2,"walkStep":78},{"distance":8.019999,"mCalorie":0.41999996,"mOthersTime":0,"mRunTime":0,"mStartTime":78000000,"mTimeUnit":600000,"mWalkTime":7337,"runStep":0,"walkStep":11},{"distance":78.08,"mCalorie":3.8500001,"mOthersTime":0,"mRunTime":0,"mStartTime":78600000,"mTimeUnit":600000,"mWalkTime":71369,"runStep":0,"walkStep":107},{"distance":16.82,"mCalorie":1.28,"mOthersTime":0,"mRunTime":800,"mStartTime":79200000,"mTimeUnit":600000,"mWalkTime":13340,"runStep":2,"walkStep":20}],"version":1}