{"mAdaptiveGoal":0,"mIsGoalAchieved":false,"mIsMostActiveAchieved":false,"mMostActiveMinutes":0,"mStreakDayCount":0,"mUnitDataList":[{"distance":11.7,"mCalorie":0.51,"mOthersTime":0,"mRunTime":0,"mStartTime":13200000,"mTimeUnit":600000,"mWalkTime":10005,"runStep":0,"walkStep":15},{"distance":44.929,"mCalorie":2.1399999,"mOthersTime":0,"mRunTime":0,"mStartTime":17400000,"mTimeUnit":600000,"mWalkTime":40687,"runStep":0,"walkStep":61},{"distance":104.270004,"mCalorie":5.7699995,"mOthersTime":0,"mRunTime":4000,"mStartTime":18000000,"mTimeUnit":600000,"mWalkTime":92713,"runStep":10,"walkStep":139},{"distance":447.25,"mCalorie":24.86,"mOthersTime":0,"mRunTime":0,"mStartTime":18600000,"mTimeUnit":600000,"mWalkTime":369368,"runStep":0,"walkStep":620},{"distance":8.5,"mCalorie":0.46,"mOthersTime":0,"mRunTime":0,"mStartTime":20400000,"mTimeUnit":600000,"mWalkTime":8004,"runStep":0,"walkStep":12},{"distance":416.86105,"mCalorie":22.680002,"mOthersTime":0,"mRunTime":0,"mStartTime":21000000,"mTimeUnit":600000,"mWalkTime":353420,"runStep":0,"walkStep":580},{"distance":121.3,"mCalorie":6.21,"mOthersTime":0,"mRunTime":0,"mStartTime":21600000,"mTimeUnit":600000,"mWalkTime":112056,"runStep":0,"walkStep":168},{"distance":8.62,"mCalorie":0.5,"mOthersTime":0,"mRunTime":0,"mStartTime":22200000,"mTimeUnit":600000,"mWalkTime":6670,"runStep":0,"walkStep":10},{"distance":15.71,"mCalorie":0.74,"mOthersTime":0,"mRunTime":0,"mStartTime":29400000,"mTimeUnit":600000,"mWalkTime":14007,"runStep":0,"walkStep":21},{"distance":8.53,"mCalorie":0.39,"mOthersTime":0,"mRunTime":0,"mStartTime":33600000,"mTimeUnit":600000,"mWalkTime":7337,"runStep":0,"walkStep":11},{"distance":47.42,"mCalorie":2.73,"mOthersTime":0,"mRunTime":1600,"mStartTime":34200000,"mTimeUnit":600000,"mWalkTime":36685,"runStep":4,"walkStep":55},{"distance":40.199997,"mCalorie":1.73,"mOthersTime":0,"mRunTime":0,"mStartTime":35400000,"mTimeUnit":600000,"mWalkTime":35351,"runStep":0,"walkStep":53},{"distance":21.51,"mCalorie":1.23,"mOthersTime":0,"mRunTime":1200,"mStartTime":37200000,"mTimeUnit":600000,"mWalkTime":16675,"runStep":3,"walkStep":25},{"distance":17.6,"mCalorie":0.92999995,"mOthersTime":0,"mRunTime":0,"mStartTime":37800000,"mTimeUnit":600000,"mWalkTime":16675,"runStep":0,"walkStep":25},{"distance":18.31,"mCalorie":0.9,"mOthersTime":0,"mRunTime":0,"mStartTime":38400000,"mTimeUnit":600000,"mWalkTime":16675,"runStep":0,"walkStep":25},{"distance":105.01,"mCalorie":5.24,"mOthersTime":0,"mRunTime":0,"mStartTime":39000000,"mTimeUnit":600000,"mWalkTime":97382,"runStep":0,"walkStep":146},{"distance":151.3,"mCalorie":8.04,"mOthersTime":0,"mRunTime":1600,"mStartTime":39600000,"mTimeUnit":600000,"mWalkTime":137402,"runStep":4,"walkStep":206},{"distance":221.74901,"mCalorie":10.919999,"mOthersTime":0,"mRunTime":2800,"mStartTime":40200000,"mTimeUnit":600000,"mWalkTime":193430,"runStep":7,"walkStep":290},{"distance":245.94,"mCalorie":12.26,"mOthersTime":0,"mRunTime":0,"mStartTime":40800000,"mTimeUnit":600000,"mWalkTime":226113,"runStep":0,"walkStep":339},{"distance":115.478,"mCalorie":6.51,"mOthersTime":0,"mRunTime":8400,"mStartTime":41400000,"mTimeUnit":600000,"mWalkTime":79373,"runStep":21,"walkStep":119},{"distance":106.462,"mCalorie":5.58,"mOthersTime":0,"mRunTime":4400,"mStartTime":42000000,"mTimeUnit":600000,"mWalkTime":78039,"runStep":11,"walkStep":117},{"distance":25.94,"mCalorie":1.29,"mOthersTime":0,"mRunTime":0,"mStartTime":42600000,"mTimeUnit":600000,"mWalkTime":24012,"runStep":0,"walkStep":36},{"distance":63.32,"mCalorie":3.29,"mOthersTime":0,"mRunTime":0,"mStartTime":43200000,"mTimeUnit":600000,"mWalkTime":58696,"runStep":0,"walkStep":88},{"distance":10.15,"mCalorie":0.5,"mOthersTime":0,"mRunTime":400,"mStartTime":44400000,"mTimeUnit":600000,"mWalkTime":7337,"runStep":1,"walkStep":11},{"distance":27.42,"mCalorie":1.38,"mOthersTime":0,"mRunTime":0,"mStartTime":45000000,"mTimeUnit":600000,"mWalkTime":25346,"runStep":0,"walkStep":38},{"distance":138.691,"mCalorie":6.7699995,"mOthersTime":0,"mRunTime":800,"mStartTime":45600000,"mTimeUnit":600000,"mWalkTime":121394,"runStep":2,"walkStep":182},{"distance":190.32999,"mCalorie":9.940001,"mOthersTime":0,"mRunTime":0,"mStartTime":46200000,"mTimeUnit":600000,"mWalkTime":159353,"runStep":0,"walkStep":254},{"distance":193.10999,"mCalorie":9.18,"mOthersTime":0,"mRunTime":0,"mStartTime":46800000,"mTimeUnit":600000,"mWalkTime":160050,"runStep":0,"walkStep":254},{"distance":130.43001,"mCalorie":6.8599997,"mOthersTime":0,"mRunTime":0,"mStartTime":47400000,"mTimeUnit":600000,"mWalkTime":108691,"runStep":0,"walkStep":173},{"distance":32.0,"mCalorie":1.53,"mOthersTime":0,"mRunTime":0,"mStartTime":48000000,"mTimeUnit":600000,"mWalkTime":28681,"runStep":0,"walkStep":43},{"distance":215.20998,"mCalorie":11.58,"mOthersTime":0,"mRunTime":0,"mStartTime":49800000,"mTimeUnit":600000,"mWalkTime":197432,"runStep":0,"walkStep":296},{"distance":22.86,"mCalorie":1.16,"mOthersTime":0,"mRunTime":0,"mStartTime":50400000,"mTimeUnit":600000,"mWalkTime":20677,"runStep":0,"walkStep":31},{"distance":152.81,"mCalorie":7.8599997,"mOthersTime":0,"mRunTime":0,"mStartTime":52800000,"mTimeUnit":600000,"mWalkTime":141404,"runStep":0,"walkStep":212},{"distance":167.34,"mCalorie":8.75,"mOthersTime":0,"mRunTime":0,"mStartTime":53400000,"mTimeUnit":600000,"mWalkTime":143375,"runStep":0,"walkStep":226},{"distance":436.25,"mCalorie":21.82,"mOthersTime":0,"mRunTime":0,"mStartTime":54000000,"mTimeUnit":600000,"mWalkTime":374097,"runStep":0,"walkStep":589},{"distance":18.1,"mCalorie":0.88,"mOthersTime":0,"mRunTime":0,"mStartTime":54600000,"mTimeUnit":600000,"mWalkTime":16008,"runStep":0,"walkStep":24},{"distance":63.9,"mCalorie":3.1399999,"mOthersTime":0,"mRunTime":1600,"mStartTime":55200000,"mTimeUnit":600000,"mWalkTime":54694,"runStep":4,"walkStep":82},{"distance":26.261002,"mCalorie":1.19,"mOthersTime":0,"mRunTime":0,"mStartTime":55800000,"mTimeUnit":600000,"mWalkTime":24012,"runStep":0,"walkStep":36},{"distance":20.07,"mCalorie":0.99,"mOthersTime":0,"mRunTime":0,"mStartTime":56400000,"mTimeUnit":600000,"mWalkTime":18676,"runStep":0,"walkStep":28},{"distance":72.380005,"mCalorie":3.8200002,"mOthersTime":0,"mRunTime":5200,"mStartTime":57000000,"mTimeUnit":600000,"mWalkTime":52026,"runStep":13,"walkStep":78},{"distance":22.02,"mCalorie":1.31,"mOthersTime":0,"mRunTime":0,"mStartTime":57600000,"mTimeUnit":600000,"mWalkTime":19343,"runStep":0,"walkStep":29},{"distance":29.66,"mCalorie":1.31,"mOthersTime":0,"mRunTime":0,"mStartTime":62400000,"mTimeUnit":600000,"mWalkTime":26013,"runStep":0,"walkStep":39},{"distance":95.15999,"mCalorie":5.12,"mOthersTime":0,"mRunTime":3200,"mStartTime":63600000,"mTimeUnit":600000,"mWalkTime":74704,"runStep":8,"walkStep":112},{"distance":18.96,"mCalorie":1.13,"mOthersTime":0,"mRunTime":0,"mStartTime":64200000,"mTimeUnit":600000,"mWalkTime":18676,"runStep":0,"walkStep":28},{"distance":10.42,"mCalorie":0.48,"mOthersTime":0,"mRunTime":0,"mStartTime":65400000,"mTimeUnit":600000,"mWalkTime":9338,"runStep":0,"walkStep":14},{"distance":13.87,"mCalorie":0.96,"mOthersTime":0,"mRunTime":0,"mStartTime":67200000,"mTimeUnit":600000,"mWalkTime":13340,"runStep":0,"walkStep":20},{"distance":9.49,"mCalorie":0.59,"mOthersTime":0,"mRunTime":0,"mStartTime":67800000,"mTimeUnit":600000,"mWalkTime":9338,"runStep":0,"walkStep":14},{"distance":52.98,"mCalorie":2.77,"mOthersTime":0,"mRunTime":800,"mStartTime":70800000,"mTimeUnit":600000,"mWalkTime":44022,"runStep":2,"walkStep":66},{"distance":39.047997,"mCalorie":2.19,"mOthersTime":0,"mRunTime":1600,"mStartTime":71400000,"mTimeUnit":600000,"mWalkTime":30682,"runStep":4,"walkStep":46},{"distance":12.921,"mCalorie":0.73,"mOthersTime":0,"mRunTime":0,"mStartTime":72000000,"mTimeUnit":600000,"mWalkTime":12006,"runStep":0,"walkStep":18},{"distance":69.36,"mCalorie":4.14,"mOthersTime":0,"mRunTime":0,"mStartTime":72600000,"mTimeUnit":600000,"mWalkTime":74704,"runStep":0,"walkStep":112},{"distance":394.52,"mCalorie":21.330002,"mOthersTime":0,"mRunTime":0,"mStartTime":73200000,"mTimeUnit":600000,"mWalkTime":332683,"runStep":0,"walkStep":548},{"distance":67.53,"mCalorie":3.3500001,"mOthersTime":0,"mRunTime":0,"mStartTime":73800000,"mTimeUnit":600000,"mWalkTime":61364,"runStep":0,"walkStep":92},{"distance":399.63,"mCalorie":20.599998,"mOthersTime":0,"mRunTime":0,"mStartTime":75600000,"mTimeUnit":600000,"mWalkTime":334047,"runStep":0,"walkStep":543},{"distance":60.04,"mCalorie":3.7199998,"mOthersTime":0,"mRunTime":400,"mStartTime":76200000,"mTimeUnit":600000,"mWalkTime":59363,"runStep":1,"walkStep":89},{"distance":5.99,"mCalorie":0.29,"mOthersTime":0,"mRunTime":0,"mStartTime":76800000,"mTimeUnit":600000,"mWalkTime":5336,"runStep":0,"walkStep":8},{"distance":45.248,"mCalorie":2.16,"mOthersTime":0,"mRunTime":0,"mStartTime":77400000,"mTimeUnit":600000,"mWalkTime":40687,"runStep":0,"walkStep":61},{"distance":60.101997,"mCalorie":3.0,"mOthersTime":0,"mRunTime":0,"mStartTime":78600000,"mTimeUnit":600000,"mWalkTime":55361,"runStep":0,"walkStep":83},{"distance":545.552,"mCalorie":26.870003,"mOthersTime":0,"mRunTime":7968,"mStartTime":79200000,"mTimeUnit":600000,"mWalkTime":402724,"runStep":24,"walkStep":703},{"distance":65.630005,"mCalorie":3.41,"mOthersTime":0,"mRunTime":0,"mStartTime":79800000,"mTimeUnit":600000,"mWalkTime":58029,"runStep":0,"walkStep":87},{"distance":8.4,"mCalorie":0.42,"mOthersTime":0,"mRunTime":0,"mStartTime":81000000,"mTimeUnit":600000,"mWalkTime":8004,"runStep":0,"walkStep":12},{"distance":293.87,"mCalorie":13.96,"mOthersTime":0,"mRunTime":3122,"mStartTime":81600000,"mTimeUnit":600000,"mWalkTime":224902,"runStep":9,"walkStep":390},{"distance":258.119,"mCalorie":12.169999,"mOthersTime":0,"mRunTime":2622,"mStartTime":82200000,"mTimeUnit":600000,"mWalkTime":190051,"runStep":8,"walkStep":327},{"distance":73.07,"mCalorie":4.1,"mOthersTime":0,"mRunTime":2400,"mStartTime":82800000,"mTimeUnit":600000,"mWalkTime":59363,"runStep":6,"walkStep":89}],"version":1}