{"mActivityList":[{"mActiveTime":613280,"mActiveTimeType":2,"mCalorie":75.02,"mCategory":204,"mDetailInfoId":"770f3cca-48d8-4b60-bc3a-502c2001a527","mDistance":0.0,"mDuration":613280,"mEndTime":25329442,"mStartTime":24716162,"mType":11007},{"mActiveTime":600000,"mActiveTimeType":2,"mCalorie":88.27,"mCategory":204,"mDetailInfoId":"e833bb9e-3eeb-4fd4-9569-b15269206b97","mDistance":0.0,"mDuration":600000,"mEndTime":60950676,"mStartTime":60350676,"mType":11007}],"mAdaptiveGoal":0,"mIsGoalAchieved":false,"mIsMostActiveAchieved":false,"mMostActiveMinutes":0,"mStreakDayCount":0,"mUnitDataList":[{"distance":15.42,"mCalorie":0.7,"mOthersTime":0,"mRunTime":0,"mStartTime":600000,"mTimeUnit":600000,"mWalkTime":13340,"runStep":0,"walkStep":20},{"distance":25.79,"mCalorie":1.1700001,"mOthersTime":0,"mRunTime":0,"mStartTime":7200000,"mTimeUnit":600000,"mWalkTime":21344,"runStep":0,"walkStep":32},{"distance":7.46,"mCalorie":0.37,"mOthersTime":0,"mRunTime":0,"mStartTime":18000000,"mTimeUnit":600000,"mWalkTime":6670,"runStep":0,"walkStep":10},{"distance":69.71,"mCalorie":3.5199997,"mOthersTime":0,"mRunTime":0,"mStartTime":18600000,"mTimeUnit":600000,"mWalkTime":63365,"runStep":0,"walkStep":95},{"distance":245.48,"mCalorie":14.23,"mOthersTime":0,"mRunTime":0,"mStartTime":19200000,"mTimeUnit":600000,"mWalkTime":242121,"runStep":0,"walkStep":363},{"distance":140.479,"mCalorie":7.63,"mOthersTime":0,"mRunTime":0,"mStartTime":19800000,"mTimeUnit":600000,"mWalkTime":123365,"runStep":0,"walkStep":192},{"distance":7.55,"mCalorie":0.57,"mOthersTime":0,"mRunTime":0,"mStartTime":20400000,"mTimeUnit":600000,"mWalkTime":7337,"runStep":0,"walkStep":11},{"distance":20.86,"mCalorie":1.11,"mOthersTime":0,"mRunTime":0,"mStartTime":21600000,"mTimeUnit":600000,"mWalkTime":19343,"runStep":0,"walkStep":29},{"distance":234.31999,"mCalorie":17.31,"mOthersTime":0,"mRunTime":0,"mStartTime":22200000,"mTimeUnit":600000,"mWalkTime":226780,"runStep":0,"walkStep":340},{"distance":34.77,"mCalorie":1.8499999,"mOthersTime":0,"mRunTime":0,"mStartTime":22800000,"mTimeUnit":600000,"mWalkTime":32683,"runStep":0,"walkStep":49},{"distance":163.04999,"mCalorie":7.95,"mOthersTime":0,"mRunTime":0,"mStartTime":23400000,"mTimeUnit":600000,"mWalkTime":145406,"runStep":0,"walkStep":218},{"distance":107.759995,"mCalorie":5.3,"mOthersTime":0,"mRunTime":0,"mStartTime":24000000,"mTimeUnit":600000,"mWalkTime":97382,"runStep":0,"walkStep":146},{"distance":36.75038,"mCalorie":61.053143,"mOthersTime":483838,"mRunTime":0,"mStartTime":24600000,"mTimeUnit":600000,"mWalkTime":33687,"runStep":0,"walkStep":385},{"distance":139.47191,"mCalorie":22.755463,"mOthersTime":129442,"mRunTime":0,"mStartTime":25200000,"mTimeUnit":600000,"mWalkTime":129485,"runStep":0,"walkStep":303},{"distance":46.65,"mCalorie":2.171,"mOthersTime":0,"mRunTime":0,"mStartTime":25800000,"mTimeUnit":600000,"mWalkTime":41354,"runStep":0,"walkStep":62},{"distance":85.0,"mCalorie":3.9999995,"mOthersTime":0,"mRunTime":0,"mStartTime":30600000,"mTimeUnit":600000,"mWalkTime":74704,"runStep":0,"walkStep":112},{"distance":7.74,"mCalorie":0.38,"mOthersTime":0,"mRunTime":0,"mStartTime":31800000,"mTimeUnit":600000,"mWalkTime":7337,"runStep":0,"walkStep":11},{"distance":26.03,"mCalorie":1.86,"mOthersTime":0,"mRunTime":400,"mStartTime":33600000,"mTimeUnit":600000,"mWalkTime":21344,"runStep":1,"walkStep":32},{"distance":21.51,"mCalorie":0.99,"mOthersTime":0,"mRunTime":0,"mStartTime":34200000,"mTimeUnit":600000,"mWalkTime":17342,"runStep":0,"walkStep":26},{"distance":15.0,"mCalorie":0.76,"mOthersTime":0,"mRunTime":0,"mStartTime":34800000,"mTimeUnit":600000,"mWalkTime":14007,"runStep":0,"walkStep":21},{"distance":100.602,"mCalorie":4.5889997,"mOthersTime":0,"mRunTime":800,"mStartTime":35400000,"mTimeUnit":600000,"mWalkTime":83375,"runStep":2,"walkStep":125},{"distance":56.839996,"mCalorie":3.24,"mOthersTime":0,"mRunTime":1200,"mStartTime":36000000,"mTimeUnit":600000,"mWalkTime":46690,"runStep":3,"walkStep":70},{"distance":95.09001,"mCalorie":5.25,"mOthersTime":0,"mRunTime":0,"mStartTime":36600000,"mTimeUnit":600000,"mWalkTime":94047,"runStep":0,"walkStep":141},{"distance":106.811005,"mCalorie":5.841,"mOthersTime":0,"mRunTime":2400,"mStartTime":37200000,"mTimeUnit":600000,"mWalkTime":90045,"runStep":6,"walkStep":135},{"distance":518.64996,"mCalorie":26.94,"mOthersTime":0,"mRunTime":0,"mStartTime":37800000,"mTimeUnit":600000,"mWalkTime":412056,"runStep":0,"walkStep":702},{"distance":20.69,"mCalorie":1.39,"mOthersTime":0,"mRunTime":0,"mStartTime":39600000,"mTimeUnit":600000,"mWalkTime":24012,"runStep":0,"walkStep":36},{"distance":513.85,"mCalorie":27.18,"mOthersTime":0,"mRunTime":0,"mStartTime":40200000,"mTimeUnit":600000,"mWalkTime":410722,"runStep":0,"walkStep":693},{"distance":43.740997,"mCalorie":2.131,"mOthersTime":0,"mRunTime":0,"mStartTime":40800000,"mTimeUnit":600000,"mWalkTime":39353,"runStep":0,"walkStep":59},{"distance":23.38,"mCalorie":1.25,"mOthersTime":0,"mRunTime":0,"mStartTime":43200000,"mTimeUnit":600000,"mWalkTime":20677,"runStep":0,"walkStep":31},{"distance":13.52,"mCalorie":0.65999997,"mOthersTime":0,"mRunTime":0,"mStartTime":44400000,"mTimeUnit":600000,"mWalkTime":12006,"runStep":0,"walkStep":18},{"distance":102.329,"mCalorie":5.5,"mOthersTime":0,"mRunTime":2000,"mStartTime":45000000,"mTimeUnit":600000,"mWalkTime":84709,"runStep":5,"walkStep":127},{"distance":235.4,"mCalorie":12.76,"mOthersTime":0,"mRunTime":0,"mStartTime":45600000,"mTimeUnit":600000,"mWalkTime":226780,"runStep":0,"walkStep":340},{"distance":108.130005,"mCalorie":5.7799997,"mOthersTime":0,"mRunTime":0,"mStartTime":46200000,"mTimeUnit":600000,"mWalkTime":97382,"runStep":0,"walkStep":146},{"distance":87.3,"mCalorie":4.34,"mOthersTime":0,"mRunTime":0,"mStartTime":46800000,"mTimeUnit":600000,"mWalkTime":78706,"runStep":0,"walkStep":118},{"distance":28.84,"mCalorie":1.48,"mOthersTime":0,"mRunTime":0,"mStartTime":47400000,"mTimeUnit":600000,"mWalkTime":26680,"runStep":0,"walkStep":40},{"distance":32.06,"mCalorie":1.75,"mOthersTime":0,"mRunTime":0,"mStartTime":48000000,"mTimeUnit":600000,"mWalkTime":30015,"runStep":0,"walkStep":45},{"distance":67.61,"mCalorie":3.29,"mOthersTime":0,"mRunTime":0,"mStartTime":49200000,"mTimeUnit":600000,"mWalkTime":60697,"runStep":0,"walkStep":91},{"distance":184.70001,"mCalorie":9.419999,"mOthersTime":0,"mRunTime":0,"mStartTime":49800000,"mTimeUnit":600000,"mWalkTime":170085,"runStep":0,"walkStep":255},{"distance":91.249,"mCalorie":4.66,"mOthersTime":0,"mRunTime":0,"mStartTime":50400000,"mTimeUnit":600000,"mWalkTime":84042,"runStep":0,"walkStep":126},{"distance":255.87898,"mCalorie":14.450001,"mOthersTime":0,"mRunTime":1600,"mStartTime":51000000,"mTimeUnit":600000,"mWalkTime":239453,"runStep":4,"walkStep":359},{"distance":184.7,"mCalorie":9.679999,"mOthersTime":0,"mRunTime":0,"mStartTime":51600000,"mTimeUnit":600000,"mWalkTime":168751,"runStep":0,"walkStep":253},{"distance":7.44,"mCalorie":0.46,"mOthersTime":0,"mRunTime":0,"mStartTime":52200000,"mTimeUnit":600000,"mWalkTime":7337,"runStep":0,"walkStep":11},{"distance":29.1,"mCalorie":1.27,"mOthersTime":0,"mRunTime":0,"mStartTime":52800000,"mTimeUnit":600000,"mWalkTime":24679,"runStep":0,"walkStep":37},{"distance":12.33,"mCalorie":0.77,"mOthersTime":0,"mRunTime":1200,"mStartTime":53400000,"mTimeUnit":600000,"mWalkTime":6670,"runStep":3,"walkStep":10},{"distance":78.66,"mCalorie":3.9899998,"mOthersTime":0,"mRunTime":0,"mStartTime":54000000,"mTimeUnit":600000,"mWalkTime":72036,"runStep":0,"walkStep":108},{"distance":36.829998,"mCalorie":1.8199999,"mOthersTime":0,"mRunTime":0,"mStartTime":56400000,"mTimeUnit":600000,"mWalkTime":34684,"runStep":0,"walkStep":52},{"distance":41.83,"mCalorie":2.25,"mOthersTime":0,"mRunTime":800,"mStartTime":57000000,"mTimeUnit":600000,"mWalkTime":32683,"runStep":2,"walkStep":49},{"distance":14.389999,"mCalorie":1.04,"mOthersTime":0,"mRunTime":0,"mStartTime":57600000,"mTimeUnit":600000,"mWalkTime":14007,"runStep":0,"walkStep":21},{"distance":29.0,"mCalorie":1.3100001,"mOthersTime":0,"mRunTime":0,"mStartTime":58200000,"mTimeUnit":600000,"mWalkTime":26013,"runStep":0,"walkStep":39},{"distance":14.450001,"mCalorie":0.87,"mOthersTime":0,"mRunTime":0,"mStartTime":58800000,"mTimeUnit":600000,"mWalkTime":14007,"runStep":0,"walkStep":21},{"distance":45.321,"mCalorie":2.37,"mOthersTime":0,"mRunTime":2400,"mStartTime":59400000,"mTimeUnit":600000,"mWalkTime":34684,"runStep":6,"walkStep":52},{"distance":83.65451,"mCalorie":41.59081,"mOthersTime":249324,"mRunTime":0,"mStartTime":60000000,"mTimeUnit":600000,"mWalkTime":77985,"runStep":0,"walkStep":293},{"distance":71.18169,"mCalorie":55.131294,"mOthersTime":350676,"mRunTime":0,"mStartTime":60600000,"mTimeUnit":600000,"mWalkTime":64563,"runStep":0,"walkStep":251},{"distance":10.08,"mCalorie":0.48,"mOthersTime":0,"mRunTime":0,"mStartTime":61800000,"mTimeUnit":600000,"mWalkTime":7337,"runStep":0,"walkStep":11},{"distance":206.91,"mCalorie":12.249999,"mOthersTime":0,"mRunTime":0,"mStartTime":63000000,"mTimeUnit":600000,"mWalkTime":194067,"runStep":0,"walkStep":302},{"distance":243.13998,"mCalorie":12.7,"mOthersTime":0,"mRunTime":0,"mStartTime":63600000,"mTimeUnit":600000,"mWalkTime":220747,"runStep":0,"walkStep":338},{"distance":9.49,"mCalorie":0.42,"mOthersTime":0,"mRunTime":0,"mStartTime":64200000,"mTimeUnit":600000,"mWalkTime":8671,"runStep":0,"walkStep":13},{"distance":50.02,"mCalorie":2.35,"mOthersTime":0,"mRunTime":0,"mStartTime":67800000,"mTimeUnit":600000,"mWalkTime":44022,"runStep":0,"walkStep":66},{"distance":16.64,"mCalorie":0.86,"mOthersTime":0,"mRunTime":0,"mStartTime":68400000,"mTimeUnit":600000,"mWalkTime":15341,"runStep":0,"walkStep":23},{"distance":9.51,"mCalorie":0.35,"mOthersTime":0,"mRunTime":0,"mStartTime":69000000,"mTimeUnit":600000,"mWalkTime":8004,"runStep":0,"walkStep":12},{"distance":30.77,"mCalorie":1.55,"mOthersTime":0,"mRunTime":0,"mStartTime":69600000,"mTimeUnit":600000,"mWalkTime":28681,"runStep":0,"walkStep":43},{"distance":54.9,"mCalorie":2.64,"mOthersTime":0,"mRunTime":0,"mStartTime":71400000,"mTimeUnit":600000,"mWalkTime":48691,"runStep":0,"walkStep":73},{"distance":146.79001,"mCalorie":7.1,"mOthersTime":0,"mRunTime":0,"mStartTime":72000000,"mTimeUnit":600000,"mWalkTime":129398,"runStep":0,"walkStep":194},{"distance":264.06,"mCalorie":13.25,"mOthersTime":0,"mRunTime":0,"mStartTime":72600000,"mTimeUnit":600000,"mWalkTime":221384,"runStep":0,"walkStep":358},{"distance":260.73,"mCalorie":12.97,"mOthersTime":0,"mRunTime":0,"mStartTime":74400000,"mTimeUnit":600000,"mWalkTime":218079,"runStep":0,"walkStep":346},{"distance":387.809,"mCalorie":19.249998,"mOthersTime":0,"mRunTime":0,"mStartTime":75000000,"mTimeUnit":600000,"mWalkTime":326740,"runStep":0,"walkStep":532},{"distance":343.54,"mCalorie":16.99,"mOthersTime":0,"mRunTime":800,"mStartTime":75600000,"mTimeUnit":600000,"mWalkTime":288054,"runStep":2,"walkStep":458},{"distance":77.020004,"mCalorie":4.21,"mOthersTime":0,"mRunTime":0,"mStartTime":76200000,"mTimeUnit":600000,"mWalkTime":72703,"runStep":0,"walkStep":109},{"distance":143.25,"mCalorie":7.1499996,"mOthersTime":0,"mRunTime":0,"mStartTime":76800000,"mTimeUnit":600000,"mWalkTime":128731,"runStep":0,"walkStep":193},{"distance":58.44,"mCalorie":2.9499998,"mOthersTime":0,"mRunTime":0,"mStartTime":77400000,"mTimeUnit":600000,"mWalkTime":53360,"runStep":0,"walkStep":80},{"distance":43.12,"mCalorie":2.1100001,"mOthersTime":0,"mRunTime":0,"mStartTime":78600000,"mTimeUnit":600000,"mWalkTime":38686,"runStep":0,"walkStep":58},{"distance":14.96,"mCalorie":0.86,"mOthersTime":0,"mRunTime":0,"mStartTime":79200000,"mTimeUnit":600000,"mWalkTime":14674,"runStep":0,"walkStep":22},{"distance":7.3,"mCalorie":0.33,"mOthersTime":0,"mRunTime":0,"mStartTime":79800000,"mTimeUnit":600000,"mWalkTime":6670,"runStep":0,"walkStep":10},{"distance":218.17,"mCalorie":10.83,"mOthersTime":0,"mRunTime":0,"mStartTime":80400000,"mTimeUnit":600000,"mWalkTime":198069,"runStep":0,"walkStep":300},{"distance":50.869,"mCalorie":2.81,"mOthersTime":0,"mRunTime":1600,"mStartTime":81000000,"mTimeUnit":600000,"mWalkTime":41354,"runStep":4,"walkStep":62},{"distance":95.97,"mCalorie":4.49,"mOthersTime":0,"mRunTime":0,"mStartTime":81600000,"mTimeUnit":600000,"mWalkTime":84042,"runStep":0,"walkStep":126},{"distance":8.07,"mCalorie":0.3,"mOthersTime":0,"mRunTime":0,"mStartTime":82200000,"mTimeUnit":600000,"mWalkTime":6670,"runStep":0,"walkStep":10}],"version":1}