{"mActivityList":[{"mActiveTime":1569016,"mActiveTimeType":0,"mCalorie":187.0,"mCategory":204,"mDetailInfoId":"656ea22e-bda0-b946-9707-502b73fc7f9b","mDistance":1738.995,"mDuration":1569016,"mEndTime":26238348,"mStartTime":24669332,"mType":1001},{"mActiveTime":1403679,"mActiveTimeType":0,"mCalorie":141.0,"mCategory":204,"mDetailInfoId":"b5424dcf-69e7-b54b-c4c6-dda873a177d6","mDistance":1611.127,"mDuration":1403679,"mEndTime":29757121,"mStartTime":28353442,"mType":1001}],"mAdaptiveGoal":0,"mIsGoalAchieved":false,"mIsMostActiveAchieved":false,"mMostActiveMinutes":0,"mStreakDayCount":0,"mUnitDataList":[{"distance":23.151001,"mCalorie":1.0600001,"mOthersTime":0,"mRunTime":0,"mStartTime":10200000,"mTimeUnit":600000,"mWalkTime":21344,"runStep":0,"walkStep":32},{"distance":7.851,"mCalorie":0.3,"mOthersTime":0,"mRunTime":0,"mStartTime":10800000,"mTimeUnit":600000,"mWalkTime":6670,"runStep":0,"walkStep":10},{"distance":11.99,"mCalorie":0.72,"mOthersTime":0,"mRunTime":400,"mStartTime":11400000,"mTimeUnit":600000,"mWalkTime":6670,"runStep":1,"walkStep":10},{"distance":42.138,"mCalorie":2.1,"mOthersTime":0,"mRunTime":0,"mStartTime":22800000,"mTimeUnit":600000,"mWalkTime":38686,"runStep":0,"walkStep":58},{"distance":11.54,"mCalorie":0.75,"mOthersTime":0,"mRunTime":800,"mStartTime":23400000,"mTimeUnit":600000,"mWalkTime":7337,"runStep":2,"walkStep":11},{"distance":17.529999,"mCalorie":0.79999995,"mOthersTime":0,"mRunTime":0,"mStartTime":24000000,"mTimeUnit":600000,"mWalkTime":15341,"runStep":0,"walkStep":23},{"distance":603.4317,"mCalorie":64.06275,"mOthersTime":0,"mRunTime":0,"mStartTime":24600000,"mTimeUnit":600000,"mWalkTime":546511,"runStep":0,"walkStep":774},{"distance":665.00085,"mCalorie":71.50979,"mOthersTime":0,"mRunTime":0,"mStartTime":25200000,"mTimeUnit":600000,"mWalkTime":600000,"runStep":0,"walkStep":1033},{"distance":485.8363,"mCalorie":52.243618,"mOthersTime":0,"mRunTime":0,"mStartTime":25800000,"mTimeUnit":600000,"mWalkTime":438348,"runStep":0,"walkStep":574},{"distance":10.89,"mCalorie":0.58,"mOthersTime":0,"mRunTime":0,"mStartTime":26400000,"mTimeUnit":600000,"mWalkTime":10005,"runStep":0,"walkStep":15},{"distance":29.198,"mCalorie":1.49,"mOthersTime":0,"mRunTime":0,"mStartTime":27600000,"mTimeUnit":600000,"mWalkTime":27347,"runStep":0,"walkStep":41},{"distance":521.2715,"mCalorie":45.319508,"mOthersTime":0,"mRunTime":0,"mStartTime":28200000,"mTimeUnit":600000,"mWalkTime":454736,"runStep":0,"walkStep":656},{"distance":688.6732,"mCalorie":60.27019,"mOthersTime":0,"mRunTime":0,"mStartTime":28800000,"mTimeUnit":600000,"mWalkTime":600000,"runStep":0,"walkStep":1039},{"distance":426.91196,"mCalorie":36.779137,"mOthersTime":0,"mRunTime":0,"mStartTime":29400000,"mTimeUnit":600000,"mWalkTime":372979,"runStep":0,"walkStep":515},{"distance":18.77,"mCalorie":0.95000005,"mOthersTime":0,"mRunTime":400,"mStartTime":30000000,"mTimeUnit":600000,"mWalkTime":14007,"runStep":1,"walkStep":21},{"distance":23.68,"mCalorie":1.15,"mOthersTime":0,"mRunTime":0,"mStartTime":34800000,"mTimeUnit":600000,"mWalkTime":21344,"runStep":0,"walkStep":32},{"distance":6.02,"mCalorie":0.29,"mOthersTime":0,"mRunTime":0,"mStartTime":35400000,"mTimeUnit":600000,"mWalkTime":5336,"runStep":0,"walkStep":8},{"distance":28.630001,"mCalorie":1.47,"mOthersTime":0,"mRunTime":0,"mStartTime":36000000,"mTimeUnit":600000,"mWalkTime":26013,"runStep":0,"walkStep":39},{"distance":19.18,"mCalorie":1.01,"mOthersTime":0,"mRunTime":0,"mStartTime":37800000,"mTimeUnit":600000,"mWalkTime":18009,"runStep":0,"walkStep":27},{"distance":20.72,"mCalorie":1.09,"mOthersTime":0,"mRunTime":0,"mStartTime":38400000,"mTimeUnit":600000,"mWalkTime":19343,"runStep":0,"walkStep":29},{"distance":34.15,"mCalorie":1.8,"mOthersTime":0,"mRunTime":0,"mStartTime":40200000,"mTimeUnit":600000,"mWalkTime":31349,"runStep":0,"walkStep":47},{"distance":134.633,"mCalorie":6.6400003,"mOthersTime":0,"mRunTime":1200,"mStartTime":42000000,"mTimeUnit":600000,"mWalkTime":119393,"runStep":3,"walkStep":179},{"distance":118.787,"mCalorie":5.6509995,"mOthersTime":0,"mRunTime":0,"mStartTime":42600000,"mTimeUnit":600000,"mWalkTime":108054,"runStep":0,"walkStep":162},{"distance":72.29,"mCalorie":4.12,"mOthersTime":0,"mRunTime":0,"mStartTime":43200000,"mTimeUnit":600000,"mWalkTime":78706,"runStep":0,"walkStep":118},{"distance":484.28998,"mCalorie":26.849998,"mOthersTime":0,"mRunTime":0,"mStartTime":43800000,"mTimeUnit":600000,"mWalkTime":428094,"runStep":0,"walkStep":681},{"distance":46.3,"mCalorie":2.37,"mOthersTime":0,"mRunTime":1200,"mStartTime":44400000,"mTimeUnit":600000,"mWalkTime":36685,"runStep":3,"walkStep":55},{"distance":342.92,"mCalorie":19.179998,"mOthersTime":0,"mRunTime":0,"mStartTime":46200000,"mTimeUnit":600000,"mWalkTime":288691,"runStep":0,"walkStep":490},{"distance":222.18,"mCalorie":11.58,"mOthersTime":0,"mRunTime":0,"mStartTime":46800000,"mTimeUnit":600000,"mWalkTime":187397,"runStep":0,"walkStep":299},{"distance":150.97,"mCalorie":7.7400002,"mOthersTime":0,"mRunTime":0,"mStartTime":47400000,"mTimeUnit":600000,"mWalkTime":122031,"runStep":0,"walkStep":201},{"distance":73.187004,"mCalorie":3.7499998,"mOthersTime":0,"mRunTime":0,"mStartTime":48000000,"mTimeUnit":600000,"mWalkTime":68701,"runStep":0,"walkStep":103},{"distance":102.981995,"mCalorie":4.8,"mOthersTime":0,"mRunTime":0,"mStartTime":48600000,"mTimeUnit":600000,"mWalkTime":92046,"runStep":0,"walkStep":138},{"distance":59.017,"mCalorie":2.72,"mOthersTime":0,"mRunTime":400,"mStartTime":49200000,"mTimeUnit":600000,"mWalkTime":47357,"runStep":1,"walkStep":71},{"distance":155.827,"mCalorie":7.5800004,"mOthersTime":0,"mRunTime":0,"mStartTime":49800000,"mTimeUnit":600000,"mWalkTime":141404,"runStep":0,"walkStep":212},{"distance":88.404,"mCalorie":4.5800004,"mOthersTime":0,"mRunTime":0,"mStartTime":50400000,"mTimeUnit":600000,"mWalkTime":82708,"runStep":0,"walkStep":124},{"distance":34.868996,"mCalorie":1.8599999,"mOthersTime":0,"mRunTime":400,"mStartTime":51000000,"mTimeUnit":600000,"mWalkTime":29348,"runStep":1,"walkStep":44},{"distance":26.779999,"mCalorie":1.27,"mOthersTime":0,"mRunTime":0,"mStartTime":51600000,"mTimeUnit":600000,"mWalkTime":23345,"runStep":0,"walkStep":35},{"distance":28.630001,"mCalorie":1.4,"mOthersTime":0,"mRunTime":400,"mStartTime":53400000,"mTimeUnit":600000,"mWalkTime":22678,"runStep":1,"walkStep":34},{"distance":38.91,"mCalorie":1.82,"mOthersTime":0,"mRunTime":0,"mStartTime":54000000,"mTimeUnit":600000,"mWalkTime":33350,"runStep":0,"walkStep":50},{"distance":17.810001,"mCalorie":0.82000005,"mOthersTime":0,"mRunTime":0,"mStartTime":54600000,"mTimeUnit":600000,"mWalkTime":16008,"runStep":0,"walkStep":24},{"distance":15.78,"mCalorie":0.77,"mOthersTime":0,"mRunTime":0,"mStartTime":55200000,"mTimeUnit":600000,"mWalkTime":14674,"runStep":0,"walkStep":22},{"distance":110.54,"mCalorie":5.61,"mOthersTime":0,"mRunTime":0,"mStartTime":55800000,"mTimeUnit":600000,"mWalkTime":101384,"runStep":0,"walkStep":152},{"distance":90.132,"mCalorie":5.08,"mOthersTime":0,"mRunTime":0,"mStartTime":56400000,"mTimeUnit":600000,"mWalkTime":86043,"runStep":0,"walkStep":129},{"distance":57.942,"mCalorie":2.97,"mOthersTime":0,"mRunTime":400,"mStartTime":57000000,"mTimeUnit":600000,"mWalkTime":51359,"runStep":1,"walkStep":77},{"distance":18.970001,"mCalorie":0.93,"mOthersTime":0,"mRunTime":0,"mStartTime":57600000,"mTimeUnit":600000,"mWalkTime":17342,"runStep":0,"walkStep":26},{"distance":22.453,"mCalorie":1.52,"mOthersTime":0,"mRunTime":2000,"mStartTime":58800000,"mTimeUnit":600000,"mWalkTime":15341,"runStep":5,"walkStep":23},{"distance":55.07,"mCalorie":2.65,"mOthersTime":0,"mRunTime":0,"mStartTime":60000000,"mTimeUnit":600000,"mWalkTime":49358,"runStep":0,"walkStep":74},{"distance":20.07,"mCalorie":0.92,"mOthersTime":0,"mRunTime":0,"mStartTime":60600000,"mTimeUnit":600000,"mWalkTime":18009,"runStep":0,"walkStep":27},{"distance":8.14,"mCalorie":0.51,"mOthersTime":0,"mRunTime":0,"mStartTime":61200000,"mTimeUnit":600000,"mWalkTime":8004,"runStep":0,"walkStep":12},{"distance":71.71,"mCalorie":3.7999997,"mOthersTime":0,"mRunTime":1600,"mStartTime":64200000,"mTimeUnit":600000,"mWalkTime":60697,"runStep":4,"walkStep":91},{"distance":8.59,"mCalorie":0.43,"mOthersTime":0,"mRunTime":0,"mStartTime":65400000,"mTimeUnit":600000,"mWalkTime":8004,"runStep":0,"walkStep":12},{"distance":77.01,"mCalorie":4.1600003,"mOthersTime":0,"mRunTime":0,"mStartTime":66600000,"mTimeUnit":600000,"mWalkTime":78706,"runStep":0,"walkStep":118},{"distance":97.479996,"mCalorie":5.01,"mOthersTime":0,"mRunTime":0,"mStartTime":67200000,"mTimeUnit":600000,"mWalkTime":88044,"runStep":0,"walkStep":132},{"distance":79.149994,"mCalorie":3.97,"mOthersTime":0,"mRunTime":0,"mStartTime":67800000,"mTimeUnit":600000,"mWalkTime":72036,"runStep":0,"walkStep":108},{"distance":4.94,"mCalorie":0.26,"mOthersTime":0,"mRunTime":0,"mStartTime":69000000,"mTimeUnit":600000,"mWalkTime":4669,"runStep":0,"walkStep":7},{"distance":99.139,"mCalorie":5.06,"mOthersTime":0,"mRunTime":0,"mStartTime":69600000,"mTimeUnit":600000,"mWalkTime":89378,"runStep":0,"walkStep":134},{"distance":29.24,"mCalorie":1.42,"mOthersTime":0,"mRunTime":0,"mStartTime":70200000,"mTimeUnit":600000,"mWalkTime":26013,"runStep":0,"walkStep":39},{"distance":151.80998,"mCalorie":7.4199996,"mOthersTime":0,"mRunTime":0,"mStartTime":70800000,"mTimeUnit":600000,"mWalkTime":136068,"runStep":0,"walkStep":204},{"distance":7.78,"mCalorie":0.37,"mOthersTime":0,"mRunTime":0,"mStartTime":78000000,"mTimeUnit":600000,"mWalkTime":6670,"runStep":0,"walkStep":10},{"distance":42.36,"mCalorie":2.05,"mOthersTime":0,"mRunTime":0,"mStartTime":80400000,"mTimeUnit":600000,"mWalkTime":37352,"runStep":0,"walkStep":56}],"version":1}