{"mAdaptiveGoal":0,"mIsGoalAchieved":false,"mIsMostActiveAchieved":false,"mMostActiveMinutes":0,"mStreakDayCount":0,"mUnitDataList":[{"distance":34.32,"mCalorie":1.6800001,"mOthersTime":0,"mRunTime":0,"mStartTime":12600000,"mTimeUnit":600000,"mWalkTime":31349,"runStep":0,"walkStep":47},{"distance":98.565,"mCalorie":4.73,"mOthersTime":0,"mRunTime":0,"mStartTime":13200000,"mTimeUnit":600000,"mWalkTime":89378,"runStep":0,"walkStep":134},{"distance":68.414,"mCalorie":3.98,"mOthersTime":0,"mRunTime":2000,"mStartTime":13800000,"mTimeUnit":600000,"mWalkTime":58029,"runStep":5,"walkStep":87},{"distance":105.08,"mCalorie":5.55,"mOthersTime":0,"mRunTime":0,"mStartTime":14400000,"mTimeUnit":600000,"mWalkTime":104052,"runStep":0,"walkStep":156},{"distance":96.308,"mCalorie":5.52,"mOthersTime":0,"mRunTime":400,"mStartTime":15000000,"mTimeUnit":600000,"mWalkTime":92046,"runStep":1,"walkStep":138},{"distance":145.5,"mCalorie":7.17,"mOthersTime":0,"mRunTime":0,"mStartTime":15600000,"mTimeUnit":600000,"mWalkTime":130732,"runStep":0,"walkStep":196},{"distance":5.922,"mCalorie":0.281,"mOthersTime":0,"mRunTime":0,"mStartTime":16200000,"mTimeUnit":600000,"mWalkTime":5336,"runStep":0,"walkStep":8},{"distance":41.242,"mCalorie":1.869,"mOthersTime":0,"mRunTime":0,"mStartTime":16800000,"mTimeUnit":600000,"mWalkTime":36685,"runStep":0,"walkStep":55},{"distance":94.600006,"mCalorie":4.4800005,"mOthersTime":0,"mRunTime":0,"mStartTime":18000000,"mTimeUnit":600000,"mWalkTime":83375,"runStep":0,"walkStep":125},{"distance":108.46,"mCalorie":5.1800003,"mOthersTime":0,"mRunTime":3200,"mStartTime":18600000,"mTimeUnit":600000,"mWalkTime":88711,"runStep":8,"walkStep":133},{"distance":57.877,"mCalorie":2.7600002,"mOthersTime":0,"mRunTime":2400,"mStartTime":19200000,"mTimeUnit":600000,"mWalkTime":47357,"runStep":6,"walkStep":71},{"distance":22.55,"mCalorie":1.02,"mOthersTime":0,"mRunTime":1600,"mStartTime":20400000,"mTimeUnit":600000,"mWalkTime":16008,"runStep":4,"walkStep":24},{"distance":6.79,"mCalorie":0.39,"mOthersTime":0,"mRunTime":0,"mStartTime":27600000,"mTimeUnit":600000,"mWalkTime":6670,"runStep":0,"walkStep":10},{"distance":79.498,"mCalorie":3.92,"mOthersTime":0,"mRunTime":400,"mStartTime":31200000,"mTimeUnit":600000,"mWalkTime":67367,"runStep":1,"walkStep":101},{"distance":49.747997,"mCalorie":2.53,"mOthersTime":0,"mRunTime":800,"mStartTime":31800000,"mTimeUnit":600000,"mWalkTime":44689,"runStep":2,"walkStep":67},{"distance":156.04599,"mCalorie":7.51,"mOthersTime":0,"mRunTime":0,"mStartTime":33000000,"mTimeUnit":600000,"mWalkTime":143405,"runStep":0,"walkStep":215},{"distance":150.57999,"mCalorie":8.29,"mOthersTime":0,"mRunTime":1200,"mStartTime":33600000,"mTimeUnit":600000,"mWalkTime":146043,"runStep":3,"walkStep":225},{"distance":186.791,"mCalorie":9.559,"mOthersTime":0,"mRunTime":0,"mStartTime":34200000,"mTimeUnit":600000,"mWalkTime":180757,"runStep":0,"walkStep":271},{"distance":91.289,"mCalorie":4.83,"mOthersTime":0,"mRunTime":3200,"mStartTime":34800000,"mTimeUnit":600000,"mWalkTime":73370,"runStep":8,"walkStep":110},{"distance":153.98,"mCalorie":8.23,"mOthersTime":0,"mRunTime":400,"mStartTime":35400000,"mTimeUnit":600000,"mWalkTime":134704,"runStep":1,"walkStep":218},{"distance":293.58,"mCalorie":14.290001,"mOthersTime":0,"mRunTime":0,"mStartTime":36000000,"mTimeUnit":600000,"mWalkTime":260130,"runStep":0,"walkStep":390},{"distance":85.031,"mCalorie":4.85,"mOthersTime":0,"mRunTime":0,"mStartTime":36600000,"mTimeUnit":600000,"mWalkTime":82041,"runStep":0,"walkStep":123},{"distance":22.829,"mCalorie":1.04,"mOthersTime":0,"mRunTime":0,"mStartTime":37200000,"mTimeUnit":600000,"mWalkTime":20010,"runStep":0,"walkStep":30},{"distance":55.412003,"mCalorie":2.74,"mOthersTime":0,"mRunTime":0,"mStartTime":37800000,"mTimeUnit":600000,"mWalkTime":50025,"runStep":0,"walkStep":75},{"distance":173.26901,"mCalorie":9.24,"mOthersTime":0,"mRunTime":0,"mStartTime":38400000,"mTimeUnit":600000,"mWalkTime":160080,"runStep":0,"walkStep":240},{"distance":33.598,"mCalorie":1.74,"mOthersTime":0,"mRunTime":400,"mStartTime":39000000,"mTimeUnit":600000,"mWalkTime":28014,"runStep":1,"walkStep":42},{"distance":175.978,"mCalorie":9.08,"mOthersTime":0,"mRunTime":2000,"mStartTime":39600000,"mTimeUnit":600000,"mWalkTime":150742,"runStep":5,"walkStep":226},{"distance":123.201,"mCalorie":6.28,"mOthersTime":0,"mRunTime":0,"mStartTime":40200000,"mTimeUnit":600000,"mWalkTime":114057,"runStep":0,"walkStep":171},{"distance":19.0,"mCalorie":1.12,"mOthersTime":0,"mRunTime":400,"mStartTime":40800000,"mTimeUnit":600000,"mWalkTime":16008,"runStep":1,"walkStep":24},{"distance":17.86,"mCalorie":0.86,"mOthersTime":0,"mRunTime":0,"mStartTime":41400000,"mTimeUnit":600000,"mWalkTime":16008,"runStep":0,"walkStep":24},{"distance":142.61,"mCalorie":6.92,"mOthersTime":0,"mRunTime":0,"mStartTime":42000000,"mTimeUnit":600000,"mWalkTime":130065,"runStep":0,"walkStep":195},{"distance":127.52801,"mCalorie":6.021,"mOthersTime":0,"mRunTime":0,"mStartTime":42600000,"mTimeUnit":600000,"mWalkTime":113390,"runStep":0,"walkStep":170},{"distance":64.189995,"mCalorie":2.9299998,"mOthersTime":0,"mRunTime":0,"mStartTime":43200000,"mTimeUnit":600000,"mWalkTime":56028,"runStep":0,"walkStep":84},{"distance":19.119999,"mCalorie":1.01,"mOthersTime":0,"mRunTime":0,"mStartTime":43800000,"mTimeUnit":600000,"mWalkTime":18009,"runStep":0,"walkStep":27},{"distance":15.43,"mCalorie":0.78,"mOthersTime":0,"mRunTime":0,"mStartTime":44400000,"mTimeUnit":600000,"mWalkTime":14007,"runStep":0,"walkStep":21},{"distance":352.703,"mCalorie":18.939001,"mOthersTime":0,"mRunTime":7200,"mStartTime":45000000,"mTimeUnit":600000,"mWalkTime":300787,"runStep":18,"walkStep":463},{"distance":66.11,"mCalorie":3.41,"mOthersTime":0,"mRunTime":0,"mStartTime":45600000,"mTimeUnit":600000,"mWalkTime":59363,"runStep":0,"walkStep":89},{"distance":266.031,"mCalorie":13.12,"mOthersTime":0,"mRunTime":0,"mStartTime":46200000,"mTimeUnit":600000,"mWalkTime":226720,"runStep":0,"walkStep":364},{"distance":95.03,"mCalorie":4.84,"mOthersTime":0,"mRunTime":0,"mStartTime":46800000,"mTimeUnit":600000,"mWalkTime":86043,"runStep":0,"walkStep":129},{"distance":33.41,"mCalorie":1.77,"mOthersTime":0,"mRunTime":0,"mStartTime":47400000,"mTimeUnit":600000,"mWalkTime":25346,"runStep":0,"walkStep":38},{"distance":130.359,"mCalorie":6.3900003,"mOthersTime":0,"mRunTime":0,"mStartTime":49800000,"mTimeUnit":600000,"mWalkTime":115391,"runStep":0,"walkStep":173},{"distance":363.99002,"mCalorie":17.919998,"mOthersTime":0,"mRunTime":0,"mStartTime":50400000,"mTimeUnit":600000,"mWalkTime":309428,"runStep":0,"walkStep":491},{"distance":25.11,"mCalorie":1.28,"mOthersTime":0,"mRunTime":0,"mStartTime":51000000,"mTimeUnit":600000,"mWalkTime":22678,"runStep":0,"walkStep":34},{"distance":41.010002,"mCalorie":2.27,"mOthersTime":0,"mRunTime":0,"mStartTime":51600000,"mTimeUnit":600000,"mWalkTime":38019,"runStep":0,"walkStep":57},{"distance":144.84001,"mCalorie":7.51,"mOthersTime":0,"mRunTime":0,"mStartTime":52800000,"mTimeUnit":600000,"mWalkTime":128731,"runStep":0,"walkStep":193},{"distance":106.56,"mCalorie":5.65,"mOthersTime":0,"mRunTime":0,"mStartTime":53400000,"mTimeUnit":600000,"mWalkTime":100050,"runStep":0,"walkStep":150},{"distance":51.244003,"mCalorie":2.45,"mOthersTime":0,"mRunTime":800,"mStartTime":54000000,"mTimeUnit":600000,"mWalkTime":42021,"runStep":2,"walkStep":63},{"distance":113.59201,"mCalorie":5.15,"mOthersTime":0,"mRunTime":0,"mStartTime":54600000,"mTimeUnit":600000,"mWalkTime":100050,"runStep":0,"walkStep":150},{"distance":34.873,"mCalorie":1.79,"mOthersTime":0,"mRunTime":2000,"mStartTime":55800000,"mTimeUnit":600000,"mWalkTime":27347,"runStep":5,"walkStep":41},{"distance":136.044,"mCalorie":6.61,"mOthersTime":0,"mRunTime":0,"mStartTime":56400000,"mTimeUnit":600000,"mWalkTime":123395,"runStep":0,"walkStep":185},{"distance":176.841,"mCalorie":8.399,"mOthersTime":0,"mRunTime":2000,"mStartTime":57000000,"mTimeUnit":600000,"mWalkTime":151409,"runStep":5,"walkStep":227},{"distance":136.52501,"mCalorie":6.73,"mOthersTime":0,"mRunTime":2000,"mStartTime":59400000,"mTimeUnit":600000,"mWalkTime":113390,"runStep":5,"walkStep":170},{"distance":141.212,"mCalorie":6.72,"mOthersTime":0,"mRunTime":4000,"mStartTime":60000000,"mTimeUnit":600000,"mWalkTime":118726,"runStep":10,"walkStep":178},{"distance":138.722,"mCalorie":6.3599997,"mOthersTime":0,"mRunTime":1200,"mStartTime":60600000,"mTimeUnit":600000,"mWalkTime":119393,"runStep":3,"walkStep":179},{"distance":24.67,"mCalorie":1.2099999,"mOthersTime":0,"mRunTime":0,"mStartTime":61200000,"mTimeUnit":600000,"mWalkTime":23345,"runStep":0,"walkStep":35},{"distance":166.549,"mCalorie":8.0199995,"mOthersTime":0,"mRunTime":0,"mStartTime":61800000,"mTimeUnit":600000,"mWalkTime":150742,"runStep":0,"walkStep":226},{"distance":408.74,"mCalorie":21.52,"mOthersTime":0,"mRunTime":0,"mStartTime":62400000,"mTimeUnit":600000,"mWalkTime":346750,"runStep":0,"walkStep":566},{"distance":65.75,"mCalorie":3.04,"mOthersTime":0,"mRunTime":0,"mStartTime":63000000,"mTimeUnit":600000,"mWalkTime":58029,"runStep":0,"walkStep":87},{"distance":14.45,"mCalorie":0.65,"mOthersTime":0,"mRunTime":0,"mStartTime":64200000,"mTimeUnit":600000,"mWalkTime":12673,"runStep":0,"walkStep":19},{"distance":363.30997,"mCalorie":18.789999,"mOthersTime":0,"mRunTime":0,"mStartTime":64800000,"mTimeUnit":600000,"mWalkTime":302728,"runStep":0,"walkStep":497},{"distance":162.681,"mCalorie":9.4,"mOthersTime":0,"mRunTime":0,"mStartTime":65400000,"mTimeUnit":600000,"mWalkTime":152076,"runStep":0,"walkStep":228},{"distance":38.730003,"mCalorie":2.03,"mOthersTime":0,"mRunTime":0,"mStartTime":66000000,"mTimeUnit":600000,"mWalkTime":36018,"runStep":0,"walkStep":54},{"distance":12.61,"mCalorie":0.65999997,"mOthersTime":0,"mRunTime":0,"mStartTime":68400000,"mTimeUnit":600000,"mWalkTime":12006,"runStep":0,"walkStep":18},{"distance":11.5,"mCalorie":0.53,"mOthersTime":0,"mRunTime":0,"mStartTime":69000000,"mTimeUnit":600000,"mWalkTime":10672,"runStep":0,"walkStep":16},{"distance":45.100998,"mCalorie":2.211,"mOthersTime":0,"mRunTime":0,"mStartTime":70800000,"mTimeUnit":600000,"mWalkTime":41354,"runStep":0,"walkStep":62},{"distance":35.5,"mCalorie":1.76,"mOthersTime":0,"mRunTime":0,"mStartTime":75600000,"mTimeUnit":600000,"mWalkTime":32016,"runStep":0,"walkStep":48},{"distance":28.952,"mCalorie":1.47,"mOthersTime":0,"mRunTime":0,"mStartTime":76200000,"mTimeUnit":600000,"mWalkTime":26013,"runStep":0,"walkStep":39},{"distance":71.617,"mCalorie":3.4589999,"mOthersTime":0,"mRunTime":4400,"mStartTime":76800000,"mTimeUnit":600000,"mWalkTime":53360,"runStep":11,"walkStep":80},{"distance":8.95,"mCalorie":0.39,"mOthersTime":0,"mRunTime":0,"mStartTime":77400000,"mTimeUnit":600000,"mWalkTime":8004,"runStep":0,"walkStep":12},{"distance":6.36,"mCalorie":0.34,"mOthersTime":0,"mRunTime":0,"mStartTime":78000000,"mTimeUnit":600000,"mWalkTime":6003,"runStep":0,"walkStep":9},{"distance":17.108,"mCalorie":0.79,"mOthersTime":0,"mRunTime":0,"mStartTime":79200000,"mTimeUnit":600000,"mWalkTime":14674,"runStep":0,"walkStep":22},{"distance":88.499,"mCalorie":4.22,"mOthersTime":0,"mRunTime":3600,"mStartTime":79800000,"mTimeUnit":600000,"mWalkTime":69368,"runStep":9,"walkStep":104},{"distance":180.322,"mCalorie":8.86,"mOthersTime":0,"mRunTime":400,"mStartTime":80400000,"mTimeUnit":600000,"mWalkTime":168084,"runStep":1,"walkStep":252},{"distance":63.196,"mCalorie":2.6299999,"mOthersTime":0,"mRunTime":0,"mStartTime":81000000,"mTimeUnit":600000,"mWalkTime":53360,"runStep":0,"walkStep":80},{"distance":240.56,"mCalorie":12.3,"mOthersTime":0,"mRunTime":1200,"mStartTime":81600000,"mTimeUnit":600000,"mWalkTime":204072,"runStep":3,"walkStep":317},{"distance":23.39,"mCalorie":1.1,"mOthersTime":0,"mRunTime":0,"mStartTime":82200000,"mTimeUnit":600000,"mWalkTime":20677,"runStep":0,"walkStep":31},{"distance":32.072002,"mCalorie":1.46,"mOthersTime":0,"mRunTime":0,"mStartTime":84000000,"mTimeUnit":600000,"mWalkTime":28014,"runStep":0,"walkStep":42},{"distance":160.45,"mCalorie":8.07,"mOthersTime":0,"mRunTime":0,"mStartTime":84600000,"mTimeUnit":600000,"mWalkTime":124699,"runStep":0,"walkStep":212},{"distance":151.883,"mCalorie":7.19,"mOthersTime":0,"mRunTime":800,"mStartTime":85200000,"mTimeUnit":600000,"mWalkTime":132066,"runStep":2,"walkStep":198}],"version":1}