{"mAdaptiveGoal":0,"mIsGoalAchieved":false,"mIsMostActiveAchieved":false,"mMostActiveMinutes":0,"mStreakDayCount":0,"mUnitDataList":[{"distance":107.81,"mCalorie":5.4,"mOthersTime":0,"mRunTime":0,"mStartTime":22800000,"mTimeUnit":600000,"mWalkTime":101354,"runStep":0,"walkStep":154},{"distance":349.35,"mCalorie":18.460001,"mOthersTime":0,"mRunTime":2000,"mStartTime":23400000,"mTimeUnit":600000,"mWalkTime":269349,"runStep":5,"walkStep":459},{"distance":378.84003,"mCalorie":22.03,"mOthersTime":0,"mRunTime":0,"mStartTime":25200000,"mTimeUnit":600000,"mWalkTime":316735,"runStep":0,"walkStep":525},{"distance":51.43,"mCalorie":2.69,"mOthersTime":0,"mRunTime":0,"mStartTime":25800000,"mTimeUnit":600000,"mWalkTime":46023,"runStep":0,"walkStep":69},{"distance":44.09,"mCalorie":2.34,"mOthersTime":0,"mRunTime":0,"mStartTime":26400000,"mTimeUnit":600000,"mWalkTime":40687,"runStep":0,"walkStep":61},{"distance":24.130001,"mCalorie":1.23,"mOthersTime":0,"mRunTime":0,"mStartTime":34200000,"mTimeUnit":600000,"mWalkTime":22011,"runStep":0,"walkStep":33},{"distance":20.810001,"mCalorie":1.02,"mOthersTime":0,"mRunTime":0,"mStartTime":35400000,"mTimeUnit":600000,"mWalkTime":18009,"runStep":0,"walkStep":27},{"distance":62.17,"mCalorie":3.0,"mOthersTime":0,"mRunTime":0,"mStartTime":39600000,"mTimeUnit":600000,"mWalkTime":54027,"runStep":0,"walkStep":81},{"distance":69.06,"mCalorie":3.39,"mOthersTime":0,"mRunTime":0,"mStartTime":40200000,"mTimeUnit":600000,"mWalkTime":63365,"runStep":0,"walkStep":95},{"distance":96.07,"mCalorie":5.2199993,"mOthersTime":0,"mRunTime":1200,"mStartTime":40800000,"mTimeUnit":600000,"mWalkTime":86043,"runStep":3,"walkStep":129},{"distance":36.769997,"mCalorie":1.89,"mOthersTime":0,"mRunTime":800,"mStartTime":41400000,"mTimeUnit":600000,"mWalkTime":30682,"runStep":2,"walkStep":46},{"distance":169.57,"mCalorie":9.18,"mOthersTime":0,"mRunTime":0,"mStartTime":42000000,"mTimeUnit":600000,"mWalkTime":164749,"runStep":0,"walkStep":247},{"distance":38.92,"mCalorie":2.36,"mOthersTime":0,"mRunTime":0,"mStartTime":42600000,"mTimeUnit":600000,"mWalkTime":38019,"runStep":0,"walkStep":57},{"distance":102.689995,"mCalorie":5.44,"mOthersTime":0,"mRunTime":800,"mStartTime":43200000,"mTimeUnit":600000,"mWalkTime":91379,"runStep":2,"walkStep":137},{"distance":128.89,"mCalorie":6.6099997,"mOthersTime":0,"mRunTime":0,"mStartTime":43800000,"mTimeUnit":600000,"mWalkTime":117392,"runStep":0,"walkStep":176},{"distance":162.23001,"mCalorie":8.280001,"mOthersTime":0,"mRunTime":0,"mStartTime":44400000,"mTimeUnit":600000,"mWalkTime":149408,"runStep":0,"walkStep":224},{"distance":205.63,"mCalorie":10.67,"mOthersTime":0,"mRunTime":0,"mStartTime":46800000,"mTimeUnit":600000,"mWalkTime":173390,"runStep":0,"walkStep":275},{"distance":156.6,"mCalorie":8.13,"mOthersTime":0,"mRunTime":0,"mStartTime":47400000,"mTimeUnit":600000,"mWalkTime":124032,"runStep":0,"walkStep":207},{"distance":157.65,"mCalorie":7.8799996,"mOthersTime":0,"mRunTime":0,"mStartTime":49200000,"mTimeUnit":600000,"mWalkTime":140040,"runStep":0,"walkStep":215},{"distance":26.5,"mCalorie":1.28,"mOthersTime":0,"mRunTime":0,"mStartTime":49800000,"mTimeUnit":600000,"mWalkTime":24679,"runStep":0,"walkStep":37},{"distance":15.2,"mCalorie":0.69,"mOthersTime":0,"mRunTime":0,"mStartTime":55800000,"mTimeUnit":600000,"mWalkTime":13340,"runStep":0,"walkStep":20},{"distance":68.78,"mCalorie":3.6200001,"mOthersTime":0,"mRunTime":2800,"mStartTime":56400000,"mTimeUnit":600000,"mWalkTime":60697,"runStep":7,"walkStep":91},{"distance":153.14,"mCalorie":7.65,"mOthersTime":0,"mRunTime":2000,"mStartTime":57000000,"mTimeUnit":600000,"mWalkTime":135401,"runStep":5,"walkStep":203},{"distance":7.45,"mCalorie":0.44,"mOthersTime":0,"mRunTime":0,"mStartTime":58200000,"mTimeUnit":600000,"mWalkTime":7337,"runStep":0,"walkStep":11},{"distance":26.14,"mCalorie":1.0899999,"mOthersTime":0,"mRunTime":0,"mStartTime":58800000,"mTimeUnit":600000,"mWalkTime":22678,"runStep":0,"walkStep":34},{"distance":23.77,"mCalorie":1.09,"mOthersTime":0,"mRunTime":0,"mStartTime":60000000,"mTimeUnit":600000,"mWalkTime":22011,"runStep":0,"walkStep":33},{"distance":158.96,"mCalorie":7.8199997,"mOthersTime":0,"mRunTime":0,"mStartTime":60600000,"mTimeUnit":600000,"mWalkTime":143405,"runStep":0,"walkStep":215},{"distance":73.1,"mCalorie":3.86,"mOthersTime":0,"mRunTime":0,"mStartTime":61200000,"mTimeUnit":600000,"mWalkTime":68701,"runStep":0,"walkStep":103},{"distance":35.57,"mCalorie":1.75,"mOthersTime":0,"mRunTime":0,"mStartTime":61800000,"mTimeUnit":600000,"mWalkTime":32683,"runStep":0,"walkStep":49},{"distance":32.61,"mCalorie":1.59,"mOthersTime":0,"mRunTime":0,"mStartTime":62400000,"mTimeUnit":600000,"mWalkTime":30015,"runStep":0,"walkStep":45},{"distance":17.67,"mCalorie":0.88,"mOthersTime":0,"mRunTime":0,"mStartTime":64800000,"mTimeUnit":600000,"mWalkTime":16675,"runStep":0,"walkStep":25},{"distance":10.64,"mCalorie":0.6,"mOthersTime":0,"mRunTime":0,"mStartTime":65400000,"mTimeUnit":600000,"mWalkTime":10005,"runStep":0,"walkStep":15},{"distance":156.9,"mCalorie":8.650001,"mOthersTime":0,"mRunTime":0,"mStartTime":67800000,"mTimeUnit":600000,"mWalkTime":142041,"runStep":0,"walkStep":220},{"distance":128.66,"mCalorie":6.3,"mOthersTime":0,"mRunTime":0,"mStartTime":68400000,"mTimeUnit":600000,"mWalkTime":118059,"runStep":0,"walkStep":177},{"distance":39.340004,"mCalorie":2.06,"mOthersTime":0,"mRunTime":0,"mStartTime":69000000,"mTimeUnit":600000,"mWalkTime":36018,"runStep":0,"walkStep":54},{"distance":27.04,"mCalorie":1.1800001,"mOthersTime":0,"mRunTime":0,"mStartTime":71400000,"mTimeUnit":600000,"mWalkTime":22678,"runStep":0,"walkStep":34},{"distance":83.740005,"mCalorie":4.16,"mOthersTime":0,"mRunTime":0,"mStartTime":72000000,"mTimeUnit":600000,"mWalkTime":76705,"runStep":0,"walkStep":115},{"distance":105.85999,"mCalorie":4.93,"mOthersTime":0,"mRunTime":0,"mStartTime":72600000,"mTimeUnit":600000,"mWalkTime":94714,"runStep":0,"walkStep":142},{"distance":18.48,"mCalorie":0.95,"mOthersTime":0,"mRunTime":0,"mStartTime":73200000,"mTimeUnit":600000,"mWalkTime":17342,"runStep":0,"walkStep":26},{"distance":87.86,"mCalorie":4.7,"mOthersTime":0,"mRunTime":0,"mStartTime":75000000,"mTimeUnit":600000,"mWalkTime":80707,"runStep":0,"walkStep":121},{"distance":20.09,"mCalorie":0.70000005,"mOthersTime":0,"mRunTime":0,"mStartTime":78600000,"mTimeUnit":600000,"mWalkTime":16675,"runStep":0,"walkStep":25},{"distance":36.98,"mCalorie":1.9399999,"mOthersTime":0,"mRunTime":1600,"mStartTime":79200000,"mTimeUnit":600000,"mWalkTime":26680,"runStep":4,"walkStep":40},{"distance":11.55,"mCalorie":0.77,"mOthersTime":0,"mRunTime":1200,"mStartTime":82800000,"mTimeUnit":600000,"mWalkTime":6670,"runStep":3,"walkStep":10}],"version":1}