{"mActivityList":[{"mActiveTime":600000,"mActiveTimeType":2,"mCalorie":61.39,"mCategory":204,"mDetailInfoId":"94b43ece-1de9-da60-79a4-365f14623290","mDistance":0.0,"mDuration":600000,"mEndTime":51018180,"mStartTime":50418180,"mType":11007}],"mAdaptiveGoal":0,"mIsGoalAchieved":false,"mIsMostActiveAchieved":false,"mMostActiveMinutes":0,"mStreakDayCount":0,"mUnitDataList":[{"distance":9.55,"mCalorie":0.47,"mOthersTime":0,"mRunTime":0,"mStartTime":3000000,"mTimeUnit":600000,"mWalkTime":7337,"runStep":0,"walkStep":11},{"distance":13.67,"mCalorie":0.84,"mOthersTime":0,"mRunTime":1200,"mStartTime":18600000,"mTimeUnit":600000,"mWalkTime":8004,"runStep":3,"walkStep":12},{"distance":54.2,"mCalorie":2.6799998,"mOthersTime":0,"mRunTime":0,"mStartTime":21000000,"mTimeUnit":600000,"mWalkTime":48691,"runStep":0,"walkStep":73},{"distance":88.509995,"mCalorie":5.04,"mOthersTime":0,"mRunTime":800,"mStartTime":21600000,"mTimeUnit":600000,"mWalkTime":90045,"runStep":2,"walkStep":135},{"distance":49.56,"mCalorie":2.5499997,"mOthersTime":0,"mRunTime":0,"mStartTime":22200000,"mTimeUnit":600000,"mWalkTime":45356,"runStep":0,"walkStep":68},{"distance":49.050003,"mCalorie":2.6,"mOthersTime":0,"mRunTime":0,"mStartTime":25200000,"mTimeUnit":600000,"mWalkTime":45356,"runStep":0,"walkStep":68},{"distance":60.410004,"mCalorie":3.05,"mOthersTime":0,"mRunTime":0,"mStartTime":25800000,"mTimeUnit":600000,"mWalkTime":56695,"runStep":0,"walkStep":85},{"distance":28.89,"mCalorie":1.7,"mOthersTime":0,"mRunTime":800,"mStartTime":26400000,"mTimeUnit":600000,"mWalkTime":25346,"runStep":2,"walkStep":38},{"distance":45.39,"mCalorie":2.1599998,"mOthersTime":0,"mRunTime":0,"mStartTime":31200000,"mTimeUnit":600000,"mWalkTime":40687,"runStep":0,"walkStep":61},{"distance":25.06,"mCalorie":1.36,"mOthersTime":0,"mRunTime":0,"mStartTime":31800000,"mTimeUnit":600000,"mWalkTime":23345,"runStep":0,"walkStep":35},{"distance":9.46,"mCalorie":0.5,"mOthersTime":0,"mRunTime":0,"mStartTime":33000000,"mTimeUnit":600000,"mWalkTime":8671,"runStep":0,"walkStep":13},{"distance":56.4,"mCalorie":2.89,"mOthersTime":0,"mRunTime":4000,"mStartTime":34200000,"mTimeUnit":600000,"mWalkTime":38019,"runStep":10,"walkStep":57},{"distance":27.27,"mCalorie":1.29,"mOthersTime":0,"mRunTime":0,"mStartTime":34800000,"mTimeUnit":600000,"mWalkTime":24679,"runStep":0,"walkStep":37},{"distance":24.43,"mCalorie":1.37,"mOthersTime":0,"mRunTime":0,"mStartTime":35400000,"mTimeUnit":600000,"mWalkTime":23345,"runStep":0,"walkStep":35},{"distance":49.510002,"mCalorie":2.57,"mOthersTime":0,"mRunTime":400,"mStartTime":36000000,"mTimeUnit":600000,"mWalkTime":44689,"runStep":1,"walkStep":67},{"distance":15.030001,"mCalorie":0.77,"mOthersTime":0,"mRunTime":0,"mStartTime":36600000,"mTimeUnit":600000,"mWalkTime":14007,"runStep":0,"walkStep":21},{"distance":65.07,"mCalorie":3.09,"mOthersTime":0,"mRunTime":0,"mStartTime":37200000,"mTimeUnit":600000,"mWalkTime":58029,"runStep":0,"walkStep":87},{"distance":42.239998,"mCalorie":2.04,"mOthersTime":0,"mRunTime":0,"mStartTime":37800000,"mTimeUnit":600000,"mWalkTime":38019,"runStep":0,"walkStep":57},{"distance":76.03999,"mCalorie":3.87,"mOthersTime":0,"mRunTime":1200,"mStartTime":38400000,"mTimeUnit":600000,"mWalkTime":64699,"runStep":3,"walkStep":97},{"distance":8.2,"mCalorie":0.26,"mOthersTime":0,"mRunTime":0,"mStartTime":39000000,"mTimeUnit":600000,"mWalkTime":6670,"runStep":0,"walkStep":10},{"distance":44.86,"mCalorie":2.1399999,"mOthersTime":0,"mRunTime":0,"mStartTime":40800000,"mTimeUnit":600000,"mWalkTime":40020,"runStep":0,"walkStep":60},{"distance":22.74,"mCalorie":1.1700001,"mOthersTime":0,"mRunTime":0,"mStartTime":41400000,"mTimeUnit":600000,"mWalkTime":20677,"runStep":0,"walkStep":31},{"distance":21.02,"mCalorie":0.96,"mOthersTime":0,"mRunTime":0,"mStartTime":42000000,"mTimeUnit":600000,"mWalkTime":18676,"runStep":0,"walkStep":28},{"distance":19.369999,"mCalorie":0.9,"mOthersTime":0,"mRunTime":0,"mStartTime":42600000,"mTimeUnit":600000,"mWalkTime":16008,"runStep":0,"walkStep":24},{"distance":29.060001,"mCalorie":2.01,"mOthersTime":0,"mRunTime":3200,"mStartTime":43200000,"mTimeUnit":600000,"mWalkTime":18009,"runStep":8,"walkStep":27},{"distance":92.670006,"mCalorie":4.5599995,"mOthersTime":0,"mRunTime":800,"mStartTime":43800000,"mTimeUnit":600000,"mWalkTime":80040,"runStep":2,"walkStep":120},{"distance":191.0,"mCalorie":10.37,"mOthersTime":0,"mRunTime":3600,"mStartTime":44400000,"mTimeUnit":600000,"mWalkTime":173420,"runStep":9,"walkStep":260},{"distance":10.66,"mCalorie":0.46,"mOthersTime":0,"mRunTime":0,"mStartTime":45000000,"mTimeUnit":600000,"mWalkTime":9338,"runStep":0,"walkStep":14},{"distance":354.433,"mCalorie":18.769999,"mOthersTime":0,"mRunTime":0,"mStartTime":45600000,"mTimeUnit":600000,"mWalkTime":328831,"runStep":0,"walkStep":493},{"distance":553.50903,"mCalorie":30.750002,"mOthersTime":0,"mRunTime":0,"mStartTime":46200000,"mTimeUnit":600000,"mWalkTime":505466,"runStep":0,"walkStep":781},{"distance":90.26,"mCalorie":4.87,"mOthersTime":0,"mRunTime":0,"mStartTime":46800000,"mTimeUnit":600000,"mWalkTime":84042,"runStep":0,"walkStep":126},{"distance":163.9,"mCalorie":8.189999,"mOthersTime":0,"mRunTime":0,"mStartTime":48600000,"mTimeUnit":600000,"mWalkTime":134037,"runStep":0,"walkStep":219},{"distance":138.28,"mCalorie":6.83,"mOthersTime":0,"mRunTime":0,"mStartTime":49200000,"mTimeUnit":600000,"mWalkTime":117362,"runStep":0,"walkStep":187},{"distance":121.92,"mCalorie":7.0,"mOthersTime":0,"mRunTime":0,"mStartTime":49800000,"mTimeUnit":600000,"mWalkTime":114057,"runStep":0,"walkStep":171},{"distance":12.16242,"mCalorie":60.18739,"mOthersTime":581820,"mRunTime":0,"mStartTime":50400000,"mTimeUnit":600000,"mWalkTime":11317,"runStep":0,"walkStep":631},{"distance":130.11023,"mCalorie":8.061037,"mOthersTime":18180,"mRunTime":400,"mStartTime":51000000,"mTimeUnit":600000,"mWalkTime":111368,"runStep":1,"walkStep":170},{"distance":78.03,"mCalorie":4.02,"mOthersTime":0,"mRunTime":2000,"mStartTime":51600000,"mTimeUnit":600000,"mWalkTime":66700,"runStep":5,"walkStep":100},{"distance":181.96999,"mCalorie":8.44,"mOthersTime":0,"mRunTime":0,"mStartTime":52200000,"mTimeUnit":600000,"mWalkTime":160747,"runStep":0,"walkStep":241},{"distance":76.240005,"mCalorie":3.8200002,"mOthersTime":0,"mRunTime":800,"mStartTime":52800000,"mTimeUnit":600000,"mWalkTime":62698,"runStep":2,"walkStep":94},{"distance":18.79,"mCalorie":0.97,"mOthersTime":0,"mRunTime":0,"mStartTime":53400000,"mTimeUnit":600000,"mWalkTime":18009,"runStep":0,"walkStep":27},{"distance":69.21,"mCalorie":3.65,"mOthersTime":0,"mRunTime":3200,"mStartTime":54000000,"mTimeUnit":600000,"mWalkTime":51359,"runStep":8,"walkStep":77},{"distance":55.239998,"mCalorie":2.88,"mOthersTime":0,"mRunTime":0,"mStartTime":54600000,"mTimeUnit":600000,"mWalkTime":52026,"runStep":0,"walkStep":78},{"distance":207.5,"mCalorie":11.84,"mOthersTime":0,"mRunTime":17600,"mStartTime":55200000,"mTimeUnit":600000,"mWalkTime":128731,"runStep":44,"walkStep":193},{"distance":178.3,"mCalorie":10.42,"mOthersTime":0,"mRunTime":16000,"mStartTime":55800000,"mTimeUnit":600000,"mWalkTime":121394,"runStep":40,"walkStep":182},{"distance":175.97,"mCalorie":9.03,"mOthersTime":0,"mRunTime":400,"mStartTime":56400000,"mTimeUnit":600000,"mWalkTime":157412,"runStep":1,"walkStep":236},{"distance":130.9,"mCalorie":6.9,"mOthersTime":0,"mRunTime":3600,"mStartTime":57000000,"mTimeUnit":600000,"mWalkTime":106720,"runStep":9,"walkStep":160},{"distance":144.57,"mCalorie":7.39,"mOthersTime":0,"mRunTime":0,"mStartTime":57600000,"mTimeUnit":600000,"mWalkTime":130732,"runStep":0,"walkStep":196},{"distance":221.03,"mCalorie":11.869999,"mOthersTime":0,"mRunTime":1600,"mStartTime":58200000,"mTimeUnit":600000,"mWalkTime":198099,"runStep":4,"walkStep":297},{"distance":50.57,"mCalorie":2.56,"mOthersTime":0,"mRunTime":0,"mStartTime":58800000,"mTimeUnit":600000,"mWalkTime":46023,"runStep":0,"walkStep":69},{"distance":9.37,"mCalorie":0.4,"mOthersTime":0,"mRunTime":0,"mStartTime":59400000,"mTimeUnit":600000,"mWalkTime":8004,"runStep":0,"walkStep":12},{"distance":19.63,"mCalorie":1.04,"mOthersTime":0,"mRunTime":0,"mStartTime":60000000,"mTimeUnit":600000,"mWalkTime":18009,"runStep":0,"walkStep":27},{"distance":174.81,"mCalorie":9.3,"mOthersTime":0,"mRunTime":0,"mStartTime":60600000,"mTimeUnit":600000,"mWalkTime":162081,"runStep":0,"walkStep":243},{"distance":335.13,"mCalorie":15.96,"mOthersTime":0,"mRunTime":0,"mStartTime":61200000,"mTimeUnit":600000,"mWalkTime":299483,"runStep":0,"walkStep":449},{"distance":287.19998,"mCalorie":13.250001,"mOthersTime":0,"mRunTime":0,"mStartTime":61800000,"mTimeUnit":600000,"mWalkTime":238756,"runStep":0,"walkStep":384},{"distance":33.47,"mCalorie":1.72,"mOthersTime":0,"mRunTime":0,"mStartTime":62400000,"mTimeUnit":600000,"mWalkTime":30682,"runStep":0,"walkStep":46},{"distance":32.57,"mCalorie":1.61,"mOthersTime":0,"mRunTime":0,"mStartTime":63600000,"mTimeUnit":600000,"mWalkTime":30682,"runStep":0,"walkStep":46},{"distance":45.800003,"mCalorie":2.11,"mOthersTime":0,"mRunTime":0,"mStartTime":64200000,"mTimeUnit":600000,"mWalkTime":42021,"runStep":0,"walkStep":63},{"distance":19.68,"mCalorie":0.95,"mOthersTime":0,"mRunTime":0,"mStartTime":64800000,"mTimeUnit":600000,"mWalkTime":16008,"runStep":0,"walkStep":24},{"distance":6.79,"mCalorie":0.41,"mOthersTime":0,"mRunTime":0,"mStartTime":65400000,"mTimeUnit":600000,"mWalkTime":6670,"runStep":0,"walkStep":10},{"distance":7.48,"mCalorie":0.42,"mOthersTime":0,"mRunTime":0,"mStartTime":67800000,"mTimeUnit":600000,"mWalkTime":7337,"runStep":0,"walkStep":11},{"distance":42.61,"mCalorie":2.39,"mOthersTime":0,"mRunTime":2400,"mStartTime":68400000,"mTimeUnit":600000,"mWalkTime":32683,"runStep":6,"walkStep":49},{"distance":46.409996,"mCalorie":2.5700002,"mOthersTime":0,"mRunTime":2800,"mStartTime":69000000,"mTimeUnit":600000,"mWalkTime":33350,"runStep":7,"walkStep":50},{"distance":9.06,"mCalorie":0.43,"mOthersTime":0,"mRunTime":0,"mStartTime":70800000,"mTimeUnit":600000,"mWalkTime":8671,"runStep":0,"walkStep":13},{"distance":72.188995,"mCalorie":3.9,"mOthersTime":0,"mRunTime":3600,"mStartTime":72600000,"mTimeUnit":600000,"mWalkTime":51359,"runStep":9,"walkStep":77},{"distance":95.13,"mCalorie":5.35,"mOthersTime":0,"mRunTime":2400,"mStartTime":73200000,"mTimeUnit":600000,"mWalkTime":92046,"runStep":6,"walkStep":138},{"distance":103.14,"mCalorie":5.24,"mOthersTime":0,"mRunTime":0,"mStartTime":73800000,"mTimeUnit":600000,"mWalkTime":92713,"runStep":0,"walkStep":139},{"distance":114.85,"mCalorie":6.11,"mOthersTime":0,"mRunTime":0,"mStartTime":76200000,"mTimeUnit":600000,"mWalkTime":103385,"runStep":0,"walkStep":155},{"distance":4.73,"mCalorie":0.31,"mOthersTime":0,"mRunTime":0,"mStartTime":76800000,"mTimeUnit":600000,"mWalkTime":4669,"runStep":0,"walkStep":7},{"distance":88.94,"mCalorie":4.58,"mOthersTime":0,"mRunTime":0,"mStartTime":77400000,"mTimeUnit":600000,"mWalkTime":82041,"runStep":0,"walkStep":123},{"distance":25.77,"mCalorie":1.26,"mOthersTime":0,"mRunTime":400,"mStartTime":78000000,"mTimeUnit":600000,"mWalkTime":19343,"runStep":1,"walkStep":29}],"version":1}