{"mActivityList":[{"mActiveTime":633760,"mActiveTimeType":2,"mCalorie":116.41,"mCategory":204,"mDetailInfoId":"61e0cd32-d86f-b001-e48e-7490728850d5","mDistance":0.0,"mDuration":633760,"mEndTime":53545834,"mStartTime":52912074,"mType":11007},{"mActiveTime":655889,"mActiveTimeType":2,"mCalorie":105.0,"mCategory":204,"mDetailInfoId":"18375bd0-08d4-89e3-cccf-19a8898e7db8","mDistance":0.0,"mDuration":655889,"mEndTime":59241845,"mStartTime":58585956,"mType":0}],"mAdaptiveGoal":0,"mIsGoalAchieved":false,"mIsMostActiveAchieved":false,"mMostActiveMinutes":0,"mStreakDayCount":0,"mUnitDataList":[{"distance":34.609,"mCalorie":1.681,"mOthersTime":0,"mRunTime":0,"mStartTime":12000000,"mTimeUnit":600000,"mWalkTime":31349,"runStep":0,"walkStep":47},{"distance":17.52,"mCalorie":0.92999995,"mOthersTime":0,"mRunTime":0,"mStartTime":12600000,"mTimeUnit":600000,"mWalkTime":16008,"runStep":0,"walkStep":24},{"distance":15.995,"mCalorie":0.74,"mOthersTime":0,"mRunTime":0,"mStartTime":13800000,"mTimeUnit":600000,"mWalkTime":14007,"runStep":0,"walkStep":21},{"distance":9.93,"mCalorie":0.42,"mOthersTime":0,"mRunTime":0,"mStartTime":14400000,"mTimeUnit":600000,"mWalkTime":8671,"runStep":0,"walkStep":13},{"distance":26.400002,"mCalorie":1.3499999,"mOthersTime":0,"mRunTime":0,"mStartTime":16800000,"mTimeUnit":600000,"mWalkTime":24012,"runStep":0,"walkStep":36},{"distance":36.257,"mCalorie":2.069,"mOthersTime":0,"mRunTime":1200,"mStartTime":18000000,"mTimeUnit":600000,"mWalkTime":28014,"runStep":3,"walkStep":42},{"distance":29.459,"mCalorie":1.55,"mOthersTime":0,"mRunTime":0,"mStartTime":27000000,"mTimeUnit":600000,"mWalkTime":27347,"runStep":0,"walkStep":41},{"distance":17.65,"mCalorie":0.87,"mOthersTime":0,"mRunTime":0,"mStartTime":33000000,"mTimeUnit":600000,"mWalkTime":16008,"runStep":0,"walkStep":24},{"distance":35.54,"mCalorie":1.73,"mOthersTime":0,"mRunTime":0,"mStartTime":33600000,"mTimeUnit":600000,"mWalkTime":32683,"runStep":0,"walkStep":49},{"distance":138.543,"mCalorie":6.7110004,"mOthersTime":0,"mRunTime":0,"mStartTime":36600000,"mTimeUnit":600000,"mWalkTime":122061,"runStep":0,"walkStep":183},{"distance":151.06001,"mCalorie":10.349999,"mOthersTime":0,"mRunTime":0,"mStartTime":37200000,"mTimeUnit":600000,"mWalkTime":159413,"runStep":0,"walkStep":239},{"distance":145.18001,"mCalorie":8.28,"mOthersTime":0,"mRunTime":0,"mStartTime":37800000,"mTimeUnit":600000,"mWalkTime":143405,"runStep":0,"walkStep":215},{"distance":38.63,"mCalorie":1.76,"mOthersTime":0,"mRunTime":0,"mStartTime":38400000,"mTimeUnit":600000,"mWalkTime":34017,"runStep":0,"walkStep":51},{"distance":164.32901,"mCalorie":8.46,"mOthersTime":0,"mRunTime":0,"mStartTime":39000000,"mTimeUnit":600000,"mWalkTime":133370,"runStep":0,"walkStep":218},{"distance":369.91,"mCalorie":18.210001,"mOthersTime":0,"mRunTime":0,"mStartTime":39600000,"mTimeUnit":600000,"mWalkTime":302061,"runStep":0,"walkStep":492},{"distance":396.74002,"mCalorie":21.269999,"mOthersTime":0,"mRunTime":0,"mStartTime":40200000,"mTimeUnit":600000,"mWalkTime":363425,"runStep":0,"walkStep":551},{"distance":218.95999,"mCalorie":11.75,"mOthersTime":0,"mRunTime":0,"mStartTime":40800000,"mTimeUnit":600000,"mWalkTime":195401,"runStep":0,"walkStep":297},{"distance":182.05002,"mCalorie":9.82,"mOthersTime":0,"mRunTime":0,"mStartTime":41400000,"mTimeUnit":600000,"mWalkTime":155381,"runStep":0,"walkStep":246},{"distance":170.5,"mCalorie":8.72,"mOthersTime":0,"mRunTime":0,"mStartTime":42000000,"mTimeUnit":600000,"mWalkTime":146710,"runStep":0,"walkStep":232},{"distance":149.647,"mCalorie":7.691,"mOthersTime":0,"mRunTime":0,"mStartTime":42600000,"mTimeUnit":600000,"mWalkTime":137402,"runStep":0,"walkStep":206},{"distance":91.37999,"mCalorie":4.7200003,"mOthersTime":0,"mRunTime":0,"mStartTime":43200000,"mTimeUnit":600000,"mWalkTime":85376,"runStep":0,"walkStep":128},{"distance":9.22,"mCalorie":0.49999997,"mOthersTime":0,"mRunTime":0,"mStartTime":43800000,"mTimeUnit":600000,"mWalkTime":8671,"runStep":0,"walkStep":13},{"distance":9.9,"mCalorie":0.54,"mOthersTime":0,"mRunTime":0,"mStartTime":45600000,"mTimeUnit":600000,"mWalkTime":9338,"runStep":0,"walkStep":14},{"distance":50.64,"mCalorie":2.52,"mOthersTime":0,"mRunTime":2000,"mStartTime":46200000,"mTimeUnit":600000,"mWalkTime":38686,"runStep":5,"walkStep":58},{"distance":20.19,"mCalorie":1.1800001,"mOthersTime":0,"mRunTime":0,"mStartTime":47400000,"mTimeUnit":600000,"mWalkTime":18009,"runStep":0,"walkStep":27},{"distance":7.06,"mCalorie":0.56,"mOthersTime":0,"mRunTime":400,"mStartTime":48000000,"mTimeUnit":600000,"mWalkTime":6670,"runStep":1,"walkStep":10},{"distance":111.466,"mCalorie":6.0299997,"mOthersTime":0,"mRunTime":0,"mStartTime":49200000,"mTimeUnit":600000,"mWalkTime":112056,"runStep":0,"walkStep":168},{"distance":204.74998,"mCalorie":12.2300005,"mOthersTime":0,"mRunTime":0,"mStartTime":49800000,"mTimeUnit":600000,"mWalkTime":195431,"runStep":0,"walkStep":293},{"distance":301.407,"mCalorie":16.9,"mOthersTime":0,"mRunTime":0,"mStartTime":50400000,"mTimeUnit":600000,"mWalkTime":284142,"runStep":0,"walkStep":426},{"distance":336.57,"mCalorie":17.75,"mOthersTime":0,"mRunTime":0,"mStartTime":51000000,"mTimeUnit":600000,"mWalkTime":293420,"runStep":0,"walkStep":457},{"distance":80.78,"mCalorie":3.92,"mOthersTime":0,"mRunTime":0,"mStartTime":51600000,"mTimeUnit":600000,"mWalkTime":71369,"runStep":0,"walkStep":107},{"distance":418.638,"mCalorie":20.619001,"mOthersTime":0,"mRunTime":0,"mStartTime":52200000,"mTimeUnit":600000,"mWalkTime":342748,"runStep":0,"walkStep":553},{"distance":10.79,"mCalorie":90.042984,"mOthersTime":487925,"mRunTime":0,"mStartTime":52800000,"mTimeUnit":600000,"mWalkTime":9338,"runStep":0,"walkStep":445},{"distance":96.85,"mCalorie":31.627012,"mOthersTime":145834,"mRunTime":0,"mStartTime":53400000,"mTimeUnit":600000,"mWalkTime":84709,"runStep":0,"walkStep":252},{"distance":66.58,"mCalorie":3.4099998,"mOthersTime":0,"mRunTime":0,"mStartTime":54000000,"mTimeUnit":600000,"mWalkTime":60697,"runStep":0,"walkStep":91},{"distance":61.239998,"mCalorie":2.9899998,"mOthersTime":0,"mRunTime":0,"mStartTime":54600000,"mTimeUnit":600000,"mWalkTime":55361,"runStep":0,"walkStep":83},{"distance":60.36,"mCalorie":3.15,"mOthersTime":0,"mRunTime":0,"mStartTime":55200000,"mTimeUnit":600000,"mWalkTime":55361,"runStep":0,"walkStep":83},{"distance":21.380001,"mCalorie":1.38,"mOthersTime":0,"mRunTime":2000,"mStartTime":55800000,"mTimeUnit":600000,"mWalkTime":14007,"runStep":5,"walkStep":21},{"distance":164.21,"mCalorie":8.66,"mOthersTime":0,"mRunTime":0,"mStartTime":56400000,"mTimeUnit":600000,"mWalkTime":152743,"runStep":0,"walkStep":229},{"distance":79.21,"mCalorie":4.12,"mOthersTime":0,"mRunTime":0,"mStartTime":57000000,"mTimeUnit":600000,"mWalkTime":73370,"runStep":0,"walkStep":110},{"distance":76.96999,"mCalorie":3.92,"mOthersTime":0,"mRunTime":0,"mStartTime":57600000,"mTimeUnit":600000,"mWalkTime":70035,"runStep":0,"walkStep":105},{"distance":84.13096,"mCalorie":38.594444,"mOthersTime":214044,"mRunTime":0,"mStartTime":58200000,"mTimeUnit":600000,"mWalkTime":77068,"runStep":7,"walkStep":227},{"distance":42.346794,"mCalorie":72.63103,"mOthersTime":441845,"mRunTime":0,"mStartTime":58800000,"mTimeUnit":600000,"mWalkTime":38313,"runStep":0,"walkStep":416},{"distance":281.43,"mCalorie":14.960001,"mOthersTime":0,"mRunTime":0,"mStartTime":59400000,"mTimeUnit":600000,"mWalkTime":259463,"runStep":0,"walkStep":389},{"distance":194.31999,"mCalorie":9.99,"mOthersTime":0,"mRunTime":0,"mStartTime":60000000,"mTimeUnit":600000,"mWalkTime":179423,"runStep":0,"walkStep":269},{"distance":110.829,"mCalorie":5.8599997,"mOthersTime":0,"mRunTime":1600,"mStartTime":60600000,"mTimeUnit":600000,"mWalkTime":97382,"runStep":4,"walkStep":146},{"distance":24.673,"mCalorie":1.02,"mOthersTime":0,"mRunTime":0,"mStartTime":62400000,"mTimeUnit":600000,"mWalkTime":20677,"runStep":0,"walkStep":31},{"distance":18.26,"mCalorie":0.83,"mOthersTime":0,"mRunTime":0,"mStartTime":63600000,"mTimeUnit":600000,"mWalkTime":16008,"runStep":0,"walkStep":24},{"distance":93.33,"mCalorie":4.64,"mOthersTime":0,"mRunTime":0,"mStartTime":64200000,"mTimeUnit":600000,"mWalkTime":86043,"runStep":0,"walkStep":129},{"distance":116.626,"mCalorie":7.04,"mOthersTime":0,"mRunTime":17600,"mStartTime":64800000,"mTimeUnit":600000,"mWalkTime":68034,"runStep":44,"walkStep":102},{"distance":264.07,"mCalorie":16.540998,"mOthersTime":0,"mRunTime":34400,"mStartTime":65400000,"mTimeUnit":600000,"mWalkTime":149408,"runStep":86,"walkStep":224},{"distance":156.848,"mCalorie":8.99,"mOthersTime":0,"mRunTime":15200,"mStartTime":66000000,"mTimeUnit":600000,"mWalkTime":102051,"runStep":38,"walkStep":153},{"distance":198.84299,"mCalorie":11.389,"mOthersTime":0,"mRunTime":12000,"mStartTime":66600000,"mTimeUnit":600000,"mWalkTime":143405,"runStep":30,"walkStep":215},{"distance":228.31598,"mCalorie":12.201,"mOthersTime":0,"mRunTime":7200,"mStartTime":67200000,"mTimeUnit":600000,"mWalkTime":191429,"runStep":18,"walkStep":287},{"distance":211.321,"mCalorie":10.37,"mOthersTime":0,"mRunTime":4400,"mStartTime":67800000,"mTimeUnit":600000,"mWalkTime":178756,"runStep":11,"walkStep":268},{"distance":25.953999,"mCalorie":1.39,"mOthersTime":0,"mRunTime":0,"mStartTime":68400000,"mTimeUnit":600000,"mWalkTime":24012,"runStep":0,"walkStep":36},{"distance":23.94,"mCalorie":1.21,"mOthersTime":0,"mRunTime":0,"mStartTime":71400000,"mTimeUnit":600000,"mWalkTime":21344,"runStep":0,"walkStep":32},{"distance":34.64,"mCalorie":1.67,"mOthersTime":0,"mRunTime":0,"mStartTime":74400000,"mTimeUnit":600000,"mWalkTime":30015,"runStep":0,"walkStep":45},{"distance":21.84,"mCalorie":1.07,"mOthersTime":0,"mRunTime":0,"mStartTime":75600000,"mTimeUnit":600000,"mWalkTime":20010,"runStep":0,"walkStep":30},{"distance":32.11,"mCalorie":1.5699999,"mOthersTime":0,"mRunTime":0,"mStartTime":76200000,"mTimeUnit":600000,"mWalkTime":30015,"runStep":0,"walkStep":45},{"distance":9.55,"mCalorie":0.54,"mOthersTime":0,"mRunTime":0,"mStartTime":76800000,"mTimeUnit":600000,"mWalkTime":9338,"runStep":0,"walkStep":14},{"distance":11.38,"mCalorie":0.54999995,"mOthersTime":0,"mRunTime":0,"mStartTime":77400000,"mTimeUnit":600000,"mWalkTime":10005,"runStep":0,"walkStep":15},{"distance":8.23,"mCalorie":0.44,"mOthersTime":0,"mRunTime":0,"mStartTime":79200000,"mTimeUnit":600000,"mWalkTime":8004,"runStep":0,"walkStep":12},{"distance":42.36,"mCalorie":1.92,"mOthersTime":0,"mRunTime":0,"mStartTime":79800000,"mTimeUnit":600000,"mWalkTime":37352,"runStep":0,"walkStep":56},{"distance":33.23,"mCalorie":1.7099999,"mOthersTime":0,"mRunTime":0,"mStartTime":82800000,"mTimeUnit":600000,"mWalkTime":30015,"runStep":0,"walkStep":45}],"version":1}