{"mAdaptiveGoal":0,"mIsGoalAchieved":false,"mIsMostActiveAchieved":false,"mMostActiveMinutes":0,"mStreakDayCount":0,"mUnitDataList":[{"distance":22.369999,"mCalorie":1.3199999,"mOthersTime":0,"mRunTime":0,"mStartTime":7800000,"mTimeUnit":600000,"mWalkTime":18009,"runStep":0,"walkStep":27},{"distance":17.26,"mCalorie":0.81,"mOthersTime":0,"mRunTime":0,"mStartTime":22800000,"mTimeUnit":600000,"mWalkTime":15341,"runStep":0,"walkStep":23},{"distance":99.409996,"mCalorie":5.6800003,"mOthersTime":0,"mRunTime":0,"mStartTime":23400000,"mTimeUnit":600000,"mWalkTime":102051,"runStep":0,"walkStep":153},{"distance":222.12,"mCalorie":11.110001,"mOthersTime":0,"mRunTime":6000,"mStartTime":24000000,"mTimeUnit":600000,"mWalkTime":173390,"runStep":15,"walkStep":278},{"distance":56.980003,"mCalorie":2.8600001,"mOthersTime":0,"mRunTime":0,"mStartTime":24600000,"mTimeUnit":600000,"mWalkTime":52026,"runStep":0,"walkStep":78},{"distance":7.86,"mCalorie":0.42,"mOthersTime":0,"mRunTime":0,"mStartTime":25200000,"mTimeUnit":600000,"mWalkTime":7337,"runStep":0,"walkStep":11},{"distance":236.07999,"mCalorie":11.5,"mOthersTime":0,"mRunTime":0,"mStartTime":26400000,"mTimeUnit":600000,"mWalkTime":184032,"runStep":0,"walkStep":312},{"distance":139.359,"mCalorie":7.43,"mOthersTime":0,"mRunTime":0,"mStartTime":27600000,"mTimeUnit":600000,"mWalkTime":129398,"runStep":0,"walkStep":194},{"distance":80.05,"mCalorie":4.24,"mOthersTime":0,"mRunTime":0,"mStartTime":28200000,"mTimeUnit":600000,"mWalkTime":72036,"runStep":0,"walkStep":108},{"distance":73.64,"mCalorie":3.5900002,"mOthersTime":0,"mRunTime":0,"mStartTime":28800000,"mTimeUnit":600000,"mWalkTime":66700,"runStep":0,"walkStep":100},{"distance":28.307999,"mCalorie":1.4200001,"mOthersTime":0,"mRunTime":0,"mStartTime":29400000,"mTimeUnit":600000,"mWalkTime":26013,"runStep":0,"walkStep":39},{"distance":16.83,"mCalorie":0.9000001,"mOthersTime":0,"mRunTime":0,"mStartTime":30000000,"mTimeUnit":600000,"mWalkTime":16008,"runStep":0,"walkStep":24},{"distance":19.43,"mCalorie":0.99,"mOthersTime":0,"mRunTime":400,"mStartTime":32400000,"mTimeUnit":600000,"mWalkTime":13340,"runStep":1,"walkStep":20},{"distance":9.61,"mCalorie":0.59,"mOthersTime":0,"mRunTime":400,"mStartTime":33000000,"mTimeUnit":600000,"mWalkTime":6670,"runStep":1,"walkStep":10},{"distance":38.36,"mCalorie":2.0,"mOthersTime":0,"mRunTime":0,"mStartTime":33600000,"mTimeUnit":600000,"mWalkTime":35351,"runStep":0,"walkStep":53},{"distance":13.2,"mCalorie":0.6,"mOthersTime":0,"mRunTime":0,"mStartTime":34200000,"mTimeUnit":600000,"mWalkTime":11339,"runStep":0,"walkStep":17},{"distance":31.96,"mCalorie":1.6600001,"mOthersTime":0,"mRunTime":0,"mStartTime":34800000,"mTimeUnit":600000,"mWalkTime":29348,"runStep":0,"walkStep":44},{"distance":99.619995,"mCalorie":4.9,"mOthersTime":0,"mRunTime":0,"mStartTime":35400000,"mTimeUnit":600000,"mWalkTime":90045,"runStep":0,"walkStep":135},{"distance":9.9,"mCalorie":0.46,"mOthersTime":0,"mRunTime":0,"mStartTime":37200000,"mTimeUnit":600000,"mWalkTime":8671,"runStep":0,"walkStep":13},{"distance":4.91,"mCalorie":0.26,"mOthersTime":0,"mRunTime":0,"mStartTime":38400000,"mTimeUnit":600000,"mWalkTime":4669,"runStep":0,"walkStep":7},{"distance":39.970997,"mCalorie":2.1299999,"mOthersTime":0,"mRunTime":0,"mStartTime":39600000,"mTimeUnit":600000,"mWalkTime":36018,"runStep":0,"walkStep":54},{"distance":20.599998,"mCalorie":1.21,"mOthersTime":0,"mRunTime":1200,"mStartTime":40200000,"mTimeUnit":600000,"mWalkTime":14674,"runStep":3,"walkStep":22},{"distance":19.980003,"mCalorie":0.9299999,"mOthersTime":0,"mRunTime":1200,"mStartTime":40800000,"mTimeUnit":600000,"mWalkTime":15341,"runStep":3,"walkStep":23},{"distance":104.25,"mCalorie":6.3499994,"mOthersTime":0,"mRunTime":0,"mStartTime":41400000,"mTimeUnit":600000,"mWalkTime":99383,"runStep":0,"walkStep":149},{"distance":259.21002,"mCalorie":13.32,"mOthersTime":0,"mRunTime":0,"mStartTime":42000000,"mTimeUnit":600000,"mWalkTime":227387,"runStep":0,"walkStep":356},{"distance":180.81,"mCalorie":9.4,"mOthersTime":0,"mRunTime":0,"mStartTime":42600000,"mTimeUnit":600000,"mWalkTime":157382,"runStep":0,"walkStep":245},{"distance":58.11,"mCalorie":2.97,"mOthersTime":0,"mRunTime":0,"mStartTime":43800000,"mTimeUnit":600000,"mWalkTime":53360,"runStep":0,"walkStep":80},{"distance":178.36998,"mCalorie":9.199999,"mOthersTime":0,"mRunTime":0,"mStartTime":45000000,"mTimeUnit":600000,"mWalkTime":146013,"runStep":0,"walkStep":241},{"distance":86.951,"mCalorie":4.2400002,"mOthersTime":0,"mRunTime":0,"mStartTime":45600000,"mTimeUnit":600000,"mWalkTime":80040,"runStep":0,"walkStep":120},{"distance":2.98,"mCalorie":0.14,"mOthersTime":0,"mRunTime":0,"mStartTime":46200000,"mTimeUnit":600000,"mWalkTime":2668,"runStep":0,"walkStep":4},{"distance":8.241,"mCalorie":0.2,"mOthersTime":0,"mRunTime":0,"mStartTime":46800000,"mTimeUnit":600000,"mWalkTime":6670,"runStep":0,"walkStep":10},{"distance":15.899,"mCalorie":0.97,"mOthersTime":0,"mRunTime":0,"mStartTime":47400000,"mTimeUnit":600000,"mWalkTime":15341,"runStep":0,"walkStep":23},{"distance":19.529999,"mCalorie":1.03,"mOthersTime":0,"mRunTime":0,"mStartTime":49800000,"mTimeUnit":600000,"mWalkTime":18009,"runStep":0,"walkStep":27},{"distance":19.319,"mCalorie":1.19,"mOthersTime":0,"mRunTime":4400,"mStartTime":51000000,"mTimeUnit":600000,"mWalkTime":6670,"runStep":11,"walkStep":10},{"distance":50.622,"mCalorie":2.79,"mOthersTime":0,"mRunTime":2000,"mStartTime":51600000,"mTimeUnit":600000,"mWalkTime":39353,"runStep":5,"walkStep":59},{"distance":29.310001,"mCalorie":1.44,"mOthersTime":0,"mRunTime":0,"mStartTime":52800000,"mTimeUnit":600000,"mWalkTime":26680,"runStep":0,"walkStep":40},{"distance":5.01,"mCalorie":0.26,"mOthersTime":0,"mRunTime":0,"mStartTime":55800000,"mTimeUnit":600000,"mWalkTime":4669,"runStep":0,"walkStep":7},{"distance":62.510002,"mCalorie":3.35,"mOthersTime":0,"mRunTime":400,"mStartTime":57600000,"mTimeUnit":600000,"mWalkTime":51359,"runStep":1,"walkStep":77},{"distance":131.95,"mCalorie":8.0,"mOthersTime":0,"mRunTime":3600,"mStartTime":58200000,"mTimeUnit":600000,"mWalkTime":129398,"runStep":9,"walkStep":194},{"distance":226.56,"mCalorie":13.669999,"mOthersTime":0,"mRunTime":0,"mStartTime":58800000,"mTimeUnit":600000,"mWalkTime":218109,"runStep":0,"walkStep":327},{"distance":349.35,"mCalorie":19.22,"mOthersTime":0,"mRunTime":0,"mStartTime":59400000,"mTimeUnit":600000,"mWalkTime":271349,"runStep":0,"walkStep":481},{"distance":41.13,"mCalorie":2.09,"mOthersTime":0,"mRunTime":0,"mStartTime":60000000,"mTimeUnit":600000,"mWalkTime":38686,"runStep":0,"walkStep":58},{"distance":6.95,"mCalorie":0.37,"mOthersTime":0,"mRunTime":0,"mStartTime":60600000,"mTimeUnit":600000,"mWalkTime":6670,"runStep":0,"walkStep":10},{"distance":390.21,"mCalorie":21.460001,"mOthersTime":0,"mRunTime":0,"mStartTime":61200000,"mTimeUnit":600000,"mWalkTime":318706,"runStep":0,"walkStep":546},{"distance":34.99,"mCalorie":1.8399999,"mOthersTime":0,"mRunTime":0,"mStartTime":61800000,"mTimeUnit":600000,"mWalkTime":33350,"runStep":0,"walkStep":50},{"distance":7.97,"mCalorie":0.26,"mOthersTime":0,"mRunTime":0,"mStartTime":62400000,"mTimeUnit":600000,"mWalkTime":6670,"runStep":0,"walkStep":10},{"distance":68.569,"mCalorie":4.46,"mOthersTime":0,"mRunTime":0,"mStartTime":63600000,"mTimeUnit":600000,"mWalkTime":79373,"runStep":0,"walkStep":119},{"distance":203.92001,"mCalorie":12.18,"mOthersTime":0,"mRunTime":0,"mStartTime":64200000,"mTimeUnit":600000,"mWalkTime":178029,"runStep":0,"walkStep":295},{"distance":230.23997,"mCalorie":12.089999,"mOthersTime":0,"mRunTime":0,"mStartTime":64800000,"mTimeUnit":600000,"mWalkTime":186700,"runStep":0,"walkStep":307},{"distance":29.990002,"mCalorie":1.6899999,"mOthersTime":0,"mRunTime":0,"mStartTime":65400000,"mTimeUnit":600000,"mWalkTime":26680,"runStep":0,"walkStep":40},{"distance":97.82001,"mCalorie":5.02,"mOthersTime":0,"mRunTime":0,"mStartTime":66000000,"mTimeUnit":600000,"mWalkTime":88711,"runStep":0,"walkStep":133},{"distance":350.43002,"mCalorie":19.409998,"mOthersTime":0,"mRunTime":0,"mStartTime":66600000,"mTimeUnit":600000,"mWalkTime":291359,"runStep":0,"walkStep":483},{"distance":27.0,"mCalorie":1.3199999,"mOthersTime":0,"mRunTime":0,"mStartTime":67200000,"mTimeUnit":600000,"mWalkTime":24679,"runStep":0,"walkStep":37},{"distance":6.77,"mCalorie":0.39,"mOthersTime":0,"mRunTime":0,"mStartTime":67800000,"mTimeUnit":600000,"mWalkTime":6670,"runStep":0,"walkStep":10},{"distance":70.240005,"mCalorie":3.34,"mOthersTime":0,"mRunTime":0,"mStartTime":69000000,"mTimeUnit":600000,"mWalkTime":60697,"runStep":0,"walkStep":91},{"distance":20.970001,"mCalorie":1.21,"mOthersTime":0,"mRunTime":0,"mStartTime":69600000,"mTimeUnit":600000,"mWalkTime":20677,"runStep":0,"walkStep":31},{"distance":10.83,"mCalorie":0.6,"mOthersTime":0,"mRunTime":0,"mStartTime":70200000,"mTimeUnit":600000,"mWalkTime":10672,"runStep":0,"walkStep":16},{"distance":45.47,"mCalorie":1.98,"mOthersTime":0,"mRunTime":0,"mStartTime":78000000,"mTimeUnit":600000,"mWalkTime":40020,"runStep":0,"walkStep":60},{"distance":19.5,"mCalorie":0.96,"mOthersTime":0,"mRunTime":0,"mStartTime":78600000,"mTimeUnit":600000,"mWalkTime":16675,"runStep":0,"walkStep":25},{"distance":9.22,"mCalorie":0.5,"mOthersTime":0,"mRunTime":0,"mStartTime":79200000,"mTimeUnit":600000,"mWalkTime":7337,"runStep":0,"walkStep":11}],"version":1}