{"mActivityList":[{"mActiveTime":1334146,"mActiveTimeType":0,"mCalorie":98.0,"mCategory":204,"mDetailInfoId":"87ffc291-51f0-89f1-73e6-259394782eb6","mDistance":1685.44,"mDuration":1334146,"mEndTime":25932647,"mStartTime":24598501,"mType":1001},{"mActiveTime":1536912,"mActiveTimeType":0,"mCalorie":184.0,"mCategory":204,"mDetailInfoId":"235a9f9b-80ac-c93d-06a6-9178e9d58d96","mDistance":1673.769,"mDuration":1536912,"mEndTime":29489930,"mStartTime":27953018,"mType":1001},{"mActiveTime":600000,"mActiveTimeType":2,"mCalorie":90.03,"mCategory":204,"mDetailInfoId":"7c3accfc-9d54-f94e-b7eb-d391023c95fd","mDistance":0.0,"mDuration":600000,"mEndTime":61938181,"mStartTime":61338181,"mType":11007}],"mAdaptiveGoal":0,"mIsGoalAchieved":false,"mIsMostActiveAchieved":false,"mMostActiveMinutes":0,"mStreakDayCount":0,"mUnitDataList":[{"distance":53.36,"mCalorie":2.6799998,"mOthersTime":0,"mRunTime":2400,"mStartTime":0,"mTimeUnit":600000,"mWalkTime":42688,"runStep":6,"walkStep":64},{"distance":57.760002,"mCalorie":2.65,"mOthersTime":0,"mRunTime":0,"mStartTime":13200000,"mTimeUnit":600000,"mWalkTime":50692,"runStep":0,"walkStep":76},{"distance":11.610001,"mCalorie":0.56,"mOthersTime":0,"mRunTime":0,"mStartTime":19200000,"mTimeUnit":600000,"mWalkTime":10005,"runStep":0,"walkStep":15},{"distance":26.470001,"mCalorie":1.32,"mOthersTime":0,"mRunTime":0,"mStartTime":23400000,"mTimeUnit":600000,"mWalkTime":24012,"runStep":0,"walkStep":36},{"distance":148.35202,"mCalorie":7.0656257,"mOthersTime":0,"mRunTime":0,"mStartTime":24000000,"mTimeUnit":600000,"mWalkTime":131129,"runStep":0,"walkStep":195},{"distance":757.98596,"mCalorie":44.07314,"mOthersTime":0,"mRunTime":0,"mStartTime":24600000,"mTimeUnit":600000,"mWalkTime":600000,"runStep":0,"walkStep":1016},{"distance":757.98596,"mCalorie":44.07314,"mOthersTime":0,"mRunTime":0,"mStartTime":25200000,"mTimeUnit":600000,"mWalkTime":600000,"runStep":0,"walkStep":1118},{"distance":234.75429,"mCalorie":13.163616,"mOthersTime":0,"mRunTime":0,"mStartTime":25800000,"mTimeUnit":600000,"mWalkTime":194678,"runStep":0,"walkStep":223},{"distance":13.6,"mCalorie":0.64,"mOthersTime":0,"mRunTime":0,"mStartTime":27000000,"mTimeUnit":600000,"mWalkTime":12006,"runStep":0,"walkStep":18},{"distance":331.7575,"mCalorie":32.72617,"mOthersTime":0,"mRunTime":0,"mStartTime":27600000,"mTimeUnit":600000,"mWalkTime":303427,"runStep":0,"walkStep":510},{"distance":653.42804,"mCalorie":71.83235,"mOthersTime":0,"mRunTime":0,"mStartTime":28200000,"mTimeUnit":600000,"mWalkTime":600000,"runStep":0,"walkStep":1078},{"distance":653.42804,"mCalorie":71.83235,"mOthersTime":0,"mRunTime":0,"mStartTime":28800000,"mTimeUnit":600000,"mWalkTime":600000,"runStep":0,"walkStep":808},{"distance":108.73798,"mCalorie":11.216472,"mOthersTime":0,"mRunTime":0,"mStartTime":29400000,"mTimeUnit":600000,"mWalkTime":98601,"runStep":0,"walkStep":20},{"distance":32.24,"mCalorie":1.6800001,"mOthersTime":0,"mRunTime":0,"mStartTime":30000000,"mTimeUnit":600000,"mWalkTime":30015,"runStep":0,"walkStep":45},{"distance":8.02,"mCalorie":0.36,"mOthersTime":0,"mRunTime":0,"mStartTime":32400000,"mTimeUnit":600000,"mWalkTime":7337,"runStep":0,"walkStep":11},{"distance":193.84001,"mCalorie":9.1,"mOthersTime":0,"mRunTime":0,"mStartTime":33000000,"mTimeUnit":600000,"mWalkTime":171419,"runStep":0,"walkStep":257},{"distance":110.951004,"mCalorie":5.41,"mOthersTime":0,"mRunTime":1200,"mStartTime":33600000,"mTimeUnit":600000,"mWalkTime":93380,"runStep":3,"walkStep":140},{"distance":68.43,"mCalorie":3.31,"mOthersTime":0,"mRunTime":0,"mStartTime":34200000,"mTimeUnit":600000,"mWalkTime":62698,"runStep":0,"walkStep":94},{"distance":33.27,"mCalorie":1.54,"mOthersTime":0,"mRunTime":0,"mStartTime":34800000,"mTimeUnit":600000,"mWalkTime":30015,"runStep":0,"walkStep":45},{"distance":82.851006,"mCalorie":3.87,"mOthersTime":0,"mRunTime":0,"mStartTime":35400000,"mTimeUnit":600000,"mWalkTime":74037,"runStep":0,"walkStep":111},{"distance":74.06,"mCalorie":3.83,"mOthersTime":0,"mRunTime":800,"mStartTime":36000000,"mTimeUnit":600000,"mWalkTime":66033,"runStep":2,"walkStep":99},{"distance":116.006996,"mCalorie":5.58,"mOthersTime":0,"mRunTime":0,"mStartTime":36600000,"mTimeUnit":600000,"mWalkTime":106053,"runStep":0,"walkStep":159},{"distance":22.119999,"mCalorie":0.98,"mOthersTime":0,"mRunTime":0,"mStartTime":37200000,"mTimeUnit":600000,"mWalkTime":20010,"runStep":0,"walkStep":30},{"distance":88.7,"mCalorie":4.25,"mOthersTime":0,"mRunTime":0,"mStartTime":38400000,"mTimeUnit":600000,"mWalkTime":78706,"runStep":0,"walkStep":118},{"distance":74.629005,"mCalorie":3.34,"mOthersTime":0,"mRunTime":0,"mStartTime":40200000,"mTimeUnit":600000,"mWalkTime":65366,"runStep":0,"walkStep":98},{"distance":90.840004,"mCalorie":4.58,"mOthersTime":0,"mRunTime":3200,"mStartTime":40800000,"mTimeUnit":600000,"mWalkTime":70702,"runStep":8,"walkStep":106},{"distance":103.389,"mCalorie":4.91,"mOthersTime":0,"mRunTime":400,"mStartTime":41400000,"mTimeUnit":600000,"mWalkTime":91379,"runStep":1,"walkStep":137},{"distance":64.09,"mCalorie":3.0700002,"mOthersTime":0,"mRunTime":0,"mStartTime":42000000,"mTimeUnit":600000,"mWalkTime":57362,"runStep":0,"walkStep":86},{"distance":206.509,"mCalorie":11.94,"mOthersTime":0,"mRunTime":7243,"mStartTime":42600000,"mTimeUnit":600000,"mWalkTime":180154,"runStep":19,"walkStep":274},{"distance":329.11,"mCalorie":17.429998,"mOthersTime":0,"mRunTime":4400,"mStartTime":43200000,"mTimeUnit":600000,"mWalkTime":291479,"runStep":11,"walkStep":437},{"distance":244.19,"mCalorie":12.04,"mOthersTime":0,"mRunTime":0,"mStartTime":45600000,"mTimeUnit":600000,"mWalkTime":216745,"runStep":0,"walkStep":334},{"distance":143.13,"mCalorie":7.5599995,"mOthersTime":0,"mRunTime":0,"mStartTime":46200000,"mTimeUnit":600000,"mWalkTime":120697,"runStep":0,"walkStep":196},{"distance":127.139984,"mCalorie":6.59,"mOthersTime":0,"mRunTime":0,"mStartTime":49200000,"mTimeUnit":600000,"mWalkTime":114724,"runStep":0,"walkStep":172},{"distance":75.28,"mCalorie":3.71,"mOthersTime":0,"mRunTime":0,"mStartTime":49800000,"mTimeUnit":600000,"mWalkTime":68701,"runStep":0,"walkStep":103},{"distance":92.149994,"mCalorie":4.64,"mOthersTime":0,"mRunTime":0,"mStartTime":51000000,"mTimeUnit":600000,"mWalkTime":80707,"runStep":0,"walkStep":121},{"distance":45.46,"mCalorie":2.49,"mOthersTime":0,"mRunTime":0,"mStartTime":51600000,"mTimeUnit":600000,"mWalkTime":41354,"runStep":0,"walkStep":62},{"distance":15.639999,"mCalorie":0.74,"mOthersTime":0,"mRunTime":0,"mStartTime":52200000,"mTimeUnit":600000,"mWalkTime":14007,"runStep":0,"walkStep":21},{"distance":10.57,"mCalorie":0.46,"mOthersTime":0,"mRunTime":0,"mStartTime":55200000,"mTimeUnit":600000,"mWalkTime":9338,"runStep":0,"walkStep":14},{"distance":55.81,"mCalorie":3.0,"mOthersTime":0,"mRunTime":1200,"mStartTime":57000000,"mTimeUnit":600000,"mWalkTime":46023,"runStep":3,"walkStep":69},{"distance":235.16899,"mCalorie":12.860001,"mOthersTime":0,"mRunTime":6400,"mStartTime":57600000,"mTimeUnit":600000,"mWalkTime":204102,"runStep":16,"walkStep":306},{"distance":417.82,"mCalorie":23.91,"mOthersTime":0,"mRunTime":0,"mStartTime":58200000,"mTimeUnit":600000,"mWalkTime":385466,"runStep":0,"walkStep":581},{"distance":332.75995,"mCalorie":16.749998,"mOthersTime":0,"mRunTime":0,"mStartTime":58800000,"mTimeUnit":600000,"mWalkTime":266710,"runStep":0,"walkStep":439},{"distance":135.01,"mCalorie":7.0599995,"mOthersTime":0,"mRunTime":0,"mStartTime":59400000,"mTimeUnit":600000,"mWalkTime":111359,"runStep":0,"walkStep":181},{"distance":8.83,"mCalorie":0.44,"mOthersTime":0,"mRunTime":0,"mStartTime":60000000,"mTimeUnit":600000,"mWalkTime":8004,"runStep":0,"walkStep":12},{"distance":69.54,"mCalorie":3.31,"mOthersTime":0,"mRunTime":0,"mStartTime":60600000,"mTimeUnit":600000,"mWalkTime":60030,"runStep":0,"walkStep":90},{"distance":83.909,"mCalorie":73.15594,"mOthersTime":461819,"mRunTime":0,"mStartTime":61200000,"mTimeUnit":600000,"mWalkTime":70005,"runStep":0,"walkStep":584},{"distance":86.77,"mCalorie":25.70406,"mOthersTime":138181,"mRunTime":2400,"mStartTime":61800000,"mTimeUnit":600000,"mWalkTime":73370,"runStep":6,"walkStep":235},{"distance":52.030003,"mCalorie":3.0,"mOthersTime":0,"mRunTime":2000,"mStartTime":64200000,"mTimeUnit":600000,"mWalkTime":40687,"runStep":5,"walkStep":61},{"distance":99.94,"mCalorie":5.2999997,"mOthersTime":0,"mRunTime":0,"mStartTime":64800000,"mTimeUnit":600000,"mWalkTime":92713,"runStep":0,"walkStep":139},{"distance":7.9,"mCalorie":0.3,"mOthersTime":0,"mRunTime":0,"mStartTime":65400000,"mTimeUnit":600000,"mWalkTime":6670,"runStep":0,"walkStep":10},{"distance":17.9,"mCalorie":0.86999995,"mOthersTime":0,"mRunTime":0,"mStartTime":67200000,"mTimeUnit":600000,"mWalkTime":16008,"runStep":0,"walkStep":24},{"distance":110.05801,"mCalorie":5.42,"mOthersTime":0,"mRunTime":3600,"mStartTime":67800000,"mTimeUnit":600000,"mWalkTime":87377,"runStep":9,"walkStep":131},{"distance":7.58,"mCalorie":0.32,"mOthersTime":0,"mRunTime":0,"mStartTime":68400000,"mTimeUnit":600000,"mWalkTime":6670,"runStep":0,"walkStep":10},{"distance":30.08,"mCalorie":1.53,"mOthersTime":0,"mRunTime":800,"mStartTime":69000000,"mTimeUnit":600000,"mWalkTime":24012,"runStep":2,"walkStep":36},{"distance":27.03,"mCalorie":1.35,"mOthersTime":0,"mRunTime":0,"mStartTime":69600000,"mTimeUnit":600000,"mWalkTime":24679,"runStep":0,"walkStep":37},{"distance":37.42,"mCalorie":1.9200001,"mOthersTime":0,"mRunTime":0,"mStartTime":70200000,"mTimeUnit":600000,"mWalkTime":35351,"runStep":0,"walkStep":53},{"distance":7.23,"mCalorie":0.35,"mOthersTime":0,"mRunTime":0,"mStartTime":74400000,"mTimeUnit":600000,"mWalkTime":6670,"runStep":0,"walkStep":10},{"distance":8.75,"mCalorie":0.41,"mOthersTime":0,"mRunTime":0,"mStartTime":75000000,"mTimeUnit":600000,"mWalkTime":8004,"runStep":0,"walkStep":12},{"distance":34.739998,"mCalorie":1.77,"mOthersTime":0,"mRunTime":0,"mStartTime":77400000,"mTimeUnit":600000,"mWalkTime":32683,"runStep":0,"walkStep":49},{"distance":72.832,"mCalorie":3.6599998,"mOthersTime":0,"mRunTime":0,"mStartTime":79200000,"mTimeUnit":600000,"mWalkTime":66033,"runStep":0,"walkStep":99}],"version":1}