{"mActivityList":[{"mActiveTime":1475352,"mActiveTimeType":0,"mCalorie":101.57,"mCategory":204,"mDetailInfoId":"32749831-8397-48df-b717-6ce8ad1c6a63","mDistance":1914.04,"mDuration":1475000,"mEndTime":80375000,"mStartTime":78900000,"mType":1001}],"mAdaptiveGoal":0,"mIsGoalAchieved":false,"mIsMostActiveAchieved":false,"mMostActiveMinutes":0,"mStreakDayCount":0,"mUnitDataList":[{"distance":8.65,"mCalorie":0.42,"mOthersTime":0,"mRunTime":0,"mStartTime":7800000,"mTimeUnit":600000,"mWalkTime":7337,"runStep":0,"walkStep":11},{"distance":44.27,"mCalorie":2.3899999,"mOthersTime":0,"mRunTime":4800,"mStartTime":14400000,"mTimeUnit":600000,"mWalkTime":26680,"runStep":12,"walkStep":40},{"distance":206.903,"mCalorie":9.559999,"mOthersTime":0,"mRunTime":0,"mStartTime":15000000,"mTimeUnit":600000,"mWalkTime":184759,"runStep":0,"walkStep":277},{"distance":68.06,"mCalorie":3.49,"mOthersTime":0,"mRunTime":0,"mStartTime":15600000,"mTimeUnit":600000,"mWalkTime":62031,"runStep":0,"walkStep":93},{"distance":54.3,"mCalorie":2.56,"mOthersTime":0,"mRunTime":0,"mStartTime":18000000,"mTimeUnit":600000,"mWalkTime":49358,"runStep":0,"walkStep":74},{"distance":107.166,"mCalorie":5.18,"mOthersTime":0,"mRunTime":1200,"mStartTime":18600000,"mTimeUnit":600000,"mWalkTime":92046,"runStep":3,"walkStep":138},{"distance":13.62,"mCalorie":1.02,"mOthersTime":0,"mRunTime":2000,"mStartTime":19800000,"mTimeUnit":600000,"mWalkTime":6670,"runStep":5,"walkStep":10},{"distance":10.33,"mCalorie":0.51,"mOthersTime":0,"mRunTime":0,"mStartTime":24600000,"mTimeUnit":600000,"mWalkTime":9338,"runStep":0,"walkStep":14},{"distance":9.98,"mCalorie":0.58,"mOthersTime":0,"mRunTime":0,"mStartTime":30600000,"mTimeUnit":600000,"mWalkTime":6670,"runStep":0,"walkStep":10},{"distance":18.84,"mCalorie":0.94,"mOthersTime":0,"mRunTime":0,"mStartTime":31800000,"mTimeUnit":600000,"mWalkTime":16008,"runStep":0,"walkStep":24},{"distance":77.268,"mCalorie":3.67,"mOthersTime":0,"mRunTime":1200,"mStartTime":32400000,"mTimeUnit":600000,"mWalkTime":64699,"runStep":3,"walkStep":97},{"distance":31.91,"mCalorie":1.78,"mOthersTime":0,"mRunTime":1200,"mStartTime":33000000,"mTimeUnit":600000,"mWalkTime":25346,"runStep":3,"walkStep":38},{"distance":79.951004,"mCalorie":3.73,"mOthersTime":0,"mRunTime":0,"mStartTime":34200000,"mTimeUnit":600000,"mWalkTime":72036,"runStep":0,"walkStep":108},{"distance":97.203995,"mCalorie":4.59,"mOthersTime":0,"mRunTime":800,"mStartTime":34800000,"mTimeUnit":600000,"mWalkTime":80707,"runStep":2,"walkStep":121},{"distance":137.692,"mCalorie":6.76,"mOthersTime":0,"mRunTime":3600,"mStartTime":35400000,"mTimeUnit":600000,"mWalkTime":116058,"runStep":9,"walkStep":174},{"distance":95.599,"mCalorie":4.55,"mOthersTime":0,"mRunTime":2400,"mStartTime":36000000,"mTimeUnit":600000,"mWalkTime":77372,"runStep":6,"walkStep":116},{"distance":78.42799,"mCalorie":4.149,"mOthersTime":0,"mRunTime":0,"mStartTime":36600000,"mTimeUnit":600000,"mWalkTime":74704,"runStep":0,"walkStep":112},{"distance":60.639,"mCalorie":3.0110002,"mOthersTime":0,"mRunTime":2400,"mStartTime":37200000,"mTimeUnit":600000,"mWalkTime":49358,"runStep":6,"walkStep":74},{"distance":32.64,"mCalorie":1.67,"mOthersTime":0,"mRunTime":0,"mStartTime":40200000,"mTimeUnit":600000,"mWalkTime":29348,"runStep":0,"walkStep":44},{"distance":173.43901,"mCalorie":8.16,"mOthersTime":0,"mRunTime":0,"mStartTime":40800000,"mTimeUnit":600000,"mWalkTime":155411,"runStep":0,"walkStep":233},{"distance":35.019997,"mCalorie":1.6200001,"mOthersTime":0,"mRunTime":0,"mStartTime":41400000,"mTimeUnit":600000,"mWalkTime":32016,"runStep":0,"walkStep":48},{"distance":21.932,"mCalorie":0.91,"mOthersTime":0,"mRunTime":0,"mStartTime":42600000,"mTimeUnit":600000,"mWalkTime":18009,"runStep":0,"walkStep":27},{"distance":9.59,"mCalorie":0.52,"mOthersTime":0,"mRunTime":0,"mStartTime":43800000,"mTimeUnit":600000,"mWalkTime":8671,"runStep":0,"walkStep":13},{"distance":11.58,"mCalorie":0.52,"mOthersTime":0,"mRunTime":0,"mStartTime":44400000,"mTimeUnit":600000,"mWalkTime":10005,"runStep":0,"walkStep":15},{"distance":144.358,"mCalorie":6.7200003,"mOthersTime":0,"mRunTime":0,"mStartTime":45000000,"mTimeUnit":600000,"mWalkTime":128064,"runStep":0,"walkStep":192},{"distance":207.37401,"mCalorie":11.38,"mOthersTime":0,"mRunTime":0,"mStartTime":45600000,"mTimeUnit":600000,"mWalkTime":203435,"runStep":0,"walkStep":305},{"distance":195.22102,"mCalorie":9.52,"mOthersTime":0,"mRunTime":0,"mStartTime":46800000,"mTimeUnit":600000,"mWalkTime":174057,"runStep":0,"walkStep":262},{"distance":275.613,"mCalorie":13.689997,"mOthersTime":0,"mRunTime":0,"mStartTime":47400000,"mTimeUnit":600000,"mWalkTime":241424,"runStep":0,"walkStep":371},{"distance":8.72,"mCalorie":0.4,"mOthersTime":0,"mRunTime":0,"mStartTime":48000000,"mTimeUnit":600000,"mWalkTime":8004,"runStep":0,"walkStep":12},{"distance":7.73,"mCalorie":0.34,"mOthersTime":0,"mRunTime":0,"mStartTime":48600000,"mTimeUnit":600000,"mWalkTime":6670,"runStep":0,"walkStep":10},{"distance":58.43,"mCalorie":2.92,"mOthersTime":0,"mRunTime":0,"mStartTime":49200000,"mTimeUnit":600000,"mWalkTime":51359,"runStep":0,"walkStep":77},{"distance":10.76,"mCalorie":0.46,"mOthersTime":0,"mRunTime":0,"mStartTime":49800000,"mTimeUnit":600000,"mWalkTime":9338,"runStep":0,"walkStep":14},{"distance":304.02298,"mCalorie":15.44,"mOthersTime":0,"mRunTime":0,"mStartTime":50400000,"mTimeUnit":600000,"mWalkTime":260040,"runStep":0,"walkStep":420},{"distance":111.049995,"mCalorie":5.2,"mOthersTime":0,"mRunTime":400,"mStartTime":51000000,"mTimeUnit":600000,"mWalkTime":96048,"runStep":1,"walkStep":144},{"distance":131.45,"mCalorie":6.4,"mOthersTime":0,"mRunTime":0,"mStartTime":51600000,"mTimeUnit":600000,"mWalkTime":118059,"runStep":0,"walkStep":177},{"distance":96.975,"mCalorie":4.3500004,"mOthersTime":0,"mRunTime":0,"mStartTime":52200000,"mTimeUnit":600000,"mWalkTime":86710,"runStep":0,"walkStep":130},{"distance":90.01601,"mCalorie":4.22,"mOthersTime":0,"mRunTime":0,"mStartTime":52800000,"mTimeUnit":600000,"mWalkTime":79373,"runStep":0,"walkStep":119},{"distance":94.44,"mCalorie":4.9300003,"mOthersTime":0,"mRunTime":0,"mStartTime":53400000,"mTimeUnit":600000,"mWalkTime":79343,"runStep":0,"walkStep":128},{"distance":169.359,"mCalorie":9.37,"mOthersTime":0,"mRunTime":0,"mStartTime":54000000,"mTimeUnit":600000,"mWalkTime":158049,"runStep":0,"walkStep":239},{"distance":78.422005,"mCalorie":4.131,"mOthersTime":0,"mRunTime":0,"mStartTime":54600000,"mTimeUnit":600000,"mWalkTime":73370,"runStep":0,"walkStep":110},{"distance":330.41998,"mCalorie":17.241,"mOthersTime":0,"mRunTime":2400,"mStartTime":55200000,"mTimeUnit":600000,"mWalkTime":295421,"runStep":6,"walkStep":452},{"distance":104.600006,"mCalorie":5.3500004,"mOthersTime":0,"mRunTime":0,"mStartTime":55800000,"mTimeUnit":600000,"mWalkTime":93380,"runStep":0,"walkStep":140},{"distance":76.513,"mCalorie":3.579,"mOthersTime":0,"mRunTime":0,"mStartTime":56400000,"mTimeUnit":600000,"mWalkTime":66033,"runStep":0,"walkStep":99},{"distance":234.28,"mCalorie":11.39,"mOthersTime":0,"mRunTime":0,"mStartTime":57000000,"mTimeUnit":600000,"mWalkTime":212106,"runStep":0,"walkStep":318},{"distance":294.899,"mCalorie":14.68,"mOthersTime":0,"mRunTime":3600,"mStartTime":57600000,"mTimeUnit":600000,"mWalkTime":246730,"runStep":9,"walkStep":387},{"distance":429.052,"mCalorie":22.309998,"mOthersTime":0,"mRunTime":0,"mStartTime":58200000,"mTimeUnit":600000,"mWalkTime":378159,"runStep":0,"walkStep":581},{"distance":32.25,"mCalorie":1.78,"mOthersTime":0,"mRunTime":0,"mStartTime":58800000,"mTimeUnit":600000,"mWalkTime":30682,"runStep":0,"walkStep":46},{"distance":177.38002,"mCalorie":9.219997,"mOthersTime":0,"mRunTime":0,"mStartTime":59400000,"mTimeUnit":600000,"mWalkTime":163415,"runStep":0,"walkStep":245},{"distance":205.66899,"mCalorie":10.15,"mOthersTime":0,"mRunTime":0,"mStartTime":60000000,"mTimeUnit":600000,"mWalkTime":186093,"runStep":0,"walkStep":279},{"distance":290.021,"mCalorie":15.03,"mOthersTime":0,"mRunTime":0,"mStartTime":60600000,"mTimeUnit":600000,"mWalkTime":263435,"runStep":0,"walkStep":398},{"distance":367.77002,"mCalorie":18.489998,"mOthersTime":0,"mRunTime":0,"mStartTime":61200000,"mTimeUnit":600000,"mWalkTime":325466,"runStep":0,"walkStep":503},{"distance":64.077995,"mCalorie":3.27,"mOthersTime":0,"mRunTime":0,"mStartTime":61800000,"mTimeUnit":600000,"mWalkTime":59363,"runStep":0,"walkStep":89},{"distance":97.17,"mCalorie":4.81,"mOthersTime":0,"mRunTime":0,"mStartTime":62400000,"mTimeUnit":600000,"mWalkTime":86043,"runStep":0,"walkStep":129},{"distance":99.47,"mCalorie":5.3,"mOthersTime":0,"mRunTime":0,"mStartTime":63000000,"mTimeUnit":600000,"mWalkTime":92046,"runStep":0,"walkStep":138},{"distance":155.13,"mCalorie":8.409999,"mOthersTime":0,"mRunTime":0,"mStartTime":63600000,"mTimeUnit":600000,"mWalkTime":142041,"runStep":0,"walkStep":214},{"distance":139.68001,"mCalorie":7.5599995,"mOthersTime":0,"mRunTime":0,"mStartTime":64200000,"mTimeUnit":600000,"mWalkTime":128064,"runStep":0,"walkStep":192},{"distance":20.48,"mCalorie":1.05,"mOthersTime":0,"mRunTime":0,"mStartTime":66000000,"mTimeUnit":600000,"mWalkTime":18676,"runStep":0,"walkStep":28},{"distance":27.16,"mCalorie":1.36,"mOthersTime":0,"mRunTime":0,"mStartTime":66600000,"mTimeUnit":600000,"mWalkTime":24679,"runStep":0,"walkStep":37},{"distance":61.830006,"mCalorie":3.3799999,"mOthersTime":0,"mRunTime":0,"mStartTime":72000000,"mTimeUnit":600000,"mWalkTime":58696,"runStep":0,"walkStep":88},{"distance":64.770004,"mCalorie":3.27,"mOthersTime":0,"mRunTime":0,"mStartTime":72600000,"mTimeUnit":600000,"mWalkTime":58696,"runStep":0,"walkStep":88},{"distance":12.96,"mCalorie":0.63,"mOthersTime":0,"mRunTime":0,"mStartTime":76200000,"mTimeUnit":600000,"mWalkTime":11339,"runStep":0,"walkStep":17},{"distance":6.08,"mCalorie":0.28,"mOthersTime":0,"mRunTime":0,"mStartTime":76800000,"mTimeUnit":600000,"mWalkTime":5336,"runStep":0,"walkStep":8},{"distance":24.3,"mCalorie":1.29,"mOthersTime":0,"mRunTime":0,"mStartTime":77400000,"mTimeUnit":600000,"mWalkTime":22011,"runStep":0,"walkStep":33},{"distance":6.45,"mCalorie":0.34,"mOthersTime":0,"mRunTime":0,"mStartTime":78000000,"mTimeUnit":600000,"mWalkTime":6003,"runStep":0,"walkStep":9},{"distance":485.7334,"mCalorie":27.623375,"mOthersTime":0,"mRunTime":0,"mStartTime":78600000,"mTimeUnit":600000,"mWalkTime":408054,"runStep":0,"walkStep":693},{"distance":778.4068,"mCalorie":41.30675,"mOthersTime":0,"mRunTime":0,"mStartTime":79200000,"mTimeUnit":600000,"mWalkTime":600000,"runStep":0,"walkStep":1063},{"distance":761.73395,"mCalorie":40.42237,"mOthersTime":0,"mRunTime":0,"mStartTime":79800000,"mTimeUnit":600000,"mWalkTime":589525,"runStep":0,"walkStep":949},{"distance":308.98,"mCalorie":17.86,"mOthersTime":0,"mRunTime":0,"mStartTime":80400000,"mTimeUnit":600000,"mWalkTime":269378,"runStep":0,"walkStep":438},{"distance":350.61,"mCalorie":18.91,"mOthersTime":0,"mRunTime":0,"mStartTime":81000000,"mTimeUnit":600000,"mWalkTime":308064,"runStep":0,"walkStep":477},{"distance":122.27,"mCalorie":6.27,"mOthersTime":0,"mRunTime":0,"mStartTime":81600000,"mTimeUnit":600000,"mWalkTime":110692,"runStep":0,"walkStep":171},{"distance":5.6699996,"mCalorie":0.29999998,"mOthersTime":0,"mRunTime":0,"mStartTime":82200000,"mTimeUnit":600000,"mWalkTime":5336,"runStep":0,"walkStep":8},{"distance":120.479996,"mCalorie":6.47,"mOthersTime":0,"mRunTime":0,"mStartTime":84000000,"mTimeUnit":600000,"mWalkTime":105356,"runStep":0,"walkStep":164},{"distance":404.47,"mCalorie":22.76,"mOthersTime":0,"mRunTime":0,"mStartTime":84600000,"mTimeUnit":600000,"mWalkTime":326013,"runStep":0,"walkStep":552},{"distance":53.17,"mCalorie":2.72,"mOthersTime":0,"mRunTime":0,"mStartTime":85200000,"mTimeUnit":600000,"mWalkTime":48691,"runStep":0,"walkStep":73}],"version":1}