{"mActivityList":[{"mActiveTime":600000,"mActiveTimeType":2,"mCalorie":88.57,"mCategory":204,"mDetailInfoId":"d54c5f71-f523-3282-2eb1-d705c04a088d","mDistance":0.0,"mDuration":600000,"mEndTime":53131022,"mStartTime":52531022,"mType":11007},{"mActiveTime":600000,"mActiveTimeType":2,"mCalorie":95.8,"mCategory":204,"mDetailInfoId":"d9e62daa-254f-4ba6-9910-fcd734b894f5","mDistance":0.0,"mDuration":600000,"mEndTime":65664303,"mStartTime":65064303,"mType":11007},{"mActiveTime":948952,"mActiveTimeType":0,"mCalorie":100.0,"mCategory":204,"mDetailInfoId":"47669aa7-f211-945c-4d3a-859bfe290884","mDistance":1110.529,"mDuration":948952,"mEndTime":79968212,"mStartTime":79019260,"mType":1001}],"mAdaptiveGoal":0,"mIsGoalAchieved":false,"mIsMostActiveAchieved":false,"mMostActiveMinutes":0,"mStreakDayCount":0,"mUnitDataList":[{"distance":16.51,"mCalorie":1.09,"mOthersTime":0,"mRunTime":3200,"mStartTime":9000000,"mTimeUnit":600000,"mWalkTime":6670,"runStep":8,"walkStep":10},{"distance":11.05,"mCalorie":0.51,"mOthersTime":0,"mRunTime":0,"mStartTime":9600000,"mTimeUnit":600000,"mWalkTime":9338,"runStep":0,"walkStep":14},{"distance":39.97,"mCalorie":2.1599998,"mOthersTime":0,"mRunTime":4000,"mStartTime":14400000,"mTimeUnit":600000,"mWalkTime":25346,"runStep":10,"walkStep":38},{"distance":77.14,"mCalorie":4.41,"mOthersTime":0,"mRunTime":0,"mStartTime":15000000,"mTimeUnit":600000,"mWalkTime":78039,"runStep":0,"walkStep":117},{"distance":412.46002,"mCalorie":20.83,"mOthersTime":0,"mRunTime":0,"mStartTime":15600000,"mTimeUnit":600000,"mWalkTime":369398,"runStep":0,"walkStep":587},{"distance":8.93,"mCalorie":0.52,"mOthersTime":0,"mRunTime":0,"mStartTime":16200000,"mTimeUnit":600000,"mWalkTime":8671,"runStep":0,"walkStep":13},{"distance":14.3,"mCalorie":0.88,"mOthersTime":0,"mRunTime":0,"mStartTime":18000000,"mTimeUnit":600000,"mWalkTime":13340,"runStep":0,"walkStep":20},{"distance":340.74,"mCalorie":18.430002,"mOthersTime":0,"mRunTime":0,"mStartTime":18600000,"mTimeUnit":600000,"mWalkTime":282718,"runStep":0,"walkStep":480},{"distance":49.89,"mCalorie":2.56,"mOthersTime":0,"mRunTime":1200,"mStartTime":19200000,"mTimeUnit":600000,"mWalkTime":39353,"runStep":3,"walkStep":59},{"distance":19.55,"mCalorie":1.13,"mOthersTime":0,"mRunTime":1200,"mStartTime":27000000,"mTimeUnit":600000,"mWalkTime":15341,"runStep":3,"walkStep":23},{"distance":9.91,"mCalorie":0.48,"mOthersTime":0,"mRunTime":0,"mStartTime":28200000,"mTimeUnit":600000,"mWalkTime":9338,"runStep":0,"walkStep":14},{"distance":7.44,"mCalorie":0.45,"mOthersTime":0,"mRunTime":0,"mStartTime":28800000,"mTimeUnit":600000,"mWalkTime":7337,"runStep":0,"walkStep":11},{"distance":109.268,"mCalorie":5.9300003,"mOthersTime":0,"mRunTime":4400,"mStartTime":29400000,"mTimeUnit":600000,"mWalkTime":88711,"runStep":11,"walkStep":133},{"distance":108.44101,"mCalorie":5.4399996,"mOthersTime":0,"mRunTime":400,"mStartTime":30000000,"mTimeUnit":600000,"mWalkTime":94047,"runStep":1,"walkStep":141},{"distance":117.879,"mCalorie":5.55,"mOthersTime":0,"mRunTime":400,"mStartTime":30600000,"mTimeUnit":600000,"mWalkTime":101384,"runStep":1,"walkStep":152},{"distance":173.09898,"mCalorie":8.7,"mOthersTime":0,"mRunTime":3200,"mStartTime":31200000,"mTimeUnit":600000,"mWalkTime":148074,"runStep":8,"walkStep":222},{"distance":12.86,"mCalorie":0.74,"mOthersTime":0,"mRunTime":0,"mStartTime":31800000,"mTimeUnit":600000,"mWalkTime":12006,"runStep":0,"walkStep":18},{"distance":281.96002,"mCalorie":13.52,"mOthersTime":0,"mRunTime":0,"mStartTime":32400000,"mTimeUnit":600000,"mWalkTime":220020,"runStep":0,"walkStep":374},{"distance":349.92902,"mCalorie":17.439999,"mOthersTime":0,"mRunTime":0,"mStartTime":33000000,"mTimeUnit":600000,"mWalkTime":293420,"runStep":0,"walkStep":470},{"distance":156.34999,"mCalorie":8.36,"mOthersTime":0,"mRunTime":0,"mStartTime":33600000,"mTimeUnit":600000,"mWalkTime":144072,"runStep":0,"walkStep":216},{"distance":124.57001,"mCalorie":7.2599993,"mOthersTime":0,"mRunTime":0,"mStartTime":35400000,"mTimeUnit":600000,"mWalkTime":125396,"runStep":0,"walkStep":188},{"distance":266.20102,"mCalorie":12.58,"mOthersTime":0,"mRunTime":0,"mStartTime":36000000,"mTimeUnit":600000,"mWalkTime":232056,"runStep":0,"walkStep":353},{"distance":188.77098,"mCalorie":9.87,"mOthersTime":0,"mRunTime":0,"mStartTime":36600000,"mTimeUnit":600000,"mWalkTime":173420,"runStep":0,"walkStep":260},{"distance":106.80998,"mCalorie":5.3299994,"mOthersTime":0,"mRunTime":0,"mStartTime":37800000,"mTimeUnit":600000,"mWalkTime":96048,"runStep":0,"walkStep":144},{"distance":7.769,"mCalorie":0.3,"mOthersTime":0,"mRunTime":0,"mStartTime":42000000,"mTimeUnit":600000,"mWalkTime":6670,"runStep":0,"walkStep":10},{"distance":13.23,"mCalorie":0.64,"mOthersTime":0,"mRunTime":0,"mStartTime":42600000,"mTimeUnit":600000,"mWalkTime":12006,"runStep":0,"walkStep":18},{"distance":17.93,"mCalorie":0.84,"mOthersTime":0,"mRunTime":0,"mStartTime":43200000,"mTimeUnit":600000,"mWalkTime":16008,"runStep":0,"walkStep":24},{"distance":70.759995,"mCalorie":3.63,"mOthersTime":0,"mRunTime":1200,"mStartTime":44400000,"mTimeUnit":600000,"mWalkTime":58029,"runStep":3,"walkStep":87},{"distance":113.51,"mCalorie":5.98,"mOthersTime":0,"mRunTime":0,"mStartTime":45000000,"mTimeUnit":600000,"mWalkTime":110722,"runStep":0,"walkStep":166},{"distance":251.73099,"mCalorie":13.93,"mOthersTime":0,"mRunTime":0,"mStartTime":45600000,"mTimeUnit":600000,"mWalkTime":220080,"runStep":0,"walkStep":350},{"distance":197.42,"mCalorie":11.679999,"mOthersTime":0,"mRunTime":4800,"mStartTime":46200000,"mTimeUnit":600000,"mWalkTime":164719,"runStep":12,"walkStep":256},{"distance":28.06,"mCalorie":1.46,"mOthersTime":0,"mRunTime":0,"mStartTime":46800000,"mTimeUnit":600000,"mWalkTime":26013,"runStep":0,"walkStep":39},{"distance":64.990005,"mCalorie":3.1599998,"mOthersTime":0,"mRunTime":0,"mStartTime":47400000,"mTimeUnit":600000,"mWalkTime":59363,"runStep":0,"walkStep":89},{"distance":186.57,"mCalorie":9.59,"mOthersTime":0,"mRunTime":0,"mStartTime":49800000,"mTimeUnit":600000,"mWalkTime":175421,"runStep":0,"walkStep":263},{"distance":114.33,"mCalorie":45.975636,"mOthersTime":268978,"mRunTime":400,"mStartTime":52200000,"mTimeUnit":600000,"mWalkTime":102718,"runStep":1,"walkStep":310},{"distance":124.63081,"mCalorie":55.3508,"mOthersTime":331022,"mRunTime":0,"mStartTime":52800000,"mTimeUnit":600000,"mWalkTime":117073,"runStep":4,"walkStep":489},{"distance":105.97,"mCalorie":6.24,"mOthersTime":0,"mRunTime":7600,"mStartTime":53400000,"mTimeUnit":600000,"mWalkTime":77372,"runStep":19,"walkStep":116},{"distance":50.36,"mCalorie":2.75,"mOthersTime":0,"mRunTime":1200,"mStartTime":54000000,"mTimeUnit":600000,"mWalkTime":42021,"runStep":3,"walkStep":63},{"distance":23.55,"mCalorie":1.1800002,"mOthersTime":0,"mRunTime":0,"mStartTime":55800000,"mTimeUnit":600000,"mWalkTime":21344,"runStep":0,"walkStep":32},{"distance":39.08,"mCalorie":1.8199999,"mOthersTime":0,"mRunTime":0,"mStartTime":57600000,"mTimeUnit":600000,"mWalkTime":36685,"runStep":0,"walkStep":55},{"distance":9.72,"mCalorie":0.4,"mOthersTime":0,"mRunTime":0,"mStartTime":58200000,"mTimeUnit":600000,"mWalkTime":8671,"runStep":0,"walkStep":13},{"distance":13.620001,"mCalorie":0.67,"mOthersTime":0,"mRunTime":0,"mStartTime":60600000,"mTimeUnit":600000,"mWalkTime":12673,"runStep":0,"walkStep":19},{"distance":34.89,"mCalorie":1.6500001,"mOthersTime":0,"mRunTime":0,"mStartTime":61200000,"mTimeUnit":600000,"mWalkTime":31349,"runStep":0,"walkStep":47},{"distance":358.37997,"mCalorie":18.429998,"mOthersTime":0,"mRunTime":0,"mStartTime":61800000,"mTimeUnit":600000,"mWalkTime":318766,"runStep":0,"walkStep":500},{"distance":137.749,"mCalorie":8.41,"mOthersTime":0,"mRunTime":0,"mStartTime":62400000,"mTimeUnit":600000,"mWalkTime":129398,"runStep":0,"walkStep":194},{"distance":94.149994,"mCalorie":5.02,"mOthersTime":0,"mRunTime":5200,"mStartTime":63600000,"mTimeUnit":600000,"mWalkTime":72036,"runStep":13,"walkStep":108},{"distance":24.53,"mCalorie":1.21,"mOthersTime":0,"mRunTime":0,"mStartTime":64200000,"mTimeUnit":600000,"mWalkTime":22011,"runStep":0,"walkStep":33},{"distance":62.969997,"mCalorie":56.569622,"mOthersTime":335696,"mRunTime":0,"mStartTime":64800000,"mTimeUnit":600000,"mWalkTime":55361,"runStep":0,"walkStep":265},{"distance":61.305695,"mCalorie":45.483425,"mOthersTime":264303,"mRunTime":0,"mStartTime":65400000,"mTimeUnit":600000,"mWalkTime":57007,"runStep":0,"walkStep":285},{"distance":8.67,"mCalorie":0.4,"mOthersTime":0,"mRunTime":0,"mStartTime":66600000,"mTimeUnit":600000,"mWalkTime":8004,"runStep":0,"walkStep":12},{"distance":15.45,"mCalorie":0.82,"mOthersTime":0,"mRunTime":0,"mStartTime":69600000,"mTimeUnit":600000,"mWalkTime":14007,"runStep":0,"walkStep":21},{"distance":23.64,"mCalorie":1.0,"mOthersTime":0,"mRunTime":0,"mStartTime":70200000,"mTimeUnit":600000,"mWalkTime":19343,"runStep":0,"walkStep":29},{"distance":46.850002,"mCalorie":2.1599998,"mOthersTime":0,"mRunTime":0,"mStartTime":70800000,"mTimeUnit":600000,"mWalkTime":42021,"runStep":0,"walkStep":63},{"distance":51.68,"mCalorie":2.3600001,"mOthersTime":0,"mRunTime":0,"mStartTime":71400000,"mTimeUnit":600000,"mWalkTime":46023,"runStep":0,"walkStep":69},{"distance":16.89,"mCalorie":0.74,"mOthersTime":0,"mRunTime":0,"mStartTime":72600000,"mTimeUnit":600000,"mWalkTime":14007,"runStep":0,"walkStep":21},{"distance":31.87,"mCalorie":1.7900001,"mOthersTime":0,"mRunTime":3200,"mStartTime":76200000,"mTimeUnit":600000,"mWalkTime":23345,"runStep":8,"walkStep":35},{"distance":40.530003,"mCalorie":2.1299999,"mOthersTime":0,"mRunTime":2000,"mStartTime":78000000,"mTimeUnit":600000,"mWalkTime":31349,"runStep":5,"walkStep":47},{"distance":254.45514,"mCalorie":21.425184,"mOthersTime":0,"mRunTime":0,"mStartTime":78600000,"mTimeUnit":600000,"mWalkTime":222399,"runStep":0,"walkStep":340},{"distance":702.1614,"mCalorie":63.227646,"mOthersTime":0,"mRunTime":0,"mStartTime":79200000,"mTimeUnit":600000,"mWalkTime":600000,"runStep":0,"walkStep":1011},{"distance":226.50763,"mCalorie":19.236832,"mOthersTime":0,"mRunTime":0,"mStartTime":79800000,"mTimeUnit":600000,"mWalkTime":195762,"runStep":0,"walkStep":264},{"distance":83.852,"mCalorie":4.26,"mOthersTime":0,"mRunTime":0,"mStartTime":80400000,"mTimeUnit":600000,"mWalkTime":76038,"runStep":0,"walkStep":114},{"distance":445.19998,"mCalorie":21.960001,"mOthersTime":0,"mRunTime":1698,"mStartTime":81000000,"mTimeUnit":600000,"mWalkTime":373006,"runStep":5,"walkStep":611},{"distance":7.0,"mCalorie":0.6,"mOthersTime":0,"mRunTime":0,"mStartTime":82800000,"mTimeUnit":600000,"mWalkTime":6670,"runStep":0,"walkStep":10},{"distance":107.509995,"mCalorie":4.99,"mOthersTime":0,"mRunTime":0,"mStartTime":84000000,"mTimeUnit":600000,"mWalkTime":90015,"runStep":0,"walkStep":143},{"distance":323.341,"mCalorie":16.15,"mOthersTime":0,"mRunTime":0,"mStartTime":84600000,"mTimeUnit":600000,"mWalkTime":253340,"runStep":0,"walkStep":449},{"distance":49.870003,"mCalorie":2.51,"mOthersTime":0,"mRunTime":0,"mStartTime":85200000,"mTimeUnit":600000,"mWalkTime":46690,"runStep":0,"walkStep":70}],"version":1}