{"mActivityList":[{"mActiveTime":980298,"mActiveTimeType":0,"mCalorie":94.0,"mCategory":204,"mDetailInfoId":"079b680a-7cf4-0829-69ad-f89498efc885","mDistance":850.53,"mDuration":980298,"mEndTime":56566436,"mStartTime":55586138,"mType":1001}],"mAdaptiveGoal":0,"mIsGoalAchieved":false,"mIsMostActiveAchieved":false,"mMostActiveMinutes":0,"mStreakDayCount":0,"mUnitDataList":[{"distance":11.34,"mCalorie":0.74,"mOthersTime":0,"mRunTime":800,"mStartTime":11400000,"mTimeUnit":600000,"mWalkTime":7337,"runStep":2,"walkStep":11},{"distance":55.59,"mCalorie":2.9999998,"mOthersTime":0,"mRunTime":0,"mStartTime":20400000,"mTimeUnit":600000,"mWalkTime":49358,"runStep":0,"walkStep":74},{"distance":206.09,"mCalorie":12.139999,"mOthersTime":0,"mRunTime":6400,"mStartTime":21000000,"mTimeUnit":600000,"mWalkTime":181424,"runStep":16,"walkStep":272},{"distance":96.06,"mCalorie":4.91,"mOthersTime":0,"mRunTime":0,"mStartTime":21600000,"mTimeUnit":600000,"mWalkTime":86043,"runStep":0,"walkStep":129},{"distance":303.59998,"mCalorie":16.65,"mOthersTime":0,"mRunTime":0,"mStartTime":23400000,"mTimeUnit":600000,"mWalkTime":256068,"runStep":0,"walkStep":413},{"distance":132.9,"mCalorie":7.7700005,"mOthersTime":0,"mRunTime":6000,"mStartTime":24000000,"mTimeUnit":600000,"mWalkTime":101384,"runStep":15,"walkStep":152},{"distance":54.609997,"mCalorie":2.6599998,"mOthersTime":0,"mRunTime":0,"mStartTime":24600000,"mTimeUnit":600000,"mWalkTime":50025,"runStep":0,"walkStep":75},{"distance":35.38,"mCalorie":1.91,"mOthersTime":0,"mRunTime":0,"mStartTime":25200000,"mTimeUnit":600000,"mWalkTime":33350,"runStep":0,"walkStep":50},{"distance":85.59,"mCalorie":4.34,"mOthersTime":0,"mRunTime":0,"mStartTime":28200000,"mTimeUnit":600000,"mWalkTime":75371,"runStep":0,"walkStep":113},{"distance":41.449997,"mCalorie":2.02,"mOthersTime":0,"mRunTime":0,"mStartTime":28800000,"mTimeUnit":600000,"mWalkTime":38019,"runStep":0,"walkStep":57},{"distance":16.740002,"mCalorie":0.75,"mOthersTime":0,"mRunTime":0,"mStartTime":29400000,"mTimeUnit":600000,"mWalkTime":14007,"runStep":0,"walkStep":21},{"distance":50.64,"mCalorie":2.8,"mOthersTime":0,"mRunTime":400,"mStartTime":30000000,"mTimeUnit":600000,"mWalkTime":42021,"runStep":1,"walkStep":63},{"distance":9.51,"mCalorie":0.52,"mOthersTime":0,"mRunTime":0,"mStartTime":31200000,"mTimeUnit":600000,"mWalkTime":9338,"runStep":0,"walkStep":14},{"distance":49.25,"mCalorie":2.5900002,"mOthersTime":0,"mRunTime":0,"mStartTime":33000000,"mTimeUnit":600000,"mWalkTime":46023,"runStep":0,"walkStep":69},{"distance":277.16003,"mCalorie":17.2,"mOthersTime":0,"mRunTime":0,"mStartTime":33600000,"mTimeUnit":600000,"mWalkTime":264799,"runStep":0,"walkStep":397},{"distance":21.58,"mCalorie":1.13,"mOthersTime":0,"mRunTime":0,"mStartTime":34200000,"mTimeUnit":600000,"mWalkTime":20010,"runStep":0,"walkStep":30},{"distance":96.515,"mCalorie":4.981,"mOthersTime":0,"mRunTime":0,"mStartTime":34800000,"mTimeUnit":600000,"mWalkTime":89378,"runStep":0,"walkStep":134},{"distance":141.99,"mCalorie":7.46,"mOthersTime":0,"mRunTime":0,"mStartTime":35400000,"mTimeUnit":600000,"mWalkTime":133400,"runStep":0,"walkStep":200},{"distance":109.89,"mCalorie":5.79,"mOthersTime":0,"mRunTime":0,"mStartTime":36000000,"mTimeUnit":600000,"mWalkTime":102051,"runStep":0,"walkStep":153},{"distance":238.92003,"mCalorie":13.02,"mOthersTime":0,"mRunTime":0,"mStartTime":36600000,"mTimeUnit":600000,"mWalkTime":223445,"runStep":0,"walkStep":335},{"distance":25.64,"mCalorie":1.16,"mOthersTime":0,"mRunTime":0,"mStartTime":37200000,"mTimeUnit":600000,"mWalkTime":22678,"runStep":0,"walkStep":34},{"distance":60.29,"mCalorie":3.33,"mOthersTime":0,"mRunTime":2400,"mStartTime":37800000,"mTimeUnit":600000,"mWalkTime":52693,"runStep":6,"walkStep":79},{"distance":93.625,"mCalorie":4.72,"mOthersTime":0,"mRunTime":0,"mStartTime":38400000,"mTimeUnit":600000,"mWalkTime":81374,"runStep":0,"walkStep":122},{"distance":5.03,"mCalorie":0.26,"mOthersTime":0,"mRunTime":0,"mStartTime":39000000,"mTimeUnit":600000,"mWalkTime":4669,"runStep":0,"walkStep":7},{"distance":28.14,"mCalorie":1.7,"mOthersTime":0,"mRunTime":0,"mStartTime":41400000,"mTimeUnit":600000,"mWalkTime":26680,"runStep":0,"walkStep":40},{"distance":52.3,"mCalorie":2.95,"mOthersTime":0,"mRunTime":4400,"mStartTime":42000000,"mTimeUnit":600000,"mWalkTime":37352,"runStep":11,"walkStep":56},{"distance":33.559998,"mCalorie":1.5,"mOthersTime":0,"mRunTime":0,"mStartTime":42600000,"mTimeUnit":600000,"mWalkTime":26680,"runStep":0,"walkStep":40},{"distance":19.359,"mCalorie":0.919,"mOthersTime":0,"mRunTime":0,"mStartTime":43200000,"mTimeUnit":600000,"mWalkTime":18009,"runStep":0,"walkStep":27},{"distance":16.54,"mCalorie":0.78999996,"mOthersTime":0,"mRunTime":0,"mStartTime":44400000,"mTimeUnit":600000,"mWalkTime":14007,"runStep":0,"walkStep":21},{"distance":73.119995,"mCalorie":3.42,"mOthersTime":0,"mRunTime":2000,"mStartTime":45600000,"mTimeUnit":600000,"mWalkTime":55361,"runStep":5,"walkStep":83},{"distance":81.171005,"mCalorie":4.42,"mOthersTime":0,"mRunTime":0,"mStartTime":46200000,"mTimeUnit":600000,"mWalkTime":74704,"runStep":0,"walkStep":112},{"distance":421.40997,"mCalorie":18.68,"mOthersTime":0,"mRunTime":0,"mStartTime":46800000,"mTimeUnit":600000,"mWalkTime":332106,"runStep":0,"walkStep":542},{"distance":428.09003,"mCalorie":23.030003,"mOthersTime":0,"mRunTime":0,"mStartTime":47400000,"mTimeUnit":600000,"mWalkTime":392833,"runStep":0,"walkStep":600},{"distance":17.89,"mCalorie":0.89,"mOthersTime":0,"mRunTime":0,"mStartTime":48000000,"mTimeUnit":600000,"mWalkTime":16008,"runStep":0,"walkStep":24},{"distance":69.02,"mCalorie":3.57,"mOthersTime":0,"mRunTime":0,"mStartTime":48600000,"mTimeUnit":600000,"mWalkTime":63365,"runStep":0,"walkStep":95},{"distance":32.68,"mCalorie":1.72,"mOthersTime":0,"mRunTime":0,"mStartTime":49200000,"mTimeUnit":600000,"mWalkTime":30015,"runStep":0,"walkStep":45},{"distance":9.79,"mCalorie":0.57,"mOthersTime":0,"mRunTime":0,"mStartTime":50400000,"mTimeUnit":600000,"mWalkTime":9338,"runStep":0,"walkStep":14},{"distance":42.5,"mCalorie":2.17,"mOthersTime":0,"mRunTime":0,"mStartTime":51600000,"mTimeUnit":600000,"mWalkTime":39353,"runStep":0,"walkStep":59},{"distance":430.64297,"mCalorie":22.619999,"mOthersTime":0,"mRunTime":4800,"mStartTime":52200000,"mTimeUnit":600000,"mWalkTime":383525,"runStep":12,"walkStep":575},{"distance":225.27,"mCalorie":13.280001,"mOthersTime":0,"mRunTime":0,"mStartTime":52800000,"mTimeUnit":600000,"mWalkTime":218109,"runStep":0,"walkStep":327},{"distance":141.7,"mCalorie":7.5700006,"mOthersTime":0,"mRunTime":0,"mStartTime":53400000,"mTimeUnit":600000,"mWalkTime":132066,"runStep":0,"walkStep":198},{"distance":274.91,"mCalorie":15.04,"mOthersTime":0,"mRunTime":0,"mStartTime":54000000,"mTimeUnit":600000,"mWalkTime":259463,"runStep":0,"walkStep":389},{"distance":20.42,"mCalorie":1.05,"mOthersTime":0,"mRunTime":0,"mStartTime":54600000,"mTimeUnit":600000,"mWalkTime":19343,"runStep":0,"walkStep":29},{"distance":265.531,"mCalorie":24.57759,"mOthersTime":0,"mRunTime":0,"mStartTime":55200000,"mTimeUnit":600000,"mWalkTime":291068,"runStep":0,"walkStep":403},{"distance":520.57434,"mCalorie":57.533524,"mOthersTime":0,"mRunTime":0,"mStartTime":55800000,"mTimeUnit":600000,"mWalkTime":600000,"runStep":0,"walkStep":920},{"distance":175.64221,"mCalorie":17.357317,"mOthersTime":0,"mRunTime":0,"mStartTime":56400000,"mTimeUnit":600000,"mWalkTime":193678,"runStep":0,"walkStep":130},{"distance":7.59,"mCalorie":0.36,"mOthersTime":0,"mRunTime":0,"mStartTime":57000000,"mTimeUnit":600000,"mWalkTime":6670,"runStep":0,"walkStep":10},{"distance":34.22,"mCalorie":1.75,"mOthersTime":0,"mRunTime":0,"mStartTime":57600000,"mTimeUnit":600000,"mWalkTime":31349,"runStep":0,"walkStep":47},{"distance":57.05,"mCalorie":3.1,"mOthersTime":0,"mRunTime":400,"mStartTime":58800000,"mTimeUnit":600000,"mWalkTime":49358,"runStep":1,"walkStep":74},{"distance":117.39001,"mCalorie":5.6800003,"mOthersTime":0,"mRunTime":0,"mStartTime":59400000,"mTimeUnit":600000,"mWalkTime":103385,"runStep":0,"walkStep":155},{"distance":66.84,"mCalorie":3.27,"mOthersTime":0,"mRunTime":0,"mStartTime":60000000,"mTimeUnit":600000,"mWalkTime":60697,"runStep":0,"walkStep":91},{"distance":60.93,"mCalorie":2.981,"mOthersTime":0,"mRunTime":0,"mStartTime":60600000,"mTimeUnit":600000,"mWalkTime":58029,"runStep":0,"walkStep":87},{"distance":46.477997,"mCalorie":2.32,"mOthersTime":0,"mRunTime":800,"mStartTime":61200000,"mTimeUnit":600000,"mWalkTime":39353,"runStep":2,"walkStep":59},{"distance":60.839996,"mCalorie":2.84,"mOthersTime":0,"mRunTime":0,"mStartTime":61800000,"mTimeUnit":600000,"mWalkTime":54694,"runStep":0,"walkStep":82},{"distance":11.52,"mCalorie":0.79,"mOthersTime":0,"mRunTime":1600,"mStartTime":63600000,"mTimeUnit":600000,"mWalkTime":6670,"runStep":4,"walkStep":10},{"distance":133.33,"mCalorie":6.9199996,"mOthersTime":0,"mRunTime":0,"mStartTime":64200000,"mTimeUnit":600000,"mWalkTime":118029,"runStep":0,"walkStep":181},{"distance":18.06,"mCalorie":0.99,"mOthersTime":0,"mRunTime":2000,"mStartTime":65400000,"mTimeUnit":600000,"mWalkTime":8004,"runStep":5,"walkStep":12},{"distance":4.21,"mCalorie":0.22,"mOthersTime":0,"mRunTime":0,"mStartTime":66000000,"mTimeUnit":600000,"mWalkTime":4002,"runStep":0,"walkStep":6},{"distance":11.93,"mCalorie":0.57,"mOthersTime":0,"mRunTime":0,"mStartTime":66600000,"mTimeUnit":600000,"mWalkTime":10672,"runStep":0,"walkStep":16},{"distance":145.20601,"mCalorie":7.02,"mOthersTime":0,"mRunTime":0,"mStartTime":67800000,"mTimeUnit":600000,"mWalkTime":130035,"runStep":0,"walkStep":197},{"distance":16.31,"mCalorie":0.68,"mOthersTime":0,"mRunTime":0,"mStartTime":68400000,"mTimeUnit":600000,"mWalkTime":13340,"runStep":0,"walkStep":20},{"distance":8.83,"mCalorie":0.5,"mOthersTime":0,"mRunTime":0,"mStartTime":69600000,"mTimeUnit":600000,"mWalkTime":8671,"runStep":0,"walkStep":13},{"distance":6.8,"mCalorie":0.38,"mOthersTime":0,"mRunTime":0,"mStartTime":72000000,"mTimeUnit":600000,"mWalkTime":6670,"runStep":0,"walkStep":10},{"distance":33.19,"mCalorie":1.9699999,"mOthersTime":0,"mRunTime":1200,"mStartTime":73200000,"mTimeUnit":600000,"mWalkTime":30015,"runStep":3,"walkStep":45},{"distance":13.757,"mCalorie":0.68,"mOthersTime":0,"mRunTime":0,"mStartTime":76800000,"mTimeUnit":600000,"mWalkTime":13340,"runStep":0,"walkStep":20},{"distance":27.46,"mCalorie":1.35,"mOthersTime":0,"mRunTime":0,"mStartTime":77400000,"mTimeUnit":600000,"mWalkTime":25346,"runStep":0,"walkStep":38},{"distance":22.27,"mCalorie":1.31,"mOthersTime":0,"mRunTime":800,"mStartTime":78000000,"mTimeUnit":600000,"mWalkTime":16675,"runStep":2,"walkStep":25},{"distance":9.15,"mCalorie":0.44,"mOthersTime":0,"mRunTime":0,"mStartTime":80400000,"mTimeUnit":600000,"mWalkTime":8004,"runStep":0,"walkStep":12},{"distance":52.82,"mCalorie":2.75,"mOthersTime":0,"mRunTime":0,"mStartTime":81000000,"mTimeUnit":600000,"mWalkTime":49358,"runStep":0,"walkStep":74},{"distance":63.45,"mCalorie":3.27,"mOthersTime":0,"mRunTime":400,"mStartTime":81600000,"mTimeUnit":600000,"mWalkTime":54027,"runStep":1,"walkStep":81}],"version":1}