{"mActivityList":[{"mActiveTime":600000,"mActiveTimeType":2,"mCalorie":78.94,"mCategory":204,"mDetailInfoId":"10ec6b1c-14b6-b4dc-acc9-e98cb15e5b44","mDistance":0.0,"mDuration":600000,"mEndTime":52436123,"mStartTime":51836123,"mType":11007}],"mAdaptiveGoal":0,"mIsGoalAchieved":false,"mIsMostActiveAchieved":false,"mMostActiveMinutes":0,"mStreakDayCount":0,"mUnitDataList":[{"distance":37.279,"mCalorie":1.58,"mOthersTime":0,"mRunTime":0,"mStartTime":600000,"mTimeUnit":600000,"mWalkTime":31349,"runStep":0,"walkStep":47},{"distance":50.07,"mCalorie":2.4699998,"mOthersTime":0,"mRunTime":0,"mStartTime":7200000,"mTimeUnit":600000,"mWalkTime":44022,"runStep":0,"walkStep":66},{"distance":124.13699,"mCalorie":6.31,"mOthersTime":0,"mRunTime":1600,"mStartTime":14400000,"mTimeUnit":600000,"mWalkTime":108721,"runStep":4,"walkStep":163},{"distance":83.44,"mCalorie":4.27,"mOthersTime":0,"mRunTime":2000,"mStartTime":15000000,"mTimeUnit":600000,"mWalkTime":72703,"runStep":5,"walkStep":109},{"distance":72.29,"mCalorie":3.66,"mOthersTime":0,"mRunTime":0,"mStartTime":15600000,"mTimeUnit":600000,"mWalkTime":67367,"runStep":0,"walkStep":101},{"distance":19.01,"mCalorie":0.91999996,"mOthersTime":0,"mRunTime":0,"mStartTime":16200000,"mTimeUnit":600000,"mWalkTime":17342,"runStep":0,"walkStep":26},{"distance":18.470001,"mCalorie":0.83000004,"mOthersTime":0,"mRunTime":0,"mStartTime":16800000,"mTimeUnit":600000,"mWalkTime":16008,"runStep":0,"walkStep":24},{"distance":84.97,"mCalorie":4.31,"mOthersTime":0,"mRunTime":0,"mStartTime":18000000,"mTimeUnit":600000,"mWalkTime":77372,"runStep":0,"walkStep":116},{"distance":115.94,"mCalorie":5.7,"mOthersTime":0,"mRunTime":0,"mStartTime":18600000,"mTimeUnit":600000,"mWalkTime":106053,"runStep":0,"walkStep":159},{"distance":14.24,"mCalorie":0.68,"mOthersTime":0,"mRunTime":0,"mStartTime":20400000,"mTimeUnit":600000,"mWalkTime":12673,"runStep":0,"walkStep":19},{"distance":10.85,"mCalorie":0.48,"mOthersTime":0,"mRunTime":0,"mStartTime":24000000,"mTimeUnit":600000,"mWalkTime":10005,"runStep":0,"walkStep":15},{"distance":13.0,"mCalorie":0.58,"mOthersTime":0,"mRunTime":0,"mStartTime":24600000,"mTimeUnit":600000,"mWalkTime":10672,"runStep":0,"walkStep":16},{"distance":16.39,"mCalorie":0.8,"mOthersTime":0,"mRunTime":0,"mStartTime":27000000,"mTimeUnit":600000,"mWalkTime":14674,"runStep":0,"walkStep":22},{"distance":14.72,"mCalorie":0.65,"mOthersTime":0,"mRunTime":0,"mStartTime":30000000,"mTimeUnit":600000,"mWalkTime":12673,"runStep":0,"walkStep":19},{"distance":50.390003,"mCalorie":2.6699998,"mOthersTime":0,"mRunTime":3200,"mStartTime":30600000,"mTimeUnit":600000,"mWalkTime":36685,"runStep":8,"walkStep":55},{"distance":8.17,"mCalorie":0.34,"mOthersTime":0,"mRunTime":0,"mStartTime":31200000,"mTimeUnit":600000,"mWalkTime":7337,"runStep":0,"walkStep":11},{"distance":8.61,"mCalorie":0.44,"mOthersTime":0,"mRunTime":0,"mStartTime":31800000,"mTimeUnit":600000,"mWalkTime":8004,"runStep":0,"walkStep":12},{"distance":167.38,"mCalorie":7.6800003,"mOthersTime":0,"mRunTime":0,"mStartTime":33000000,"mTimeUnit":600000,"mWalkTime":150075,"runStep":0,"walkStep":225},{"distance":26.68,"mCalorie":1.35,"mOthersTime":0,"mRunTime":0,"mStartTime":37800000,"mTimeUnit":600000,"mWalkTime":24012,"runStep":0,"walkStep":36},{"distance":90.11,"mCalorie":4.9700003,"mOthersTime":0,"mRunTime":0,"mStartTime":38400000,"mTimeUnit":600000,"mWalkTime":84709,"runStep":0,"walkStep":127},{"distance":305.40002,"mCalorie":16.98,"mOthersTime":0,"mRunTime":0,"mStartTime":39000000,"mTimeUnit":600000,"mWalkTime":284809,"runStep":0,"walkStep":427},{"distance":512.88,"mCalorie":25.859997,"mOthersTime":0,"mRunTime":0,"mStartTime":39600000,"mTimeUnit":600000,"mWalkTime":412086,"runStep":0,"walkStep":689},{"distance":42.260002,"mCalorie":2.15,"mOthersTime":0,"mRunTime":0,"mStartTime":40200000,"mTimeUnit":600000,"mWalkTime":38019,"runStep":0,"walkStep":57},{"distance":268.471,"mCalorie":14.15,"mOthersTime":0,"mRunTime":800,"mStartTime":46200000,"mTimeUnit":600000,"mWalkTime":247427,"runStep":2,"walkStep":379},{"distance":307.25003,"mCalorie":15.820001,"mOthersTime":0,"mRunTime":3302,"mStartTime":46800000,"mTimeUnit":600000,"mWalkTime":252796,"runStep":10,"walkStep":397},{"distance":139.44,"mCalorie":7.049999,"mOthersTime":0,"mRunTime":0,"mStartTime":47400000,"mTimeUnit":600000,"mWalkTime":127397,"runStep":0,"walkStep":191},{"distance":7.59,"mCalorie":0.4,"mOthersTime":0,"mRunTime":0,"mStartTime":48000000,"mTimeUnit":600000,"mWalkTime":7337,"runStep":0,"walkStep":11},{"distance":202.5,"mCalorie":10.29,"mOthersTime":0,"mRunTime":0,"mStartTime":49200000,"mTimeUnit":600000,"mWalkTime":182091,"runStep":0,"walkStep":273},{"distance":43.58,"mCalorie":2.25,"mOthersTime":0,"mRunTime":0,"mStartTime":49800000,"mTimeUnit":600000,"mWalkTime":40687,"runStep":0,"walkStep":61},{"distance":85.29,"mCalorie":4.58,"mOthersTime":0,"mRunTime":0,"mStartTime":51000000,"mTimeUnit":600000,"mWalkTime":78039,"runStep":0,"walkStep":117},{"distance":84.83862,"mCalorie":51.791744,"mOthersTime":363877,"mRunTime":0,"mStartTime":51600000,"mTimeUnit":600000,"mWalkTime":75046,"runStep":0,"walkStep":296},{"distance":57.764187,"mCalorie":34.38767,"mOthersTime":236123,"mRunTime":0,"mStartTime":52200000,"mTimeUnit":600000,"mWalkTime":57665,"runStep":0,"walkStep":257},{"distance":74.11,"mCalorie":3.63,"mOthersTime":0,"mRunTime":0,"mStartTime":52800000,"mTimeUnit":600000,"mWalkTime":66033,"runStep":0,"walkStep":99},{"distance":54.87,"mCalorie":2.69,"mOthersTime":0,"mRunTime":0,"mStartTime":53400000,"mTimeUnit":600000,"mWalkTime":49358,"runStep":0,"walkStep":74},{"distance":50.879997,"mCalorie":2.5,"mOthersTime":0,"mRunTime":0,"mStartTime":54000000,"mTimeUnit":600000,"mWalkTime":46023,"runStep":0,"walkStep":69},{"distance":67.94,"mCalorie":3.5900002,"mOthersTime":0,"mRunTime":0,"mStartTime":54600000,"mTimeUnit":600000,"mWalkTime":62031,"runStep":0,"walkStep":93},{"distance":119.46,"mCalorie":6.06,"mOthersTime":0,"mRunTime":1200,"mStartTime":55200000,"mTimeUnit":600000,"mWalkTime":103385,"runStep":3,"walkStep":155},{"distance":67.52998,"mCalorie":4.1399984,"mOthersTime":0,"mRunTime":0,"mStartTime":55800000,"mTimeUnit":600000,"mWalkTime":78039,"runStep":0,"walkStep":117},{"distance":69.48,"mCalorie":4.04,"mOthersTime":0,"mRunTime":0,"mStartTime":56400000,"mTimeUnit":600000,"mWalkTime":66700,"runStep":0,"walkStep":100},{"distance":87.28001,"mCalorie":4.16,"mOthersTime":0,"mRunTime":0,"mStartTime":57000000,"mTimeUnit":600000,"mWalkTime":79373,"runStep":0,"walkStep":119},{"distance":197.63,"mCalorie":9.51,"mOthersTime":0,"mRunTime":0,"mStartTime":57600000,"mTimeUnit":600000,"mWalkTime":154017,"runStep":0,"walkStep":259},{"distance":150.04001,"mCalorie":7.4999995,"mOthersTime":0,"mRunTime":800,"mStartTime":58200000,"mTimeUnit":600000,"mWalkTime":130065,"runStep":2,"walkStep":195},{"distance":233.86002,"mCalorie":11.5,"mOthersTime":0,"mRunTime":0,"mStartTime":58800000,"mTimeUnit":600000,"mWalkTime":210772,"runStep":0,"walkStep":316},{"distance":90.479996,"mCalorie":4.3999996,"mOthersTime":0,"mRunTime":0,"mStartTime":59400000,"mTimeUnit":600000,"mWalkTime":80040,"runStep":0,"walkStep":120},{"distance":83.17999,"mCalorie":3.9199998,"mOthersTime":0,"mRunTime":0,"mStartTime":60000000,"mTimeUnit":600000,"mWalkTime":74037,"runStep":0,"walkStep":111},{"distance":107.07,"mCalorie":5.17,"mOthersTime":0,"mRunTime":0,"mStartTime":60600000,"mTimeUnit":600000,"mWalkTime":94047,"runStep":0,"walkStep":141},{"distance":211.85,"mCalorie":10.21,"mOthersTime":0,"mRunTime":4800,"mStartTime":61200000,"mTimeUnit":600000,"mWalkTime":177422,"runStep":12,"walkStep":266},{"distance":334.31,"mCalorie":16.689999,"mOthersTime":0,"mRunTime":3600,"mStartTime":61800000,"mTimeUnit":600000,"mWalkTime":286810,"runStep":9,"walkStep":430},{"distance":185.92,"mCalorie":8.789999,"mOthersTime":0,"mRunTime":0,"mStartTime":62400000,"mTimeUnit":600000,"mWalkTime":152683,"runStep":0,"walkStep":244},{"distance":201.09998,"mCalorie":9.419999,"mOthersTime":0,"mRunTime":0,"mStartTime":63000000,"mTimeUnit":600000,"mWalkTime":166053,"runStep":0,"walkStep":263},{"distance":8.47,"mCalorie":0.4,"mOthersTime":0,"mRunTime":0,"mStartTime":63600000,"mTimeUnit":600000,"mWalkTime":8004,"runStep":0,"walkStep":12},{"distance":94.75,"mCalorie":4.96,"mOthersTime":0,"mRunTime":0,"mStartTime":64200000,"mTimeUnit":600000,"mWalkTime":86043,"runStep":0,"walkStep":129},{"distance":90.979996,"mCalorie":4.36,"mOthersTime":0,"mRunTime":0,"mStartTime":64800000,"mTimeUnit":600000,"mWalkTime":72006,"runStep":0,"walkStep":122},{"distance":75.880005,"mCalorie":3.5500002,"mOthersTime":0,"mRunTime":0,"mStartTime":65400000,"mTimeUnit":600000,"mWalkTime":67367,"runStep":0,"walkStep":101},{"distance":57.989998,"mCalorie":2.6899998,"mOthersTime":0,"mRunTime":0,"mStartTime":66000000,"mTimeUnit":600000,"mWalkTime":51359,"runStep":0,"walkStep":77},{"distance":8.69,"mCalorie":0.31,"mOthersTime":0,"mRunTime":0,"mStartTime":67800000,"mTimeUnit":600000,"mWalkTime":7337,"runStep":0,"walkStep":11},{"distance":93.700005,"mCalorie":4.49,"mOthersTime":0,"mRunTime":0,"mStartTime":69600000,"mTimeUnit":600000,"mWalkTime":84709,"runStep":0,"walkStep":127},{"distance":92.83,"mCalorie":5.2799997,"mOthersTime":0,"mRunTime":4400,"mStartTime":70200000,"mTimeUnit":600000,"mWalkTime":76705,"runStep":11,"walkStep":115},{"distance":56.920002,"mCalorie":2.5700002,"mOthersTime":0,"mRunTime":0,"mStartTime":70800000,"mTimeUnit":600000,"mWalkTime":48024,"runStep":0,"walkStep":72},{"distance":48.32,"mCalorie":2.18,"mOthersTime":0,"mRunTime":0,"mStartTime":71400000,"mTimeUnit":600000,"mWalkTime":41354,"runStep":0,"walkStep":62},{"distance":21.09,"mCalorie":0.98,"mOthersTime":0,"mRunTime":0,"mStartTime":72600000,"mTimeUnit":600000,"mWalkTime":18676,"runStep":0,"walkStep":28},{"distance":32.72,"mCalorie":1.6600001,"mOthersTime":0,"mRunTime":0,"mStartTime":73200000,"mTimeUnit":600000,"mWalkTime":30015,"runStep":0,"walkStep":45},{"distance":124.799995,"mCalorie":6.06,"mOthersTime":0,"mRunTime":0,"mStartTime":76800000,"mTimeUnit":600000,"mWalkTime":110722,"runStep":0,"walkStep":166},{"distance":24.64,"mCalorie":1.1700001,"mOthersTime":0,"mRunTime":0,"mStartTime":77400000,"mTimeUnit":600000,"mWalkTime":22678,"runStep":0,"walkStep":34},{"distance":10.12,"mCalorie":0.49,"mOthersTime":0,"mRunTime":0,"mStartTime":78000000,"mTimeUnit":600000,"mWalkTime":9338,"runStep":0,"walkStep":14},{"distance":14.0,"mCalorie":0.79,"mOthersTime":0,"mRunTime":0,"mStartTime":79800000,"mTimeUnit":600000,"mWalkTime":13340,"runStep":0,"walkStep":20},{"distance":55.79,"mCalorie":2.6,"mOthersTime":0,"mRunTime":0,"mStartTime":80400000,"mTimeUnit":600000,"mWalkTime":49358,"runStep":0,"walkStep":74},{"distance":62.26,"mCalorie":3.4099998,"mOthersTime":0,"mRunTime":2400,"mStartTime":81000000,"mTimeUnit":600000,"mWalkTime":50692,"runStep":6,"walkStep":76},{"distance":45.839996,"mCalorie":2.21,"mOthersTime":0,"mRunTime":0,"mStartTime":81600000,"mTimeUnit":600000,"mWalkTime":42021,"runStep":0,"walkStep":63},{"distance":18.04,"mCalorie":0.94,"mOthersTime":0,"mRunTime":0,"mStartTime":82200000,"mTimeUnit":600000,"mWalkTime":16008,"runStep":0,"walkStep":24},{"distance":14.54,"mCalorie":0.69,"mOthersTime":0,"mRunTime":0,"mStartTime":83400000,"mTimeUnit":600000,"mWalkTime":13340,"runStep":0,"walkStep":20},{"distance":75.84,"mCalorie":3.9399998,"mOthersTime":0,"mRunTime":800,"mStartTime":84000000,"mTimeUnit":600000,"mWalkTime":66033,"runStep":2,"walkStep":99},{"distance":38.85,"mCalorie":2.0,"mOthersTime":0,"mRunTime":0,"mStartTime":84600000,"mTimeUnit":600000,"mWalkTime":36685,"runStep":0,"walkStep":55},{"distance":76.09,"mCalorie":3.44,"mOthersTime":0,"mRunTime":800,"mStartTime":85200000,"mTimeUnit":600000,"mWalkTime":63365,"runStep":2,"walkStep":95}],"version":1}