{"mActivityList":[{"mActiveTime":654342,"mActiveTimeType":0,"mCalorie":72.0,"mCategory":204,"mDetailInfoId":"78eab776-b39e-5145-44f3-2f87c5225df9","mDistance":579.23,"mDuration":654342,"mEndTime":51091522,"mStartTime":50437180,"mType":1001}],"mAdaptiveGoal":0,"mIsGoalAchieved":false,"mIsMostActiveAchieved":false,"mMostActiveMinutes":0,"mStreakDayCount":0,"mUnitDataList":[{"distance":130.84001,"mCalorie":7.34,"mOthersTime":0,"mRunTime":12000,"mStartTime":25800000,"mTimeUnit":600000,"mWalkTime":82708,"runStep":30,"walkStep":124},{"distance":19.77,"mCalorie":1.23,"mOthersTime":0,"mRunTime":800,"mStartTime":26400000,"mTimeUnit":600000,"mWalkTime":15341,"runStep":2,"walkStep":23},{"distance":24.05,"mCalorie":1.3,"mOthersTime":0,"mRunTime":800,"mStartTime":27000000,"mTimeUnit":600000,"mWalkTime":20677,"runStep":2,"walkStep":31},{"distance":8.61,"mCalorie":0.4,"mOthersTime":0,"mRunTime":0,"mStartTime":27600000,"mTimeUnit":600000,"mWalkTime":8004,"runStep":0,"walkStep":12},{"distance":33.51,"mCalorie":1.74,"mOthersTime":0,"mRunTime":0,"mStartTime":34200000,"mTimeUnit":600000,"mWalkTime":29348,"runStep":0,"walkStep":44},{"distance":14.08,"mCalorie":0.61,"mOthersTime":0,"mRunTime":0,"mStartTime":36000000,"mTimeUnit":600000,"mWalkTime":12006,"runStep":0,"walkStep":18},{"distance":30.49,"mCalorie":1.62,"mOthersTime":0,"mRunTime":0,"mStartTime":42000000,"mTimeUnit":600000,"mWalkTime":28014,"runStep":0,"walkStep":42},{"distance":49.66,"mCalorie":2.4099998,"mOthersTime":0,"mRunTime":0,"mStartTime":42600000,"mTimeUnit":600000,"mWalkTime":44022,"runStep":0,"walkStep":66},{"distance":97.3,"mCalorie":5.65,"mOthersTime":0,"mRunTime":400,"mStartTime":43200000,"mTimeUnit":600000,"mWalkTime":95381,"runStep":1,"walkStep":143},{"distance":180.99998,"mCalorie":9.92,"mOthersTime":0,"mRunTime":0,"mStartTime":43800000,"mTimeUnit":600000,"mWalkTime":162718,"runStep":0,"walkStep":251},{"distance":51.65,"mCalorie":2.5900002,"mOthersTime":0,"mRunTime":0,"mStartTime":44400000,"mTimeUnit":600000,"mWalkTime":46690,"runStep":0,"walkStep":70},{"distance":7.3,"mCalorie":0.37,"mOthersTime":0,"mRunTime":0,"mStartTime":45000000,"mTimeUnit":600000,"mWalkTime":6670,"runStep":0,"walkStep":10},{"distance":19.02,"mCalorie":1.06,"mOthersTime":0,"mRunTime":0,"mStartTime":46200000,"mTimeUnit":600000,"mWalkTime":18009,"runStep":0,"walkStep":27},{"distance":183.0,"mCalorie":9.59,"mOthersTime":0,"mRunTime":0,"mStartTime":46800000,"mTimeUnit":600000,"mWalkTime":166720,"runStep":0,"walkStep":251},{"distance":87.119995,"mCalorie":4.62,"mOthersTime":0,"mRunTime":0,"mStartTime":47400000,"mTimeUnit":600000,"mWalkTime":81374,"runStep":0,"walkStep":122},{"distance":5.8,"mCalorie":0.29,"mOthersTime":0,"mRunTime":0,"mStartTime":48000000,"mTimeUnit":600000,"mWalkTime":5336,"runStep":0,"walkStep":8},{"distance":7.01,"mCalorie":0.38,"mOthersTime":0,"mRunTime":0,"mStartTime":49200000,"mTimeUnit":600000,"mWalkTime":6670,"runStep":0,"walkStep":10},{"distance":23.89,"mCalorie":1.29,"mOthersTime":0,"mRunTime":0,"mStartTime":49800000,"mTimeUnit":600000,"mWalkTime":22011,"runStep":0,"walkStep":33},{"distance":509.07037,"mCalorie":62.499546,"mOthersTime":0,"mRunTime":0,"mStartTime":50400000,"mTimeUnit":600000,"mWalkTime":572739,"runStep":0,"walkStep":777},{"distance":81.1823,"mCalorie":10.136998,"mOthersTime":0,"mRunTime":0,"mStartTime":51000000,"mTimeUnit":600000,"mWalkTime":91838,"runStep":0,"walkStep":59},{"distance":18.0,"mCalorie":0.78999996,"mOthersTime":0,"mRunTime":0,"mStartTime":54600000,"mTimeUnit":600000,"mWalkTime":15341,"runStep":0,"walkStep":23},{"distance":20.31,"mCalorie":0.82,"mOthersTime":0,"mRunTime":0,"mStartTime":55200000,"mTimeUnit":600000,"mWalkTime":17342,"runStep":0,"walkStep":26},{"distance":396.14,"mCalorie":20.41,"mOthersTime":0,"mRunTime":0,"mStartTime":55800000,"mTimeUnit":600000,"mWalkTime":342021,"runStep":0,"walkStep":551},{"distance":199.79,"mCalorie":10.000001,"mOthersTime":0,"mRunTime":0,"mStartTime":56400000,"mTimeUnit":600000,"mWalkTime":167357,"runStep":0,"walkStep":271},{"distance":7.57,"mCalorie":0.36,"mOthersTime":0,"mRunTime":0,"mStartTime":57600000,"mTimeUnit":600000,"mWalkTime":6670,"runStep":0,"walkStep":10},{"distance":8.89,"mCalorie":0.39,"mOthersTime":0,"mRunTime":0,"mStartTime":61200000,"mTimeUnit":600000,"mWalkTime":7337,"runStep":0,"walkStep":11},{"distance":26.21,"mCalorie":1.24,"mOthersTime":0,"mRunTime":0,"mStartTime":62400000,"mTimeUnit":600000,"mWalkTime":23345,"runStep":0,"walkStep":35},{"distance":8.24,"mCalorie":0.45,"mOthersTime":0,"mRunTime":0,"mStartTime":69000000,"mTimeUnit":600000,"mWalkTime":8004,"runStep":0,"walkStep":12},{"distance":13.17,"mCalorie":0.61,"mOthersTime":0,"mRunTime":0,"mStartTime":69600000,"mTimeUnit":600000,"mWalkTime":11339,"runStep":0,"walkStep":17},{"distance":128.3,"mCalorie":6.1699996,"mOthersTime":0,"mRunTime":2000,"mStartTime":70200000,"mTimeUnit":600000,"mWalkTime":106053,"runStep":5,"walkStep":159},{"distance":7.41,"mCalorie":0.32,"mOthersTime":0,"mRunTime":0,"mStartTime":76200000,"mTimeUnit":600000,"mWalkTime":6670,"runStep":0,"walkStep":10},{"distance":43.09,"mCalorie":2.05,"mOthersTime":0,"mRunTime":400,"mStartTime":79800000,"mTimeUnit":600000,"mWalkTime":36018,"runStep":1,"walkStep":54},{"distance":31.810001,"mCalorie":2.09,"mOthersTime":0,"mRunTime":4000,"mStartTime":80400000,"mTimeUnit":600000,"mWalkTime":18676,"runStep":10,"walkStep":28}],"version":1}