{"mAdaptiveGoal":0,"mIsGoalAchieved":false,"mIsMostActiveAchieved":false,"mMostActiveMinutes":0,"mStreakDayCount":0,"mUnitDataList":[{"distance":8.0,"mCalorie":0.33,"mOthersTime":0,"mRunTime":0,"mStartTime":4200000,"mTimeUnit":600000,"mWalkTime":6670,"runStep":0,"walkStep":10},{"distance":16.9,"mCalorie":1.09,"mOthersTime":0,"mRunTime":2800,"mStartTime":4800000,"mTimeUnit":600000,"mWalkTime":10672,"runStep":7,"walkStep":16},{"distance":8.47,"mCalorie":0.45,"mOthersTime":0,"mRunTime":0,"mStartTime":6000000,"mTimeUnit":600000,"mWalkTime":7337,"runStep":0,"walkStep":11},{"distance":16.84,"mCalorie":0.97,"mOthersTime":0,"mRunTime":0,"mStartTime":8400000,"mTimeUnit":600000,"mWalkTime":15341,"runStep":0,"walkStep":23},{"distance":55.34,"mCalorie":2.87,"mOthersTime":0,"mRunTime":2400,"mStartTime":15000000,"mTimeUnit":600000,"mWalkTime":42021,"runStep":6,"walkStep":63},{"distance":106.75701,"mCalorie":5.6100006,"mOthersTime":0,"mRunTime":2400,"mStartTime":15600000,"mTimeUnit":600000,"mWalkTime":92713,"runStep":6,"walkStep":139},{"distance":355.755,"mCalorie":18.43,"mOthersTime":0,"mRunTime":0,"mStartTime":16200000,"mTimeUnit":600000,"mWalkTime":306033,"runStep":0,"walkStep":504},{"distance":9.69,"mCalorie":0.49,"mOthersTime":0,"mRunTime":0,"mStartTime":18000000,"mTimeUnit":600000,"mWalkTime":8671,"runStep":0,"walkStep":13},{"distance":352.97,"mCalorie":18.03,"mOthersTime":0,"mRunTime":0,"mStartTime":18600000,"mTimeUnit":600000,"mWalkTime":301364,"runStep":0,"walkStep":504},{"distance":36.56,"mCalorie":1.7299999,"mOthersTime":0,"mRunTime":0,"mStartTime":19200000,"mTimeUnit":600000,"mWalkTime":32683,"runStep":0,"walkStep":49},{"distance":14.09,"mCalorie":0.78,"mOthersTime":0,"mRunTime":0,"mStartTime":19800000,"mTimeUnit":600000,"mWalkTime":13340,"runStep":0,"walkStep":20},{"distance":30.390001,"mCalorie":1.46,"mOthersTime":0,"mRunTime":0,"mStartTime":28200000,"mTimeUnit":600000,"mWalkTime":26680,"runStep":0,"walkStep":40},{"distance":21.59,"mCalorie":1.1,"mOthersTime":0,"mRunTime":0,"mStartTime":28800000,"mTimeUnit":600000,"mWalkTime":20010,"runStep":0,"walkStep":30},{"distance":18.9,"mCalorie":0.91,"mOthersTime":0,"mRunTime":0,"mStartTime":31800000,"mTimeUnit":600000,"mWalkTime":17342,"runStep":0,"walkStep":26},{"distance":22.689,"mCalorie":1.42,"mOthersTime":0,"mRunTime":1600,"mStartTime":32400000,"mTimeUnit":600000,"mWalkTime":13340,"runStep":4,"walkStep":20},{"distance":31.300001,"mCalorie":1.2099998,"mOthersTime":0,"mRunTime":0,"mStartTime":33000000,"mTimeUnit":600000,"mWalkTime":26680,"runStep":0,"walkStep":40},{"distance":23.43,"mCalorie":1.19,"mOthersTime":0,"mRunTime":0,"mStartTime":37800000,"mTimeUnit":600000,"mWalkTime":21344,"runStep":0,"walkStep":32},{"distance":33.6,"mCalorie":1.75,"mOthersTime":0,"mRunTime":0,"mStartTime":39600000,"mTimeUnit":600000,"mWalkTime":31349,"runStep":0,"walkStep":47},{"distance":68.299995,"mCalorie":3.7399998,"mOthersTime":0,"mRunTime":0,"mStartTime":40200000,"mTimeUnit":600000,"mWalkTime":72703,"runStep":0,"walkStep":109},{"distance":79.28,"mCalorie":3.7899997,"mOthersTime":0,"mRunTime":0,"mStartTime":40800000,"mTimeUnit":600000,"mWalkTime":72036,"runStep":0,"walkStep":108},{"distance":38.562,"mCalorie":1.61,"mOthersTime":0,"mRunTime":0,"mStartTime":41400000,"mTimeUnit":600000,"mWalkTime":33350,"runStep":0,"walkStep":50},{"distance":48.829998,"mCalorie":2.51,"mOthersTime":0,"mRunTime":0,"mStartTime":42000000,"mTimeUnit":600000,"mWalkTime":44689,"runStep":0,"walkStep":67},{"distance":40.89,"mCalorie":1.89,"mOthersTime":0,"mRunTime":0,"mStartTime":42600000,"mTimeUnit":600000,"mWalkTime":37352,"runStep":0,"walkStep":56},{"distance":53.891,"mCalorie":2.3799999,"mOthersTime":0,"mRunTime":0,"mStartTime":43800000,"mTimeUnit":600000,"mWalkTime":48024,"runStep":0,"walkStep":72},{"distance":7.24,"mCalorie":0.32,"mOthersTime":0,"mRunTime":0,"mStartTime":45000000,"mTimeUnit":600000,"mWalkTime":6670,"runStep":0,"walkStep":10},{"distance":64.969,"mCalorie":3.4399998,"mOthersTime":0,"mRunTime":4800,"mStartTime":45600000,"mTimeUnit":600000,"mWalkTime":49358,"runStep":12,"walkStep":74},{"distance":228.28,"mCalorie":13.57,"mOthersTime":0,"mRunTime":0,"mStartTime":46200000,"mTimeUnit":600000,"mWalkTime":224779,"runStep":0,"walkStep":337},{"distance":121.670006,"mCalorie":7.4700003,"mOthersTime":0,"mRunTime":0,"mStartTime":46800000,"mTimeUnit":600000,"mWalkTime":114724,"runStep":0,"walkStep":172},{"distance":49.79,"mCalorie":2.69,"mOthersTime":0,"mRunTime":0,"mStartTime":47400000,"mTimeUnit":600000,"mWalkTime":46023,"runStep":0,"walkStep":69},{"distance":61.620003,"mCalorie":2.97,"mOthersTime":0,"mRunTime":0,"mStartTime":48000000,"mTimeUnit":600000,"mWalkTime":54694,"runStep":0,"walkStep":82},{"distance":7.87,"mCalorie":0.42,"mOthersTime":0,"mRunTime":0,"mStartTime":49200000,"mTimeUnit":600000,"mWalkTime":7337,"runStep":0,"walkStep":11},{"distance":229.032,"mCalorie":12.0,"mOthersTime":0,"mRunTime":0,"mStartTime":49800000,"mTimeUnit":600000,"mWalkTime":202738,"runStep":0,"walkStep":313},{"distance":237.83,"mCalorie":13.4800005,"mOthersTime":0,"mRunTime":0,"mStartTime":50400000,"mTimeUnit":600000,"mWalkTime":225446,"runStep":0,"walkStep":338},{"distance":82.46,"mCalorie":4.1800003,"mOthersTime":0,"mRunTime":0,"mStartTime":51000000,"mTimeUnit":600000,"mWalkTime":76038,"runStep":0,"walkStep":114},{"distance":557.01,"mCalorie":28.79,"mOthersTime":0,"mRunTime":0,"mStartTime":51600000,"mTimeUnit":600000,"mWalkTime":466053,"runStep":0,"walkStep":758},{"distance":227.94,"mCalorie":11.809999,"mOthersTime":0,"mRunTime":0,"mStartTime":52800000,"mTimeUnit":600000,"mWalkTime":192036,"runStep":0,"walkStep":307},{"distance":29.35,"mCalorie":1.6,"mOthersTime":0,"mRunTime":0,"mStartTime":53400000,"mTimeUnit":600000,"mWalkTime":25346,"runStep":0,"walkStep":38},{"distance":21.44,"mCalorie":1.28,"mOthersTime":0,"mRunTime":0,"mStartTime":54000000,"mTimeUnit":600000,"mWalkTime":20677,"runStep":0,"walkStep":31},{"distance":7.102,"mCalorie":0.4,"mOthersTime":0,"mRunTime":0,"mStartTime":54600000,"mTimeUnit":600000,"mWalkTime":6670,"runStep":0,"walkStep":10},{"distance":15.02,"mCalorie":0.57,"mOthersTime":0,"mRunTime":0,"mStartTime":55200000,"mTimeUnit":600000,"mWalkTime":13340,"runStep":0,"walkStep":20},{"distance":61.879997,"mCalorie":3.36,"mOthersTime":0,"mRunTime":400,"mStartTime":56400000,"mTimeUnit":600000,"mWalkTime":56028,"runStep":1,"walkStep":84},{"distance":63.430004,"mCalorie":3.3199997,"mOthersTime":0,"mRunTime":0,"mStartTime":57000000,"mTimeUnit":600000,"mWalkTime":60697,"runStep":0,"walkStep":91},{"distance":55.91,"mCalorie":2.7,"mOthersTime":0,"mRunTime":0,"mStartTime":57600000,"mTimeUnit":600000,"mWalkTime":49358,"runStep":0,"walkStep":74},{"distance":51.391,"mCalorie":2.59,"mOthersTime":0,"mRunTime":0,"mStartTime":58200000,"mTimeUnit":600000,"mWalkTime":46690,"runStep":0,"walkStep":70},{"distance":108.99,"mCalorie":5.32,"mOthersTime":0,"mRunTime":0,"mStartTime":58800000,"mTimeUnit":600000,"mWalkTime":98716,"runStep":0,"walkStep":148},{"distance":29.29,"mCalorie":1.39,"mOthersTime":0,"mRunTime":0,"mStartTime":61800000,"mTimeUnit":600000,"mWalkTime":26013,"runStep":0,"walkStep":39},{"distance":71.54,"mCalorie":3.7600002,"mOthersTime":0,"mRunTime":1600,"mStartTime":62400000,"mTimeUnit":600000,"mWalkTime":61364,"runStep":4,"walkStep":92},{"distance":292.711,"mCalorie":13.9,"mOthersTime":0,"mRunTime":2400,"mStartTime":63000000,"mTimeUnit":600000,"mWalkTime":225386,"runStep":6,"walkStep":372},{"distance":53.39,"mCalorie":2.6100001,"mOthersTime":0,"mRunTime":0,"mStartTime":63600000,"mTimeUnit":600000,"mWalkTime":48691,"runStep":0,"walkStep":73},{"distance":39.32,"mCalorie":1.9100001,"mOthersTime":0,"mRunTime":0,"mStartTime":64200000,"mTimeUnit":600000,"mWalkTime":34684,"runStep":0,"walkStep":52},{"distance":378.56998,"mCalorie":19.759998,"mOthersTime":0,"mRunTime":3600,"mStartTime":64800000,"mTimeUnit":600000,"mWalkTime":320737,"runStep":9,"walkStep":498},{"distance":146.23999,"mCalorie":7.8099995,"mOthersTime":0,"mRunTime":0,"mStartTime":65400000,"mTimeUnit":600000,"mWalkTime":131399,"runStep":0,"walkStep":197},{"distance":149.151,"mCalorie":8.440001,"mOthersTime":0,"mRunTime":0,"mStartTime":66000000,"mTimeUnit":600000,"mWalkTime":145406,"runStep":0,"walkStep":218},{"distance":171.54,"mCalorie":9.709999,"mOthersTime":0,"mRunTime":0,"mStartTime":66600000,"mTimeUnit":600000,"mWalkTime":161414,"runStep":0,"walkStep":242},{"distance":43.53,"mCalorie":2.34,"mOthersTime":0,"mRunTime":0,"mStartTime":67200000,"mTimeUnit":600000,"mWalkTime":40020,"runStep":0,"walkStep":60},{"distance":13.637,"mCalorie":0.82,"mOthersTime":0,"mRunTime":0,"mStartTime":68400000,"mTimeUnit":600000,"mWalkTime":13340,"runStep":0,"walkStep":20},{"distance":16.84,"mCalorie":0.74,"mOthersTime":0,"mRunTime":0,"mStartTime":70200000,"mTimeUnit":600000,"mWalkTime":13340,"runStep":0,"walkStep":20},{"distance":26.66,"mCalorie":1.52,"mOthersTime":0,"mRunTime":0,"mStartTime":70800000,"mTimeUnit":600000,"mWalkTime":22678,"runStep":0,"walkStep":34},{"distance":74.39,"mCalorie":3.7800002,"mOthersTime":0,"mRunTime":4000,"mStartTime":71400000,"mTimeUnit":600000,"mWalkTime":56695,"runStep":10,"walkStep":85},{"distance":38.300003,"mCalorie":1.79,"mOthersTime":0,"mRunTime":0,"mStartTime":72000000,"mTimeUnit":600000,"mWalkTime":33350,"runStep":0,"walkStep":50},{"distance":10.68,"mCalorie":0.78,"mOthersTime":0,"mRunTime":1200,"mStartTime":72600000,"mTimeUnit":600000,"mWalkTime":6670,"runStep":3,"walkStep":10},{"distance":13.69,"mCalorie":0.56,"mOthersTime":0,"mRunTime":0,"mStartTime":73200000,"mTimeUnit":600000,"mWalkTime":11339,"runStep":0,"walkStep":17},{"distance":128.368,"mCalorie":6.71,"mOthersTime":0,"mRunTime":2400,"mStartTime":73800000,"mTimeUnit":600000,"mWalkTime":109388,"runStep":6,"walkStep":164},{"distance":43.8,"mCalorie":2.28,"mOthersTime":0,"mRunTime":400,"mStartTime":74400000,"mTimeUnit":600000,"mWalkTime":37352,"runStep":1,"walkStep":56},{"distance":33.629997,"mCalorie":1.73,"mOthersTime":0,"mRunTime":400,"mStartTime":75000000,"mTimeUnit":600000,"mWalkTime":29348,"runStep":1,"walkStep":44},{"distance":136.54999,"mCalorie":7.6099997,"mOthersTime":0,"mRunTime":1200,"mStartTime":75600000,"mTimeUnit":600000,"mWalkTime":131399,"runStep":3,"walkStep":197},{"distance":187.33998,"mCalorie":10.719999,"mOthersTime":0,"mRunTime":0,"mStartTime":76200000,"mTimeUnit":600000,"mWalkTime":176088,"runStep":0,"walkStep":264},{"distance":50.1,"mCalorie":2.52,"mOthersTime":0,"mRunTime":800,"mStartTime":76800000,"mTimeUnit":600000,"mWalkTime":44022,"runStep":2,"walkStep":66},{"distance":83.1,"mCalorie":4.24,"mOthersTime":0,"mRunTime":0,"mStartTime":78000000,"mTimeUnit":600000,"mWalkTime":75371,"runStep":0,"walkStep":113},{"distance":231.51001,"mCalorie":18.959997,"mOthersTime":0,"mRunTime":0,"mStartTime":78600000,"mTimeUnit":600000,"mWalkTime":230782,"runStep":0,"walkStep":346},{"distance":70.75,"mCalorie":3.6200001,"mOthersTime":0,"mRunTime":0,"mStartTime":79200000,"mTimeUnit":600000,"mWalkTime":65366,"runStep":0,"walkStep":98},{"distance":103.450005,"mCalorie":5.0199995,"mOthersTime":0,"mRunTime":400,"mStartTime":79800000,"mTimeUnit":600000,"mWalkTime":88044,"runStep":1,"walkStep":132},{"distance":313.75,"mCalorie":16.83,"mOthersTime":0,"mRunTime":0,"mStartTime":80400000,"mTimeUnit":600000,"mWalkTime":286143,"runStep":0,"walkStep":429},{"distance":112.64,"mCalorie":5.61,"mOthersTime":0,"mRunTime":0,"mStartTime":81000000,"mTimeUnit":600000,"mWalkTime":102051,"runStep":0,"walkStep":153},{"distance":38.52,"mCalorie":2.04,"mOthersTime":0,"mRunTime":0,"mStartTime":82200000,"mTimeUnit":600000,"mWalkTime":36018,"runStep":0,"walkStep":54},{"distance":329.55,"mCalorie":17.43,"mOthersTime":0,"mRunTime":1600,"mStartTime":84000000,"mTimeUnit":600000,"mWalkTime":260040,"runStep":4,"walkStep":429},{"distance":424.19998,"mCalorie":24.619999,"mOthersTime":0,"mRunTime":0,"mStartTime":84600000,"mTimeUnit":600000,"mWalkTime":371429,"runStep":0,"walkStep":594},{"distance":33.190002,"mCalorie":1.7399999,"mOthersTime":0,"mRunTime":0,"mStartTime":85200000,"mTimeUnit":600000,"mWalkTime":30682,"runStep":0,"walkStep":46},{"distance":27.789997,"mCalorie":1.4100001,"mOthersTime":0,"mRunTime":0,"mStartTime":85800000,"mTimeUnit":600000,"mWalkTime":25346,"runStep":0,"walkStep":38}],"version":1}