{"mAdaptiveGoal":0,"mIsGoalAchieved":false,"mIsMostActiveAchieved":false,"mMostActiveMinutes":0,"mStreakDayCount":0,"mUnitDataList":[{"distance":18.02,"mCalorie":0.95000005,"mOthersTime":0,"mRunTime":0,"mStartTime":12600000,"mTimeUnit":600000,"mWalkTime":16675,"runStep":0,"walkStep":25},{"distance":27.17,"mCalorie":1.46,"mOthersTime":0,"mRunTime":0,"mStartTime":17400000,"mTimeUnit":600000,"mWalkTime":25346,"runStep":0,"walkStep":38},{"distance":19.07,"mCalorie":0.93999994,"mOthersTime":0,"mRunTime":0,"mStartTime":37200000,"mTimeUnit":600000,"mWalkTime":17342,"runStep":0,"walkStep":26},{"distance":115.37,"mCalorie":6.35,"mOthersTime":0,"mRunTime":0,"mStartTime":39000000,"mTimeUnit":600000,"mWalkTime":107387,"runStep":0,"walkStep":161},{"distance":28.28,"mCalorie":1.3499999,"mOthersTime":0,"mRunTime":0,"mStartTime":39600000,"mTimeUnit":600000,"mWalkTime":23345,"runStep":0,"walkStep":35},{"distance":241.44,"mCalorie":12.74,"mOthersTime":0,"mRunTime":800,"mStartTime":40200000,"mTimeUnit":600000,"mWalkTime":210075,"runStep":2,"walkStep":329},{"distance":58.71,"mCalorie":2.78,"mOthersTime":0,"mRunTime":0,"mStartTime":40800000,"mTimeUnit":600000,"mWalkTime":50692,"runStep":0,"walkStep":76},{"distance":38.75,"mCalorie":1.9200001,"mOthersTime":0,"mRunTime":0,"mStartTime":41400000,"mTimeUnit":600000,"mWalkTime":36018,"runStep":0,"walkStep":54},{"distance":85.479996,"mCalorie":4.52,"mOthersTime":0,"mRunTime":2000,"mStartTime":42000000,"mTimeUnit":600000,"mWalkTime":73370,"runStep":5,"walkStep":110},{"distance":63.39,"mCalorie":3.0,"mOthersTime":0,"mRunTime":0,"mStartTime":42600000,"mTimeUnit":600000,"mWalkTime":56028,"runStep":0,"walkStep":84},{"distance":43.510002,"mCalorie":2.1499999,"mOthersTime":0,"mRunTime":0,"mStartTime":43200000,"mTimeUnit":600000,"mWalkTime":40020,"runStep":0,"walkStep":60},{"distance":54.87,"mCalorie":2.33,"mOthersTime":0,"mRunTime":0,"mStartTime":43800000,"mTimeUnit":600000,"mWalkTime":48691,"runStep":0,"walkStep":73},{"distance":52.75,"mCalorie":2.29,"mOthersTime":0,"mRunTime":0,"mStartTime":44400000,"mTimeUnit":600000,"mWalkTime":44022,"runStep":0,"walkStep":66},{"distance":90.358,"mCalorie":5.3589997,"mOthersTime":0,"mRunTime":18000,"mStartTime":45000000,"mTimeUnit":600000,"mWalkTime":40020,"runStep":45,"walkStep":60},{"distance":223.51898,"mCalorie":11.400999,"mOthersTime":0,"mRunTime":0,"mStartTime":45600000,"mTimeUnit":600000,"mWalkTime":187397,"runStep":0,"walkStep":297},{"distance":31.99,"mCalorie":1.62,"mOthersTime":0,"mRunTime":0,"mStartTime":46200000,"mTimeUnit":600000,"mWalkTime":29348,"runStep":0,"walkStep":44},{"distance":100.826996,"mCalorie":5.07,"mOthersTime":0,"mRunTime":0,"mStartTime":46800000,"mTimeUnit":600000,"mWalkTime":92046,"runStep":0,"walkStep":138},{"distance":39.64,"mCalorie":2.19,"mOthersTime":0,"mRunTime":1200,"mStartTime":48000000,"mTimeUnit":600000,"mWalkTime":34017,"runStep":3,"walkStep":51},{"distance":4.95,"mCalorie":0.26,"mOthersTime":0,"mRunTime":0,"mStartTime":48600000,"mTimeUnit":600000,"mWalkTime":4669,"runStep":0,"walkStep":7},{"distance":30.009998,"mCalorie":1.62,"mOthersTime":0,"mRunTime":0,"mStartTime":49200000,"mTimeUnit":600000,"mWalkTime":28014,"runStep":0,"walkStep":42},{"distance":16.49,"mCalorie":0.87,"mOthersTime":0,"mRunTime":0,"mStartTime":51600000,"mTimeUnit":600000,"mWalkTime":15341,"runStep":0,"walkStep":23},{"distance":12.08,"mCalorie":0.64,"mOthersTime":0,"mRunTime":0,"mStartTime":52200000,"mTimeUnit":600000,"mWalkTime":11339,"runStep":0,"walkStep":17},{"distance":11.3,"mCalorie":0.62,"mOthersTime":0,"mRunTime":0,"mStartTime":52800000,"mTimeUnit":600000,"mWalkTime":10672,"runStep":0,"walkStep":16},{"distance":7.99,"mCalorie":0.36,"mOthersTime":0,"mRunTime":0,"mStartTime":53400000,"mTimeUnit":600000,"mWalkTime":7337,"runStep":0,"walkStep":11},{"distance":21.81,"mCalorie":1.06,"mOthersTime":0,"mRunTime":0,"mStartTime":55200000,"mTimeUnit":600000,"mWalkTime":19343,"runStep":0,"walkStep":29},{"distance":21.143,"mCalorie":1.019,"mOthersTime":0,"mRunTime":0,"mStartTime":56400000,"mTimeUnit":600000,"mWalkTime":18009,"runStep":0,"walkStep":27},{"distance":16.367,"mCalorie":0.61,"mOthersTime":0,"mRunTime":0,"mStartTime":57600000,"mTimeUnit":600000,"mWalkTime":14007,"runStep":0,"walkStep":21},{"distance":10.72,"mCalorie":0.58,"mOthersTime":0,"mRunTime":400,"mStartTime":58200000,"mTimeUnit":600000,"mWalkTime":7337,"runStep":1,"walkStep":11},{"distance":14.6,"mCalorie":0.79,"mOthersTime":0,"mRunTime":0,"mStartTime":58800000,"mTimeUnit":600000,"mWalkTime":14007,"runStep":0,"walkStep":21},{"distance":4.93,"mCalorie":0.26,"mOthersTime":0,"mRunTime":0,"mStartTime":60600000,"mTimeUnit":600000,"mWalkTime":4669,"runStep":0,"walkStep":7},{"distance":13.1,"mCalorie":0.6,"mOthersTime":0,"mRunTime":0,"mStartTime":61800000,"mTimeUnit":600000,"mWalkTime":11339,"runStep":0,"walkStep":17},{"distance":65.57,"mCalorie":3.58,"mOthersTime":0,"mRunTime":1600,"mStartTime":62400000,"mTimeUnit":600000,"mWalkTime":58696,"runStep":4,"walkStep":88},{"distance":33.48,"mCalorie":1.8500001,"mOthersTime":0,"mRunTime":0,"mStartTime":63600000,"mTimeUnit":600000,"mWalkTime":31349,"runStep":0,"walkStep":47},{"distance":111.8,"mCalorie":5.94,"mOthersTime":0,"mRunTime":0,"mStartTime":64200000,"mTimeUnit":600000,"mWalkTime":103385,"runStep":0,"walkStep":155},{"distance":17.05,"mCalorie":0.83,"mOthersTime":0,"mRunTime":0,"mStartTime":64800000,"mTimeUnit":600000,"mWalkTime":16008,"runStep":0,"walkStep":24},{"distance":14.2699995,"mCalorie":0.88,"mOthersTime":0,"mRunTime":400,"mStartTime":65400000,"mTimeUnit":600000,"mWalkTime":8671,"runStep":1,"walkStep":13},{"distance":9.43,"mCalorie":0.48,"mOthersTime":0,"mRunTime":0,"mStartTime":70800000,"mTimeUnit":600000,"mWalkTime":8671,"runStep":0,"walkStep":13},{"distance":17.01,"mCalorie":0.86,"mOthersTime":0,"mRunTime":0,"mStartTime":71400000,"mTimeUnit":600000,"mWalkTime":16008,"runStep":0,"walkStep":24},{"distance":24.55,"mCalorie":1.51,"mOthersTime":0,"mRunTime":2400,"mStartTime":73200000,"mTimeUnit":600000,"mWalkTime":17342,"runStep":6,"walkStep":26},{"distance":16.899998,"mCalorie":0.87,"mOthersTime":0,"mRunTime":0,"mStartTime":79200000,"mTimeUnit":600000,"mWalkTime":15341,"runStep":0,"walkStep":23},{"distance":13.14,"mCalorie":0.66,"mOthersTime":0,"mRunTime":0,"mStartTime":82200000,"mTimeUnit":600000,"mWalkTime":12673,"runStep":0,"walkStep":19},{"distance":43.793,"mCalorie":2.26,"mOthersTime":0,"mRunTime":2800,"mStartTime":82800000,"mTimeUnit":600000,"mWalkTime":32683,"runStep":7,"walkStep":49}],"version":1}