{"mAdaptiveGoal":0,"mIsGoalAchieved":false,"mIsMostActiveAchieved":false,"mMostActiveMinutes":0,"mStreakDayCount":0,"mUnitDataList":[{"distance":20.73,"mCalorie":1.12,"mOthersTime":0,"mRunTime":400,"mStartTime":6000000,"mTimeUnit":600000,"mWalkTime":15341,"runStep":1,"walkStep":23},{"distance":32.66,"mCalorie":1.76,"mOthersTime":0,"mRunTime":0,"mStartTime":18600000,"mTimeUnit":600000,"mWalkTime":28014,"runStep":0,"walkStep":42},{"distance":86.78,"mCalorie":4.2799997,"mOthersTime":0,"mRunTime":400,"mStartTime":22800000,"mTimeUnit":600000,"mWalkTime":74704,"runStep":1,"walkStep":112},{"distance":92.96001,"mCalorie":4.89,"mOthersTime":0,"mRunTime":0,"mStartTime":23400000,"mTimeUnit":600000,"mWalkTime":92046,"runStep":0,"walkStep":138},{"distance":258.42,"mCalorie":13.209999,"mOthersTime":0,"mRunTime":0,"mStartTime":24000000,"mTimeUnit":600000,"mWalkTime":216048,"runStep":0,"walkStep":343},{"distance":11.31,"mCalorie":0.44,"mOthersTime":0,"mRunTime":0,"mStartTime":24600000,"mTimeUnit":600000,"mWalkTime":9338,"runStep":0,"walkStep":14},{"distance":219.64,"mCalorie":10.3,"mOthersTime":0,"mRunTime":0,"mStartTime":25800000,"mTimeUnit":600000,"mWalkTime":179393,"runStep":0,"walkStep":293},{"distance":214.041,"mCalorie":11.67,"mOthersTime":0,"mRunTime":0,"mStartTime":26400000,"mTimeUnit":600000,"mWalkTime":196098,"runStep":0,"walkStep":294},{"distance":207.48999,"mCalorie":10.389999,"mOthersTime":0,"mRunTime":3600,"mStartTime":27000000,"mTimeUnit":600000,"mWalkTime":181424,"runStep":9,"walkStep":272},{"distance":114.450005,"mCalorie":6.2200003,"mOthersTime":0,"mRunTime":5600,"mStartTime":27600000,"mTimeUnit":600000,"mWalkTime":90712,"runStep":14,"walkStep":136},{"distance":9.21,"mCalorie":0.45,"mOthersTime":0,"mRunTime":0,"mStartTime":28200000,"mTimeUnit":600000,"mWalkTime":8004,"runStep":0,"walkStep":12},{"distance":22.03,"mCalorie":1.04,"mOthersTime":0,"mRunTime":0,"mStartTime":28800000,"mTimeUnit":600000,"mWalkTime":20010,"runStep":0,"walkStep":30},{"distance":51.75,"mCalorie":2.8,"mOthersTime":0,"mRunTime":1600,"mStartTime":29400000,"mTimeUnit":600000,"mWalkTime":44689,"runStep":4,"walkStep":67},{"distance":62.88,"mCalorie":3.4499998,"mOthersTime":0,"mRunTime":0,"mStartTime":31200000,"mTimeUnit":600000,"mWalkTime":58029,"runStep":0,"walkStep":87},{"distance":34.890003,"mCalorie":1.6,"mOthersTime":0,"mRunTime":0,"mStartTime":32400000,"mTimeUnit":600000,"mWalkTime":30015,"runStep":0,"walkStep":45},{"distance":46.789997,"mCalorie":2.26,"mOthersTime":0,"mRunTime":0,"mStartTime":33000000,"mTimeUnit":600000,"mWalkTime":41354,"runStep":0,"walkStep":62},{"distance":56.280003,"mCalorie":2.79,"mOthersTime":0,"mRunTime":0,"mStartTime":33600000,"mTimeUnit":600000,"mWalkTime":52026,"runStep":0,"walkStep":78},{"distance":137.09,"mCalorie":7.9000006,"mOthersTime":0,"mRunTime":0,"mStartTime":34200000,"mTimeUnit":600000,"mWalkTime":127397,"runStep":0,"walkStep":191},{"distance":226.26999,"mCalorie":11.33,"mOthersTime":0,"mRunTime":8400,"mStartTime":34800000,"mTimeUnit":600000,"mWalkTime":180757,"runStep":21,"walkStep":271},{"distance":40.460007,"mCalorie":1.8799996,"mOthersTime":0,"mRunTime":0,"mStartTime":35400000,"mTimeUnit":600000,"mWalkTime":36685,"runStep":0,"walkStep":55},{"distance":7.98,"mCalorie":0.29,"mOthersTime":0,"mRunTime":0,"mStartTime":37200000,"mTimeUnit":600000,"mWalkTime":6670,"runStep":0,"walkStep":10},{"distance":46.23,"mCalorie":2.12,"mOthersTime":0,"mRunTime":0,"mStartTime":37800000,"mTimeUnit":600000,"mWalkTime":40687,"runStep":0,"walkStep":61},{"distance":15.690001,"mCalorie":0.76,"mOthersTime":0,"mRunTime":0,"mStartTime":38400000,"mTimeUnit":600000,"mWalkTime":14007,"runStep":0,"walkStep":21},{"distance":6.77,"mCalorie":0.45,"mOthersTime":0,"mRunTime":0,"mStartTime":39000000,"mTimeUnit":600000,"mWalkTime":6670,"runStep":0,"walkStep":10},{"distance":67.23,"mCalorie":3.5700002,"mOthersTime":0,"mRunTime":800,"mStartTime":40200000,"mTimeUnit":600000,"mWalkTime":59363,"runStep":2,"walkStep":89},{"distance":49.46,"mCalorie":2.46,"mOthersTime":0,"mRunTime":0,"mStartTime":40800000,"mTimeUnit":600000,"mWalkTime":45356,"runStep":0,"walkStep":68},{"distance":108.79,"mCalorie":6.08,"mOthersTime":0,"mRunTime":3600,"mStartTime":42000000,"mTimeUnit":600000,"mWalkTime":90712,"runStep":9,"walkStep":136},{"distance":91.31999,"mCalorie":4.7999997,"mOthersTime":0,"mRunTime":1200,"mStartTime":42600000,"mTimeUnit":600000,"mWalkTime":80040,"runStep":3,"walkStep":120},{"distance":247.02,"mCalorie":13.79,"mOthersTime":0,"mRunTime":3200,"mStartTime":43200000,"mTimeUnit":600000,"mWalkTime":222778,"runStep":8,"walkStep":334},{"distance":57.440002,"mCalorie":2.91,"mOthersTime":0,"mRunTime":0,"mStartTime":43800000,"mTimeUnit":600000,"mWalkTime":50692,"runStep":0,"walkStep":76},{"distance":313.38998,"mCalorie":16.13,"mOthersTime":0,"mRunTime":0,"mStartTime":44400000,"mTimeUnit":600000,"mWalkTime":284082,"runStep":0,"walkStep":429},{"distance":43.86,"mCalorie":2.36,"mOthersTime":0,"mRunTime":0,"mStartTime":45000000,"mTimeUnit":600000,"mWalkTime":40020,"runStep":0,"walkStep":60},{"distance":18.08,"mCalorie":0.84,"mOthersTime":0,"mRunTime":0,"mStartTime":45600000,"mTimeUnit":600000,"mWalkTime":16008,"runStep":0,"walkStep":24},{"distance":8.41,"mCalorie":0.39,"mOthersTime":0,"mRunTime":0,"mStartTime":46200000,"mTimeUnit":600000,"mWalkTime":7337,"runStep":0,"walkStep":11},{"distance":217.76,"mCalorie":11.69,"mOthersTime":0,"mRunTime":1200,"mStartTime":46800000,"mTimeUnit":600000,"mWalkTime":188731,"runStep":3,"walkStep":291},{"distance":237.13998,"mCalorie":12.09,"mOthersTime":0,"mRunTime":800,"mStartTime":47400000,"mTimeUnit":600000,"mWalkTime":200070,"runStep":2,"walkStep":318},{"distance":33.46,"mCalorie":1.66,"mOthersTime":0,"mRunTime":0,"mStartTime":50400000,"mTimeUnit":600000,"mWalkTime":30015,"runStep":0,"walkStep":45},{"distance":69.01,"mCalorie":3.33,"mOthersTime":0,"mRunTime":0,"mStartTime":52200000,"mTimeUnit":600000,"mWalkTime":62698,"runStep":0,"walkStep":94},{"distance":164.37001,"mCalorie":9.889999,"mOthersTime":0,"mRunTime":0,"mStartTime":52800000,"mTimeUnit":600000,"mWalkTime":162748,"runStep":0,"walkStep":244},{"distance":160.09999,"mCalorie":9.68,"mOthersTime":0,"mRunTime":0,"mStartTime":53400000,"mTimeUnit":600000,"mWalkTime":150742,"runStep":0,"walkStep":226},{"distance":304.98,"mCalorie":15.16,"mOthersTime":0,"mRunTime":0,"mStartTime":54000000,"mTimeUnit":600000,"mWalkTime":272106,"runStep":0,"walkStep":418},{"distance":31.48,"mCalorie":1.3299999,"mOthersTime":0,"mRunTime":0,"mStartTime":54600000,"mTimeUnit":600000,"mWalkTime":26680,"runStep":0,"walkStep":40},{"distance":7.78,"mCalorie":0.39,"mOthersTime":0,"mRunTime":0,"mStartTime":55200000,"mTimeUnit":600000,"mWalkTime":6670,"runStep":0,"walkStep":10},{"distance":15.8,"mCalorie":0.64,"mOthersTime":0,"mRunTime":0,"mStartTime":55800000,"mTimeUnit":600000,"mWalkTime":13340,"runStep":0,"walkStep":20},{"distance":512.04004,"mCalorie":23.130001,"mOthersTime":0,"mRunTime":0,"mStartTime":57000000,"mTimeUnit":600000,"mWalkTime":411449,"runStep":0,"walkStep":671},{"distance":61.571,"mCalorie":2.8600001,"mOthersTime":0,"mRunTime":0,"mStartTime":57600000,"mTimeUnit":600000,"mWalkTime":54027,"runStep":0,"walkStep":81},{"distance":6.95,"mCalorie":0.32,"mOthersTime":0,"mRunTime":0,"mStartTime":58200000,"mTimeUnit":600000,"mWalkTime":6003,"runStep":0,"walkStep":9},{"distance":6.62,"mCalorie":0.32,"mOthersTime":0,"mRunTime":0,"mStartTime":59400000,"mTimeUnit":600000,"mWalkTime":6003,"runStep":0,"walkStep":9},{"distance":99.04,"mCalorie":5.48,"mOthersTime":0,"mRunTime":0,"mStartTime":60000000,"mTimeUnit":600000,"mWalkTime":104052,"runStep":0,"walkStep":156},{"distance":66.51,"mCalorie":3.36,"mOthersTime":0,"mRunTime":0,"mStartTime":60600000,"mTimeUnit":600000,"mWalkTime":59363,"runStep":0,"walkStep":89},{"distance":182.20001,"mCalorie":9.4,"mOthersTime":0,"mRunTime":0,"mStartTime":61200000,"mTimeUnit":600000,"mWalkTime":153380,"runStep":0,"walkStep":246},{"distance":305.30002,"mCalorie":16.19,"mOthersTime":0,"mRunTime":4800,"mStartTime":61800000,"mTimeUnit":600000,"mWalkTime":248064,"runStep":12,"walkStep":395},{"distance":9.62,"mCalorie":0.48,"mOthersTime":0,"mRunTime":0,"mStartTime":62400000,"mTimeUnit":600000,"mWalkTime":7337,"runStep":0,"walkStep":11},{"distance":10.87,"mCalorie":0.54,"mOthersTime":0,"mRunTime":0,"mStartTime":63000000,"mTimeUnit":600000,"mWalkTime":10005,"runStep":0,"walkStep":15},{"distance":237.26,"mCalorie":12.19,"mOthersTime":0,"mRunTime":0,"mStartTime":63600000,"mTimeUnit":600000,"mWalkTime":200737,"runStep":0,"walkStep":320},{"distance":253.95001,"mCalorie":13.440001,"mOthersTime":0,"mRunTime":800,"mStartTime":64800000,"mTimeUnit":600000,"mWalkTime":216715,"runStep":2,"walkStep":340},{"distance":34.8,"mCalorie":1.6999999,"mOthersTime":0,"mRunTime":0,"mStartTime":65400000,"mTimeUnit":600000,"mWalkTime":30682,"runStep":0,"walkStep":46},{"distance":8.45,"mCalorie":0.46,"mOthersTime":0,"mRunTime":0,"mStartTime":66000000,"mTimeUnit":600000,"mWalkTime":8004,"runStep":0,"walkStep":12},{"distance":50.9,"mCalorie":2.42,"mOthersTime":0,"mRunTime":0,"mStartTime":67800000,"mTimeUnit":600000,"mWalkTime":45356,"runStep":0,"walkStep":68},{"distance":90.799995,"mCalorie":4.36,"mOthersTime":0,"mRunTime":400,"mStartTime":68400000,"mTimeUnit":600000,"mWalkTime":76705,"runStep":1,"walkStep":115},{"distance":7.45,"mCalorie":0.31,"mOthersTime":0,"mRunTime":0,"mStartTime":69000000,"mTimeUnit":600000,"mWalkTime":6670,"runStep":0,"walkStep":10},{"distance":6.4400005,"mCalorie":0.33999997,"mOthersTime":0,"mRunTime":0,"mStartTime":70800000,"mTimeUnit":600000,"mWalkTime":6003,"runStep":0,"walkStep":9},{"distance":4.91,"mCalorie":0.26,"mOthersTime":0,"mRunTime":0,"mStartTime":71400000,"mTimeUnit":600000,"mWalkTime":4669,"runStep":0,"walkStep":7},{"distance":12.06,"mCalorie":0.62,"mOthersTime":0,"mRunTime":0,"mStartTime":72000000,"mTimeUnit":600000,"mWalkTime":11339,"runStep":0,"walkStep":17},{"distance":6.77,"mCalorie":0.4,"mOthersTime":0,"mRunTime":0,"mStartTime":80400000,"mTimeUnit":600000,"mWalkTime":6670,"runStep":0,"walkStep":10},{"distance":26.53,"mCalorie":1.3199999,"mOthersTime":0,"mRunTime":0,"mStartTime":81000000,"mTimeUnit":600000,"mWalkTime":23345,"runStep":0,"walkStep":35},{"distance":8.2,"mCalorie":0.57,"mOthersTime":0,"mRunTime":0,"mStartTime":81600000,"mTimeUnit":600000,"mWalkTime":6670,"runStep":0,"walkStep":10}],"version":1}