{"mActivityList":[{"mActiveTime":661720,"mActiveTimeType":0,"mCalorie":45.0,"mCategory":204,"mDetailInfoId":"5a4a1616-cd6d-3039-7af4-eb3096d49bed","mDistance":689.98,"mDuration":661720,"mEndTime":56233737,"mStartTime":55572017,"mType":1001}],"mAdaptiveGoal":0,"mIsGoalAchieved":false,"mIsMostActiveAchieved":false,"mMostActiveMinutes":0,"mStreakDayCount":0,"mUnitDataList":[{"distance":26.289999,"mCalorie":1.3499999,"mOthersTime":0,"mRunTime":0,"mStartTime":33600000,"mTimeUnit":600000,"mWalkTime":24679,"runStep":0,"walkStep":37},{"distance":32.1,"mCalorie":1.27,"mOthersTime":0,"mRunTime":0,"mStartTime":36600000,"mTimeUnit":600000,"mWalkTime":27347,"runStep":0,"walkStep":41},{"distance":51.83,"mCalorie":2.7,"mOthersTime":0,"mRunTime":0,"mStartTime":37200000,"mTimeUnit":600000,"mWalkTime":48024,"runStep":0,"walkStep":72},{"distance":113.36,"mCalorie":6.1000004,"mOthersTime":0,"mRunTime":0,"mStartTime":37800000,"mTimeUnit":600000,"mWalkTime":104719,"runStep":0,"walkStep":157},{"distance":211.36002,"mCalorie":11.18,"mOthersTime":0,"mRunTime":0,"mStartTime":38400000,"mTimeUnit":600000,"mWalkTime":196098,"runStep":0,"walkStep":294},{"distance":114.75001,"mCalorie":5.9700003,"mOthersTime":0,"mRunTime":2400,"mStartTime":39000000,"mTimeUnit":600000,"mWalkTime":98049,"runStep":6,"walkStep":147},{"distance":104.0,"mCalorie":5.42,"mOthersTime":0,"mRunTime":0,"mStartTime":39600000,"mTimeUnit":600000,"mWalkTime":96715,"runStep":0,"walkStep":145},{"distance":127.18,"mCalorie":7.05,"mOthersTime":0,"mRunTime":0,"mStartTime":40200000,"mTimeUnit":600000,"mWalkTime":120727,"runStep":0,"walkStep":181},{"distance":37.56,"mCalorie":1.96,"mOthersTime":0,"mRunTime":0,"mStartTime":40800000,"mTimeUnit":600000,"mWalkTime":34017,"runStep":0,"walkStep":51},{"distance":49.66,"mCalorie":2.44,"mOthersTime":0,"mRunTime":0,"mStartTime":41400000,"mTimeUnit":600000,"mWalkTime":45356,"runStep":0,"walkStep":68},{"distance":28.43,"mCalorie":1.5899999,"mOthersTime":0,"mRunTime":0,"mStartTime":42000000,"mTimeUnit":600000,"mWalkTime":26680,"runStep":0,"walkStep":40},{"distance":40.27,"mCalorie":2.21,"mOthersTime":0,"mRunTime":1600,"mStartTime":42600000,"mTimeUnit":600000,"mWalkTime":32683,"runStep":4,"walkStep":49},{"distance":56.510002,"mCalorie":2.84,"mOthersTime":0,"mRunTime":400,"mStartTime":43200000,"mTimeUnit":600000,"mWalkTime":48024,"runStep":1,"walkStep":72},{"distance":20.34,"mCalorie":1.0699999,"mOthersTime":0,"mRunTime":0,"mStartTime":45000000,"mTimeUnit":600000,"mWalkTime":19343,"runStep":0,"walkStep":29},{"distance":19.32,"mCalorie":1.23,"mOthersTime":0,"mRunTime":0,"mStartTime":50400000,"mTimeUnit":600000,"mWalkTime":18676,"runStep":0,"walkStep":28},{"distance":24.79,"mCalorie":1.51,"mOthersTime":0,"mRunTime":800,"mStartTime":51600000,"mTimeUnit":600000,"mWalkTime":22011,"runStep":2,"walkStep":33},{"distance":12.96,"mCalorie":0.71,"mOthersTime":0,"mRunTime":0,"mStartTime":52200000,"mTimeUnit":600000,"mWalkTime":12006,"runStep":0,"walkStep":18},{"distance":123.75,"mCalorie":6.9399996,"mOthersTime":0,"mRunTime":0,"mStartTime":52800000,"mTimeUnit":600000,"mWalkTime":127397,"runStep":0,"walkStep":191},{"distance":512.05,"mCalorie":25.789999,"mOthersTime":0,"mRunTime":0,"mStartTime":53400000,"mTimeUnit":600000,"mWalkTime":406690,"runStep":0,"walkStep":695},{"distance":408.40878,"mCalorie":24.31089,"mOthersTime":0,"mRunTime":0,"mStartTime":55200000,"mTimeUnit":600000,"mWalkTime":380070,"runStep":0,"walkStep":600},{"distance":452.26053,"mCalorie":29.496107,"mOthersTime":0,"mRunTime":0,"mStartTime":55800000,"mTimeUnit":600000,"mWalkTime":433737,"runStep":0,"walkStep":562},{"distance":5.86,"mCalorie":0.29,"mOthersTime":0,"mRunTime":0,"mStartTime":56400000,"mTimeUnit":600000,"mWalkTime":5336,"runStep":0,"walkStep":8},{"distance":219.14,"mCalorie":11.74,"mOthersTime":0,"mRunTime":0,"mStartTime":57000000,"mTimeUnit":600000,"mWalkTime":202071,"runStep":0,"walkStep":304},{"distance":274.15002,"mCalorie":14.539999,"mOthersTime":0,"mRunTime":0,"mStartTime":57600000,"mTimeUnit":600000,"mWalkTime":237422,"runStep":0,"walkStep":369},{"distance":353.52,"mCalorie":20.91,"mOthersTime":0,"mRunTime":0,"mStartTime":58200000,"mTimeUnit":600000,"mWalkTime":286690,"runStep":0,"walkStep":493},{"distance":148.6,"mCalorie":7.68,"mOthersTime":0,"mRunTime":0,"mStartTime":58800000,"mTimeUnit":600000,"mWalkTime":136735,"runStep":0,"walkStep":205},{"distance":18.11,"mCalorie":0.9499999,"mOthersTime":0,"mRunTime":0,"mStartTime":59400000,"mTimeUnit":600000,"mWalkTime":16675,"runStep":0,"walkStep":25},{"distance":18.66,"mCalorie":0.77,"mOthersTime":0,"mRunTime":0,"mStartTime":60600000,"mTimeUnit":600000,"mWalkTime":16008,"runStep":0,"walkStep":24},{"distance":27.98,"mCalorie":1.49,"mOthersTime":0,"mRunTime":0,"mStartTime":61200000,"mTimeUnit":600000,"mWalkTime":26680,"runStep":0,"walkStep":40},{"distance":7.31,"mCalorie":0.36,"mOthersTime":0,"mRunTime":0,"mStartTime":62400000,"mTimeUnit":600000,"mWalkTime":6670,"runStep":0,"walkStep":10},{"distance":18.46,"mCalorie":1.02,"mOthersTime":0,"mRunTime":0,"mStartTime":63000000,"mTimeUnit":600000,"mWalkTime":17342,"runStep":0,"walkStep":26},{"distance":8.05,"mCalorie":0.29,"mOthersTime":0,"mRunTime":0,"mStartTime":63600000,"mTimeUnit":600000,"mWalkTime":6670,"runStep":0,"walkStep":10},{"distance":18.869999,"mCalorie":0.9900001,"mOthersTime":0,"mRunTime":0,"mStartTime":64200000,"mTimeUnit":600000,"mWalkTime":17342,"runStep":0,"walkStep":26},{"distance":17.71,"mCalorie":0.96,"mOthersTime":0,"mRunTime":0,"mStartTime":65400000,"mTimeUnit":600000,"mWalkTime":16675,"runStep":0,"walkStep":25},{"distance":12.43,"mCalorie":0.63,"mOthersTime":0,"mRunTime":1200,"mStartTime":66600000,"mTimeUnit":600000,"mWalkTime":6670,"runStep":3,"walkStep":10},{"distance":18.939999,"mCalorie":0.89,"mOthersTime":0,"mRunTime":0,"mStartTime":67200000,"mTimeUnit":600000,"mWalkTime":16008,"runStep":0,"walkStep":24},{"distance":13.63,"mCalorie":0.58000004,"mOthersTime":0,"mRunTime":0,"mStartTime":70200000,"mTimeUnit":600000,"mWalkTime":12006,"runStep":0,"walkStep":18},{"distance":5.06,"mCalorie":0.25,"mOthersTime":0,"mRunTime":0,"mStartTime":75000000,"mTimeUnit":600000,"mWalkTime":4669,"runStep":0,"walkStep":7},{"distance":42.270004,"mCalorie":2.04,"mOthersTime":0,"mRunTime":0,"mStartTime":78600000,"mTimeUnit":600000,"mWalkTime":38019,"runStep":0,"walkStep":57}],"version":1}