{"mActivityList":[{"mActiveTime":1069589,"mActiveTimeType":2,"mCalorie":119.0,"mCategory":204,"mDetailInfoId":"3d4ab806-d9cc-824f-2db8-5be681226921","mDistance":0.0,"mDuration":1069589,"mEndTime":32612811,"mStartTime":31543222,"mType":0}],"mAdaptiveGoal":0,"mIsGoalAchieved":false,"mIsMostActiveAchieved":false,"mMostActiveMinutes":0,"mStreakDayCount":0,"mUnitDataList":[{"distance":26.93,"mCalorie":1.33,"mOthersTime":0,"mRunTime":0,"mStartTime":15600000,"mTimeUnit":600000,"mWalkTime":23345,"runStep":0,"walkStep":35},{"distance":15.34,"mCalorie":0.74,"mOthersTime":0,"mRunTime":0,"mStartTime":21600000,"mTimeUnit":600000,"mWalkTime":14007,"runStep":0,"walkStep":21},{"distance":96.53,"mCalorie":5.6499996,"mOthersTime":0,"mRunTime":4800,"mStartTime":22200000,"mTimeUnit":600000,"mWalkTime":82708,"runStep":12,"walkStep":124},{"distance":83.59,"mCalorie":4.17,"mOthersTime":0,"mRunTime":0,"mStartTime":22800000,"mTimeUnit":600000,"mWalkTime":75371,"runStep":0,"walkStep":113},{"distance":72.490005,"mCalorie":3.5400002,"mOthersTime":0,"mRunTime":0,"mStartTime":23400000,"mTimeUnit":600000,"mWalkTime":64032,"runStep":0,"walkStep":96},{"distance":100.979996,"mCalorie":5.02,"mOthersTime":0,"mRunTime":0,"mStartTime":25800000,"mTimeUnit":600000,"mWalkTime":90712,"runStep":0,"walkStep":136},{"distance":74.82,"mCalorie":3.85,"mOthersTime":0,"mRunTime":0,"mStartTime":26400000,"mTimeUnit":600000,"mWalkTime":69368,"runStep":0,"walkStep":104},{"distance":48.300003,"mCalorie":2.35,"mOthersTime":0,"mRunTime":0,"mStartTime":27000000,"mTimeUnit":600000,"mWalkTime":44022,"runStep":0,"walkStep":66},{"distance":52.82,"mCalorie":2.77,"mOthersTime":0,"mRunTime":2000,"mStartTime":27600000,"mTimeUnit":600000,"mWalkTime":40687,"runStep":5,"walkStep":61},{"distance":28.699999,"mCalorie":1.5699999,"mOthersTime":0,"mRunTime":0,"mStartTime":28200000,"mTimeUnit":600000,"mWalkTime":24679,"runStep":0,"walkStep":37},{"distance":34.71,"mCalorie":2.36,"mOthersTime":0,"mRunTime":4800,"mStartTime":28800000,"mTimeUnit":600000,"mWalkTime":16008,"runStep":12,"walkStep":24},{"distance":31.649998,"mCalorie":1.4599999,"mOthersTime":0,"mRunTime":0,"mStartTime":29400000,"mTimeUnit":600000,"mWalkTime":22678,"runStep":0,"walkStep":34},{"distance":9.27,"mCalorie":0.42,"mOthersTime":0,"mRunTime":0,"mStartTime":30000000,"mTimeUnit":600000,"mWalkTime":8004,"runStep":0,"walkStep":12},{"distance":66.149994,"mCalorie":3.93,"mOthersTime":0,"mRunTime":2400,"mStartTime":30600000,"mTimeUnit":600000,"mWalkTime":52693,"runStep":6,"walkStep":79},{"distance":10.36,"mCalorie":29.148527,"mOthersTime":256778,"mRunTime":0,"mStartTime":31200000,"mTimeUnit":600000,"mWalkTime":9338,"runStep":2,"walkStep":47},{"distance":0.0,"mCalorie":66.754616,"mOthersTime":600000,"mRunTime":0,"mStartTime":31800000,"mTimeUnit":600000,"mWalkTime":0,"runStep":13,"walkStep":78},{"distance":23.271557,"mCalorie":24.811083,"mOthersTime":212811,"mRunTime":0,"mStartTime":32400000,"mTimeUnit":600000,"mWalkTime":21761,"runStep":0,"walkStep":62},{"distance":43.91,"mCalorie":2.3400002,"mOthersTime":0,"mRunTime":1200,"mStartTime":33000000,"mTimeUnit":600000,"mWalkTime":35351,"runStep":3,"walkStep":53},{"distance":57.449997,"mCalorie":3.06,"mOthersTime":0,"mRunTime":0,"mStartTime":33600000,"mTimeUnit":600000,"mWalkTime":51359,"runStep":0,"walkStep":77},{"distance":75.130005,"mCalorie":3.78,"mOthersTime":0,"mRunTime":400,"mStartTime":34200000,"mTimeUnit":600000,"mWalkTime":64699,"runStep":1,"walkStep":97},{"distance":6.42,"mCalorie":0.33,"mOthersTime":0,"mRunTime":0,"mStartTime":34800000,"mTimeUnit":600000,"mWalkTime":6003,"runStep":0,"walkStep":9},{"distance":28.05,"mCalorie":1.48,"mOthersTime":0,"mRunTime":0,"mStartTime":36600000,"mTimeUnit":600000,"mWalkTime":26013,"runStep":0,"walkStep":39},{"distance":19.509998,"mCalorie":0.84000003,"mOthersTime":0,"mRunTime":0,"mStartTime":37200000,"mTimeUnit":600000,"mWalkTime":16008,"runStep":0,"walkStep":24},{"distance":67.06,"mCalorie":3.52,"mOthersTime":0,"mRunTime":400,"mStartTime":37800000,"mTimeUnit":600000,"mWalkTime":62031,"runStep":1,"walkStep":93},{"distance":26.380001,"mCalorie":1.35,"mOthersTime":0,"mRunTime":0,"mStartTime":38400000,"mTimeUnit":600000,"mWalkTime":24679,"runStep":0,"walkStep":37},{"distance":93.32,"mCalorie":4.83,"mOthersTime":0,"mRunTime":4800,"mStartTime":39000000,"mTimeUnit":600000,"mWalkTime":68701,"runStep":12,"walkStep":103},{"distance":122.69999,"mCalorie":6.4300003,"mOthersTime":0,"mRunTime":1600,"mStartTime":39600000,"mTimeUnit":600000,"mWalkTime":102051,"runStep":4,"walkStep":153},{"distance":241.0,"mCalorie":12.840001,"mOthersTime":0,"mRunTime":1200,"mStartTime":40200000,"mTimeUnit":600000,"mWalkTime":222111,"runStep":3,"walkStep":333},{"distance":28.989998,"mCalorie":1.23,"mOthersTime":0,"mRunTime":0,"mStartTime":40800000,"mTimeUnit":600000,"mWalkTime":24679,"runStep":0,"walkStep":37},{"distance":86.84,"mCalorie":5.1,"mOthersTime":0,"mRunTime":5200,"mStartTime":41400000,"mTimeUnit":600000,"mWalkTime":58696,"runStep":13,"walkStep":88},{"distance":75.02,"mCalorie":4.08,"mOthersTime":0,"mRunTime":400,"mStartTime":42000000,"mTimeUnit":600000,"mWalkTime":68034,"runStep":1,"walkStep":102},{"distance":26.21,"mCalorie":1.4200001,"mOthersTime":0,"mRunTime":0,"mStartTime":42600000,"mTimeUnit":600000,"mWalkTime":24679,"runStep":0,"walkStep":37},{"distance":12.25,"mCalorie":0.57,"mOthersTime":0,"mRunTime":0,"mStartTime":43200000,"mTimeUnit":600000,"mWalkTime":10672,"runStep":0,"walkStep":16},{"distance":132.44,"mCalorie":8.1,"mOthersTime":0,"mRunTime":0,"mStartTime":44400000,"mTimeUnit":600000,"mWalkTime":140070,"runStep":0,"walkStep":210},{"distance":33.9,"mCalorie":1.83,"mOthersTime":0,"mRunTime":0,"mStartTime":45000000,"mTimeUnit":600000,"mWalkTime":32016,"runStep":0,"walkStep":48},{"distance":342.84,"mCalorie":18.570002,"mOthersTime":0,"mRunTime":0,"mStartTime":45600000,"mTimeUnit":600000,"mWalkTime":321494,"runStep":0,"walkStep":482},{"distance":61.07,"mCalorie":2.95,"mOthersTime":0,"mRunTime":0,"mStartTime":46200000,"mTimeUnit":600000,"mWalkTime":55361,"runStep":0,"walkStep":83},{"distance":17.15,"mCalorie":0.75,"mOthersTime":0,"mRunTime":0,"mStartTime":47400000,"mTimeUnit":600000,"mWalkTime":14674,"runStep":0,"walkStep":22},{"distance":167.94,"mCalorie":8.43,"mOthersTime":0,"mRunTime":400,"mStartTime":48600000,"mTimeUnit":600000,"mWalkTime":146710,"runStep":1,"walkStep":223},{"distance":194.57,"mCalorie":10.6,"mOthersTime":0,"mRunTime":0,"mStartTime":49200000,"mTimeUnit":600000,"mWalkTime":180060,"runStep":0,"walkStep":271},{"distance":71.490005,"mCalorie":5.12,"mOthersTime":0,"mRunTime":0,"mStartTime":49800000,"mTimeUnit":600000,"mWalkTime":70035,"runStep":0,"walkStep":105},{"distance":258.99,"mCalorie":13.990001,"mOthersTime":0,"mRunTime":0,"mStartTime":50400000,"mTimeUnit":600000,"mWalkTime":240090,"runStep":0,"walkStep":367},{"distance":96.47,"mCalorie":5.2700005,"mOthersTime":0,"mRunTime":0,"mStartTime":51000000,"mTimeUnit":600000,"mWalkTime":93380,"runStep":0,"walkStep":140},{"distance":66.21,"mCalorie":3.4899998,"mOthersTime":0,"mRunTime":0,"mStartTime":51600000,"mTimeUnit":600000,"mWalkTime":60697,"runStep":0,"walkStep":91},{"distance":28.94,"mCalorie":1.33,"mOthersTime":0,"mRunTime":0,"mStartTime":52200000,"mTimeUnit":600000,"mWalkTime":26013,"runStep":0,"walkStep":39},{"distance":80.47,"mCalorie":3.72,"mOthersTime":0,"mRunTime":0,"mStartTime":52800000,"mTimeUnit":600000,"mWalkTime":70035,"runStep":0,"walkStep":105},{"distance":62.82,"mCalorie":3.38,"mOthersTime":0,"mRunTime":3200,"mStartTime":53400000,"mTimeUnit":600000,"mWalkTime":48024,"runStep":8,"walkStep":72},{"distance":50.87,"mCalorie":2.4499998,"mOthersTime":0,"mRunTime":0,"mStartTime":54000000,"mTimeUnit":600000,"mWalkTime":44689,"runStep":0,"walkStep":67},{"distance":138.97,"mCalorie":7.42,"mOthersTime":0,"mRunTime":2800,"mStartTime":54600000,"mTimeUnit":600000,"mWalkTime":118726,"runStep":7,"walkStep":178},{"distance":9.06,"mCalorie":0.56,"mOthersTime":0,"mRunTime":0,"mStartTime":55800000,"mTimeUnit":600000,"mWalkTime":8671,"runStep":0,"walkStep":13},{"distance":40.17,"mCalorie":1.85,"mOthersTime":0,"mRunTime":0,"mStartTime":58200000,"mTimeUnit":600000,"mWalkTime":36685,"runStep":0,"walkStep":55},{"distance":46.899998,"mCalorie":2.6399999,"mOthersTime":0,"mRunTime":2000,"mStartTime":58800000,"mTimeUnit":600000,"mWalkTime":36018,"runStep":5,"walkStep":54},{"distance":16.619999,"mCalorie":0.83,"mOthersTime":0,"mRunTime":0,"mStartTime":60000000,"mTimeUnit":600000,"mWalkTime":15341,"runStep":0,"walkStep":23},{"distance":7.45,"mCalorie":0.44,"mOthersTime":0,"mRunTime":0,"mStartTime":60600000,"mTimeUnit":600000,"mWalkTime":7337,"runStep":0,"walkStep":11},{"distance":27.83,"mCalorie":1.3199999,"mOthersTime":0,"mRunTime":0,"mStartTime":63600000,"mTimeUnit":600000,"mWalkTime":25346,"runStep":0,"walkStep":38},{"distance":58.300003,"mCalorie":2.99,"mOthersTime":0,"mRunTime":0,"mStartTime":64800000,"mTimeUnit":600000,"mWalkTime":53360,"runStep":0,"walkStep":80},{"distance":134.95,"mCalorie":7.26,"mOthersTime":0,"mRunTime":0,"mStartTime":65400000,"mTimeUnit":600000,"mWalkTime":118029,"runStep":0,"walkStep":183},{"distance":162.70999,"mCalorie":8.79,"mOthersTime":0,"mRunTime":0,"mStartTime":66000000,"mTimeUnit":600000,"mWalkTime":149408,"runStep":0,"walkStep":224},{"distance":47.75,"mCalorie":2.66,"mOthersTime":0,"mRunTime":0,"mStartTime":67200000,"mTimeUnit":600000,"mWalkTime":44689,"runStep":0,"walkStep":67},{"distance":212.27,"mCalorie":11.379999,"mOthersTime":0,"mRunTime":0,"mStartTime":67800000,"mTimeUnit":600000,"mWalkTime":176028,"runStep":0,"walkStep":286},{"distance":35.32,"mCalorie":1.79,"mOthersTime":0,"mRunTime":0,"mStartTime":68400000,"mTimeUnit":600000,"mWalkTime":32016,"runStep":0,"walkStep":48},{"distance":59.059998,"mCalorie":3.0900002,"mOthersTime":0,"mRunTime":0,"mStartTime":69000000,"mTimeUnit":600000,"mWalkTime":54027,"runStep":0,"walkStep":81},{"distance":61.39,"mCalorie":3.13,"mOthersTime":0,"mRunTime":0,"mStartTime":69600000,"mTimeUnit":600000,"mWalkTime":55361,"runStep":0,"walkStep":83},{"distance":8.49,"mCalorie":0.46,"mOthersTime":0,"mRunTime":0,"mStartTime":70200000,"mTimeUnit":600000,"mWalkTime":8004,"runStep":0,"walkStep":12},{"distance":74.41,"mCalorie":3.9199998,"mOthersTime":0,"mRunTime":0,"mStartTime":70800000,"mTimeUnit":600000,"mWalkTime":68034,"runStep":0,"walkStep":102},{"distance":60.480003,"mCalorie":3.0900002,"mOthersTime":0,"mRunTime":0,"mStartTime":71400000,"mTimeUnit":600000,"mWalkTime":54027,"runStep":0,"walkStep":81},{"distance":67.889984,"mCalorie":3.6299996,"mOthersTime":0,"mRunTime":0,"mStartTime":72000000,"mTimeUnit":600000,"mWalkTime":62698,"runStep":0,"walkStep":94},{"distance":95.490005,"mCalorie":5.09,"mOthersTime":0,"mRunTime":0,"mStartTime":75000000,"mTimeUnit":600000,"mWalkTime":87377,"runStep":0,"walkStep":131},{"distance":41.64,"mCalorie":2.1999998,"mOthersTime":0,"mRunTime":0,"mStartTime":75600000,"mTimeUnit":600000,"mWalkTime":38019,"runStep":0,"walkStep":57},{"distance":22.36,"mCalorie":1.21,"mOthersTime":0,"mRunTime":0,"mStartTime":76200000,"mTimeUnit":600000,"mWalkTime":20677,"runStep":0,"walkStep":31}],"version":1}