{"mActivityList":[{"mActiveTime":2030016,"mActiveTimeType":0,"mCalorie":149.0,"mCategory":204,"mDetailInfoId":"ad1141e5-fffb-84b4-b236-39162d8e3a71","mDistance":2194.551,"mDuration":2030016,"mEndTime":40894408,"mStartTime":38864392,"mType":1001},{"mActiveTime":739954,"mActiveTimeType":0,"mCalorie":46.0,"mCategory":204,"mDetailInfoId":"40a1bcf3-e375-cf8f-c46d-e591cba7eead","mDistance":679.04,"mDuration":739954,"mEndTime":41844359,"mStartTime":41104405,"mType":1001},{"mActiveTime":600000,"mActiveTimeType":2,"mCalorie":48.57,"mCategory":204,"mDetailInfoId":"7a070977-7347-5e6c-d1a7-8e4c7d5d375f","mDistance":0.0,"mDuration":600000,"mEndTime":47379182,"mStartTime":46779182,"mType":11007}],"mAdaptiveGoal":0,"mIsGoalAchieved":false,"mIsMostActiveAchieved":false,"mMostActiveMinutes":0,"mStreakDayCount":0,"mUnitDataList":[{"distance":7.77,"mCalorie":0.37,"mOthersTime":0,"mRunTime":0,"mStartTime":4800000,"mTimeUnit":600000,"mWalkTime":6670,"runStep":0,"walkStep":10},{"distance":26.8,"mCalorie":1.33,"mOthersTime":0,"mRunTime":0,"mStartTime":15600000,"mTimeUnit":600000,"mWalkTime":23345,"runStep":0,"walkStep":35},{"distance":55.539,"mCalorie":3.01,"mOthersTime":0,"mRunTime":0,"mStartTime":16200000,"mTimeUnit":600000,"mWalkTime":55361,"runStep":0,"walkStep":83},{"distance":394.35098,"mCalorie":19.68,"mOthersTime":0,"mRunTime":0,"mStartTime":16800000,"mTimeUnit":600000,"mWalkTime":336018,"runStep":0,"walkStep":558},{"distance":13.7,"mCalorie":0.83,"mOthersTime":0,"mRunTime":0,"mStartTime":17400000,"mTimeUnit":600000,"mWalkTime":13340,"runStep":0,"walkStep":20},{"distance":93.17999,"mCalorie":4.3,"mOthersTime":0,"mRunTime":0,"mStartTime":18600000,"mTimeUnit":600000,"mWalkTime":74674,"runStep":0,"walkStep":123},{"distance":294.139,"mCalorie":16.01,"mOthersTime":0,"mRunTime":0,"mStartTime":19200000,"mTimeUnit":600000,"mWalkTime":247337,"runStep":0,"walkStep":420},{"distance":53.74,"mCalorie":2.75,"mOthersTime":0,"mRunTime":0,"mStartTime":19800000,"mTimeUnit":600000,"mWalkTime":49358,"runStep":0,"walkStep":74},{"distance":17.97,"mCalorie":1.15,"mOthersTime":0,"mRunTime":3600,"mStartTime":28200000,"mTimeUnit":600000,"mWalkTime":6670,"runStep":9,"walkStep":10},{"distance":50.71,"mCalorie":2.39,"mOthersTime":0,"mRunTime":400,"mStartTime":34800000,"mTimeUnit":600000,"mWalkTime":44689,"runStep":1,"walkStep":67},{"distance":44.55,"mCalorie":2.3700001,"mOthersTime":0,"mRunTime":0,"mStartTime":35400000,"mTimeUnit":600000,"mWalkTime":42021,"runStep":0,"walkStep":63},{"distance":11.07,"mCalorie":0.54,"mOthersTime":0,"mRunTime":0,"mStartTime":36600000,"mTimeUnit":600000,"mWalkTime":10005,"runStep":0,"walkStep":15},{"distance":76.94,"mCalorie":4.13,"mOthersTime":0,"mRunTime":0,"mStartTime":37800000,"mTimeUnit":600000,"mWalkTime":71369,"runStep":0,"walkStep":107},{"distance":275.1264,"mCalorie":17.123215,"mOthersTime":0,"mRunTime":0,"mStartTime":38400000,"mTimeUnit":600000,"mWalkTime":265749,"runStep":0,"walkStep":401},{"distance":648.6307,"mCalorie":44.039062,"mOthersTime":0,"mRunTime":0,"mStartTime":39000000,"mTimeUnit":600000,"mWalkTime":600000,"runStep":0,"walkStep":874},{"distance":648.6307,"mCalorie":44.039062,"mOthersTime":0,"mRunTime":0,"mStartTime":39600000,"mTimeUnit":600000,"mWalkTime":600000,"runStep":0,"walkStep":986},{"distance":648.6307,"mCalorie":44.039062,"mOthersTime":0,"mRunTime":0,"mStartTime":40200000,"mTimeUnit":600000,"mWalkTime":600000,"runStep":0,"walkStep":885},{"distance":391.58124,"mCalorie":26.23951,"mOthersTime":0,"mRunTime":0,"mStartTime":40800000,"mTimeUnit":600000,"mWalkTime":405923,"runStep":0,"walkStep":566},{"distance":407.77875,"mCalorie":27.624033,"mOthersTime":0,"mRunTime":0,"mStartTime":41400000,"mTimeUnit":600000,"mWalkTime":444359,"runStep":0,"walkStep":518},{"distance":81.12,"mCalorie":4.38,"mOthersTime":0,"mRunTime":0,"mStartTime":42000000,"mTimeUnit":600000,"mWalkTime":76038,"runStep":0,"walkStep":114},{"distance":112.78,"mCalorie":5.8499994,"mOthersTime":0,"mRunTime":0,"mStartTime":42600000,"mTimeUnit":600000,"mWalkTime":106053,"runStep":0,"walkStep":159},{"distance":99.090004,"mCalorie":5.1,"mOthersTime":0,"mRunTime":0,"mStartTime":43200000,"mTimeUnit":600000,"mWalkTime":91379,"runStep":0,"walkStep":137},{"distance":75.04,"mCalorie":3.97,"mOthersTime":0,"mRunTime":0,"mStartTime":44400000,"mTimeUnit":600000,"mWalkTime":69368,"runStep":0,"walkStep":104},{"distance":73.48,"mCalorie":3.7399998,"mOthersTime":0,"mRunTime":0,"mStartTime":45000000,"mTimeUnit":600000,"mWalkTime":67367,"runStep":0,"walkStep":101},{"distance":87.961,"mCalorie":4.41,"mOthersTime":0,"mRunTime":400,"mStartTime":45600000,"mTimeUnit":600000,"mWalkTime":74037,"runStep":1,"walkStep":111},{"distance":180.50182,"mCalorie":11.862695,"mOthersTime":20818,"mRunTime":0,"mStartTime":46200000,"mTimeUnit":600000,"mWalkTime":171799,"runStep":0,"walkStep":277},{"distance":7.7130685,"mCalorie":47.297676,"mOthersTime":579182,"mRunTime":0,"mStartTime":46800000,"mTimeUnit":600000,"mWalkTime":7174,"runStep":0,"walkStep":273},{"distance":34.09,"mCalorie":1.88,"mOthersTime":0,"mRunTime":0,"mStartTime":47400000,"mTimeUnit":600000,"mWalkTime":31349,"runStep":0,"walkStep":47},{"distance":10.650001,"mCalorie":0.43,"mOthersTime":0,"mRunTime":0,"mStartTime":48000000,"mTimeUnit":600000,"mWalkTime":8671,"runStep":0,"walkStep":13},{"distance":11.32,"mCalorie":0.56,"mOthersTime":0,"mRunTime":0,"mStartTime":48600000,"mTimeUnit":600000,"mWalkTime":10005,"runStep":0,"walkStep":15},{"distance":213.76999,"mCalorie":11.01,"mOthersTime":0,"mRunTime":0,"mStartTime":49800000,"mTimeUnit":600000,"mWalkTime":191429,"runStep":0,"walkStep":287},{"distance":143.2,"mCalorie":7.59,"mOthersTime":0,"mRunTime":400,"mStartTime":50400000,"mTimeUnit":600000,"mWalkTime":127397,"runStep":1,"walkStep":191},{"distance":61.271,"mCalorie":3.21,"mOthersTime":0,"mRunTime":0,"mStartTime":51000000,"mTimeUnit":600000,"mWalkTime":56695,"runStep":0,"walkStep":85},{"distance":15.32,"mCalorie":0.83,"mOthersTime":0,"mRunTime":0,"mStartTime":51600000,"mTimeUnit":600000,"mWalkTime":14007,"runStep":0,"walkStep":21},{"distance":79.490005,"mCalorie":3.4899998,"mOthersTime":0,"mRunTime":0,"mStartTime":52200000,"mTimeUnit":600000,"mWalkTime":69368,"runStep":0,"walkStep":104},{"distance":34.52,"mCalorie":1.69,"mOthersTime":0,"mRunTime":0,"mStartTime":52800000,"mTimeUnit":600000,"mWalkTime":34017,"runStep":0,"walkStep":51},{"distance":312.16,"mCalorie":15.36,"mOthersTime":0,"mRunTime":0,"mStartTime":53400000,"mTimeUnit":600000,"mWalkTime":266740,"runStep":0,"walkStep":420},{"distance":199.209,"mCalorie":9.96,"mOthersTime":0,"mRunTime":0,"mStartTime":54000000,"mTimeUnit":600000,"mWalkTime":163385,"runStep":0,"walkStep":267},{"distance":75.03,"mCalorie":3.5,"mOthersTime":0,"mRunTime":0,"mStartTime":54600000,"mTimeUnit":600000,"mWalkTime":65366,"runStep":0,"walkStep":98},{"distance":37.611,"mCalorie":2.15,"mOthersTime":0,"mRunTime":4400,"mStartTime":55200000,"mTimeUnit":600000,"mWalkTime":20677,"runStep":11,"walkStep":31},{"distance":29.519,"mCalorie":1.52,"mOthersTime":0,"mRunTime":0,"mStartTime":56400000,"mTimeUnit":600000,"mWalkTime":27347,"runStep":0,"walkStep":41},{"distance":87.72,"mCalorie":5.15,"mOthersTime":0,"mRunTime":8400,"mStartTime":57600000,"mTimeUnit":600000,"mWalkTime":47357,"runStep":21,"walkStep":71},{"distance":79.5,"mCalorie":4.12,"mOthersTime":0,"mRunTime":800,"mStartTime":58200000,"mTimeUnit":600000,"mWalkTime":70702,"runStep":2,"walkStep":106},{"distance":79.41,"mCalorie":3.7399998,"mOthersTime":0,"mRunTime":0,"mStartTime":58800000,"mTimeUnit":600000,"mWalkTime":71369,"runStep":0,"walkStep":107},{"distance":24.0,"mCalorie":1.2,"mOthersTime":0,"mRunTime":0,"mStartTime":59400000,"mTimeUnit":600000,"mWalkTime":22011,"runStep":0,"walkStep":33},{"distance":72.56,"mCalorie":3.69,"mOthersTime":0,"mRunTime":0,"mStartTime":60000000,"mTimeUnit":600000,"mWalkTime":67367,"runStep":0,"walkStep":101},{"distance":73.551,"mCalorie":3.3000002,"mOthersTime":0,"mRunTime":0,"mStartTime":63000000,"mTimeUnit":600000,"mWalkTime":64699,"runStep":0,"walkStep":97},{"distance":17.3,"mCalorie":0.96000004,"mOthersTime":0,"mRunTime":800,"mStartTime":63600000,"mTimeUnit":600000,"mWalkTime":15341,"runStep":2,"walkStep":23},{"distance":9.62,"mCalorie":0.45,"mOthersTime":0,"mRunTime":0,"mStartTime":64200000,"mTimeUnit":600000,"mWalkTime":8671,"runStep":0,"walkStep":13},{"distance":16.35,"mCalorie":0.95,"mOthersTime":0,"mRunTime":0,"mStartTime":64800000,"mTimeUnit":600000,"mWalkTime":15341,"runStep":0,"walkStep":23},{"distance":21.66,"mCalorie":1.21,"mOthersTime":0,"mRunTime":800,"mStartTime":65400000,"mTimeUnit":600000,"mWalkTime":16675,"runStep":2,"walkStep":25},{"distance":25.710001,"mCalorie":1.1700001,"mOthersTime":0,"mRunTime":0,"mStartTime":66000000,"mTimeUnit":600000,"mWalkTime":22678,"runStep":0,"walkStep":34},{"distance":79.18,"mCalorie":3.6,"mOthersTime":0,"mRunTime":0,"mStartTime":66600000,"mTimeUnit":600000,"mWalkTime":69368,"runStep":0,"walkStep":104},{"distance":159.581,"mCalorie":8.34,"mOthersTime":0,"mRunTime":2800,"mStartTime":67200000,"mTimeUnit":600000,"mWalkTime":135401,"runStep":7,"walkStep":203},{"distance":382.268,"mCalorie":20.34,"mOthersTime":0,"mRunTime":0,"mStartTime":67800000,"mTimeUnit":600000,"mWalkTime":347417,"runStep":0,"walkStep":524},{"distance":108.51001,"mCalorie":5.12,"mOthersTime":0,"mRunTime":0,"mStartTime":68400000,"mTimeUnit":600000,"mWalkTime":94047,"runStep":0,"walkStep":141},{"distance":108.71,"mCalorie":4.97,"mOthersTime":0,"mRunTime":1200,"mStartTime":69000000,"mTimeUnit":600000,"mWalkTime":91379,"runStep":3,"walkStep":137},{"distance":14.59,"mCalorie":0.87,"mOthersTime":0,"mRunTime":400,"mStartTime":71400000,"mTimeUnit":600000,"mWalkTime":10672,"runStep":1,"walkStep":16},{"distance":39.59,"mCalorie":2.05,"mOthersTime":0,"mRunTime":0,"mStartTime":73200000,"mTimeUnit":600000,"mWalkTime":36685,"runStep":0,"walkStep":55},{"distance":161.851,"mCalorie":8.320001,"mOthersTime":0,"mRunTime":0,"mStartTime":75000000,"mTimeUnit":600000,"mWalkTime":155411,"runStep":0,"walkStep":233},{"distance":237.48001,"mCalorie":15.0199995,"mOthersTime":0,"mRunTime":0,"mStartTime":75600000,"mTimeUnit":600000,"mWalkTime":228114,"runStep":0,"walkStep":342},{"distance":116.81799,"mCalorie":5.7300005,"mOthersTime":0,"mRunTime":800,"mStartTime":76200000,"mTimeUnit":600000,"mWalkTime":100050,"runStep":2,"walkStep":150},{"distance":14.77,"mCalorie":0.73,"mOthersTime":0,"mRunTime":0,"mStartTime":76800000,"mTimeUnit":600000,"mWalkTime":13340,"runStep":0,"walkStep":20},{"distance":149.85,"mCalorie":7.8599997,"mOthersTime":0,"mRunTime":800,"mStartTime":77400000,"mTimeUnit":600000,"mWalkTime":135401,"runStep":2,"walkStep":203},{"distance":178.96,"mCalorie":9.53,"mOthersTime":0,"mRunTime":0,"mStartTime":78000000,"mTimeUnit":600000,"mWalkTime":164749,"runStep":0,"walkStep":247},{"distance":58.97,"mCalorie":2.81,"mOthersTime":0,"mRunTime":0,"mStartTime":79800000,"mTimeUnit":600000,"mWalkTime":53360,"runStep":0,"walkStep":80},{"distance":232.24002,"mCalorie":10.61,"mOthersTime":0,"mRunTime":800,"mStartTime":80400000,"mTimeUnit":600000,"mWalkTime":193400,"runStep":2,"walkStep":302},{"distance":265.56,"mCalorie":13.9800005,"mOthersTime":0,"mRunTime":0,"mStartTime":81000000,"mTimeUnit":600000,"mWalkTime":235421,"runStep":0,"walkStep":364},{"distance":70.9,"mCalorie":3.6599998,"mOthersTime":0,"mRunTime":0,"mStartTime":83400000,"mTimeUnit":600000,"mWalkTime":64699,"runStep":0,"walkStep":97},{"distance":283.4,"mCalorie":13.5,"mOthersTime":0,"mRunTime":0,"mStartTime":84000000,"mTimeUnit":600000,"mWalkTime":252126,"runStep":0,"walkStep":378},{"distance":39.82,"mCalorie":2.0900002,"mOthersTime":0,"mRunTime":0,"mStartTime":84600000,"mTimeUnit":600000,"mWalkTime":36685,"runStep":0,"walkStep":55}],"version":1}