{"mAdaptiveGoal":0,"mIsGoalAchieved":false,"mIsMostActiveAchieved":false,"mMostActiveMinutes":0,"mStreakDayCount":0,"mUnitDataList":[{"distance":6.77,"mCalorie":0.38,"mOthersTime":0,"mRunTime":0,"mStartTime":2400000,"mTimeUnit":600000,"mWalkTime":6670,"runStep":0,"walkStep":10},{"distance":11.32,"mCalorie":0.62,"mOthersTime":0,"mRunTime":0,"mStartTime":10200000,"mTimeUnit":600000,"mWalkTime":10672,"runStep":0,"walkStep":16},{"distance":16.14,"mCalorie":0.72,"mOthersTime":0,"mRunTime":0,"mStartTime":12000000,"mTimeUnit":600000,"mWalkTime":14007,"runStep":0,"walkStep":21},{"distance":14.13,"mCalorie":0.81,"mOthersTime":0,"mRunTime":0,"mStartTime":24000000,"mTimeUnit":600000,"mWalkTime":13340,"runStep":0,"walkStep":20},{"distance":68.43,"mCalorie":3.49,"mOthersTime":0,"mRunTime":1600,"mStartTime":24600000,"mTimeUnit":600000,"mWalkTime":56695,"runStep":4,"walkStep":85},{"distance":68.14,"mCalorie":4.03,"mOthersTime":0,"mRunTime":0,"mStartTime":25200000,"mTimeUnit":600000,"mWalkTime":71369,"runStep":0,"walkStep":107},{"distance":167.79,"mCalorie":8.610001,"mOthersTime":0,"mRunTime":0,"mStartTime":25800000,"mTimeUnit":600000,"mWalkTime":137372,"runStep":0,"walkStep":228},{"distance":8.19,"mCalorie":0.37,"mOthersTime":0,"mRunTime":0,"mStartTime":27000000,"mTimeUnit":600000,"mWalkTime":7337,"runStep":0,"walkStep":11},{"distance":32.75,"mCalorie":1.69,"mOthersTime":0,"mRunTime":0,"mStartTime":27600000,"mTimeUnit":600000,"mWalkTime":30015,"runStep":0,"walkStep":45},{"distance":296.31998,"mCalorie":15.349999,"mOthersTime":0,"mRunTime":0,"mStartTime":28200000,"mTimeUnit":600000,"mWalkTime":260040,"runStep":0,"walkStep":404},{"distance":69.901,"mCalorie":3.8600001,"mOthersTime":0,"mRunTime":1200,"mStartTime":28800000,"mTimeUnit":600000,"mWalkTime":60030,"runStep":3,"walkStep":90},{"distance":59.749,"mCalorie":2.92,"mOthersTime":0,"mRunTime":2800,"mStartTime":29400000,"mTimeUnit":600000,"mWalkTime":46023,"runStep":7,"walkStep":69},{"distance":46.399998,"mCalorie":2.4299998,"mOthersTime":0,"mRunTime":0,"mStartTime":31200000,"mTimeUnit":600000,"mWalkTime":41354,"runStep":0,"walkStep":62},{"distance":8.27,"mCalorie":0.37,"mOthersTime":0,"mRunTime":0,"mStartTime":31800000,"mTimeUnit":600000,"mWalkTime":6670,"runStep":0,"walkStep":10},{"distance":7.78,"mCalorie":0.3,"mOthersTime":0,"mRunTime":0,"mStartTime":33000000,"mTimeUnit":600000,"mWalkTime":6670,"runStep":0,"walkStep":10},{"distance":77.6,"mCalorie":3.7799997,"mOthersTime":0,"mRunTime":0,"mStartTime":33600000,"mTimeUnit":600000,"mWalkTime":69368,"runStep":0,"walkStep":104},{"distance":25.01,"mCalorie":1.4300001,"mOthersTime":0,"mRunTime":0,"mStartTime":34800000,"mTimeUnit":600000,"mWalkTime":23345,"runStep":0,"walkStep":35},{"distance":66.201004,"mCalorie":3.33,"mOthersTime":0,"mRunTime":0,"mStartTime":35400000,"mTimeUnit":600000,"mWalkTime":60697,"runStep":0,"walkStep":91},{"distance":7.38,"mCalorie":0.35,"mOthersTime":0,"mRunTime":0,"mStartTime":36000000,"mTimeUnit":600000,"mWalkTime":6670,"runStep":0,"walkStep":10},{"distance":8.97,"mCalorie":0.4,"mOthersTime":0,"mRunTime":0,"mStartTime":36600000,"mTimeUnit":600000,"mWalkTime":8004,"runStep":0,"walkStep":12},{"distance":30.3,"mCalorie":1.5,"mOthersTime":0,"mRunTime":0,"mStartTime":37200000,"mTimeUnit":600000,"mWalkTime":27347,"runStep":0,"walkStep":41},{"distance":65.609,"mCalorie":3.02,"mOthersTime":0,"mRunTime":1200,"mStartTime":37800000,"mTimeUnit":600000,"mWalkTime":49358,"runStep":3,"walkStep":74},{"distance":16.84,"mCalorie":0.78,"mOthersTime":0,"mRunTime":0,"mStartTime":38400000,"mTimeUnit":600000,"mWalkTime":14674,"runStep":0,"walkStep":22},{"distance":75.89099,"mCalorie":3.74,"mOthersTime":0,"mRunTime":0,"mStartTime":39000000,"mTimeUnit":600000,"mWalkTime":69368,"runStep":0,"walkStep":104},{"distance":60.9,"mCalorie":3.27,"mOthersTime":0,"mRunTime":3600,"mStartTime":39600000,"mTimeUnit":600000,"mWalkTime":45356,"runStep":9,"walkStep":68},{"distance":152.179,"mCalorie":9.34,"mOthersTime":0,"mRunTime":9600,"mStartTime":40200000,"mTimeUnit":600000,"mWalkTime":116725,"runStep":24,"walkStep":175},{"distance":76.62,"mCalorie":3.79,"mOthersTime":0,"mRunTime":0,"mStartTime":40800000,"mTimeUnit":600000,"mWalkTime":70035,"runStep":0,"walkStep":105},{"distance":29.09,"mCalorie":1.6400001,"mOthersTime":0,"mRunTime":400,"mStartTime":41400000,"mTimeUnit":600000,"mWalkTime":22678,"runStep":1,"walkStep":34},{"distance":64.84,"mCalorie":2.9899998,"mOthersTime":0,"mRunTime":0,"mStartTime":42000000,"mTimeUnit":600000,"mWalkTime":58029,"runStep":0,"walkStep":87},{"distance":324.28,"mCalorie":15.62,"mOthersTime":0,"mRunTime":5594,"mStartTime":42600000,"mTimeUnit":600000,"mWalkTime":226432,"runStep":18,"walkStep":404},{"distance":469.71002,"mCalorie":25.880001,"mOthersTime":0,"mRunTime":0,"mStartTime":43200000,"mTimeUnit":600000,"mWalkTime":400747,"runStep":0,"walkStep":643},{"distance":64.599,"mCalorie":3.371,"mOthersTime":0,"mRunTime":0,"mStartTime":43800000,"mTimeUnit":600000,"mWalkTime":59363,"runStep":0,"walkStep":89},{"distance":167.98,"mCalorie":8.98,"mOthersTime":0,"mRunTime":0,"mStartTime":46200000,"mTimeUnit":600000,"mWalkTime":154744,"runStep":0,"walkStep":232},{"distance":177.91,"mCalorie":9.2,"mOthersTime":0,"mRunTime":0,"mStartTime":46800000,"mTimeUnit":600000,"mWalkTime":158716,"runStep":0,"walkStep":242},{"distance":71.09,"mCalorie":3.79,"mOthersTime":0,"mRunTime":0,"mStartTime":47400000,"mTimeUnit":600000,"mWalkTime":66700,"runStep":0,"walkStep":100},{"distance":137.81,"mCalorie":7.57,"mOthersTime":0,"mRunTime":0,"mStartTime":48000000,"mTimeUnit":600000,"mWalkTime":131399,"runStep":0,"walkStep":197},{"distance":30.069998,"mCalorie":1.51,"mOthersTime":0,"mRunTime":0,"mStartTime":48600000,"mTimeUnit":600000,"mWalkTime":27347,"runStep":0,"walkStep":41},{"distance":10.62,"mCalorie":0.56,"mOthersTime":0,"mRunTime":0,"mStartTime":49200000,"mTimeUnit":600000,"mWalkTime":10005,"runStep":0,"walkStep":15},{"distance":9.440001,"mCalorie":0.46999997,"mOthersTime":0,"mRunTime":0,"mStartTime":49800000,"mTimeUnit":600000,"mWalkTime":8671,"runStep":0,"walkStep":13},{"distance":68.48,"mCalorie":3.4199998,"mOthersTime":0,"mRunTime":0,"mStartTime":53400000,"mTimeUnit":600000,"mWalkTime":61364,"runStep":0,"walkStep":92},{"distance":97.93,"mCalorie":5.14,"mOthersTime":0,"mRunTime":0,"mStartTime":54000000,"mTimeUnit":600000,"mWalkTime":88044,"runStep":0,"walkStep":132},{"distance":112.81999,"mCalorie":6.0200005,"mOthersTime":0,"mRunTime":0,"mStartTime":54600000,"mTimeUnit":600000,"mWalkTime":86013,"runStep":0,"walkStep":153},{"distance":280.91,"mCalorie":15.41,"mOthersTime":0,"mRunTime":0,"mStartTime":55200000,"mTimeUnit":600000,"mWalkTime":260797,"runStep":0,"walkStep":391},{"distance":619.55,"mCalorie":31.470001,"mOthersTime":0,"mRunTime":0,"mStartTime":55800000,"mTimeUnit":600000,"mWalkTime":542181,"runStep":0,"walkStep":827},{"distance":424.19003,"mCalorie":21.640001,"mOthersTime":0,"mRunTime":0,"mStartTime":56400000,"mTimeUnit":600000,"mWalkTime":372793,"runStep":0,"walkStep":568},{"distance":430.42,"mCalorie":23.230001,"mOthersTime":0,"mRunTime":0,"mStartTime":57000000,"mTimeUnit":600000,"mWalkTime":392136,"runStep":0,"walkStep":598},{"distance":36.61,"mCalorie":1.97,"mOthersTime":0,"mRunTime":0,"mStartTime":57600000,"mTimeUnit":600000,"mWalkTime":33350,"runStep":0,"walkStep":50},{"distance":19.95,"mCalorie":0.89,"mOthersTime":0,"mRunTime":0,"mStartTime":59400000,"mTimeUnit":600000,"mWalkTime":17342,"runStep":0,"walkStep":26},{"distance":47.8,"mCalorie":3.0800002,"mOthersTime":0,"mRunTime":0,"mStartTime":60000000,"mTimeUnit":600000,"mWalkTime":53360,"runStep":0,"walkStep":80},{"distance":160.19002,"mCalorie":8.429999,"mOthersTime":0,"mRunTime":0,"mStartTime":60600000,"mTimeUnit":600000,"mWalkTime":128034,"runStep":0,"walkStep":216},{"distance":18.380001,"mCalorie":0.85,"mOthersTime":0,"mRunTime":0,"mStartTime":61800000,"mTimeUnit":600000,"mWalkTime":16008,"runStep":0,"walkStep":24},{"distance":314.99,"mCalorie":14.49,"mOthersTime":0,"mRunTime":0,"mStartTime":62400000,"mTimeUnit":600000,"mWalkTime":260070,"runStep":0,"walkStep":416},{"distance":300.28003,"mCalorie":14.860001,"mOthersTime":0,"mRunTime":0,"mStartTime":63000000,"mTimeUnit":600000,"mWalkTime":249398,"runStep":0,"walkStep":397},{"distance":38.370003,"mCalorie":1.95,"mOthersTime":0,"mRunTime":0,"mStartTime":63600000,"mTimeUnit":600000,"mWalkTime":34684,"runStep":0,"walkStep":52}],"version":1}