{"mAdaptiveGoal":0,"mIsGoalAchieved":false,"mIsMostActiveAchieved":false,"mMostActiveMinutes":0,"mStreakDayCount":0,"mUnitDataList":[{"distance":7.43,"mCalorie":0.48,"mOthersTime":0,"mRunTime":0,"mStartTime":4800000,"mTimeUnit":600000,"mWalkTime":6670,"runStep":0,"walkStep":10},{"distance":12.531,"mCalorie":0.66,"mOthersTime":0,"mRunTime":0,"mStartTime":5400000,"mTimeUnit":600000,"mWalkTime":12006,"runStep":0,"walkStep":18},{"distance":10.49,"mCalorie":0.69,"mOthersTime":0,"mRunTime":2000,"mStartTime":10200000,"mTimeUnit":600000,"mWalkTime":6670,"runStep":5,"walkStep":10},{"distance":22.189999,"mCalorie":1.48,"mOthersTime":0,"mRunTime":2400,"mStartTime":19200000,"mTimeUnit":600000,"mWalkTime":13340,"runStep":6,"walkStep":20},{"distance":58.52,"mCalorie":3.07,"mOthersTime":0,"mRunTime":0,"mStartTime":21000000,"mTimeUnit":600000,"mWalkTime":52026,"runStep":0,"walkStep":78},{"distance":86.51,"mCalorie":4.7799997,"mOthersTime":0,"mRunTime":0,"mStartTime":21600000,"mTimeUnit":600000,"mWalkTime":93380,"runStep":0,"walkStep":140},{"distance":237.68,"mCalorie":14.23,"mOthersTime":0,"mRunTime":0,"mStartTime":22200000,"mTimeUnit":600000,"mWalkTime":225416,"runStep":0,"walkStep":344},{"distance":159.8,"mCalorie":8.219999,"mOthersTime":0,"mRunTime":0,"mStartTime":22800000,"mTimeUnit":600000,"mWalkTime":134704,"runStep":0,"walkStep":215},{"distance":82.09,"mCalorie":4.4300003,"mOthersTime":0,"mRunTime":0,"mStartTime":24000000,"mTimeUnit":600000,"mWalkTime":76038,"runStep":0,"walkStep":114},{"distance":247.79001,"mCalorie":14.51,"mOthersTime":0,"mRunTime":0,"mStartTime":24600000,"mTimeUnit":600000,"mWalkTime":224082,"runStep":0,"walkStep":357},{"distance":56.350002,"mCalorie":2.81,"mOthersTime":0,"mRunTime":800,"mStartTime":25200000,"mTimeUnit":600000,"mWalkTime":47357,"runStep":2,"walkStep":71},{"distance":113.813,"mCalorie":5.38,"mOthersTime":0,"mRunTime":0,"mStartTime":25800000,"mTimeUnit":600000,"mWalkTime":102718,"runStep":0,"walkStep":154},{"distance":6.13,"mCalorie":0.46,"mOthersTime":0,"mRunTime":0,"mStartTime":26400000,"mTimeUnit":600000,"mWalkTime":6003,"runStep":0,"walkStep":9},{"distance":33.239998,"mCalorie":1.6800001,"mOthersTime":0,"mRunTime":0,"mStartTime":27000000,"mTimeUnit":600000,"mWalkTime":29348,"runStep":0,"walkStep":44},{"distance":33.57,"mCalorie":1.7,"mOthersTime":0,"mRunTime":0,"mStartTime":35400000,"mTimeUnit":600000,"mWalkTime":30682,"runStep":0,"walkStep":46},{"distance":41.06,"mCalorie":2.65,"mOthersTime":0,"mRunTime":0,"mStartTime":37800000,"mTimeUnit":600000,"mWalkTime":47357,"runStep":0,"walkStep":71},{"distance":100.96001,"mCalorie":6.63,"mOthersTime":0,"mRunTime":1200,"mStartTime":38400000,"mTimeUnit":600000,"mWalkTime":90045,"runStep":3,"walkStep":135},{"distance":6.69,"mCalorie":0.33,"mOthersTime":0,"mRunTime":0,"mStartTime":42600000,"mTimeUnit":600000,"mWalkTime":6003,"runStep":0,"walkStep":9},{"distance":197.67001,"mCalorie":10.3,"mOthersTime":0,"mRunTime":0,"mStartTime":43200000,"mTimeUnit":600000,"mWalkTime":180060,"runStep":0,"walkStep":272},{"distance":132.549,"mCalorie":6.96,"mOthersTime":0,"mRunTime":4800,"mStartTime":43800000,"mTimeUnit":600000,"mWalkTime":103385,"runStep":12,"walkStep":155},{"distance":30.45,"mCalorie":1.44,"mOthersTime":0,"mRunTime":0,"mStartTime":44400000,"mTimeUnit":600000,"mWalkTime":26680,"runStep":0,"walkStep":40},{"distance":14.21,"mCalorie":0.77,"mOthersTime":0,"mRunTime":0,"mStartTime":45600000,"mTimeUnit":600000,"mWalkTime":13340,"runStep":0,"walkStep":20},{"distance":48.98,"mCalorie":2.46,"mOthersTime":0,"mRunTime":800,"mStartTime":46200000,"mTimeUnit":600000,"mWalkTime":41354,"runStep":2,"walkStep":62},{"distance":81.89,"mCalorie":4.71,"mOthersTime":0,"mRunTime":3200,"mStartTime":46800000,"mTimeUnit":600000,"mWalkTime":73370,"runStep":8,"walkStep":110},{"distance":76.81999,"mCalorie":3.9899998,"mOthersTime":0,"mRunTime":0,"mStartTime":47400000,"mTimeUnit":600000,"mWalkTime":68701,"runStep":0,"walkStep":103},{"distance":150.54001,"mCalorie":8.07,"mOthersTime":0,"mRunTime":0,"mStartTime":48000000,"mTimeUnit":600000,"mWalkTime":121364,"runStep":0,"walkStep":200},{"distance":424.43,"mCalorie":21.6,"mOthersTime":0,"mRunTime":0,"mStartTime":48600000,"mTimeUnit":600000,"mWalkTime":355421,"runStep":0,"walkStep":569},{"distance":7.33,"mCalorie":0.37,"mOthersTime":0,"mRunTime":0,"mStartTime":49200000,"mTimeUnit":600000,"mWalkTime":6670,"runStep":0,"walkStep":10},{"distance":19.62,"mCalorie":1.21,"mOthersTime":0,"mRunTime":400,"mStartTime":49800000,"mTimeUnit":600000,"mWalkTime":15341,"runStep":1,"walkStep":23},{"distance":224.59003,"mCalorie":11.899999,"mOthersTime":0,"mRunTime":0,"mStartTime":51600000,"mTimeUnit":600000,"mWalkTime":202071,"runStep":0,"walkStep":305},{"distance":176.03,"mCalorie":8.919999,"mOthersTime":0,"mRunTime":0,"mStartTime":52200000,"mTimeUnit":600000,"mWalkTime":154714,"runStep":0,"walkStep":240},{"distance":51.82,"mCalorie":3.15,"mOthersTime":0,"mRunTime":4000,"mStartTime":52800000,"mTimeUnit":600000,"mWalkTime":40020,"runStep":10,"walkStep":60},{"distance":70.769,"mCalorie":3.6000001,"mOthersTime":0,"mRunTime":0,"mStartTime":55800000,"mTimeUnit":600000,"mWalkTime":64699,"runStep":0,"walkStep":97},{"distance":79.99,"mCalorie":4.17,"mOthersTime":0,"mRunTime":0,"mStartTime":57000000,"mTimeUnit":600000,"mWalkTime":73370,"runStep":0,"walkStep":110},{"distance":31.02,"mCalorie":1.49,"mOthersTime":0,"mRunTime":0,"mStartTime":57600000,"mTimeUnit":600000,"mWalkTime":27347,"runStep":0,"walkStep":41},{"distance":8.83,"mCalorie":0.55,"mOthersTime":0,"mRunTime":0,"mStartTime":60600000,"mTimeUnit":600000,"mWalkTime":8671,"runStep":0,"walkStep":13},{"distance":96.612,"mCalorie":4.63,"mOthersTime":0,"mRunTime":0,"mStartTime":62400000,"mTimeUnit":600000,"mWalkTime":85376,"runStep":0,"walkStep":128},{"distance":223.87,"mCalorie":12.790001,"mOthersTime":0,"mRunTime":400,"mStartTime":63000000,"mTimeUnit":600000,"mWalkTime":202738,"runStep":1,"walkStep":321},{"distance":135.88,"mCalorie":6.69,"mOthersTime":0,"mRunTime":0,"mStartTime":63600000,"mTimeUnit":600000,"mWalkTime":122061,"runStep":0,"walkStep":183},{"distance":132.08,"mCalorie":7.6200004,"mOthersTime":0,"mRunTime":0,"mStartTime":64200000,"mTimeUnit":600000,"mWalkTime":119363,"runStep":0,"walkStep":182},{"distance":21.43,"mCalorie":1.15,"mOthersTime":0,"mRunTime":0,"mStartTime":64800000,"mTimeUnit":600000,"mWalkTime":20677,"runStep":0,"walkStep":31},{"distance":48.38,"mCalorie":2.3899999,"mOthersTime":0,"mRunTime":0,"mStartTime":66000000,"mTimeUnit":600000,"mWalkTime":44022,"runStep":0,"walkStep":66},{"distance":142.32999,"mCalorie":7.43,"mOthersTime":0,"mRunTime":400,"mStartTime":66600000,"mTimeUnit":600000,"mWalkTime":126033,"runStep":1,"walkStep":189},{"distance":436.28,"mCalorie":21.26,"mOthersTime":0,"mRunTime":0,"mStartTime":67200000,"mTimeUnit":600000,"mWalkTime":369488,"runStep":0,"walkStep":584},{"distance":53.660004,"mCalorie":2.7099998,"mOthersTime":0,"mRunTime":0,"mStartTime":69000000,"mTimeUnit":600000,"mWalkTime":48691,"runStep":0,"walkStep":73},{"distance":124.37,"mCalorie":6.4399996,"mOthersTime":0,"mRunTime":0,"mStartTime":69600000,"mTimeUnit":600000,"mWalkTime":116725,"runStep":0,"walkStep":175},{"distance":197.251,"mCalorie":9.75,"mOthersTime":0,"mRunTime":0,"mStartTime":70200000,"mTimeUnit":600000,"mWalkTime":178059,"runStep":0,"walkStep":273},{"distance":35.04,"mCalorie":1.65,"mOthersTime":0,"mRunTime":0,"mStartTime":72000000,"mTimeUnit":600000,"mWalkTime":32016,"runStep":0,"walkStep":48},{"distance":63.519997,"mCalorie":2.97,"mOthersTime":0,"mRunTime":0,"mStartTime":72600000,"mTimeUnit":600000,"mWalkTime":57362,"runStep":0,"walkStep":86},{"distance":41.55,"mCalorie":1.9100001,"mOthersTime":0,"mRunTime":400,"mStartTime":73200000,"mTimeUnit":600000,"mWalkTime":32683,"runStep":1,"walkStep":49},{"distance":23.05,"mCalorie":1.15,"mOthersTime":0,"mRunTime":0,"mStartTime":74400000,"mTimeUnit":600000,"mWalkTime":20677,"runStep":0,"walkStep":31},{"distance":4.63,"mCalorie":0.21,"mOthersTime":0,"mRunTime":0,"mStartTime":75000000,"mTimeUnit":600000,"mWalkTime":4002,"runStep":0,"walkStep":6},{"distance":22.21,"mCalorie":1.0,"mOthersTime":0,"mRunTime":0,"mStartTime":79200000,"mTimeUnit":600000,"mWalkTime":19343,"runStep":0,"walkStep":29},{"distance":27.419998,"mCalorie":1.38,"mOthersTime":0,"mRunTime":0,"mStartTime":79800000,"mTimeUnit":600000,"mWalkTime":25346,"runStep":0,"walkStep":38}],"version":1}