{"mActivityList":[{"mActiveTime":828040,"mActiveTimeType":2,"mCalorie":97.06,"mCategory":204,"mDetailInfoId":"cbb23067-102f-d4b1-18d3-50b2f03647b1","mDistance":0.0,"mDuration":828040,"mEndTime":50918838,"mStartTime":50090798,"mType":15006},{"mActiveTime":754540,"mActiveTimeType":2,"mCalorie":104.39,"mCategory":204,"mDetailInfoId":"1f5338f6-0dd1-f637-5d4d-08559200a5e5","mDistance":0.0,"mDuration":754540,"mEndTime":52161986,"mStartTime":51407446,"mType":15006}],"mAdaptiveGoal":0,"mIsGoalAchieved":false,"mIsMostActiveAchieved":false,"mMostActiveMinutes":0,"mStreakDayCount":0,"mUnitDataList":[{"distance":18.47,"mCalorie":1.29,"mOthersTime":0,"mRunTime":4400,"mStartTime":6000000,"mTimeUnit":600000,"mWalkTime":6670,"runStep":11,"walkStep":10},{"distance":7.15,"mCalorie":0.34,"mOthersTime":0,"mRunTime":0,"mStartTime":9600000,"mTimeUnit":600000,"mWalkTime":6670,"runStep":0,"walkStep":10},{"distance":35.370003,"mCalorie":1.88,"mOthersTime":0,"mRunTime":0,"mStartTime":17400000,"mTimeUnit":600000,"mWalkTime":28014,"runStep":0,"walkStep":42},{"distance":21.93,"mCalorie":1.42,"mOthersTime":0,"mRunTime":0,"mStartTime":23400000,"mTimeUnit":600000,"mWalkTime":20677,"runStep":0,"walkStep":31},{"distance":16.93,"mCalorie":1.04,"mOthersTime":0,"mRunTime":0,"mStartTime":24000000,"mTimeUnit":600000,"mWalkTime":16675,"runStep":0,"walkStep":25},{"distance":38.09,"mCalorie":2.24,"mOthersTime":0,"mRunTime":1200,"mStartTime":30000000,"mTimeUnit":600000,"mWalkTime":30015,"runStep":3,"walkStep":45},{"distance":19.73,"mCalorie":1.14,"mOthersTime":0,"mRunTime":0,"mStartTime":30600000,"mTimeUnit":600000,"mWalkTime":18676,"runStep":0,"walkStep":28},{"distance":63.43,"mCalorie":3.22,"mOthersTime":0,"mRunTime":400,"mStartTime":31200000,"mTimeUnit":600000,"mWalkTime":56695,"runStep":1,"walkStep":85},{"distance":7.26,"mCalorie":0.43,"mOthersTime":0,"mRunTime":0,"mStartTime":31800000,"mTimeUnit":600000,"mWalkTime":6670,"runStep":0,"walkStep":10},{"distance":39.510002,"mCalorie":2.1999998,"mOthersTime":0,"mRunTime":0,"mStartTime":33000000,"mTimeUnit":600000,"mWalkTime":36685,"runStep":0,"walkStep":55},{"distance":72.93,"mCalorie":3.62,"mOthersTime":0,"mRunTime":0,"mStartTime":33600000,"mTimeUnit":600000,"mWalkTime":66700,"runStep":0,"walkStep":100},{"distance":41.18,"mCalorie":2.08,"mOthersTime":0,"mRunTime":0,"mStartTime":34200000,"mTimeUnit":600000,"mWalkTime":38686,"runStep":0,"walkStep":58},{"distance":28.380001,"mCalorie":1.41,"mOthersTime":0,"mRunTime":0,"mStartTime":34800000,"mTimeUnit":600000,"mWalkTime":26680,"runStep":0,"walkStep":40},{"distance":146.36,"mCalorie":7.9599996,"mOthersTime":0,"mRunTime":0,"mStartTime":35400000,"mTimeUnit":600000,"mWalkTime":140070,"runStep":0,"walkStep":210},{"distance":147.72,"mCalorie":7.63,"mOthersTime":0,"mRunTime":0,"mStartTime":36000000,"mTimeUnit":600000,"mWalkTime":134067,"runStep":0,"walkStep":201},{"distance":76.44,"mCalorie":4.68,"mOthersTime":0,"mRunTime":400,"mStartTime":36600000,"mTimeUnit":600000,"mWalkTime":74704,"runStep":1,"walkStep":112},{"distance":194.33,"mCalorie":10.08,"mOthersTime":0,"mRunTime":0,"mStartTime":37200000,"mTimeUnit":600000,"mWalkTime":161384,"runStep":0,"walkStep":259},{"distance":75.69,"mCalorie":3.58,"mOthersTime":0,"mRunTime":0,"mStartTime":37800000,"mTimeUnit":600000,"mWalkTime":66700,"runStep":0,"walkStep":100},{"distance":259.41,"mCalorie":13.26,"mOthersTime":0,"mRunTime":2400,"mStartTime":38400000,"mTimeUnit":600000,"mWalkTime":213410,"runStep":6,"walkStep":337},{"distance":62.83,"mCalorie":3.33,"mOthersTime":0,"mRunTime":0,"mStartTime":39000000,"mTimeUnit":600000,"mWalkTime":57362,"runStep":0,"walkStep":86},{"distance":227.04001,"mCalorie":11.68,"mOthersTime":0,"mRunTime":0,"mStartTime":39600000,"mTimeUnit":600000,"mWalkTime":204102,"runStep":0,"walkStep":306},{"distance":63.310005,"mCalorie":3.3300002,"mOthersTime":0,"mRunTime":2800,"mStartTime":40200000,"mTimeUnit":600000,"mWalkTime":49358,"runStep":7,"walkStep":74},{"distance":129.45999,"mCalorie":6.29,"mOthersTime":0,"mRunTime":400,"mStartTime":40800000,"mTimeUnit":600000,"mWalkTime":111389,"runStep":1,"walkStep":167},{"distance":10.34,"mCalorie":0.45,"mOthersTime":0,"mRunTime":0,"mStartTime":41400000,"mTimeUnit":600000,"mWalkTime":9338,"runStep":0,"walkStep":14},{"distance":7.75,"mCalorie":0.34,"mOthersTime":0,"mRunTime":0,"mStartTime":43200000,"mTimeUnit":600000,"mWalkTime":6670,"runStep":0,"walkStep":10},{"distance":12.58,"mCalorie":0.51,"mOthersTime":0,"mRunTime":0,"mStartTime":43800000,"mTimeUnit":600000,"mWalkTime":10672,"runStep":0,"walkStep":16},{"distance":10.24,"mCalorie":0.62,"mOthersTime":0,"mRunTime":0,"mStartTime":44400000,"mTimeUnit":600000,"mWalkTime":10005,"runStep":0,"walkStep":15},{"distance":38.87,"mCalorie":1.95,"mOthersTime":0,"mRunTime":0,"mStartTime":45600000,"mTimeUnit":600000,"mWalkTime":36018,"runStep":0,"walkStep":54},{"distance":50.43,"mCalorie":2.72,"mOthersTime":0,"mRunTime":0,"mStartTime":46800000,"mTimeUnit":600000,"mWalkTime":47357,"runStep":0,"walkStep":71},{"distance":23.69,"mCalorie":1.09,"mOthersTime":0,"mRunTime":0,"mStartTime":48600000,"mTimeUnit":600000,"mWalkTime":20677,"runStep":0,"walkStep":31},{"distance":214.13,"mCalorie":10.95,"mOthersTime":0,"mRunTime":1600,"mStartTime":49200000,"mTimeUnit":600000,"mWalkTime":194764,"runStep":4,"walkStep":292},{"distance":244.7413,"mCalorie":49.24105,"mOthersTime":309202,"mRunTime":0,"mStartTime":49800000,"mTimeUnit":600000,"mWalkTime":198145,"runStep":0,"walkStep":868},{"distance":72.48512,"mCalorie":64.66774,"mOthersTime":518838,"mRunTime":0,"mStartTime":50400000,"mTimeUnit":600000,"mWalkTime":61182,"runStep":0,"walkStep":994},{"distance":490.0704,"mCalorie":53.18765,"mOthersTime":192554,"mRunTime":358,"mStartTime":51000000,"mTimeUnit":600000,"mWalkTime":397143,"runStep":1,"walkStep":991},{"distance":32.81242,"mCalorie":79.39125,"mOthersTime":561986,"mRunTime":0,"mStartTime":51600000,"mTimeUnit":600000,"mWalkTime":30003,"runStep":0,"walkStep":996},{"distance":706.87,"mCalorie":36.89,"mOthersTime":0,"mRunTime":0,"mStartTime":52200000,"mTimeUnit":600000,"mWalkTime":583385,"runStep":0,"walkStep":958},{"distance":95.979996,"mCalorie":5.33,"mOthersTime":0,"mRunTime":3600,"mStartTime":52800000,"mTimeUnit":600000,"mWalkTime":72703,"runStep":9,"walkStep":109},{"distance":50.57,"mCalorie":2.71,"mOthersTime":0,"mRunTime":0,"mStartTime":54000000,"mTimeUnit":600000,"mWalkTime":47357,"runStep":0,"walkStep":71},{"distance":60.3,"mCalorie":3.02,"mOthersTime":0,"mRunTime":0,"mStartTime":54600000,"mTimeUnit":600000,"mWalkTime":54694,"runStep":0,"walkStep":82},{"distance":39.91,"mCalorie":2.06,"mOthersTime":0,"mRunTime":0,"mStartTime":55200000,"mTimeUnit":600000,"mWalkTime":37352,"runStep":0,"walkStep":56},{"distance":100.95,"mCalorie":6.1400003,"mOthersTime":0,"mRunTime":0,"mStartTime":57000000,"mTimeUnit":600000,"mWalkTime":106053,"runStep":0,"walkStep":159},{"distance":83.63,"mCalorie":4.42,"mOthersTime":0,"mRunTime":0,"mStartTime":57600000,"mTimeUnit":600000,"mWalkTime":76705,"runStep":0,"walkStep":115},{"distance":163.45999,"mCalorie":10.2,"mOthersTime":0,"mRunTime":0,"mStartTime":58200000,"mTimeUnit":600000,"mWalkTime":161414,"runStep":0,"walkStep":242},{"distance":50.47,"mCalorie":2.7800002,"mOthersTime":0,"mRunTime":0,"mStartTime":58800000,"mTimeUnit":600000,"mWalkTime":49358,"runStep":0,"walkStep":74},{"distance":48.46,"mCalorie":2.5500002,"mOthersTime":0,"mRunTime":0,"mStartTime":59400000,"mTimeUnit":600000,"mWalkTime":45356,"runStep":0,"walkStep":68},{"distance":400.44,"mCalorie":21.880001,"mOthersTime":0,"mRunTime":0,"mStartTime":60000000,"mTimeUnit":600000,"mWalkTime":387527,"runStep":0,"walkStep":581},{"distance":248.76999,"mCalorie":12.78,"mOthersTime":0,"mRunTime":0,"mStartTime":60600000,"mTimeUnit":600000,"mWalkTime":227447,"runStep":0,"walkStep":341},{"distance":227.18,"mCalorie":11.89,"mOthersTime":0,"mRunTime":0,"mStartTime":61200000,"mTimeUnit":600000,"mWalkTime":212106,"runStep":0,"walkStep":318},{"distance":95.868996,"mCalorie":5.07,"mOthersTime":0,"mRunTime":0,"mStartTime":61800000,"mTimeUnit":600000,"mWalkTime":87377,"runStep":0,"walkStep":131},{"distance":28.86,"mCalorie":1.48,"mOthersTime":0,"mRunTime":0,"mStartTime":62400000,"mTimeUnit":600000,"mWalkTime":26013,"runStep":0,"walkStep":39},{"distance":45.5,"mCalorie":2.29,"mOthersTime":0,"mRunTime":0,"mStartTime":63000000,"mTimeUnit":600000,"mWalkTime":41354,"runStep":0,"walkStep":62},{"distance":17.96,"mCalorie":0.96999997,"mOthersTime":0,"mRunTime":0,"mStartTime":63600000,"mTimeUnit":600000,"mWalkTime":16675,"runStep":0,"walkStep":25},{"distance":14.52,"mCalorie":0.78999996,"mOthersTime":0,"mRunTime":0,"mStartTime":64200000,"mTimeUnit":600000,"mWalkTime":14007,"runStep":0,"walkStep":21},{"distance":23.359999,"mCalorie":1.31,"mOthersTime":0,"mRunTime":0,"mStartTime":64800000,"mTimeUnit":600000,"mWalkTime":22011,"runStep":0,"walkStep":33},{"distance":12.89,"mCalorie":0.74,"mOthersTime":0,"mRunTime":0,"mStartTime":65400000,"mTimeUnit":600000,"mWalkTime":12006,"runStep":0,"walkStep":18},{"distance":32.88,"mCalorie":1.56,"mOthersTime":0,"mRunTime":800,"mStartTime":66000000,"mTimeUnit":600000,"mWalkTime":26680,"runStep":2,"walkStep":40},{"distance":81.25,"mCalorie":3.8899999,"mOthersTime":0,"mRunTime":0,"mStartTime":72000000,"mTimeUnit":600000,"mWalkTime":74037,"runStep":0,"walkStep":111},{"distance":61.31,"mCalorie":2.9299998,"mOthersTime":0,"mRunTime":0,"mStartTime":72600000,"mTimeUnit":600000,"mWalkTime":54027,"runStep":0,"walkStep":81},{"distance":21.88,"mCalorie":1.0899999,"mOthersTime":0,"mRunTime":0,"mStartTime":73200000,"mTimeUnit":600000,"mWalkTime":18009,"runStep":0,"walkStep":27},{"distance":10.16,"mCalorie":0.59,"mOthersTime":0,"mRunTime":0,"mStartTime":75000000,"mTimeUnit":600000,"mWalkTime":10005,"runStep":0,"walkStep":15},{"distance":42.251,"mCalorie":2.43,"mOthersTime":0,"mRunTime":2000,"mStartTime":78600000,"mTimeUnit":600000,"mWalkTime":33350,"runStep":5,"walkStep":50}],"version":1}