{"mActivityList":[{"mActiveTime":1635418,"mActiveTimeType":0,"mCalorie":134.0,"mCategory":204,"mDetailInfoId":"6a27a2c3-5fd9-ff14-e926-4b54b075cb25","mDistance":1805.208,"mDuration":1635418,"mEndTime":25933393,"mStartTime":24297975,"mType":1001},{"mActiveTime":1145838,"mActiveTimeType":0,"mCalorie":129.0,"mCategory":204,"mDetailInfoId":"23fe2fb4-d011-0964-6563-78cd8a364018","mDistance":1459.17,"mDuration":1145838,"mEndTime":29301319,"mStartTime":28155481,"mType":1001},{"mActiveTime":680216,"mActiveTimeType":2,"mCalorie":80.0,"mCategory":204,"mDetailInfoId":"d566abb4-f4a0-59c2-006f-06b93524cdc5","mDistance":0.0,"mDuration":680216,"mEndTime":45444309,"mStartTime":44764093,"mType":0}],"mAdaptiveGoal":0,"mIsGoalAchieved":false,"mIsMostActiveAchieved":false,"mMostActiveMinutes":0,"mStreakDayCount":0,"mUnitDataList":[{"distance":71.32,"mCalorie":3.59,"mOthersTime":0,"mRunTime":4000,"mStartTime":0,"mTimeUnit":600000,"mWalkTime":54027,"runStep":10,"walkStep":81},{"distance":18.21,"mCalorie":0.89,"mOthersTime":0,"mRunTime":0,"mStartTime":1200000,"mTimeUnit":600000,"mWalkTime":16675,"runStep":0,"walkStep":25},{"distance":8.55,"mCalorie":0.55,"mOthersTime":0,"mRunTime":400,"mStartTime":11400000,"mTimeUnit":600000,"mWalkTime":6670,"runStep":1,"walkStep":10},{"distance":30.07,"mCalorie":1.68,"mOthersTime":0,"mRunTime":0,"mStartTime":15000000,"mTimeUnit":600000,"mWalkTime":27347,"runStep":0,"walkStep":41},{"distance":18.89,"mCalorie":0.87,"mOthersTime":0,"mRunTime":0,"mStartTime":15600000,"mTimeUnit":600000,"mWalkTime":16675,"runStep":0,"walkStep":25},{"distance":12.4,"mCalorie":0.6,"mOthersTime":0,"mRunTime":0,"mStartTime":22800000,"mTimeUnit":600000,"mWalkTime":11339,"runStep":0,"walkStep":17},{"distance":119.060005,"mCalorie":6.1000004,"mOthersTime":0,"mRunTime":3200,"mStartTime":23400000,"mTimeUnit":600000,"mWalkTime":100717,"runStep":8,"walkStep":151},{"distance":417.25598,"mCalorie":28.64123,"mOthersTime":0,"mRunTime":0,"mStartTime":24000000,"mTimeUnit":600000,"mWalkTime":377762,"runStep":0,"walkStep":519},{"distance":662.29236,"mCalorie":49.161743,"mOthersTime":0,"mRunTime":0,"mStartTime":24600000,"mTimeUnit":600000,"mWalkTime":600000,"runStep":0,"walkStep":1062},{"distance":662.29236,"mCalorie":49.161743,"mOthersTime":0,"mRunTime":0,"mStartTime":25200000,"mTimeUnit":600000,"mWalkTime":600000,"runStep":0,"walkStep":923},{"distance":147.24194,"mCalorie":10.929721,"mOthersTime":0,"mRunTime":0,"mStartTime":25800000,"mTimeUnit":600000,"mWalkTime":133393,"runStep":0,"walkStep":50},{"distance":28.17,"mCalorie":1.29,"mOthersTime":0,"mRunTime":0,"mStartTime":26400000,"mTimeUnit":600000,"mWalkTime":24679,"runStep":0,"walkStep":37},{"distance":341.58063,"mCalorie":19.296978,"mOthersTime":0,"mRunTime":400,"mStartTime":27600000,"mTimeUnit":600000,"mWalkTime":276048,"runStep":1,"walkStep":451},{"distance":764.0714,"mCalorie":67.54882,"mOthersTime":0,"mRunTime":0,"mStartTime":28200000,"mTimeUnit":600000,"mWalkTime":600000,"runStep":0,"walkStep":1078},{"distance":661.5459,"mCalorie":57.659176,"mOthersTime":0,"mRunTime":0,"mStartTime":28800000,"mTimeUnit":600000,"mWalkTime":522663,"runStep":0,"walkStep":849},{"distance":86.630005,"mCalorie":4.39,"mOthersTime":0,"mRunTime":0,"mStartTime":29400000,"mTimeUnit":600000,"mWalkTime":79373,"runStep":0,"walkStep":119},{"distance":141.25,"mCalorie":6.9100003,"mOthersTime":0,"mRunTime":800,"mStartTime":30000000,"mTimeUnit":600000,"mWalkTime":124729,"runStep":2,"walkStep":187},{"distance":18.44,"mCalorie":0.98,"mOthersTime":0,"mRunTime":0,"mStartTime":30600000,"mTimeUnit":600000,"mWalkTime":18009,"runStep":0,"walkStep":27},{"distance":13.34,"mCalorie":0.62,"mOthersTime":0,"mRunTime":0,"mStartTime":31200000,"mTimeUnit":600000,"mWalkTime":12673,"runStep":0,"walkStep":19},{"distance":53.04,"mCalorie":2.5,"mOthersTime":0,"mRunTime":0,"mStartTime":31800000,"mTimeUnit":600000,"mWalkTime":47357,"runStep":0,"walkStep":71},{"distance":48.59,"mCalorie":2.4,"mOthersTime":0,"mRunTime":0,"mStartTime":32400000,"mTimeUnit":600000,"mWalkTime":44022,"runStep":0,"walkStep":66},{"distance":154.24,"mCalorie":7.98,"mOthersTime":0,"mRunTime":8800,"mStartTime":33000000,"mTimeUnit":600000,"mWalkTime":119393,"runStep":22,"walkStep":179},{"distance":145.98,"mCalorie":7.3900003,"mOthersTime":0,"mRunTime":2800,"mStartTime":33600000,"mTimeUnit":600000,"mWalkTime":117392,"runStep":7,"walkStep":176},{"distance":67.75001,"mCalorie":3.03,"mOthersTime":0,"mRunTime":0,"mStartTime":34200000,"mTimeUnit":600000,"mWalkTime":60030,"runStep":0,"walkStep":90},{"distance":139.48001,"mCalorie":6.95,"mOthersTime":0,"mRunTime":800,"mStartTime":34800000,"mTimeUnit":600000,"mWalkTime":121394,"runStep":2,"walkStep":182},{"distance":98.94,"mCalorie":4.92,"mOthersTime":0,"mRunTime":2800,"mStartTime":35400000,"mTimeUnit":600000,"mWalkTime":84042,"runStep":7,"walkStep":126},{"distance":134.21,"mCalorie":6.5899997,"mOthersTime":0,"mRunTime":4000,"mStartTime":36000000,"mTimeUnit":600000,"mWalkTime":106720,"runStep":10,"walkStep":160},{"distance":215.23,"mCalorie":11.48,"mOthersTime":0,"mRunTime":2000,"mStartTime":36600000,"mTimeUnit":600000,"mWalkTime":200100,"runStep":5,"walkStep":300},{"distance":52.120003,"mCalorie":2.6799998,"mOthersTime":0,"mRunTime":1200,"mStartTime":37200000,"mTimeUnit":600000,"mWalkTime":43355,"runStep":3,"walkStep":65},{"distance":64.439995,"mCalorie":2.88,"mOthersTime":0,"mRunTime":0,"mStartTime":37800000,"mTimeUnit":600000,"mWalkTime":53360,"runStep":0,"walkStep":80},{"distance":100.26,"mCalorie":4.74,"mOthersTime":0,"mRunTime":0,"mStartTime":38400000,"mTimeUnit":600000,"mWalkTime":89378,"runStep":0,"walkStep":134},{"distance":11.819998,"mCalorie":0.61,"mOthersTime":0,"mRunTime":0,"mStartTime":40800000,"mTimeUnit":600000,"mWalkTime":10672,"runStep":0,"walkStep":16},{"distance":14.31,"mCalorie":0.76,"mOthersTime":0,"mRunTime":0,"mStartTime":41400000,"mTimeUnit":600000,"mWalkTime":13340,"runStep":0,"walkStep":20},{"distance":127.12,"mCalorie":6.4500003,"mOthersTime":0,"mRunTime":0,"mStartTime":42000000,"mTimeUnit":600000,"mWalkTime":115391,"runStep":0,"walkStep":173},{"distance":21.07,"mCalorie":1.0699999,"mOthersTime":0,"mRunTime":0,"mStartTime":43200000,"mTimeUnit":600000,"mWalkTime":19343,"runStep":0,"walkStep":29},{"distance":34.87,"mCalorie":1.7199999,"mOthersTime":0,"mRunTime":0,"mStartTime":43800000,"mTimeUnit":600000,"mWalkTime":32016,"runStep":0,"walkStep":48},{"distance":75.100075,"mCalorie":31.322748,"mOthersTime":235907,"mRunTime":0,"mStartTime":44400000,"mTimeUnit":600000,"mWalkTime":67641,"runStep":17,"walkStep":321},{"distance":12.55,"mCalorie":52.905052,"mOthersTime":444309,"mRunTime":0,"mStartTime":45000000,"mTimeUnit":600000,"mWalkTime":12006,"runStep":24,"walkStep":269},{"distance":181.12999,"mCalorie":9.55,"mOthersTime":0,"mRunTime":0,"mStartTime":45600000,"mTimeUnit":600000,"mWalkTime":175421,"runStep":0,"walkStep":263},{"distance":94.1,"mCalorie":4.8799996,"mOthersTime":0,"mRunTime":2800,"mStartTime":46200000,"mTimeUnit":600000,"mWalkTime":77372,"runStep":7,"walkStep":116},{"distance":180.29001,"mCalorie":9.27,"mOthersTime":0,"mRunTime":0,"mStartTime":46800000,"mTimeUnit":600000,"mWalkTime":163415,"runStep":0,"walkStep":245},{"distance":374.28003,"mCalorie":20.88,"mOthersTime":0,"mRunTime":4000,"mStartTime":47400000,"mTimeUnit":600000,"mWalkTime":310065,"runStep":10,"walkStep":495},{"distance":7.87,"mCalorie":0.37,"mOthersTime":0,"mRunTime":0,"mStartTime":48000000,"mTimeUnit":600000,"mWalkTime":6670,"runStep":0,"walkStep":10},{"distance":8.8,"mCalorie":0.42,"mOthersTime":0,"mRunTime":0,"mStartTime":49200000,"mTimeUnit":600000,"mWalkTime":6670,"runStep":0,"walkStep":10},{"distance":34.07,"mCalorie":1.5,"mOthersTime":0,"mRunTime":0,"mStartTime":49800000,"mTimeUnit":600000,"mWalkTime":28014,"runStep":0,"walkStep":42},{"distance":423.5,"mCalorie":21.509998,"mOthersTime":0,"mRunTime":0,"mStartTime":50400000,"mTimeUnit":600000,"mWalkTime":366760,"runStep":0,"walkStep":584},{"distance":46.33,"mCalorie":2.33,"mOthersTime":0,"mRunTime":0,"mStartTime":51600000,"mTimeUnit":600000,"mWalkTime":41354,"runStep":0,"walkStep":62},{"distance":9.53,"mCalorie":0.45,"mOthersTime":0,"mRunTime":0,"mStartTime":53400000,"mTimeUnit":600000,"mWalkTime":8671,"runStep":0,"walkStep":13},{"distance":6.76,"mCalorie":0.4,"mOthersTime":0,"mRunTime":0,"mStartTime":54000000,"mTimeUnit":600000,"mWalkTime":6670,"runStep":0,"walkStep":10},{"distance":14.549999,"mCalorie":0.77,"mOthersTime":0,"mRunTime":0,"mStartTime":54600000,"mTimeUnit":600000,"mWalkTime":14007,"runStep":0,"walkStep":21},{"distance":8.75,"mCalorie":0.4,"mOthersTime":0,"mRunTime":0,"mStartTime":55200000,"mTimeUnit":600000,"mWalkTime":8004,"runStep":0,"walkStep":12},{"distance":7.49,"mCalorie":0.3,"mOthersTime":0,"mRunTime":0,"mStartTime":57000000,"mTimeUnit":600000,"mWalkTime":6670,"runStep":0,"walkStep":10},{"distance":11.44,"mCalorie":0.52,"mOthersTime":0,"mRunTime":0,"mStartTime":57600000,"mTimeUnit":600000,"mWalkTime":10005,"runStep":0,"walkStep":15},{"distance":39.879997,"mCalorie":2.08,"mOthersTime":0,"mRunTime":0,"mStartTime":58200000,"mTimeUnit":600000,"mWalkTime":36685,"runStep":0,"walkStep":55},{"distance":17.8,"mCalorie":0.81,"mOthersTime":0,"mRunTime":0,"mStartTime":58800000,"mTimeUnit":600000,"mWalkTime":16008,"runStep":0,"walkStep":24},{"distance":10.219,"mCalorie":0.4,"mOthersTime":0,"mRunTime":0,"mStartTime":59400000,"mTimeUnit":600000,"mWalkTime":8671,"runStep":0,"walkStep":13},{"distance":9.89,"mCalorie":0.42,"mOthersTime":0,"mRunTime":0,"mStartTime":60000000,"mTimeUnit":600000,"mWalkTime":8004,"runStep":0,"walkStep":12},{"distance":8.89,"mCalorie":0.39,"mOthersTime":0,"mRunTime":0,"mStartTime":60600000,"mTimeUnit":600000,"mWalkTime":8004,"runStep":0,"walkStep":12},{"distance":54.17,"mCalorie":2.92,"mOthersTime":0,"mRunTime":1200,"mStartTime":63600000,"mTimeUnit":600000,"mWalkTime":42688,"runStep":3,"walkStep":64},{"distance":128.64,"mCalorie":6.57,"mOthersTime":0,"mRunTime":4000,"mStartTime":64200000,"mTimeUnit":600000,"mWalkTime":103385,"runStep":10,"walkStep":155},{"distance":13.46,"mCalorie":0.68,"mOthersTime":0,"mRunTime":0,"mStartTime":64800000,"mTimeUnit":600000,"mWalkTime":12673,"runStep":0,"walkStep":19},{"distance":8.49,"mCalorie":0.38,"mOthersTime":0,"mRunTime":0,"mStartTime":67800000,"mTimeUnit":600000,"mWalkTime":7337,"runStep":0,"walkStep":11},{"distance":7.42,"mCalorie":0.42,"mOthersTime":0,"mRunTime":0,"mStartTime":69000000,"mTimeUnit":600000,"mWalkTime":6670,"runStep":0,"walkStep":10},{"distance":7.85,"mCalorie":0.4,"mOthersTime":0,"mRunTime":0,"mStartTime":69600000,"mTimeUnit":600000,"mWalkTime":7337,"runStep":0,"walkStep":11},{"distance":24.89,"mCalorie":1.3499999,"mOthersTime":0,"mRunTime":0,"mStartTime":70200000,"mTimeUnit":600000,"mWalkTime":24012,"runStep":0,"walkStep":36},{"distance":15.650001,"mCalorie":0.81,"mOthersTime":0,"mRunTime":0,"mStartTime":70800000,"mTimeUnit":600000,"mWalkTime":14674,"runStep":0,"walkStep":22},{"distance":11.2300005,"mCalorie":0.55999994,"mOthersTime":0,"mRunTime":0,"mStartTime":72000000,"mTimeUnit":600000,"mWalkTime":10005,"runStep":0,"walkStep":15},{"distance":64.3,"mCalorie":3.0,"mOthersTime":0,"mRunTime":800,"mStartTime":73200000,"mTimeUnit":600000,"mWalkTime":54694,"runStep":2,"walkStep":82},{"distance":46.910004,"mCalorie":2.4899998,"mOthersTime":0,"mRunTime":0,"mStartTime":73800000,"mTimeUnit":600000,"mWalkTime":41354,"runStep":0,"walkStep":62},{"distance":29.43,"mCalorie":1.4499999,"mOthersTime":0,"mRunTime":0,"mStartTime":74400000,"mTimeUnit":600000,"mWalkTime":25346,"runStep":0,"walkStep":38},{"distance":60.21,"mCalorie":3.08,"mOthersTime":0,"mRunTime":0,"mStartTime":75000000,"mTimeUnit":600000,"mWalkTime":56695,"runStep":0,"walkStep":85},{"distance":82.03999,"mCalorie":3.78,"mOthersTime":0,"mRunTime":0,"mStartTime":75600000,"mTimeUnit":600000,"mWalkTime":73370,"runStep":0,"walkStep":110},{"distance":101.399994,"mCalorie":4.8,"mOthersTime":0,"mRunTime":0,"mStartTime":79200000,"mTimeUnit":600000,"mWalkTime":88711,"runStep":0,"walkStep":133},{"distance":62.43,"mCalorie":3.2199998,"mOthersTime":0,"mRunTime":400,"mStartTime":80400000,"mTimeUnit":600000,"mWalkTime":55361,"runStep":1,"walkStep":83},{"distance":20.8,"mCalorie":1.19,"mOthersTime":0,"mRunTime":0,"mStartTime":81000000,"mTimeUnit":600000,"mWalkTime":18009,"runStep":0,"walkStep":27}],"version":1}