{"mActivityList":[{"mActiveTime":850159,"mActiveTimeType":0,"mCalorie":101.0,"mCategory":204,"mDetailInfoId":"e941b988-0c5f-eb23-ad37-1b3035b98efa","mDistance":707.24,"mDuration":850159,"mEndTime":65866178,"mStartTime":65016019,"mType":1001},{"mActiveTime":707667,"mActiveTimeType":0,"mCalorie":68.0,"mCategory":204,"mDetailInfoId":"f8919db0-76d4-e96a-dd82-12037492e3ba","mDistance":594.36,"mDuration":707667,"mEndTime":66829693,"mStartTime":66122026,"mType":1001}],"mAdaptiveGoal":0,"mIsGoalAchieved":false,"mIsMostActiveAchieved":false,"mMostActiveMinutes":0,"mStreakDayCount":0,"mUnitDataList":[{"distance":41.940998,"mCalorie":2.3999999,"mOthersTime":0,"mRunTime":400,"mStartTime":27600000,"mTimeUnit":600000,"mWalkTime":36685,"runStep":1,"walkStep":55},{"distance":33.84,"mCalorie":1.6,"mOthersTime":0,"mRunTime":0,"mStartTime":28200000,"mTimeUnit":600000,"mWalkTime":31349,"runStep":0,"walkStep":47},{"distance":51.910004,"mCalorie":2.22,"mOthersTime":0,"mRunTime":0,"mStartTime":29400000,"mTimeUnit":600000,"mWalkTime":45356,"runStep":0,"walkStep":68},{"distance":76.39,"mCalorie":3.73,"mOthersTime":0,"mRunTime":0,"mStartTime":30000000,"mTimeUnit":600000,"mWalkTime":66700,"runStep":0,"walkStep":100},{"distance":18.57,"mCalorie":0.86,"mOthersTime":0,"mRunTime":0,"mStartTime":30600000,"mTimeUnit":600000,"mWalkTime":16675,"runStep":0,"walkStep":25},{"distance":66.019,"mCalorie":3.4499998,"mOthersTime":0,"mRunTime":0,"mStartTime":36600000,"mTimeUnit":600000,"mWalkTime":62698,"runStep":0,"walkStep":94},{"distance":58.540005,"mCalorie":2.6599998,"mOthersTime":0,"mRunTime":0,"mStartTime":37200000,"mTimeUnit":600000,"mWalkTime":51359,"runStep":0,"walkStep":77},{"distance":38.61,"mCalorie":1.78,"mOthersTime":0,"mRunTime":0,"mStartTime":37800000,"mTimeUnit":600000,"mWalkTime":34017,"runStep":0,"walkStep":51},{"distance":56.29,"mCalorie":2.7199998,"mOthersTime":0,"mRunTime":0,"mStartTime":38400000,"mTimeUnit":600000,"mWalkTime":51359,"runStep":0,"walkStep":77},{"distance":30.08,"mCalorie":1.32,"mOthersTime":0,"mRunTime":0,"mStartTime":39000000,"mTimeUnit":600000,"mWalkTime":24679,"runStep":0,"walkStep":37},{"distance":10.65,"mCalorie":0.52,"mOthersTime":0,"mRunTime":0,"mStartTime":39600000,"mTimeUnit":600000,"mWalkTime":9338,"runStep":0,"walkStep":14},{"distance":43.839,"mCalorie":2.56,"mOthersTime":0,"mRunTime":4800,"mStartTime":40800000,"mTimeUnit":600000,"mWalkTime":29348,"runStep":12,"walkStep":44},{"distance":16.04,"mCalorie":0.77,"mOthersTime":0,"mRunTime":0,"mStartTime":42600000,"mTimeUnit":600000,"mWalkTime":14674,"runStep":0,"walkStep":22},{"distance":18.74,"mCalorie":0.86,"mOthersTime":0,"mRunTime":0,"mStartTime":43800000,"mTimeUnit":600000,"mWalkTime":15341,"runStep":0,"walkStep":23},{"distance":11.6,"mCalorie":0.75,"mOthersTime":0,"mRunTime":0,"mStartTime":44400000,"mTimeUnit":600000,"mWalkTime":11339,"runStep":0,"walkStep":17},{"distance":10.02,"mCalorie":0.57,"mOthersTime":0,"mRunTime":0,"mStartTime":45000000,"mTimeUnit":600000,"mWalkTime":9338,"runStep":0,"walkStep":14},{"distance":20.79,"mCalorie":1.13,"mOthersTime":0,"mRunTime":0,"mStartTime":45600000,"mTimeUnit":600000,"mWalkTime":18676,"runStep":0,"walkStep":28},{"distance":24.830002,"mCalorie":1.45,"mOthersTime":0,"mRunTime":400,"mStartTime":46200000,"mTimeUnit":600000,"mWalkTime":22678,"runStep":1,"walkStep":34},{"distance":79.729996,"mCalorie":4.48,"mOthersTime":0,"mRunTime":800,"mStartTime":46800000,"mTimeUnit":600000,"mWalkTime":70035,"runStep":2,"walkStep":105},{"distance":56.159996,"mCalorie":3.04,"mOthersTime":0,"mRunTime":2800,"mStartTime":48000000,"mTimeUnit":600000,"mWalkTime":43355,"runStep":7,"walkStep":65},{"distance":6.8,"mCalorie":0.49,"mOthersTime":0,"mRunTime":0,"mStartTime":51600000,"mTimeUnit":600000,"mWalkTime":6670,"runStep":0,"walkStep":10},{"distance":107.792,"mCalorie":5.96,"mOthersTime":0,"mRunTime":0,"mStartTime":52200000,"mTimeUnit":600000,"mWalkTime":113390,"runStep":0,"walkStep":170},{"distance":24.439999,"mCalorie":1.1800001,"mOthersTime":0,"mRunTime":0,"mStartTime":52800000,"mTimeUnit":600000,"mWalkTime":22011,"runStep":0,"walkStep":33},{"distance":51.95,"mCalorie":2.65,"mOthersTime":0,"mRunTime":0,"mStartTime":54600000,"mTimeUnit":600000,"mWalkTime":48691,"runStep":0,"walkStep":73},{"distance":41.35,"mCalorie":2.02,"mOthersTime":0,"mRunTime":0,"mStartTime":60000000,"mTimeUnit":600000,"mWalkTime":38019,"runStep":0,"walkStep":57},{"distance":9.48,"mCalorie":0.44,"mOthersTime":0,"mRunTime":0,"mStartTime":62400000,"mTimeUnit":600000,"mWalkTime":8004,"runStep":0,"walkStep":12},{"distance":87.62701,"mCalorie":4.41,"mOthersTime":0,"mRunTime":2000,"mStartTime":64200000,"mTimeUnit":600000,"mWalkTime":73370,"runStep":5,"walkStep":110},{"distance":365.3699,"mCalorie":47.757904,"mOthersTime":0,"mRunTime":0,"mStartTime":64800000,"mTimeUnit":600000,"mWalkTime":425743,"runStep":0,"walkStep":479},{"distance":389.7077,"mCalorie":55.440144,"mOthersTime":0,"mRunTime":0,"mStartTime":65400000,"mTimeUnit":600000,"mWalkTime":467713,"runStep":0,"walkStep":549},{"distance":412.90814,"mCalorie":46.54487,"mOthersTime":0,"mRunTime":0,"mStartTime":66000000,"mTimeUnit":600000,"mWalkTime":488671,"runStep":0,"walkStep":688},{"distance":213.18022,"mCalorie":23.258842,"mOthersTime":0,"mRunTime":412,"mStartTime":66600000,"mTimeUnit":600000,"mWalkTime":247190,"runStep":6,"walkStep":148},{"distance":11.53,"mCalorie":0.63,"mOthersTime":0,"mRunTime":0,"mStartTime":67800000,"mTimeUnit":600000,"mWalkTime":11339,"runStep":0,"walkStep":17}],"version":1}