{"mActivityList":[{"mActiveTime":713416,"mActiveTimeType":2,"mCalorie":110.0,"mCategory":204,"mDetailInfoId":"0c18d81a-b7bf-920a-a945-5064ffbd67f7","mDistance":0.0,"mDuration":713416,"mEndTime":44757802,"mStartTime":44044386,"mType":0}],"mAdaptiveGoal":0,"mIsGoalAchieved":false,"mIsMostActiveAchieved":false,"mMostActiveMinutes":0,"mStreakDayCount":0,"mUnitDataList":[{"distance":60.72,"mCalorie":4.2,"mOthersTime":0,"mRunTime":0,"mStartTime":19800000,"mTimeUnit":600000,"mWalkTime":72036,"runStep":0,"walkStep":108},{"distance":68.659996,"mCalorie":3.6299999,"mOthersTime":0,"mRunTime":0,"mStartTime":20400000,"mTimeUnit":600000,"mWalkTime":64032,"runStep":0,"walkStep":96},{"distance":28.35,"mCalorie":1.28,"mOthersTime":0,"mRunTime":0,"mStartTime":21600000,"mTimeUnit":600000,"mWalkTime":26013,"runStep":0,"walkStep":39},{"distance":81.2,"mCalorie":4.2200003,"mOthersTime":0,"mRunTime":0,"mStartTime":22800000,"mTimeUnit":600000,"mWalkTime":74704,"runStep":0,"walkStep":112},{"distance":7.01,"mCalorie":0.5,"mOthersTime":0,"mRunTime":0,"mStartTime":23400000,"mTimeUnit":600000,"mWalkTime":6670,"runStep":0,"walkStep":10},{"distance":85.47001,"mCalorie":4.3999996,"mOthersTime":0,"mRunTime":0,"mStartTime":24000000,"mTimeUnit":600000,"mWalkTime":76705,"runStep":0,"walkStep":115},{"distance":15.39,"mCalorie":1.18,"mOthersTime":0,"mRunTime":4400,"mStartTime":24600000,"mTimeUnit":600000,"mWalkTime":6670,"runStep":11,"walkStep":10},{"distance":12.280001,"mCalorie":0.63,"mOthersTime":0,"mRunTime":0,"mStartTime":28800000,"mTimeUnit":600000,"mWalkTime":11339,"runStep":0,"walkStep":17},{"distance":82.64,"mCalorie":3.8600001,"mOthersTime":0,"mRunTime":400,"mStartTime":29400000,"mTimeUnit":600000,"mWalkTime":64032,"runStep":1,"walkStep":96},{"distance":17.39,"mCalorie":0.85,"mOthersTime":0,"mRunTime":0,"mStartTime":30000000,"mTimeUnit":600000,"mWalkTime":16008,"runStep":0,"walkStep":24},{"distance":22.490002,"mCalorie":0.98,"mOthersTime":0,"mRunTime":0,"mStartTime":30600000,"mTimeUnit":600000,"mWalkTime":19343,"runStep":0,"walkStep":29},{"distance":132.09,"mCalorie":6.1900005,"mOthersTime":0,"mRunTime":0,"mStartTime":31800000,"mTimeUnit":600000,"mWalkTime":116725,"runStep":0,"walkStep":175},{"distance":34.58,"mCalorie":2.2,"mOthersTime":0,"mRunTime":800,"mStartTime":32400000,"mTimeUnit":600000,"mWalkTime":26013,"runStep":2,"walkStep":39},{"distance":21.68,"mCalorie":1.02,"mOthersTime":0,"mRunTime":0,"mStartTime":33000000,"mTimeUnit":600000,"mWalkTime":19343,"runStep":0,"walkStep":29},{"distance":37.1,"mCalorie":2.21,"mOthersTime":0,"mRunTime":800,"mStartTime":33600000,"mTimeUnit":600000,"mWalkTime":28681,"runStep":2,"walkStep":43},{"distance":75.81,"mCalorie":3.85,"mOthersTime":0,"mRunTime":400,"mStartTime":34200000,"mTimeUnit":600000,"mWalkTime":67367,"runStep":1,"walkStep":101},{"distance":82.19,"mCalorie":3.98,"mOthersTime":0,"mRunTime":1600,"mStartTime":34800000,"mTimeUnit":600000,"mWalkTime":64699,"runStep":4,"walkStep":97},{"distance":44.66,"mCalorie":2.58,"mOthersTime":0,"mRunTime":3600,"mStartTime":35400000,"mTimeUnit":600000,"mWalkTime":30015,"runStep":9,"walkStep":45},{"distance":89.44,"mCalorie":4.66,"mOthersTime":0,"mRunTime":0,"mStartTime":36000000,"mTimeUnit":600000,"mWalkTime":78706,"runStep":0,"walkStep":118},{"distance":74.729996,"mCalorie":3.8,"mOthersTime":0,"mRunTime":0,"mStartTime":36600000,"mTimeUnit":600000,"mWalkTime":79373,"runStep":0,"walkStep":119},{"distance":203.35,"mCalorie":10.420001,"mOthersTime":0,"mRunTime":0,"mStartTime":37200000,"mTimeUnit":600000,"mWalkTime":170055,"runStep":0,"walkStep":272},{"distance":256.81,"mCalorie":12.809999,"mOthersTime":0,"mRunTime":0,"mStartTime":37800000,"mTimeUnit":600000,"mWalkTime":213410,"runStep":0,"walkStep":343},{"distance":136.87,"mCalorie":7.0899997,"mOthersTime":0,"mRunTime":0,"mStartTime":38400000,"mTimeUnit":600000,"mWalkTime":125396,"runStep":0,"walkStep":188},{"distance":268.84,"mCalorie":13.55,"mOthersTime":0,"mRunTime":0,"mStartTime":39000000,"mTimeUnit":600000,"mWalkTime":218716,"runStep":0,"walkStep":359},{"distance":63.93,"mCalorie":3.3999999,"mOthersTime":0,"mRunTime":800,"mStartTime":40200000,"mTimeUnit":600000,"mWalkTime":54027,"runStep":2,"walkStep":81},{"distance":53.95,"mCalorie":2.6799998,"mOthersTime":0,"mRunTime":0,"mStartTime":40800000,"mTimeUnit":600000,"mWalkTime":49358,"runStep":0,"walkStep":74},{"distance":123.15,"mCalorie":5.84,"mOthersTime":0,"mRunTime":0,"mStartTime":41400000,"mTimeUnit":600000,"mWalkTime":111389,"runStep":0,"walkStep":167},{"distance":40.65,"mCalorie":2.03,"mOthersTime":0,"mRunTime":0,"mStartTime":42000000,"mTimeUnit":600000,"mWalkTime":35351,"runStep":0,"walkStep":53},{"distance":13.01,"mCalorie":0.69,"mOthersTime":0,"mRunTime":0,"mStartTime":42600000,"mTimeUnit":600000,"mWalkTime":12006,"runStep":0,"walkStep":18},{"distance":1.73247,"mCalorie":54.91977,"mOthersTime":355614,"mRunTime":117,"mStartTime":43800000,"mTimeUnit":600000,"mWalkTime":1218,"runStep":16,"walkStep":111},{"distance":25.149492,"mCalorie":56.387253,"mOthersTime":357802,"mRunTime":29,"mStartTime":44400000,"mTimeUnit":600000,"mWalkTime":22304,"runStep":3,"walkStep":98},{"distance":117.59,"mCalorie":5.4199996,"mOthersTime":0,"mRunTime":0,"mStartTime":45000000,"mTimeUnit":600000,"mWalkTime":104052,"runStep":0,"walkStep":156},{"distance":76.17,"mCalorie":4.09,"mOthersTime":0,"mRunTime":800,"mStartTime":45600000,"mTimeUnit":600000,"mWalkTime":68701,"runStep":2,"walkStep":103},{"distance":169.869,"mCalorie":8.87,"mOthersTime":0,"mRunTime":0,"mStartTime":46200000,"mTimeUnit":600000,"mWalkTime":156745,"runStep":0,"walkStep":235},{"distance":114.619995,"mCalorie":6.0499997,"mOthersTime":0,"mRunTime":0,"mStartTime":46800000,"mTimeUnit":600000,"mWalkTime":105386,"runStep":0,"walkStep":158},{"distance":48.2,"mCalorie":2.23,"mOthersTime":0,"mRunTime":0,"mStartTime":48000000,"mTimeUnit":600000,"mWalkTime":42688,"runStep":0,"walkStep":64},{"distance":201.73001,"mCalorie":10.47,"mOthersTime":0,"mRunTime":0,"mStartTime":49200000,"mTimeUnit":600000,"mWalkTime":175391,"runStep":0,"walkStep":273},{"distance":25.199999,"mCalorie":1.06,"mOthersTime":0,"mRunTime":0,"mStartTime":49800000,"mTimeUnit":600000,"mWalkTime":21344,"runStep":0,"walkStep":32},{"distance":64.740005,"mCalorie":3.06,"mOthersTime":0,"mRunTime":0,"mStartTime":50400000,"mTimeUnit":600000,"mWalkTime":57362,"runStep":0,"walkStep":86},{"distance":25.7,"mCalorie":1.1700001,"mOthersTime":0,"mRunTime":0,"mStartTime":51000000,"mTimeUnit":600000,"mWalkTime":23345,"runStep":0,"walkStep":35},{"distance":32.92,"mCalorie":1.52,"mOthersTime":0,"mRunTime":0,"mStartTime":51600000,"mTimeUnit":600000,"mWalkTime":29348,"runStep":0,"walkStep":44},{"distance":64.85,"mCalorie":3.1599998,"mOthersTime":0,"mRunTime":0,"mStartTime":52200000,"mTimeUnit":600000,"mWalkTime":58696,"runStep":0,"walkStep":88},{"distance":55.61,"mCalorie":3.3999999,"mOthersTime":0,"mRunTime":4000,"mStartTime":52800000,"mTimeUnit":600000,"mWalkTime":38686,"runStep":10,"walkStep":58},{"distance":68.22,"mCalorie":3.44,"mOthersTime":0,"mRunTime":0,"mStartTime":53400000,"mTimeUnit":600000,"mWalkTime":60697,"runStep":0,"walkStep":91},{"distance":63.61,"mCalorie":3.3000002,"mOthersTime":0,"mRunTime":0,"mStartTime":54000000,"mTimeUnit":600000,"mWalkTime":58029,"runStep":0,"walkStep":87},{"distance":44.85,"mCalorie":2.1599998,"mOthersTime":0,"mRunTime":0,"mStartTime":54600000,"mTimeUnit":600000,"mWalkTime":40020,"runStep":0,"walkStep":60},{"distance":126.59,"mCalorie":6.74,"mOthersTime":0,"mRunTime":0,"mStartTime":55800000,"mTimeUnit":600000,"mWalkTime":117392,"runStep":0,"walkStep":176},{"distance":352.72998,"mCalorie":19.0,"mOthersTime":0,"mRunTime":0,"mStartTime":56400000,"mTimeUnit":600000,"mWalkTime":320797,"runStep":0,"walkStep":482},{"distance":86.63,"mCalorie":4.65,"mOthersTime":0,"mRunTime":0,"mStartTime":57000000,"mTimeUnit":600000,"mWalkTime":80040,"runStep":0,"walkStep":120},{"distance":52.97,"mCalorie":2.8200002,"mOthersTime":0,"mRunTime":0,"mStartTime":57600000,"mTimeUnit":600000,"mWalkTime":48691,"runStep":0,"walkStep":73},{"distance":37.88,"mCalorie":1.98,"mOthersTime":0,"mRunTime":0,"mStartTime":58200000,"mTimeUnit":600000,"mWalkTime":34684,"runStep":0,"walkStep":52},{"distance":24.51,"mCalorie":1.3,"mOthersTime":0,"mRunTime":0,"mStartTime":60000000,"mTimeUnit":600000,"mWalkTime":22678,"runStep":0,"walkStep":34},{"distance":196.12,"mCalorie":10.440001,"mOthersTime":0,"mRunTime":0,"mStartTime":60600000,"mTimeUnit":600000,"mWalkTime":172056,"runStep":0,"walkStep":267},{"distance":165.17001,"mCalorie":8.87,"mOthersTime":0,"mRunTime":0,"mStartTime":61200000,"mTimeUnit":600000,"mWalkTime":148711,"runStep":0,"walkStep":226},{"distance":189.35,"mCalorie":10.36,"mOthersTime":0,"mRunTime":0,"mStartTime":61800000,"mTimeUnit":600000,"mWalkTime":177422,"runStep":0,"walkStep":266},{"distance":251.25,"mCalorie":13.98,"mOthersTime":0,"mRunTime":0,"mStartTime":62400000,"mTimeUnit":600000,"mWalkTime":234784,"runStep":0,"walkStep":352},{"distance":113.63,"mCalorie":6.17,"mOthersTime":0,"mRunTime":0,"mStartTime":63000000,"mTimeUnit":600000,"mWalkTime":105386,"runStep":0,"walkStep":158},{"distance":9.71,"mCalorie":0.49,"mOthersTime":0,"mRunTime":0,"mStartTime":63600000,"mTimeUnit":600000,"mWalkTime":8671,"runStep":0,"walkStep":13},{"distance":7.71,"mCalorie":0.42,"mOthersTime":0,"mRunTime":0,"mStartTime":65400000,"mTimeUnit":600000,"mWalkTime":7337,"runStep":0,"walkStep":11},{"distance":7.01,"mCalorie":0.38,"mOthersTime":0,"mRunTime":0,"mStartTime":66000000,"mTimeUnit":600000,"mWalkTime":6670,"runStep":0,"walkStep":10},{"distance":71.01,"mCalorie":3.77,"mOthersTime":0,"mRunTime":0,"mStartTime":66600000,"mTimeUnit":600000,"mWalkTime":64032,"runStep":0,"walkStep":96},{"distance":46.7,"mCalorie":2.48,"mOthersTime":0,"mRunTime":0,"mStartTime":67200000,"mTimeUnit":600000,"mWalkTime":43355,"runStep":0,"walkStep":65},{"distance":9.11,"mCalorie":0.5,"mOthersTime":0,"mRunTime":0,"mStartTime":68400000,"mTimeUnit":600000,"mWalkTime":8671,"runStep":0,"walkStep":13},{"distance":39.92,"mCalorie":2.17,"mOthersTime":0,"mRunTime":0,"mStartTime":69000000,"mTimeUnit":600000,"mWalkTime":36685,"runStep":0,"walkStep":55},{"distance":15.52,"mCalorie":0.76,"mOthersTime":0,"mRunTime":0,"mStartTime":70200000,"mTimeUnit":600000,"mWalkTime":14007,"runStep":0,"walkStep":21},{"distance":62.69,"mCalorie":3.45,"mOthersTime":0,"mRunTime":0,"mStartTime":84000000,"mTimeUnit":600000,"mWalkTime":60030,"runStep":0,"walkStep":90},{"distance":173.07,"mCalorie":9.49,"mOthersTime":0,"mRunTime":0,"mStartTime":84600000,"mTimeUnit":600000,"mWalkTime":161414,"runStep":0,"walkStep":242},{"distance":168.71,"mCalorie":9.42,"mOthersTime":0,"mRunTime":0,"mStartTime":85200000,"mTimeUnit":600000,"mWalkTime":159413,"runStep":0,"walkStep":239}],"version":1}