{"mActivityList":[{"mActiveTime":600000,"mActiveTimeType":2,"mCalorie":63.8,"mCategory":204,"mDetailInfoId":"8c9950ab-68e2-13c8-52b0-305b31fa67fc","mDistance":0.0,"mDuration":600000,"mEndTime":41769039,"mStartTime":41169039,"mType":11007},{"mActiveTime":1270594,"mActiveTimeType":0,"mCalorie":105.0,"mCategory":204,"mDetailInfoId":"7c364df5-290a-b4dc-172a-042cb962f074","mDistance":1650.012,"mDuration":1270594,"mEndTime":51424756,"mStartTime":50154162,"mType":1001}],"mAdaptiveGoal":0,"mIsGoalAchieved":false,"mIsMostActiveAchieved":false,"mMostActiveMinutes":0,"mStreakDayCount":0,"mUnitDataList":[{"distance":10.05,"mCalorie":0.58,"mOthersTime":0,"mRunTime":0,"mStartTime":7800000,"mTimeUnit":600000,"mWalkTime":7337,"runStep":0,"walkStep":11},{"distance":93.421005,"mCalorie":5.79,"mOthersTime":0,"mRunTime":0,"mStartTime":17400000,"mTimeUnit":600000,"mWalkTime":102051,"runStep":0,"walkStep":153},{"distance":350.62003,"mCalorie":18.51,"mOthersTime":0,"mRunTime":0,"mStartTime":18000000,"mTimeUnit":600000,"mWalkTime":294027,"runStep":0,"walkStep":490},{"distance":155.26,"mCalorie":8.25,"mOthersTime":0,"mRunTime":0,"mStartTime":18600000,"mTimeUnit":600000,"mWalkTime":131369,"runStep":0,"walkStep":211},{"distance":11.92,"mCalorie":0.62,"mOthersTime":0,"mRunTime":0,"mStartTime":19800000,"mTimeUnit":600000,"mWalkTime":11339,"runStep":0,"walkStep":17},{"distance":91.4,"mCalorie":4.79,"mOthersTime":0,"mRunTime":0,"mStartTime":20400000,"mTimeUnit":600000,"mWalkTime":82708,"runStep":0,"walkStep":124},{"distance":328.78,"mCalorie":16.970001,"mOthersTime":0,"mRunTime":0,"mStartTime":21000000,"mTimeUnit":600000,"mWalkTime":262708,"runStep":0,"walkStep":457},{"distance":139.05898,"mCalorie":10.439999,"mOthersTime":0,"mRunTime":0,"mStartTime":21600000,"mTimeUnit":600000,"mWalkTime":140070,"runStep":0,"walkStep":210},{"distance":34.05,"mCalorie":2.1599998,"mOthersTime":0,"mRunTime":0,"mStartTime":30600000,"mTimeUnit":600000,"mWalkTime":32683,"runStep":0,"walkStep":49},{"distance":27.93,"mCalorie":1.35,"mOthersTime":0,"mRunTime":0,"mStartTime":31200000,"mTimeUnit":600000,"mWalkTime":25346,"runStep":0,"walkStep":38},{"distance":29.33,"mCalorie":1.58,"mOthersTime":0,"mRunTime":0,"mStartTime":31800000,"mTimeUnit":600000,"mWalkTime":28014,"runStep":0,"walkStep":42},{"distance":53.2,"mCalorie":2.65,"mOthersTime":0,"mRunTime":0,"mStartTime":32400000,"mTimeUnit":600000,"mWalkTime":49358,"runStep":0,"walkStep":74},{"distance":12.98,"mCalorie":0.58,"mOthersTime":0,"mRunTime":0,"mStartTime":33600000,"mTimeUnit":600000,"mWalkTime":12006,"runStep":0,"walkStep":18},{"distance":48.36,"mCalorie":2.54,"mOthersTime":0,"mRunTime":0,"mStartTime":34200000,"mTimeUnit":600000,"mWalkTime":45356,"runStep":0,"walkStep":68},{"distance":28.48,"mCalorie":1.81,"mOthersTime":0,"mRunTime":1200,"mStartTime":34800000,"mTimeUnit":600000,"mWalkTime":24012,"runStep":3,"walkStep":36},{"distance":32.94,"mCalorie":2.0,"mOthersTime":0,"mRunTime":1600,"mStartTime":35400000,"mTimeUnit":600000,"mWalkTime":26013,"runStep":4,"walkStep":39},{"distance":7.9,"mCalorie":0.34,"mOthersTime":0,"mRunTime":0,"mStartTime":36000000,"mTimeUnit":600000,"mWalkTime":6670,"runStep":0,"walkStep":10},{"distance":44.940002,"mCalorie":2.13,"mOthersTime":0,"mRunTime":0,"mStartTime":36600000,"mTimeUnit":600000,"mWalkTime":40020,"runStep":0,"walkStep":60},{"distance":50.559002,"mCalorie":2.6299999,"mOthersTime":0,"mRunTime":0,"mStartTime":37200000,"mTimeUnit":600000,"mWalkTime":47357,"runStep":0,"walkStep":71},{"distance":29.23,"mCalorie":1.2099999,"mOthersTime":0,"mRunTime":0,"mStartTime":37800000,"mTimeUnit":600000,"mWalkTime":25346,"runStep":0,"walkStep":38},{"distance":123.73,"mCalorie":6.07,"mOthersTime":0,"mRunTime":2400,"mStartTime":38400000,"mTimeUnit":600000,"mWalkTime":103385,"runStep":6,"walkStep":155},{"distance":54.809998,"mCalorie":2.8,"mOthersTime":0,"mRunTime":0,"mStartTime":39000000,"mTimeUnit":600000,"mWalkTime":49358,"runStep":0,"walkStep":74},{"distance":9.36,"mCalorie":0.46,"mOthersTime":0,"mRunTime":0,"mStartTime":39600000,"mTimeUnit":600000,"mWalkTime":8671,"runStep":0,"walkStep":13},{"distance":120.541,"mCalorie":6.5599995,"mOthersTime":0,"mRunTime":0,"mStartTime":40200000,"mTimeUnit":600000,"mWalkTime":110722,"runStep":0,"walkStep":166},{"distance":42.94437,"mCalorie":26.997347,"mOthersTime":230961,"mRunTime":0,"mStartTime":40800000,"mTimeUnit":600000,"mWalkTime":39753,"runStep":0,"walkStep":334},{"distance":10.0,"mCalorie":39.781147,"mOthersTime":369039,"mRunTime":0,"mStartTime":41400000,"mTimeUnit":600000,"mWalkTime":9338,"runStep":0,"walkStep":479},{"distance":32.93,"mCalorie":1.55,"mOthersTime":0,"mRunTime":0,"mStartTime":42000000,"mTimeUnit":600000,"mWalkTime":26680,"runStep":0,"walkStep":40},{"distance":206.54001,"mCalorie":10.86,"mOthersTime":0,"mRunTime":0,"mStartTime":42600000,"mTimeUnit":600000,"mWalkTime":173390,"runStep":0,"walkStep":276},{"distance":14.54,"mCalorie":0.95,"mOthersTime":0,"mRunTime":1600,"mStartTime":43200000,"mTimeUnit":600000,"mWalkTime":8004,"runStep":4,"walkStep":12},{"distance":54.5,"mCalorie":2.78,"mOthersTime":0,"mRunTime":0,"mStartTime":43800000,"mTimeUnit":600000,"mWalkTime":48691,"runStep":0,"walkStep":73},{"distance":183.90901,"mCalorie":8.7699995,"mOthersTime":0,"mRunTime":0,"mStartTime":44400000,"mTimeUnit":600000,"mWalkTime":164749,"runStep":0,"walkStep":247},{"distance":314.441,"mCalorie":15.66,"mOthersTime":0,"mRunTime":0,"mStartTime":45000000,"mTimeUnit":600000,"mWalkTime":241364,"runStep":0,"walkStep":415},{"distance":603.01,"mCalorie":30.26,"mOthersTime":0,"mRunTime":0,"mStartTime":45600000,"mTimeUnit":600000,"mWalkTime":476725,"runStep":0,"walkStep":806},{"distance":10.62,"mCalorie":0.58,"mOthersTime":0,"mRunTime":0,"mStartTime":46200000,"mTimeUnit":600000,"mWalkTime":10005,"runStep":0,"walkStep":15},{"distance":78.84,"mCalorie":4.14,"mOthersTime":0,"mRunTime":0,"mStartTime":46800000,"mTimeUnit":600000,"mWalkTime":72036,"runStep":0,"walkStep":108},{"distance":65.789,"mCalorie":3.47,"mOthersTime":0,"mRunTime":400,"mStartTime":47400000,"mTimeUnit":600000,"mWalkTime":60030,"runStep":1,"walkStep":90},{"distance":19.92,"mCalorie":1.01,"mOthersTime":0,"mRunTime":0,"mStartTime":48000000,"mTimeUnit":600000,"mWalkTime":18676,"runStep":0,"walkStep":28},{"distance":13.32,"mCalorie":0.73,"mOthersTime":0,"mRunTime":400,"mStartTime":48600000,"mTimeUnit":600000,"mWalkTime":8671,"runStep":1,"walkStep":13},{"distance":439.71777,"mCalorie":26.385193,"mOthersTime":0,"mRunTime":0,"mStartTime":49800000,"mTimeUnit":600000,"mWalkTime":352358,"runStep":0,"walkStep":612},{"distance":779.1688,"mCalorie":49.58311,"mOthersTime":0,"mRunTime":0,"mStartTime":50400000,"mTimeUnit":600000,"mWalkTime":600000,"runStep":0,"walkStep":1106},{"distance":578.683,"mCalorie":36.548218,"mOthersTime":0,"mRunTime":0,"mStartTime":51000000,"mTimeUnit":600000,"mWalkTime":449679,"runStep":0,"walkStep":714},{"distance":94.759,"mCalorie":5.32,"mOthersTime":0,"mRunTime":3600,"mStartTime":51600000,"mTimeUnit":600000,"mWalkTime":80707,"runStep":9,"walkStep":121},{"distance":28.66,"mCalorie":1.5799999,"mOthersTime":0,"mRunTime":0,"mStartTime":54600000,"mTimeUnit":600000,"mWalkTime":24679,"runStep":0,"walkStep":37},{"distance":25.35,"mCalorie":1.24,"mOthersTime":0,"mRunTime":0,"mStartTime":55200000,"mTimeUnit":600000,"mWalkTime":23345,"runStep":0,"walkStep":35},{"distance":40.38,"mCalorie":2.06,"mOthersTime":0,"mRunTime":0,"mStartTime":55800000,"mTimeUnit":600000,"mWalkTime":36685,"runStep":0,"walkStep":55},{"distance":111.31,"mCalorie":6.3399997,"mOthersTime":0,"mRunTime":0,"mStartTime":56400000,"mTimeUnit":600000,"mWalkTime":114724,"runStep":0,"walkStep":172},{"distance":265.621,"mCalorie":16.26,"mOthersTime":0,"mRunTime":0,"mStartTime":57600000,"mTimeUnit":600000,"mWalkTime":229388,"runStep":0,"walkStep":368},{"distance":236.29999,"mCalorie":12.3,"mOthersTime":0,"mRunTime":0,"mStartTime":60600000,"mTimeUnit":600000,"mWalkTime":206740,"runStep":0,"walkStep":317},{"distance":247.57901,"mCalorie":12.32,"mOthersTime":0,"mRunTime":0,"mStartTime":61200000,"mTimeUnit":600000,"mWalkTime":195341,"runStep":0,"walkStep":340},{"distance":119.29999,"mCalorie":6.3199997,"mOthersTime":0,"mRunTime":0,"mStartTime":61800000,"mTimeUnit":600000,"mWalkTime":101354,"runStep":0,"walkStep":162},{"distance":90.029,"mCalorie":4.8500004,"mOthersTime":0,"mRunTime":400,"mStartTime":63600000,"mTimeUnit":600000,"mWalkTime":80040,"runStep":1,"walkStep":120},{"distance":87.47,"mCalorie":4.1800003,"mOthersTime":0,"mRunTime":0,"mStartTime":64200000,"mTimeUnit":600000,"mWalkTime":78039,"runStep":0,"walkStep":117},{"distance":109.75,"mCalorie":5.53,"mOthersTime":0,"mRunTime":0,"mStartTime":64800000,"mTimeUnit":600000,"mWalkTime":98049,"runStep":0,"walkStep":147},{"distance":7.61,"mCalorie":0.32,"mOthersTime":0,"mRunTime":0,"mStartTime":66000000,"mTimeUnit":600000,"mWalkTime":6670,"runStep":0,"walkStep":10},{"distance":39.98,"mCalorie":2.0900002,"mOthersTime":0,"mRunTime":2400,"mStartTime":66600000,"mTimeUnit":600000,"mWalkTime":29348,"runStep":6,"walkStep":44},{"distance":12.93,"mCalorie":0.78,"mOthersTime":0,"mRunTime":0,"mStartTime":68400000,"mTimeUnit":600000,"mWalkTime":12673,"runStep":0,"walkStep":19},{"distance":12.71,"mCalorie":0.7,"mOthersTime":0,"mRunTime":0,"mStartTime":69600000,"mTimeUnit":600000,"mWalkTime":12006,"runStep":0,"walkStep":18},{"distance":21.7,"mCalorie":1.04,"mOthersTime":0,"mRunTime":0,"mStartTime":70200000,"mTimeUnit":600000,"mWalkTime":19343,"runStep":0,"walkStep":29},{"distance":87.53999,"mCalorie":4.36,"mOthersTime":0,"mRunTime":0,"mStartTime":72000000,"mTimeUnit":600000,"mWalkTime":80707,"runStep":0,"walkStep":121},{"distance":8.25,"mCalorie":0.23,"mOthersTime":0,"mRunTime":0,"mStartTime":72600000,"mTimeUnit":600000,"mWalkTime":6670,"runStep":0,"walkStep":10},{"distance":67.100006,"mCalorie":3.45,"mOthersTime":0,"mRunTime":0,"mStartTime":73800000,"mTimeUnit":600000,"mWalkTime":61364,"runStep":0,"walkStep":92},{"distance":14.46,"mCalorie":0.72,"mOthersTime":0,"mRunTime":0,"mStartTime":74400000,"mTimeUnit":600000,"mWalkTime":13340,"runStep":0,"walkStep":20},{"distance":61.85,"mCalorie":3.27,"mOthersTime":0,"mRunTime":0,"mStartTime":75000000,"mTimeUnit":600000,"mWalkTime":51359,"runStep":0,"walkStep":77},{"distance":26.39,"mCalorie":1.38,"mOthersTime":0,"mRunTime":0,"mStartTime":75600000,"mTimeUnit":600000,"mWalkTime":24012,"runStep":0,"walkStep":36},{"distance":14.12,"mCalorie":0.76,"mOthersTime":0,"mRunTime":0,"mStartTime":76200000,"mTimeUnit":600000,"mWalkTime":13340,"runStep":0,"walkStep":20},{"distance":29.720001,"mCalorie":1.48,"mOthersTime":0,"mRunTime":0,"mStartTime":77400000,"mTimeUnit":600000,"mWalkTime":27347,"runStep":0,"walkStep":41},{"distance":130.86,"mCalorie":7.02,"mOthersTime":0,"mRunTime":0,"mStartTime":78000000,"mTimeUnit":600000,"mWalkTime":135401,"runStep":0,"walkStep":203},{"distance":431.05002,"mCalorie":22.23,"mOthersTime":0,"mRunTime":0,"mStartTime":78600000,"mTimeUnit":600000,"mWalkTime":364032,"runStep":0,"walkStep":593},{"distance":81.92,"mCalorie":4.1,"mOthersTime":0,"mRunTime":0,"mStartTime":79200000,"mTimeUnit":600000,"mWalkTime":73370,"runStep":0,"walkStep":110},{"distance":20.81,"mCalorie":1.14,"mOthersTime":0,"mRunTime":0,"mStartTime":79800000,"mTimeUnit":600000,"mWalkTime":20010,"runStep":0,"walkStep":30},{"distance":35.34,"mCalorie":1.6700001,"mOthersTime":0,"mRunTime":0,"mStartTime":81600000,"mTimeUnit":600000,"mWalkTime":31349,"runStep":0,"walkStep":47},{"distance":391.79,"mCalorie":20.64,"mOthersTime":0,"mRunTime":0,"mStartTime":82200000,"mTimeUnit":600000,"mWalkTime":305366,"runStep":0,"walkStep":532},{"distance":91.04,"mCalorie":4.69,"mOthersTime":0,"mRunTime":2800,"mStartTime":82800000,"mTimeUnit":600000,"mWalkTime":75371,"runStep":7,"walkStep":113},{"distance":38.878998,"mCalorie":2.0,"mOthersTime":0,"mRunTime":0,"mStartTime":83400000,"mTimeUnit":600000,"mWalkTime":36018,"runStep":0,"walkStep":54}],"version":1}