{"mActivityList":[{"mActiveTime":664480,"mActiveTimeType":2,"mCalorie":101.67,"mCategory":204,"mDetailInfoId":"545e019b-57a5-376f-480c-636fe9beb169","mDistance":0.0,"mDuration":664480,"mEndTime":36673601,"mStartTime":36009121,"mType":11007},{"mActiveTime":1007520,"mActiveTimeType":2,"mCalorie":162.28,"mCategory":204,"mDetailInfoId":"1024baa4-69b2-b815-cba4-3c981edf599b","mDistance":0.0,"mDuration":1007520,"mEndTime":52651645,"mStartTime":51644125,"mType":11007},{"mActiveTime":1253280,"mActiveTimeType":2,"mCalorie":175.45,"mCategory":204,"mDetailInfoId":"7222f492-d5ad-b4cb-8998-8b1550aa4d7a","mDistance":0.0,"mDuration":1253280,"mEndTime":56349328,"mStartTime":55096048,"mType":11007},{"mActiveTime":1299360,"mActiveTimeType":2,"mCalorie":213.98,"mCategory":204,"mDetailInfoId":"2d2b6096-965d-1da1-2144-602192a6080e","mDistance":0.0,"mDuration":1299360,"mEndTime":58137219,"mStartTime":56837859,"mType":11007}],"mAdaptiveGoal":0,"mIsGoalAchieved":true,"mIsMostActiveAchieved":true,"mMostActiveMinutes":103,"mStreakDayCount":0,"mUnitDataList":[{"distance":10.43,"mCalorie":0.53,"mOthersTime":0,"mRunTime":0,"mStartTime":8400000,"mTimeUnit":600000,"mWalkTime":10005,"runStep":0,"walkStep":15},{"distance":12.131,"mCalorie":0.49,"mOthersTime":0,"mRunTime":0,"mStartTime":16800000,"mTimeUnit":600000,"mWalkTime":10672,"runStep":0,"walkStep":16},{"distance":32.71,"mCalorie":1.56,"mOthersTime":0,"mRunTime":0,"mStartTime":20400000,"mTimeUnit":600000,"mWalkTime":30015,"runStep":0,"walkStep":45},{"distance":9.48,"mCalorie":0.58,"mOthersTime":0,"mRunTime":0,"mStartTime":21000000,"mTimeUnit":600000,"mWalkTime":9338,"runStep":0,"walkStep":14},{"distance":28.969002,"mCalorie":1.37,"mOthersTime":0,"mRunTime":0,"mStartTime":21600000,"mTimeUnit":600000,"mWalkTime":26013,"runStep":0,"walkStep":39},{"distance":26.76,"mCalorie":1.51,"mOthersTime":0,"mRunTime":0,"mStartTime":32400000,"mTimeUnit":600000,"mWalkTime":23345,"runStep":0,"walkStep":35},{"distance":46.719,"mCalorie":2.29,"mOthersTime":0,"mRunTime":0,"mStartTime":33000000,"mTimeUnit":600000,"mWalkTime":42688,"runStep":0,"walkStep":64},{"distance":13.4,"mCalorie":0.68,"mOthersTime":0,"mRunTime":0,"mStartTime":33600000,"mTimeUnit":600000,"mWalkTime":12006,"runStep":0,"walkStep":18},{"distance":34.75,"mCalorie":1.77,"mOthersTime":0,"mRunTime":0,"mStartTime":34800000,"mTimeUnit":600000,"mWalkTime":30682,"runStep":0,"walkStep":46},{"distance":29.15,"mCalorie":1.37,"mOthersTime":0,"mRunTime":0,"mStartTime":35400000,"mTimeUnit":600000,"mWalkTime":26013,"runStep":0,"walkStep":39},{"distance":0.0,"mCalorie":90.40854,"mOthersTime":590879,"mRunTime":0,"mStartTime":36000000,"mTimeUnit":600000,"mWalkTime":0,"runStep":0,"walkStep":0},{"distance":0.0,"mCalorie":11.261458,"mOthersTime":73601,"mRunTime":0,"mStartTime":36600000,"mTimeUnit":600000,"mWalkTime":0,"runStep":0,"walkStep":0},{"distance":124.81,"mCalorie":5.85,"mOthersTime":0,"mRunTime":0,"mStartTime":37200000,"mTimeUnit":600000,"mWalkTime":108721,"runStep":0,"walkStep":163},{"distance":38.358,"mCalorie":1.9699999,"mOthersTime":0,"mRunTime":0,"mStartTime":37800000,"mTimeUnit":600000,"mWalkTime":36018,"runStep":0,"walkStep":54},{"distance":9.75,"mCalorie":0.41,"mOthersTime":0,"mRunTime":0,"mStartTime":40200000,"mTimeUnit":600000,"mWalkTime":8671,"runStep":0,"walkStep":13},{"distance":11.291,"mCalorie":0.56,"mOthersTime":0,"mRunTime":0,"mStartTime":40800000,"mTimeUnit":600000,"mWalkTime":10672,"runStep":0,"walkStep":16},{"distance":7.57,"mCalorie":0.35,"mOthersTime":0,"mRunTime":0,"mStartTime":41400000,"mTimeUnit":600000,"mWalkTime":6670,"runStep":0,"walkStep":10},{"distance":9.49,"mCalorie":0.4,"mOthersTime":0,"mRunTime":0,"mStartTime":42000000,"mTimeUnit":600000,"mWalkTime":8004,"runStep":0,"walkStep":12},{"distance":33.351,"mCalorie":1.7,"mOthersTime":0,"mRunTime":0,"mStartTime":42600000,"mTimeUnit":600000,"mWalkTime":31349,"runStep":0,"walkStep":47},{"distance":10.9,"mCalorie":0.59,"mOthersTime":0,"mRunTime":0,"mStartTime":43800000,"mTimeUnit":600000,"mWalkTime":10005,"runStep":0,"walkStep":15},{"distance":10.27,"mCalorie":0.46,"mOthersTime":0,"mRunTime":0,"mStartTime":44400000,"mTimeUnit":600000,"mWalkTime":9338,"runStep":0,"walkStep":14},{"distance":8.8,"mCalorie":0.51,"mOthersTime":0,"mRunTime":0,"mStartTime":46200000,"mTimeUnit":600000,"mWalkTime":8671,"runStep":0,"walkStep":13},{"distance":19.01,"mCalorie":0.90999997,"mOthersTime":0,"mRunTime":0,"mStartTime":47400000,"mTimeUnit":600000,"mWalkTime":16675,"runStep":0,"walkStep":25},{"distance":24.94,"mCalorie":1.26,"mOthersTime":0,"mRunTime":0,"mStartTime":49200000,"mTimeUnit":600000,"mWalkTime":23345,"runStep":0,"walkStep":35},{"distance":22.61,"mCalorie":1.2,"mOthersTime":0,"mRunTime":800,"mStartTime":49800000,"mTimeUnit":600000,"mWalkTime":17342,"runStep":2,"walkStep":26},{"distance":33.91,"mCalorie":1.6600001,"mOthersTime":0,"mRunTime":0,"mStartTime":50400000,"mTimeUnit":600000,"mWalkTime":30015,"runStep":0,"walkStep":45},{"distance":148.47899,"mCalorie":8.450001,"mOthersTime":0,"mRunTime":7200,"mStartTime":51000000,"mTimeUnit":600000,"mWalkTime":121394,"runStep":18,"walkStep":182},{"distance":24.754124,"mCalorie":91.21085,"mOthersTime":555875,"mRunTime":0,"mStartTime":51600000,"mTimeUnit":600000,"mWalkTime":23545,"runStep":0,"walkStep":585},{"distance":57.23519,"mCalorie":75.426506,"mOthersTime":451645,"mRunTime":0,"mStartTime":52200000,"mTimeUnit":600000,"mWalkTime":50920,"runStep":14,"walkStep":257},{"distance":4.21,"mCalorie":0.22,"mOthersTime":0,"mRunTime":0,"mStartTime":52800000,"mTimeUnit":600000,"mWalkTime":4002,"runStep":0,"walkStep":6},{"distance":24.8,"mCalorie":1.02,"mOthersTime":0,"mRunTime":0,"mStartTime":53400000,"mTimeUnit":600000,"mWalkTime":21344,"runStep":0,"walkStep":32},{"distance":54.177902,"mCalorie":17.280201,"mOthersTime":103952,"mRunTime":0,"mStartTime":54600000,"mTimeUnit":600000,"mWalkTime":48830,"runStep":0,"walkStep":82},{"distance":0.0,"mCalorie":83.99559,"mOthersTime":600000,"mRunTime":0,"mStartTime":55200000,"mTimeUnit":600000,"mWalkTime":0,"runStep":36,"walkStep":488},{"distance":9.602344,"mCalorie":77.40861,"mOthersTime":549328,"mRunTime":0,"mStartTime":55800000,"mTimeUnit":600000,"mWalkTime":9012,"runStep":0,"walkStep":414},{"distance":4.9409904,"mCalorie":26.94265,"mOthersTime":162141,"mRunTime":0,"mStartTime":56400000,"mTimeUnit":600000,"mWalkTime":4367,"runStep":0,"walkStep":54},{"distance":0.0,"mCalorie":98.80864,"mOthersTime":600000,"mRunTime":0,"mStartTime":57000000,"mTimeUnit":600000,"mWalkTime":0,"runStep":0,"walkStep":493},{"distance":0.0,"mCalorie":88.4698,"mOthersTime":537219,"mRunTime":0,"mStartTime":57600000,"mTimeUnit":600000,"mWalkTime":0,"runStep":0,"walkStep":532},{"distance":44.35,"mCalorie":2.16,"mOthersTime":0,"mRunTime":0,"mStartTime":58200000,"mTimeUnit":600000,"mWalkTime":40020,"runStep":0,"walkStep":60},{"distance":12.49,"mCalorie":0.55,"mOthersTime":0,"mRunTime":0,"mStartTime":59400000,"mTimeUnit":600000,"mWalkTime":10672,"runStep":0,"walkStep":16},{"distance":15.18,"mCalorie":0.8,"mOthersTime":0,"mRunTime":0,"mStartTime":61800000,"mTimeUnit":600000,"mWalkTime":14007,"runStep":0,"walkStep":21},{"distance":15.94,"mCalorie":0.82,"mOthersTime":0,"mRunTime":0,"mStartTime":69000000,"mTimeUnit":600000,"mWalkTime":14674,"runStep":0,"walkStep":22},{"distance":593.60004,"mCalorie":31.810001,"mOthersTime":0,"mRunTime":0,"mStartTime":69600000,"mTimeUnit":600000,"mWalkTime":473390,"runStep":0,"walkStep":794},{"distance":113.47,"mCalorie":5.7999997,"mOthersTime":0,"mRunTime":3919,"mStartTime":70200000,"mTimeUnit":600000,"mWalkTime":74757,"runStep":12,"walkStep":131},{"distance":598.99994,"mCalorie":31.829998,"mOthersTime":0,"mRunTime":0,"mStartTime":70800000,"mTimeUnit":600000,"mWalkTime":482728,"runStep":0,"walkStep":802},{"distance":54.98,"mCalorie":3.13,"mOthersTime":0,"mRunTime":0,"mStartTime":71400000,"mTimeUnit":600000,"mWalkTime":54027,"runStep":0,"walkStep":81},{"distance":5.91,"mCalorie":0.28,"mOthersTime":0,"mRunTime":0,"mStartTime":72000000,"mTimeUnit":600000,"mWalkTime":5336,"runStep":0,"walkStep":8},{"distance":18.4,"mCalorie":0.94,"mOthersTime":0,"mRunTime":0,"mStartTime":73200000,"mTimeUnit":600000,"mWalkTime":16675,"runStep":0,"walkStep":25}],"version":1}