{"mActivityList":[{"mActiveTime":2993299,"mActiveTimeType":0,"mCalorie":282.0,"mCategory":204,"mDetailInfoId":"a934e41c-d928-3f3a-3541-621707163922","mDistance":3481.469,"mDuration":2993299,"mEndTime":40981758,"mStartTime":37988459,"mType":1001},{"mActiveTime":801262,"mActiveTimeType":0,"mCalorie":55.0,"mCategory":204,"mDetailInfoId":"130d2be6-05ae-976a-0fb0-1e936ec9d72a","mDistance":807.258,"mDuration":801262,"mEndTime":52515990,"mStartTime":51714728,"mType":1001}],"mAdaptiveGoal":0,"mIsGoalAchieved":false,"mIsMostActiveAchieved":false,"mMostActiveMinutes":0,"mStreakDayCount":0,"mUnitDataList":[{"distance":38.980003,"mCalorie":2.1399999,"mOthersTime":0,"mRunTime":1600,"mStartTime":5400000,"mTimeUnit":600000,"mWalkTime":30682,"runStep":4,"walkStep":46},{"distance":9.26,"mCalorie":0.58,"mOthersTime":0,"mRunTime":400,"mStartTime":12600000,"mTimeUnit":600000,"mWalkTime":6670,"runStep":1,"walkStep":10},{"distance":51.91,"mCalorie":3.0499997,"mOthersTime":0,"mRunTime":2000,"mStartTime":15000000,"mTimeUnit":600000,"mWalkTime":39353,"runStep":5,"walkStep":59},{"distance":40.120003,"mCalorie":2.03,"mOthersTime":0,"mRunTime":0,"mStartTime":20400000,"mTimeUnit":600000,"mWalkTime":36685,"runStep":0,"walkStep":55},{"distance":14.38,"mCalorie":0.89,"mOthersTime":0,"mRunTime":0,"mStartTime":21000000,"mTimeUnit":600000,"mWalkTime":12673,"runStep":0,"walkStep":19},{"distance":35.551,"mCalorie":1.72,"mOthersTime":0,"mRunTime":0,"mStartTime":21600000,"mTimeUnit":600000,"mWalkTime":32016,"runStep":0,"walkStep":48},{"distance":15.32,"mCalorie":0.74,"mOthersTime":0,"mRunTime":0,"mStartTime":32400000,"mTimeUnit":600000,"mWalkTime":14007,"runStep":0,"walkStep":21},{"distance":58.32,"mCalorie":2.8,"mOthersTime":0,"mRunTime":0,"mStartTime":33000000,"mTimeUnit":600000,"mWalkTime":51359,"runStep":0,"walkStep":77},{"distance":56.510998,"mCalorie":2.8200002,"mOthersTime":0,"mRunTime":800,"mStartTime":37200000,"mTimeUnit":600000,"mWalkTime":47357,"runStep":2,"walkStep":71},{"distance":495.9833,"mCalorie":39.768898,"mOthersTime":0,"mRunTime":0,"mStartTime":37800000,"mTimeUnit":600000,"mWalkTime":430017,"runStep":0,"walkStep":534},{"distance":697.8526,"mCalorie":56.52626,"mOthersTime":0,"mRunTime":0,"mStartTime":38400000,"mTimeUnit":600000,"mWalkTime":600000,"runStep":0,"walkStep":1011},{"distance":697.8526,"mCalorie":56.52626,"mOthersTime":0,"mRunTime":0,"mStartTime":39000000,"mTimeUnit":600000,"mWalkTime":600000,"runStep":0,"walkStep":1038},{"distance":697.8526,"mCalorie":56.52626,"mOthersTime":0,"mRunTime":0,"mStartTime":39600000,"mTimeUnit":600000,"mWalkTime":600000,"runStep":0,"walkStep":989},{"distance":697.8526,"mCalorie":56.52626,"mOthersTime":0,"mRunTime":0,"mStartTime":40200000,"mTimeUnit":600000,"mWalkTime":600000,"runStep":0,"walkStep":954},{"distance":219.38048,"mCalorie":17.4235,"mOthersTime":0,"mRunTime":0,"mStartTime":40800000,"mTimeUnit":600000,"mWalkTime":188428,"runStep":0,"walkStep":220},{"distance":8.05,"mCalorie":0.34,"mOthersTime":0,"mRunTime":0,"mStartTime":43800000,"mTimeUnit":600000,"mWalkTime":6670,"runStep":0,"walkStep":10},{"distance":17.08,"mCalorie":0.8,"mOthersTime":0,"mRunTime":0,"mStartTime":44400000,"mTimeUnit":600000,"mWalkTime":15341,"runStep":0,"walkStep":23},{"distance":95.99,"mCalorie":4.98,"mOthersTime":0,"mRunTime":3600,"mStartTime":49200000,"mTimeUnit":600000,"mWalkTime":80040,"runStep":9,"walkStep":120},{"distance":87.44,"mCalorie":4.47,"mOthersTime":0,"mRunTime":0,"mStartTime":49800000,"mTimeUnit":600000,"mWalkTime":84709,"runStep":0,"walkStep":127},{"distance":6.85,"mCalorie":0.36,"mOthersTime":0,"mRunTime":0,"mStartTime":50400000,"mTimeUnit":600000,"mWalkTime":6670,"runStep":0,"walkStep":10},{"distance":8.17,"mCalorie":0.38,"mOthersTime":0,"mRunTime":0,"mStartTime":51000000,"mTimeUnit":600000,"mWalkTime":6670,"runStep":0,"walkStep":10},{"distance":515.9017,"mCalorie":34.550407,"mOthersTime":0,"mRunTime":0,"mStartTime":51600000,"mTimeUnit":600000,"mWalkTime":509607,"runStep":0,"walkStep":724},{"distance":318.3546,"mCalorie":21.690098,"mOthersTime":0,"mRunTime":0,"mStartTime":52200000,"mTimeUnit":600000,"mWalkTime":315990,"runStep":0,"walkStep":372},{"distance":70.498,"mCalorie":3.3000002,"mOthersTime":0,"mRunTime":0,"mStartTime":55800000,"mTimeUnit":600000,"mWalkTime":63365,"runStep":0,"walkStep":95},{"distance":224.53,"mCalorie":10.540001,"mOthersTime":0,"mRunTime":0,"mStartTime":57000000,"mTimeUnit":600000,"mWalkTime":182001,"runStep":0,"walkStep":306},{"distance":44.69,"mCalorie":2.16,"mOthersTime":0,"mRunTime":0,"mStartTime":57600000,"mTimeUnit":600000,"mWalkTime":40687,"runStep":0,"walkStep":61},{"distance":270.86,"mCalorie":12.89,"mOthersTime":0,"mRunTime":0,"mStartTime":59400000,"mTimeUnit":600000,"mWalkTime":226690,"runStep":0,"walkStep":368},{"distance":23.46,"mCalorie":1.15,"mOthersTime":0,"mRunTime":0,"mStartTime":60000000,"mTimeUnit":600000,"mWalkTime":21344,"runStep":0,"walkStep":32},{"distance":107.64,"mCalorie":5.13,"mOthersTime":0,"mRunTime":0,"mStartTime":60600000,"mTimeUnit":600000,"mWalkTime":95381,"runStep":0,"walkStep":143},{"distance":9.41,"mCalorie":0.49,"mOthersTime":0,"mRunTime":0,"mStartTime":65400000,"mTimeUnit":600000,"mWalkTime":7337,"runStep":0,"walkStep":11},{"distance":26.14,"mCalorie":1.29,"mOthersTime":0,"mRunTime":0,"mStartTime":66000000,"mTimeUnit":600000,"mWalkTime":24012,"runStep":0,"walkStep":36},{"distance":9.21,"mCalorie":0.5,"mOthersTime":0,"mRunTime":0,"mStartTime":67800000,"mTimeUnit":600000,"mWalkTime":8671,"runStep":0,"walkStep":13},{"distance":32.401,"mCalorie":1.55,"mOthersTime":0,"mRunTime":400,"mStartTime":68400000,"mTimeUnit":600000,"mWalkTime":24679,"runStep":1,"walkStep":37},{"distance":28.050001,"mCalorie":1.37,"mOthersTime":0,"mRunTime":0,"mStartTime":71400000,"mTimeUnit":600000,"mWalkTime":24012,"runStep":0,"walkStep":36},{"distance":26.96,"mCalorie":1.14,"mOthersTime":0,"mRunTime":0,"mStartTime":72000000,"mTimeUnit":600000,"mWalkTime":23345,"runStep":0,"walkStep":35},{"distance":16.220001,"mCalorie":0.94,"mOthersTime":0,"mRunTime":0,"mStartTime":72600000,"mTimeUnit":600000,"mWalkTime":15341,"runStep":0,"walkStep":23},{"distance":8.33,"mCalorie":0.43,"mOthersTime":0,"mRunTime":0,"mStartTime":73800000,"mTimeUnit":600000,"mWalkTime":8004,"runStep":0,"walkStep":12},{"distance":12.64,"mCalorie":0.59,"mOthersTime":0,"mRunTime":0,"mStartTime":77400000,"mTimeUnit":600000,"mWalkTime":11339,"runStep":0,"walkStep":17},{"distance":22.49,"mCalorie":0.96,"mOthersTime":0,"mRunTime":0,"mStartTime":79200000,"mTimeUnit":600000,"mWalkTime":18676,"runStep":0,"walkStep":28},{"distance":11.05,"mCalorie":0.71,"mOthersTime":0,"mRunTime":0,"mStartTime":79800000,"mTimeUnit":600000,"mWalkTime":10005,"runStep":0,"walkStep":15},{"distance":45.079998,"mCalorie":2.5,"mOthersTime":0,"mRunTime":0,"mStartTime":82200000,"mTimeUnit":600000,"mWalkTime":41354,"runStep":0,"walkStep":62}],"version":1}