{"mAdaptiveGoal":0,"mIsGoalAchieved":false,"mIsMostActiveAchieved":false,"mMostActiveMinutes":0,"mStreakDayCount":0,"mUnitDataList":[{"distance":19.98,"mCalorie":0.95000005,"mOthersTime":0,"mRunTime":400,"mStartTime":2400000,"mTimeUnit":600000,"mWalkTime":14007,"runStep":1,"walkStep":21},{"distance":12.47,"mCalorie":0.56,"mOthersTime":0,"mRunTime":0,"mStartTime":18000000,"mTimeUnit":600000,"mWalkTime":10005,"runStep":0,"walkStep":15},{"distance":61.663998,"mCalorie":3.54,"mOthersTime":0,"mRunTime":8000,"mStartTime":21000000,"mTimeUnit":600000,"mWalkTime":30015,"runStep":20,"walkStep":45},{"distance":48.15,"mCalorie":2.38,"mOthersTime":0,"mRunTime":0,"mStartTime":21600000,"mTimeUnit":600000,"mWalkTime":44022,"runStep":0,"walkStep":66},{"distance":181.67,"mCalorie":8.56,"mOthersTime":0,"mRunTime":0,"mStartTime":22200000,"mTimeUnit":600000,"mWalkTime":158716,"runStep":0,"walkStep":244},{"distance":502.66696,"mCalorie":24.320002,"mOthersTime":0,"mRunTime":0,"mStartTime":22800000,"mTimeUnit":600000,"mWalkTime":404719,"runStep":0,"walkStep":679},{"distance":63.66,"mCalorie":2.93,"mOthersTime":0,"mRunTime":0,"mStartTime":24000000,"mTimeUnit":600000,"mWalkTime":56695,"runStep":0,"walkStep":85},{"distance":417.66995,"mCalorie":22.289999,"mOthersTime":0,"mRunTime":0,"mStartTime":24600000,"mTimeUnit":600000,"mWalkTime":342718,"runStep":0,"walkStep":582},{"distance":89.759995,"mCalorie":4.16,"mOthersTime":0,"mRunTime":0,"mStartTime":25200000,"mTimeUnit":600000,"mWalkTime":80707,"runStep":0,"walkStep":121},{"distance":96.56,"mCalorie":4.9700003,"mOthersTime":0,"mRunTime":0,"mStartTime":25800000,"mTimeUnit":600000,"mWalkTime":89378,"runStep":0,"walkStep":134},{"distance":68.42,"mCalorie":3.73,"mOthersTime":0,"mRunTime":0,"mStartTime":26400000,"mTimeUnit":600000,"mWalkTime":64699,"runStep":0,"walkStep":97},{"distance":12.19,"mCalorie":0.65,"mOthersTime":0,"mRunTime":0,"mStartTime":27000000,"mTimeUnit":600000,"mWalkTime":11339,"runStep":0,"walkStep":17},{"distance":8.0,"mCalorie":0.4,"mOthersTime":0,"mRunTime":0,"mStartTime":27600000,"mTimeUnit":600000,"mWalkTime":7337,"runStep":0,"walkStep":11},{"distance":73.83,"mCalorie":3.37,"mOthersTime":0,"mRunTime":0,"mStartTime":28800000,"mTimeUnit":600000,"mWalkTime":64699,"runStep":0,"walkStep":97},{"distance":38.129997,"mCalorie":2.53,"mOthersTime":0,"mRunTime":4400,"mStartTime":29400000,"mTimeUnit":600000,"mWalkTime":22678,"runStep":11,"walkStep":34},{"distance":10.08,"mCalorie":0.54,"mOthersTime":0,"mRunTime":0,"mStartTime":30600000,"mTimeUnit":600000,"mWalkTime":9338,"runStep":0,"walkStep":14},{"distance":30.29,"mCalorie":1.55,"mOthersTime":0,"mRunTime":0,"mStartTime":32400000,"mTimeUnit":600000,"mWalkTime":28014,"runStep":0,"walkStep":42},{"distance":60.47,"mCalorie":2.96,"mOthersTime":0,"mRunTime":0,"mStartTime":33000000,"mTimeUnit":600000,"mWalkTime":53360,"runStep":0,"walkStep":80},{"distance":225.31999,"mCalorie":11.889999,"mOthersTime":0,"mRunTime":2800,"mStartTime":33600000,"mTimeUnit":600000,"mWalkTime":194067,"runStep":7,"walkStep":308},{"distance":23.73,"mCalorie":1.14,"mOthersTime":0,"mRunTime":0,"mStartTime":34800000,"mTimeUnit":600000,"mWalkTime":21344,"runStep":0,"walkStep":32},{"distance":89.04099,"mCalorie":4.51,"mOthersTime":0,"mRunTime":1600,"mStartTime":36000000,"mTimeUnit":600000,"mWalkTime":76038,"runStep":4,"walkStep":114},{"distance":92.532,"mCalorie":4.689,"mOthersTime":0,"mRunTime":1600,"mStartTime":36600000,"mTimeUnit":600000,"mWalkTime":79373,"runStep":4,"walkStep":119},{"distance":29.77,"mCalorie":1.25,"mOthersTime":0,"mRunTime":0,"mStartTime":37200000,"mTimeUnit":600000,"mWalkTime":26013,"runStep":0,"walkStep":39},{"distance":118.04001,"mCalorie":5.4,"mOthersTime":0,"mRunTime":0,"mStartTime":37800000,"mTimeUnit":600000,"mWalkTime":103385,"runStep":0,"walkStep":155},{"distance":45.690002,"mCalorie":1.951,"mOthersTime":0,"mRunTime":0,"mStartTime":38400000,"mTimeUnit":600000,"mWalkTime":39353,"runStep":0,"walkStep":59},{"distance":150.72299,"mCalorie":7.0,"mOthersTime":0,"mRunTime":0,"mStartTime":39000000,"mTimeUnit":600000,"mWalkTime":130065,"runStep":0,"walkStep":195},{"distance":213.786,"mCalorie":10.719999,"mOthersTime":0,"mRunTime":3600,"mStartTime":39600000,"mTimeUnit":600000,"mWalkTime":182758,"runStep":9,"walkStep":274},{"distance":277.16702,"mCalorie":13.84,"mOthersTime":0,"mRunTime":2800,"mStartTime":40200000,"mTimeUnit":600000,"mWalkTime":241454,"runStep":7,"walkStep":362},{"distance":189.91,"mCalorie":10.45,"mOthersTime":0,"mRunTime":12000,"mStartTime":40800000,"mTimeUnit":600000,"mWalkTime":138736,"runStep":30,"walkStep":208},{"distance":74.39,"mCalorie":3.62,"mOthersTime":0,"mRunTime":400,"mStartTime":41400000,"mTimeUnit":600000,"mWalkTime":62698,"runStep":1,"walkStep":94},{"distance":70.12,"mCalorie":3.2000003,"mOthersTime":0,"mRunTime":0,"mStartTime":42000000,"mTimeUnit":600000,"mWalkTime":63365,"runStep":0,"walkStep":95},{"distance":88.961006,"mCalorie":5.26,"mOthersTime":0,"mRunTime":2000,"mStartTime":42600000,"mTimeUnit":600000,"mWalkTime":82708,"runStep":5,"walkStep":124},{"distance":34.1,"mCalorie":1.71,"mOthersTime":0,"mRunTime":0,"mStartTime":43200000,"mTimeUnit":600000,"mWalkTime":30682,"runStep":0,"walkStep":46},{"distance":224.673,"mCalorie":11.66,"mOthersTime":0,"mRunTime":0,"mStartTime":43800000,"mTimeUnit":600000,"mWalkTime":203405,"runStep":0,"walkStep":308},{"distance":170.73003,"mCalorie":8.47,"mOthersTime":0,"mRunTime":0,"mStartTime":44400000,"mTimeUnit":600000,"mWalkTime":155381,"runStep":0,"walkStep":237},{"distance":15.98,"mCalorie":0.82,"mOthersTime":0,"mRunTime":0,"mStartTime":45000000,"mTimeUnit":600000,"mWalkTime":14674,"runStep":0,"walkStep":22},{"distance":28.84,"mCalorie":1.48,"mOthersTime":0,"mRunTime":0,"mStartTime":46200000,"mTimeUnit":600000,"mWalkTime":26680,"runStep":0,"walkStep":40},{"distance":227.19998,"mCalorie":11.899999,"mOthersTime":0,"mRunTime":0,"mStartTime":46800000,"mTimeUnit":600000,"mWalkTime":208104,"runStep":0,"walkStep":312},{"distance":225.57999,"mCalorie":10.67,"mOthersTime":0,"mRunTime":0,"mStartTime":47400000,"mTimeUnit":600000,"mWalkTime":193370,"runStep":0,"walkStep":304},{"distance":64.48,"mCalorie":3.4299998,"mOthersTime":0,"mRunTime":0,"mStartTime":48000000,"mTimeUnit":600000,"mWalkTime":60030,"runStep":0,"walkStep":90},{"distance":43.4,"mCalorie":2.1100001,"mOthersTime":0,"mRunTime":0,"mStartTime":48600000,"mTimeUnit":600000,"mWalkTime":40020,"runStep":0,"walkStep":60},{"distance":35.47,"mCalorie":2.1399999,"mOthersTime":0,"mRunTime":1200,"mStartTime":49200000,"mTimeUnit":600000,"mWalkTime":28681,"runStep":3,"walkStep":43},{"distance":52.91,"mCalorie":2.65,"mOthersTime":0,"mRunTime":0,"mStartTime":49800000,"mTimeUnit":600000,"mWalkTime":48024,"runStep":0,"walkStep":72},{"distance":172.92001,"mCalorie":8.95,"mOthersTime":0,"mRunTime":0,"mStartTime":51600000,"mTimeUnit":600000,"mWalkTime":157412,"runStep":0,"walkStep":236},{"distance":50.14,"mCalorie":2.38,"mOthersTime":0,"mRunTime":0,"mStartTime":52200000,"mTimeUnit":600000,"mWalkTime":44689,"runStep":0,"walkStep":67},{"distance":250.62001,"mCalorie":12.9,"mOthersTime":0,"mRunTime":0,"mStartTime":52800000,"mTimeUnit":600000,"mWalkTime":230115,"runStep":0,"walkStep":345},{"distance":334.51,"mCalorie":16.949999,"mOthersTime":0,"mRunTime":0,"mStartTime":53400000,"mTimeUnit":600000,"mWalkTime":308154,"runStep":0,"walkStep":462},{"distance":317.81,"mCalorie":15.559999,"mOthersTime":0,"mRunTime":0,"mStartTime":54000000,"mTimeUnit":600000,"mWalkTime":282748,"runStep":0,"walkStep":428},{"distance":159.65001,"mCalorie":8.32,"mOthersTime":0,"mRunTime":0,"mStartTime":54600000,"mTimeUnit":600000,"mWalkTime":146740,"runStep":0,"walkStep":220},{"distance":42.26,"mCalorie":1.96,"mOthersTime":0,"mRunTime":0,"mStartTime":55200000,"mTimeUnit":600000,"mWalkTime":38686,"runStep":0,"walkStep":58},{"distance":146.01001,"mCalorie":8.76,"mOthersTime":0,"mRunTime":2400,"mStartTime":55800000,"mTimeUnit":600000,"mWalkTime":130732,"runStep":6,"walkStep":196},{"distance":53.993,"mCalorie":3.15,"mOthersTime":0,"mRunTime":4400,"mStartTime":56400000,"mTimeUnit":600000,"mWalkTime":40020,"runStep":11,"walkStep":60},{"distance":8.43,"mCalorie":0.38,"mOthersTime":0,"mRunTime":0,"mStartTime":57000000,"mTimeUnit":600000,"mWalkTime":7337,"runStep":0,"walkStep":11},{"distance":80.82,"mCalorie":3.89,"mOthersTime":0,"mRunTime":0,"mStartTime":57600000,"mTimeUnit":600000,"mWalkTime":72036,"runStep":0,"walkStep":108},{"distance":117.164,"mCalorie":6.2099996,"mOthersTime":0,"mRunTime":5200,"mStartTime":58200000,"mTimeUnit":600000,"mWalkTime":92046,"runStep":13,"walkStep":138},{"distance":76.369,"mCalorie":3.91,"mOthersTime":0,"mRunTime":0,"mStartTime":58800000,"mTimeUnit":600000,"mWalkTime":68701,"runStep":0,"walkStep":103},{"distance":19.79,"mCalorie":0.96000004,"mOthersTime":0,"mRunTime":0,"mStartTime":59400000,"mTimeUnit":600000,"mWalkTime":17342,"runStep":0,"walkStep":26},{"distance":20.849998,"mCalorie":1.04,"mOthersTime":0,"mRunTime":0,"mStartTime":60000000,"mTimeUnit":600000,"mWalkTime":18676,"runStep":0,"walkStep":28},{"distance":93.759,"mCalorie":4.71,"mOthersTime":0,"mRunTime":0,"mStartTime":60600000,"mTimeUnit":600000,"mWalkTime":84709,"runStep":0,"walkStep":127},{"distance":171.94,"mCalorie":9.280001,"mOthersTime":0,"mRunTime":2800,"mStartTime":61200000,"mTimeUnit":600000,"mWalkTime":152743,"runStep":7,"walkStep":229},{"distance":62.699997,"mCalorie":2.97,"mOthersTime":0,"mRunTime":0,"mStartTime":61800000,"mTimeUnit":600000,"mWalkTime":55361,"runStep":0,"walkStep":83},{"distance":14.22,"mCalorie":0.76,"mOthersTime":0,"mRunTime":0,"mStartTime":62400000,"mTimeUnit":600000,"mWalkTime":13340,"runStep":0,"walkStep":20},{"distance":11.61,"mCalorie":0.56,"mOthersTime":0,"mRunTime":0,"mStartTime":63000000,"mTimeUnit":600000,"mWalkTime":10672,"runStep":0,"walkStep":16},{"distance":27.53,"mCalorie":1.48,"mOthersTime":0,"mRunTime":3600,"mStartTime":63600000,"mTimeUnit":600000,"mWalkTime":9338,"runStep":9,"walkStep":14},{"distance":99.754,"mCalorie":4.5,"mOthersTime":0,"mRunTime":1200,"mStartTime":64200000,"mTimeUnit":600000,"mWalkTime":83375,"runStep":3,"walkStep":125},{"distance":15.45,"mCalorie":0.7,"mOthersTime":0,"mRunTime":0,"mStartTime":64800000,"mTimeUnit":600000,"mWalkTime":13340,"runStep":0,"walkStep":20},{"distance":15.421,"mCalorie":0.83,"mOthersTime":0,"mRunTime":0,"mStartTime":67800000,"mTimeUnit":600000,"mWalkTime":12006,"runStep":0,"walkStep":18},{"distance":27.150002,"mCalorie":1.3399999,"mOthersTime":0,"mRunTime":0,"mStartTime":68400000,"mTimeUnit":600000,"mWalkTime":24679,"runStep":0,"walkStep":37},{"distance":152.91199,"mCalorie":8.900001,"mOthersTime":0,"mRunTime":400,"mStartTime":69000000,"mTimeUnit":600000,"mWalkTime":150075,"runStep":1,"walkStep":225},{"distance":92.17,"mCalorie":4.8,"mOthersTime":0,"mRunTime":0,"mStartTime":69600000,"mTimeUnit":600000,"mWalkTime":84042,"runStep":0,"walkStep":126},{"distance":8.17,"mCalorie":0.43,"mOthersTime":0,"mRunTime":0,"mStartTime":70200000,"mTimeUnit":600000,"mWalkTime":8004,"runStep":0,"walkStep":12},{"distance":34.99,"mCalorie":1.86,"mOthersTime":0,"mRunTime":0,"mStartTime":72000000,"mTimeUnit":600000,"mWalkTime":32683,"runStep":0,"walkStep":49},{"distance":125.21001,"mCalorie":5.78,"mOthersTime":0,"mRunTime":400,"mStartTime":72600000,"mTimeUnit":600000,"mWalkTime":111389,"runStep":1,"walkStep":167},{"distance":104.95,"mCalorie":6.19,"mOthersTime":0,"mRunTime":0,"mStartTime":73200000,"mTimeUnit":600000,"mWalkTime":102051,"runStep":0,"walkStep":153},{"distance":59.449997,"mCalorie":3.0,"mOthersTime":0,"mRunTime":0,"mStartTime":76200000,"mTimeUnit":600000,"mWalkTime":53360,"runStep":0,"walkStep":80},{"distance":23.06,"mCalorie":1.1999999,"mOthersTime":0,"mRunTime":0,"mStartTime":76800000,"mTimeUnit":600000,"mWalkTime":21344,"runStep":0,"walkStep":32},{"distance":6.31,"mCalorie":0.34,"mOthersTime":0,"mRunTime":0,"mStartTime":79800000,"mTimeUnit":600000,"mWalkTime":6003,"runStep":0,"walkStep":9},{"distance":54.600998,"mCalorie":2.65,"mOthersTime":0,"mRunTime":0,"mStartTime":80400000,"mTimeUnit":600000,"mWalkTime":50025,"runStep":0,"walkStep":75}],"version":1}