{"mActivityList":[{"mActiveTime":625527,"mActiveTimeType":2,"mCalorie":71.0,"mCategory":204,"mDetailInfoId":"f29e8d16-0103-1428-a617-328d0e102c74","mDistance":0.0,"mDuration":625527,"mEndTime":42956191,"mStartTime":42330664,"mType":0}],"mAdaptiveGoal":0,"mIsGoalAchieved":false,"mIsMostActiveAchieved":false,"mMostActiveMinutes":0,"mStreakDayCount":0,"mUnitDataList":[{"distance":7.97,"mCalorie":0.42,"mOthersTime":0,"mRunTime":0,"mStartTime":6600000,"mTimeUnit":600000,"mWalkTime":6670,"runStep":0,"walkStep":10},{"distance":15.74,"mCalorie":0.71,"mOthersTime":0,"mRunTime":0,"mStartTime":19200000,"mTimeUnit":600000,"mWalkTime":13340,"runStep":0,"walkStep":20},{"distance":7.09,"mCalorie":0.37,"mOthersTime":0,"mRunTime":0,"mStartTime":22800000,"mTimeUnit":600000,"mWalkTime":6670,"runStep":0,"walkStep":10},{"distance":53.980003,"mCalorie":2.67,"mOthersTime":0,"mRunTime":400,"mStartTime":29400000,"mTimeUnit":600000,"mWalkTime":45356,"runStep":1,"walkStep":68},{"distance":14.48,"mCalorie":0.78,"mOthersTime":0,"mRunTime":0,"mStartTime":30000000,"mTimeUnit":600000,"mWalkTime":14007,"runStep":0,"walkStep":21},{"distance":8.87,"mCalorie":0.39,"mOthersTime":0,"mRunTime":0,"mStartTime":30600000,"mTimeUnit":600000,"mWalkTime":7337,"runStep":0,"walkStep":11},{"distance":21.28,"mCalorie":1.0699999,"mOthersTime":0,"mRunTime":0,"mStartTime":31200000,"mTimeUnit":600000,"mWalkTime":19343,"runStep":0,"walkStep":29},{"distance":52.97,"mCalorie":2.6,"mOthersTime":0,"mRunTime":0,"mStartTime":31800000,"mTimeUnit":600000,"mWalkTime":48691,"runStep":0,"walkStep":73},{"distance":13.27,"mCalorie":0.93,"mOthersTime":0,"mRunTime":2000,"mStartTime":32400000,"mTimeUnit":600000,"mWalkTime":6670,"runStep":5,"walkStep":10},{"distance":16.54,"mCalorie":0.76,"mOthersTime":0,"mRunTime":0,"mStartTime":33000000,"mTimeUnit":600000,"mWalkTime":14674,"runStep":0,"walkStep":22},{"distance":87.23,"mCalorie":4.39,"mOthersTime":0,"mRunTime":0,"mStartTime":33600000,"mTimeUnit":600000,"mWalkTime":76705,"runStep":0,"walkStep":115},{"distance":17.470001,"mCalorie":0.9,"mOthersTime":0,"mRunTime":0,"mStartTime":34200000,"mTimeUnit":600000,"mWalkTime":14007,"runStep":0,"walkStep":21},{"distance":10.36,"mCalorie":0.39,"mOthersTime":0,"mRunTime":0,"mStartTime":34800000,"mTimeUnit":600000,"mWalkTime":8671,"runStep":0,"walkStep":13},{"distance":48.14,"mCalorie":2.3899999,"mOthersTime":0,"mRunTime":0,"mStartTime":35400000,"mTimeUnit":600000,"mWalkTime":40020,"runStep":0,"walkStep":60},{"distance":17.12,"mCalorie":1.01,"mOthersTime":0,"mRunTime":0,"mStartTime":36000000,"mTimeUnit":600000,"mWalkTime":16675,"runStep":0,"walkStep":25},{"distance":10.26,"mCalorie":0.44,"mOthersTime":0,"mRunTime":0,"mStartTime":38400000,"mTimeUnit":600000,"mWalkTime":9338,"runStep":0,"walkStep":14},{"distance":12.93,"mCalorie":0.63,"mOthersTime":0,"mRunTime":0,"mStartTime":39000000,"mTimeUnit":600000,"mWalkTime":12006,"runStep":0,"walkStep":18},{"distance":220.47,"mCalorie":11.179999,"mOthersTime":0,"mRunTime":400,"mStartTime":39600000,"mTimeUnit":600000,"mWalkTime":192066,"runStep":1,"walkStep":306},{"distance":218.8,"mCalorie":10.22,"mOthersTime":0,"mRunTime":0,"mStartTime":40200000,"mTimeUnit":600000,"mWalkTime":184699,"runStep":0,"walkStep":295},{"distance":28.2,"mCalorie":1.3299999,"mOthersTime":0,"mRunTime":0,"mStartTime":40800000,"mTimeUnit":600000,"mWalkTime":24679,"runStep":0,"walkStep":37},{"distance":33.120003,"mCalorie":32.31079,"mOthersTime":269336,"mRunTime":0,"mStartTime":42000000,"mTimeUnit":600000,"mWalkTime":30682,"runStep":3,"walkStep":102},{"distance":34.66,"mCalorie":42.229206,"mOthersTime":356191,"mRunTime":0,"mStartTime":42600000,"mTimeUnit":600000,"mWalkTime":32683,"runStep":0,"walkStep":75},{"distance":127.34999,"mCalorie":6.7300005,"mOthersTime":0,"mRunTime":0,"mStartTime":43200000,"mTimeUnit":600000,"mWalkTime":121394,"runStep":0,"walkStep":182},{"distance":226.61,"mCalorie":12.780001,"mOthersTime":0,"mRunTime":0,"mStartTime":43800000,"mTimeUnit":600000,"mWalkTime":213440,"runStep":0,"walkStep":320},{"distance":55.850002,"mCalorie":2.9299998,"mOthersTime":0,"mRunTime":0,"mStartTime":44400000,"mTimeUnit":600000,"mWalkTime":52026,"runStep":0,"walkStep":78},{"distance":10.98,"mCalorie":0.47,"mOthersTime":0,"mRunTime":0,"mStartTime":45600000,"mTimeUnit":600000,"mWalkTime":9338,"runStep":0,"walkStep":14},{"distance":225.19,"mCalorie":11.91,"mOthersTime":0,"mRunTime":0,"mStartTime":46800000,"mTimeUnit":600000,"mWalkTime":197402,"runStep":0,"walkStep":309},{"distance":214.04001,"mCalorie":10.21,"mOthersTime":0,"mRunTime":0,"mStartTime":47400000,"mTimeUnit":600000,"mWalkTime":190762,"runStep":0,"walkStep":286},{"distance":28.380001,"mCalorie":1.44,"mOthersTime":0,"mRunTime":0,"mStartTime":48000000,"mTimeUnit":600000,"mWalkTime":26013,"runStep":0,"walkStep":39},{"distance":27.91,"mCalorie":1.4300001,"mOthersTime":0,"mRunTime":0,"mStartTime":48600000,"mTimeUnit":600000,"mWalkTime":25346,"runStep":0,"walkStep":38},{"distance":168.48999,"mCalorie":8.589999,"mOthersTime":0,"mRunTime":0,"mStartTime":49200000,"mTimeUnit":600000,"mWalkTime":154744,"runStep":0,"walkStep":232},{"distance":96.670006,"mCalorie":4.5499997,"mOthersTime":0,"mRunTime":400,"mStartTime":49800000,"mTimeUnit":600000,"mWalkTime":83375,"runStep":1,"walkStep":125},{"distance":9.07,"mCalorie":0.44,"mOthersTime":0,"mRunTime":0,"mStartTime":50400000,"mTimeUnit":600000,"mWalkTime":8004,"runStep":0,"walkStep":12},{"distance":43.879997,"mCalorie":2.48,"mOthersTime":0,"mRunTime":0,"mStartTime":53400000,"mTimeUnit":600000,"mWalkTime":39353,"runStep":0,"walkStep":59},{"distance":21.869999,"mCalorie":0.86,"mOthersTime":0,"mRunTime":0,"mStartTime":54000000,"mTimeUnit":600000,"mWalkTime":18009,"runStep":0,"walkStep":27},{"distance":9.41,"mCalorie":0.46,"mOthersTime":0,"mRunTime":0,"mStartTime":54600000,"mTimeUnit":600000,"mWalkTime":6670,"runStep":0,"walkStep":10},{"distance":80.57,"mCalorie":4.08,"mOthersTime":0,"mRunTime":1600,"mStartTime":55200000,"mTimeUnit":600000,"mWalkTime":62031,"runStep":4,"walkStep":93},{"distance":147.91,"mCalorie":7.52,"mOthersTime":0,"mRunTime":0,"mStartTime":55800000,"mTimeUnit":600000,"mWalkTime":134734,"runStep":0,"walkStep":202},{"distance":56.08,"mCalorie":2.9100003,"mOthersTime":0,"mRunTime":0,"mStartTime":59400000,"mTimeUnit":600000,"mWalkTime":51359,"runStep":0,"walkStep":77},{"distance":8.68,"mCalorie":0.34,"mOthersTime":0,"mRunTime":0,"mStartTime":60000000,"mTimeUnit":600000,"mWalkTime":7337,"runStep":0,"walkStep":11},{"distance":54.260002,"mCalorie":2.6399999,"mOthersTime":0,"mRunTime":0,"mStartTime":62400000,"mTimeUnit":600000,"mWalkTime":49358,"runStep":0,"walkStep":74},{"distance":95.85,"mCalorie":5.32,"mOthersTime":0,"mRunTime":0,"mStartTime":63600000,"mTimeUnit":600000,"mWalkTime":102718,"runStep":0,"walkStep":154},{"distance":77.15,"mCalorie":4.0,"mOthersTime":0,"mRunTime":4800,"mStartTime":64200000,"mTimeUnit":600000,"mWalkTime":57362,"runStep":12,"walkStep":86},{"distance":43.45,"mCalorie":1.97,"mOthersTime":0,"mRunTime":0,"mStartTime":64800000,"mTimeUnit":600000,"mWalkTime":38686,"runStep":0,"walkStep":58},{"distance":192.23001,"mCalorie":9.559999,"mOthersTime":0,"mRunTime":2800,"mStartTime":65400000,"mTimeUnit":600000,"mWalkTime":161414,"runStep":7,"walkStep":242},{"distance":176.82999,"mCalorie":9.25,"mOthersTime":0,"mRunTime":7200,"mStartTime":66000000,"mTimeUnit":600000,"mWalkTime":142738,"runStep":18,"walkStep":214},{"distance":104.36,"mCalorie":5.41,"mOthersTime":0,"mRunTime":0,"mStartTime":66600000,"mTimeUnit":600000,"mWalkTime":95381,"runStep":0,"walkStep":143},{"distance":86.17,"mCalorie":5.09,"mOthersTime":0,"mRunTime":3600,"mStartTime":67200000,"mTimeUnit":600000,"mWalkTime":78706,"runStep":9,"walkStep":118},{"distance":121.4,"mCalorie":6.16,"mOthersTime":0,"mRunTime":0,"mStartTime":67800000,"mTimeUnit":600000,"mWalkTime":109388,"runStep":0,"walkStep":164},{"distance":17.82,"mCalorie":0.96,"mOthersTime":0,"mRunTime":0,"mStartTime":69600000,"mTimeUnit":600000,"mWalkTime":16675,"runStep":0,"walkStep":25},{"distance":136.61,"mCalorie":7.299999,"mOthersTime":0,"mRunTime":1600,"mStartTime":70200000,"mTimeUnit":600000,"mWalkTime":114694,"runStep":4,"walkStep":182},{"distance":155.86,"mCalorie":7.71,"mOthersTime":0,"mRunTime":800,"mStartTime":70800000,"mTimeUnit":600000,"mWalkTime":137402,"runStep":2,"walkStep":206},{"distance":35.71,"mCalorie":1.83,"mOthersTime":0,"mRunTime":0,"mStartTime":71400000,"mTimeUnit":600000,"mWalkTime":32683,"runStep":0,"walkStep":49},{"distance":10.44,"mCalorie":0.5,"mOthersTime":0,"mRunTime":0,"mStartTime":72000000,"mTimeUnit":600000,"mWalkTime":9338,"runStep":0,"walkStep":14},{"distance":22.63,"mCalorie":1.06,"mOthersTime":0,"mRunTime":0,"mStartTime":73200000,"mTimeUnit":600000,"mWalkTime":18676,"runStep":0,"walkStep":28},{"distance":174.28,"mCalorie":9.320001,"mOthersTime":0,"mRunTime":0,"mStartTime":73800000,"mTimeUnit":600000,"mWalkTime":170085,"runStep":0,"walkStep":255},{"distance":41.14,"mCalorie":2.1499999,"mOthersTime":0,"mRunTime":0,"mStartTime":74400000,"mTimeUnit":600000,"mWalkTime":38019,"runStep":0,"walkStep":57},{"distance":144.3,"mCalorie":7.769998,"mOthersTime":0,"mRunTime":0,"mStartTime":76200000,"mTimeUnit":600000,"mWalkTime":134734,"runStep":0,"walkStep":202},{"distance":72.43,"mCalorie":3.52,"mOthersTime":0,"mRunTime":0,"mStartTime":76800000,"mTimeUnit":600000,"mWalkTime":64699,"runStep":0,"walkStep":97},{"distance":113.89,"mCalorie":5.6899996,"mOthersTime":0,"mRunTime":0,"mStartTime":77400000,"mTimeUnit":600000,"mWalkTime":104719,"runStep":0,"walkStep":157},{"distance":5.29,"mCalorie":0.25,"mOthersTime":0,"mRunTime":0,"mStartTime":80400000,"mTimeUnit":600000,"mWalkTime":4669,"runStep":0,"walkStep":7},{"distance":44.91,"mCalorie":2.29,"mOthersTime":0,"mRunTime":0,"mStartTime":81000000,"mTimeUnit":600000,"mWalkTime":40687,"runStep":0,"walkStep":61}],"version":1}