{"mActivityList":[{"mActiveTime":2388726,"mActiveTimeType":0,"mCalorie":214.0,"mCategory":204,"mDetailInfoId":"7979226d-99d3-8ee6-7aeb-74c80edaf715","mDistance":2851.938,"mDuration":2388726,"mEndTime":37498444,"mStartTime":35109718,"mType":1001}],"mAdaptiveGoal":0,"mIsGoalAchieved":false,"mIsMostActiveAchieved":false,"mMostActiveMinutes":0,"mStreakDayCount":0,"mUnitDataList":[{"distance":10.74,"mCalorie":0.49,"mOthersTime":0,"mRunTime":0,"mStartTime":1200000,"mTimeUnit":600000,"mWalkTime":9338,"runStep":0,"walkStep":14},{"distance":12.48,"mCalorie":0.59,"mOthersTime":0,"mRunTime":0,"mStartTime":7200000,"mTimeUnit":600000,"mWalkTime":11339,"runStep":0,"walkStep":17},{"distance":13.41,"mCalorie":0.85,"mOthersTime":0,"mRunTime":400,"mStartTime":17400000,"mTimeUnit":600000,"mWalkTime":10005,"runStep":1,"walkStep":15},{"distance":8.47,"mCalorie":0.38,"mOthersTime":0,"mRunTime":0,"mStartTime":22200000,"mTimeUnit":600000,"mWalkTime":7337,"runStep":0,"walkStep":11},{"distance":44.742,"mCalorie":2.37,"mOthersTime":0,"mRunTime":0,"mStartTime":22800000,"mTimeUnit":600000,"mWalkTime":38686,"runStep":0,"walkStep":58},{"distance":123.256004,"mCalorie":6.39,"mOthersTime":0,"mRunTime":800,"mStartTime":23400000,"mTimeUnit":600000,"mWalkTime":120060,"runStep":2,"walkStep":180},{"distance":394.573,"mCalorie":20.22,"mOthersTime":0,"mRunTime":0,"mStartTime":24000000,"mTimeUnit":600000,"mWalkTime":325346,"runStep":0,"walkStep":555},{"distance":28.14,"mCalorie":1.3,"mOthersTime":0,"mRunTime":0,"mStartTime":24600000,"mTimeUnit":600000,"mWalkTime":24679,"runStep":0,"walkStep":37},{"distance":190.95,"mCalorie":9.12,"mOthersTime":0,"mRunTime":0,"mStartTime":25800000,"mTimeUnit":600000,"mWalkTime":162718,"runStep":0,"walkStep":260},{"distance":217.92998,"mCalorie":12.660001,"mOthersTime":0,"mRunTime":0,"mStartTime":26400000,"mTimeUnit":600000,"mWalkTime":186033,"runStep":0,"walkStep":312},{"distance":123.801994,"mCalorie":5.97,"mOthersTime":0,"mRunTime":0,"mStartTime":27000000,"mTimeUnit":600000,"mWalkTime":112723,"runStep":0,"walkStep":169},{"distance":91.875,"mCalorie":4.5499997,"mOthersTime":0,"mRunTime":0,"mStartTime":27600000,"mTimeUnit":600000,"mWalkTime":84709,"runStep":0,"walkStep":127},{"distance":86.51,"mCalorie":4.54,"mOthersTime":0,"mRunTime":1600,"mStartTime":28200000,"mTimeUnit":600000,"mWalkTime":72036,"runStep":4,"walkStep":108},{"distance":49.94,"mCalorie":2.6100001,"mOthersTime":0,"mRunTime":0,"mStartTime":30600000,"mTimeUnit":600000,"mWalkTime":46023,"runStep":0,"walkStep":69},{"distance":9.660001,"mCalorie":0.47,"mOthersTime":0,"mRunTime":0,"mStartTime":31800000,"mTimeUnit":600000,"mWalkTime":8671,"runStep":0,"walkStep":13},{"distance":26.289999,"mCalorie":1.51,"mOthersTime":0,"mRunTime":0,"mStartTime":33600000,"mTimeUnit":600000,"mWalkTime":25346,"runStep":0,"walkStep":38},{"distance":48.923,"mCalorie":2.2,"mOthersTime":0,"mRunTime":0,"mStartTime":34200000,"mTimeUnit":600000,"mWalkTime":42688,"runStep":0,"walkStep":64},{"distance":441.5747,"mCalorie":31.61034,"mOthersTime":0,"mRunTime":0,"mStartTime":34800000,"mTimeUnit":600000,"mWalkTime":385376,"runStep":0,"walkStep":646},{"distance":716.3495,"mCalorie":53.7525,"mOthersTime":0,"mRunTime":0,"mStartTime":35400000,"mTimeUnit":600000,"mWalkTime":599999,"runStep":0,"walkStep":973},{"distance":716.3495,"mCalorie":53.7525,"mOthersTime":0,"mRunTime":0,"mStartTime":36000000,"mTimeUnit":600000,"mWalkTime":599999,"runStep":0,"walkStep":1033},{"distance":716.3495,"mCalorie":53.7525,"mOthersTime":0,"mRunTime":0,"mStartTime":36600000,"mTimeUnit":600000,"mWalkTime":599999,"runStep":0,"walkStep":1005},{"distance":364.54114,"mCalorie":27.180971,"mOthersTime":0,"mRunTime":0,"mStartTime":37200000,"mTimeUnit":600000,"mWalkTime":306196,"runStep":0,"walkStep":440},{"distance":7.18,"mCalorie":0.4,"mOthersTime":0,"mRunTime":0,"mStartTime":38400000,"mTimeUnit":600000,"mWalkTime":6670,"runStep":0,"walkStep":10},{"distance":91.33,"mCalorie":4.83,"mOthersTime":0,"mRunTime":0,"mStartTime":39000000,"mTimeUnit":600000,"mWalkTime":83375,"runStep":0,"walkStep":125},{"distance":415.95,"mCalorie":22.04,"mOthersTime":0,"mRunTime":1200,"mStartTime":39600000,"mTimeUnit":600000,"mWalkTime":348721,"runStep":3,"walkStep":558},{"distance":84.96,"mCalorie":4.6899996,"mOthersTime":0,"mRunTime":0,"mStartTime":40200000,"mTimeUnit":600000,"mWalkTime":82041,"runStep":0,"walkStep":123},{"distance":63.83,"mCalorie":3.69,"mOthersTime":0,"mRunTime":400,"mStartTime":41400000,"mTimeUnit":600000,"mWalkTime":56028,"runStep":1,"walkStep":84},{"distance":104.28999,"mCalorie":7.06,"mOthersTime":0,"mRunTime":1200,"mStartTime":42000000,"mTimeUnit":600000,"mWalkTime":96048,"runStep":3,"walkStep":144},{"distance":22.14,"mCalorie":1.0699999,"mOthersTime":0,"mRunTime":0,"mStartTime":42600000,"mTimeUnit":600000,"mWalkTime":20010,"runStep":0,"walkStep":30},{"distance":106.56,"mCalorie":5.6,"mOthersTime":0,"mRunTime":0,"mStartTime":43200000,"mTimeUnit":600000,"mWalkTime":99383,"runStep":0,"walkStep":149},{"distance":248.14001,"mCalorie":12.89,"mOthersTime":0,"mRunTime":0,"mStartTime":44400000,"mTimeUnit":600000,"mWalkTime":213410,"runStep":0,"walkStep":335},{"distance":8.81,"mCalorie":0.54,"mOthersTime":0,"mRunTime":0,"mStartTime":45000000,"mTimeUnit":600000,"mWalkTime":6670,"runStep":0,"walkStep":10},{"distance":181.77998,"mCalorie":9.660001,"mOthersTime":0,"mRunTime":0,"mStartTime":46800000,"mTimeUnit":600000,"mWalkTime":157382,"runStep":0,"walkStep":245},{"distance":110.47,"mCalorie":5.6499996,"mOthersTime":0,"mRunTime":0,"mStartTime":47400000,"mTimeUnit":600000,"mWalkTime":102051,"runStep":0,"walkStep":153},{"distance":48.219997,"mCalorie":2.44,"mOthersTime":0,"mRunTime":800,"mStartTime":48000000,"mTimeUnit":600000,"mWalkTime":38686,"runStep":2,"walkStep":58},{"distance":10.65,"mCalorie":0.51,"mOthersTime":0,"mRunTime":0,"mStartTime":48600000,"mTimeUnit":600000,"mWalkTime":9338,"runStep":0,"walkStep":14},{"distance":5.65,"mCalorie":0.3,"mOthersTime":0,"mRunTime":0,"mStartTime":51000000,"mTimeUnit":600000,"mWalkTime":5336,"runStep":0,"walkStep":8},{"distance":29.060001,"mCalorie":1.3499999,"mOthersTime":0,"mRunTime":0,"mStartTime":51600000,"mTimeUnit":600000,"mWalkTime":26680,"runStep":0,"walkStep":40},{"distance":18.449999,"mCalorie":1.01,"mOthersTime":0,"mRunTime":0,"mStartTime":52200000,"mTimeUnit":600000,"mWalkTime":16008,"runStep":0,"walkStep":24},{"distance":34.038998,"mCalorie":1.8699999,"mOthersTime":0,"mRunTime":800,"mStartTime":53400000,"mTimeUnit":600000,"mWalkTime":28014,"runStep":2,"walkStep":42},{"distance":9.21,"mCalorie":0.43,"mOthersTime":0,"mRunTime":0,"mStartTime":54600000,"mTimeUnit":600000,"mWalkTime":8004,"runStep":0,"walkStep":12},{"distance":17.354,"mCalorie":0.78,"mOthersTime":0,"mRunTime":0,"mStartTime":55800000,"mTimeUnit":600000,"mWalkTime":16008,"runStep":0,"walkStep":24},{"distance":4.91,"mCalorie":0.26,"mOthersTime":0,"mRunTime":0,"mStartTime":57600000,"mTimeUnit":600000,"mWalkTime":4669,"runStep":0,"walkStep":7},{"distance":55.699997,"mCalorie":2.88,"mOthersTime":0,"mRunTime":0,"mStartTime":58200000,"mTimeUnit":600000,"mWalkTime":50692,"runStep":0,"walkStep":76},{"distance":136.52,"mCalorie":7.19,"mOthersTime":0,"mRunTime":0,"mStartTime":58800000,"mTimeUnit":600000,"mWalkTime":124032,"runStep":0,"walkStep":187},{"distance":35.489998,"mCalorie":1.8800001,"mOthersTime":0,"mRunTime":0,"mStartTime":59400000,"mTimeUnit":600000,"mWalkTime":33350,"runStep":0,"walkStep":50},{"distance":161.63998,"mCalorie":8.610001,"mOthersTime":0,"mRunTime":0,"mStartTime":60000000,"mTimeUnit":600000,"mWalkTime":142708,"runStep":0,"walkStep":218},{"distance":226.92,"mCalorie":12.199996,"mOthersTime":0,"mRunTime":0,"mStartTime":62400000,"mTimeUnit":600000,"mWalkTime":208104,"runStep":0,"walkStep":312},{"distance":35.09,"mCalorie":1.87,"mOthersTime":0,"mRunTime":0,"mStartTime":63000000,"mTimeUnit":600000,"mWalkTime":32683,"runStep":0,"walkStep":49},{"distance":12.87,"mCalorie":0.66999996,"mOthersTime":0,"mRunTime":0,"mStartTime":64200000,"mTimeUnit":600000,"mWalkTime":12006,"runStep":0,"walkStep":18},{"distance":144.31,"mCalorie":7.63,"mOthersTime":0,"mRunTime":0,"mStartTime":64800000,"mTimeUnit":600000,"mWalkTime":114694,"runStep":0,"walkStep":192},{"distance":32.34,"mCalorie":1.69,"mOthersTime":0,"mRunTime":0,"mStartTime":65400000,"mTimeUnit":600000,"mWalkTime":30015,"runStep":0,"walkStep":45},{"distance":70.78,"mCalorie":4.01,"mOthersTime":0,"mRunTime":0,"mStartTime":67200000,"mTimeUnit":600000,"mWalkTime":78039,"runStep":0,"walkStep":117},{"distance":325.41998,"mCalorie":18.519999,"mOthersTime":0,"mRunTime":0,"mStartTime":67800000,"mTimeUnit":600000,"mWalkTime":271349,"runStep":0,"walkStep":456},{"distance":372.48,"mCalorie":20.850002,"mOthersTime":0,"mRunTime":0,"mStartTime":70800000,"mTimeUnit":600000,"mWalkTime":334714,"runStep":0,"walkStep":520},{"distance":23.1,"mCalorie":1.2,"mOthersTime":0,"mRunTime":0,"mStartTime":71400000,"mTimeUnit":600000,"mWalkTime":21344,"runStep":0,"walkStep":32},{"distance":21.86,"mCalorie":1.12,"mOthersTime":0,"mRunTime":0,"mStartTime":72000000,"mTimeUnit":600000,"mWalkTime":20010,"runStep":0,"walkStep":30}],"version":1}