{"mAdaptiveGoal":0,"mIsGoalAchieved":false,"mIsMostActiveAchieved":false,"mMostActiveMinutes":0,"mStreakDayCount":0,"mUnitDataList":[{"distance":10.86,"mCalorie":0.44,"mOthersTime":0,"mRunTime":0,"mStartTime":15000000,"mTimeUnit":600000,"mWalkTime":8671,"runStep":0,"walkStep":13},{"distance":43.799995,"mCalorie":2.06,"mOthersTime":0,"mRunTime":800,"mStartTime":21600000,"mTimeUnit":600000,"mWalkTime":35351,"runStep":2,"walkStep":53},{"distance":84.630005,"mCalorie":4.41,"mOthersTime":0,"mRunTime":0,"mStartTime":22200000,"mTimeUnit":600000,"mWalkTime":82708,"runStep":0,"walkStep":124},{"distance":118.69,"mCalorie":6.18,"mOthersTime":0,"mRunTime":0,"mStartTime":22800000,"mTimeUnit":600000,"mWalkTime":104719,"runStep":0,"walkStep":157},{"distance":9.48,"mCalorie":0.56,"mOthersTime":0,"mRunTime":0,"mStartTime":23400000,"mTimeUnit":600000,"mWalkTime":6670,"runStep":0,"walkStep":10},{"distance":61.059998,"mCalorie":3.29,"mOthersTime":0,"mRunTime":0,"mStartTime":25200000,"mTimeUnit":600000,"mWalkTime":56695,"runStep":0,"walkStep":85},{"distance":59.159996,"mCalorie":2.56,"mOthersTime":0,"mRunTime":400,"mStartTime":25800000,"mTimeUnit":600000,"mWalkTime":50025,"runStep":1,"walkStep":75},{"distance":131.7,"mCalorie":6.9700003,"mOthersTime":0,"mRunTime":400,"mStartTime":26400000,"mTimeUnit":600000,"mWalkTime":120727,"runStep":1,"walkStep":181},{"distance":7.14,"mCalorie":0.35,"mOthersTime":0,"mRunTime":0,"mStartTime":27000000,"mTimeUnit":600000,"mWalkTime":6670,"runStep":0,"walkStep":10},{"distance":29.61,"mCalorie":1.3799999,"mOthersTime":0,"mRunTime":0,"mStartTime":27600000,"mTimeUnit":600000,"mWalkTime":26680,"runStep":0,"walkStep":40},{"distance":17.81,"mCalorie":0.75,"mOthersTime":0,"mRunTime":0,"mStartTime":30600000,"mTimeUnit":600000,"mWalkTime":15341,"runStep":0,"walkStep":23},{"distance":23.91,"mCalorie":1.0,"mOthersTime":0,"mRunTime":0,"mStartTime":31200000,"mTimeUnit":600000,"mWalkTime":20010,"runStep":0,"walkStep":30},{"distance":115.48,"mCalorie":6.69,"mOthersTime":0,"mRunTime":0,"mStartTime":31800000,"mTimeUnit":600000,"mWalkTime":121394,"runStep":0,"walkStep":182},{"distance":35.55,"mCalorie":1.7400001,"mOthersTime":0,"mRunTime":0,"mStartTime":32400000,"mTimeUnit":600000,"mWalkTime":32016,"runStep":0,"walkStep":48},{"distance":31.41,"mCalorie":1.52,"mOthersTime":0,"mRunTime":0,"mStartTime":33600000,"mTimeUnit":600000,"mWalkTime":27347,"runStep":0,"walkStep":41},{"distance":13.01,"mCalorie":0.62,"mOthersTime":0,"mRunTime":0,"mStartTime":34200000,"mTimeUnit":600000,"mWalkTime":12006,"runStep":0,"walkStep":18},{"distance":48.079998,"mCalorie":2.47,"mOthersTime":0,"mRunTime":0,"mStartTime":34800000,"mTimeUnit":600000,"mWalkTime":44022,"runStep":0,"walkStep":66},{"distance":12.94,"mCalorie":0.61,"mOthersTime":0,"mRunTime":0,"mStartTime":35400000,"mTimeUnit":600000,"mWalkTime":11339,"runStep":0,"walkStep":17},{"distance":14.639999,"mCalorie":0.76,"mOthersTime":0,"mRunTime":0,"mStartTime":37200000,"mTimeUnit":600000,"mWalkTime":14007,"runStep":0,"walkStep":21},{"distance":57.77,"mCalorie":2.63,"mOthersTime":0,"mRunTime":0,"mStartTime":37800000,"mTimeUnit":600000,"mWalkTime":49358,"runStep":0,"walkStep":74},{"distance":40.74,"mCalorie":1.89,"mOthersTime":0,"mRunTime":400,"mStartTime":38400000,"mTimeUnit":600000,"mWalkTime":30682,"runStep":1,"walkStep":46},{"distance":9.34,"mCalorie":0.4,"mOthersTime":0,"mRunTime":0,"mStartTime":39000000,"mTimeUnit":600000,"mWalkTime":8004,"runStep":0,"walkStep":12},{"distance":85.65,"mCalorie":4.74,"mOthersTime":0,"mRunTime":6000,"mStartTime":39600000,"mTimeUnit":600000,"mWalkTime":64032,"runStep":15,"walkStep":96},{"distance":15.18,"mCalorie":0.61,"mOthersTime":0,"mRunTime":0,"mStartTime":40800000,"mTimeUnit":600000,"mWalkTime":13340,"runStep":0,"walkStep":20},{"distance":9.96,"mCalorie":0.5,"mOthersTime":0,"mRunTime":0,"mStartTime":41400000,"mTimeUnit":600000,"mWalkTime":9338,"runStep":0,"walkStep":14},{"distance":12.22,"mCalorie":0.82,"mOthersTime":0,"mRunTime":800,"mStartTime":42600000,"mTimeUnit":600000,"mWalkTime":8004,"runStep":2,"walkStep":12},{"distance":107.4,"mCalorie":5.5499997,"mOthersTime":0,"mRunTime":800,"mStartTime":43200000,"mTimeUnit":600000,"mWalkTime":93380,"runStep":2,"walkStep":140},{"distance":52.299995,"mCalorie":3.1100001,"mOthersTime":0,"mRunTime":800,"mStartTime":43800000,"mTimeUnit":600000,"mWalkTime":45356,"runStep":2,"walkStep":68},{"distance":172.15999,"mCalorie":9.960001,"mOthersTime":0,"mRunTime":0,"mStartTime":44400000,"mTimeUnit":600000,"mWalkTime":170752,"runStep":0,"walkStep":256},{"distance":31.960003,"mCalorie":1.75,"mOthersTime":0,"mRunTime":400,"mStartTime":45000000,"mTimeUnit":600000,"mWalkTime":27347,"runStep":1,"walkStep":41},{"distance":138.20001,"mCalorie":7.47,"mOthersTime":0,"mRunTime":0,"mStartTime":45600000,"mTimeUnit":600000,"mWalkTime":127397,"runStep":0,"walkStep":191},{"distance":330.19,"mCalorie":17.189999,"mOthersTime":0,"mRunTime":0,"mStartTime":46200000,"mTimeUnit":600000,"mWalkTime":300090,"runStep":0,"walkStep":456},{"distance":172.45001,"mCalorie":8.62,"mOthersTime":0,"mRunTime":800,"mStartTime":48600000,"mTimeUnit":600000,"mWalkTime":148741,"runStep":2,"walkStep":223},{"distance":241.51003,"mCalorie":12.659999,"mOthersTime":0,"mRunTime":3600,"mStartTime":49200000,"mTimeUnit":600000,"mWalkTime":200737,"runStep":9,"walkStep":318},{"distance":110.87,"mCalorie":5.88,"mOthersTime":0,"mRunTime":0,"mStartTime":49800000,"mTimeUnit":600000,"mWalkTime":104052,"runStep":0,"walkStep":156},{"distance":134.40001,"mCalorie":7.24,"mOthersTime":0,"mRunTime":0,"mStartTime":50400000,"mTimeUnit":600000,"mWalkTime":126063,"runStep":0,"walkStep":189},{"distance":161.27,"mCalorie":9.139999,"mOthersTime":0,"mRunTime":0,"mStartTime":51000000,"mTimeUnit":600000,"mWalkTime":158746,"runStep":0,"walkStep":238},{"distance":37.96,"mCalorie":1.94,"mOthersTime":0,"mRunTime":800,"mStartTime":51600000,"mTimeUnit":600000,"mWalkTime":29348,"runStep":2,"walkStep":44},{"distance":26.57,"mCalorie":1.45,"mOthersTime":0,"mRunTime":800,"mStartTime":52800000,"mTimeUnit":600000,"mWalkTime":22678,"runStep":2,"walkStep":34},{"distance":56.62,"mCalorie":2.4899998,"mOthersTime":0,"mRunTime":0,"mStartTime":54000000,"mTimeUnit":600000,"mWalkTime":49358,"runStep":0,"walkStep":74},{"distance":44.0,"mCalorie":2.37,"mOthersTime":0,"mRunTime":0,"mStartTime":54600000,"mTimeUnit":600000,"mWalkTime":41354,"runStep":0,"walkStep":62},{"distance":39.67,"mCalorie":1.8199999,"mOthersTime":0,"mRunTime":0,"mStartTime":55800000,"mTimeUnit":600000,"mWalkTime":34017,"runStep":0,"walkStep":51},{"distance":27.39,"mCalorie":1.29,"mOthersTime":0,"mRunTime":0,"mStartTime":56400000,"mTimeUnit":600000,"mWalkTime":24679,"runStep":0,"walkStep":37},{"distance":23.039999,"mCalorie":1.3100001,"mOthersTime":0,"mRunTime":0,"mStartTime":57000000,"mTimeUnit":600000,"mWalkTime":22011,"runStep":0,"walkStep":33},{"distance":52.19,"mCalorie":3.2700002,"mOthersTime":0,"mRunTime":0,"mStartTime":58200000,"mTimeUnit":600000,"mWalkTime":59363,"runStep":0,"walkStep":89},{"distance":81.41,"mCalorie":4.1,"mOthersTime":0,"mRunTime":800,"mStartTime":58800000,"mTimeUnit":600000,"mWalkTime":70035,"runStep":2,"walkStep":105},{"distance":32.35,"mCalorie":1.61,"mOthersTime":0,"mRunTime":0,"mStartTime":59400000,"mTimeUnit":600000,"mWalkTime":29348,"runStep":0,"walkStep":44},{"distance":38.81,"mCalorie":2.27,"mOthersTime":0,"mRunTime":2000,"mStartTime":60000000,"mTimeUnit":600000,"mWalkTime":30015,"runStep":5,"walkStep":45},{"distance":23.119999,"mCalorie":1.28,"mOthersTime":0,"mRunTime":0,"mStartTime":60600000,"mTimeUnit":600000,"mWalkTime":22011,"runStep":0,"walkStep":33},{"distance":82.049995,"mCalorie":4.04,"mOthersTime":0,"mRunTime":400,"mStartTime":61200000,"mTimeUnit":600000,"mWalkTime":71369,"runStep":1,"walkStep":107},{"distance":53.39,"mCalorie":2.55,"mOthersTime":0,"mRunTime":0,"mStartTime":61800000,"mTimeUnit":600000,"mWalkTime":47357,"runStep":0,"walkStep":71},{"distance":60.499992,"mCalorie":3.0600002,"mOthersTime":0,"mRunTime":0,"mStartTime":62400000,"mTimeUnit":600000,"mWalkTime":55361,"runStep":0,"walkStep":83},{"distance":11.55,"mCalorie":0.65,"mOthersTime":0,"mRunTime":0,"mStartTime":63000000,"mTimeUnit":600000,"mWalkTime":11339,"runStep":0,"walkStep":17},{"distance":53.5,"mCalorie":3.0,"mOthersTime":0,"mRunTime":4400,"mStartTime":63600000,"mTimeUnit":600000,"mWalkTime":39353,"runStep":11,"walkStep":59},{"distance":24.22,"mCalorie":1.44,"mOthersTime":0,"mRunTime":0,"mStartTime":64200000,"mTimeUnit":600000,"mWalkTime":22678,"runStep":0,"walkStep":34},{"distance":10.84,"mCalorie":0.6,"mOthersTime":0,"mRunTime":0,"mStartTime":66000000,"mTimeUnit":600000,"mWalkTime":10672,"runStep":0,"walkStep":16},{"distance":25.41,"mCalorie":1.54,"mOthersTime":0,"mRunTime":0,"mStartTime":67800000,"mTimeUnit":600000,"mWalkTime":24012,"runStep":0,"walkStep":36},{"distance":33.04,"mCalorie":1.6800001,"mOthersTime":0,"mRunTime":0,"mStartTime":69000000,"mTimeUnit":600000,"mWalkTime":30682,"runStep":0,"walkStep":46},{"distance":29.18,"mCalorie":1.44,"mOthersTime":0,"mRunTime":0,"mStartTime":70200000,"mTimeUnit":600000,"mWalkTime":20677,"runStep":0,"walkStep":31},{"distance":18.67,"mCalorie":0.97,"mOthersTime":0,"mRunTime":0,"mStartTime":70800000,"mTimeUnit":600000,"mWalkTime":16675,"runStep":0,"walkStep":25},{"distance":125.91001,"mCalorie":7.4500003,"mOthersTime":0,"mRunTime":0,"mStartTime":71400000,"mTimeUnit":600000,"mWalkTime":129398,"runStep":0,"walkStep":194},{"distance":108.89,"mCalorie":5.32,"mOthersTime":0,"mRunTime":0,"mStartTime":72000000,"mTimeUnit":600000,"mWalkTime":97382,"runStep":0,"walkStep":146},{"distance":95.48,"mCalorie":4.75,"mOthersTime":0,"mRunTime":0,"mStartTime":72600000,"mTimeUnit":600000,"mWalkTime":87377,"runStep":0,"walkStep":131},{"distance":69.16,"mCalorie":3.68,"mOthersTime":0,"mRunTime":3600,"mStartTime":75000000,"mTimeUnit":600000,"mWalkTime":52026,"runStep":9,"walkStep":78},{"distance":78.740005,"mCalorie":3.94,"mOthersTime":0,"mRunTime":0,"mStartTime":75600000,"mTimeUnit":600000,"mWalkTime":73370,"runStep":0,"walkStep":110},{"distance":72.72,"mCalorie":3.66,"mOthersTime":0,"mRunTime":0,"mStartTime":76200000,"mTimeUnit":600000,"mWalkTime":65366,"runStep":0,"walkStep":98},{"distance":33.94,"mCalorie":1.72,"mOthersTime":0,"mRunTime":0,"mStartTime":76800000,"mTimeUnit":600000,"mWalkTime":30682,"runStep":0,"walkStep":46},{"distance":6.43,"mCalorie":0.34,"mOthersTime":0,"mRunTime":0,"mStartTime":79200000,"mTimeUnit":600000,"mWalkTime":6003,"runStep":0,"walkStep":9},{"distance":13.790001,"mCalorie":0.7199999,"mOthersTime":0,"mRunTime":0,"mStartTime":79800000,"mTimeUnit":600000,"mWalkTime":12673,"runStep":0,"walkStep":19}],"version":1}