{"mActivityList":[{"mActiveTime":1268221,"mActiveTimeType":0,"mCalorie":97.0,"mCategory":204,"mDetailInfoId":"fb10ceac-d490-0552-dcaa-e0e0edc7c914","mDistance":1319.894,"mDuration":1268221,"mEndTime":40757612,"mStartTime":39489391,"mType":1001},{"mActiveTime":1071183,"mActiveTimeType":0,"mCalorie":70.0,"mCategory":204,"mDetailInfoId":"251b9a13-6a04-a0be-b0d9-03840ae62a09","mDistance":1114.661,"mDuration":1071183,"mEndTime":42636388,"mStartTime":41565205,"mType":1001}],"mAdaptiveGoal":0,"mIsGoalAchieved":true,"mIsMostActiveAchieved":false,"mMostActiveMinutes":159,"mStreakDayCount":0,"mUnitDataList":[{"distance":6.93,"mCalorie":0.35,"mOthersTime":0,"mRunTime":0,"mStartTime":6600000,"mTimeUnit":600000,"mWalkTime":6670,"runStep":0,"walkStep":10},{"distance":42.843,"mCalorie":2.28,"mOthersTime":0,"mRunTime":4400,"mStartTime":7200000,"mTimeUnit":600000,"mWalkTime":25346,"runStep":11,"walkStep":38},{"distance":41.71,"mCalorie":2.15,"mOthersTime":0,"mRunTime":0,"mStartTime":14400000,"mTimeUnit":600000,"mWalkTime":37352,"runStep":0,"walkStep":56},{"distance":28.080002,"mCalorie":1.53,"mOthersTime":0,"mRunTime":0,"mStartTime":15000000,"mTimeUnit":600000,"mWalkTime":24012,"runStep":0,"walkStep":36},{"distance":24.101002,"mCalorie":1.15,"mOthersTime":0,"mRunTime":400,"mStartTime":15600000,"mTimeUnit":600000,"mWalkTime":19343,"runStep":1,"walkStep":29},{"distance":17.96,"mCalorie":0.73,"mOthersTime":0,"mRunTime":0,"mStartTime":16200000,"mTimeUnit":600000,"mWalkTime":15341,"runStep":0,"walkStep":23},{"distance":5.73,"mCalorie":0.22,"mOthersTime":0,"mRunTime":0,"mStartTime":18600000,"mTimeUnit":600000,"mWalkTime":4669,"runStep":0,"walkStep":7},{"distance":78.06,"mCalorie":3.94,"mOthersTime":0,"mRunTime":4400,"mStartTime":19200000,"mTimeUnit":600000,"mWalkTime":56695,"runStep":11,"walkStep":85},{"distance":55.452003,"mCalorie":2.75,"mOthersTime":0,"mRunTime":1600,"mStartTime":34800000,"mTimeUnit":600000,"mWalkTime":45356,"runStep":4,"walkStep":68},{"distance":10.0,"mCalorie":0.41,"mOthersTime":0,"mRunTime":0,"mStartTime":35400000,"mTimeUnit":600000,"mWalkTime":8671,"runStep":0,"walkStep":13},{"distance":58.65,"mCalorie":2.95,"mOthersTime":0,"mRunTime":0,"mStartTime":37800000,"mTimeUnit":600000,"mWalkTime":53360,"runStep":0,"walkStep":80},{"distance":139.12717,"mCalorie":9.6682825,"mOthersTime":0,"mRunTime":0,"mStartTime":39000000,"mTimeUnit":600000,"mWalkTime":132353,"runStep":0,"walkStep":99},{"distance":624.4467,"mCalorie":45.891056,"mOthersTime":0,"mRunTime":0,"mStartTime":39600000,"mTimeUnit":600000,"mWalkTime":600000,"runStep":0,"walkStep":878},{"distance":580.3316,"mCalorie":42.649006,"mOthersTime":0,"mRunTime":0,"mStartTime":40200000,"mTimeUnit":600000,"mWalkTime":557612,"runStep":0,"walkStep":855},{"distance":339.77,"mCalorie":18.029999,"mOthersTime":0,"mRunTime":0,"mStartTime":40800000,"mTimeUnit":600000,"mWalkTime":310125,"runStep":0,"walkStep":466},{"distance":489.87256,"mCalorie":30.447342,"mOthersTime":0,"mRunTime":0,"mStartTime":41400000,"mTimeUnit":600000,"mWalkTime":468966,"runStep":0,"walkStep":709},{"distance":624.3533,"mCalorie":39.20899,"mOthersTime":0,"mRunTime":0,"mStartTime":42000000,"mTimeUnit":600000,"mWalkTime":600000,"runStep":0,"walkStep":879},{"distance":69.717766,"mCalorie":4.342019,"mOthersTime":0,"mRunTime":2800,"mStartTime":42600000,"mTimeUnit":600000,"mWalkTime":63166,"runStep":7,"walkStep":45},{"distance":41.760002,"mCalorie":2.11,"mOthersTime":0,"mRunTime":0,"mStartTime":45000000,"mTimeUnit":600000,"mWalkTime":36018,"runStep":0,"walkStep":54},{"distance":28.14,"mCalorie":1.49,"mOthersTime":0,"mRunTime":0,"mStartTime":47400000,"mTimeUnit":600000,"mWalkTime":26013,"runStep":0,"walkStep":39},{"distance":13.389999,"mCalorie":0.65999997,"mOthersTime":0,"mRunTime":0,"mStartTime":48000000,"mTimeUnit":600000,"mWalkTime":12006,"runStep":0,"walkStep":18},{"distance":10.3,"mCalorie":0.48,"mOthersTime":0,"mRunTime":0,"mStartTime":49200000,"mTimeUnit":600000,"mWalkTime":9338,"runStep":0,"walkStep":14},{"distance":6.97,"mCalorie":0.38,"mOthersTime":0,"mRunTime":0,"mStartTime":54000000,"mTimeUnit":600000,"mWalkTime":6670,"runStep":0,"walkStep":10},{"distance":26.210001,"mCalorie":1.25,"mOthersTime":0,"mRunTime":0,"mStartTime":54600000,"mTimeUnit":600000,"mWalkTime":22011,"runStep":0,"walkStep":33},{"distance":22.53,"mCalorie":1.08,"mOthersTime":0,"mRunTime":0,"mStartTime":55200000,"mTimeUnit":600000,"mWalkTime":20010,"runStep":0,"walkStep":30},{"distance":19.480001,"mCalorie":0.97,"mOthersTime":0,"mRunTime":0,"mStartTime":55800000,"mTimeUnit":600000,"mWalkTime":18009,"runStep":0,"walkStep":27},{"distance":32.448997,"mCalorie":1.55,"mOthersTime":0,"mRunTime":0,"mStartTime":59400000,"mTimeUnit":600000,"mWalkTime":26680,"runStep":0,"walkStep":40},{"distance":84.045,"mCalorie":4.29,"mOthersTime":0,"mRunTime":3200,"mStartTime":60000000,"mTimeUnit":600000,"mWalkTime":64699,"runStep":8,"walkStep":97},{"distance":40.919,"mCalorie":2.19,"mOthersTime":0,"mRunTime":2400,"mStartTime":60600000,"mTimeUnit":600000,"mWalkTime":28014,"runStep":6,"walkStep":42},{"distance":19.15,"mCalorie":1.01,"mOthersTime":0,"mRunTime":0,"mStartTime":61200000,"mTimeUnit":600000,"mWalkTime":16675,"runStep":0,"walkStep":25},{"distance":9.46,"mCalorie":0.35,"mOthersTime":0,"mRunTime":0,"mStartTime":61800000,"mTimeUnit":600000,"mWalkTime":7337,"runStep":0,"walkStep":11},{"distance":7.74,"mCalorie":0.51,"mOthersTime":0,"mRunTime":0,"mStartTime":63000000,"mTimeUnit":600000,"mWalkTime":6670,"runStep":0,"walkStep":10},{"distance":11.54,"mCalorie":0.41,"mOthersTime":0,"mRunTime":0,"mStartTime":64200000,"mTimeUnit":600000,"mWalkTime":9338,"runStep":0,"walkStep":14},{"distance":11.79,"mCalorie":0.58,"mOthersTime":0,"mRunTime":0,"mStartTime":64800000,"mTimeUnit":600000,"mWalkTime":10672,"runStep":0,"walkStep":16},{"distance":64.32,"mCalorie":3.1399999,"mOthersTime":0,"mRunTime":0,"mStartTime":65400000,"mTimeUnit":600000,"mWalkTime":56695,"runStep":0,"walkStep":85},{"distance":197.232,"mCalorie":11.530001,"mOthersTime":0,"mRunTime":0,"mStartTime":66000000,"mTimeUnit":600000,"mWalkTime":186093,"runStep":0,"walkStep":279},{"distance":248.31999,"mCalorie":14.76,"mOthersTime":0,"mRunTime":800,"mStartTime":66600000,"mTimeUnit":600000,"mWalkTime":227447,"runStep":2,"walkStep":341},{"distance":244.42,"mCalorie":12.87,"mOthersTime":0,"mRunTime":0,"mStartTime":67200000,"mTimeUnit":600000,"mWalkTime":224779,"runStep":0,"walkStep":337},{"distance":101.06,"mCalorie":5.49,"mOthersTime":0,"mRunTime":0,"mStartTime":67800000,"mTimeUnit":600000,"mWalkTime":95381,"runStep":0,"walkStep":143},{"distance":148.37999,"mCalorie":7.7499995,"mOthersTime":0,"mRunTime":0,"mStartTime":68400000,"mTimeUnit":600000,"mWalkTime":138069,"runStep":0,"walkStep":207},{"distance":33.36,"mCalorie":1.63,"mOthersTime":0,"mRunTime":0,"mStartTime":69000000,"mTimeUnit":600000,"mWalkTime":30015,"runStep":0,"walkStep":45},{"distance":4.21,"mCalorie":0.22,"mOthersTime":0,"mRunTime":0,"mStartTime":70200000,"mTimeUnit":600000,"mWalkTime":4002,"runStep":0,"walkStep":6},{"distance":21.027,"mCalorie":0.93,"mOthersTime":0,"mRunTime":0,"mStartTime":72600000,"mTimeUnit":600000,"mWalkTime":18676,"runStep":0,"walkStep":28},{"distance":44.26,"mCalorie":2.4500003,"mOthersTime":0,"mRunTime":1200,"mStartTime":73200000,"mTimeUnit":600000,"mWalkTime":34684,"runStep":3,"walkStep":52},{"distance":44.631,"mCalorie":2.27,"mOthersTime":0,"mRunTime":1200,"mStartTime":73800000,"mTimeUnit":600000,"mWalkTime":35351,"runStep":3,"walkStep":53},{"distance":20.95,"mCalorie":0.87,"mOthersTime":0,"mRunTime":0,"mStartTime":75000000,"mTimeUnit":600000,"mWalkTime":17342,"runStep":0,"walkStep":26},{"distance":8.81,"mCalorie":0.57,"mOthersTime":0,"mRunTime":0,"mStartTime":75600000,"mTimeUnit":600000,"mWalkTime":8671,"runStep":0,"walkStep":13},{"distance":28.570002,"mCalorie":1.4399999,"mOthersTime":0,"mRunTime":0,"mStartTime":76800000,"mTimeUnit":600000,"mWalkTime":26680,"runStep":0,"walkStep":40},{"distance":57.181,"mCalorie":3.521,"mOthersTime":0,"mRunTime":2400,"mStartTime":78600000,"mTimeUnit":600000,"mWalkTime":44022,"runStep":6,"walkStep":66},{"distance":16.42,"mCalorie":0.81999993,"mOthersTime":0,"mRunTime":0,"mStartTime":79200000,"mTimeUnit":600000,"mWalkTime":14674,"runStep":0,"walkStep":22},{"distance":85.71001,"mCalorie":4.06,"mOthersTime":0,"mRunTime":0,"mStartTime":81600000,"mTimeUnit":600000,"mWalkTime":80040,"runStep":0,"walkStep":120},{"distance":50.864998,"mCalorie":2.6999998,"mOthersTime":0,"mRunTime":0,"mStartTime":82200000,"mTimeUnit":600000,"mWalkTime":47357,"runStep":0,"walkStep":71}],"version":1}