{"mAdaptiveGoal":0,"mIsGoalAchieved":false,"mIsMostActiveAchieved":false,"mMostActiveMinutes":0,"mStreakDayCount":0,"mUnitDataList":[{"distance":9.56,"mCalorie":0.37,"mOthersTime":0,"mRunTime":0,"mStartTime":3600000,"mTimeUnit":600000,"mWalkTime":8004,"runStep":0,"walkStep":12},{"distance":13.88,"mCalorie":0.59,"mOthersTime":0,"mRunTime":0,"mStartTime":8400000,"mTimeUnit":600000,"mWalkTime":12006,"runStep":0,"walkStep":18},{"distance":37.29,"mCalorie":1.9699999,"mOthersTime":0,"mRunTime":0,"mStartTime":11400000,"mTimeUnit":600000,"mWalkTime":34684,"runStep":0,"walkStep":52},{"distance":7.4,"mCalorie":0.35,"mOthersTime":0,"mRunTime":0,"mStartTime":12000000,"mTimeUnit":600000,"mWalkTime":6670,"runStep":0,"walkStep":10},{"distance":18.61,"mCalorie":0.90999997,"mOthersTime":0,"mRunTime":0,"mStartTime":13200000,"mTimeUnit":600000,"mWalkTime":16008,"runStep":0,"walkStep":24},{"distance":28.89,"mCalorie":1.7,"mOthersTime":0,"mRunTime":0,"mStartTime":13800000,"mTimeUnit":600000,"mWalkTime":27347,"runStep":0,"walkStep":41},{"distance":25.55,"mCalorie":1.21,"mOthersTime":0,"mRunTime":0,"mStartTime":16200000,"mTimeUnit":600000,"mWalkTime":23345,"runStep":0,"walkStep":35},{"distance":8.87,"mCalorie":0.42,"mOthersTime":0,"mRunTime":0,"mStartTime":17400000,"mTimeUnit":600000,"mWalkTime":8004,"runStep":0,"walkStep":12},{"distance":8.87,"mCalorie":0.59,"mOthersTime":0,"mRunTime":0,"mStartTime":24600000,"mTimeUnit":600000,"mWalkTime":8671,"runStep":0,"walkStep":13},{"distance":20.76,"mCalorie":1.53,"mOthersTime":0,"mRunTime":2000,"mStartTime":27000000,"mTimeUnit":600000,"mWalkTime":14007,"runStep":5,"walkStep":21},{"distance":9.31,"mCalorie":0.52,"mOthersTime":0,"mRunTime":0,"mStartTime":27600000,"mTimeUnit":600000,"mWalkTime":6670,"runStep":0,"walkStep":10},{"distance":7.67,"mCalorie":0.5,"mOthersTime":0,"mRunTime":0,"mStartTime":28200000,"mTimeUnit":600000,"mWalkTime":6670,"runStep":0,"walkStep":10},{"distance":54.35,"mCalorie":2.46,"mOthersTime":0,"mRunTime":0,"mStartTime":35400000,"mTimeUnit":600000,"mWalkTime":47357,"runStep":0,"walkStep":71},{"distance":79.05,"mCalorie":3.9499998,"mOthersTime":0,"mRunTime":0,"mStartTime":36000000,"mTimeUnit":600000,"mWalkTime":70702,"runStep":0,"walkStep":106},{"distance":124.161,"mCalorie":6.3900003,"mOthersTime":0,"mRunTime":0,"mStartTime":36600000,"mTimeUnit":600000,"mWalkTime":123395,"runStep":0,"walkStep":185},{"distance":73.45,"mCalorie":3.6100001,"mOthersTime":0,"mRunTime":0,"mStartTime":37200000,"mTimeUnit":600000,"mWalkTime":65366,"runStep":0,"walkStep":98},{"distance":309.57,"mCalorie":15.539999,"mOthersTime":0,"mRunTime":2000,"mStartTime":37800000,"mTimeUnit":600000,"mWalkTime":261434,"runStep":5,"walkStep":414},{"distance":108.78,"mCalorie":5.8,"mOthersTime":0,"mRunTime":8400,"mStartTime":38400000,"mTimeUnit":600000,"mWalkTime":82708,"runStep":21,"walkStep":124},{"distance":26.06,"mCalorie":1.34,"mOthersTime":0,"mRunTime":0,"mStartTime":39000000,"mTimeUnit":600000,"mWalkTime":23345,"runStep":0,"walkStep":35},{"distance":37.55,"mCalorie":1.51,"mOthersTime":0,"mRunTime":0,"mStartTime":39600000,"mTimeUnit":600000,"mWalkTime":30682,"runStep":0,"walkStep":46},{"distance":37.52,"mCalorie":1.79,"mOthersTime":0,"mRunTime":0,"mStartTime":40800000,"mTimeUnit":600000,"mWalkTime":33350,"runStep":0,"walkStep":50},{"distance":28.3,"mCalorie":1.0799999,"mOthersTime":0,"mRunTime":0,"mStartTime":41400000,"mTimeUnit":600000,"mWalkTime":24012,"runStep":0,"walkStep":36},{"distance":69.229996,"mCalorie":3.4899998,"mOthersTime":0,"mRunTime":0,"mStartTime":42000000,"mTimeUnit":600000,"mWalkTime":60697,"runStep":0,"walkStep":91},{"distance":31.580002,"mCalorie":1.78,"mOthersTime":0,"mRunTime":2000,"mStartTime":42600000,"mTimeUnit":600000,"mWalkTime":22678,"runStep":5,"walkStep":34},{"distance":16.98,"mCalorie":0.78,"mOthersTime":0,"mRunTime":0,"mStartTime":43200000,"mTimeUnit":600000,"mWalkTime":15341,"runStep":0,"walkStep":23},{"distance":37.38,"mCalorie":1.96,"mOthersTime":0,"mRunTime":1200,"mStartTime":43800000,"mTimeUnit":600000,"mWalkTime":30015,"runStep":3,"walkStep":45},{"distance":28.09,"mCalorie":1.55,"mOthersTime":0,"mRunTime":0,"mStartTime":44400000,"mTimeUnit":600000,"mWalkTime":26013,"runStep":0,"walkStep":39},{"distance":29.3,"mCalorie":1.23,"mOthersTime":0,"mRunTime":0,"mStartTime":45000000,"mTimeUnit":600000,"mWalkTime":25346,"runStep":0,"walkStep":38},{"distance":41.29,"mCalorie":2.12,"mOthersTime":0,"mRunTime":0,"mStartTime":45600000,"mTimeUnit":600000,"mWalkTime":36685,"runStep":0,"walkStep":55},{"distance":14.45,"mCalorie":0.67,"mOthersTime":0,"mRunTime":0,"mStartTime":46200000,"mTimeUnit":600000,"mWalkTime":13340,"runStep":0,"walkStep":20},{"distance":34.250004,"mCalorie":1.8799999,"mOthersTime":0,"mRunTime":0,"mStartTime":46800000,"mTimeUnit":600000,"mWalkTime":32016,"runStep":0,"walkStep":48},{"distance":150.171,"mCalorie":8.09,"mOthersTime":0,"mRunTime":5600,"mStartTime":47400000,"mTimeUnit":600000,"mWalkTime":122728,"runStep":14,"walkStep":184},{"distance":105.770004,"mCalorie":5.7,"mOthersTime":0,"mRunTime":5200,"mStartTime":48000000,"mTimeUnit":600000,"mWalkTime":78706,"runStep":13,"walkStep":118},{"distance":22.17,"mCalorie":1.34,"mOthersTime":0,"mRunTime":2400,"mStartTime":48600000,"mTimeUnit":600000,"mWalkTime":14007,"runStep":6,"walkStep":21},{"distance":79.54,"mCalorie":4.0299997,"mOthersTime":0,"mRunTime":400,"mStartTime":49800000,"mTimeUnit":600000,"mWalkTime":70702,"runStep":1,"walkStep":106},{"distance":77.82,"mCalorie":4.04,"mOthersTime":0,"mRunTime":0,"mStartTime":50400000,"mTimeUnit":600000,"mWalkTime":72036,"runStep":0,"walkStep":108},{"distance":50.76,"mCalorie":2.53,"mOthersTime":0,"mRunTime":0,"mStartTime":51000000,"mTimeUnit":600000,"mWalkTime":45356,"runStep":0,"walkStep":68},{"distance":413.05002,"mCalorie":21.249998,"mOthersTime":0,"mRunTime":0,"mStartTime":51600000,"mTimeUnit":600000,"mWalkTime":358089,"runStep":0,"walkStep":556},{"distance":188.28899,"mCalorie":10.16,"mOthersTime":0,"mRunTime":14800,"mStartTime":52200000,"mTimeUnit":600000,"mWalkTime":124062,"runStep":37,"walkStep":186},{"distance":92.541,"mCalorie":4.8900003,"mOthersTime":0,"mRunTime":1200,"mStartTime":52800000,"mTimeUnit":600000,"mWalkTime":80040,"runStep":3,"walkStep":120},{"distance":49.86,"mCalorie":2.5600002,"mOthersTime":0,"mRunTime":1200,"mStartTime":53400000,"mTimeUnit":600000,"mWalkTime":40687,"runStep":3,"walkStep":61},{"distance":68.06,"mCalorie":3.1,"mOthersTime":0,"mRunTime":400,"mStartTime":54000000,"mTimeUnit":600000,"mWalkTime":58696,"runStep":1,"walkStep":88},{"distance":68.909996,"mCalorie":3.98,"mOthersTime":0,"mRunTime":7200,"mStartTime":54600000,"mTimeUnit":600000,"mWalkTime":44689,"runStep":18,"walkStep":67},{"distance":18.63,"mCalorie":1.36,"mOthersTime":0,"mRunTime":3600,"mStartTime":55200000,"mTimeUnit":600000,"mWalkTime":6670,"runStep":9,"walkStep":10},{"distance":26.059002,"mCalorie":1.26,"mOthersTime":0,"mRunTime":0,"mStartTime":55800000,"mTimeUnit":600000,"mWalkTime":21344,"runStep":0,"walkStep":32},{"distance":17.01,"mCalorie":1.11,"mOthersTime":0,"mRunTime":400,"mStartTime":56400000,"mTimeUnit":600000,"mWalkTime":14007,"runStep":1,"walkStep":21},{"distance":39.11,"mCalorie":2.06,"mOthersTime":0,"mRunTime":0,"mStartTime":58200000,"mTimeUnit":600000,"mWalkTime":36018,"runStep":0,"walkStep":54},{"distance":21.21,"mCalorie":1.1,"mOthersTime":0,"mRunTime":0,"mStartTime":59400000,"mTimeUnit":600000,"mWalkTime":17342,"runStep":0,"walkStep":26},{"distance":7.77,"mCalorie":0.32,"mOthersTime":0,"mRunTime":0,"mStartTime":60600000,"mTimeUnit":600000,"mWalkTime":6670,"runStep":0,"walkStep":10},{"distance":17.26,"mCalorie":0.93,"mOthersTime":0,"mRunTime":0,"mStartTime":61200000,"mTimeUnit":600000,"mWalkTime":13340,"runStep":0,"walkStep":20},{"distance":83.06,"mCalorie":4.43,"mOthersTime":0,"mRunTime":0,"mStartTime":61800000,"mTimeUnit":600000,"mWalkTime":76705,"runStep":0,"walkStep":115},{"distance":107.95999,"mCalorie":5.38,"mOthersTime":0,"mRunTime":0,"mStartTime":62400000,"mTimeUnit":600000,"mWalkTime":98716,"runStep":0,"walkStep":148},{"distance":110.89,"mCalorie":5.58,"mOthersTime":0,"mRunTime":0,"mStartTime":63000000,"mTimeUnit":600000,"mWalkTime":101384,"runStep":0,"walkStep":152},{"distance":195.569,"mCalorie":9.809999,"mOthersTime":0,"mRunTime":4400,"mStartTime":63600000,"mTimeUnit":600000,"mWalkTime":162748,"runStep":11,"walkStep":244},{"distance":194.26001,"mCalorie":9.949999,"mOthersTime":0,"mRunTime":0,"mStartTime":64200000,"mTimeUnit":600000,"mWalkTime":175421,"runStep":0,"walkStep":263},{"distance":150.701,"mCalorie":6.8599997,"mOthersTime":0,"mRunTime":0,"mStartTime":64800000,"mTimeUnit":600000,"mWalkTime":120667,"runStep":0,"walkStep":199},{"distance":63.051,"mCalorie":3.17,"mOthersTime":0,"mRunTime":800,"mStartTime":65400000,"mTimeUnit":600000,"mWalkTime":54027,"runStep":2,"walkStep":81},{"distance":125.428,"mCalorie":6.51,"mOthersTime":0,"mRunTime":2000,"mStartTime":66000000,"mTimeUnit":600000,"mWalkTime":106053,"runStep":5,"walkStep":159},{"distance":128.07799,"mCalorie":7.6899996,"mOthersTime":0,"mRunTime":12400,"mStartTime":67200000,"mTimeUnit":600000,"mWalkTime":94714,"runStep":31,"walkStep":142},{"distance":90.01101,"mCalorie":4.77,"mOthersTime":0,"mRunTime":5600,"mStartTime":67800000,"mTimeUnit":600000,"mWalkTime":68701,"runStep":14,"walkStep":103},{"distance":88.32001,"mCalorie":4.6000004,"mOthersTime":0,"mRunTime":4400,"mStartTime":69000000,"mTimeUnit":600000,"mWalkTime":70035,"runStep":11,"walkStep":105},{"distance":82.509995,"mCalorie":4.0699997,"mOthersTime":0,"mRunTime":0,"mStartTime":69600000,"mTimeUnit":600000,"mWalkTime":74704,"runStep":0,"walkStep":112},{"distance":60.92,"mCalorie":3.94,"mOthersTime":0,"mRunTime":0,"mStartTime":70200000,"mTimeUnit":600000,"mWalkTime":70702,"runStep":0,"walkStep":106},{"distance":44.21,"mCalorie":2.31,"mOthersTime":0,"mRunTime":0,"mStartTime":72000000,"mTimeUnit":600000,"mWalkTime":40687,"runStep":0,"walkStep":61},{"distance":222.71999,"mCalorie":11.940001,"mOthersTime":0,"mRunTime":0,"mStartTime":73200000,"mTimeUnit":600000,"mWalkTime":191369,"runStep":0,"walkStep":311},{"distance":9.85,"mCalorie":0.48,"mOthersTime":0,"mRunTime":0,"mStartTime":73800000,"mTimeUnit":600000,"mWalkTime":8004,"runStep":0,"walkStep":12},{"distance":25.79,"mCalorie":1.38,"mOthersTime":0,"mRunTime":0,"mStartTime":75600000,"mTimeUnit":600000,"mWalkTime":23345,"runStep":0,"walkStep":35},{"distance":27.61,"mCalorie":1.24,"mOthersTime":0,"mRunTime":0,"mStartTime":76800000,"mTimeUnit":600000,"mWalkTime":24012,"runStep":0,"walkStep":36},{"distance":13.690001,"mCalorie":0.7,"mOthersTime":0,"mRunTime":0,"mStartTime":77400000,"mTimeUnit":600000,"mWalkTime":12673,"runStep":0,"walkStep":19},{"distance":4.54,"mCalorie":0.21,"mOthersTime":0,"mRunTime":0,"mStartTime":82200000,"mTimeUnit":600000,"mWalkTime":4002,"runStep":0,"walkStep":6},{"distance":199.23001,"mCalorie":10.710001,"mOthersTime":0,"mRunTime":0,"mStartTime":82800000,"mTimeUnit":600000,"mWalkTime":187397,"runStep":0,"walkStep":281},{"distance":20.92,"mCalorie":1.0400001,"mOthersTime":0,"mRunTime":0,"mStartTime":85200000,"mTimeUnit":600000,"mWalkTime":18676,"runStep":0,"walkStep":28},{"distance":60.45,"mCalorie":3.07,"mOthersTime":0,"mRunTime":2400,"mStartTime":85800000,"mTimeUnit":600000,"mWalkTime":46690,"runStep":6,"walkStep":70}],"version":1}