{"mActivityList":[{"mActiveTime":600000,"mActiveTimeType":2,"mCalorie":62.69,"mCategory":204,"mDetailInfoId":"1f839c73-b2bb-732f-889c-5e131f6d8370","mDistance":0.0,"mDuration":600000,"mEndTime":58248179,"mStartTime":57648179,"mType":11007}],"mAdaptiveGoal":0,"mIsGoalAchieved":false,"mIsMostActiveAchieved":false,"mMostActiveMinutes":0,"mStreakDayCount":0,"mUnitDataList":[{"distance":9.33,"mCalorie":0.51,"mOthersTime":0,"mRunTime":400,"mStartTime":16800000,"mTimeUnit":600000,"mWalkTime":6670,"runStep":1,"walkStep":10},{"distance":10.05,"mCalorie":0.45,"mOthersTime":0,"mRunTime":0,"mStartTime":17400000,"mTimeUnit":600000,"mWalkTime":8671,"runStep":0,"walkStep":13},{"distance":14.89,"mCalorie":0.87,"mOthersTime":0,"mRunTime":0,"mStartTime":18000000,"mTimeUnit":600000,"mWalkTime":12006,"runStep":0,"walkStep":18},{"distance":64.92,"mCalorie":3.37,"mOthersTime":0,"mRunTime":1200,"mStartTime":23400000,"mTimeUnit":600000,"mWalkTime":53360,"runStep":3,"walkStep":80},{"distance":82.57,"mCalorie":4.51,"mOthersTime":0,"mRunTime":0,"mStartTime":24000000,"mTimeUnit":600000,"mWalkTime":83375,"runStep":0,"walkStep":125},{"distance":202.42,"mCalorie":9.75,"mOthersTime":0,"mRunTime":0,"mStartTime":24600000,"mTimeUnit":600000,"mWalkTime":172723,"runStep":0,"walkStep":273},{"distance":11.63,"mCalorie":0.46999997,"mOthersTime":0,"mRunTime":0,"mStartTime":25200000,"mTimeUnit":600000,"mWalkTime":9338,"runStep":0,"walkStep":14},{"distance":147.19,"mCalorie":7.7599998,"mOthersTime":0,"mRunTime":0,"mStartTime":27000000,"mTimeUnit":600000,"mWalkTime":123365,"runStep":0,"walkStep":198},{"distance":18.36,"mCalorie":0.94,"mOthersTime":0,"mRunTime":0,"mStartTime":27600000,"mTimeUnit":600000,"mWalkTime":16675,"runStep":0,"walkStep":25},{"distance":59.51,"mCalorie":3.01,"mOthersTime":0,"mRunTime":0,"mStartTime":28200000,"mTimeUnit":600000,"mWalkTime":54027,"runStep":0,"walkStep":81},{"distance":10.12,"mCalorie":0.41,"mOthersTime":0,"mRunTime":0,"mStartTime":30600000,"mTimeUnit":600000,"mWalkTime":8671,"runStep":0,"walkStep":13},{"distance":174.97998,"mCalorie":9.59,"mOthersTime":0,"mRunTime":0,"mStartTime":31200000,"mTimeUnit":600000,"mWalkTime":168084,"runStep":0,"walkStep":252},{"distance":34.07,"mCalorie":1.8999999,"mOthersTime":0,"mRunTime":0,"mStartTime":32400000,"mTimeUnit":600000,"mWalkTime":32016,"runStep":0,"walkStep":48},{"distance":6.77,"mCalorie":0.41,"mOthersTime":0,"mRunTime":0,"mStartTime":33000000,"mTimeUnit":600000,"mWalkTime":6670,"runStep":0,"walkStep":10},{"distance":160.42,"mCalorie":8.209999,"mOthersTime":0,"mRunTime":0,"mStartTime":33600000,"mTimeUnit":600000,"mWalkTime":140737,"runStep":0,"walkStep":211},{"distance":88.77999,"mCalorie":4.09,"mOthersTime":0,"mRunTime":0,"mStartTime":34200000,"mTimeUnit":600000,"mWalkTime":78706,"runStep":0,"walkStep":118},{"distance":25.57,"mCalorie":1.2,"mOthersTime":0,"mRunTime":0,"mStartTime":34800000,"mTimeUnit":600000,"mWalkTime":23345,"runStep":0,"walkStep":35},{"distance":51.96,"mCalorie":2.73,"mOthersTime":0,"mRunTime":0,"mStartTime":35400000,"mTimeUnit":600000,"mWalkTime":48024,"runStep":0,"walkStep":72},{"distance":27.03,"mCalorie":1.53,"mOthersTime":0,"mRunTime":0,"mStartTime":36000000,"mTimeUnit":600000,"mWalkTime":26013,"runStep":0,"walkStep":39},{"distance":46.42,"mCalorie":2.35,"mOthersTime":0,"mRunTime":0,"mStartTime":38400000,"mTimeUnit":600000,"mWalkTime":43355,"runStep":0,"walkStep":65},{"distance":81.82,"mCalorie":4.0099998,"mOthersTime":0,"mRunTime":0,"mStartTime":39000000,"mTimeUnit":600000,"mWalkTime":73370,"runStep":0,"walkStep":110},{"distance":12.81,"mCalorie":0.68,"mOthersTime":0,"mRunTime":0,"mStartTime":39600000,"mTimeUnit":600000,"mWalkTime":12006,"runStep":0,"walkStep":18},{"distance":29.39,"mCalorie":1.6800001,"mOthersTime":0,"mRunTime":800,"mStartTime":40200000,"mTimeUnit":600000,"mWalkTime":24679,"runStep":2,"walkStep":37},{"distance":161.68001,"mCalorie":8.13,"mOthersTime":0,"mRunTime":1200,"mStartTime":41400000,"mTimeUnit":600000,"mWalkTime":136735,"runStep":3,"walkStep":205},{"distance":65.83,"mCalorie":3.1999998,"mOthersTime":0,"mRunTime":400,"mStartTime":42000000,"mTimeUnit":600000,"mWalkTime":60030,"runStep":1,"walkStep":90},{"distance":198.96103,"mCalorie":10.43,"mOthersTime":0,"mRunTime":0,"mStartTime":42600000,"mTimeUnit":600000,"mWalkTime":175391,"runStep":0,"walkStep":273},{"distance":77.89,"mCalorie":3.77,"mOthersTime":0,"mRunTime":0,"mStartTime":43200000,"mTimeUnit":600000,"mWalkTime":70702,"runStep":0,"walkStep":106},{"distance":62.76,"mCalorie":3.0500002,"mOthersTime":0,"mRunTime":800,"mStartTime":43800000,"mTimeUnit":600000,"mWalkTime":54027,"runStep":2,"walkStep":81},{"distance":201.05,"mCalorie":10.559999,"mOthersTime":0,"mRunTime":400,"mStartTime":45600000,"mTimeUnit":600000,"mWalkTime":181394,"runStep":1,"walkStep":273},{"distance":167.37,"mCalorie":8.96,"mOthersTime":0,"mRunTime":0,"mStartTime":46200000,"mTimeUnit":600000,"mWalkTime":154744,"runStep":0,"walkStep":232},{"distance":229.15,"mCalorie":12.550001,"mOthersTime":0,"mRunTime":0,"mStartTime":46800000,"mTimeUnit":600000,"mWalkTime":215441,"runStep":0,"walkStep":323},{"distance":116.72,"mCalorie":6.1,"mOthersTime":0,"mRunTime":0,"mStartTime":47400000,"mTimeUnit":600000,"mWalkTime":106720,"runStep":0,"walkStep":160},{"distance":9.511,"mCalorie":0.52,"mOthersTime":0,"mRunTime":0,"mStartTime":48000000,"mTimeUnit":600000,"mWalkTime":8671,"runStep":0,"walkStep":13},{"distance":29.58,"mCalorie":1.55,"mOthersTime":0,"mRunTime":0,"mStartTime":48600000,"mTimeUnit":600000,"mWalkTime":27347,"runStep":0,"walkStep":41},{"distance":55.04,"mCalorie":3.08,"mOthersTime":0,"mRunTime":0,"mStartTime":49200000,"mTimeUnit":600000,"mWalkTime":51359,"runStep":0,"walkStep":77},{"distance":7.63,"mCalorie":0.35,"mOthersTime":0,"mRunTime":0,"mStartTime":49800000,"mTimeUnit":600000,"mWalkTime":6670,"runStep":0,"walkStep":10},{"distance":81.76,"mCalorie":4.12,"mOthersTime":0,"mRunTime":3200,"mStartTime":50400000,"mTimeUnit":600000,"mWalkTime":63365,"runStep":8,"walkStep":95},{"distance":156.47,"mCalorie":8.13,"mOthersTime":0,"mRunTime":3200,"mStartTime":51000000,"mTimeUnit":600000,"mWalkTime":132733,"runStep":8,"walkStep":199},{"distance":48.260002,"mCalorie":2.78,"mOthersTime":0,"mRunTime":800,"mStartTime":51600000,"mTimeUnit":600000,"mWalkTime":42021,"runStep":2,"walkStep":63},{"distance":68.42,"mCalorie":3.6200001,"mOthersTime":0,"mRunTime":3600,"mStartTime":52200000,"mTimeUnit":600000,"mWalkTime":52026,"runStep":9,"walkStep":78},{"distance":7.67,"mCalorie":0.32,"mOthersTime":0,"mRunTime":0,"mStartTime":52800000,"mTimeUnit":600000,"mWalkTime":6670,"runStep":0,"walkStep":10},{"distance":7.92,"mCalorie":0.42,"mOthersTime":0,"mRunTime":0,"mStartTime":53400000,"mTimeUnit":600000,"mWalkTime":7337,"runStep":0,"walkStep":11},{"distance":9.38,"mCalorie":0.52,"mOthersTime":0,"mRunTime":400,"mStartTime":56400000,"mTimeUnit":600000,"mWalkTime":6670,"runStep":1,"walkStep":10},{"distance":138.299,"mCalorie":6.7000003,"mOthersTime":0,"mRunTime":0,"mStartTime":57000000,"mTimeUnit":600000,"mWalkTime":127397,"runStep":0,"walkStep":191},{"distance":35.540043,"mCalorie":60.273823,"mOthersTime":551821,"mRunTime":0,"mStartTime":57600000,"mTimeUnit":600000,"mWalkTime":35348,"runStep":2,"walkStep":596},{"distance":187.2934,"mCalorie":15.2231,"mOthersTime":48179,"mRunTime":0,"mStartTime":58200000,"mTimeUnit":600000,"mWalkTime":175968,"runStep":0,"walkStep":312},{"distance":91.34,"mCalorie":4.98,"mOthersTime":0,"mRunTime":0,"mStartTime":58800000,"mTimeUnit":600000,"mWalkTime":85376,"runStep":0,"walkStep":128},{"distance":197.46999,"mCalorie":10.4800005,"mOthersTime":0,"mRunTime":0,"mStartTime":59400000,"mTimeUnit":600000,"mWalkTime":184092,"runStep":0,"walkStep":276},{"distance":127.86001,"mCalorie":6.299999,"mOthersTime":0,"mRunTime":0,"mStartTime":60600000,"mTimeUnit":600000,"mWalkTime":114724,"runStep":0,"walkStep":172},{"distance":9.66,"mCalorie":0.49,"mOthersTime":0,"mRunTime":0,"mStartTime":61200000,"mTimeUnit":600000,"mWalkTime":8671,"runStep":0,"walkStep":13},{"distance":53.810005,"mCalorie":2.52,"mOthersTime":0,"mRunTime":0,"mStartTime":61800000,"mTimeUnit":600000,"mWalkTime":48024,"runStep":0,"walkStep":72},{"distance":10.73,"mCalorie":0.49,"mOthersTime":0,"mRunTime":0,"mStartTime":64200000,"mTimeUnit":600000,"mWalkTime":9338,"runStep":0,"walkStep":14},{"distance":7.77,"mCalorie":0.38,"mOthersTime":0,"mRunTime":0,"mStartTime":66600000,"mTimeUnit":600000,"mWalkTime":7337,"runStep":0,"walkStep":11},{"distance":35.87,"mCalorie":1.8699999,"mOthersTime":0,"mRunTime":0,"mStartTime":67800000,"mTimeUnit":600000,"mWalkTime":32683,"runStep":0,"walkStep":49},{"distance":183.11,"mCalorie":10.02,"mOthersTime":0,"mRunTime":8800,"mStartTime":68400000,"mTimeUnit":600000,"mWalkTime":141404,"runStep":22,"walkStep":212},{"distance":48.98,"mCalorie":2.25,"mOthersTime":0,"mRunTime":0,"mStartTime":69000000,"mTimeUnit":600000,"mWalkTime":43355,"runStep":0,"walkStep":65},{"distance":8.45,"mCalorie":0.56,"mOthersTime":0,"mRunTime":0,"mStartTime":70200000,"mTimeUnit":600000,"mWalkTime":6670,"runStep":0,"walkStep":10},{"distance":79.479996,"mCalorie":4.01,"mOthersTime":0,"mRunTime":0,"mStartTime":71400000,"mTimeUnit":600000,"mWalkTime":72036,"runStep":0,"walkStep":108},{"distance":66.97,"mCalorie":3.04,"mOthersTime":0,"mRunTime":0,"mStartTime":72000000,"mTimeUnit":600000,"mWalkTime":60030,"runStep":0,"walkStep":90},{"distance":58.44,"mCalorie":3.24,"mOthersTime":0,"mRunTime":0,"mStartTime":72600000,"mTimeUnit":600000,"mWalkTime":54694,"runStep":0,"walkStep":82},{"distance":81.881,"mCalorie":4.56,"mOthersTime":0,"mRunTime":2400,"mStartTime":80400000,"mTimeUnit":600000,"mWalkTime":67367,"runStep":6,"walkStep":101}],"version":1}