{"mAdaptiveGoal":0,"mIsGoalAchieved":false,"mIsMostActiveAchieved":false,"mMostActiveMinutes":0,"mStreakDayCount":0,"mUnitDataList":[{"distance":24.07,"mCalorie":1.15,"mOthersTime":0,"mRunTime":1600,"mStartTime":6000000,"mTimeUnit":600000,"mWalkTime":17342,"runStep":4,"walkStep":26},{"distance":9.43,"mCalorie":0.43,"mOthersTime":0,"mRunTime":0,"mStartTime":6600000,"mTimeUnit":600000,"mWalkTime":8671,"runStep":0,"walkStep":13},{"distance":15.91,"mCalorie":0.66,"mOthersTime":0,"mRunTime":0,"mStartTime":79200000,"mTimeUnit":600000,"mWalkTime":14007,"runStep":0,"walkStep":21}],"version":1}