{"mActivityList":[{"mActiveTime":600000,"mActiveTimeType":2,"mCalorie":52.46,"mCategory":204,"mDetailInfoId":"8408f891-7a10-d6a1-5462-43e20d175ab6","mDistance":0.0,"mDuration":600000,"mEndTime":61998154,"mStartTime":61398154,"mType":11007}],"mAdaptiveGoal":0,"mIsGoalAchieved":false,"mIsMostActiveAchieved":false,"mMostActiveMinutes":0,"mStreakDayCount":0,"mUnitDataList":[{"distance":8.42,"mCalorie":0.33,"mOthersTime":0,"mRunTime":0,"mStartTime":16200000,"mTimeUnit":600000,"mWalkTime":6670,"runStep":0,"walkStep":10},{"distance":31.199999,"mCalorie":1.3299999,"mOthersTime":0,"mRunTime":0,"mStartTime":23400000,"mTimeUnit":600000,"mWalkTime":26680,"runStep":0,"walkStep":40},{"distance":89.573,"mCalorie":4.7799997,"mOthersTime":0,"mRunTime":400,"mStartTime":24000000,"mTimeUnit":600000,"mWalkTime":83375,"runStep":1,"walkStep":125},{"distance":10.09,"mCalorie":0.32,"mOthersTime":0,"mRunTime":400,"mStartTime":24600000,"mTimeUnit":600000,"mWalkTime":6670,"runStep":1,"walkStep":10},{"distance":50.350002,"mCalorie":2.46,"mOthersTime":0,"mRunTime":0,"mStartTime":25200000,"mTimeUnit":600000,"mWalkTime":46023,"runStep":0,"walkStep":69},{"distance":29.65,"mCalorie":1.42,"mOthersTime":0,"mRunTime":0,"mStartTime":25800000,"mTimeUnit":600000,"mWalkTime":26680,"runStep":0,"walkStep":40},{"distance":43.03,"mCalorie":2.1,"mOthersTime":0,"mRunTime":0,"mStartTime":27600000,"mTimeUnit":600000,"mWalkTime":39353,"runStep":0,"walkStep":59},{"distance":63.939,"mCalorie":3.1100001,"mOthersTime":0,"mRunTime":0,"mStartTime":28200000,"mTimeUnit":600000,"mWalkTime":56028,"runStep":0,"walkStep":84},{"distance":6.95,"mCalorie":0.34,"mOthersTime":0,"mRunTime":0,"mStartTime":28800000,"mTimeUnit":600000,"mWalkTime":6670,"runStep":0,"walkStep":10},{"distance":18.76,"mCalorie":0.95000005,"mOthersTime":0,"mRunTime":0,"mStartTime":34800000,"mTimeUnit":600000,"mWalkTime":17342,"runStep":0,"walkStep":26},{"distance":45.519997,"mCalorie":2.26,"mOthersTime":0,"mRunTime":0,"mStartTime":35400000,"mTimeUnit":600000,"mWalkTime":40020,"runStep":0,"walkStep":60},{"distance":20.11,"mCalorie":1.0799999,"mOthersTime":0,"mRunTime":0,"mStartTime":36000000,"mTimeUnit":600000,"mWalkTime":18676,"runStep":0,"walkStep":28},{"distance":23.32,"mCalorie":1.2,"mOthersTime":0,"mRunTime":0,"mStartTime":36600000,"mTimeUnit":600000,"mWalkTime":21344,"runStep":0,"walkStep":32},{"distance":8.23,"mCalorie":0.55,"mOthersTime":0,"mRunTime":0,"mStartTime":39600000,"mTimeUnit":600000,"mWalkTime":8004,"runStep":0,"walkStep":12},{"distance":40.83,"mCalorie":2.13,"mOthersTime":0,"mRunTime":0,"mStartTime":40200000,"mTimeUnit":600000,"mWalkTime":38686,"runStep":0,"walkStep":58},{"distance":8.21,"mCalorie":0.6,"mOthersTime":0,"mRunTime":0,"mStartTime":40800000,"mTimeUnit":600000,"mWalkTime":8004,"runStep":0,"walkStep":12},{"distance":27.8,"mCalorie":1.3299999,"mOthersTime":0,"mRunTime":0,"mStartTime":41400000,"mTimeUnit":600000,"mWalkTime":24012,"runStep":0,"walkStep":36},{"distance":41.891003,"mCalorie":2.2,"mOthersTime":0,"mRunTime":400,"mStartTime":42000000,"mTimeUnit":600000,"mWalkTime":36018,"runStep":1,"walkStep":54},{"distance":130.31999,"mCalorie":8.52,"mOthersTime":0,"mRunTime":4000,"mStartTime":42600000,"mTimeUnit":600000,"mWalkTime":116058,"runStep":10,"walkStep":174},{"distance":128.15999,"mCalorie":6.930001,"mOthersTime":0,"mRunTime":0,"mStartTime":43200000,"mTimeUnit":600000,"mWalkTime":119393,"runStep":0,"walkStep":179},{"distance":12.72,"mCalorie":0.55,"mOthersTime":0,"mRunTime":0,"mStartTime":43800000,"mTimeUnit":600000,"mWalkTime":10672,"runStep":0,"walkStep":16},{"distance":9.309,"mCalorie":0.4,"mOthersTime":0,"mRunTime":0,"mStartTime":44400000,"mTimeUnit":600000,"mWalkTime":8004,"runStep":0,"walkStep":12},{"distance":97.22,"mCalorie":4.56,"mOthersTime":0,"mRunTime":0,"mStartTime":45600000,"mTimeUnit":600000,"mWalkTime":87377,"runStep":0,"walkStep":131},{"distance":57.379997,"mCalorie":3.03,"mOthersTime":0,"mRunTime":0,"mStartTime":46200000,"mTimeUnit":600000,"mWalkTime":52026,"runStep":0,"walkStep":78},{"distance":47.99,"mCalorie":2.7,"mOthersTime":0,"mRunTime":0,"mStartTime":46800000,"mTimeUnit":600000,"mWalkTime":43355,"runStep":0,"walkStep":65},{"distance":19.64,"mCalorie":0.92999995,"mOthersTime":0,"mRunTime":0,"mStartTime":48000000,"mTimeUnit":600000,"mWalkTime":16675,"runStep":0,"walkStep":25},{"distance":10.64,"mCalorie":0.52,"mOthersTime":0,"mRunTime":0,"mStartTime":48600000,"mTimeUnit":600000,"mWalkTime":9338,"runStep":0,"walkStep":14},{"distance":7.76,"mCalorie":0.32,"mOthersTime":0,"mRunTime":0,"mStartTime":49200000,"mTimeUnit":600000,"mWalkTime":6670,"runStep":0,"walkStep":10},{"distance":12.81,"mCalorie":0.65,"mOthersTime":0,"mRunTime":0,"mStartTime":49800000,"mTimeUnit":600000,"mWalkTime":12006,"runStep":0,"walkStep":18},{"distance":16.39,"mCalorie":0.83,"mOthersTime":0,"mRunTime":0,"mStartTime":50400000,"mTimeUnit":600000,"mWalkTime":15341,"runStep":0,"walkStep":23},{"distance":20.099998,"mCalorie":0.96999997,"mOthersTime":0,"mRunTime":0,"mStartTime":51000000,"mTimeUnit":600000,"mWalkTime":18009,"runStep":0,"walkStep":27},{"distance":46.18,"mCalorie":2.53,"mOthersTime":0,"mRunTime":1200,"mStartTime":51600000,"mTimeUnit":600000,"mWalkTime":36685,"runStep":3,"walkStep":55},{"distance":8.63,"mCalorie":0.44,"mOthersTime":0,"mRunTime":0,"mStartTime":52200000,"mTimeUnit":600000,"mWalkTime":6670,"runStep":0,"walkStep":10},{"distance":100.258,"mCalorie":4.97,"mOthersTime":0,"mRunTime":0,"mStartTime":52800000,"mTimeUnit":600000,"mWalkTime":92713,"runStep":0,"walkStep":139},{"distance":10.06,"mCalorie":0.49,"mOthersTime":0,"mRunTime":0,"mStartTime":53400000,"mTimeUnit":600000,"mWalkTime":9338,"runStep":0,"walkStep":14},{"distance":10.5,"mCalorie":0.54,"mOthersTime":0,"mRunTime":0,"mStartTime":55200000,"mTimeUnit":600000,"mWalkTime":10005,"runStep":0,"walkStep":15},{"distance":13.16,"mCalorie":0.66,"mOthersTime":0,"mRunTime":0,"mStartTime":57000000,"mTimeUnit":600000,"mWalkTime":12006,"runStep":0,"walkStep":18},{"distance":40.469,"mCalorie":2.0500002,"mOthersTime":0,"mRunTime":0,"mStartTime":57600000,"mTimeUnit":600000,"mWalkTime":37352,"runStep":0,"walkStep":56},{"distance":16.17,"mCalorie":0.74,"mOthersTime":0,"mRunTime":0,"mStartTime":58200000,"mTimeUnit":600000,"mWalkTime":14007,"runStep":0,"walkStep":21},{"distance":112.91999,"mCalorie":6.1199994,"mOthersTime":0,"mRunTime":0,"mStartTime":58800000,"mTimeUnit":600000,"mWalkTime":109388,"runStep":0,"walkStep":164},{"distance":233.06998,"mCalorie":12.0,"mOthersTime":0,"mRunTime":0,"mStartTime":59400000,"mTimeUnit":600000,"mWalkTime":214107,"runStep":0,"walkStep":321},{"distance":44.96,"mCalorie":2.22,"mOthersTime":0,"mRunTime":0,"mStartTime":60600000,"mTimeUnit":600000,"mWalkTime":41354,"runStep":0,"walkStep":62},{"distance":70.37,"mCalorie":38.464737,"mOthersTime":401846,"mRunTime":0,"mStartTime":61200000,"mTimeUnit":600000,"mWalkTime":62698,"runStep":0,"walkStep":94},{"distance":47.997166,"mCalorie":19.752392,"mOthersTime":198154,"mRunTime":0,"mStartTime":61800000,"mTimeUnit":600000,"mWalkTime":44004,"runStep":0,"walkStep":97},{"distance":72.51,"mCalorie":3.41,"mOthersTime":0,"mRunTime":1200,"mStartTime":62400000,"mTimeUnit":600000,"mWalkTime":60030,"runStep":3,"walkStep":90},{"distance":7.27,"mCalorie":0.31,"mOthersTime":0,"mRunTime":0,"mStartTime":65400000,"mTimeUnit":600000,"mWalkTime":6670,"runStep":0,"walkStep":10},{"distance":8.25,"mCalorie":0.26,"mOthersTime":0,"mRunTime":0,"mStartTime":66000000,"mTimeUnit":600000,"mWalkTime":6670,"runStep":0,"walkStep":10},{"distance":74.229996,"mCalorie":3.79,"mOthersTime":0,"mRunTime":0,"mStartTime":66600000,"mTimeUnit":600000,"mWalkTime":66033,"runStep":0,"walkStep":99},{"distance":52.97,"mCalorie":2.77,"mOthersTime":0,"mRunTime":0,"mStartTime":67200000,"mTimeUnit":600000,"mWalkTime":49358,"runStep":0,"walkStep":74},{"distance":23.54,"mCalorie":1.16,"mOthersTime":0,"mRunTime":0,"mStartTime":67800000,"mTimeUnit":600000,"mWalkTime":21344,"runStep":0,"walkStep":32},{"distance":10.31,"mCalorie":0.48,"mOthersTime":0,"mRunTime":0,"mStartTime":68400000,"mTimeUnit":600000,"mWalkTime":8671,"runStep":0,"walkStep":13},{"distance":65.438,"mCalorie":3.31,"mOthersTime":0,"mRunTime":1200,"mStartTime":69600000,"mTimeUnit":600000,"mWalkTime":56028,"runStep":3,"walkStep":84},{"distance":69.72,"mCalorie":3.5300002,"mOthersTime":0,"mRunTime":0,"mStartTime":70200000,"mTimeUnit":600000,"mWalkTime":62698,"runStep":0,"walkStep":94},{"distance":4.8,"mCalorie":0.21,"mOthersTime":0,"mRunTime":0,"mStartTime":75600000,"mTimeUnit":600000,"mWalkTime":4002,"runStep":0,"walkStep":6},{"distance":14.43,"mCalorie":0.78,"mOthersTime":0,"mRunTime":0,"mStartTime":79800000,"mTimeUnit":600000,"mWalkTime":13340,"runStep":0,"walkStep":20},{"distance":19.38,"mCalorie":1.01,"mOthersTime":0,"mRunTime":0,"mStartTime":80400000,"mTimeUnit":600000,"mWalkTime":18009,"runStep":0,"walkStep":27}],"version":1}