{"mActivityList":[{"mActiveTime":600000,"mActiveTimeType":2,"mCalorie":78.08,"mCategory":204,"mDetailInfoId":"2e9d539a-e3f8-9be4-f4b5-667508a9196f","mDistance":0.0,"mDuration":600000,"mEndTime":61202036,"mStartTime":60602036,"mType":11007}],"mAdaptiveGoal":0,"mIsGoalAchieved":false,"mIsMostActiveAchieved":false,"mMostActiveMinutes":0,"mStreakDayCount":0,"mUnitDataList":[{"distance":11.1,"mCalorie":0.66,"mOthersTime":0,"mRunTime":1600,"mStartTime":4200000,"mTimeUnit":600000,"mWalkTime":6670,"runStep":4,"walkStep":10},{"distance":7.83,"mCalorie":0.44,"mOthersTime":0,"mRunTime":0,"mStartTime":6000000,"mTimeUnit":600000,"mWalkTime":7337,"runStep":0,"walkStep":11},{"distance":14.03,"mCalorie":0.67,"mOthersTime":0,"mRunTime":400,"mStartTime":12000000,"mTimeUnit":600000,"mWalkTime":6670,"runStep":1,"walkStep":10},{"distance":58.361004,"mCalorie":3.06,"mOthersTime":0,"mRunTime":800,"mStartTime":18600000,"mTimeUnit":600000,"mWalkTime":50025,"runStep":2,"walkStep":75},{"distance":140.554,"mCalorie":7.4700003,"mOthersTime":0,"mRunTime":0,"mStartTime":19200000,"mTimeUnit":600000,"mWalkTime":133400,"runStep":0,"walkStep":200},{"distance":59.6,"mCalorie":2.85,"mOthersTime":0,"mRunTime":0,"mStartTime":19800000,"mTimeUnit":600000,"mWalkTime":54027,"runStep":0,"walkStep":81},{"distance":43.56,"mCalorie":1.99,"mOthersTime":0,"mRunTime":0,"mStartTime":20400000,"mTimeUnit":600000,"mWalkTime":38686,"runStep":0,"walkStep":58},{"distance":64.49,"mCalorie":3.3,"mOthersTime":0,"mRunTime":0,"mStartTime":21600000,"mTimeUnit":600000,"mWalkTime":59363,"runStep":0,"walkStep":89},{"distance":51.22,"mCalorie":2.8200002,"mOthersTime":0,"mRunTime":0,"mStartTime":22200000,"mTimeUnit":600000,"mWalkTime":46023,"runStep":0,"walkStep":69},{"distance":49.609,"mCalorie":2.5300002,"mOthersTime":0,"mRunTime":0,"mStartTime":22800000,"mTimeUnit":600000,"mWalkTime":46690,"runStep":0,"walkStep":70},{"distance":10.18,"mCalorie":0.54,"mOthersTime":0,"mRunTime":800,"mStartTime":27000000,"mTimeUnit":600000,"mWalkTime":6670,"runStep":2,"walkStep":10},{"distance":42.719,"mCalorie":2.15,"mOthersTime":0,"mRunTime":0,"mStartTime":29400000,"mTimeUnit":600000,"mWalkTime":38686,"runStep":0,"walkStep":58},{"distance":55.69,"mCalorie":3.04,"mOthersTime":0,"mRunTime":4400,"mStartTime":30000000,"mTimeUnit":600000,"mWalkTime":38686,"runStep":11,"walkStep":58},{"distance":24.171001,"mCalorie":1.15,"mOthersTime":0,"mRunTime":0,"mStartTime":30600000,"mTimeUnit":600000,"mWalkTime":21344,"runStep":0,"walkStep":32},{"distance":64.99,"mCalorie":3.38,"mOthersTime":0,"mRunTime":0,"mStartTime":31200000,"mTimeUnit":600000,"mWalkTime":61364,"runStep":0,"walkStep":92},{"distance":36.71,"mCalorie":2.39,"mOthersTime":0,"mRunTime":400,"mStartTime":31800000,"mTimeUnit":600000,"mWalkTime":40020,"runStep":1,"walkStep":60},{"distance":202.04,"mCalorie":10.400001,"mOthersTime":0,"mRunTime":0,"mStartTime":32400000,"mTimeUnit":600000,"mWalkTime":184062,"runStep":0,"walkStep":276},{"distance":11.33,"mCalorie":0.56,"mOthersTime":0,"mRunTime":0,"mStartTime":33000000,"mTimeUnit":600000,"mWalkTime":10005,"runStep":0,"walkStep":15},{"distance":473.0,"mCalorie":26.079998,"mOthersTime":0,"mRunTime":0,"mStartTime":34800000,"mTimeUnit":600000,"mWalkTime":448224,"runStep":0,"walkStep":672},{"distance":185.66699,"mCalorie":9.22,"mOthersTime":0,"mRunTime":0,"mStartTime":35400000,"mTimeUnit":600000,"mWalkTime":157382,"runStep":0,"walkStep":255},{"distance":214.14001,"mCalorie":11.2699995,"mOthersTime":0,"mRunTime":0,"mStartTime":36000000,"mTimeUnit":600000,"mWalkTime":192763,"runStep":0,"walkStep":289},{"distance":137.09999,"mCalorie":6.69,"mOthersTime":0,"mRunTime":0,"mStartTime":36600000,"mTimeUnit":600000,"mWalkTime":113360,"runStep":0,"walkStep":184},{"distance":151.95999,"mCalorie":7.7900004,"mOthersTime":0,"mRunTime":0,"mStartTime":37200000,"mTimeUnit":600000,"mWalkTime":124032,"runStep":0,"walkStep":204},{"distance":148.34001,"mCalorie":7.38,"mOthersTime":0,"mRunTime":0,"mStartTime":37800000,"mTimeUnit":600000,"mWalkTime":117362,"runStep":0,"walkStep":195},{"distance":73.240005,"mCalorie":3.77,"mOthersTime":0,"mRunTime":3600,"mStartTime":38400000,"mTimeUnit":600000,"mWalkTime":50025,"runStep":9,"walkStep":75},{"distance":12.13,"mCalorie":0.88,"mOthersTime":0,"mRunTime":2400,"mStartTime":39000000,"mTimeUnit":600000,"mWalkTime":6670,"runStep":6,"walkStep":10},{"distance":52.280003,"mCalorie":2.58,"mOthersTime":0,"mRunTime":0,"mStartTime":40800000,"mTimeUnit":600000,"mWalkTime":47357,"runStep":0,"walkStep":71},{"distance":34.8,"mCalorie":1.65,"mOthersTime":0,"mRunTime":0,"mStartTime":41400000,"mTimeUnit":600000,"mWalkTime":31349,"runStep":0,"walkStep":47},{"distance":60.140003,"mCalorie":3.06,"mOthersTime":0,"mRunTime":0,"mStartTime":42000000,"mTimeUnit":600000,"mWalkTime":56695,"runStep":0,"walkStep":85},{"distance":231.97,"mCalorie":11.219999,"mOthersTime":0,"mRunTime":0,"mStartTime":42600000,"mTimeUnit":600000,"mWalkTime":194704,"runStep":0,"walkStep":308},{"distance":123.72,"mCalorie":5.96,"mOthersTime":0,"mRunTime":0,"mStartTime":43200000,"mTimeUnit":600000,"mWalkTime":109388,"runStep":0,"walkStep":164},{"distance":47.567,"mCalorie":2.4,"mOthersTime":0,"mRunTime":0,"mStartTime":43800000,"mTimeUnit":600000,"mWalkTime":44022,"runStep":0,"walkStep":66},{"distance":24.629997,"mCalorie":1.2099999,"mOthersTime":0,"mRunTime":0,"mStartTime":45000000,"mTimeUnit":600000,"mWalkTime":22011,"runStep":0,"walkStep":33},{"distance":198.12,"mCalorie":10.639999,"mOthersTime":0,"mRunTime":400,"mStartTime":45600000,"mTimeUnit":600000,"mWalkTime":190762,"runStep":1,"walkStep":286},{"distance":168.70999,"mCalorie":9.13,"mOthersTime":0,"mRunTime":0,"mStartTime":46200000,"mTimeUnit":600000,"mWalkTime":160747,"runStep":0,"walkStep":241},{"distance":96.798,"mCalorie":4.9500003,"mOthersTime":0,"mRunTime":0,"mStartTime":46800000,"mTimeUnit":600000,"mWalkTime":87377,"runStep":0,"walkStep":131},{"distance":38.83,"mCalorie":2.05,"mOthersTime":0,"mRunTime":0,"mStartTime":47400000,"mTimeUnit":600000,"mWalkTime":36018,"runStep":0,"walkStep":54},{"distance":49.100002,"mCalorie":2.28,"mOthersTime":0,"mRunTime":0,"mStartTime":48000000,"mTimeUnit":600000,"mWalkTime":44022,"runStep":0,"walkStep":66},{"distance":29.14,"mCalorie":1.34,"mOthersTime":0,"mRunTime":0,"mStartTime":49200000,"mTimeUnit":600000,"mWalkTime":26013,"runStep":0,"walkStep":39},{"distance":175.79999,"mCalorie":9.360001,"mOthersTime":0,"mRunTime":0,"mStartTime":49800000,"mTimeUnit":600000,"mWalkTime":162748,"runStep":0,"walkStep":244},{"distance":59.31,"mCalorie":3.06,"mOthersTime":0,"mRunTime":0,"mStartTime":50400000,"mTimeUnit":600000,"mWalkTime":54027,"runStep":0,"walkStep":81},{"distance":243.50002,"mCalorie":12.12,"mOthersTime":0,"mRunTime":0,"mStartTime":51000000,"mTimeUnit":600000,"mWalkTime":217442,"runStep":0,"walkStep":326},{"distance":230.68997,"mCalorie":11.389999,"mOthersTime":0,"mRunTime":0,"mStartTime":51600000,"mTimeUnit":600000,"mWalkTime":208104,"runStep":0,"walkStep":312},{"distance":133.31999,"mCalorie":7.32,"mOthersTime":0,"mRunTime":0,"mStartTime":52200000,"mTimeUnit":600000,"mWalkTime":125396,"runStep":0,"walkStep":188},{"distance":50.03,"mCalorie":2.56,"mOthersTime":0,"mRunTime":0,"mStartTime":52800000,"mTimeUnit":600000,"mWalkTime":44022,"runStep":0,"walkStep":66},{"distance":8.88,"mCalorie":0.45,"mOthersTime":0,"mRunTime":0,"mStartTime":53400000,"mTimeUnit":600000,"mWalkTime":8004,"runStep":0,"walkStep":12},{"distance":19.380001,"mCalorie":1.03,"mOthersTime":0,"mRunTime":0,"mStartTime":54000000,"mTimeUnit":600000,"mWalkTime":18009,"runStep":0,"walkStep":27},{"distance":115.397,"mCalorie":6.0200005,"mOthersTime":0,"mRunTime":2800,"mStartTime":59400000,"mTimeUnit":600000,"mWalkTime":100717,"runStep":7,"walkStep":151},{"distance":271.67,"mCalorie":14.4,"mOthersTime":0,"mRunTime":12400,"mStartTime":60000000,"mTimeUnit":600000,"mWalkTime":216775,"runStep":31,"walkStep":325},{"distance":1.9009454,"mCalorie":77.921936,"mOthersTime":597964,"mRunTime":0,"mStartTime":60600000,"mTimeUnit":600000,"mWalkTime":1765,"runStep":0,"walkStep":837},{"distance":102.67323,"mCalorie":5.6189,"mOthersTime":2036,"mRunTime":0,"mStartTime":61200000,"mTimeUnit":600000,"mWalkTime":92699,"runStep":0,"walkStep":142},{"distance":17.59,"mCalorie":0.77,"mOthersTime":0,"mRunTime":0,"mStartTime":61800000,"mTimeUnit":600000,"mWalkTime":15341,"runStep":0,"walkStep":23},{"distance":299.94998,"mCalorie":15.98,"mOthersTime":0,"mRunTime":0,"mStartTime":63000000,"mTimeUnit":600000,"mWalkTime":267437,"runStep":0,"walkStep":410},{"distance":416.61002,"mCalorie":22.789999,"mOthersTime":0,"mRunTime":0,"mStartTime":63600000,"mTimeUnit":600000,"mWalkTime":382161,"runStep":0,"walkStep":581},{"distance":254.25801,"mCalorie":15.14,"mOthersTime":0,"mRunTime":1200,"mStartTime":64200000,"mTimeUnit":600000,"mWalkTime":238119,"runStep":3,"walkStep":357},{"distance":17.789999,"mCalorie":0.90999997,"mOthersTime":0,"mRunTime":0,"mStartTime":64800000,"mTimeUnit":600000,"mWalkTime":16675,"runStep":0,"walkStep":25},{"distance":15.450001,"mCalorie":0.79999995,"mOthersTime":0,"mRunTime":0,"mStartTime":66000000,"mTimeUnit":600000,"mWalkTime":14674,"runStep":0,"walkStep":22},{"distance":26.13,"mCalorie":1.15,"mOthersTime":0,"mRunTime":0,"mStartTime":67800000,"mTimeUnit":600000,"mWalkTime":23345,"runStep":0,"walkStep":35},{"distance":19.06,"mCalorie":1.14,"mOthersTime":0,"mRunTime":1200,"mStartTime":70200000,"mTimeUnit":600000,"mWalkTime":14007,"runStep":3,"walkStep":21},{"distance":87.270004,"mCalorie":4.58,"mOthersTime":0,"mRunTime":2000,"mStartTime":70800000,"mTimeUnit":600000,"mWalkTime":74037,"runStep":5,"walkStep":111},{"distance":278.75,"mCalorie":16.75,"mOthersTime":0,"mRunTime":0,"mStartTime":71400000,"mTimeUnit":600000,"mWalkTime":276138,"runStep":0,"walkStep":414},{"distance":67.699005,"mCalorie":3.3600001,"mOthersTime":0,"mRunTime":0,"mStartTime":72000000,"mTimeUnit":600000,"mWalkTime":60030,"runStep":0,"walkStep":90},{"distance":25.83,"mCalorie":1.21,"mOthersTime":0,"mRunTime":0,"mStartTime":72600000,"mTimeUnit":600000,"mWalkTime":23345,"runStep":0,"walkStep":35},{"distance":57.440002,"mCalorie":2.8400002,"mOthersTime":0,"mRunTime":0,"mStartTime":73800000,"mTimeUnit":600000,"mWalkTime":52026,"runStep":0,"walkStep":78},{"distance":28.28,"mCalorie":1.71,"mOthersTime":0,"mRunTime":2400,"mStartTime":76200000,"mTimeUnit":600000,"mWalkTime":17342,"runStep":6,"walkStep":26},{"distance":91.938995,"mCalorie":4.7699995,"mOthersTime":0,"mRunTime":3600,"mStartTime":76800000,"mTimeUnit":600000,"mWalkTime":79373,"runStep":9,"walkStep":119},{"distance":50.73,"mCalorie":2.46,"mOthersTime":0,"mRunTime":0,"mStartTime":78000000,"mTimeUnit":600000,"mWalkTime":46023,"runStep":0,"walkStep":69},{"distance":9.9,"mCalorie":0.59,"mOthersTime":0,"mRunTime":0,"mStartTime":79800000,"mTimeUnit":600000,"mWalkTime":7337,"runStep":0,"walkStep":11},{"distance":59.53,"mCalorie":2.8899999,"mOthersTime":0,"mRunTime":0,"mStartTime":80400000,"mTimeUnit":600000,"mWalkTime":54027,"runStep":0,"walkStep":81},{"distance":188.94,"mCalorie":10.320002,"mOthersTime":0,"mRunTime":0,"mStartTime":81000000,"mTimeUnit":600000,"mWalkTime":175421,"runStep":0,"walkStep":263},{"distance":98.3,"mCalorie":5.26,"mOthersTime":0,"mRunTime":2800,"mStartTime":81600000,"mTimeUnit":600000,"mWalkTime":80707,"runStep":7,"walkStep":121},{"distance":28.008999,"mCalorie":1.4,"mOthersTime":0,"mRunTime":0,"mStartTime":82200000,"mTimeUnit":600000,"mWalkTime":24679,"runStep":0,"walkStep":37}],"version":1}