{"mActivityList":[{"mActiveTime":2593954,"mActiveTimeType":0,"mCalorie":274.0,"mCategory":204,"mDetailInfoId":"afa1d9b4-03e4-987f-100c-fa865c0224f9","mDistance":2960.968,"mDuration":2593954,"mEndTime":38692427,"mStartTime":36098473,"mType":1001},{"mActiveTime":1357688,"mActiveTimeType":0,"mCalorie":151.0,"mCategory":204,"mDetailInfoId":"68cbb8de-1940-d0ca-4343-9a9a50aa70e8","mDistance":1454.13,"mDuration":1357688,"mEndTime":40740118,"mStartTime":39382430,"mType":1001},{"mActiveTime":1435904,"mActiveTimeType":0,"mCalorie":150.0,"mCategory":204,"mDetailInfoId":"3ec4beff-6052-b43a-3234-d76e7bd41f7c","mDistance":1541.54,"mDuration":1435904,"mEndTime":42367651,"mStartTime":40931747,"mType":1001}],"mAdaptiveGoal":0,"mIsGoalAchieved":false,"mIsMostActiveAchieved":false,"mMostActiveMinutes":0,"mStreakDayCount":0,"mUnitDataList":[{"distance":14.71,"mCalorie":0.8,"mOthersTime":0,"mRunTime":400,"mStartTime":2400000,"mTimeUnit":600000,"mWalkTime":11339,"runStep":1,"walkStep":17},{"distance":10.86,"mCalorie":0.8,"mOthersTime":0,"mRunTime":1600,"mStartTime":13800000,"mTimeUnit":600000,"mWalkTime":6670,"runStep":4,"walkStep":10},{"distance":8.95,"mCalorie":0.32,"mOthersTime":0,"mRunTime":0,"mStartTime":17400000,"mTimeUnit":600000,"mWalkTime":7337,"runStep":0,"walkStep":11},{"distance":9.27,"mCalorie":0.6,"mOthersTime":0,"mRunTime":0,"mStartTime":18000000,"mTimeUnit":600000,"mWalkTime":8004,"runStep":0,"walkStep":12},{"distance":16.12,"mCalorie":0.65,"mOthersTime":0,"mRunTime":0,"mStartTime":24000000,"mTimeUnit":600000,"mWalkTime":13340,"runStep":0,"walkStep":20},{"distance":41.04,"mCalorie":1.8299999,"mOthersTime":0,"mRunTime":0,"mStartTime":24600000,"mTimeUnit":600000,"mWalkTime":35351,"runStep":0,"walkStep":53},{"distance":31.249,"mCalorie":1.53,"mOthersTime":0,"mRunTime":0,"mStartTime":30600000,"mTimeUnit":600000,"mWalkTime":28014,"runStep":0,"walkStep":42},{"distance":20.21,"mCalorie":0.89,"mOthersTime":0,"mRunTime":0,"mStartTime":31200000,"mTimeUnit":600000,"mWalkTime":18009,"runStep":0,"walkStep":27},{"distance":7.59,"mCalorie":0.48,"mOthersTime":0,"mRunTime":0,"mStartTime":31800000,"mTimeUnit":600000,"mWalkTime":7337,"runStep":0,"walkStep":11},{"distance":63.22,"mCalorie":3.1100001,"mOthersTime":0,"mRunTime":0,"mStartTime":34800000,"mTimeUnit":600000,"mWalkTime":56695,"runStep":0,"walkStep":85},{"distance":61.621002,"mCalorie":3.3200002,"mOthersTime":0,"mRunTime":0,"mStartTime":35400000,"mTimeUnit":600000,"mWalkTime":58696,"runStep":0,"walkStep":88},{"distance":589.2614,"mCalorie":54.085728,"mOthersTime":0,"mRunTime":0,"mStartTime":36000000,"mTimeUnit":600000,"mWalkTime":524194,"runStep":0,"walkStep":694},{"distance":684.89294,"mCalorie":63.378147,"mOthersTime":0,"mRunTime":0,"mStartTime":36600000,"mTimeUnit":600000,"mWalkTime":600000,"runStep":0,"walkStep":1058},{"distance":684.89294,"mCalorie":63.378147,"mOthersTime":0,"mRunTime":0,"mStartTime":37200000,"mTimeUnit":600000,"mWalkTime":600000,"runStep":0,"walkStep":1050},{"distance":684.89294,"mCalorie":63.378147,"mOthersTime":0,"mRunTime":0,"mStartTime":37800000,"mTimeUnit":600000,"mWalkTime":600000,"runStep":0,"walkStep":995},{"distance":334.97958,"mCalorie":30.940884,"mOthersTime":0,"mRunTime":0,"mStartTime":38400000,"mTimeUnit":600000,"mWalkTime":293437,"runStep":0,"walkStep":371},{"distance":297.28137,"mCalorie":27.601173,"mOthersTime":0,"mRunTime":1495,"mStartTime":39000000,"mTimeUnit":600000,"mWalkTime":271397,"runStep":10,"walkStep":244},{"distance":642.6204,"mCalorie":66.731094,"mOthersTime":0,"mRunTime":0,"mStartTime":39600000,"mTimeUnit":600000,"mWalkTime":600000,"runStep":0,"walkStep":1027},{"distance":578.48474,"mCalorie":60.071102,"mOthersTime":0,"mRunTime":0,"mStartTime":40200000,"mTimeUnit":600000,"mWalkTime":540118,"runStep":0,"walkStep":824},{"distance":517.70667,"mCalorie":49.694286,"mOthersTime":0,"mRunTime":0,"mStartTime":40800000,"mTimeUnit":600000,"mWalkTime":482334,"runStep":0,"walkStep":699},{"distance":644.14056,"mCalorie":62.678284,"mOthersTime":0,"mRunTime":0,"mStartTime":41400000,"mTimeUnit":600000,"mWalkTime":600000,"runStep":0,"walkStep":1011},{"distance":438.14822,"mCalorie":40.606224,"mOthersTime":0,"mRunTime":0,"mStartTime":42000000,"mTimeUnit":600000,"mWalkTime":407671,"runStep":0,"walkStep":561},{"distance":14.37,"mCalorie":0.94,"mOthersTime":0,"mRunTime":0,"mStartTime":42600000,"mTimeUnit":600000,"mWalkTime":14007,"runStep":0,"walkStep":21},{"distance":5.09,"mCalorie":0.26,"mOthersTime":0,"mRunTime":0,"mStartTime":43200000,"mTimeUnit":600000,"mWalkTime":4669,"runStep":0,"walkStep":7},{"distance":15.07,"mCalorie":0.65999997,"mOthersTime":0,"mRunTime":0,"mStartTime":43800000,"mTimeUnit":600000,"mWalkTime":13340,"runStep":0,"walkStep":20},{"distance":50.94,"mCalorie":2.41,"mOthersTime":0,"mRunTime":0,"mStartTime":45000000,"mTimeUnit":600000,"mWalkTime":43355,"runStep":0,"walkStep":65},{"distance":25.630001,"mCalorie":1.4300001,"mOthersTime":0,"mRunTime":0,"mStartTime":46800000,"mTimeUnit":600000,"mWalkTime":24012,"runStep":0,"walkStep":36},{"distance":29.490002,"mCalorie":1.66,"mOthersTime":0,"mRunTime":2000,"mStartTime":51600000,"mTimeUnit":600000,"mWalkTime":20010,"runStep":5,"walkStep":30},{"distance":39.089996,"mCalorie":1.8199999,"mOthersTime":0,"mRunTime":0,"mStartTime":52800000,"mTimeUnit":600000,"mWalkTime":34684,"runStep":0,"walkStep":52},{"distance":79.88,"mCalorie":4.15,"mOthersTime":0,"mRunTime":0,"mStartTime":53400000,"mTimeUnit":600000,"mWalkTime":76038,"runStep":0,"walkStep":114},{"distance":56.68,"mCalorie":2.79,"mOthersTime":0,"mRunTime":800,"mStartTime":54600000,"mTimeUnit":600000,"mWalkTime":44022,"runStep":2,"walkStep":66},{"distance":50.219997,"mCalorie":2.97,"mOthersTime":0,"mRunTime":7600,"mStartTime":55200000,"mTimeUnit":600000,"mWalkTime":29348,"runStep":19,"walkStep":44},{"distance":21.6,"mCalorie":1.0,"mOthersTime":0,"mRunTime":800,"mStartTime":55800000,"mTimeUnit":600000,"mWalkTime":18009,"runStep":2,"walkStep":27},{"distance":14.91,"mCalorie":0.99,"mOthersTime":0,"mRunTime":0,"mStartTime":56400000,"mTimeUnit":600000,"mWalkTime":14674,"runStep":0,"walkStep":22},{"distance":41.26,"mCalorie":1.8100001,"mOthersTime":0,"mRunTime":0,"mStartTime":60600000,"mTimeUnit":600000,"mWalkTime":35351,"runStep":0,"walkStep":53},{"distance":9.86,"mCalorie":0.42,"mOthersTime":0,"mRunTime":0,"mStartTime":63000000,"mTimeUnit":600000,"mWalkTime":8671,"runStep":0,"walkStep":13},{"distance":48.7,"mCalorie":2.77,"mOthersTime":0,"mRunTime":2800,"mStartTime":65400000,"mTimeUnit":600000,"mWalkTime":36685,"runStep":7,"walkStep":55},{"distance":82.979996,"mCalorie":4.19,"mOthersTime":0,"mRunTime":2000,"mStartTime":67200000,"mTimeUnit":600000,"mWalkTime":68701,"runStep":5,"walkStep":103},{"distance":30.619999,"mCalorie":1.3900001,"mOthersTime":0,"mRunTime":0,"mStartTime":67800000,"mTimeUnit":600000,"mWalkTime":25346,"runStep":0,"walkStep":38},{"distance":11.17,"mCalorie":0.52,"mOthersTime":0,"mRunTime":800,"mStartTime":68400000,"mTimeUnit":600000,"mWalkTime":7337,"runStep":2,"walkStep":11},{"distance":36.82,"mCalorie":1.87,"mOthersTime":0,"mRunTime":0,"mStartTime":70800000,"mTimeUnit":600000,"mWalkTime":32016,"runStep":0,"walkStep":48},{"distance":24.45,"mCalorie":1.09,"mOthersTime":0,"mRunTime":0,"mStartTime":74400000,"mTimeUnit":600000,"mWalkTime":21344,"runStep":0,"walkStep":32},{"distance":8.99,"mCalorie":0.51,"mOthersTime":0,"mRunTime":0,"mStartTime":75000000,"mTimeUnit":600000,"mWalkTime":8671,"runStep":0,"walkStep":13},{"distance":18.949001,"mCalorie":1.09,"mOthersTime":0,"mRunTime":400,"mStartTime":75600000,"mTimeUnit":600000,"mWalkTime":16675,"runStep":1,"walkStep":25},{"distance":29.970001,"mCalorie":1.37,"mOthersTime":0,"mRunTime":0,"mStartTime":77400000,"mTimeUnit":600000,"mWalkTime":26013,"runStep":0,"walkStep":39},{"distance":26.869999,"mCalorie":1.15,"mOthersTime":0,"mRunTime":0,"mStartTime":78000000,"mTimeUnit":600000,"mWalkTime":23345,"runStep":0,"walkStep":35},{"distance":13.95,"mCalorie":0.81,"mOthersTime":0,"mRunTime":800,"mStartTime":85200000,"mTimeUnit":600000,"mWalkTime":9338,"runStep":2,"walkStep":14}],"version":1}