{"mAdaptiveGoal":0,"mIsGoalAchieved":false,"mIsMostActiveAchieved":false,"mMostActiveMinutes":0,"mStreakDayCount":0,"mUnitDataList":[{"distance":30.35,"mCalorie":1.38,"mOthersTime":0,"mRunTime":0,"mStartTime":6000000,"mTimeUnit":600000,"mWalkTime":26680,"runStep":0,"walkStep":40},{"distance":63.529995,"mCalorie":3.11,"mOthersTime":0,"mRunTime":0,"mStartTime":23400000,"mTimeUnit":600000,"mWalkTime":58029,"runStep":0,"walkStep":87},{"distance":67.43,"mCalorie":3.24,"mOthersTime":0,"mRunTime":0,"mStartTime":24000000,"mTimeUnit":600000,"mWalkTime":60697,"runStep":0,"walkStep":91},{"distance":80.6,"mCalorie":4.5299997,"mOthersTime":0,"mRunTime":0,"mStartTime":24600000,"mTimeUnit":600000,"mWalkTime":85376,"runStep":0,"walkStep":128},{"distance":27.630001,"mCalorie":1.1700001,"mOthersTime":0,"mRunTime":0,"mStartTime":25200000,"mTimeUnit":600000,"mWalkTime":24679,"runStep":0,"walkStep":37},{"distance":48.739998,"mCalorie":2.35,"mOthersTime":0,"mRunTime":0,"mStartTime":25800000,"mTimeUnit":600000,"mWalkTime":44022,"runStep":0,"walkStep":66},{"distance":46.79,"mCalorie":2.45,"mOthersTime":0,"mRunTime":0,"mStartTime":27600000,"mTimeUnit":600000,"mWalkTime":43355,"runStep":0,"walkStep":65},{"distance":19.32,"mCalorie":0.99,"mOthersTime":0,"mRunTime":0,"mStartTime":28200000,"mTimeUnit":600000,"mWalkTime":18009,"runStep":0,"walkStep":27},{"distance":8.54,"mCalorie":0.43,"mOthersTime":0,"mRunTime":0,"mStartTime":28800000,"mTimeUnit":600000,"mWalkTime":7337,"runStep":0,"walkStep":11},{"distance":47.2,"mCalorie":2.6999998,"mOthersTime":0,"mRunTime":3200,"mStartTime":34800000,"mTimeUnit":600000,"mWalkTime":37352,"runStep":8,"walkStep":56},{"distance":14.9,"mCalorie":0.78,"mOthersTime":0,"mRunTime":0,"mStartTime":35400000,"mTimeUnit":600000,"mWalkTime":14007,"runStep":0,"walkStep":21},{"distance":51.95,"mCalorie":2.69,"mOthersTime":0,"mRunTime":0,"mStartTime":37200000,"mTimeUnit":600000,"mWalkTime":47357,"runStep":0,"walkStep":71},{"distance":22.33,"mCalorie":1.18,"mOthersTime":0,"mRunTime":0,"mStartTime":38400000,"mTimeUnit":600000,"mWalkTime":20677,"runStep":0,"walkStep":31},{"distance":16.42,"mCalorie":0.87,"mOthersTime":0,"mRunTime":0,"mStartTime":41400000,"mTimeUnit":600000,"mWalkTime":15341,"runStep":0,"walkStep":23},{"distance":80.88,"mCalorie":4.69,"mOthersTime":0,"mRunTime":6800,"mStartTime":42000000,"mTimeUnit":600000,"mWalkTime":53360,"runStep":17,"walkStep":80},{"distance":109.709,"mCalorie":5.32,"mOthersTime":0,"mRunTime":800,"mStartTime":42600000,"mTimeUnit":600000,"mWalkTime":90045,"runStep":2,"walkStep":135},{"distance":180.45,"mCalorie":9.7699995,"mOthersTime":0,"mRunTime":0,"mStartTime":43200000,"mTimeUnit":600000,"mWalkTime":166750,"runStep":0,"walkStep":250},{"distance":27.07,"mCalorie":1.29,"mOthersTime":0,"mRunTime":0,"mStartTime":43800000,"mTimeUnit":600000,"mWalkTime":24679,"runStep":0,"walkStep":37},{"distance":205.85,"mCalorie":10.650001,"mOthersTime":0,"mRunTime":0,"mStartTime":46200000,"mTimeUnit":600000,"mWalkTime":186700,"runStep":0,"walkStep":286},{"distance":74.15,"mCalorie":3.37,"mOthersTime":0,"mRunTime":0,"mStartTime":46800000,"mTimeUnit":600000,"mWalkTime":63365,"runStep":0,"walkStep":95},{"distance":81.84,"mCalorie":4.29,"mOthersTime":0,"mRunTime":800,"mStartTime":48000000,"mTimeUnit":600000,"mWalkTime":71369,"runStep":2,"walkStep":107},{"distance":180.97998,"mCalorie":9.09,"mOthersTime":0,"mRunTime":6000,"mStartTime":48600000,"mTimeUnit":600000,"mWalkTime":146740,"runStep":15,"walkStep":220},{"distance":68.221,"mCalorie":3.4499998,"mOthersTime":0,"mRunTime":0,"mStartTime":49200000,"mTimeUnit":600000,"mWalkTime":62031,"runStep":0,"walkStep":93},{"distance":68.97,"mCalorie":3.19,"mOthersTime":0,"mRunTime":0,"mStartTime":49800000,"mTimeUnit":600000,"mWalkTime":61364,"runStep":0,"walkStep":92},{"distance":49.489998,"mCalorie":2.79,"mOthersTime":0,"mRunTime":2000,"mStartTime":50400000,"mTimeUnit":600000,"mWalkTime":39353,"runStep":5,"walkStep":59},{"distance":47.58,"mCalorie":2.73,"mOthersTime":0,"mRunTime":3600,"mStartTime":51000000,"mTimeUnit":600000,"mWalkTime":33350,"runStep":9,"walkStep":50},{"distance":54.03,"mCalorie":3.02,"mOthersTime":0,"mRunTime":4000,"mStartTime":51600000,"mTimeUnit":600000,"mWalkTime":42021,"runStep":10,"walkStep":63},{"distance":63.33,"mCalorie":3.3000002,"mOthersTime":0,"mRunTime":2400,"mStartTime":52200000,"mTimeUnit":600000,"mWalkTime":52026,"runStep":6,"walkStep":78},{"distance":30.02,"mCalorie":1.39,"mOthersTime":0,"mRunTime":0,"mStartTime":52800000,"mTimeUnit":600000,"mWalkTime":26680,"runStep":0,"walkStep":40},{"distance":14.52,"mCalorie":0.74,"mOthersTime":0,"mRunTime":0,"mStartTime":53400000,"mTimeUnit":600000,"mWalkTime":13340,"runStep":0,"walkStep":20},{"distance":38.09,"mCalorie":1.9399999,"mOthersTime":0,"mRunTime":0,"mStartTime":54600000,"mTimeUnit":600000,"mWalkTime":34684,"runStep":0,"walkStep":52},{"distance":7.01,"mCalorie":0.36,"mOthersTime":0,"mRunTime":0,"mStartTime":55800000,"mTimeUnit":600000,"mWalkTime":6670,"runStep":0,"walkStep":10},{"distance":7.98,"mCalorie":0.34,"mOthersTime":0,"mRunTime":0,"mStartTime":57600000,"mTimeUnit":600000,"mWalkTime":6670,"runStep":0,"walkStep":10},{"distance":68.840004,"mCalorie":3.66,"mOthersTime":0,"mRunTime":2000,"mStartTime":60000000,"mTimeUnit":600000,"mWalkTime":55361,"runStep":5,"walkStep":83},{"distance":24.27,"mCalorie":1.1,"mOthersTime":0,"mRunTime":0,"mStartTime":60600000,"mTimeUnit":600000,"mWalkTime":21344,"runStep":0,"walkStep":32},{"distance":43.73,"mCalorie":2.01,"mOthersTime":0,"mRunTime":0,"mStartTime":61800000,"mTimeUnit":600000,"mWalkTime":38019,"runStep":0,"walkStep":57},{"distance":16.95,"mCalorie":0.96,"mOthersTime":0,"mRunTime":0,"mStartTime":63600000,"mTimeUnit":600000,"mWalkTime":14674,"runStep":0,"walkStep":22},{"distance":147.349,"mCalorie":9.469999,"mOthersTime":0,"mRunTime":0,"mStartTime":64200000,"mTimeUnit":600000,"mWalkTime":143405,"runStep":0,"walkStep":215},{"distance":44.659996,"mCalorie":2.27,"mOthersTime":0,"mRunTime":0,"mStartTime":66600000,"mTimeUnit":600000,"mWalkTime":45356,"runStep":0,"walkStep":68},{"distance":93.73,"mCalorie":4.42,"mOthersTime":0,"mRunTime":0,"mStartTime":67200000,"mTimeUnit":600000,"mWalkTime":84709,"runStep":0,"walkStep":127},{"distance":5.32,"mCalorie":0.27,"mOthersTime":0,"mRunTime":0,"mStartTime":67800000,"mTimeUnit":600000,"mWalkTime":4669,"runStep":0,"walkStep":7},{"distance":13.33,"mCalorie":0.75,"mOthersTime":0,"mRunTime":1200,"mStartTime":69000000,"mTimeUnit":600000,"mWalkTime":8004,"runStep":3,"walkStep":12},{"distance":44.48,"mCalorie":2.19,"mOthersTime":0,"mRunTime":0,"mStartTime":69600000,"mTimeUnit":600000,"mWalkTime":40687,"runStep":0,"walkStep":61},{"distance":93.43,"mCalorie":4.5499997,"mOthersTime":0,"mRunTime":2400,"mStartTime":70200000,"mTimeUnit":600000,"mWalkTime":78706,"runStep":6,"walkStep":118},{"distance":108.630005,"mCalorie":7.65,"mOthersTime":0,"mRunTime":0,"mStartTime":70800000,"mTimeUnit":600000,"mWalkTime":112723,"runStep":0,"walkStep":169},{"distance":40.36,"mCalorie":2.07,"mOthersTime":0,"mRunTime":0,"mStartTime":71400000,"mTimeUnit":600000,"mWalkTime":38019,"runStep":0,"walkStep":57},{"distance":17.43,"mCalorie":0.88,"mOthersTime":0,"mRunTime":0,"mStartTime":72000000,"mTimeUnit":600000,"mWalkTime":16675,"runStep":0,"walkStep":25},{"distance":23.710001,"mCalorie":0.89,"mOthersTime":0,"mRunTime":0,"mStartTime":72600000,"mTimeUnit":600000,"mWalkTime":19343,"runStep":0,"walkStep":29},{"distance":4.4,"mCalorie":0.21,"mOthersTime":0,"mRunTime":0,"mStartTime":75000000,"mTimeUnit":600000,"mWalkTime":4002,"runStep":0,"walkStep":6},{"distance":8.19,"mCalorie":0.41,"mOthersTime":0,"mRunTime":0,"mStartTime":78600000,"mTimeUnit":600000,"mWalkTime":6670,"runStep":0,"walkStep":10},{"distance":9.8,"mCalorie":0.45,"mOthersTime":0,"mRunTime":0,"mStartTime":79200000,"mTimeUnit":600000,"mWalkTime":8671,"runStep":0,"walkStep":13},{"distance":8.43,"mCalorie":0.43,"mOthersTime":0,"mRunTime":0,"mStartTime":79800000,"mTimeUnit":600000,"mWalkTime":7337,"runStep":0,"walkStep":11}],"version":1}