{"mAdaptiveGoal":0,"mIsGoalAchieved":false,"mIsMostActiveAchieved":false,"mMostActiveMinutes":0,"mStreakDayCount":0,"mUnitDataList":[{"distance":23.01,"mCalorie":1.22,"mOthersTime":0,"mRunTime":0,"mStartTime":17400000,"mTimeUnit":600000,"mWalkTime":21344,"runStep":0,"walkStep":32},{"distance":96.32001,"mCalorie":5.2400002,"mOthersTime":0,"mRunTime":4400,"mStartTime":22800000,"mTimeUnit":600000,"mWalkTime":74037,"runStep":11,"walkStep":111},{"distance":66.61,"mCalorie":3.55,"mOthersTime":0,"mRunTime":0,"mStartTime":23400000,"mTimeUnit":600000,"mWalkTime":66033,"runStep":0,"walkStep":99},{"distance":167.37999,"mCalorie":8.110001,"mOthersTime":0,"mRunTime":0,"mStartTime":24000000,"mTimeUnit":600000,"mWalkTime":152743,"runStep":0,"walkStep":229},{"distance":26.68,"mCalorie":1.41,"mOthersTime":0,"mRunTime":0,"mStartTime":25200000,"mTimeUnit":600000,"mWalkTime":25346,"runStep":0,"walkStep":38},{"distance":154.63,"mCalorie":7.3399997,"mOthersTime":0,"mRunTime":0,"mStartTime":27000000,"mTimeUnit":600000,"mWalkTime":141404,"runStep":0,"walkStep":212},{"distance":23.15,"mCalorie":1.24,"mOthersTime":0,"mRunTime":0,"mStartTime":27600000,"mTimeUnit":600000,"mWalkTime":22011,"runStep":0,"walkStep":33},{"distance":9.41,"mCalorie":0.45,"mOthersTime":0,"mRunTime":0,"mStartTime":28200000,"mTimeUnit":600000,"mWalkTime":8671,"runStep":0,"walkStep":13},{"distance":10.41,"mCalorie":0.73,"mOthersTime":0,"mRunTime":1200,"mStartTime":31200000,"mTimeUnit":600000,"mWalkTime":6670,"runStep":3,"walkStep":10},{"distance":174.0,"mCalorie":8.280001,"mOthersTime":0,"mRunTime":400,"mStartTime":33000000,"mTimeUnit":600000,"mWalkTime":151409,"runStep":1,"walkStep":227},{"distance":26.75,"mCalorie":1.16,"mOthersTime":0,"mRunTime":0,"mStartTime":33600000,"mTimeUnit":600000,"mWalkTime":24012,"runStep":0,"walkStep":36},{"distance":13.52,"mCalorie":0.73,"mOthersTime":0,"mRunTime":0,"mStartTime":34200000,"mTimeUnit":600000,"mWalkTime":13340,"runStep":0,"walkStep":20},{"distance":59.92,"mCalorie":2.8600001,"mOthersTime":0,"mRunTime":0,"mStartTime":34800000,"mTimeUnit":600000,"mWalkTime":52693,"runStep":0,"walkStep":79},{"distance":42.18,"mCalorie":2.05,"mOthersTime":0,"mRunTime":2400,"mStartTime":35400000,"mTimeUnit":600000,"mWalkTime":33350,"runStep":6,"walkStep":50},{"distance":17.33,"mCalorie":0.77,"mOthersTime":0,"mRunTime":0,"mStartTime":36000000,"mTimeUnit":600000,"mWalkTime":15341,"runStep":0,"walkStep":23},{"distance":12.98,"mCalorie":0.59,"mOthersTime":0,"mRunTime":0,"mStartTime":37200000,"mTimeUnit":600000,"mWalkTime":11339,"runStep":0,"walkStep":17},{"distance":150.52,"mCalorie":7.5,"mOthersTime":0,"mRunTime":800,"mStartTime":37800000,"mTimeUnit":600000,"mWalkTime":136735,"runStep":2,"walkStep":205},{"distance":129.339,"mCalorie":6.56,"mOthersTime":0,"mRunTime":0,"mStartTime":38400000,"mTimeUnit":600000,"mWalkTime":112693,"runStep":0,"walkStep":175},{"distance":169.45,"mCalorie":8.96,"mOthersTime":0,"mRunTime":0,"mStartTime":39000000,"mTimeUnit":600000,"mWalkTime":156745,"runStep":0,"walkStep":235},{"distance":342.499,"mCalorie":18.04,"mOthersTime":0,"mRunTime":0,"mStartTime":39600000,"mTimeUnit":600000,"mWalkTime":312823,"runStep":0,"walkStep":469},{"distance":396.87997,"mCalorie":20.88,"mOthersTime":0,"mRunTime":0,"mStartTime":40200000,"mTimeUnit":600000,"mWalkTime":354117,"runStep":0,"walkStep":539},{"distance":8.13,"mCalorie":0.48,"mOthersTime":0,"mRunTime":0,"mStartTime":40800000,"mTimeUnit":600000,"mWalkTime":8004,"runStep":0,"walkStep":12},{"distance":28.69,"mCalorie":1.55,"mOthersTime":0,"mRunTime":0,"mStartTime":41400000,"mTimeUnit":600000,"mWalkTime":26680,"runStep":0,"walkStep":40},{"distance":103.86,"mCalorie":5.56,"mOthersTime":0,"mRunTime":0,"mStartTime":42000000,"mTimeUnit":600000,"mWalkTime":84012,"runStep":0,"walkStep":139},{"distance":79.380005,"mCalorie":3.8600001,"mOthersTime":0,"mRunTime":0,"mStartTime":42600000,"mTimeUnit":600000,"mWalkTime":70035,"runStep":0,"walkStep":105},{"distance":46.38,"mCalorie":2.3999999,"mOthersTime":0,"mRunTime":0,"mStartTime":43200000,"mTimeUnit":600000,"mWalkTime":42688,"runStep":0,"walkStep":64},{"distance":9.6,"mCalorie":0.36,"mOthersTime":0,"mRunTime":0,"mStartTime":44400000,"mTimeUnit":600000,"mWalkTime":8004,"runStep":0,"walkStep":12},{"distance":91.93,"mCalorie":5.44,"mOthersTime":0,"mRunTime":0,"mStartTime":45000000,"mTimeUnit":600000,"mWalkTime":95381,"runStep":0,"walkStep":143},{"distance":269.25903,"mCalorie":15.64,"mOthersTime":0,"mRunTime":0,"mStartTime":45600000,"mTimeUnit":600000,"mWalkTime":252126,"runStep":0,"walkStep":378},{"distance":155.51001,"mCalorie":7.87,"mOthersTime":0,"mRunTime":0,"mStartTime":46200000,"mTimeUnit":600000,"mWalkTime":140737,"runStep":0,"walkStep":211},{"distance":50.1,"mCalorie":2.65,"mOthersTime":0,"mRunTime":0,"mStartTime":46800000,"mTimeUnit":600000,"mWalkTime":46690,"runStep":0,"walkStep":70},{"distance":5.81,"mCalorie":0.29,"mOthersTime":0,"mRunTime":0,"mStartTime":47400000,"mTimeUnit":600000,"mWalkTime":5336,"runStep":0,"walkStep":8},{"distance":177.36,"mCalorie":9.38,"mOthersTime":0,"mRunTime":0,"mStartTime":48000000,"mTimeUnit":600000,"mWalkTime":159413,"runStep":0,"walkStep":239},{"distance":308.13998,"mCalorie":20.25,"mOthersTime":0,"mRunTime":0,"mStartTime":48600000,"mTimeUnit":600000,"mWalkTime":294814,"runStep":0,"walkStep":442},{"distance":105.45,"mCalorie":5.52,"mOthersTime":0,"mRunTime":0,"mStartTime":49200000,"mTimeUnit":600000,"mWalkTime":96048,"runStep":0,"walkStep":144},{"distance":190.8,"mCalorie":10.08,"mOthersTime":0,"mRunTime":0,"mStartTime":49800000,"mTimeUnit":600000,"mWalkTime":173420,"runStep":0,"walkStep":260},{"distance":402.59,"mCalorie":21.15,"mOthersTime":0,"mRunTime":0,"mStartTime":50400000,"mTimeUnit":600000,"mWalkTime":366850,"runStep":0,"walkStep":550},{"distance":98.88,"mCalorie":4.64,"mOthersTime":0,"mRunTime":0,"mStartTime":51000000,"mTimeUnit":600000,"mWalkTime":88711,"runStep":0,"walkStep":133},{"distance":48.651,"mCalorie":2.53,"mOthersTime":0,"mRunTime":2400,"mStartTime":52200000,"mTimeUnit":600000,"mWalkTime":36685,"runStep":6,"walkStep":55},{"distance":518.60004,"mCalorie":22.21,"mOthersTime":0,"mRunTime":3002,"mStartTime":52800000,"mTimeUnit":600000,"mWalkTime":366426,"runStep":9,"walkStep":645},{"distance":73.75,"mCalorie":3.7399998,"mOthersTime":0,"mRunTime":0,"mStartTime":53400000,"mTimeUnit":600000,"mWalkTime":67367,"runStep":0,"walkStep":101},{"distance":36.29,"mCalorie":1.7,"mOthersTime":0,"mRunTime":0,"mStartTime":54000000,"mTimeUnit":600000,"mWalkTime":32016,"runStep":0,"walkStep":48},{"distance":4.28,"mCalorie":0.22,"mOthersTime":0,"mRunTime":0,"mStartTime":54600000,"mTimeUnit":600000,"mWalkTime":4002,"runStep":0,"walkStep":6},{"distance":129.97,"mCalorie":7.25,"mOthersTime":0,"mRunTime":800,"mStartTime":57600000,"mTimeUnit":600000,"mWalkTime":112056,"runStep":2,"walkStep":168},{"distance":46.041,"mCalorie":2.7199998,"mOthersTime":0,"mRunTime":0,"mStartTime":58200000,"mTimeUnit":600000,"mWalkTime":51359,"runStep":0,"walkStep":77},{"distance":23.84,"mCalorie":1.1700001,"mOthersTime":0,"mRunTime":400,"mStartTime":59400000,"mTimeUnit":600000,"mWalkTime":17342,"runStep":1,"walkStep":26},{"distance":20.779999,"mCalorie":1.0999999,"mOthersTime":0,"mRunTime":0,"mStartTime":60000000,"mTimeUnit":600000,"mWalkTime":18676,"runStep":0,"walkStep":28},{"distance":20.26,"mCalorie":1.27,"mOthersTime":0,"mRunTime":800,"mStartTime":60600000,"mTimeUnit":600000,"mWalkTime":16008,"runStep":2,"walkStep":24},{"distance":7.66,"mCalorie":0.31,"mOthersTime":0,"mRunTime":0,"mStartTime":61200000,"mTimeUnit":600000,"mWalkTime":6670,"runStep":0,"walkStep":10},{"distance":39.850002,"mCalorie":1.94,"mOthersTime":0,"mRunTime":0,"mStartTime":64200000,"mTimeUnit":600000,"mWalkTime":34684,"runStep":0,"walkStep":52},{"distance":19.93,"mCalorie":1.13,"mOthersTime":0,"mRunTime":0,"mStartTime":64800000,"mTimeUnit":600000,"mWalkTime":18676,"runStep":0,"walkStep":28},{"distance":85.13,"mCalorie":5.14,"mOthersTime":0,"mRunTime":8400,"mStartTime":65400000,"mTimeUnit":600000,"mWalkTime":55361,"runStep":21,"walkStep":83},{"distance":32.45,"mCalorie":1.74,"mOthersTime":0,"mRunTime":0,"mStartTime":66000000,"mTimeUnit":600000,"mWalkTime":30015,"runStep":0,"walkStep":45},{"distance":172.64,"mCalorie":9.98,"mOthersTime":0,"mRunTime":0,"mStartTime":66600000,"mTimeUnit":600000,"mWalkTime":152046,"runStep":0,"walkStep":239},{"distance":9.5,"mCalorie":0.44,"mOthersTime":0,"mRunTime":0,"mStartTime":68400000,"mTimeUnit":600000,"mWalkTime":8671,"runStep":0,"walkStep":13},{"distance":314.62,"mCalorie":16.36,"mOthersTime":0,"mRunTime":0,"mStartTime":69000000,"mTimeUnit":600000,"mWalkTime":254704,"runStep":0,"walkStep":424},{"distance":13.490001,"mCalorie":0.66,"mOthersTime":0,"mRunTime":0,"mStartTime":69600000,"mTimeUnit":600000,"mWalkTime":12673,"runStep":0,"walkStep":19},{"distance":31.150002,"mCalorie":1.53,"mOthersTime":0,"mRunTime":0,"mStartTime":71400000,"mTimeUnit":600000,"mWalkTime":28014,"runStep":0,"walkStep":42},{"distance":319.19998,"mCalorie":17.89,"mOthersTime":0,"mRunTime":0,"mStartTime":72000000,"mTimeUnit":600000,"mWalkTime":288084,"runStep":0,"walkStep":445},{"distance":164.581,"mCalorie":8.030001,"mOthersTime":0,"mRunTime":0,"mStartTime":74400000,"mTimeUnit":600000,"mWalkTime":149378,"runStep":0,"walkStep":229},{"distance":74.979996,"mCalorie":3.81,"mOthersTime":0,"mRunTime":0,"mStartTime":75000000,"mTimeUnit":600000,"mWalkTime":69368,"runStep":0,"walkStep":104},{"distance":40.13,"mCalorie":2.5700002,"mOthersTime":0,"mRunTime":6000,"mStartTime":75600000,"mTimeUnit":600000,"mWalkTime":22678,"runStep":15,"walkStep":34},{"distance":33.65,"mCalorie":1.8199999,"mOthersTime":0,"mRunTime":0,"mStartTime":76200000,"mTimeUnit":600000,"mWalkTime":32016,"runStep":0,"walkStep":48}],"version":1}