{"mActivityList":[{"mActiveTime":600000,"mActiveTimeType":2,"mCalorie":65.68,"mCategory":204,"mDetailInfoId":"01d82576-690b-2d9d-253f-98914fcabeb8","mDistance":0.0,"mDuration":600000,"mEndTime":55609203,"mStartTime":55009203,"mType":11007}],"mAdaptiveGoal":0,"mIsGoalAchieved":false,"mIsMostActiveAchieved":false,"mMostActiveMinutes":0,"mStreakDayCount":0,"mUnitDataList":[{"distance":8.56,"mCalorie":0.56,"mOthersTime":0,"mRunTime":800,"mStartTime":5400000,"mTimeUnit":600000,"mWalkTime":6670,"runStep":2,"walkStep":10},{"distance":9.27,"mCalorie":0.69,"mOthersTime":0,"mRunTime":800,"mStartTime":10800000,"mTimeUnit":600000,"mWalkTime":6670,"runStep":2,"walkStep":10},{"distance":18.43,"mCalorie":1.03,"mOthersTime":0,"mRunTime":1600,"mStartTime":15600000,"mTimeUnit":600000,"mWalkTime":14007,"runStep":4,"walkStep":21},{"distance":22.529999,"mCalorie":0.94,"mOthersTime":0,"mRunTime":0,"mStartTime":16200000,"mTimeUnit":600000,"mWalkTime":20010,"runStep":0,"walkStep":30},{"distance":139.16899,"mCalorie":6.72,"mOthersTime":0,"mRunTime":0,"mStartTime":16800000,"mTimeUnit":600000,"mWalkTime":125396,"runStep":0,"walkStep":188},{"distance":28.300001,"mCalorie":1.35,"mOthersTime":0,"mRunTime":0,"mStartTime":17400000,"mTimeUnit":600000,"mWalkTime":24679,"runStep":0,"walkStep":37},{"distance":12.04,"mCalorie":0.46,"mOthersTime":0,"mRunTime":0,"mStartTime":18600000,"mTimeUnit":600000,"mWalkTime":10005,"runStep":0,"walkStep":15},{"distance":90.03999,"mCalorie":4.29,"mOthersTime":0,"mRunTime":0,"mStartTime":19200000,"mTimeUnit":600000,"mWalkTime":82041,"runStep":0,"walkStep":123},{"distance":35.66,"mCalorie":2.03,"mOthersTime":0,"mRunTime":0,"mStartTime":19800000,"mTimeUnit":600000,"mWalkTime":32016,"runStep":0,"walkStep":48},{"distance":18.18,"mCalorie":1.03,"mOthersTime":0,"mRunTime":3200,"mStartTime":29400000,"mTimeUnit":600000,"mWalkTime":8004,"runStep":8,"walkStep":12},{"distance":124.66,"mCalorie":6.3299994,"mOthersTime":0,"mRunTime":0,"mStartTime":30000000,"mTimeUnit":600000,"mWalkTime":110722,"runStep":0,"walkStep":166},{"distance":64.13,"mCalorie":3.17,"mOthersTime":0,"mRunTime":800,"mStartTime":30600000,"mTimeUnit":600000,"mWalkTime":54694,"runStep":2,"walkStep":82},{"distance":63.48,"mCalorie":3.89,"mOthersTime":0,"mRunTime":0,"mStartTime":31200000,"mTimeUnit":600000,"mWalkTime":68701,"runStep":0,"walkStep":103},{"distance":8.14,"mCalorie":0.52,"mOthersTime":0,"mRunTime":0,"mStartTime":31800000,"mTimeUnit":600000,"mWalkTime":8004,"runStep":0,"walkStep":12},{"distance":147.76001,"mCalorie":8.009999,"mOthersTime":0,"mRunTime":0,"mStartTime":32400000,"mTimeUnit":600000,"mWalkTime":136068,"runStep":0,"walkStep":204},{"distance":23.369999,"mCalorie":1.28,"mOthersTime":0,"mRunTime":0,"mStartTime":33000000,"mTimeUnit":600000,"mWalkTime":22011,"runStep":0,"walkStep":33},{"distance":224.67001,"mCalorie":11.9,"mOthersTime":0,"mRunTime":0,"mStartTime":34800000,"mTimeUnit":600000,"mWalkTime":207377,"runStep":0,"walkStep":321},{"distance":174.24,"mCalorie":8.9800005,"mOthersTime":0,"mRunTime":0,"mStartTime":35400000,"mTimeUnit":600000,"mWalkTime":159413,"runStep":0,"walkStep":239},{"distance":196.92,"mCalorie":10.37,"mOthersTime":0,"mRunTime":0,"mStartTime":36000000,"mTimeUnit":600000,"mWalkTime":184092,"runStep":0,"walkStep":276},{"distance":57.01,"mCalorie":2.63,"mOthersTime":0,"mRunTime":400,"mStartTime":36600000,"mTimeUnit":600000,"mWalkTime":48024,"runStep":1,"walkStep":72},{"distance":90.929,"mCalorie":4.86,"mOthersTime":0,"mRunTime":0,"mStartTime":37200000,"mTimeUnit":600000,"mWalkTime":84042,"runStep":0,"walkStep":126},{"distance":328.02002,"mCalorie":16.2,"mOthersTime":0,"mRunTime":0,"mStartTime":37800000,"mTimeUnit":600000,"mWalkTime":290115,"runStep":0,"walkStep":449},{"distance":78.03,"mCalorie":4.06,"mOthersTime":0,"mRunTime":0,"mStartTime":38400000,"mTimeUnit":600000,"mWalkTime":72036,"runStep":0,"walkStep":108},{"distance":25.029997,"mCalorie":1.3799996,"mOthersTime":0,"mRunTime":0,"mStartTime":39000000,"mTimeUnit":600000,"mWalkTime":23345,"runStep":0,"walkStep":35},{"distance":34.8,"mCalorie":1.78,"mOthersTime":0,"mRunTime":0,"mStartTime":42000000,"mTimeUnit":600000,"mWalkTime":32016,"runStep":0,"walkStep":48},{"distance":8.51,"mCalorie":0.34,"mOthersTime":0,"mRunTime":0,"mStartTime":42600000,"mTimeUnit":600000,"mWalkTime":7337,"runStep":0,"walkStep":11},{"distance":30.41,"mCalorie":1.55,"mOthersTime":0,"mRunTime":0,"mStartTime":43200000,"mTimeUnit":600000,"mWalkTime":28014,"runStep":0,"walkStep":42},{"distance":29.159994,"mCalorie":1.4799998,"mOthersTime":0,"mRunTime":0,"mStartTime":44400000,"mTimeUnit":600000,"mWalkTime":26680,"runStep":0,"walkStep":40},{"distance":60.059998,"mCalorie":2.9299998,"mOthersTime":0,"mRunTime":0,"mStartTime":45000000,"mTimeUnit":600000,"mWalkTime":54027,"runStep":0,"walkStep":81},{"distance":233.94,"mCalorie":13.25,"mOthersTime":0,"mRunTime":0,"mStartTime":45600000,"mTimeUnit":600000,"mWalkTime":222111,"runStep":0,"walkStep":333},{"distance":226.96,"mCalorie":13.289999,"mOthersTime":0,"mRunTime":0,"mStartTime":46200000,"mTimeUnit":600000,"mWalkTime":211439,"runStep":0,"walkStep":317},{"distance":244.731,"mCalorie":11.919999,"mOthersTime":0,"mRunTime":1200,"mStartTime":46800000,"mTimeUnit":600000,"mWalkTime":219443,"runStep":3,"walkStep":329},{"distance":131.29001,"mCalorie":6.73,"mOthersTime":0,"mRunTime":0,"mStartTime":47400000,"mTimeUnit":600000,"mWalkTime":120060,"runStep":0,"walkStep":180},{"distance":32.75,"mCalorie":1.77,"mOthersTime":0,"mRunTime":0,"mStartTime":48000000,"mTimeUnit":600000,"mWalkTime":30015,"runStep":0,"walkStep":45},{"distance":7.03,"mCalorie":0.35,"mOthersTime":0,"mRunTime":0,"mStartTime":48600000,"mTimeUnit":600000,"mWalkTime":6670,"runStep":0,"walkStep":10},{"distance":11.81,"mCalorie":0.55,"mOthersTime":0,"mRunTime":0,"mStartTime":49200000,"mTimeUnit":600000,"mWalkTime":10005,"runStep":0,"walkStep":15},{"distance":213.51001,"mCalorie":10.48,"mOthersTime":0,"mRunTime":0,"mStartTime":49800000,"mTimeUnit":600000,"mWalkTime":188761,"runStep":0,"walkStep":283},{"distance":296.53,"mCalorie":17.97,"mOthersTime":0,"mRunTime":0,"mStartTime":50400000,"mTimeUnit":600000,"mWalkTime":292813,"runStep":0,"walkStep":439},{"distance":65.87,"mCalorie":3.4000003,"mOthersTime":0,"mRunTime":0,"mStartTime":51000000,"mTimeUnit":600000,"mWalkTime":60030,"runStep":0,"walkStep":90},{"distance":17.71,"mCalorie":0.86,"mOthersTime":0,"mRunTime":0,"mStartTime":52200000,"mTimeUnit":600000,"mWalkTime":16675,"runStep":0,"walkStep":25},{"distance":100.520004,"mCalorie":5.3399997,"mOthersTime":0,"mRunTime":3600,"mStartTime":52800000,"mTimeUnit":600000,"mWalkTime":78706,"runStep":9,"walkStep":118},{"distance":98.09,"mCalorie":5.0199995,"mOthersTime":0,"mRunTime":0,"mStartTime":54000000,"mTimeUnit":600000,"mWalkTime":90045,"runStep":0,"walkStep":135},{"distance":41.796722,"mCalorie":23.621616,"mOthersTime":190797,"mRunTime":0,"mStartTime":54600000,"mTimeUnit":600000,"mWalkTime":40434,"runStep":0,"walkStep":263},{"distance":52.71626,"mCalorie":47.388176,"mOthersTime":409203,"mRunTime":0,"mStartTime":55200000,"mTimeUnit":600000,"mWalkTime":46194,"runStep":0,"walkStep":398},{"distance":31.61,"mCalorie":1.6800001,"mOthersTime":0,"mRunTime":0,"mStartTime":55800000,"mTimeUnit":600000,"mWalkTime":28014,"runStep":0,"walkStep":42},{"distance":18.82,"mCalorie":0.95,"mOthersTime":0,"mRunTime":0,"mStartTime":57000000,"mTimeUnit":600000,"mWalkTime":17342,"runStep":0,"walkStep":26},{"distance":39.989998,"mCalorie":2.24,"mOthersTime":0,"mRunTime":2400,"mStartTime":57600000,"mTimeUnit":600000,"mWalkTime":25346,"runStep":6,"walkStep":38},{"distance":7.21,"mCalorie":0.37,"mOthersTime":0,"mRunTime":0,"mStartTime":60600000,"mTimeUnit":600000,"mWalkTime":6670,"runStep":0,"walkStep":10},{"distance":9.39,"mCalorie":0.4,"mOthersTime":0,"mRunTime":0,"mStartTime":63600000,"mTimeUnit":600000,"mWalkTime":8004,"runStep":0,"walkStep":12},{"distance":9.851,"mCalorie":0.62,"mOthersTime":0,"mRunTime":1200,"mStartTime":66000000,"mTimeUnit":600000,"mWalkTime":6670,"runStep":3,"walkStep":10},{"distance":70.7,"mCalorie":3.36,"mOthersTime":0,"mRunTime":0,"mStartTime":66600000,"mTimeUnit":600000,"mWalkTime":62031,"runStep":0,"walkStep":93},{"distance":28.819,"mCalorie":1.27,"mOthersTime":0,"mRunTime":0,"mStartTime":67200000,"mTimeUnit":600000,"mWalkTime":24679,"runStep":0,"walkStep":37},{"distance":28.489998,"mCalorie":1.44,"mOthersTime":0,"mRunTime":0,"mStartTime":67800000,"mTimeUnit":600000,"mWalkTime":26013,"runStep":0,"walkStep":39},{"distance":71.67,"mCalorie":3.2799997,"mOthersTime":0,"mRunTime":0,"mStartTime":68400000,"mTimeUnit":600000,"mWalkTime":63365,"runStep":0,"walkStep":95},{"distance":301.80002,"mCalorie":15.19,"mOthersTime":0,"mRunTime":0,"mStartTime":69000000,"mTimeUnit":600000,"mWalkTime":266103,"runStep":0,"walkStep":407},{"distance":245.13,"mCalorie":13.45,"mOthersTime":0,"mRunTime":0,"mStartTime":69600000,"mTimeUnit":600000,"mWalkTime":226780,"runStep":0,"walkStep":340},{"distance":104.35,"mCalorie":5.09,"mOthersTime":0,"mRunTime":400,"mStartTime":70200000,"mTimeUnit":600000,"mWalkTime":87377,"runStep":1,"walkStep":131},{"distance":16.51,"mCalorie":0.89,"mOthersTime":0,"mRunTime":0,"mStartTime":72600000,"mTimeUnit":600000,"mWalkTime":15341,"runStep":0,"walkStep":23},{"distance":46.2,"mCalorie":2.7199998,"mOthersTime":0,"mRunTime":2400,"mStartTime":73200000,"mTimeUnit":600000,"mWalkTime":36685,"runStep":6,"walkStep":55},{"distance":65.671,"mCalorie":3.4099998,"mOthersTime":0,"mRunTime":3200,"mStartTime":73800000,"mTimeUnit":600000,"mWalkTime":51359,"runStep":8,"walkStep":77},{"distance":39.628998,"mCalorie":1.93,"mOthersTime":0,"mRunTime":800,"mStartTime":74400000,"mTimeUnit":600000,"mWalkTime":34017,"runStep":2,"walkStep":51},{"distance":6.61,"mCalorie":0.33,"mOthersTime":0,"mRunTime":0,"mStartTime":75600000,"mTimeUnit":600000,"mWalkTime":6003,"runStep":0,"walkStep":9},{"distance":7.35,"mCalorie":0.33,"mOthersTime":0,"mRunTime":0,"mStartTime":76800000,"mTimeUnit":600000,"mWalkTime":6670,"runStep":0,"walkStep":10},{"distance":8.25,"mCalorie":0.33,"mOthersTime":0,"mRunTime":0,"mStartTime":77400000,"mTimeUnit":600000,"mWalkTime":6670,"runStep":0,"walkStep":10},{"distance":4.73,"mCalorie":0.21,"mOthersTime":0,"mRunTime":0,"mStartTime":79200000,"mTimeUnit":600000,"mWalkTime":4002,"runStep":0,"walkStep":6},{"distance":101.56,"mCalorie":5.75,"mOthersTime":0,"mRunTime":0,"mStartTime":79800000,"mTimeUnit":600000,"mWalkTime":104052,"runStep":0,"walkStep":156},{"distance":433.43097,"mCalorie":22.720001,"mOthersTime":0,"mRunTime":0,"mStartTime":80400000,"mTimeUnit":600000,"mWalkTime":346690,"runStep":0,"walkStep":588},{"distance":20.8,"mCalorie":1.11,"mOthersTime":0,"mRunTime":0,"mStartTime":81000000,"mTimeUnit":600000,"mWalkTime":19343,"runStep":0,"walkStep":29},{"distance":8.13,"mCalorie":0.48,"mOthersTime":0,"mRunTime":0,"mStartTime":81600000,"mTimeUnit":600000,"mWalkTime":8004,"runStep":0,"walkStep":12},{"distance":212.25,"mCalorie":11.570001,"mOthersTime":0,"mRunTime":2000,"mStartTime":83400000,"mTimeUnit":600000,"mWalkTime":182031,"runStep":5,"walkStep":282},{"distance":247.33,"mCalorie":13.32,"mOthersTime":0,"mRunTime":0,"mStartTime":84000000,"mTimeUnit":600000,"mWalkTime":211379,"runStep":0,"walkStep":345},{"distance":42.8,"mCalorie":2.23,"mOthersTime":0,"mRunTime":0,"mStartTime":84600000,"mTimeUnit":600000,"mWalkTime":39353,"runStep":0,"walkStep":59},{"distance":56.121002,"mCalorie":2.52,"mOthersTime":0,"mRunTime":0,"mStartTime":85200000,"mTimeUnit":600000,"mWalkTime":48691,"runStep":0,"walkStep":73},{"distance":7.51,"mCalorie":0.32,"mOthersTime":0,"mRunTime":0,"mStartTime":85800000,"mTimeUnit":600000,"mWalkTime":6670,"runStep":0,"walkStep":10}],"version":1}