{"mActivityList":[{"mActiveTime":1264399,"mActiveTimeType":0,"mCalorie":157.0,"mCategory":204,"mDetailInfoId":"e510eeb7-80c9-102d-130f-27489e2c2bc8","mDistance":1488.928,"mDuration":1264399,"mEndTime":36404256,"mStartTime":35139857,"mType":1001},{"mActiveTime":1225371,"mActiveTimeType":0,"mCalorie":81.0,"mCategory":204,"mDetailInfoId":"241e8345-3998-e38d-1c12-2725f20e66a8","mDistance":1482.899,"mDuration":1225371,"mEndTime":37902267,"mStartTime":36676896,"mType":1001}],"mAdaptiveGoal":0,"mIsGoalAchieved":false,"mIsMostActiveAchieved":false,"mMostActiveMinutes":0,"mStreakDayCount":0,"mUnitDataList":[{"distance":27.810001,"mCalorie":1.62,"mOthersTime":0,"mRunTime":400,"mStartTime":1800000,"mTimeUnit":600000,"mWalkTime":21344,"runStep":1,"walkStep":32},{"distance":5.5,"mCalorie":0.36,"mOthersTime":0,"mRunTime":0,"mStartTime":6000000,"mTimeUnit":600000,"mWalkTime":4669,"runStep":0,"walkStep":7},{"distance":10.08,"mCalorie":0.7,"mOthersTime":0,"mRunTime":400,"mStartTime":13800000,"mTimeUnit":600000,"mWalkTime":6670,"runStep":1,"walkStep":10},{"distance":7.82,"mCalorie":0.34,"mOthersTime":0,"mRunTime":0,"mStartTime":22200000,"mTimeUnit":600000,"mWalkTime":6670,"runStep":0,"walkStep":10},{"distance":35.95,"mCalorie":1.5,"mOthersTime":0,"mRunTime":0,"mStartTime":22800000,"mTimeUnit":600000,"mWalkTime":30682,"runStep":0,"walkStep":46},{"distance":12.08,"mCalorie":0.5,"mOthersTime":0,"mRunTime":0,"mStartTime":23400000,"mTimeUnit":600000,"mWalkTime":8671,"runStep":0,"walkStep":13},{"distance":67.6,"mCalorie":3.5500002,"mOthersTime":0,"mRunTime":0,"mStartTime":24000000,"mTimeUnit":600000,"mWalkTime":62698,"runStep":0,"walkStep":94},{"distance":27.55,"mCalorie":1.34,"mOthersTime":0,"mRunTime":0,"mStartTime":24600000,"mTimeUnit":600000,"mWalkTime":24679,"runStep":0,"walkStep":37},{"distance":47.190002,"mCalorie":2.33,"mOthersTime":0,"mRunTime":0,"mStartTime":34200000,"mTimeUnit":600000,"mWalkTime":44022,"runStep":0,"walkStep":66},{"distance":356.12036,"mCalorie":35.463364,"mOthersTime":0,"mRunTime":0,"mStartTime":34800000,"mTimeUnit":600000,"mWalkTime":308762,"runStep":0,"walkStep":482},{"distance":706.5466,"mCalorie":74.50179,"mOthersTime":0,"mRunTime":0,"mStartTime":35400000,"mTimeUnit":600000,"mWalkTime":600000,"runStep":0,"walkStep":971},{"distance":479.23886,"mCalorie":50.374763,"mOthersTime":0,"mRunTime":0,"mStartTime":36000000,"mTimeUnit":600000,"mWalkTime":407231,"runStep":0,"walkStep":613},{"distance":652.83496,"mCalorie":35.437325,"mOthersTime":0,"mRunTime":0,"mStartTime":36600000,"mTimeUnit":600000,"mWalkTime":540000,"runStep":0,"walkStep":925},{"distance":726.098,"mCalorie":39.661457,"mOthersTime":0,"mRunTime":0,"mStartTime":37200000,"mTimeUnit":600000,"mWalkTime":600000,"runStep":0,"walkStep":991},{"distance":126.04142,"mCalorie":6.92265,"mOthersTime":0,"mRunTime":0,"mStartTime":37800000,"mTimeUnit":600000,"mWalkTime":105421,"runStep":0,"walkStep":106},{"distance":184.67,"mCalorie":10.360001,"mOthersTime":0,"mRunTime":0,"mStartTime":38400000,"mTimeUnit":600000,"mWalkTime":178089,"runStep":0,"walkStep":267},{"distance":33.77,"mCalorie":1.8499999,"mOthersTime":0,"mRunTime":800,"mStartTime":39000000,"mTimeUnit":600000,"mWalkTime":28681,"runStep":2,"walkStep":43},{"distance":13.54,"mCalorie":0.82,"mOthersTime":0,"mRunTime":0,"mStartTime":42600000,"mTimeUnit":600000,"mWalkTime":13340,"runStep":0,"walkStep":20},{"distance":17.99,"mCalorie":0.93,"mOthersTime":0,"mRunTime":0,"mStartTime":43200000,"mTimeUnit":600000,"mWalkTime":16675,"runStep":0,"walkStep":25},{"distance":7.97,"mCalorie":0.31,"mOthersTime":0,"mRunTime":0,"mStartTime":43800000,"mTimeUnit":600000,"mWalkTime":6670,"runStep":0,"walkStep":10},{"distance":23.32,"mCalorie":1.32,"mOthersTime":0,"mRunTime":0,"mStartTime":44400000,"mTimeUnit":600000,"mWalkTime":20677,"runStep":0,"walkStep":31},{"distance":7.94,"mCalorie":0.41,"mOthersTime":0,"mRunTime":0,"mStartTime":45000000,"mTimeUnit":600000,"mWalkTime":7337,"runStep":0,"walkStep":11},{"distance":20.44,"mCalorie":1.04,"mOthersTime":0,"mRunTime":0,"mStartTime":46200000,"mTimeUnit":600000,"mWalkTime":18009,"runStep":0,"walkStep":27},{"distance":41.93,"mCalorie":2.1299999,"mOthersTime":0,"mRunTime":0,"mStartTime":48000000,"mTimeUnit":600000,"mWalkTime":38019,"runStep":0,"walkStep":57},{"distance":13.33,"mCalorie":0.6,"mOthersTime":0,"mRunTime":0,"mStartTime":48600000,"mTimeUnit":600000,"mWalkTime":12673,"runStep":0,"walkStep":19},{"distance":22.611,"mCalorie":0.86,"mOthersTime":0,"mRunTime":0,"mStartTime":49800000,"mTimeUnit":600000,"mWalkTime":19343,"runStep":0,"walkStep":29},{"distance":47.489998,"mCalorie":2.59,"mOthersTime":0,"mRunTime":400,"mStartTime":50400000,"mTimeUnit":600000,"mWalkTime":37352,"runStep":1,"walkStep":56},{"distance":45.86,"mCalorie":2.1000001,"mOthersTime":0,"mRunTime":1200,"mStartTime":51000000,"mTimeUnit":600000,"mWalkTime":37352,"runStep":3,"walkStep":56},{"distance":44.979,"mCalorie":2.3999999,"mOthersTime":0,"mRunTime":2000,"mStartTime":51600000,"mTimeUnit":600000,"mWalkTime":36685,"runStep":5,"walkStep":55},{"distance":8.47,"mCalorie":0.39,"mOthersTime":0,"mRunTime":0,"mStartTime":53400000,"mTimeUnit":600000,"mWalkTime":7337,"runStep":0,"walkStep":11},{"distance":17.67,"mCalorie":0.89,"mOthersTime":0,"mRunTime":0,"mStartTime":55800000,"mTimeUnit":600000,"mWalkTime":16008,"runStep":0,"walkStep":24},{"distance":41.739998,"mCalorie":2.2,"mOthersTime":0,"mRunTime":0,"mStartTime":57000000,"mTimeUnit":600000,"mWalkTime":38686,"runStep":0,"walkStep":58},{"distance":21.64,"mCalorie":0.95,"mOthersTime":0,"mRunTime":0,"mStartTime":57600000,"mTimeUnit":600000,"mWalkTime":16675,"runStep":0,"walkStep":25},{"distance":172.31999,"mCalorie":8.02,"mOthersTime":0,"mRunTime":0,"mStartTime":58200000,"mTimeUnit":600000,"mWalkTime":150045,"runStep":0,"walkStep":230},{"distance":223.76,"mCalorie":10.549999,"mOthersTime":0,"mRunTime":0,"mStartTime":58800000,"mTimeUnit":600000,"mWalkTime":196735,"runStep":0,"walkStep":309},{"distance":50.44,"mCalorie":2.67,"mOthersTime":0,"mRunTime":0,"mStartTime":60000000,"mTimeUnit":600000,"mWalkTime":46690,"runStep":0,"walkStep":70},{"distance":9.17,"mCalorie":0.4,"mOthersTime":0,"mRunTime":0,"mStartTime":60600000,"mTimeUnit":600000,"mWalkTime":8004,"runStep":0,"walkStep":12},{"distance":9.82,"mCalorie":0.42,"mOthersTime":0,"mRunTime":0,"mStartTime":61200000,"mTimeUnit":600000,"mWalkTime":8671,"runStep":0,"walkStep":13},{"distance":10.46,"mCalorie":0.41,"mOthersTime":0,"mRunTime":0,"mStartTime":61800000,"mTimeUnit":600000,"mWalkTime":8671,"runStep":0,"walkStep":13},{"distance":59.501,"mCalorie":2.84,"mOthersTime":0,"mRunTime":0,"mStartTime":62400000,"mTimeUnit":600000,"mWalkTime":52693,"runStep":0,"walkStep":79},{"distance":15.32,"mCalorie":0.62,"mOthersTime":0,"mRunTime":0,"mStartTime":63000000,"mTimeUnit":600000,"mWalkTime":13340,"runStep":0,"walkStep":20},{"distance":29.06,"mCalorie":1.6899999,"mOthersTime":0,"mRunTime":0,"mStartTime":65400000,"mTimeUnit":600000,"mWalkTime":28014,"runStep":0,"walkStep":42},{"distance":27.52,"mCalorie":1.23,"mOthersTime":0,"mRunTime":0,"mStartTime":66600000,"mTimeUnit":600000,"mWalkTime":24679,"runStep":0,"walkStep":37},{"distance":15.83,"mCalorie":0.76,"mOthersTime":0,"mRunTime":0,"mStartTime":67800000,"mTimeUnit":600000,"mWalkTime":14674,"runStep":0,"walkStep":22},{"distance":38.02,"mCalorie":1.99,"mOthersTime":0,"mRunTime":400,"mStartTime":70200000,"mTimeUnit":600000,"mWalkTime":30015,"runStep":1,"walkStep":45},{"distance":81.751,"mCalorie":4.08,"mOthersTime":0,"mRunTime":2000,"mStartTime":71400000,"mTimeUnit":600000,"mWalkTime":68701,"runStep":5,"walkStep":103},{"distance":9.99,"mCalorie":0.58,"mOthersTime":0,"mRunTime":0,"mStartTime":72000000,"mTimeUnit":600000,"mWalkTime":9338,"runStep":0,"walkStep":14},{"distance":26.61,"mCalorie":1.35,"mOthersTime":0,"mRunTime":0,"mStartTime":72600000,"mTimeUnit":600000,"mWalkTime":24679,"runStep":0,"walkStep":37},{"distance":40.2,"mCalorie":2.44,"mOthersTime":0,"mRunTime":2000,"mStartTime":76800000,"mTimeUnit":600000,"mWalkTime":30682,"runStep":5,"walkStep":46},{"distance":7.98,"mCalorie":0.42,"mOthersTime":0,"mRunTime":0,"mStartTime":78000000,"mTimeUnit":600000,"mWalkTime":7337,"runStep":0,"walkStep":11},{"distance":29.710001,"mCalorie":1.4300001,"mOthersTime":0,"mRunTime":0,"mStartTime":79200000,"mTimeUnit":600000,"mWalkTime":27347,"runStep":0,"walkStep":41},{"distance":27.41,"mCalorie":1.3800001,"mOthersTime":0,"mRunTime":0,"mStartTime":79800000,"mTimeUnit":600000,"mWalkTime":26013,"runStep":0,"walkStep":39},{"distance":22.569,"mCalorie":1.14,"mOthersTime":0,"mRunTime":0,"mStartTime":80400000,"mTimeUnit":600000,"mWalkTime":21344,"runStep":0,"walkStep":32},{"distance":60.210003,"mCalorie":3.32,"mOthersTime":0,"mRunTime":0,"mStartTime":81000000,"mTimeUnit":600000,"mWalkTime":54694,"runStep":0,"walkStep":82},{"distance":26.07,"mCalorie":1.21,"mOthersTime":0,"mRunTime":0,"mStartTime":81600000,"mTimeUnit":600000,"mWalkTime":22678,"runStep":0,"walkStep":34},{"distance":8.04,"mCalorie":0.52,"mOthersTime":0,"mRunTime":0,"mStartTime":84000000,"mTimeUnit":600000,"mWalkTime":6670,"runStep":0,"walkStep":10}],"version":1}