{"mActivityList":[{"mActiveTime":600000,"mActiveTimeType":2,"mCalorie":65.17,"mCategory":204,"mDetailInfoId":"7d645f80-348e-5058-547c-62dc6a5f1596","mDistance":0.0,"mDuration":600000,"mEndTime":53622028,"mStartTime":53022028,"mType":11007},{"mActiveTime":600000,"mActiveTimeType":2,"mCalorie":62.75,"mCategory":204,"mDetailInfoId":"5589995b-7ec7-1d33-8a0e-d18ab8cf5545","mDistance":0.0,"mDuration":600000,"mEndTime":75579033,"mStartTime":74979033,"mType":11007}],"mAdaptiveGoal":0,"mIsGoalAchieved":false,"mIsMostActiveAchieved":false,"mMostActiveMinutes":0,"mStreakDayCount":0,"mUnitDataList":[{"distance":31.11,"mCalorie":1.45,"mOthersTime":0,"mRunTime":0,"mStartTime":7800000,"mTimeUnit":600000,"mWalkTime":28014,"runStep":0,"walkStep":42},{"distance":50.68,"mCalorie":3.3899999,"mOthersTime":0,"mRunTime":0,"mStartTime":16200000,"mTimeUnit":600000,"mWalkTime":58029,"runStep":0,"walkStep":87},{"distance":397.88998,"mCalorie":22.75,"mOthersTime":0,"mRunTime":0,"mStartTime":16800000,"mTimeUnit":600000,"mWalkTime":336018,"runStep":0,"walkStep":558},{"distance":59.65,"mCalorie":3.13,"mOthersTime":0,"mRunTime":0,"mStartTime":17400000,"mTimeUnit":600000,"mWalkTime":54027,"runStep":0,"walkStep":81},{"distance":360.02,"mCalorie":20.4,"mOthersTime":0,"mRunTime":0,"mStartTime":19800000,"mTimeUnit":600000,"mWalkTime":296695,"runStep":0,"walkStep":493},{"distance":23.269999,"mCalorie":1.24,"mOthersTime":0,"mRunTime":0,"mStartTime":20400000,"mTimeUnit":600000,"mWalkTime":21344,"runStep":0,"walkStep":32},{"distance":5.79,"mCalorie":0.29,"mOthersTime":0,"mRunTime":0,"mStartTime":35400000,"mTimeUnit":600000,"mWalkTime":5336,"runStep":0,"walkStep":8},{"distance":52.68,"mCalorie":2.72,"mOthersTime":0,"mRunTime":0,"mStartTime":36000000,"mTimeUnit":600000,"mWalkTime":48691,"runStep":0,"walkStep":73},{"distance":47.02,"mCalorie":2.4099998,"mOthersTime":0,"mRunTime":0,"mStartTime":36600000,"mTimeUnit":600000,"mWalkTime":43355,"runStep":0,"walkStep":65},{"distance":51.540005,"mCalorie":2.7599998,"mOthersTime":0,"mRunTime":0,"mStartTime":37200000,"mTimeUnit":600000,"mWalkTime":48024,"runStep":0,"walkStep":72},{"distance":101.40001,"mCalorie":5.37,"mOthersTime":0,"mRunTime":0,"mStartTime":37800000,"mTimeUnit":600000,"mWalkTime":94047,"runStep":0,"walkStep":141},{"distance":137.66,"mCalorie":7.16,"mOthersTime":0,"mRunTime":0,"mStartTime":38400000,"mTimeUnit":600000,"mWalkTime":126730,"runStep":0,"walkStep":190},{"distance":10.65,"mCalorie":0.55,"mOthersTime":0,"mRunTime":0,"mStartTime":39000000,"mTimeUnit":600000,"mWalkTime":10005,"runStep":0,"walkStep":15},{"distance":33.420002,"mCalorie":1.6999999,"mOthersTime":0,"mRunTime":0,"mStartTime":39600000,"mTimeUnit":600000,"mWalkTime":30682,"runStep":0,"walkStep":46},{"distance":25.54,"mCalorie":1.29,"mOthersTime":0,"mRunTime":0,"mStartTime":40200000,"mTimeUnit":600000,"mWalkTime":22678,"runStep":0,"walkStep":34},{"distance":34.8,"mCalorie":1.72,"mOthersTime":0,"mRunTime":0,"mStartTime":42000000,"mTimeUnit":600000,"mWalkTime":31349,"runStep":0,"walkStep":47},{"distance":90.21001,"mCalorie":4.7,"mOthersTime":0,"mRunTime":0,"mStartTime":42600000,"mTimeUnit":600000,"mWalkTime":82041,"runStep":0,"walkStep":123},{"distance":13.44,"mCalorie":0.72,"mOthersTime":0,"mRunTime":0,"mStartTime":43200000,"mTimeUnit":600000,"mWalkTime":12673,"runStep":0,"walkStep":19},{"distance":11.990001,"mCalorie":0.66,"mOthersTime":0,"mRunTime":0,"mStartTime":43800000,"mTimeUnit":600000,"mWalkTime":11339,"runStep":0,"walkStep":17},{"distance":95.89,"mCalorie":4.9700003,"mOthersTime":0,"mRunTime":0,"mStartTime":45600000,"mTimeUnit":600000,"mWalkTime":92713,"runStep":0,"walkStep":139},{"distance":407.83997,"mCalorie":23.800001,"mOthersTime":0,"mRunTime":0,"mStartTime":46200000,"mTimeUnit":600000,"mWalkTime":388194,"runStep":0,"walkStep":582},{"distance":436.64996,"mCalorie":22.96,"mOthersTime":0,"mRunTime":0,"mStartTime":46800000,"mTimeUnit":600000,"mWalkTime":397532,"runStep":0,"walkStep":596},{"distance":135.63,"mCalorie":6.8899994,"mOthersTime":0,"mRunTime":0,"mStartTime":47400000,"mTimeUnit":600000,"mWalkTime":121364,"runStep":0,"walkStep":183},{"distance":7.65,"mCalorie":0.47,"mOthersTime":0,"mRunTime":0,"mStartTime":48600000,"mTimeUnit":600000,"mWalkTime":6670,"runStep":0,"walkStep":10},{"distance":150.4,"mCalorie":7.8999996,"mOthersTime":0,"mRunTime":1200,"mStartTime":49800000,"mTimeUnit":600000,"mWalkTime":135401,"runStep":3,"walkStep":203},{"distance":252.94998,"mCalorie":17.48,"mOthersTime":0,"mRunTime":800,"mStartTime":50400000,"mTimeUnit":600000,"mWalkTime":240787,"runStep":2,"walkStep":361},{"distance":116.270004,"mCalorie":5.79,"mOthersTime":0,"mRunTime":0,"mStartTime":51000000,"mTimeUnit":600000,"mWalkTime":103385,"runStep":0,"walkStep":155},{"distance":178.85999,"mCalorie":8.690001,"mOthersTime":0,"mRunTime":0,"mStartTime":51600000,"mTimeUnit":600000,"mWalkTime":162081,"runStep":0,"walkStep":243},{"distance":109.39,"mCalorie":5.34,"mOthersTime":0,"mRunTime":0,"mStartTime":52200000,"mTimeUnit":600000,"mWalkTime":99383,"runStep":0,"walkStep":149},{"distance":87.28897,"mCalorie":45.63872,"mOthersTime":377972,"mRunTime":1200,"mStartTime":52800000,"mTimeUnit":600000,"mWalkTime":73382,"runStep":3,"walkStep":430},{"distance":54.062115,"mCalorie":26.874556,"mOthersTime":222028,"mRunTime":0,"mStartTime":53400000,"mTimeUnit":600000,"mWalkTime":49284,"runStep":0,"walkStep":208},{"distance":18.220001,"mCalorie":1.0799999,"mOthersTime":0,"mRunTime":1600,"mStartTime":55800000,"mTimeUnit":600000,"mWalkTime":12006,"runStep":4,"walkStep":18},{"distance":35.87,"mCalorie":1.8000001,"mOthersTime":0,"mRunTime":800,"mStartTime":56400000,"mTimeUnit":600000,"mWalkTime":28681,"runStep":2,"walkStep":43},{"distance":53.22,"mCalorie":2.5900002,"mOthersTime":0,"mRunTime":0,"mStartTime":57000000,"mTimeUnit":600000,"mWalkTime":48691,"runStep":0,"walkStep":73},{"distance":66.21,"mCalorie":3.09,"mOthersTime":0,"mRunTime":0,"mStartTime":57600000,"mTimeUnit":600000,"mWalkTime":57362,"runStep":0,"walkStep":86},{"distance":9.38,"mCalorie":0.48,"mOthersTime":0,"mRunTime":0,"mStartTime":58200000,"mTimeUnit":600000,"mWalkTime":8004,"runStep":0,"walkStep":12},{"distance":54.87,"mCalorie":2.63,"mOthersTime":0,"mRunTime":400,"mStartTime":58800000,"mTimeUnit":600000,"mWalkTime":48024,"runStep":1,"walkStep":72},{"distance":123.69,"mCalorie":6.7099996,"mOthersTime":0,"mRunTime":4000,"mStartTime":59400000,"mTimeUnit":600000,"mWalkTime":96715,"runStep":10,"walkStep":145},{"distance":247.26999,"mCalorie":13.24,"mOthersTime":0,"mRunTime":9600,"mStartTime":60600000,"mTimeUnit":600000,"mWalkTime":188064,"runStep":24,"walkStep":299},{"distance":95.579994,"mCalorie":4.84,"mOthersTime":0,"mRunTime":0,"mStartTime":61200000,"mTimeUnit":600000,"mWalkTime":87377,"runStep":0,"walkStep":131},{"distance":40.91,"mCalorie":2.14,"mOthersTime":0,"mRunTime":0,"mStartTime":61800000,"mTimeUnit":600000,"mWalkTime":37352,"runStep":0,"walkStep":56},{"distance":186.38998,"mCalorie":9.74,"mOthersTime":0,"mRunTime":0,"mStartTime":62400000,"mTimeUnit":600000,"mWalkTime":173420,"runStep":0,"walkStep":260},{"distance":121.23,"mCalorie":6.1699996,"mOthersTime":0,"mRunTime":1600,"mStartTime":63000000,"mTimeUnit":600000,"mWalkTime":104719,"runStep":4,"walkStep":157},{"distance":260.68,"mCalorie":13.84,"mOthersTime":0,"mRunTime":0,"mStartTime":63600000,"mTimeUnit":600000,"mWalkTime":231419,"runStep":0,"walkStep":355},{"distance":181.76,"mCalorie":9.48,"mOthersTime":0,"mRunTime":0,"mStartTime":64200000,"mTimeUnit":600000,"mWalkTime":163415,"runStep":0,"walkStep":245},{"distance":47.250004,"mCalorie":2.39,"mOthersTime":0,"mRunTime":0,"mStartTime":64800000,"mTimeUnit":600000,"mWalkTime":43355,"runStep":0,"walkStep":65},{"distance":397.61002,"mCalorie":19.74,"mOthersTime":0,"mRunTime":0,"mStartTime":65400000,"mTimeUnit":600000,"mWalkTime":338776,"runStep":0,"walkStep":532},{"distance":136.70001,"mCalorie":6.83,"mOthersTime":0,"mRunTime":0,"mStartTime":66000000,"mTimeUnit":600000,"mWalkTime":123395,"runStep":0,"walkStep":185},{"distance":105.09,"mCalorie":6.8900003,"mOthersTime":0,"mRunTime":0,"mStartTime":66600000,"mTimeUnit":600000,"mWalkTime":99353,"runStep":0,"walkStep":153},{"distance":353.32,"mCalorie":18.52,"mOthersTime":0,"mRunTime":0,"mStartTime":67200000,"mTimeUnit":600000,"mWalkTime":300030,"runStep":0,"walkStep":478},{"distance":47.6,"mCalorie":2.5,"mOthersTime":0,"mRunTime":0,"mStartTime":69000000,"mTimeUnit":600000,"mWalkTime":44022,"runStep":0,"walkStep":66},{"distance":65.79,"mCalorie":3.34,"mOthersTime":0,"mRunTime":0,"mStartTime":69600000,"mTimeUnit":600000,"mWalkTime":60030,"runStep":0,"walkStep":90},{"distance":31.95,"mCalorie":1.6300001,"mOthersTime":0,"mRunTime":1600,"mStartTime":70200000,"mTimeUnit":600000,"mWalkTime":26013,"runStep":4,"walkStep":39},{"distance":16.32,"mCalorie":0.66,"mOthersTime":0,"mRunTime":0,"mStartTime":70800000,"mTimeUnit":600000,"mWalkTime":14674,"runStep":0,"walkStep":22},{"distance":17.4,"mCalorie":0.78,"mOthersTime":0,"mRunTime":0,"mStartTime":71400000,"mTimeUnit":600000,"mWalkTime":15341,"runStep":0,"walkStep":23},{"distance":7.14,"mCalorie":0.34,"mOthersTime":0,"mRunTime":0,"mStartTime":72000000,"mTimeUnit":600000,"mWalkTime":6670,"runStep":0,"walkStep":10},{"distance":51.85,"mCalorie":2.69,"mOthersTime":0,"mRunTime":400,"mStartTime":73800000,"mTimeUnit":600000,"mWalkTime":44689,"runStep":1,"walkStep":67},{"distance":195.2089,"mCalorie":13.2059,"mOthersTime":20967,"mRunTime":5200,"mStartTime":74400000,"mTimeUnit":600000,"mWalkTime":176777,"runStep":13,"walkStep":286},{"distance":17.311752,"mCalorie":61.458782,"mOthersTime":579033,"mRunTime":0,"mStartTime":75000000,"mTimeUnit":600000,"mWalkTime":15383,"runStep":0,"walkStep":636},{"distance":41.1,"mCalorie":2.2,"mOthersTime":0,"mRunTime":0,"mStartTime":75600000,"mTimeUnit":600000,"mWalkTime":38686,"runStep":0,"walkStep":58},{"distance":9.21,"mCalorie":0.44,"mOthersTime":0,"mRunTime":0,"mStartTime":76800000,"mTimeUnit":600000,"mWalkTime":8004,"runStep":0,"walkStep":12},{"distance":268.55002,"mCalorie":14.4,"mOthersTime":0,"mRunTime":2800,"mStartTime":77400000,"mTimeUnit":600000,"mWalkTime":238119,"runStep":7,"walkStep":357},{"distance":245.62999,"mCalorie":11.509999,"mOthersTime":0,"mRunTime":0,"mStartTime":78000000,"mTimeUnit":600000,"mWalkTime":215411,"runStep":0,"walkStep":328},{"distance":13.04,"mCalorie":0.66,"mOthersTime":0,"mRunTime":0,"mStartTime":79200000,"mTimeUnit":600000,"mWalkTime":12006,"runStep":0,"walkStep":18},{"distance":103.950005,"mCalorie":5.54,"mOthersTime":0,"mRunTime":800,"mStartTime":80400000,"mTimeUnit":600000,"mWalkTime":99383,"runStep":2,"walkStep":149},{"distance":343.44,"mCalorie":18.35,"mOthersTime":0,"mRunTime":0,"mStartTime":81000000,"mTimeUnit":600000,"mWalkTime":274017,"runStep":0,"walkStep":476},{"distance":73.810005,"mCalorie":3.61,"mOthersTime":0,"mRunTime":0,"mStartTime":81600000,"mTimeUnit":600000,"mWalkTime":68034,"runStep":0,"walkStep":102},{"distance":18.06,"mCalorie":0.91,"mOthersTime":0,"mRunTime":0,"mStartTime":82800000,"mTimeUnit":600000,"mWalkTime":16008,"runStep":0,"walkStep":24},{"distance":370.44998,"mCalorie":20.729998,"mOthersTime":0,"mRunTime":0,"mStartTime":83400000,"mTimeUnit":600000,"mWalkTime":299363,"runStep":0,"walkStep":508},{"distance":113.340004,"mCalorie":5.41,"mOthersTime":0,"mRunTime":0,"mStartTime":84000000,"mTimeUnit":600000,"mWalkTime":88014,"runStep":0,"walkStep":152},{"distance":40.440002,"mCalorie":2.0,"mOthersTime":0,"mRunTime":0,"mStartTime":84600000,"mTimeUnit":600000,"mWalkTime":36685,"runStep":0,"walkStep":55},{"distance":152.75998,"mCalorie":7.4900002,"mOthersTime":0,"mRunTime":0,"mStartTime":85200000,"mTimeUnit":600000,"mWalkTime":140070,"runStep":0,"walkStep":210},{"distance":46.020004,"mCalorie":2.03,"mOthersTime":0,"mRunTime":0,"mStartTime":85800000,"mTimeUnit":600000,"mWalkTime":40020,"runStep":0,"walkStep":60}],"version":1}