{"mAdaptiveGoal":0,"mIsGoalAchieved":false,"mIsMostActiveAchieved":false,"mMostActiveMinutes":0,"mStreakDayCount":0,"mUnitDataList":[{"distance":9.29,"mCalorie":0.33,"mOthersTime":0,"mRunTime":0,"mStartTime":8400000,"mTimeUnit":600000,"mWalkTime":6670,"runStep":0,"walkStep":10},{"distance":20.34,"mCalorie":0.99,"mOthersTime":0,"mRunTime":400,"mStartTime":24000000,"mTimeUnit":600000,"mWalkTime":16008,"runStep":1,"walkStep":24},{"distance":17.39,"mCalorie":1.1,"mOthersTime":0,"mRunTime":400,"mStartTime":24600000,"mTimeUnit":600000,"mWalkTime":14674,"runStep":1,"walkStep":22},{"distance":20.429,"mCalorie":1.1,"mOthersTime":0,"mRunTime":800,"mStartTime":25800000,"mTimeUnit":600000,"mWalkTime":16008,"runStep":2,"walkStep":24},{"distance":101.68,"mCalorie":5.59,"mOthersTime":0,"mRunTime":3200,"mStartTime":28800000,"mTimeUnit":600000,"mWalkTime":84042,"runStep":8,"walkStep":126},{"distance":127.01001,"mCalorie":7.0099998,"mOthersTime":0,"mRunTime":6800,"mStartTime":29400000,"mTimeUnit":600000,"mWalkTime":94047,"runStep":17,"walkStep":141},{"distance":25.34,"mCalorie":1.24,"mOthersTime":0,"mRunTime":0,"mStartTime":30000000,"mTimeUnit":600000,"mWalkTime":23345,"runStep":0,"walkStep":35},{"distance":26.51,"mCalorie":1.34,"mOthersTime":0,"mRunTime":400,"mStartTime":30600000,"mTimeUnit":600000,"mWalkTime":20677,"runStep":1,"walkStep":31},{"distance":39.96,"mCalorie":2.4,"mOthersTime":0,"mRunTime":0,"mStartTime":31200000,"mTimeUnit":600000,"mWalkTime":42021,"runStep":0,"walkStep":63},{"distance":66.361,"mCalorie":3.52,"mOthersTime":0,"mRunTime":1200,"mStartTime":31800000,"mTimeUnit":600000,"mWalkTime":56028,"runStep":3,"walkStep":84},{"distance":193.79999,"mCalorie":9.92,"mOthersTime":0,"mRunTime":0,"mStartTime":32400000,"mTimeUnit":600000,"mWalkTime":176755,"runStep":0,"walkStep":265},{"distance":22.86,"mCalorie":1.1,"mOthersTime":0,"mRunTime":0,"mStartTime":33000000,"mTimeUnit":600000,"mWalkTime":20677,"runStep":0,"walkStep":31},{"distance":30.3,"mCalorie":1.48,"mOthersTime":0,"mRunTime":0,"mStartTime":33600000,"mTimeUnit":600000,"mWalkTime":26680,"runStep":0,"walkStep":40},{"distance":68.63,"mCalorie":3.65,"mOthersTime":0,"mRunTime":0,"mStartTime":34200000,"mTimeUnit":600000,"mWalkTime":63365,"runStep":0,"walkStep":95},{"distance":346.30002,"mCalorie":18.81,"mOthersTime":0,"mRunTime":0,"mStartTime":34800000,"mTimeUnit":600000,"mWalkTime":323495,"runStep":0,"walkStep":485},{"distance":99.84,"mCalorie":5.14,"mOthersTime":0,"mRunTime":0,"mStartTime":36000000,"mTimeUnit":600000,"mWalkTime":92713,"runStep":0,"walkStep":139},{"distance":103.450005,"mCalorie":5.34,"mOthersTime":0,"mRunTime":0,"mStartTime":36600000,"mTimeUnit":600000,"mWalkTime":92713,"runStep":0,"walkStep":139},{"distance":179.66002,"mCalorie":8.370001,"mOthersTime":0,"mRunTime":0,"mStartTime":37200000,"mTimeUnit":600000,"mWalkTime":154714,"runStep":0,"walkStep":238},{"distance":33.959,"mCalorie":1.65,"mOthersTime":0,"mRunTime":800,"mStartTime":37800000,"mTimeUnit":600000,"mWalkTime":28014,"runStep":2,"walkStep":42},{"distance":295.78098,"mCalorie":15.71,"mOthersTime":0,"mRunTime":0,"mStartTime":38400000,"mTimeUnit":600000,"mWalkTime":243365,"runStep":0,"walkStep":401},{"distance":7.75,"mCalorie":0.43,"mOthersTime":0,"mRunTime":0,"mStartTime":39600000,"mTimeUnit":600000,"mWalkTime":7337,"runStep":0,"walkStep":11},{"distance":17.83,"mCalorie":0.88,"mOthersTime":0,"mRunTime":0,"mStartTime":40200000,"mTimeUnit":600000,"mWalkTime":16008,"runStep":0,"walkStep":24},{"distance":5.62,"mCalorie":0.3,"mOthersTime":0,"mRunTime":0,"mStartTime":42000000,"mTimeUnit":600000,"mWalkTime":5336,"runStep":0,"walkStep":8},{"distance":215.14001,"mCalorie":10.879998,"mOthersTime":0,"mRunTime":0,"mStartTime":42600000,"mTimeUnit":600000,"mWalkTime":186063,"runStep":0,"walkStep":296},{"distance":61.6,"mCalorie":2.94,"mOthersTime":0,"mRunTime":0,"mStartTime":43200000,"mTimeUnit":600000,"mWalkTime":53360,"runStep":0,"walkStep":80},{"distance":65.569,"mCalorie":3.58,"mOthersTime":0,"mRunTime":0,"mStartTime":43800000,"mTimeUnit":600000,"mWalkTime":57362,"runStep":0,"walkStep":86},{"distance":16.28,"mCalorie":0.74,"mOthersTime":0,"mRunTime":0,"mStartTime":44400000,"mTimeUnit":600000,"mWalkTime":14674,"runStep":0,"walkStep":22},{"distance":62.59,"mCalorie":3.56,"mOthersTime":0,"mRunTime":0,"mStartTime":45000000,"mTimeUnit":600000,"mWalkTime":70702,"runStep":0,"walkStep":106},{"distance":250.19,"mCalorie":13.55,"mOthersTime":0,"mRunTime":0,"mStartTime":45600000,"mTimeUnit":600000,"mWalkTime":226053,"runStep":0,"walkStep":343},{"distance":4.92,"mCalorie":0.26,"mOthersTime":0,"mRunTime":0,"mStartTime":46800000,"mTimeUnit":600000,"mWalkTime":4669,"runStep":0,"walkStep":7},{"distance":273.03,"mCalorie":14.200001,"mOthersTime":0,"mRunTime":0,"mStartTime":47400000,"mTimeUnit":600000,"mWalkTime":249428,"runStep":0,"walkStep":377},{"distance":104.66,"mCalorie":6.27,"mOthersTime":0,"mRunTime":0,"mStartTime":48000000,"mTimeUnit":600000,"mWalkTime":98716,"runStep":0,"walkStep":148},{"distance":149.68,"mCalorie":7.7,"mOthersTime":0,"mRunTime":1200,"mStartTime":48600000,"mTimeUnit":600000,"mWalkTime":128064,"runStep":3,"walkStep":192},{"distance":69.630005,"mCalorie":3.5900002,"mOthersTime":0,"mRunTime":0,"mStartTime":49200000,"mTimeUnit":600000,"mWalkTime":64032,"runStep":0,"walkStep":96},{"distance":86.87,"mCalorie":4.2599998,"mOthersTime":0,"mRunTime":0,"mStartTime":49800000,"mTimeUnit":600000,"mWalkTime":78039,"runStep":0,"walkStep":117},{"distance":61.289997,"mCalorie":2.84,"mOthersTime":0,"mRunTime":0,"mStartTime":50400000,"mTimeUnit":600000,"mWalkTime":54694,"runStep":0,"walkStep":82},{"distance":60.46,"mCalorie":3.1,"mOthersTime":0,"mRunTime":400,"mStartTime":51600000,"mTimeUnit":600000,"mWalkTime":53360,"runStep":1,"walkStep":80},{"distance":26.7,"mCalorie":1.53,"mOthersTime":0,"mRunTime":2000,"mStartTime":52800000,"mTimeUnit":600000,"mWalkTime":18676,"runStep":5,"walkStep":28},{"distance":8.92,"mCalorie":0.3,"mOthersTime":0,"mRunTime":0,"mStartTime":55200000,"mTimeUnit":600000,"mWalkTime":7337,"runStep":0,"walkStep":11},{"distance":58.38,"mCalorie":2.69,"mOthersTime":0,"mRunTime":0,"mStartTime":55800000,"mTimeUnit":600000,"mWalkTime":50692,"runStep":0,"walkStep":76},{"distance":15.29,"mCalorie":0.78,"mOthersTime":0,"mRunTime":0,"mStartTime":57000000,"mTimeUnit":600000,"mWalkTime":14007,"runStep":0,"walkStep":21},{"distance":81.13,"mCalorie":3.8999999,"mOthersTime":0,"mRunTime":0,"mStartTime":57600000,"mTimeUnit":600000,"mWalkTime":73370,"runStep":0,"walkStep":110},{"distance":102.17,"mCalorie":5.5499997,"mOthersTime":0,"mRunTime":0,"mStartTime":58200000,"mTimeUnit":600000,"mWalkTime":96048,"runStep":0,"walkStep":144},{"distance":70.86,"mCalorie":3.6099997,"mOthersTime":0,"mRunTime":0,"mStartTime":58800000,"mTimeUnit":600000,"mWalkTime":64699,"runStep":0,"walkStep":97},{"distance":41.0,"mCalorie":2.15,"mOthersTime":0,"mRunTime":0,"mStartTime":59400000,"mTimeUnit":600000,"mWalkTime":37352,"runStep":0,"walkStep":56},{"distance":46.739998,"mCalorie":2.3600001,"mOthersTime":0,"mRunTime":0,"mStartTime":60600000,"mTimeUnit":600000,"mWalkTime":43355,"runStep":0,"walkStep":65},{"distance":72.54,"mCalorie":3.37,"mOthersTime":0,"mRunTime":0,"mStartTime":61200000,"mTimeUnit":600000,"mWalkTime":64032,"runStep":0,"walkStep":96},{"distance":5.16,"mCalorie":0.25,"mOthersTime":0,"mRunTime":0,"mStartTime":61800000,"mTimeUnit":600000,"mWalkTime":4669,"runStep":0,"walkStep":7},{"distance":22.69,"mCalorie":1.22,"mOthersTime":0,"mRunTime":0,"mStartTime":63000000,"mTimeUnit":600000,"mWalkTime":21344,"runStep":0,"walkStep":32},{"distance":5.7200003,"mCalorie":0.29999998,"mOthersTime":0,"mRunTime":0,"mStartTime":64800000,"mTimeUnit":600000,"mWalkTime":5336,"runStep":0,"walkStep":8},{"distance":26.84,"mCalorie":1.18,"mOthersTime":0,"mRunTime":0,"mStartTime":65400000,"mTimeUnit":600000,"mWalkTime":23345,"runStep":0,"walkStep":35},{"distance":7.97,"mCalorie":0.45,"mOthersTime":0,"mRunTime":0,"mStartTime":66000000,"mTimeUnit":600000,"mWalkTime":7337,"runStep":0,"walkStep":11},{"distance":46.590004,"mCalorie":2.11,"mOthersTime":0,"mRunTime":0,"mStartTime":67800000,"mTimeUnit":600000,"mWalkTime":40687,"runStep":0,"walkStep":61},{"distance":8.88,"mCalorie":0.45,"mOthersTime":0,"mRunTime":0,"mStartTime":68400000,"mTimeUnit":600000,"mWalkTime":8004,"runStep":0,"walkStep":12},{"distance":4.93,"mCalorie":0.26,"mOthersTime":0,"mRunTime":0,"mStartTime":69600000,"mTimeUnit":600000,"mWalkTime":4669,"runStep":0,"walkStep":7},{"distance":12.78,"mCalorie":0.65,"mOthersTime":0,"mRunTime":0,"mStartTime":72000000,"mTimeUnit":600000,"mWalkTime":12006,"runStep":0,"walkStep":18},{"distance":6.72,"mCalorie":0.32,"mOthersTime":0,"mRunTime":0,"mStartTime":72600000,"mTimeUnit":600000,"mWalkTime":6003,"runStep":0,"walkStep":9},{"distance":17.3,"mCalorie":0.8,"mOthersTime":0,"mRunTime":0,"mStartTime":76200000,"mTimeUnit":600000,"mWalkTime":15341,"runStep":0,"walkStep":23},{"distance":6.59,"mCalorie":0.33,"mOthersTime":0,"mRunTime":0,"mStartTime":81000000,"mTimeUnit":600000,"mWalkTime":6003,"runStep":0,"walkStep":9},{"distance":54.14,"mCalorie":2.69,"mOthersTime":0,"mRunTime":0,"mStartTime":81600000,"mTimeUnit":600000,"mWalkTime":49358,"runStep":0,"walkStep":74}],"version":1}