{"mAdaptiveGoal":0,"mIsGoalAchieved":false,"mIsMostActiveAchieved":false,"mMostActiveMinutes":0,"mStreakDayCount":0,"mUnitDataList":[{"distance":22.29,"mCalorie":1.71,"mOthersTime":0,"mRunTime":5600,"mStartTime":10800000,"mTimeUnit":600000,"mWalkTime":6670,"runStep":14,"walkStep":10},{"distance":16.2,"mCalorie":1.02,"mOthersTime":0,"mRunTime":0,"mStartTime":12000000,"mTimeUnit":600000,"mWalkTime":15341,"runStep":0,"walkStep":23},{"distance":11.62,"mCalorie":0.67,"mOthersTime":0,"mRunTime":0,"mStartTime":19800000,"mTimeUnit":600000,"mWalkTime":10672,"runStep":0,"walkStep":16},{"distance":27.271,"mCalorie":1.36,"mOthersTime":0,"mRunTime":0,"mStartTime":24000000,"mTimeUnit":600000,"mWalkTime":24679,"runStep":0,"walkStep":37},{"distance":8.99,"mCalorie":0.73,"mOthersTime":0,"mRunTime":1200,"mStartTime":24600000,"mTimeUnit":600000,"mWalkTime":6670,"runStep":3,"walkStep":10},{"distance":56.730003,"mCalorie":2.6799998,"mOthersTime":0,"mRunTime":800,"mStartTime":30600000,"mTimeUnit":600000,"mWalkTime":40687,"runStep":2,"walkStep":61},{"distance":28.729,"mCalorie":1.61,"mOthersTime":0,"mRunTime":0,"mStartTime":31200000,"mTimeUnit":600000,"mWalkTime":27347,"runStep":0,"walkStep":41},{"distance":9.22,"mCalorie":0.42,"mOthersTime":0,"mRunTime":0,"mStartTime":33000000,"mTimeUnit":600000,"mWalkTime":7337,"runStep":0,"walkStep":11},{"distance":80.590004,"mCalorie":3.91,"mOthersTime":0,"mRunTime":0,"mStartTime":33600000,"mTimeUnit":600000,"mWalkTime":72036,"runStep":0,"walkStep":108},{"distance":233.54001,"mCalorie":13.759999,"mOthersTime":0,"mRunTime":0,"mStartTime":34800000,"mTimeUnit":600000,"mWalkTime":218079,"runStep":0,"walkStep":331},{"distance":348.44,"mCalorie":19.249998,"mOthersTime":0,"mRunTime":0,"mStartTime":35400000,"mTimeUnit":600000,"mWalkTime":336138,"runStep":0,"walkStep":504},{"distance":248.88998,"mCalorie":13.34,"mOthersTime":0,"mRunTime":0,"mStartTime":36000000,"mTimeUnit":600000,"mWalkTime":231419,"runStep":0,"walkStep":347},{"distance":327.71,"mCalorie":19.15,"mOthersTime":0,"mRunTime":0,"mStartTime":36600000,"mTimeUnit":600000,"mWalkTime":300787,"runStep":0,"walkStep":461},{"distance":67.11,"mCalorie":3.63,"mOthersTime":0,"mRunTime":0,"mStartTime":37200000,"mTimeUnit":600000,"mWalkTime":64032,"runStep":0,"walkStep":96},{"distance":131.25,"mCalorie":6.8700004,"mOthersTime":0,"mRunTime":0,"mStartTime":37800000,"mTimeUnit":600000,"mWalkTime":121394,"runStep":0,"walkStep":182},{"distance":208.43999,"mCalorie":10.79,"mOthersTime":0,"mRunTime":0,"mStartTime":38400000,"mTimeUnit":600000,"mWalkTime":186730,"runStep":0,"walkStep":288},{"distance":349.3,"mCalorie":17.58,"mOthersTime":0,"mRunTime":0,"mStartTime":39000000,"mTimeUnit":600000,"mWalkTime":304759,"runStep":0,"walkStep":477},{"distance":210.96,"mCalorie":11.619999,"mOthersTime":0,"mRunTime":2400,"mStartTime":39600000,"mTimeUnit":600000,"mWalkTime":185396,"runStep":6,"walkStep":283},{"distance":200.49998,"mCalorie":10.490001,"mOthersTime":0,"mRunTime":0,"mStartTime":40200000,"mTimeUnit":600000,"mWalkTime":178756,"runStep":0,"walkStep":268},{"distance":29.160002,"mCalorie":1.41,"mOthersTime":0,"mRunTime":0,"mStartTime":45600000,"mTimeUnit":600000,"mWalkTime":26013,"runStep":0,"walkStep":39},{"distance":25.65,"mCalorie":1.4,"mOthersTime":0,"mRunTime":0,"mStartTime":49800000,"mTimeUnit":600000,"mWalkTime":24012,"runStep":0,"walkStep":36},{"distance":16.25,"mCalorie":0.79,"mOthersTime":0,"mRunTime":0,"mStartTime":50400000,"mTimeUnit":600000,"mWalkTime":14674,"runStep":0,"walkStep":22},{"distance":29.68,"mCalorie":1.53,"mOthersTime":0,"mRunTime":0,"mStartTime":51000000,"mTimeUnit":600000,"mWalkTime":27347,"runStep":0,"walkStep":41},{"distance":39.199997,"mCalorie":2.08,"mOthersTime":0,"mRunTime":0,"mStartTime":52200000,"mTimeUnit":600000,"mWalkTime":36685,"runStep":0,"walkStep":55},{"distance":28.099998,"mCalorie":1.41,"mOthersTime":0,"mRunTime":0,"mStartTime":52800000,"mTimeUnit":600000,"mWalkTime":25346,"runStep":0,"walkStep":38},{"distance":12.9800005,"mCalorie":0.66999996,"mOthersTime":0,"mRunTime":0,"mStartTime":54000000,"mTimeUnit":600000,"mWalkTime":12006,"runStep":0,"walkStep":18},{"distance":103.2,"mCalorie":6.1800003,"mOthersTime":0,"mRunTime":0,"mStartTime":54600000,"mTimeUnit":600000,"mWalkTime":104719,"runStep":0,"walkStep":157},{"distance":561.97,"mCalorie":30.61,"mOthersTime":0,"mRunTime":0,"mStartTime":55200000,"mTimeUnit":600000,"mWalkTime":506830,"runStep":0,"walkStep":773},{"distance":308.73004,"mCalorie":16.91,"mOthersTime":0,"mRunTime":0,"mStartTime":55800000,"mTimeUnit":600000,"mWalkTime":275381,"runStep":0,"walkStep":429},{"distance":19.539999,"mCalorie":1.0,"mOthersTime":0,"mRunTime":0,"mStartTime":56400000,"mTimeUnit":600000,"mWalkTime":18009,"runStep":0,"walkStep":27},{"distance":56.15,"mCalorie":3.04,"mOthersTime":0,"mRunTime":1200,"mStartTime":57000000,"mTimeUnit":600000,"mWalkTime":48691,"runStep":3,"walkStep":73},{"distance":71.97,"mCalorie":3.5100002,"mOthersTime":0,"mRunTime":0,"mStartTime":58200000,"mTimeUnit":600000,"mWalkTime":65366,"runStep":0,"walkStep":98},{"distance":221.11,"mCalorie":11.259999,"mOthersTime":0,"mRunTime":0,"mStartTime":58800000,"mTimeUnit":600000,"mWalkTime":183365,"runStep":0,"walkStep":301},{"distance":188.70998,"mCalorie":10.08,"mOthersTime":0,"mRunTime":0,"mStartTime":59400000,"mTimeUnit":600000,"mWalkTime":174087,"runStep":0,"walkStep":261},{"distance":184.39,"mCalorie":10.91,"mOthersTime":0,"mRunTime":0,"mStartTime":61200000,"mTimeUnit":600000,"mWalkTime":165386,"runStep":0,"walkStep":259},{"distance":37.37,"mCalorie":1.9999999,"mOthersTime":0,"mRunTime":0,"mStartTime":61800000,"mTimeUnit":600000,"mWalkTime":34017,"runStep":0,"walkStep":51},{"distance":216.69,"mCalorie":10.779999,"mOthersTime":0,"mRunTime":719,"mStartTime":62400000,"mTimeUnit":600000,"mWalkTime":177310,"runStep":2,"walkStep":290},{"distance":56.99,"mCalorie":2.8200002,"mOthersTime":0,"mRunTime":400,"mStartTime":63000000,"mTimeUnit":600000,"mWalkTime":49358,"runStep":1,"walkStep":74},{"distance":28.43,"mCalorie":1.4599999,"mOthersTime":0,"mRunTime":0,"mStartTime":63600000,"mTimeUnit":600000,"mWalkTime":22678,"runStep":0,"walkStep":34},{"distance":32.67,"mCalorie":1.49,"mOthersTime":0,"mRunTime":0,"mStartTime":64800000,"mTimeUnit":600000,"mWalkTime":28681,"runStep":0,"walkStep":43},{"distance":13.26,"mCalorie":0.56,"mOthersTime":0,"mRunTime":0,"mStartTime":67800000,"mTimeUnit":600000,"mWalkTime":10672,"runStep":0,"walkStep":16},{"distance":13.7,"mCalorie":0.73,"mOthersTime":0,"mRunTime":0,"mStartTime":69000000,"mTimeUnit":600000,"mWalkTime":13340,"runStep":0,"walkStep":20},{"distance":22.05,"mCalorie":1.09,"mOthersTime":0,"mRunTime":0,"mStartTime":72600000,"mTimeUnit":600000,"mWalkTime":20677,"runStep":0,"walkStep":31},{"distance":7.18,"mCalorie":0.36,"mOthersTime":0,"mRunTime":0,"mStartTime":78000000,"mTimeUnit":600000,"mWalkTime":6670,"runStep":0,"walkStep":10}],"version":1}