{"mActivityList":[{"mActiveTime":600000,"mActiveTimeType":2,"mCalorie":83.55,"mCategory":204,"mDetailInfoId":"f5912a5c-edad-3d71-b637-122d17d626fb","mDistance":0.0,"mDuration":600000,"mEndTime":66050025,"mStartTime":65450025,"mType":11007},{"mActiveTime":1626196,"mActiveTimeType":0,"mCalorie":258.0,"mCategory":204,"mDetailInfoId":"69d3af7a-41ef-f39c-d859-8a37ef372b6c","mDistance":1894.931,"mDuration":1626196,"mEndTime":80177974,"mStartTime":78551778,"mType":1001}],"mAdaptiveGoal":0,"mIsGoalAchieved":false,"mIsMostActiveAchieved":false,"mMostActiveMinutes":0,"mStreakDayCount":0,"mUnitDataList":[{"distance":13.83,"mCalorie":0.96,"mOthersTime":0,"mRunTime":2000,"mStartTime":9000000,"mTimeUnit":600000,"mWalkTime":7337,"runStep":5,"walkStep":11},{"distance":10.02,"mCalorie":0.54,"mOthersTime":0,"mRunTime":0,"mStartTime":9600000,"mTimeUnit":600000,"mWalkTime":9338,"runStep":0,"walkStep":14},{"distance":23.17,"mCalorie":1.17,"mOthersTime":0,"mRunTime":0,"mStartTime":10200000,"mTimeUnit":600000,"mWalkTime":19343,"runStep":0,"walkStep":29},{"distance":48.22,"mCalorie":2.3600001,"mOthersTime":0,"mRunTime":0,"mStartTime":14400000,"mTimeUnit":600000,"mWalkTime":36685,"runStep":0,"walkStep":55},{"distance":52.34,"mCalorie":2.6,"mOthersTime":0,"mRunTime":400,"mStartTime":15000000,"mTimeUnit":600000,"mWalkTime":46023,"runStep":1,"walkStep":69},{"distance":98.22,"mCalorie":5.72,"mOthersTime":0,"mRunTime":400,"mStartTime":15600000,"mTimeUnit":600000,"mWalkTime":91379,"runStep":1,"walkStep":137},{"distance":40.98,"mCalorie":1.85,"mOthersTime":0,"mRunTime":0,"mStartTime":16200000,"mTimeUnit":600000,"mWalkTime":36018,"runStep":0,"walkStep":54},{"distance":57.61,"mCalorie":2.91,"mOthersTime":0,"mRunTime":0,"mStartTime":18000000,"mTimeUnit":600000,"mWalkTime":54694,"runStep":0,"walkStep":82},{"distance":176.84,"mCalorie":8.799999,"mOthersTime":0,"mRunTime":800,"mStartTime":18600000,"mTimeUnit":600000,"mWalkTime":162748,"runStep":2,"walkStep":244},{"distance":13.74,"mCalorie":0.66,"mOthersTime":0,"mRunTime":800,"mStartTime":24600000,"mTimeUnit":600000,"mWalkTime":6670,"runStep":2,"walkStep":10},{"distance":20.63,"mCalorie":1.14,"mOthersTime":0,"mRunTime":0,"mStartTime":25200000,"mTimeUnit":600000,"mWalkTime":18676,"runStep":0,"walkStep":28},{"distance":51.18,"mCalorie":2.4,"mOthersTime":0,"mRunTime":2800,"mStartTime":33600000,"mTimeUnit":600000,"mWalkTime":36018,"runStep":7,"walkStep":54},{"distance":58.92,"mCalorie":2.9,"mOthersTime":0,"mRunTime":0,"mStartTime":34200000,"mTimeUnit":600000,"mWalkTime":52693,"runStep":0,"walkStep":79},{"distance":111.5,"mCalorie":5.5299997,"mOthersTime":0,"mRunTime":0,"mStartTime":35400000,"mTimeUnit":600000,"mWalkTime":99383,"runStep":0,"walkStep":149},{"distance":21.960001,"mCalorie":1.07,"mOthersTime":0,"mRunTime":0,"mStartTime":36000000,"mTimeUnit":600000,"mWalkTime":20010,"runStep":0,"walkStep":30},{"distance":71.36,"mCalorie":3.35,"mOthersTime":0,"mRunTime":0,"mStartTime":36600000,"mTimeUnit":600000,"mWalkTime":62698,"runStep":0,"walkStep":94},{"distance":65.33,"mCalorie":3.67,"mOthersTime":0,"mRunTime":1600,"mStartTime":37200000,"mTimeUnit":600000,"mWalkTime":60030,"runStep":4,"walkStep":90},{"distance":10.12,"mCalorie":0.53,"mOthersTime":0,"mRunTime":0,"mStartTime":37800000,"mTimeUnit":600000,"mWalkTime":9338,"runStep":0,"walkStep":14},{"distance":16.6,"mCalorie":0.78,"mOthersTime":0,"mRunTime":0,"mStartTime":38400000,"mTimeUnit":600000,"mWalkTime":14674,"runStep":0,"walkStep":22},{"distance":35.93,"mCalorie":1.62,"mOthersTime":0,"mRunTime":0,"mStartTime":39600000,"mTimeUnit":600000,"mWalkTime":28681,"runStep":0,"walkStep":43},{"distance":20.08,"mCalorie":0.94,"mOthersTime":0,"mRunTime":0,"mStartTime":40200000,"mTimeUnit":600000,"mWalkTime":16675,"runStep":0,"walkStep":25},{"distance":77.19,"mCalorie":3.96,"mOthersTime":0,"mRunTime":0,"mStartTime":40800000,"mTimeUnit":600000,"mWalkTime":72036,"runStep":0,"walkStep":108},{"distance":27.349987,"mCalorie":1.4399998,"mOthersTime":0,"mRunTime":0,"mStartTime":41400000,"mTimeUnit":600000,"mWalkTime":25346,"runStep":0,"walkStep":38},{"distance":30.51,"mCalorie":1.51,"mOthersTime":0,"mRunTime":0,"mStartTime":42600000,"mTimeUnit":600000,"mWalkTime":28014,"runStep":0,"walkStep":42},{"distance":86.04,"mCalorie":4.2400002,"mOthersTime":0,"mRunTime":0,"mStartTime":43800000,"mTimeUnit":600000,"mWalkTime":76038,"runStep":0,"walkStep":114},{"distance":52.239998,"mCalorie":3.0500002,"mOthersTime":0,"mRunTime":400,"mStartTime":44400000,"mTimeUnit":600000,"mWalkTime":46023,"runStep":1,"walkStep":69},{"distance":37.43,"mCalorie":1.9799999,"mOthersTime":0,"mRunTime":0,"mStartTime":45000000,"mTimeUnit":600000,"mWalkTime":34684,"runStep":0,"walkStep":52},{"distance":191.579,"mCalorie":10.650001,"mOthersTime":0,"mRunTime":0,"mStartTime":45600000,"mTimeUnit":600000,"mWalkTime":184759,"runStep":0,"walkStep":277},{"distance":68.51,"mCalorie":3.71,"mOthersTime":0,"mRunTime":0,"mStartTime":46200000,"mTimeUnit":600000,"mWalkTime":60697,"runStep":0,"walkStep":91},{"distance":224.11998,"mCalorie":11.299999,"mOthersTime":0,"mRunTime":0,"mStartTime":46800000,"mTimeUnit":600000,"mWalkTime":204072,"runStep":0,"walkStep":306},{"distance":55.72,"mCalorie":2.8600001,"mOthersTime":0,"mRunTime":0,"mStartTime":48000000,"mTimeUnit":600000,"mWalkTime":50692,"runStep":0,"walkStep":76},{"distance":9.43,"mCalorie":0.52,"mOthersTime":0,"mRunTime":0,"mStartTime":48600000,"mTimeUnit":600000,"mWalkTime":8671,"runStep":0,"walkStep":13},{"distance":23.05,"mCalorie":1.23,"mOthersTime":0,"mRunTime":0,"mStartTime":49200000,"mTimeUnit":600000,"mWalkTime":21344,"runStep":0,"walkStep":32},{"distance":169.67,"mCalorie":8.72,"mOthersTime":0,"mRunTime":0,"mStartTime":49800000,"mTimeUnit":600000,"mWalkTime":146710,"runStep":0,"walkStep":229},{"distance":166.45001,"mCalorie":7.9700003,"mOthersTime":0,"mRunTime":0,"mStartTime":50400000,"mTimeUnit":600000,"mWalkTime":131369,"runStep":0,"walkStep":217},{"distance":50.34,"mCalorie":2.72,"mOthersTime":0,"mRunTime":0,"mStartTime":51000000,"mTimeUnit":600000,"mWalkTime":46690,"runStep":0,"walkStep":70},{"distance":165.21,"mCalorie":8.35,"mOthersTime":0,"mRunTime":0,"mStartTime":51600000,"mTimeUnit":600000,"mWalkTime":142708,"runStep":0,"walkStep":223},{"distance":315.81,"mCalorie":15.62,"mOthersTime":0,"mRunTime":0,"mStartTime":52200000,"mTimeUnit":600000,"mWalkTime":266740,"runStep":0,"walkStep":425},{"distance":331.46002,"mCalorie":16.74,"mOthersTime":0,"mRunTime":0,"mStartTime":52800000,"mTimeUnit":600000,"mWalkTime":283415,"runStep":0,"walkStep":443},{"distance":142.33,"mCalorie":7.2599998,"mOthersTime":0,"mRunTime":0,"mStartTime":53400000,"mTimeUnit":600000,"mWalkTime":130065,"runStep":0,"walkStep":195},{"distance":35.28,"mCalorie":1.87,"mOthersTime":0,"mRunTime":0,"mStartTime":54000000,"mTimeUnit":600000,"mWalkTime":32683,"runStep":0,"walkStep":49},{"distance":22.14,"mCalorie":1.31,"mOthersTime":0,"mRunTime":0,"mStartTime":55200000,"mTimeUnit":600000,"mWalkTime":20677,"runStep":0,"walkStep":31},{"distance":84.659996,"mCalorie":4.25,"mOthersTime":0,"mRunTime":0,"mStartTime":55800000,"mTimeUnit":600000,"mWalkTime":73370,"runStep":0,"walkStep":110},{"distance":12.030001,"mCalorie":0.71,"mOthersTime":0,"mRunTime":0,"mStartTime":58200000,"mTimeUnit":600000,"mWalkTime":11339,"runStep":0,"walkStep":17},{"distance":34.07,"mCalorie":1.72,"mOthersTime":0,"mRunTime":0,"mStartTime":58800000,"mTimeUnit":600000,"mWalkTime":30015,"runStep":0,"walkStep":45},{"distance":15.82,"mCalorie":0.9499999,"mOthersTime":0,"mRunTime":400,"mStartTime":59400000,"mTimeUnit":600000,"mWalkTime":12006,"runStep":1,"walkStep":18},{"distance":17.35,"mCalorie":0.91,"mOthersTime":0,"mRunTime":0,"mStartTime":60000000,"mTimeUnit":600000,"mWalkTime":16008,"runStep":0,"walkStep":24},{"distance":29.971,"mCalorie":1.7,"mOthersTime":0,"mRunTime":2800,"mStartTime":61200000,"mTimeUnit":600000,"mWalkTime":20677,"runStep":7,"walkStep":31},{"distance":140.25,"mCalorie":7.0699997,"mOthersTime":0,"mRunTime":3600,"mStartTime":61800000,"mTimeUnit":600000,"mWalkTime":118726,"runStep":9,"walkStep":178},{"distance":51.809998,"mCalorie":2.6499999,"mOthersTime":0,"mRunTime":0,"mStartTime":62400000,"mTimeUnit":600000,"mWalkTime":47357,"runStep":0,"walkStep":71},{"distance":142.11,"mCalorie":6.99,"mOthersTime":0,"mRunTime":0,"mStartTime":63000000,"mTimeUnit":600000,"mWalkTime":126033,"runStep":0,"walkStep":192},{"distance":9.01,"mCalorie":0.42,"mOthersTime":0,"mRunTime":0,"mStartTime":63600000,"mTimeUnit":600000,"mWalkTime":8004,"runStep":0,"walkStep":12},{"distance":10.26,"mCalorie":0.45,"mOthersTime":0,"mRunTime":0,"mStartTime":64200000,"mTimeUnit":600000,"mWalkTime":8671,"runStep":0,"walkStep":13},{"distance":62.91,"mCalorie":2.9499998,"mOthersTime":0,"mRunTime":0,"mStartTime":64800000,"mTimeUnit":600000,"mWalkTime":56695,"runStep":0,"walkStep":85},{"distance":0.0,"mCalorie":76.58402,"mOthersTime":549975,"mRunTime":0,"mStartTime":65400000,"mTimeUnit":600000,"mWalkTime":0,"runStep":0,"walkStep":11},{"distance":69.36625,"mCalorie":10.514118,"mOthersTime":50025,"mRunTime":0,"mStartTime":66000000,"mTimeUnit":600000,"mWalkTime":64139,"runStep":0,"walkStep":107},{"distance":21.83,"mCalorie":1.05,"mOthersTime":0,"mRunTime":0,"mStartTime":67800000,"mTimeUnit":600000,"mWalkTime":19343,"runStep":0,"walkStep":29},{"distance":46.82,"mCalorie":2.31,"mOthersTime":0,"mRunTime":0,"mStartTime":69000000,"mTimeUnit":600000,"mWalkTime":42688,"runStep":0,"walkStep":64},{"distance":20.4,"mCalorie":1.05,"mOthersTime":0,"mRunTime":0,"mStartTime":70800000,"mTimeUnit":600000,"mWalkTime":18676,"runStep":0,"walkStep":28},{"distance":9.42,"mCalorie":0.47,"mOthersTime":0,"mRunTime":0,"mStartTime":73800000,"mTimeUnit":600000,"mWalkTime":8671,"runStep":0,"walkStep":13},{"distance":84.019,"mCalorie":4.33,"mOthersTime":0,"mRunTime":1200,"mStartTime":75000000,"mTimeUnit":600000,"mWalkTime":73370,"runStep":3,"walkStep":110},{"distance":10.1,"mCalorie":0.42,"mOthersTime":0,"mRunTime":0,"mStartTime":77400000,"mTimeUnit":600000,"mWalkTime":8671,"runStep":0,"walkStep":13},{"distance":98.749115,"mCalorie":9.721619,"mOthersTime":0,"mRunTime":0,"mStartTime":78000000,"mTimeUnit":600000,"mWalkTime":85213,"runStep":0,"walkStep":86},{"distance":699.1523,"mCalorie":95.191475,"mOthersTime":0,"mRunTime":0,"mStartTime":78600000,"mTimeUnit":600000,"mWalkTime":600000,"runStep":0,"walkStep":910},{"distance":699.1523,"mCalorie":95.191475,"mOthersTime":0,"mRunTime":0,"mStartTime":79200000,"mTimeUnit":600000,"mWalkTime":600000,"runStep":0,"walkStep":985},{"distance":460.9156,"mCalorie":60.926502,"mOthersTime":0,"mRunTime":0,"mStartTime":79800000,"mTimeUnit":600000,"mWalkTime":395983,"runStep":0,"walkStep":627},{"distance":47.87,"mCalorie":2.34,"mOthersTime":0,"mRunTime":0,"mStartTime":80400000,"mTimeUnit":600000,"mWalkTime":44022,"runStep":0,"walkStep":66},{"distance":124.729996,"mCalorie":6.4799995,"mOthersTime":0,"mRunTime":400,"mStartTime":81000000,"mTimeUnit":600000,"mWalkTime":118059,"runStep":1,"walkStep":177},{"distance":425.1,"mCalorie":22.090002,"mOthersTime":0,"mRunTime":2530,"mStartTime":81600000,"mTimeUnit":600000,"mWalkTime":342189,"runStep":8,"walkStep":570},{"distance":46.370003,"mCalorie":2.28,"mOthersTime":0,"mRunTime":0,"mStartTime":82200000,"mTimeUnit":600000,"mWalkTime":41354,"runStep":0,"walkStep":62},{"distance":20.529999,"mCalorie":1.03,"mOthersTime":0,"mRunTime":0,"mStartTime":82800000,"mTimeUnit":600000,"mWalkTime":18676,"runStep":0,"walkStep":28},{"distance":11.84,"mCalorie":0.61,"mOthersTime":0,"mRunTime":0,"mStartTime":84000000,"mTimeUnit":600000,"mWalkTime":10672,"runStep":0,"walkStep":16},{"distance":426.70102,"mCalorie":23.470001,"mOthersTime":0,"mRunTime":1600,"mStartTime":84600000,"mTimeUnit":600000,"mWalkTime":328044,"runStep":4,"walkStep":574},{"distance":38.789997,"mCalorie":1.9300001,"mOthersTime":0,"mRunTime":0,"mStartTime":85200000,"mTimeUnit":600000,"mWalkTime":34684,"runStep":0,"walkStep":52},{"distance":55.089996,"mCalorie":2.6599996,"mOthersTime":0,"mRunTime":0,"mStartTime":85800000,"mTimeUnit":600000,"mWalkTime":47357,"runStep":0,"walkStep":71}],"version":1}