{"mAdaptiveGoal":0,"mIsGoalAchieved":false,"mIsMostActiveAchieved":false,"mMostActiveMinutes":0,"mStreakDayCount":0,"mUnitDataList":[{"distance":24.46,"mCalorie":1.13,"mOthersTime":0,"mRunTime":0,"mStartTime":9600000,"mTimeUnit":600000,"mWalkTime":21344,"runStep":0,"walkStep":32},{"distance":7.51,"mCalorie":0.29,"mOthersTime":0,"mRunTime":0,"mStartTime":17400000,"mTimeUnit":600000,"mWalkTime":6670,"runStep":0,"walkStep":10},{"distance":36.502,"mCalorie":1.98,"mOthersTime":0,"mRunTime":2000,"mStartTime":22800000,"mTimeUnit":600000,"mWalkTime":29348,"runStep":5,"walkStep":44},{"distance":96.47,"mCalorie":4.9900002,"mOthersTime":0,"mRunTime":800,"mStartTime":23400000,"mTimeUnit":600000,"mWalkTime":84042,"runStep":2,"walkStep":126},{"distance":132.98,"mCalorie":6.5699997,"mOthersTime":0,"mRunTime":0,"mStartTime":24000000,"mTimeUnit":600000,"mWalkTime":110692,"runStep":0,"walkStep":180},{"distance":94.479996,"mCalorie":4.64,"mOthersTime":0,"mRunTime":0,"mStartTime":24600000,"mTimeUnit":600000,"mWalkTime":84709,"runStep":0,"walkStep":127},{"distance":7.71,"mCalorie":0.33,"mOthersTime":0,"mRunTime":0,"mStartTime":25800000,"mTimeUnit":600000,"mWalkTime":6670,"runStep":0,"walkStep":10},{"distance":179.68999,"mCalorie":8.82,"mOthersTime":0,"mRunTime":0,"mStartTime":26400000,"mTimeUnit":600000,"mWalkTime":156715,"runStep":0,"walkStep":242},{"distance":66.22,"mCalorie":3.42,"mOthersTime":0,"mRunTime":800,"mStartTime":27000000,"mTimeUnit":600000,"mWalkTime":56695,"runStep":2,"walkStep":85},{"distance":16.2,"mCalorie":0.85,"mOthersTime":0,"mRunTime":0,"mStartTime":27600000,"mTimeUnit":600000,"mWalkTime":14674,"runStep":0,"walkStep":22},{"distance":25.814,"mCalorie":1.48,"mOthersTime":0,"mRunTime":0,"mStartTime":28200000,"mTimeUnit":600000,"mWalkTime":24679,"runStep":0,"walkStep":37},{"distance":53.809998,"mCalorie":2.9099998,"mOthersTime":0,"mRunTime":800,"mStartTime":28800000,"mTimeUnit":600000,"mWalkTime":46690,"runStep":2,"walkStep":70},{"distance":22.9,"mCalorie":1.26,"mOthersTime":0,"mRunTime":0,"mStartTime":29400000,"mTimeUnit":600000,"mWalkTime":22011,"runStep":0,"walkStep":33},{"distance":9.51,"mCalorie":0.34,"mOthersTime":0,"mRunTime":0,"mStartTime":30600000,"mTimeUnit":600000,"mWalkTime":7337,"runStep":0,"walkStep":11},{"distance":24.86,"mCalorie":1.24,"mOthersTime":0,"mRunTime":0,"mStartTime":31200000,"mTimeUnit":600000,"mWalkTime":22678,"runStep":0,"walkStep":34},{"distance":49.99,"mCalorie":2.64,"mOthersTime":0,"mRunTime":1200,"mStartTime":31800000,"mTimeUnit":600000,"mWalkTime":40687,"runStep":3,"walkStep":61},{"distance":23.99,"mCalorie":1.13,"mOthersTime":0,"mRunTime":0,"mStartTime":35400000,"mTimeUnit":600000,"mWalkTime":21344,"runStep":0,"walkStep":32},{"distance":88.336,"mCalorie":4.58,"mOthersTime":0,"mRunTime":0,"mStartTime":36000000,"mTimeUnit":600000,"mWalkTime":81374,"runStep":0,"walkStep":122},{"distance":9.62,"mCalorie":0.49,"mOthersTime":0,"mRunTime":0,"mStartTime":36600000,"mTimeUnit":600000,"mWalkTime":8671,"runStep":0,"walkStep":13},{"distance":41.29,"mCalorie":2.16,"mOthersTime":0,"mRunTime":0,"mStartTime":37200000,"mTimeUnit":600000,"mWalkTime":38019,"runStep":0,"walkStep":57},{"distance":71.15,"mCalorie":3.6499999,"mOthersTime":0,"mRunTime":0,"mStartTime":38400000,"mTimeUnit":600000,"mWalkTime":65366,"runStep":0,"walkStep":98},{"distance":67.619995,"mCalorie":3.52,"mOthersTime":0,"mRunTime":0,"mStartTime":39000000,"mTimeUnit":600000,"mWalkTime":63365,"runStep":0,"walkStep":95},{"distance":5.39,"mCalorie":0.25,"mOthersTime":0,"mRunTime":0,"mStartTime":39600000,"mTimeUnit":600000,"mWalkTime":4669,"runStep":0,"walkStep":7},{"distance":64.850006,"mCalorie":3.25,"mOthersTime":0,"mRunTime":0,"mStartTime":40800000,"mTimeUnit":600000,"mWalkTime":60030,"runStep":0,"walkStep":90},{"distance":10.98,"mCalorie":0.52,"mOthersTime":0,"mRunTime":0,"mStartTime":41400000,"mTimeUnit":600000,"mWalkTime":10005,"runStep":0,"walkStep":15},{"distance":55.769997,"mCalorie":2.79,"mOthersTime":0,"mRunTime":800,"mStartTime":42000000,"mTimeUnit":600000,"mWalkTime":47357,"runStep":2,"walkStep":71},{"distance":53.788998,"mCalorie":2.929,"mOthersTime":0,"mRunTime":400,"mStartTime":42600000,"mTimeUnit":600000,"mWalkTime":48024,"runStep":1,"walkStep":72},{"distance":107.66,"mCalorie":5.37,"mOthersTime":0,"mRunTime":0,"mStartTime":43200000,"mTimeUnit":600000,"mWalkTime":100050,"runStep":0,"walkStep":150},{"distance":21.7,"mCalorie":1.01,"mOthersTime":0,"mRunTime":0,"mStartTime":43800000,"mTimeUnit":600000,"mWalkTime":19343,"runStep":0,"walkStep":29},{"distance":425.91998,"mCalorie":24.49,"mOthersTime":0,"mRunTime":0,"mStartTime":44400000,"mTimeUnit":600000,"mWalkTime":367397,"runStep":0,"walkStep":597},{"distance":18.49,"mCalorie":1.01,"mOthersTime":0,"mRunTime":0,"mStartTime":45000000,"mTimeUnit":600000,"mWalkTime":18009,"runStep":0,"walkStep":27},{"distance":11.93,"mCalorie":0.61,"mOthersTime":0,"mRunTime":0,"mStartTime":45600000,"mTimeUnit":600000,"mWalkTime":11339,"runStep":0,"walkStep":17},{"distance":359.14798,"mCalorie":20.83,"mOthersTime":0,"mRunTime":0,"mStartTime":46800000,"mTimeUnit":600000,"mWalkTime":317372,"runStep":0,"walkStep":516},{"distance":73.51,"mCalorie":3.6399999,"mOthersTime":0,"mRunTime":0,"mStartTime":47400000,"mTimeUnit":600000,"mWalkTime":66700,"runStep":0,"walkStep":100},{"distance":174.2,"mCalorie":9.08,"mOthersTime":0,"mRunTime":0,"mStartTime":48000000,"mTimeUnit":600000,"mWalkTime":156018,"runStep":0,"walkStep":240},{"distance":167.18,"mCalorie":8.38,"mOthersTime":0,"mRunTime":0,"mStartTime":48600000,"mTimeUnit":600000,"mWalkTime":150742,"runStep":0,"walkStep":226},{"distance":66.229996,"mCalorie":3.4,"mOthersTime":0,"mRunTime":0,"mStartTime":49200000,"mTimeUnit":600000,"mWalkTime":58029,"runStep":0,"walkStep":87},{"distance":77.28,"mCalorie":4.4700003,"mOthersTime":0,"mRunTime":0,"mStartTime":53400000,"mTimeUnit":600000,"mWalkTime":70702,"runStep":0,"walkStep":106},{"distance":48.14,"mCalorie":2.37,"mOthersTime":0,"mRunTime":1600,"mStartTime":54000000,"mTimeUnit":600000,"mWalkTime":39353,"runStep":4,"walkStep":59},{"distance":74.781,"mCalorie":3.671,"mOthersTime":0,"mRunTime":0,"mStartTime":54600000,"mTimeUnit":600000,"mWalkTime":66700,"runStep":0,"walkStep":100},{"distance":237.63998,"mCalorie":12.54,"mOthersTime":0,"mRunTime":0,"mStartTime":55800000,"mTimeUnit":600000,"mWalkTime":213410,"runStep":0,"walkStep":328},{"distance":77.278,"mCalorie":4.21,"mOthersTime":0,"mRunTime":7200,"mStartTime":56400000,"mTimeUnit":600000,"mWalkTime":51359,"runStep":18,"walkStep":77},{"distance":307.003,"mCalorie":16.539,"mOthersTime":0,"mRunTime":8000,"mStartTime":57000000,"mTimeUnit":600000,"mWalkTime":247427,"runStep":20,"walkStep":381},{"distance":14.13,"mCalorie":0.71000004,"mOthersTime":0,"mRunTime":0,"mStartTime":57600000,"mTimeUnit":600000,"mWalkTime":13340,"runStep":0,"walkStep":20},{"distance":53.289997,"mCalorie":3.08,"mOthersTime":0,"mRunTime":0,"mStartTime":58200000,"mTimeUnit":600000,"mWalkTime":51359,"runStep":0,"walkStep":77},{"distance":29.05,"mCalorie":1.41,"mOthersTime":0,"mRunTime":0,"mStartTime":58800000,"mTimeUnit":600000,"mWalkTime":26013,"runStep":0,"walkStep":39},{"distance":43.707,"mCalorie":2.27,"mOthersTime":0,"mRunTime":800,"mStartTime":62400000,"mTimeUnit":600000,"mWalkTime":32016,"runStep":2,"walkStep":48},{"distance":37.850002,"mCalorie":1.9,"mOthersTime":0,"mRunTime":0,"mStartTime":63000000,"mTimeUnit":600000,"mWalkTime":34684,"runStep":0,"walkStep":52},{"distance":21.5,"mCalorie":1.24,"mOthersTime":0,"mRunTime":0,"mStartTime":64200000,"mTimeUnit":600000,"mWalkTime":18676,"runStep":0,"walkStep":28},{"distance":18.4,"mCalorie":0.96000004,"mOthersTime":0,"mRunTime":0,"mStartTime":66000000,"mTimeUnit":600000,"mWalkTime":17342,"runStep":0,"walkStep":26},{"distance":71.59,"mCalorie":3.8300002,"mOthersTime":0,"mRunTime":0,"mStartTime":66600000,"mTimeUnit":600000,"mWalkTime":78706,"runStep":0,"walkStep":118},{"distance":255.74,"mCalorie":13.48,"mOthersTime":0,"mRunTime":0,"mStartTime":67200000,"mTimeUnit":600000,"mWalkTime":212016,"runStep":0,"walkStep":353},{"distance":384.86996,"mCalorie":20.02,"mOthersTime":0,"mRunTime":0,"mStartTime":67800000,"mTimeUnit":600000,"mWalkTime":329378,"runStep":0,"walkStep":531},{"distance":10.04,"mCalorie":0.45,"mOthersTime":0,"mRunTime":0,"mStartTime":69000000,"mTimeUnit":600000,"mWalkTime":8671,"runStep":0,"walkStep":13},{"distance":10.68,"mCalorie":0.52,"mOthersTime":0,"mRunTime":0,"mStartTime":69600000,"mTimeUnit":600000,"mWalkTime":9338,"runStep":0,"walkStep":14},{"distance":183.21,"mCalorie":9.05,"mOthersTime":0,"mRunTime":0,"mStartTime":70200000,"mTimeUnit":600000,"mWalkTime":142011,"runStep":0,"walkStep":242},{"distance":340.77002,"mCalorie":20.37,"mOthersTime":0,"mRunTime":0,"mStartTime":70800000,"mTimeUnit":600000,"mWalkTime":276685,"runStep":0,"walkStep":477},{"distance":62.839996,"mCalorie":3.31,"mOthersTime":0,"mRunTime":0,"mStartTime":71400000,"mTimeUnit":600000,"mWalkTime":58029,"runStep":0,"walkStep":87},{"distance":26.82,"mCalorie":1.26,"mOthersTime":0,"mRunTime":0,"mStartTime":73200000,"mTimeUnit":600000,"mWalkTime":24012,"runStep":0,"walkStep":36},{"distance":55.213997,"mCalorie":2.68,"mOthersTime":0,"mRunTime":0,"mStartTime":75600000,"mTimeUnit":600000,"mWalkTime":50025,"runStep":0,"walkStep":75},{"distance":33.63,"mCalorie":1.7299999,"mOthersTime":0,"mRunTime":0,"mStartTime":79800000,"mTimeUnit":600000,"mWalkTime":30682,"runStep":0,"walkStep":46}],"version":1}