{"mActivityList":[{"mActiveTime":1094907,"mActiveTimeType":0,"mCalorie":90.0,"mCategory":204,"mDetailInfoId":"bd8a856d-5e4f-dbd9-1560-95fcc17278cd","mDistance":1341.79,"mDuration":1094907,"mEndTime":39226437,"mStartTime":38131530,"mType":1001},{"mActiveTime":1595547,"mActiveTimeType":0,"mCalorie":207.0,"mCategory":204,"mDetailInfoId":"bc5357cf-f85a-6d17-7bf5-11fe6cb17e81","mDistance":1935.14,"mDuration":1595547,"mEndTime":41031327,"mStartTime":39435780,"mType":1001},{"mActiveTime":1236537,"mActiveTimeType":0,"mCalorie":156.0,"mCategory":204,"mDetailInfoId":"d4c86421-6db3-1a1e-db4f-d11095c29eca","mDistance":1125.45,"mDuration":1236537,"mEndTime":48828739,"mStartTime":47592202,"mType":1001},{"mActiveTime":2040488,"mActiveTimeType":0,"mCalorie":201.0,"mCategory":204,"mDetailInfoId":"b611a8b8-83a2-be37-cc02-a247b8a2186e","mDistance":2106.83,"mDuration":2040488,"mEndTime":51396810,"mStartTime":49356322,"mType":1001}],"mAdaptiveGoal":0,"mIsGoalAchieved":false,"mIsMostActiveAchieved":false,"mMostActiveMinutes":0,"mStreakDayCount":0,"mUnitDataList":[{"distance":7.42,"mCalorie":0.37,"mOthersTime":0,"mRunTime":0,"mStartTime":30600000,"mTimeUnit":600000,"mWalkTime":6670,"runStep":0,"walkStep":10},{"distance":14.84,"mCalorie":0.87,"mOthersTime":0,"mRunTime":0,"mStartTime":31200000,"mTimeUnit":600000,"mWalkTime":12006,"runStep":0,"walkStep":18},{"distance":65.74,"mCalorie":3.6999998,"mOthersTime":0,"mRunTime":0,"mStartTime":35400000,"mTimeUnit":600000,"mWalkTime":64699,"runStep":0,"walkStep":97},{"distance":7.66,"mCalorie":0.3,"mOthersTime":0,"mRunTime":0,"mStartTime":36000000,"mTimeUnit":600000,"mWalkTime":6670,"runStep":0,"walkStep":10},{"distance":50.55,"mCalorie":2.26,"mOthersTime":0,"mRunTime":0,"mStartTime":36600000,"mTimeUnit":600000,"mWalkTime":44689,"runStep":0,"walkStep":67},{"distance":53.37,"mCalorie":2.43,"mOthersTime":0,"mRunTime":0,"mStartTime":37200000,"mTimeUnit":600000,"mWalkTime":46023,"runStep":0,"walkStep":69},{"distance":391.00275,"mCalorie":25.56052,"mOthersTime":0,"mRunTime":0,"mStartTime":37800000,"mTimeUnit":600000,"mWalkTime":325304,"runStep":0,"walkStep":512},{"distance":735.28986,"mCalorie":49.31926,"mOthersTime":0,"mRunTime":0,"mStartTime":38400000,"mTimeUnit":600000,"mWalkTime":600000,"runStep":0,"walkStep":1067},{"distance":495.70398,"mCalorie":40.789192,"mOthersTime":0,"mRunTime":0,"mStartTime":39000000,"mTimeUnit":600000,"mWalkTime":407582,"runStep":0,"walkStep":642},{"distance":727.7028,"mCalorie":77.841644,"mOthersTime":0,"mRunTime":0,"mStartTime":39600000,"mTimeUnit":600000,"mWalkTime":600000,"runStep":0,"walkStep":1053},{"distance":727.7028,"mCalorie":77.841644,"mOthersTime":0,"mRunTime":0,"mStartTime":40200000,"mTimeUnit":600000,"mWalkTime":600000,"runStep":0,"walkStep":1044},{"distance":325.05588,"mCalorie":32.297806,"mOthersTime":0,"mRunTime":0,"mStartTime":40800000,"mTimeUnit":600000,"mWalkTime":270429,"runStep":0,"walkStep":354},{"distance":80.79,"mCalorie":4.65,"mOthersTime":0,"mRunTime":0,"mStartTime":41400000,"mTimeUnit":600000,"mWalkTime":87377,"runStep":0,"walkStep":131},{"distance":235.66002,"mCalorie":12.179998,"mOthersTime":0,"mRunTime":0,"mStartTime":42000000,"mTimeUnit":600000,"mWalkTime":186700,"runStep":0,"walkStep":314},{"distance":226.36996,"mCalorie":11.489998,"mOthersTime":0,"mRunTime":3600,"mStartTime":43200000,"mTimeUnit":600000,"mWalkTime":177392,"runStep":9,"walkStep":285},{"distance":62.54,"mCalorie":3.28,"mOthersTime":0,"mRunTime":1600,"mStartTime":43800000,"mTimeUnit":600000,"mWalkTime":52693,"runStep":4,"walkStep":79},{"distance":18.31,"mCalorie":0.93999994,"mOthersTime":0,"mRunTime":0,"mStartTime":44400000,"mTimeUnit":600000,"mWalkTime":16675,"runStep":0,"walkStep":25},{"distance":48.73,"mCalorie":2.67,"mOthersTime":0,"mRunTime":400,"mStartTime":45000000,"mTimeUnit":600000,"mWalkTime":45356,"runStep":1,"walkStep":68},{"distance":21.61,"mCalorie":1.07,"mOthersTime":0,"mRunTime":0,"mStartTime":46200000,"mTimeUnit":600000,"mWalkTime":19343,"runStep":0,"walkStep":29},{"distance":111.78,"mCalorie":5.57,"mOthersTime":0,"mRunTime":0,"mStartTime":46800000,"mTimeUnit":600000,"mWalkTime":98049,"runStep":0,"walkStep":147},{"distance":406.29807,"mCalorie":53.3357,"mOthersTime":0,"mRunTime":0,"mStartTime":47400000,"mTimeUnit":600000,"mWalkTime":440796,"runStep":0,"walkStep":546},{"distance":546.09766,"mCalorie":75.69527,"mOthersTime":0,"mRunTime":0,"mStartTime":48000000,"mTimeUnit":600000,"mWalkTime":600000,"runStep":0,"walkStep":925},{"distance":223.13861,"mCalorie":29.612682,"mOthersTime":0,"mRunTime":0,"mStartTime":48600000,"mTimeUnit":600000,"mWalkTime":242333,"runStep":0,"walkStep":306},{"distance":490.03903,"mCalorie":45.46251,"mOthersTime":0,"mRunTime":0,"mStartTime":49200000,"mTimeUnit":600000,"mWalkTime":473521,"runStep":0,"walkStep":731},{"distance":619.5077,"mCalorie":59.103508,"mOthersTime":0,"mRunTime":0,"mStartTime":49800000,"mTimeUnit":600000,"mWalkTime":600000,"runStep":0,"walkStep":939},{"distance":619.5077,"mCalorie":59.103508,"mOthersTime":0,"mRunTime":0,"mStartTime":50400000,"mTimeUnit":600000,"mWalkTime":600000,"runStep":0,"walkStep":859},{"distance":438.2389,"mCalorie":40.489513,"mOthersTime":0,"mRunTime":0,"mStartTime":51000000,"mTimeUnit":600000,"mWalkTime":422475,"runStep":0,"walkStep":539},{"distance":28.75,"mCalorie":1.34,"mOthersTime":0,"mRunTime":0,"mStartTime":52200000,"mTimeUnit":600000,"mWalkTime":24679,"runStep":0,"walkStep":37},{"distance":68.81,"mCalorie":3.42,"mOthersTime":0,"mRunTime":1600,"mStartTime":52800000,"mTimeUnit":600000,"mWalkTime":56695,"runStep":4,"walkStep":85},{"distance":37.68,"mCalorie":1.79,"mOthersTime":0,"mRunTime":0,"mStartTime":54000000,"mTimeUnit":600000,"mWalkTime":31349,"runStep":0,"walkStep":47},{"distance":22.24,"mCalorie":1.22,"mOthersTime":0,"mRunTime":1600,"mStartTime":55200000,"mTimeUnit":600000,"mWalkTime":13340,"runStep":4,"walkStep":20},{"distance":21.83,"mCalorie":0.94,"mOthersTime":0,"mRunTime":400,"mStartTime":56400000,"mTimeUnit":600000,"mWalkTime":16008,"runStep":1,"walkStep":24},{"distance":149.07,"mCalorie":7.17,"mOthersTime":0,"mRunTime":400,"mStartTime":57600000,"mTimeUnit":600000,"mWalkTime":130732,"runStep":1,"walkStep":196},{"distance":97.14,"mCalorie":5.21,"mOthersTime":0,"mRunTime":0,"mStartTime":58200000,"mTimeUnit":600000,"mWalkTime":98686,"runStep":0,"walkStep":148},{"distance":11.76,"mCalorie":0.58,"mOthersTime":0,"mRunTime":0,"mStartTime":59400000,"mTimeUnit":600000,"mWalkTime":10672,"runStep":0,"walkStep":16},{"distance":23.1,"mCalorie":1.39,"mOthersTime":0,"mRunTime":1600,"mStartTime":60600000,"mTimeUnit":600000,"mWalkTime":16008,"runStep":4,"walkStep":24},{"distance":10.16,"mCalorie":0.71,"mOthersTime":0,"mRunTime":0,"mStartTime":61200000,"mTimeUnit":600000,"mWalkTime":10005,"runStep":0,"walkStep":15},{"distance":35.12,"mCalorie":1.75,"mOthersTime":0,"mRunTime":0,"mStartTime":61800000,"mTimeUnit":600000,"mWalkTime":32683,"runStep":0,"walkStep":49},{"distance":96.920006,"mCalorie":4.9700003,"mOthersTime":0,"mRunTime":0,"mStartTime":62400000,"mTimeUnit":600000,"mWalkTime":88711,"runStep":0,"walkStep":133},{"distance":8.12,"mCalorie":0.47,"mOthersTime":0,"mRunTime":0,"mStartTime":63000000,"mTimeUnit":600000,"mWalkTime":8004,"runStep":0,"walkStep":12},{"distance":23.179998,"mCalorie":1.12,"mOthersTime":0,"mRunTime":0,"mStartTime":64800000,"mTimeUnit":600000,"mWalkTime":20677,"runStep":0,"walkStep":31},{"distance":6.8100004,"mCalorie":0.32,"mOthersTime":0,"mRunTime":0,"mStartTime":65400000,"mTimeUnit":600000,"mWalkTime":6003,"runStep":0,"walkStep":9},{"distance":63.78,"mCalorie":3.66,"mOthersTime":0,"mRunTime":1600,"mStartTime":66000000,"mTimeUnit":600000,"mWalkTime":44689,"runStep":4,"walkStep":67},{"distance":20.779999,"mCalorie":1.23,"mOthersTime":0,"mRunTime":1600,"mStartTime":71400000,"mTimeUnit":600000,"mWalkTime":15341,"runStep":4,"walkStep":23},{"distance":20.17,"mCalorie":0.88,"mOthersTime":0,"mRunTime":0,"mStartTime":73200000,"mTimeUnit":600000,"mWalkTime":17342,"runStep":0,"walkStep":26},{"distance":9.13,"mCalorie":0.4,"mOthersTime":0,"mRunTime":0,"mStartTime":76200000,"mTimeUnit":600000,"mWalkTime":8004,"runStep":0,"walkStep":12},{"distance":13.870001,"mCalorie":0.93,"mOthersTime":0,"mRunTime":0,"mStartTime":85200000,"mTimeUnit":600000,"mWalkTime":13340,"runStep":0,"walkStep":20},{"distance":8.85,"mCalorie":0.44,"mOthersTime":0,"mRunTime":0,"mStartTime":85800000,"mTimeUnit":600000,"mWalkTime":8004,"runStep":0,"walkStep":12}],"version":1}