{"mAdaptiveGoal":0,"mIsGoalAchieved":false,"mIsMostActiveAchieved":false,"mMostActiveMinutes":0,"mStreakDayCount":0,"mUnitDataList":[{"distance":8.45,"mCalorie":0.48,"mOthersTime":0,"mRunTime":0,"mStartTime":8400000,"mTimeUnit":600000,"mWalkTime":7337,"runStep":0,"walkStep":11},{"distance":49.02,"mCalorie":2.56,"mOthersTime":0,"mRunTime":1600,"mStartTime":11400000,"mTimeUnit":600000,"mWalkTime":39353,"runStep":4,"walkStep":59},{"distance":16.89,"mCalorie":0.78,"mOthersTime":0,"mRunTime":0,"mStartTime":12000000,"mTimeUnit":600000,"mWalkTime":15341,"runStep":0,"walkStep":23},{"distance":11.66,"mCalorie":0.52,"mOthersTime":0,"mRunTime":0,"mStartTime":13200000,"mTimeUnit":600000,"mWalkTime":10672,"runStep":0,"walkStep":16},{"distance":7.7,"mCalorie":0.3,"mOthersTime":0,"mRunTime":0,"mStartTime":13800000,"mTimeUnit":600000,"mWalkTime":6670,"runStep":0,"walkStep":10},{"distance":54.920002,"mCalorie":2.6599998,"mOthersTime":0,"mRunTime":0,"mStartTime":16200000,"mTimeUnit":600000,"mWalkTime":46023,"runStep":0,"walkStep":69},{"distance":18.28,"mCalorie":0.62,"mOthersTime":0,"mRunTime":0,"mStartTime":25800000,"mTimeUnit":600000,"mWalkTime":14007,"runStep":0,"walkStep":21},{"distance":9.71,"mCalorie":0.62,"mOthersTime":0,"mRunTime":400,"mStartTime":27000000,"mTimeUnit":600000,"mWalkTime":7337,"runStep":1,"walkStep":11},{"distance":10.43,"mCalorie":0.57,"mOthersTime":0,"mRunTime":0,"mStartTime":32400000,"mTimeUnit":600000,"mWalkTime":10005,"runStep":0,"walkStep":15},{"distance":55.97,"mCalorie":2.89,"mOthersTime":0,"mRunTime":0,"mStartTime":33000000,"mTimeUnit":600000,"mWalkTime":51359,"runStep":0,"walkStep":77},{"distance":19.43,"mCalorie":1.03,"mOthersTime":0,"mRunTime":0,"mStartTime":33600000,"mTimeUnit":600000,"mWalkTime":18009,"runStep":0,"walkStep":27},{"distance":29.82,"mCalorie":1.44,"mOthersTime":0,"mRunTime":0,"mStartTime":36600000,"mTimeUnit":600000,"mWalkTime":27347,"runStep":0,"walkStep":41},{"distance":146.06,"mCalorie":7.8199997,"mOthersTime":0,"mRunTime":0,"mStartTime":37200000,"mTimeUnit":600000,"mWalkTime":143405,"runStep":0,"walkStep":215},{"distance":65.68999,"mCalorie":3.5099998,"mOthersTime":0,"mRunTime":0,"mStartTime":37800000,"mTimeUnit":600000,"mWalkTime":59363,"runStep":0,"walkStep":89},{"distance":220.378,"mCalorie":11.07,"mOthersTime":0,"mRunTime":0,"mStartTime":38400000,"mTimeUnit":600000,"mWalkTime":180697,"runStep":0,"walkStep":295},{"distance":246.14,"mCalorie":11.93,"mOthersTime":0,"mRunTime":0,"mStartTime":39000000,"mTimeUnit":600000,"mWalkTime":220110,"runStep":0,"walkStep":330},{"distance":16.220001,"mCalorie":0.8,"mOthersTime":0,"mRunTime":0,"mStartTime":39600000,"mTimeUnit":600000,"mWalkTime":14674,"runStep":0,"walkStep":22},{"distance":52.39,"mCalorie":2.6299996,"mOthersTime":0,"mRunTime":0,"mStartTime":40800000,"mTimeUnit":600000,"mWalkTime":47357,"runStep":0,"walkStep":71},{"distance":33.9,"mCalorie":1.74,"mOthersTime":0,"mRunTime":0,"mStartTime":43200000,"mTimeUnit":600000,"mWalkTime":30682,"runStep":0,"walkStep":46},{"distance":11.84,"mCalorie":0.6,"mOthersTime":0,"mRunTime":0,"mStartTime":43800000,"mTimeUnit":600000,"mWalkTime":10672,"runStep":0,"walkStep":16},{"distance":208.71,"mCalorie":10.700001,"mOthersTime":0,"mRunTime":0,"mStartTime":44400000,"mTimeUnit":600000,"mWalkTime":185396,"runStep":0,"walkStep":279},{"distance":139.61,"mCalorie":7.02,"mOthersTime":0,"mRunTime":0,"mStartTime":45000000,"mTimeUnit":600000,"mWalkTime":125396,"runStep":0,"walkStep":188},{"distance":71.96,"mCalorie":4.8900003,"mOthersTime":0,"mRunTime":0,"mStartTime":45600000,"mTimeUnit":600000,"mWalkTime":70702,"runStep":0,"walkStep":106},{"distance":41.65,"mCalorie":2.0300002,"mOthersTime":0,"mRunTime":0,"mStartTime":46200000,"mTimeUnit":600000,"mWalkTime":37352,"runStep":0,"walkStep":56},{"distance":65.969,"mCalorie":3.8600001,"mOthersTime":0,"mRunTime":6400,"mStartTime":48000000,"mTimeUnit":600000,"mWalkTime":40687,"runStep":16,"walkStep":61},{"distance":9.62,"mCalorie":0.59,"mOthersTime":0,"mRunTime":0,"mStartTime":52800000,"mTimeUnit":600000,"mWalkTime":6670,"runStep":0,"walkStep":10},{"distance":72.941,"mCalorie":3.57,"mOthersTime":0,"mRunTime":0,"mStartTime":54600000,"mTimeUnit":600000,"mWalkTime":70702,"runStep":0,"walkStep":106},{"distance":29.18,"mCalorie":1.47,"mOthersTime":0,"mRunTime":0,"mStartTime":55200000,"mTimeUnit":600000,"mWalkTime":25346,"runStep":0,"walkStep":38},{"distance":39.639004,"mCalorie":1.8199999,"mOthersTime":0,"mRunTime":0,"mStartTime":55800000,"mTimeUnit":600000,"mWalkTime":34684,"runStep":0,"walkStep":52},{"distance":45.2,"mCalorie":2.25,"mOthersTime":0,"mRunTime":0,"mStartTime":58200000,"mTimeUnit":600000,"mWalkTime":42021,"runStep":0,"walkStep":63},{"distance":10.36,"mCalorie":0.65,"mOthersTime":0,"mRunTime":0,"mStartTime":58800000,"mTimeUnit":600000,"mWalkTime":7337,"runStep":0,"walkStep":11},{"distance":15.959999,"mCalorie":0.87,"mOthersTime":0,"mRunTime":0,"mStartTime":59400000,"mTimeUnit":600000,"mWalkTime":14674,"runStep":0,"walkStep":22},{"distance":43.54,"mCalorie":1.86,"mOthersTime":0,"mRunTime":400,"mStartTime":60000000,"mTimeUnit":600000,"mWalkTime":33350,"runStep":1,"walkStep":50},{"distance":22.52,"mCalorie":1.05,"mOthersTime":0,"mRunTime":0,"mStartTime":60600000,"mTimeUnit":600000,"mWalkTime":20010,"runStep":0,"walkStep":30},{"distance":17.4,"mCalorie":0.93,"mOthersTime":0,"mRunTime":0,"mStartTime":64800000,"mTimeUnit":600000,"mWalkTime":16008,"runStep":0,"walkStep":24},{"distance":18.64,"mCalorie":1.05,"mOthersTime":0,"mRunTime":0,"mStartTime":65400000,"mTimeUnit":600000,"mWalkTime":16675,"runStep":0,"walkStep":25},{"distance":10.57,"mCalorie":0.52,"mOthersTime":0,"mRunTime":0,"mStartTime":67800000,"mTimeUnit":600000,"mWalkTime":10005,"runStep":0,"walkStep":15},{"distance":7.68,"mCalorie":0.35,"mOthersTime":0,"mRunTime":0,"mStartTime":68400000,"mTimeUnit":600000,"mWalkTime":6670,"runStep":0,"walkStep":10},{"distance":13.24,"mCalorie":0.63,"mOthersTime":0,"mRunTime":0,"mStartTime":72600000,"mTimeUnit":600000,"mWalkTime":11339,"runStep":0,"walkStep":17},{"distance":46.61,"mCalorie":2.08,"mOthersTime":0,"mRunTime":1200,"mStartTime":73800000,"mTimeUnit":600000,"mWalkTime":36018,"runStep":3,"walkStep":54},{"distance":25.130001,"mCalorie":1.44,"mOthersTime":0,"mRunTime":0,"mStartTime":74400000,"mTimeUnit":600000,"mWalkTime":24012,"runStep":0,"walkStep":36},{"distance":17.39,"mCalorie":1.04,"mOthersTime":0,"mRunTime":0,"mStartTime":75000000,"mTimeUnit":600000,"mWalkTime":16675,"runStep":0,"walkStep":25},{"distance":53.649998,"mCalorie":2.7200003,"mOthersTime":0,"mRunTime":400,"mStartTime":76200000,"mTimeUnit":600000,"mWalkTime":45356,"runStep":1,"walkStep":68},{"distance":41.07,"mCalorie":2.44,"mOthersTime":0,"mRunTime":0,"mStartTime":77400000,"mTimeUnit":600000,"mWalkTime":37352,"runStep":0,"walkStep":56},{"distance":10.94,"mCalorie":0.61,"mOthersTime":0,"mRunTime":0,"mStartTime":78000000,"mTimeUnit":600000,"mWalkTime":10672,"runStep":0,"walkStep":16},{"distance":12.57,"mCalorie":0.61,"mOthersTime":0,"mRunTime":0,"mStartTime":79200000,"mTimeUnit":600000,"mWalkTime":11339,"runStep":0,"walkStep":17},{"distance":56.27,"mCalorie":3.12,"mOthersTime":0,"mRunTime":0,"mStartTime":80400000,"mTimeUnit":600000,"mWalkTime":49358,"runStep":0,"walkStep":74}],"version":1}