{"mAdaptiveGoal":0,"mIsGoalAchieved":false,"mIsMostActiveAchieved":false,"mMostActiveMinutes":0,"mStreakDayCount":0,"mUnitDataList":[{"distance":21.09,"mCalorie":0.9499999,"mOthersTime":0,"mRunTime":0,"mStartTime":2400000,"mTimeUnit":600000,"mWalkTime":18676,"runStep":0,"walkStep":28},{"distance":12.067,"mCalorie":0.49,"mOthersTime":0,"mRunTime":0,"mStartTime":7200000,"mTimeUnit":600000,"mWalkTime":10005,"runStep":0,"walkStep":15},{"distance":9.28,"mCalorie":0.45,"mOthersTime":0,"mRunTime":0,"mStartTime":9600000,"mTimeUnit":600000,"mWalkTime":8671,"runStep":0,"walkStep":13},{"distance":52.120003,"mCalorie":3.0800002,"mOthersTime":0,"mRunTime":400,"mStartTime":19200000,"mTimeUnit":600000,"mWalkTime":43355,"runStep":1,"walkStep":65},{"distance":105.55299,"mCalorie":5.09,"mOthersTime":0,"mRunTime":800,"mStartTime":19800000,"mTimeUnit":600000,"mWalkTime":88711,"runStep":2,"walkStep":133},{"distance":61.059998,"mCalorie":3.1299999,"mOthersTime":0,"mRunTime":0,"mStartTime":20400000,"mTimeUnit":600000,"mWalkTime":55361,"runStep":0,"walkStep":83},{"distance":56.760002,"mCalorie":3.01,"mOthersTime":0,"mRunTime":0,"mStartTime":22200000,"mTimeUnit":600000,"mWalkTime":53360,"runStep":0,"walkStep":80},{"distance":138.70001,"mCalorie":6.5400004,"mOthersTime":0,"mRunTime":0,"mStartTime":22800000,"mTimeUnit":600000,"mWalkTime":118696,"runStep":0,"walkStep":186},{"distance":122.56799,"mCalorie":6.0699997,"mOthersTime":0,"mRunTime":0,"mStartTime":23400000,"mTimeUnit":600000,"mWalkTime":110055,"runStep":0,"walkStep":165},{"distance":18.627998,"mCalorie":0.98,"mOthersTime":0,"mRunTime":1600,"mStartTime":24000000,"mTimeUnit":600000,"mWalkTime":14674,"runStep":4,"walkStep":22},{"distance":15.96,"mCalorie":0.78,"mOthersTime":0,"mRunTime":0,"mStartTime":30600000,"mTimeUnit":600000,"mWalkTime":13340,"runStep":0,"walkStep":20},{"distance":36.46,"mCalorie":1.8199999,"mOthersTime":0,"mRunTime":0,"mStartTime":31200000,"mTimeUnit":600000,"mWalkTime":33350,"runStep":0,"walkStep":50},{"distance":25.970001,"mCalorie":1.4000001,"mOthersTime":0,"mRunTime":0,"mStartTime":33000000,"mTimeUnit":600000,"mWalkTime":24012,"runStep":0,"walkStep":36},{"distance":17.689999,"mCalorie":0.96000004,"mOthersTime":0,"mRunTime":0,"mStartTime":33600000,"mTimeUnit":600000,"mWalkTime":16675,"runStep":0,"walkStep":25},{"distance":25.03,"mCalorie":1.21,"mOthersTime":0,"mRunTime":0,"mStartTime":34800000,"mTimeUnit":600000,"mWalkTime":22011,"runStep":0,"walkStep":33},{"distance":33.940002,"mCalorie":1.64,"mOthersTime":0,"mRunTime":0,"mStartTime":35400000,"mTimeUnit":600000,"mWalkTime":29348,"runStep":0,"walkStep":44},{"distance":10.85,"mCalorie":0.54,"mOthersTime":0,"mRunTime":0,"mStartTime":36000000,"mTimeUnit":600000,"mWalkTime":10005,"runStep":0,"walkStep":15},{"distance":134.61,"mCalorie":6.7999997,"mOthersTime":0,"mRunTime":0,"mStartTime":36600000,"mTimeUnit":600000,"mWalkTime":124062,"runStep":0,"walkStep":186},{"distance":48.062,"mCalorie":2.36,"mOthersTime":0,"mRunTime":400,"mStartTime":37200000,"mTimeUnit":600000,"mWalkTime":40020,"runStep":1,"walkStep":60},{"distance":39.68,"mCalorie":2.22,"mOthersTime":0,"mRunTime":0,"mStartTime":37800000,"mTimeUnit":600000,"mWalkTime":37352,"runStep":0,"walkStep":56},{"distance":68.53001,"mCalorie":3.44,"mOthersTime":0,"mRunTime":0,"mStartTime":38400000,"mTimeUnit":600000,"mWalkTime":62031,"runStep":0,"walkStep":93},{"distance":25.83,"mCalorie":1.29,"mOthersTime":0,"mRunTime":0,"mStartTime":39600000,"mTimeUnit":600000,"mWalkTime":24012,"runStep":0,"walkStep":36},{"distance":29.973,"mCalorie":1.65,"mOthersTime":0,"mRunTime":0,"mStartTime":40200000,"mTimeUnit":600000,"mWalkTime":28681,"runStep":0,"walkStep":43},{"distance":51.269,"mCalorie":2.67,"mOthersTime":0,"mRunTime":1200,"mStartTime":40800000,"mTimeUnit":600000,"mWalkTime":44022,"runStep":3,"walkStep":66},{"distance":27.87,"mCalorie":1.32,"mOthersTime":0,"mRunTime":0,"mStartTime":42000000,"mTimeUnit":600000,"mWalkTime":24012,"runStep":0,"walkStep":36},{"distance":45.300003,"mCalorie":2.26,"mOthersTime":0,"mRunTime":0,"mStartTime":42600000,"mTimeUnit":600000,"mWalkTime":40687,"runStep":0,"walkStep":61},{"distance":126.21999,"mCalorie":6.36,"mOthersTime":0,"mRunTime":0,"mStartTime":43200000,"mTimeUnit":600000,"mWalkTime":110055,"runStep":0,"walkStep":165},{"distance":135.69,"mCalorie":7.3999996,"mOthersTime":0,"mRunTime":0,"mStartTime":43800000,"mTimeUnit":600000,"mWalkTime":124062,"runStep":0,"walkStep":186},{"distance":7.7,"mCalorie":0.41,"mOthersTime":0,"mRunTime":0,"mStartTime":44400000,"mTimeUnit":600000,"mWalkTime":7337,"runStep":0,"walkStep":11},{"distance":15.97,"mCalorie":0.82,"mOthersTime":0,"mRunTime":0,"mStartTime":46200000,"mTimeUnit":600000,"mWalkTime":14674,"runStep":0,"walkStep":22},{"distance":129.149,"mCalorie":6.83,"mOthersTime":0,"mRunTime":3200,"mStartTime":46800000,"mTimeUnit":600000,"mWalkTime":108721,"runStep":8,"walkStep":163},{"distance":48.58,"mCalorie":2.48,"mOthersTime":0,"mRunTime":0,"mStartTime":47400000,"mTimeUnit":600000,"mWalkTime":44689,"runStep":0,"walkStep":67},{"distance":38.116,"mCalorie":1.8,"mOthersTime":0,"mRunTime":400,"mStartTime":48600000,"mTimeUnit":600000,"mWalkTime":30015,"runStep":1,"walkStep":45},{"distance":108.812,"mCalorie":5.46,"mOthersTime":0,"mRunTime":1200,"mStartTime":49200000,"mTimeUnit":600000,"mWalkTime":94714,"runStep":3,"walkStep":142},{"distance":50.347,"mCalorie":2.44,"mOthersTime":0,"mRunTime":2800,"mStartTime":51000000,"mTimeUnit":600000,"mWalkTime":40020,"runStep":7,"walkStep":60},{"distance":22.15,"mCalorie":1.21,"mOthersTime":0,"mRunTime":3200,"mStartTime":52200000,"mTimeUnit":600000,"mWalkTime":10005,"runStep":8,"walkStep":15},{"distance":30.759998,"mCalorie":1.29,"mOthersTime":0,"mRunTime":0,"mStartTime":55800000,"mTimeUnit":600000,"mWalkTime":26013,"runStep":0,"walkStep":39},{"distance":40.609997,"mCalorie":1.9200001,"mOthersTime":0,"mRunTime":0,"mStartTime":56400000,"mTimeUnit":600000,"mWalkTime":37352,"runStep":0,"walkStep":56},{"distance":57.79,"mCalorie":2.6,"mOthersTime":0,"mRunTime":0,"mStartTime":57000000,"mTimeUnit":600000,"mWalkTime":50692,"runStep":0,"walkStep":76},{"distance":23.41,"mCalorie":1.22,"mOthersTime":0,"mRunTime":0,"mStartTime":57600000,"mTimeUnit":600000,"mWalkTime":22011,"runStep":0,"walkStep":33},{"distance":9.55,"mCalorie":0.44,"mOthersTime":0,"mRunTime":0,"mStartTime":59400000,"mTimeUnit":600000,"mWalkTime":8671,"runStep":0,"walkStep":13},{"distance":19.69,"mCalorie":1.2,"mOthersTime":0,"mRunTime":3200,"mStartTime":60000000,"mTimeUnit":600000,"mWalkTime":10005,"runStep":8,"walkStep":15},{"distance":10.98,"mCalorie":0.51,"mOthersTime":0,"mRunTime":0,"mStartTime":61200000,"mTimeUnit":600000,"mWalkTime":10005,"runStep":0,"walkStep":15},{"distance":5.79,"mCalorie":0.29999998,"mOthersTime":0,"mRunTime":0,"mStartTime":62400000,"mTimeUnit":600000,"mWalkTime":5336,"runStep":0,"walkStep":8},{"distance":9.2,"mCalorie":0.48,"mOthersTime":0,"mRunTime":0,"mStartTime":66000000,"mTimeUnit":600000,"mWalkTime":7337,"runStep":0,"walkStep":11},{"distance":45.920002,"mCalorie":2.17,"mOthersTime":0,"mRunTime":0,"mStartTime":67200000,"mTimeUnit":600000,"mWalkTime":38019,"runStep":0,"walkStep":57},{"distance":37.22,"mCalorie":2.34,"mOthersTime":0,"mRunTime":4400,"mStartTime":68400000,"mTimeUnit":600000,"mWalkTime":22678,"runStep":11,"walkStep":34},{"distance":4.57,"mCalorie":0.21,"mOthersTime":0,"mRunTime":0,"mStartTime":70200000,"mTimeUnit":600000,"mWalkTime":4002,"runStep":0,"walkStep":6},{"distance":28.73,"mCalorie":1.4499999,"mOthersTime":0,"mRunTime":0,"mStartTime":72000000,"mTimeUnit":600000,"mWalkTime":26013,"runStep":0,"walkStep":39},{"distance":10.16,"mCalorie":0.57,"mOthersTime":0,"mRunTime":0,"mStartTime":73200000,"mTimeUnit":600000,"mWalkTime":10005,"runStep":0,"walkStep":15},{"distance":18.9,"mCalorie":0.99,"mOthersTime":0,"mRunTime":0,"mStartTime":73800000,"mTimeUnit":600000,"mWalkTime":17342,"runStep":0,"walkStep":26}],"version":1}