com.samsung.shealth.calories_burned.details,6156001,1
version,extra_data,com.samsung.shealth.calories_burned.tef_calorie,com.samsung.shealth.calories_burned.active_time,com.samsung.shealth.calories_burned.rest_calorie,com.samsung.shealth.calories_burned.update_time,com.samsung.shealth.calories_burned.create_time,com.samsung.shealth.calories_burned.active_calorie,com.samsung.shealth.calories_burned.deviceuuid,com.samsung.shealth.calories_burned.pkg_name,com.samsung.shealth.calories_burned.datauuid,com.samsung.shealth.calories_burned.day_time
,54b9780a-c9ee-4bda-85cd-e9f39740dc2e.extra_data.json,0.0,0,1604.687,2020-04-15 10:46:53.224,2020-04-15 10:46:53.224,0.0,F5JW66Upzd,com.sec.android.app.shealth,54b9780a-c9ee-4bda-85cd-e9f39740dc2e,1584748800000,
,17129e43-2bdf-4b85-b5fa-2d58be85c08d.extra_data.json,0.0,6252532,1488.5602,2020-04-15 22:00:00.547,2020-04-15 10:46:51.985,779.00287,F5JW66Upzd,com.sec.android.app.shealth,17129e43-2bdf-4b85-b5fa-2d58be85c08d,1586908800000,
,1a13e9d3-eaca-4887-a791-0bfd9313e3f5.extra_data.json,0.0,3753714,1534.9702,2020-04-15 10:47:25.736,2020-04-15 10:46:53.317,303.22995,F5JW66Upzd,com.sec.android.app.shealth,1a13e9d3-eaca-4887-a791-0bfd9313e3f5,1585267200000,
,7f1944a8-60ea-47e0-a625-c877e756b5bd.extra_data.json,0.0,0,1604.687,2020-04-15 10:46:53.210,2020-04-15 10:46:53.210,0.0,F5JW66Upzd,com.sec.android.app.shealth,7f1944a8-60ea-47e0-a625-c877e756b5bd,1584662400000,
,0c704d9e-5f72-4321-bf2e-36c56aaf6760.extra_data.json,0.0,0,1604.687,2020-04-15 10:46:53.239,2020-04-15 10:46:53.239,0.0,F5JW66Upzd,com.sec.android.app.shealth,0c704d9e-5f72-4321-bf2e-36c56aaf6760,1584835200000,
,bde76d20-23b9-442c-8a7e-59e55341bcec.extra_data.json,0.0,0,1604.687,2020-04-15 10:46:53.179,2020-04-15 10:46:53.179,0.0,F5JW66Upzd,com.sec.android.app.shealth,bde76d20-23b9-442c-8a7e-59e55341bcec,1584576000000,
,28f1ad7c-1926-4016-9430-2d5eb7252c52.extra_data.json,0.0,0,1604.687,2020-04-15 10:46:53.256,2020-04-15 10:46:53.256,0.0,F5JW66Upzd,com.sec.android.app.shealth,28f1ad7c-1926-4016-9430-2d5eb7252c52,1584921600000,
,9a709f63-5b36-4e90-961c-077dc3f7e585.extra_data.json,0.0,651257,1592.5913,2020-04-15 10:47:25.680,2020-04-15 10:46:53.269,35.630005,F5JW66Upzd,com.sec.android.app.shealth,9a709f63-5b36-4e90-961c-077dc3f7e585,1585008000000,
,33bb3542-730e-4c70-a07c-b283ea6d483d.extra_data.json,0.0,7723127,1461.2471,2020-04-15 10:47:25.872,2020-04-15 10:46:53.423,730.3978,F5JW66Upzd,com.sec.android.app.shealth,33bb3542-730e-4c70-a07c-b283ea6d483d,1585785600000,
,04505dc9-88e9-4ae1-b305-65aa2f8db362.extra_data.json,0.0,1533297,1576.2095,2020-04-15 10:47:25.721,2020-04-15 10:46:53.306,85.760025,F5JW66Upzd,com.sec.android.app.shealth,04505dc9-88e9-4ae1-b305-65aa2f8db362,1585180800000,
,6dd38681-4b79-4b75-9ce8-ac459346d712.extra_data.json,0.0,4374912,1523.4327,2020-04-15 10:47:25.757,2020-04-15 10:46:53.331,239.91167,F5JW66Upzd,com.sec.android.app.shealth,6dd38681-4b79-4b75-9ce8-ac459346d712,1585353600000,
,9e955976-a37d-45d4-88b4-e016d5a3d085.extra_data.json,0.0,4212441,1526.4503,2020-04-15 10:47:25.771,2020-04-15 10:46:53.345,336.22137,F5JW66Upzd,com.sec.android.app.shealth,9e955976-a37d-45d4-88b4-e016d5a3d085,1585440000000,
,9d8270c6-3fb1-4ee4-9c94-ff24662e1780.extra_data.json,0.0,2095090,1565.7754,2020-04-15 10:47:25.972,2020-04-15 10:46:53.523,123.23001,F5JW66Upzd,com.sec.android.app.shealth,9d8270c6-3fb1-4ee4-9c94-ff24662e1780,1586304000000,
,6b504a0b-9b59-46b3-9407-4175974dc54e.extra_data.json,0.0,988350,1586.3306,2020-04-15 10:47:25.700,2020-04-15 10:46:53.286,57.550003,F5JW66Upzd,com.sec.android.app.shealth,6b504a0b-9b59-46b3-9407-4175974dc54e,1585094400000,
,ad412ac7-54b2-4090-9801-7815d58b90d2.extra_data.json,0.0,3925845,1531.7731,2020-04-15 10:47:25.839,2020-04-15 10:46:53.405,360.62668,F5JW66Upzd,com.sec.android.app.shealth,ad412ac7-54b2-4090-9801-7815d58b90d2,1585699200000,
,0d4ea558-eebc-4950-a72e-d89b19b54668.extra_data.json,0.0,5595516,1500.7627,2020-04-15 10:47:25.894,2020-04-15 10:46:53.437,489.77734,F5JW66Upzd,com.sec.android.app.shealth,0d4ea558-eebc-4950-a72e-d89b19b54668,1585872000000,
,75f67d6e-0f2b-4e69-957c-a9a5b62e319a.extra_data.json,0.0,2627423,1555.8884,2020-04-15 10:47:25.818,2020-04-15 10:46:53.387,229.65176,F5JW66Upzd,com.sec.android.app.shealth,75f67d6e-0f2b-4e69-957c-a9a5b62e319a,1585612800000,
,606d279c-c3d6-48c4-b8a2-475c88ab4f98.extra_data.json,0.0,1854469,1570.2443,2020-04-15 10:47:25.799,2020-04-15 10:46:53.370,146.08792,F5JW66Upzd,com.sec.android.app.shealth,606d279c-c3d6-48c4-b8a2-475c88ab4f98,1585526400000,
,326f9294-6e1d-448f-b23e-0de811f344d0.extra_data.json,0.0,2542830,1557.4596,2020-04-15 10:47:01.869,2020-04-15 10:46:53.611,142.23999,F5JW66Upzd,com.sec.android.app.shealth,326f9294-6e1d-448f-b23e-0de811f344d0,1586822400000,
,ad472b56-bd21-4f5b-b577-e033b7b0c452.extra_data.json,0.0,4655792,1518.2161,2020-04-15 10:47:25.910,2020-04-15 10:46:53.456,290.31345,F5JW66Upzd,com.sec.android.app.shealth,ad472b56-bd21-4f5b-b577-e033b7b0c452,1585958400000,
,fa78e719-4524-4b85-af8e-90e6884ad570.extra_data.json,0.0,3922404,1531.8372,2020-04-15 10:47:25.963,2020-04-15 10:46:53.506,231.14635,F5JW66Upzd,com.sec.android.app.shealth,fa78e719-4524-4b85-af8e-90e6884ad570,1586217600000,
,4e17d321-5e80-499b-890c-55b6bfa8b04b.extra_data.json,0.0,2895717,1550.9054,2020-04-15 10:47:25.983,2020-04-15 10:46:53.536,167.1738,F5JW66Upzd,com.sec.android.app.shealth,4e17d321-5e80-499b-890c-55b6bfa8b04b,1586390400000,
,9b7ee50b-e4d9-4809-ba86-26558fd879f5.extra_data.json,0.0,41620,1603.9141,2020-04-15 10:47:25.946,2020-04-15 10:46:53.497,2.24,F5JW66Upzd,com.sec.android.app.shealth,9b7ee50b-e4d9-4809-ba86-26558fd879f5,1586131200000,
,2c195baa-a903-4bd7-97e8-fc6b9c00bc46.extra_data.json,0.0,6043250,1492.4471,2020-04-15 10:47:25.999,2020-04-15 10:46:53.557,513.3087,F5JW66Upzd,com.sec.android.app.shealth,2c195baa-a903-4bd7-97e8-fc6b9c00bc46,1586476800000,
,e8c5a6f4-2b9b-4a72-bd20-501028e254a0.extra_data.json,0.0,7701716,1461.6449,2020-04-21 22:15:06.785,2020-04-20 22:00:00.315,657.4845,F5JW66Upzd,com.sec.android.app.shealth,e8c5a6f4-2b9b-4a72-bd20-501028e254a0,1587427200000,
,bd2fa5d0-5beb-4590-ae54-8cbad0b58759.extra_data.json,0.0,5169987,1508.666,2020-04-15 10:47:26.036,2020-04-15 10:46:53.595,415.27795,F5JW66Upzd,com.sec.android.app.shealth,bd2fa5d0-5beb-4590-ae54-8cbad0b58759,1586736000000,
,9a5c541d-96d2-46c2-803b-e23bcb77a2cc.extra_data.json,0.0,4546902,1520.2384,2020-04-15 10:47:25.925,2020-04-15 10:46:53.473,284.80017,F5JW66Upzd,com.sec.android.app.shealth,9a5c541d-96d2-46c2-803b-e23bcb77a2cc,1586044800000,
,3a023597-ae80-46b4-a7e8-d56128a067b7.extra_data.json,0.0,6172797,1490.041,2020-04-15 10:47:26.024,2020-04-15 10:46:53.577,457.4114,F5JW66Upzd,com.sec.android.app.shealth,3a023597-ae80-46b4-a7e8-d56128a067b7,1586649600000,
,ebbcdb51-004a-41b9-8bae-67b4427ec29e.extra_data.json,0.0,3334740,1542.7517,2020-04-27 22:00:00.464,2020-04-26 22:00:01.401,191.35098,F5JW66Upzd,com.sec.android.app.shealth,ebbcdb51-004a-41b9-8bae-67b4427ec29e,1587945600000,
,4ffe0a05-17b0-4a3e-b58c-e70458d07a18.extra_data.json,0.0,7532696,1464.7839,2020-04-16 22:55:05.020,2020-04-15 22:00:00.384,631.1914,F5JW66Upzd,com.sec.android.app.shealth,4ffe0a05-17b0-4a3e-b58c-e70458d07a18,1586995200000,
,60b05afe-2fbc-41d3-b078-d7a552db3904.extra_data.json,0.0,4877785,1514.093,2020-04-20 22:55:06.320,2020-04-19 22:00:00.398,460.41272,F5JW66Upzd,com.sec.android.app.shealth,60b05afe-2fbc-41d3-b078-d7a552db3904,1587340800000,
,ff657598-4b8c-423f-95ee-4bad0d47c604.extra_data.json,0.0,7772653,1460.3273,2020-04-17 23:57:58.404,2020-04-16 22:00:00.353,618.07715,F5JW66Upzd,com.sec.android.app.shealth,ff657598-4b8c-423f-95ee-4bad0d47c604,1587081600000,
,99edd711-302b-4288-a8b8-17488ff1081e.extra_data.json,0.0,2121860,1565.2782,2020-04-15 10:47:26.010,2020-04-15 10:46:53.560,122.34001,F5JW66Upzd,com.sec.android.app.shealth,99edd711-302b-4288-a8b8-17488ff1081e,1586563200000,
,f0db1498-cb77-491b-a028-6e750ef472ab.extra_data.json,0.0,6695063,1480.3411,2020-05-04 00:15:04.907,2020-05-02 22:00:01.463,441.28796,F5JW66Upzd,com.sec.android.app.shealth,f0db1498-cb77-491b-a028-6e750ef472ab,1588464000000,
,ab332648-1b17-4795-a32d-fab3d74fd106.extra_data.json,0.0,9612527,1426.1558,2020-04-20 18:24:29.233,2020-04-18 22:00:01.451,671.3772,F5JW66Upzd,com.sec.android.app.shealth,ab332648-1b17-4795-a32d-fab3d74fd106,1587254400000,
,e5505a1f-4032-4ec5-b77d-b5987091c602.extra_data.json,0.0,7338745,1468.3862,2020-04-22 22:35:06.609,2020-04-21 22:00:00.397,614.593,F5JW66Upzd,com.sec.android.app.shealth,e5505a1f-4032-4ec5-b77d-b5987091c602,1587513600000,
,f74be9eb-3e78-4525-ba78-95488d601fc2.extra_data.json,0.0,4095422,1528.6237,2020-04-26 22:55:06.920,2020-04-25 22:00:00.428,306.7614,F5JW66Upzd,com.sec.android.app.shealth,f74be9eb-3e78-4525-ba78-95488d601fc2,1587859200000,
,194342ab-3dc9-4390-b734-294713f132ec.extra_data.json,0.0,2804602,1552.5978,2020-04-18 23:15:07.255,2020-04-17 22:00:00.439,166.30902,F5JW66Upzd,com.sec.android.app.shealth,194342ab-3dc9-4390-b734-294713f132ec,1587168000000,
,0dc46d91-b479-4494-ba24-8ad119d92122.extra_data.json,0.0,7054200,1473.671,2020-04-25 23:15:07.484,2020-04-24 22:00:00.281,627.1369,F5JW66Upzd,com.sec.android.app.shealth,0dc46d91-b479-4494-ba24-8ad119d92122,1587772800000,
,4ab051f0-99ba-44e8-9f5d-f3fa8ba74832.extra_data.json,0.0,1648349,1574.0725,2020-04-28 22:00:01.509,2020-04-27 22:00:00.367,97.42904,F5JW66Upzd,com.sec.android.app.shealth,4ab051f0-99ba-44e8-9f5d-f3fa8ba74832,1588032000000,
,f65f18f9-7880-4dbb-af08-df164e96bddf.extra_data.json,0.0,4983625,1512.1273,2020-04-23 23:55:06.823,2020-04-22 22:00:01.385,288.10995,F5JW66Upzd,com.sec.android.app.shealth,f65f18f9-7880-4dbb-af08-df164e96bddf,1587600000000,
,b2b78673-e015-4c41-a2d9-b9d7a903b34c.extra_data.json,0.0,3222426,1544.8376,2020-05-01 23:35:11.209,2020-04-30 22:00:00.406,267.9741,F5JW66Upzd,com.sec.android.app.shealth,b2b78673-e015-4c41-a2d9-b9d7a903b34c,1588291200000,
,5eb62c49-5226-460d-bf9a-e41a923fb92b.extra_data.json,0.0,4663975,1518.0641,2020-04-24 22:00:00.430,2020-04-23 22:00:00.381,305.02774,F5JW66Upzd,com.sec.android.app.shealth,5eb62c49-5226-460d-bf9a-e41a923fb92b,1587686400000,
,0faabd90-7d7b-46ca-a009-7a75922f6ab6.extra_data.json,0.0,4446719,1522.0991,2020-05-04 23:35:05.159,2020-05-03 22:00:00.187,262.53888,F5JW66Upzd,com.sec.android.app.shealth,0faabd90-7d7b-46ca-a009-7a75922f6ab6,1588550400000,
,c945feeb-ab4d-4d99-9e3c-3039f2995599.extra_data.json,0.0,5126328,1509.4769,2020-05-02 22:55:12.109,2020-05-01 22:00:00.466,466.36865,F5JW66Upzd,com.sec.android.app.shealth,c945feeb-ab4d-4d99-9e3c-3039f2995599,1588377600000,
,1402a13e-7354-44bf-8baf-198d499858c1.extra_data.json,0.0,2343843,1561.1554,2020-04-30 23:20:11.652,2020-04-29 22:00:00.354,135.721,F5JW66Upzd,com.sec.android.app.shealth,1402a13e-7354-44bf-8baf-198d499858c1,1588204800000,
,487cf394-9b02-4f29-9f0b-c978b8aa9cd8.extra_data.json,0.0,7054720,1473.6613,2020-06-05 19:13:09.978,2020-05-08 22:00:00.369,563.992,F5JW66Upzd,com.sec.android.app.shealth,487cf394-9b02-4f29-9f0b-c978b8aa9cd8,1588982400000,
,0411a7b2-ccd7-41c0-939f-d9d10a405756.extra_data.json,0.0,4677247,1517.8175,2020-06-03 21:39:54.171,2020-05-06 22:00:00.389,359.82544,F5JW66Upzd,com.sec.android.app.shealth,0411a7b2-ccd7-41c0-939f-d9d10a405756,1588809600000,
,c8e5eb6d-280c-4f0e-8ff5-51e8467dd4ff.extra_data.json,0.0,5730448,1498.2567,2020-04-29 22:00:00.494,2020-04-28 22:00:01.343,487.28217,F5JW66Upzd,com.sec.android.app.shealth,c8e5eb6d-280c-4f0e-8ff5-51e8467dd4ff,1588118400000,
,e649d624-87c3-47e2-90c9-7c7cd152aa20.extra_data.json,0.0,3002894,1548.9149,2020-06-04 21:38:10.449,2020-05-07 22:00:00.305,208.40855,F5JW66Upzd,com.sec.android.app.shealth,e649d624-87c3-47e2-90c9-7c7cd152aa20,1588896000000,
,b8969ccd-6ce1-4c1a-978b-7985cb8e1db8.extra_data.json,0.0,7347501,1468.2235,2020-06-01 22:58:48.251,2020-05-05 22:00:01.348,588.2573,F5JW66Upzd,com.sec.android.app.shealth,b8969ccd-6ce1-4c1a-978b-7985cb8e1db8,1588723200000,
,d84ec366-d6bb-45b0-9352-48f4cb8f32fa.extra_data.json,0.0,4064522,1529.1976,2020-06-11 21:43:17.781,2020-05-14 22:00:01.443,232.86003,F5JW66Upzd,com.sec.android.app.shealth,d84ec366-d6bb-45b0-9352-48f4cb8f32fa,1589500800000,
,2697b6d7-d89a-46bd-98dc-c3b243924dee.extra_data.json,0.0,6725459,1479.7766,2020-06-06 20:24:23.807,2020-05-09 22:00:01.407,452.53882,F5JW66Upzd,com.sec.android.app.shealth,2697b6d7-d89a-46bd-98dc-c3b243924dee,1589068800000,
,e795f3d3-36d3-4295-a524-4d45e6d240d6.extra_data.json,0.0,1976626,1567.9756,2020-06-08 00:35:03.498,2020-05-12 22:00:01.472,114.74001,F5JW66Upzd,com.sec.android.app.shealth,e795f3d3-36d3-4295-a524-4d45e6d240d6,1589328000000,
,31a07cd2-e6c2-4b60-aa92-99e357ddb3e7.extra_data.json,0.0,4343189,1524.0219,2020-06-12 21:48:40.005,2020-05-15 22:00:00.404,259.24,F5JW66Upzd,com.sec.android.app.shealth,31a07cd2-e6c2-4b60-aa92-99e357ddb3e7,1589587200000,
,b548d587-9b08-46c2-981f-92b5cafeb8ef.extra_data.json,0.0,5513804,1502.2803,2020-06-17 21:43:12.198,2020-05-20 22:00:00.482,390.74756,F5JW66Upzd,com.sec.android.app.shealth,b548d587-9b08-46c2-981f-92b5cafeb8ef,1590019200000,
,cc3cade4-3fc0-486a-b536-defcac820747.extra_data.json,0.0,2457490,1559.0447,2020-05-05 22:00:01.471,2020-05-04 22:00:01.467,139.56001,F5JW66Upzd,com.sec.android.app.shealth,cc3cade4-3fc0-486a-b536-defcac820747,1588636800000,
,e158c8f4-bdb1-4b88-b95d-1a344ef3af5c.extra_data.json,0.0,2542848,1557.4592,2020-06-10 21:27:12.208,2020-05-13 22:00:00.412,148.73,F5JW66Upzd,com.sec.android.app.shealth,e158c8f4-bdb1-4b88-b95d-1a344ef3af5c,1589414400000,
,609666ae-7263-413d-b2ab-10ce778ed4ab.extra_data.json,0.0,4633287,1518.634,2020-06-15 20:25:57.329,2020-05-18 22:00:00.355,376.9768,F5JW66Upzd,com.sec.android.app.shealth,609666ae-7263-413d-b2ab-10ce778ed4ab,1589846400000,
,43cb5cf3-6e40-400b-a3d5-65a611fb303d.extra_data.json,0.0,4533393,1520.4894,2020-06-08 00:35:03.485,2020-05-11 22:00:00.384,331.0334,F5JW66Upzd,com.sec.android.app.shealth,43cb5cf3-6e40-400b-a3d5-65a611fb303d,1589241600000,
,0e23fab1-6657-48b9-ae8e-472b1f770962.extra_data.json,0.0,7690994,1461.844,2020-06-23 21:40:49.766,2020-05-26 22:00:10.368,474.89633,F5JW66Upzd,com.sec.android.app.shealth,0e23fab1-6657-48b9-ae8e-472b1f770962,1590537600000,
,36062b9b-d072-44aa-b914-3b090f4679b2.extra_data.json,0.0,6708082,1480.0994,2020-06-18 19:15:01.125,2020-05-21 22:00:00.318,560.4909,F5JW66Upzd,com.sec.android.app.shealth,36062b9b-d072-44aa-b914-3b090f4679b2,1590105600000,
,b08edc38-8f05-4d6e-ab87-c80ce0a68443.extra_data.json,0.0,5449838,1503.4684,2020-06-16 03:15:52.073,2020-05-19 22:00:01.402,323.03006,F5JW66Upzd,com.sec.android.app.shealth,b08edc38-8f05-4d6e-ab87-c80ce0a68443,1589932800000,
,e316a3b8-b431-4231-bbfe-eae48274ee61.extra_data.json,0.0,4826664,1515.0425,2020-06-21 21:47:15.000,2020-05-24 22:00:00.375,330.9715,F5JW66Upzd,com.sec.android.app.shealth,e316a3b8-b431-4231-bbfe-eae48274ee61,1590364800000,
,8310df14-277b-41d3-b453-b154c9ec293f.extra_data.json,0.0,1920954,1569.0095,2020-06-07 21:33:01.884,2020-05-10 22:00:00.391,111.17005,F5JW66Upzd,com.sec.android.app.shealth,8310df14-277b-41d3-b453-b154c9ec293f,1589155200000,
,00bc5430-ed71-41d7-a526-67a7778d5dd1.extra_data.json,0.0,7866540,1458.5835,2020-06-29 21:35:03.348,2020-06-01 22:00:01.509,560.557,F5JW66Upzd,com.sec.android.app.shealth,00bc5430-ed71-41d7-a526-67a7778d5dd1,1591056000000,
,355e4815-683c-4672-bfe4-5b2cc9bc5aaf.extra_data.json,0.0,5793272,1497.0898,2020-06-14 21:54:03.472,2020-05-17 22:00:00.381,435.86566,F5JW66Upzd,com.sec.android.app.shealth,355e4815-683c-4672-bfe4-5b2cc9bc5aaf,1589760000000,
,bfc6bec3-1fd6-4386-a67e-572094ba7309.extra_data.json,0.0,6043269,1492.4467,2020-06-24 21:58:14.099,2020-05-27 22:00:00.477,355.4101,F5JW66Upzd,com.sec.android.app.shealth,bfc6bec3-1fd6-4386-a67e-572094ba7309,1590624000000,
,143da055-2fe9-4e03-adad-8e1d0818f15d.extra_data.json,0.0,4231907,1526.0889,2020-06-22 21:41:04.764,2020-05-25 22:00:00.454,244.67989,F5JW66Upzd,com.sec.android.app.shealth,143da055-2fe9-4e03-adad-8e1d0818f15d,1590451200000,
,ace3257f-3483-40f2-a65a-59324a3fd1a7.extra_data.json,0.0,4311847,1524.604,2020-06-13 15:55:02.234,2020-05-16 22:00:00.430,287.37347,F5JW66Upzd,com.sec.android.app.shealth,ace3257f-3483-40f2-a65a-59324a3fd1a7,1589673600000,
,bdb95002-e178-47da-b916-871cd1f85005.extra_data.json,0.0,3459553,1540.4335,2020-06-27 14:36:08.809,2020-05-30 22:35:01.027,312.70688,F5JW66Upzd,com.sec.android.app.shealth,bdb95002-e178-47da-b916-871cd1f85005,1590883200000,
,c0a0bdd9-a409-49d3-b7e2-879ee9dbb21a.extra_data.json,0.0,2272567,1562.4791,2020-06-28 19:44:54.665,2020-05-31 22:57:25.456,131.56998,F5JW66Upzd,com.sec.android.app.shealth,c0a0bdd9-a409-49d3-b7e2-879ee9dbb21a,1590969600000,
,6378dcee-1f82-4301-bfb1-aa2a21d5a068.extra_data.json,0.0,7675940,1462.1237,2020-06-30 21:51:36.070,2020-06-02 22:00:00.332,480.7974,F5JW66Upzd,com.sec.android.app.shealth,6378dcee-1f82-4301-bfb1-aa2a21d5a068,1591142400000,
,9128c594-cc0e-4487-8d20-c7b8a1543bda.extra_data.json,0.0,3038190,1548.2594,2020-06-20 16:25:31.550,2020-05-23 22:00:01.459,180.02002,F5JW66Upzd,com.sec.android.app.shealth,9128c594-cc0e-4487-8d20-c7b8a1543bda,1590278400000,
,4d5493cb-a759-4112-9c1e-e458ef1c21e8.extra_data.json,0.0,6507624,1483.8224,2020-07-05 21:37:14.580,2020-06-07 22:00:00.475,415.48953,F5JW66Upzd,com.sec.android.app.shealth,4d5493cb-a759-4112-9c1e-e458ef1c21e8,1591574400000,
,14711cb0-0262-43f9-a023-b6484ca1ce9f.extra_data.json,0.0,4694610,1517.4951,2020-07-03 20:28:43.630,2020-06-05 22:00:00.378,264.27017,F5JW66Upzd,com.sec.android.app.shealth,14711cb0-0262-43f9-a023-b6484ca1ce9f,1591401600000,
,70459492-ed4f-48c1-b016-031ed93f4b5b.extra_data.json,0.0,7439883,1466.5078,2020-07-06 21:52:07.660,2020-06-08 22:00:00.383,442.80325,F5JW66Upzd,com.sec.android.app.shealth,70459492-ed4f-48c1-b016-031ed93f4b5b,1591660800000,
,e23ed29f-f106-4734-9e41-4d60d09090e5.extra_data.json,0.0,5670852,1499.3636,2020-07-04 20:46:30.757,2020-06-06 22:00:00.479,326.66885,F5JW66Upzd,com.sec.android.app.shealth,e23ed29f-f106-4734-9e41-4d60d09090e5,1591488000000,
,f48ae68d-954a-4cd0-a99d-5383272c6489.extra_data.json,0.0,1664073,1573.7805,2020-06-26 21:31:23.267,2020-05-29 22:00:00.446,95.46001,F5JW66Upzd,com.sec.android.app.shealth,f48ae68d-954a-4cd0-a99d-5383272c6489,1590796800000,
,7b3f55f9-3bed-47c2-8058-52f2b55cab63.extra_data.json,0.0,2831208,1552.1036,2020-06-19 21:51:53.903,2020-05-22 22:00:01.431,164.17003,F5JW66Upzd,com.sec.android.app.shealth,7b3f55f9-3bed-47c2-8058-52f2b55cab63,1590192000000,
,39fef624-f22d-4af0-931d-7c12ea0328c1.extra_data.json,0.0,4622534,1518.8337,2020-07-11 21:29:53.596,2020-06-13 22:00:00.456,266.5199,F5JW66Upzd,com.sec.android.app.shealth,39fef624-f22d-4af0-931d-7c12ea0328c1,1592092800000,
,2cffef3b-9dd2-4813-8997-d4c46a4cf6d9.extra_data.json,0.0,4669374,1517.9637,2020-07-12 21:50:20.931,2020-06-14 22:00:00.379,423.64432,F5JW66Upzd,com.sec.android.app.shealth,2cffef3b-9dd2-4813-8997-d4c46a4cf6d9,1592179200000,
,8427c857-212f-42c4-be1e-8d1946f4ba4a.extra_data.json,0.0,7854376,1458.8094,2020-07-09 20:10:04.584,2020-06-11 22:00:00.432,622.2991,F5JW66Upzd,com.sec.android.app.shealth,8427c857-212f-42c4-be1e-8d1946f4ba4a,1591920000000,
,2bf5271e-f138-4a28-a2bc-fdc2778f5f0c.extra_data.json,0.0,7562822,1464.2244,2020-07-02 21:55:00.474,2020-06-04 22:00:00.309,487.94247,F5JW66Upzd,com.sec.android.app.shealth,2bf5271e-f138-4a28-a2bc-fdc2778f5f0c,1591315200000,
,37a8415b-007f-40c1-a647-7dc8cde9e823.extra_data.json,0.0,7231976,1470.3691,2020-06-25 19:35:01.714,2020-05-28 22:00:00.418,464.43875,F5JW66Upzd,com.sec.android.app.shealth,37a8415b-007f-40c1-a647-7dc8cde9e823,1590710400000,
,abbef27c-a301-4681-b2e9-be4af50be5a9.extra_data.json,0.0,7065621,1473.4587,2020-07-18 20:55:03.845,2020-06-20 22:00:00.437,484.15723,F5JW66Upzd,com.sec.android.app.shealth,abbef27c-a301-4681-b2e9-be4af50be5a9,1592697600000,
,29c5f0f4-664d-45fd-8120-5ca63f12d3cb.extra_data.json,0.0,7075447,1473.2764,2020-07-17 21:39:09.573,2020-06-19 22:00:00.442,417.76987,F5JW66Upzd,com.sec.android.app.shealth,29c5f0f4-664d-45fd-8120-5ca63f12d3cb,1592611200000,
,5c42c29c-b96b-466e-b4b3-b440687ec75e.extra_data.json,0.0,4419103,1522.6119,2020-07-10 21:47:48.455,2020-06-12 22:00:00.465,261.30988,F5JW66Upzd,com.sec.android.app.shealth,5c42c29c-b96b-466e-b4b3-b440687ec75e,1592006400000,
,d23363a4-72c2-446f-afc1-ed9cadee5bb8.extra_data.json,0.0,6137353,1490.6993,2020-07-15 21:35:02.310,2020-06-17 22:00:00.459,452.1407,F5JW66Upzd,com.sec.android.app.shealth,d23363a4-72c2-446f-afc1-ed9cadee5bb8,1592438400000,
,dfd0b15c-3436-4084-89b2-7679d8e7ce6b.extra_data.json,0.0,6474842,1484.4313,2020-07-08 21:35:01.815,2020-06-10 22:00:00.345,375.86008,F5JW66Upzd,com.sec.android.app.shealth,dfd0b15c-3436-4084-89b2-7679d8e7ce6b,1591833600000,
,23c484ee-93aa-49f9-959b-253f866ee096.extra_data.json,0.0,5815978,1496.6682,2020-07-16 21:42:53.910,2020-06-18 22:00:00.398,338.3499,F5JW66Upzd,com.sec.android.app.shealth,23c484ee-93aa-49f9-959b-253f866ee096,1592524800000,
,cc8111dd-557a-4d2f-b054-c78b32499d7f.extra_data.json,0.0,8819002,1440.8938,2020-07-24 21:32:08.940,2020-06-26 22:00:00.470,526.5735,F5JW66Upzd,com.sec.android.app.shealth,cc8111dd-557a-4d2f-b054-c78b32499d7f,1593216000000,
,d8fcdad7-2c3f-4d74-8496-da7cac51eda8.extra_data.json,0.0,3969069,1530.9703,2020-07-01 14:45:23.640,2020-06-03 22:00:00.432,228.429,F5JW66Upzd,com.sec.android.app.shealth,d8fcdad7-2c3f-4d74-8496-da7cac51eda8,1591228800000,
,8e698c26-e429-4d52-ae42-a05c180da722.extra_data.json,0.0,3206069,1545.1414,2020-07-14 21:15:02.747,2020-06-16 22:00:00.435,186.69998,F5JW66Upzd,com.sec.android.app.shealth,8e698c26-e429-4d52-ae42-a05c180da722,1592352000000,
,9460919b-e444-479b-a47e-4eb06c7aeac3.extra_data.json,0.0,5816173,1496.6646,2020-07-21 20:55:03.289,2020-06-23 22:00:00.431,367.9888,F5JW66Upzd,com.sec.android.app.shealth,9460919b-e444-479b-a47e-4eb06c7aeac3,1592956800000,
,d29cd259-e871-4a7e-bc73-364e9adb9163.extra_data.json,0.0,7151767,1471.8589,2020-07-23 20:32:04.277,2020-06-25 22:00:00.416,407.78784,F5JW66Upzd,com.sec.android.app.shealth,d29cd259-e871-4a7e-bc73-364e9adb9163,1593129600000,
,1f8e2fd5-266e-4311-abbc-e21f85d8eccc.extra_data.json,0.0,6823983,1477.9467,2020-07-22 20:35:01.705,2020-06-24 22:00:01.371,418.4899,F5JW66Upzd,com.sec.android.app.shealth,1f8e2fd5-266e-4311-abbc-e21f85d8eccc,1593043200000,
,7d9ad4a2-ff34-4033-acab-f79dc1b36ee3.extra_data.json,0.0,7673951,1462.1604,2020-07-07 21:53:07.367,2020-06-09 22:00:01.517,493.2486,F5JW66Upzd,com.sec.android.app.shealth,7d9ad4a2-ff34-4033-acab-f79dc1b36ee3,1591747200000,
,f2c1da0a-8169-4eb2-91f2-6ec1f592a7f4.extra_data.json,0.0,6545415,1483.1205,2020-07-30 21:31:19.486,2020-07-02 22:00:01.446,381.7599,F5JW66Upzd,com.sec.android.app.shealth,f2c1da0a-8169-4eb2-91f2-6ec1f592a7f4,1593734400000,
,914ffa8c-af33-47c0-be4b-373adc4d6a72.extra_data.json,0.0,6559072,1482.8668,2020-07-29 03:44:36.708,2020-07-01 22:00:01.428,400.26276,F5JW66Upzd,com.sec.android.app.shealth,914ffa8c-af33-47c0-be4b-373adc4d6a72,1593648000000,
,060f873f-f353-4692-b9d7-6d32df93f867.extra_data.json,0.0,10384604,1411.816,2020-07-27 19:03:47.769,2020-06-29 22:00:01.324,751.5797,F5JW66Upzd,com.sec.android.app.shealth,060f873f-f353-4692-b9d7-6d32df93f867,1593475200000,
,f436bed1-128a-4c38-aad8-23e5242e17c7.extra_data.json,0.0,9526193,1427.7593,2020-07-20 21:40:01.803,2020-06-22 22:00:03.624,674.6815,F5JW66Upzd,com.sec.android.app.shealth,f436bed1-128a-4c38-aad8-23e5242e17c7,1592870400000,
,ded99bfa-f53f-4a58-8a78-45689078de10.extra_data.json,0.0,6525566,1483.4891,2020-07-28 20:09:03.555,2020-06-30 22:00:00.441,445.80957,F5JW66Upzd,com.sec.android.app.shealth,ded99bfa-f53f-4a58-8a78-45689078de10,1593561600000,
,8caffadc-daff-4511-a0e1-5d855a4f6798.extra_data.json,0.0,3960833,1531.1234,2020-07-13 19:55:05.917,2020-06-15 22:00:00.459,244.19904,F5JW66Upzd,com.sec.android.app.shealth,8caffadc-daff-4511-a0e1-5d855a4f6798,1592265600000,
,fd3f259b-c8c5-4e24-a318-cd0846d23997.extra_data.json,0.0,9590974,1426.556,2020-08-05 21:17:51.487,2020-07-08 22:00:00.473,721.32825,F5JW66Upzd,com.sec.android.app.shealth,fd3f259b-c8c5-4e24-a318-cd0846d23997,1594252800000,
,e0661aa8-6364-4635-9636-c463813c7a84.extra_data.json,0.0,8241313,1451.623,2020-08-04 15:13:44.405,2020-07-07 22:00:00.379,551.94446,F5JW66Upzd,com.sec.android.app.shealth,e0661aa8-6364-4635-9636-c463813c7a84,1594166400000,
,317ef465-bee0-40e9-9121-d6a22e854134.extra_data.json,0.0,5602890,1500.6259,2020-08-02 16:50:50.091,2020-07-05 22:00:00.492,326.31998,F5JW66Upzd,com.sec.android.app.shealth,317ef465-bee0-40e9-9121-d6a22e854134,1593993600000,
,424a72fc-20f3-47e1-97d2-bc52621793a0.extra_data.json,0.0,6954986,1475.5137,2020-07-26 21:20:41.577,2020-06-28 22:00:01.404,619.9292,F5JW66Upzd,com.sec.android.app.shealth,424a72fc-20f3-47e1-97d2-bc52621793a0,1593388800000,
,2d52aed8-d3e7-480f-b843-979df2f20d67.extra_data.json,0.0,7792441,1459.9598,2020-08-03 21:03:48.775,2020-07-06 22:00:00.364,450.2,F5JW66Upzd,com.sec.android.app.shealth,2d52aed8-d3e7-480f-b843-979df2f20d67,1594080000000,
,83ae9879-6ff8-4f24-aa44-0a7cc69f394d.extra_data.json,0.0,9305254,1431.8627,2020-08-11 20:45:02.100,2020-07-14 22:00:00.400,646.18445,F5JW66Upzd,com.sec.android.app.shealth,83ae9879-6ff8-4f24-aa44-0a7cc69f394d,1594771200000,
,53a46f36-4595-46e8-b852-e04d17e350f1.extra_data.json,0.0,9454753,1429.086,2020-08-10 20:51:37.401,2020-07-13 22:00:00.483,698.4867,F5JW66Upzd,com.sec.android.app.shealth,53a46f36-4595-46e8-b852-e04d17e350f1,1594684800000,
,002ef4a2-4fea-4fc5-b82e-8289c17cc310.extra_data.json,0.0,6830957,1477.8171,2020-08-08 21:24:22.153,2020-07-11 22:00:00.451,412.7299,F5JW66Upzd,com.sec.android.app.shealth,002ef4a2-4fea-4fc5-b82e-8289c17cc310,1594512000000,
,fb8e3d26-3f6d-4963-99a8-dba39c5b61d1.extra_data.json,0.0,12336216,1375.5693,2020-08-17 20:47:16.376,2020-07-20 22:00:00.454,963.6277,F5JW66Upzd,com.sec.android.app.shealth,fb8e3d26-3f6d-4963-99a8-dba39c5b61d1,1595289600000,
,0b1efe26-3486-44a2-9b21-9f7a9a998937.extra_data.json,0.0,6760364,1479.1283,2020-08-09 19:35:03.418,2020-07-12 22:00:00.349,457.76703,F5JW66Upzd,com.sec.android.app.shealth,0b1efe26-3486-44a2-9b21-9f7a9a998937,1594598400000,
,1413d072-7603-42ae-b2d2-a207bbb7dd04.extra_data.json,0.0,7712869,1461.4376,2020-08-14 19:48:14.642,2020-07-17 22:00:00.313,519.56555,F5JW66Upzd,com.sec.android.app.shealth,1413d072-7603-42ae-b2d2-a207bbb7dd04,1595030400000,
,2356a033-b73b-470f-b43e-59f06fdf6892.extra_data.json,0.0,5659805,1499.5687,2020-07-19 21:15:04.121,2020-06-21 22:00:00.421,373.8443,F5JW66Upzd,com.sec.android.app.shealth,2356a033-b73b-470f-b43e-59f06fdf6892,1592784000000,
,dcaa37e7-938a-4428-b869-95cedaf22346.extra_data.json,0.0,7753404,1460.6847,2020-08-23 20:41:17.371,2020-07-26 22:00:00.375,496.39178,F5JW66Upzd,com.sec.android.app.shealth,dcaa37e7-938a-4428-b869-95cedaf22346,1595808000000,
,eccf80b9-f5c9-4e1a-a3c8-f528067fd4c2.extra_data.json,0.0,7241097,1470.1998,2020-08-16 20:59:53.734,2020-07-19 22:00:00.599,434.0201,F5JW66Upzd,com.sec.android.app.shealth,eccf80b9-f5c9-4e1a-a3c8-f528067fd4c2,1595203200000,
,245d18f6-2c41-463b-8ee8-6a561e044d87.extra_data.json,0.0,8213417,1452.1411,2020-08-01 18:17:46.030,2020-07-04 22:00:01.413,480.24017,F5JW66Upzd,com.sec.android.app.shealth,245d18f6-2c41-463b-8ee8-6a561e044d87,1593907200000,
,5c7af4d0-7124-4173-a139-773144394c50.extra_data.json,0.0,3551130,1538.7327,2020-07-25 21:21:06.406,2020-06-27 22:00:01.431,205.67,F5JW66Upzd,com.sec.android.app.shealth,5c7af4d0-7124-4173-a139-773144394c50,1593302400000,
,db8b2972-8d97-41e7-8bb9-f1e806c740ab.extra_data.json,0.0,7457094,1466.1881,2020-08-22 17:35:58.234,2020-07-25 22:00:00.419,506.74988,F5JW66Upzd,com.sec.android.app.shealth,db8b2972-8d97-41e7-8bb9-f1e806c740ab,1595721600000,
,7164e18b-ac0d-4625-ac86-cbac4ee91e31.extra_data.json,0.0,9077966,1436.084,2020-08-20 20:50:04.678,2020-07-23 22:00:01.365,750.45874,F5JW66Upzd,com.sec.android.app.shealth,7164e18b-ac0d-4625-ac86-cbac4ee91e31,1595548800000,
,e1ce7501-d285-4b59-a473-5da0574a28ff.extra_data.json,0.0,9113292,1435.4279,2020-08-15 20:51:03.836,2020-07-18 22:00:00.420,576.8243,F5JW66Upzd,com.sec.android.app.shealth,e1ce7501-d285-4b59-a473-5da0574a28ff,1595116800000,
,46054bd5-f31b-404f-9812-2f5e4e3c4217.extra_data.json,0.0,7701449,1461.6498,2020-08-07 19:34:29.183,2020-07-10 22:00:00.368,483.28265,F5JW66Upzd,com.sec.android.app.shealth,46054bd5-f31b-404f-9812-2f5e4e3c4217,1594425600000,
,7546c404-7598-47ca-8bcc-92df962dda37.extra_data.json,0.0,6135315,1490.7373,2020-08-28 15:14:47.509,2020-07-31 22:00:01.410,370.74997,F5JW66Upzd,com.sec.android.app.shealth,7546c404-7598-47ca-8bcc-92df962dda37,1596240000000,
,e8c5a86d-6146-4845-93f2-726c9040c9ac.extra_data.json,0.0,7881654,1458.3029,2020-08-29 20:55:04.289,2020-08-01 22:00:00.561,516.30273,F5JW66Upzd,com.sec.android.app.shealth,e8c5a86d-6146-4845-93f2-726c9040c9ac,1596326400000,
,65193c38-5f57-4b78-9484-048ea532441c.extra_data.json,0.0,8630830,1444.3885,2020-08-21 21:15:03.718,2020-07-24 22:00:00.358,575.2979,F5JW66Upzd,com.sec.android.app.shealth,65193c38-5f57-4b78-9484-048ea532441c,1595635200000,
,e62813c8-7d48-45b2-b8c8-b9b5904fca7d.extra_data.json,0.0,7688511,1461.89,2020-07-31 19:45:20.932,2020-07-03 22:00:00.415,477.86423,F5JW66Upzd,com.sec.android.app.shealth,e62813c8-7d48-45b2-b8c8-b9b5904fca7d,1593820800000,
,5bc55b89-615a-454c-8261-e58257c94e58.extra_data.json,0.0,6593021,1482.2363,2020-09-03 19:55:03.537,2020-08-06 22:00:00.437,437.69748,F5JW66Upzd,com.sec.android.app.shealth,5bc55b89-615a-454c-8261-e58257c94e58,1596758400000,
,669e2e3e-5d5a-4038-b1c7-1a11e5caa64d.extra_data.json,0.0,8985966,1437.7927,2020-08-27 19:25:21.638,2020-07-30 22:00:01.411,613.9087,F5JW66Upzd,com.sec.android.app.shealth,669e2e3e-5d5a-4038-b1c7-1a11e5caa64d,1596153600000,
,132bab1a-7428-47f0-bcb3-358af76fa583.extra_data.json,0.0,5337134,1505.5616,2020-09-04 20:55:04.821,2020-08-07 22:00:00.469,313.80002,F5JW66Upzd,com.sec.android.app.shealth,132bab1a-7428-47f0-bcb3-358af76fa583,1596844800000,
,e595abf0-3e9e-4be4-b3f1-baae169fdf5b.extra_data.json,0.0,8241254,1451.624,2020-08-26 19:55:03.427,2020-07-29 22:00:00.465,550.8015,F5JW66Upzd,com.sec.android.app.shealth,e595abf0-3e9e-4be4-b3f1-baae169fdf5b,1596067200000,
,3bf9becb-79e1-4645-bd11-1f91adb64c93.extra_data.json,0.0,6220389,1489.1571,2020-08-06 21:14:50.493,2020-07-09 22:00:00.500,392.26846,F5JW66Upzd,com.sec.android.app.shealth,3bf9becb-79e1-4645-bd11-1f91adb64c93,1594339200000,
,7edfa118-bdaf-4029-ae0a-f405db9ba12f.extra_data.json,0.0,5902220,1495.0663,2020-09-09 20:17:36.250,2020-08-12 22:00:01.470,358.37006,F5JW66Upzd,com.sec.android.app.shealth,7edfa118-bdaf-4029-ae0a-f405db9ba12f,1597276800000,
,e995fa18-ab5d-49cd-9e47-ef5a9df82b7d.extra_data.json,0.0,6224952,1489.0724,2020-08-13 21:01:35.445,2020-07-16 22:00:00.408,364.05002,F5JW66Upzd,com.sec.android.app.shealth,e995fa18-ab5d-49cd-9e47-ef5a9df82b7d,1594944000000,
,f42c3347-26f1-4838-811f-7fbe97b3f4f1.extra_data.json,0.0,6701594,1480.2198,2020-09-10 13:08:25.655,2020-08-13 22:00:00.611,393.78006,F5JW66Upzd,com.sec.android.app.shealth,f42c3347-26f1-4838-811f-7fbe97b3f4f1,1597363200000,
,6e090f72-f168-49a3-89ea-db37f5def1de.extra_data.json,0.0,10682951,1406.275,2020-09-01 18:55:04.819,2020-08-04 22:00:00.414,794.4938,F5JW66Upzd,com.sec.android.app.shealth,6e090f72-f168-49a3-89ea-db37f5def1de,1596585600000,
,88cc69e5-5d45-434f-9348-1b60e4eb2897.extra_data.json,0.0,6645752,1481.257,2020-09-02 19:37:52.381,2020-08-05 22:00:01.537,445.17188,F5JW66Upzd,com.sec.android.app.shealth,88cc69e5-5d45-434f-9348-1b60e4eb2897,1596672000000,
,3bf4cf3e-5a13-41a3-b9ba-3d3f0f0c787b.extra_data.json,0.0,7654795,1462.5164,2020-08-12 21:03:48.947,2020-07-15 22:00:00.441,460.31006,F5JW66Upzd,com.sec.android.app.shealth,3bf4cf3e-5a13-41a3-b9ba-3d3f0f0c787b,1594857600000,
,c5566a9e-8171-4c86-bc19-ed385f836783.extra_data.json,0.0,8202201,1452.3495,2020-09-10 13:08:25.691,2020-08-18 22:00:01.390,587.8679,F5JW66Upzd,com.sec.android.app.shealth,c5566a9e-8171-4c86-bc19-ed385f836783,1597795200000,
,8c7bcd0f-bdfe-4b1e-a10e-54879e2d322a.extra_data.json,0.0,6391405,1485.9808,2020-08-19 20:56:27.366,2020-07-22 22:00:00.470,460.34222,F5JW66Upzd,com.sec.android.app.shealth,8c7bcd0f-bdfe-4b1e-a10e-54879e2d322a,1595462400000,
,9ae573be-4e2a-4f6b-8dea-a590e55866fa.extra_data.json,0.0,5978362,1493.6523,2020-09-07 18:55:04.547,2020-08-10 22:34:13.514,348.9399,F5JW66Upzd,com.sec.android.app.shealth,9ae573be-4e2a-4f6b-8dea-a590e55866fa,1597104000000,
,1dc8dcc8-0718-4d26-9925-d47d82cd6055.extra_data.json,0.0,6179771,1489.9116,2020-08-18 20:49:53.454,2020-07-21 22:00:01.439,392.2097,F5JW66Upzd,com.sec.android.app.shealth,1dc8dcc8-0718-4d26-9925-d47d82cd6055,1595376000000,
,612b7ddf-59d8-4c2d-aeba-827bb8a6ae06.extra_data.json,0.0,6975905,1475.1251,2020-09-10 13:08:25.697,2020-08-19 22:00:01.556,456.7373,F5JW66Upzd,com.sec.android.app.shealth,612b7ddf-59d8-4c2d-aeba-827bb8a6ae06,1597881600000,
,0e1256b1-9d91-4174-85c7-e4bf9763c60f.extra_data.json,0.0,8759481,1441.9991,2020-09-08 14:15:04.064,2020-08-11 22:00:00.388,619.73193,F5JW66Upzd,com.sec.android.app.shealth,0e1256b1-9d91-4174-85c7-e4bf9763c60f,1597190400000,
,429a0c3f-f82d-4fa1-8262-f293e2ee84bc.extra_data.json,0.0,6489011,1484.1681,2020-08-25 19:29:38.396,2020-07-28 22:00:00.560,400.10004,F5JW66Upzd,com.sec.android.app.shealth,429a0c3f-f82d-4fa1-8262-f293e2ee84bc,1595980800000,
,60cc9599-c226-4511-be15-77b525404891.extra_data.json,0.0,6584543,1482.3938,2020-08-24 14:35:04.639,2020-07-27 22:00:00.374,382.2101,F5JW66Upzd,com.sec.android.app.shealth,60cc9599-c226-4511-be15-77b525404891,1595894400000,
,185faa1e-6a15-4eab-b19c-88b3c09b8994.extra_data.json,0.0,7880682,1458.3209,2020-09-22 21:55:03.236,2020-08-25 22:00:01.597,559.3328,F5JW66Upzd,com.sec.android.app.shealth,185faa1e-6a15-4eab-b19c-88b3c09b8994,1598400000000,
,2f4b7149-fd3e-4806-b81b-e744ea055fa1.extra_data.json,0.0,6169221,1490.1074,2020-09-10 13:08:25.680,2020-08-16 22:00:01.552,366.8299,F5JW66Upzd,com.sec.android.app.shealth,2f4b7149-fd3e-4806-b81b-e744ea055fa1,1597622400000,
,0aa8c52b-c6a6-4549-a641-4757a660741d.extra_data.json,0.0,8541053,1446.0559,2020-09-21 20:55:04.106,2020-08-24 22:00:00.593,684.50696,F5JW66Upzd,com.sec.android.app.shealth,0aa8c52b-c6a6-4549-a641-4757a660741d,1598313600000,
,b71052be-dfdb-4e0d-a8d4-2c65e634416e.extra_data.json,0.0,4519865,1520.7406,2020-08-31 20:24:12.506,2020-08-03 22:00:00.542,265.22998,F5JW66Upzd,com.sec.android.app.shealth,b71052be-dfdb-4e0d-a8d4-2c65e634416e,1596499200000,
,d853b7f4-01e1-4cc9-9278-30dbe9f4e5a5.extra_data.json,0.0,4625990,1518.7695,2020-09-10 13:08:25.686,2020-08-17 22:00:01.347,272.47015,F5JW66Upzd,com.sec.android.app.shealth,d853b7f4-01e1-4cc9-9278-30dbe9f4e5a5,1597708800000,
,37cf19b4-f9d9-4eb5-bc3c-72cb2199b49c.extra_data.json,0.0,4812069,1515.3135,2020-08-30 20:28:42.120,2020-08-02 22:00:00.584,297.40994,F5JW66Upzd,com.sec.android.app.shealth,37cf19b4-f9d9-4eb5-bc3c-72cb2199b49c,1596412800000,
,59333af2-7571-424d-bc2d-7a893c2fc2c4.extra_data.json,0.0,4781977,1515.8724,2020-09-28 19:15:06.501,2020-08-31 22:00:00.531,280.81992,F5JW66Upzd,com.sec.android.app.shealth,59333af2-7571-424d-bc2d-7a893c2fc2c4,1598918400000,
,98ffa970-36c5-4dc7-b342-e8bde64668e6.extra_data.json,0.0,7711063,1461.4712,2020-09-06 20:01:40.705,2020-08-09 22:00:00.420,525.24524,F5JW66Upzd,com.sec.android.app.shealth,98ffa970-36c5-4dc7-b342-e8bde64668e6,1597017600000,
,2702b544-aca8-4605-8cec-8a6c7dd9bd6d.extra_data.json,0.0,6281454,1488.023,2020-09-20 20:55:05.016,2020-08-23 22:00:00.362,376.67,F5JW66Upzd,com.sec.android.app.shealth,2702b544-aca8-4605-8cec-8a6c7dd9bd6d,1598227200000,
,3be40581-19b9-4051-9c7f-99af66ab75c3.extra_data.json,0.0,3523697,1539.2422,2020-09-19 20:35:09.618,2020-08-22 22:00:00.404,214.36996,F5JW66Upzd,com.sec.android.app.shealth,3be40581-19b9-4051-9c7f-99af66ab75c3,1598140800000,
,5fa3fb57-aa82-4f74-b204-321ab447f078.extra_data.json,0.0,6457090,1484.761,2020-09-27 21:35:04.656,2020-08-30 22:00:01.516,539.4916,F5JW66Upzd,com.sec.android.app.shealth,5fa3fb57-aa82-4f74-b204-321ab447f078,1598832000000,
,8449664e-8585-4b89-bc67-b70bc02abbe3.extra_data.json,0.0,6991615,1474.8334,2020-09-10 13:08:25.677,2020-08-15 22:00:00.502,409.24014,F5JW66Upzd,com.sec.android.app.shealth,8449664e-8585-4b89-bc67-b70bc02abbe3,1597536000000,
,c92ad711-2dbd-42d0-a10e-f96893166dbd.extra_data.json,0.0,5366409,1505.018,2020-10-04 09:12:36.312,2020-09-06 22:00:00.495,334.22302,F5JW66Upzd,com.sec.android.app.shealth,c92ad711-2dbd-42d0-a10e-f96893166dbd,1599436800000,
,926e838f-3b2d-4a9f-8e57-49e4a7c70491.extra_data.json,0.0,3434138,1540.9055,2020-09-26 20:29:29.620,2020-08-29 22:00:00.553,206.90999,F5JW66Upzd,com.sec.android.app.shealth,926e838f-3b2d-4a9f-8e57-49e4a7c70491,1598745600000,
,748aed97-009e-4e22-aa42-7097fc1efeb5.extra_data.json,0.0,8353829,1449.5332,2020-09-05 20:04:54.083,2020-08-08 22:00:00.392,543.80237,F5JW66Upzd,com.sec.android.app.shealth,748aed97-009e-4e22-aa42-7097fc1efeb5,1596931200000,
,423f039f-5ec1-4841-b14e-130917ff5d36.extra_data.json,0.0,6001840,1493.2162,2020-10-03 20:55:05.876,2020-09-05 22:00:00.557,547.9219,F5JW66Upzd,com.sec.android.app.shealth,423f039f-5ec1-4841-b14e-130917ff5d36,1599350400000,
,6a303379-3f7e-4f58-8bf7-7151d3082a56.extra_data.json,0.0,5134810,1509.3193,2020-09-25 20:15:05.777,2020-08-28 22:00:01.578,305.28995,F5JW66Upzd,com.sec.android.app.shealth,6a303379-3f7e-4f58-8bf7-7151d3082a56,1598659200000,
,1a636bcc-f131-4f80-bcc8-a1b3146f14d4.extra_data.json,0.0,8721569,1442.7034,2020-09-10 13:08:25.670,2020-08-15 03:43:21.244,579.16064,F5JW66Upzd,com.sec.android.app.shealth,1a636bcc-f131-4f80-bcc8-a1b3146f14d4,1597449600000,
,7bc70b5c-6d60-46f2-a8c7-65c2b753b5f8.extra_data.json,0.0,7237080,1470.2744,2020-10-02 20:55:03.729,2020-09-04 22:00:03.516,448.87064,F5JW66Upzd,com.sec.android.app.shealth,7bc70b5c-6d60-46f2-a8c7-65c2b753b5f8,1599264000000,
,f93fab9b-174f-4443-834d-935351f38962.extra_data.json,0.0,5961923,1493.9576,2020-10-09 18:20:16.169,2020-09-11 21:00:00.610,360.3299,F5JW66Upzd,com.sec.android.app.shealth,f93fab9b-174f-4443-834d-935351f38962,1599868800000,
,529332e7-1e65-45fa-92a9-ace3dcac2b4d.extra_data.json,0.0,5564277,1501.3429,2020-10-01 19:55:05.125,2020-09-03 22:00:00.427,370.8172,F5JW66Upzd,com.sec.android.app.shealth,529332e7-1e65-45fa-92a9-ace3dcac2b4d,1599177600000,
,690550b6-dea8-427b-9d95-605fc17427a3.extra_data.json,0.0,5197529,1508.1545,2020-09-17 09:48:43.964,2020-08-21 22:00:00.392,323.09006,F5JW66Upzd,com.sec.android.app.shealth,690550b6-dea8-427b-9d95-605fc17427a3,1598054400000,
,70a06de8-1d31-4c65-b3dd-d454b274304c.extra_data.json,0.0,3487251,1539.9191,2020-10-10 21:34:53.591,2020-09-12 21:00:00.357,209.64005,F5JW66Upzd,com.sec.android.app.shealth,70a06de8-1d31-4c65-b3dd-d454b274304c,1599955200000,
,205f837a-f1e4-4beb-865c-187cf1e62fba.extra_data.json,0.0,3930968,1531.678,2020-10-08 15:55:04.416,2020-09-10 21:00:00.429,236.08008,F5JW66Upzd,com.sec.android.app.shealth,205f837a-f1e4-4beb-865c-187cf1e62fba,1599782400000,
,ca218802-721f-4864-9f1d-273d9c2d6b1f.extra_data.json,0.0,3608732,1537.6627,2020-10-15 20:15:05.233,2020-09-17 22:00:01.474,210.21,F5JW66Upzd,com.sec.android.app.shealth,ca218802-721f-4864-9f1d-273d9c2d6b1f,1600387200000,
,e5bedd3e-cf63-496e-b35c-f6623efe2a93.extra_data.json,0.0,5318131,1505.9147,2020-10-14 20:15:02.056,2020-09-16 21:00:00.469,315.49994,F5JW66Upzd,com.sec.android.app.shealth,e5bedd3e-cf63-496e-b35c-f6623efe2a93,1600300800000,
,6dc9a302-dc22-4962-a405-0a3d70d140ca.extra_data.json,0.0,6867355,1477.1412,2020-09-17 09:48:43.943,2020-08-20 22:00:01.465,482.274,F5JW66Upzd,com.sec.android.app.shealth,6dc9a302-dc22-4962-a405-0a3d70d140ca,1597968000000,
,738f5679-cf66-42d9-883f-f65afc5196fd.extra_data.json,0.0,3111705,1546.894,2020-09-24 21:15:02.975,2020-08-27 22:00:01.625,179.03995,F5JW66Upzd,com.sec.android.app.shealth,738f5679-cf66-42d9-883f-f65afc5196fd,1598572800000,
,2261cd95-51b8-4611-91d1-39bd96bdfc18.extra_data.json,0.0,5766282,1497.5912,2020-10-07 19:35:05.721,2020-09-09 22:00:00.565,405.077,F5JW66Upzd,com.sec.android.app.shealth,2261cd95-51b8-4611-91d1-39bd96bdfc18,1599696000000,
,d53e39cb-2946-4b9a-9a81-06c5fa7ddc4c.extra_data.json,0.0,3683691,1536.2708,2020-10-15 20:15:05.258,2020-09-18 22:00:00.506,213.43997,F5JW66Upzd,com.sec.android.app.shealth,d53e39cb-2946-4b9a-9a81-06c5fa7ddc4c,1600473600000,
,8197d051-7338-4395-b4c4-434a9402d71a.extra_data.json,0.0,5405671,1504.2887,2020-10-15 20:15:05.344,2020-09-22 22:00:00.493,331.05997,F5JW66Upzd,com.sec.android.app.shealth,8197d051-7338-4395-b4c4-434a9402d71a,1600819200000,
,c07d55ed-dac1-4bb8-b34c-1c22ceff7663.extra_data.json,0.0,5822378,1496.5493,2020-10-15 20:15:05.358,2020-09-23 22:00:00.702,337.55023,F5JW66Upzd,com.sec.android.app.shealth,c07d55ed-dac1-4bb8-b34c-1c22ceff7663,1600905600000,
,668e27ab-b0a7-4ea8-8c7f-94338cfa09bd.extra_data.json,0.0,4117981,1528.2046,2020-10-13 19:51:54.619,2020-09-15 21:00:00.516,251.09995,F5JW66Upzd,com.sec.android.app.shealth,668e27ab-b0a7-4ea8-8c7f-94338cfa09bd,1600214400000,
,c4e6c10d-6173-430f-8d4c-90869d80b0b6.extra_data.json,0.0,5175678,1508.5603,2020-09-30 19:11:46.542,2020-09-02 22:00:00.506,397.69537,F5JW66Upzd,com.sec.android.app.shealth,c4e6c10d-6173-430f-8d4c-90869d80b0b6,1599091200000,
,42b6b40d-81b1-410b-b710-7177cc7a0a50.extra_data.json,0.0,3697413,1536.0157,2020-10-15 20:15:05.428,2020-09-28 22:00:01.654,213.73001,F5JW66Upzd,com.sec.android.app.shealth,42b6b40d-81b1-410b-b710-7177cc7a0a50,1601337600000,
,3f82adc3-3eb5-47f8-8395-0c721806bce1.extra_data.json,0.0,6945163,1475.6962,2020-09-23 20:15:05.744,2020-08-26 22:00:00.323,449.02087,F5JW66Upzd,com.sec.android.app.shealth,3f82adc3-3eb5-47f8-8395-0c721806bce1,1598486400000,
,f1c53329-e344-4f43-b313-ae486502a37e.extra_data.json,0.0,3670504,1536.5155,2020-10-15 20:15:05.382,2020-09-24 22:00:00.640,213.43996,F5JW66Upzd,com.sec.android.app.shealth,f1c53329-e344-4f43-b313-ae486502a37e,1600992000000,
,352a31ef-e73e-46a9-ad2e-4e569d5f706f.extra_data.json,0.0,4486487,1521.3605,2020-10-15 20:15:05.440,2020-09-29 22:00:00.529,263.13992,F5JW66Upzd,com.sec.android.app.shealth,352a31ef-e73e-46a9-ad2e-4e569d5f706f,1601424000000,
,d22b04bd-955a-4ddf-ba19-a1865e2879de.extra_data.json,0.0,9178834,1434.2107,2020-10-06 21:13:09.090,2020-09-08 22:00:00.524,620.9264,F5JW66Upzd,com.sec.android.app.shealth,d22b04bd-955a-4ddf-ba19-a1865e2879de,1599609600000,
,2d6c392e-c266-44a6-a370-98b252ff1cf6.extra_data.json,0.0,8101646,1454.2169,2020-10-15 20:15:05.320,2020-09-21 22:00:00.442,513.2616,F5JW66Upzd,com.sec.android.app.shealth,2d6c392e-c266-44a6-a370-98b252ff1cf6,1600732800000,
,b3231d71-ed8c-4285-a605-4a106f89e19a.extra_data.json,0.0,6094285,1491.4991,2020-10-15 20:15:05.447,2020-09-30 22:00:01.554,356.61,F5JW66Upzd,com.sec.android.app.shealth,b3231d71-ed8c-4285-a605-4a106f89e19a,1601510400000,
,dd041560-29f6-4b21-826e-8ee3bcacdd7f.extra_data.json,0.0,5641647,1499.906,2020-09-29 06:55:05.865,2020-09-01 22:00:00.551,329.40002,F5JW66Upzd,com.sec.android.app.shealth,dd041560-29f6-4b21-826e-8ee3bcacdd7f,1599004800000,
,645e9bfe-e3c2-46eb-954f-054af5c62ef2.extra_data.json,0.0,4419939,1522.5966,2020-10-12 19:02:47.658,2020-09-14 21:00:00.504,265.94992,F5JW66Upzd,com.sec.android.app.shealth,645e9bfe-e3c2-46eb-954f-054af5c62ef2,1600128000000,
,d9f4fa9f-8c3e-48a6-858e-7849b77ff193.extra_data.json,0.0,4850247,1514.6045,2020-10-15 20:15:05.484,2020-10-04 22:00:01.651,295.68585,F5JW66Upzd,com.sec.android.app.shealth,d9f4fa9f-8c3e-48a6-858e-7849b77ff193,1601856000000,
,54b56e99-ddb0-492a-a56c-c94698ca5ee1.extra_data.json,0.0,4911252,1513.4716,2020-10-15 20:15:05.496,2020-10-05 22:00:01.668,281.88004,F5JW66Upzd,com.sec.android.app.shealth,54b56e99-ddb0-492a-a56c-c94698ca5ee1,1601942400000,
,12b71af6-d7f7-443b-843a-8bc179d4ae3e.extra_data.json,0.0,5848200,1496.0697,2020-10-15 20:15:05.425,2020-09-27 22:00:00.405,371.42834,F5JW66Upzd,com.sec.android.app.shealth,12b71af6-d7f7-443b-843a-8bc179d4ae3e,1601251200000,
,775ac0ce-29a0-466f-8147-cb71de6761d4.extra_data.json,0.0,5181981,1508.4432,2020-10-05 19:57:29.680,2020-09-07 22:00:00.452,324.63705,F5JW66Upzd,com.sec.android.app.shealth,775ac0ce-29a0-466f-8147-cb71de6761d4,1599523200000,
,c8de34fa-6968-4fd6-aed3-87a2d789744d.extra_data.json,0.0,4475543,1521.5637,2020-10-15 20:15:05.536,2020-10-11 22:00:01.524,258.25,F5JW66Upzd,com.sec.android.app.shealth,c8de34fa-6968-4fd6-aed3-87a2d789744d,1602460800000,
,ef5dbf55-2721-4d4c-a23e-3034d2a8f726.extra_data.json,0.0,3848486,1533.21,2020-10-15 20:15:05.498,2020-10-06 22:00:01.533,222.26999,F5JW66Upzd,com.sec.android.app.shealth,ef5dbf55-2721-4d4c-a23e-3034d2a8f726,1602028800000,
,e41ab0fb-e05e-48b8-ae8d-30e86e7df70f.extra_data.json,0.0,6348991,1486.7687,2020-10-15 20:15:05.296,2020-09-20 22:00:00.547,398.7388,F5JW66Upzd,com.sec.android.app.shealth,e41ab0fb-e05e-48b8-ae8d-30e86e7df70f,1600646400000,
,295e43a4-309c-4f35-9633-e40a0e048ca3.extra_data.json,0.0,4140869,1527.7795,2020-10-15 20:15:05.522,2020-10-10 22:00:00.433,242.52995,F5JW66Upzd,com.sec.android.app.shealth,295e43a4-309c-4f35-9633-e40a0e048ca3,1602374400000,
,f2a502b3-3458-4d74-8382-46ca4397c65b.extra_data.json,0.0,2242394,1563.0396,2020-11-14 17:57:15.883,2020-10-17 22:00:00.615,129.66997,F5JW66Upzd,com.sec.android.app.shealth,f2a502b3-3458-4d74-8382-46ca4397c65b,1602979200000,
,5a9027ac-2133-42fa-8a47-74e92ed388e3.extra_data.json,0.0,5995319,1493.3373,2020-10-15 20:15:05.479,2020-10-03 22:00:00.536,594.085,F5JW66Upzd,com.sec.android.app.shealth,5a9027ac-2133-42fa-8a47-74e92ed388e3,1601769600000,
,683f8520-87f3-4a84-898e-5277f68b3c2f.extra_data.json,0.0,5645585,1499.8329,2020-10-11 19:57:11.366,2020-09-13 21:00:01.589,338.92014,F5JW66Upzd,com.sec.android.app.shealth,683f8520-87f3-4a84-898e-5277f68b3c2f,1600041600000,
,967bc5a3-3f98-4163-92a7-5ce96f2ea63d.extra_data.json,0.0,3423608,1541.1011,2020-10-15 20:15:05.404,2020-09-26 22:00:01.587,198.48001,F5JW66Upzd,com.sec.android.app.shealth,967bc5a3-3f98-4163-92a7-5ce96f2ea63d,1601164800000,
,32b3a74a-3c4b-4fb1-af86-2f99b18f266b.extra_data.json,0.0,2175258,1564.2865,2020-10-15 20:15:05.538,2020-10-12 22:33:39.252,125.829994,F5JW66Upzd,com.sec.android.app.shealth,32b3a74a-3c4b-4fb1-af86-2f99b18f266b,1602547200000,
,70526a36-f1ad-45b7-93dd-9c5872f55de7.extra_data.json,0.0,2666516,1555.1625,2020-11-13 20:55:04.456,2020-10-16 22:00:00.535,157.59999,F5JW66Upzd,com.sec.android.app.shealth,70526a36-f1ad-45b7-93dd-9c5872f55de7,1602892800000,
,fcdf6953-8df6-43dc-a520-4eaca31adf48.extra_data.json,0.0,2529811,1557.7014,2020-11-20 22:14:20.052,2020-10-23 23:45:58.912,150.42,F5JW66Upzd,com.sec.android.app.shealth,fcdf6953-8df6-43dc-a520-4eaca31adf48,1603497600000,
,1a967603-5316-4953-96b1-add26557b9e7.extra_data.json,0.0,3994842,1530.4917,2020-10-15 20:15:05.517,2020-10-09 22:00:01.586,231.58,F5JW66Upzd,com.sec.android.app.shealth,1a967603-5316-4953-96b1-add26557b9e7,1602288000000,
,98c55b5c-068a-455f-820b-4c3be1d6aeda.extra_data.json,0.0,5425448,1503.9214,2020-10-15 20:15:05.473,2020-10-02 22:00:00.487,308.39,F5JW66Upzd,com.sec.android.app.shealth,98c55b5c-068a-455f-820b-4c3be1d6aeda,1601683200000,
,a8d52b18-b1de-4b95-ae94-0edcf044076b.extra_data.json,0.0,4646614,1518.3865,2020-10-15 20:15:05.283,2020-09-19 22:00:00.465,283.97992,F5JW66Upzd,com.sec.android.app.shealth,a8d52b18-b1de-4b95-ae94-0edcf044076b,1600560000000,
,d4f449b8-534a-4096-8358-b1530429d2ab.extra_data.json,0.0,4340656,1524.069,2020-11-19 20:55:04.083,2020-10-22 22:00:00.481,252.58998,F5JW66Upzd,com.sec.android.app.shealth,d4f449b8-534a-4096-8358-b1530429d2ab,1603411200000,
,2b8e23b8-3333-461a-9d51-49a911f5a9b3.extra_data.json,0.0,2273683,1562.4585,2020-11-15 22:52:50.644,2020-10-18 22:00:00.398,134.04004,F5JW66Upzd,com.sec.android.app.shealth,2b8e23b8-3333-461a-9d51-49a911f5a9b3,1603065600000,
,3557b868-62ec-41ae-b0bd-502883c06f4b.extra_data.json,0.0,3208787,1545.091,2020-11-26 21:35:04.296,2020-10-29 23:00:02.446,190.47998,F5JW66Upzd,com.sec.android.app.shealth,3557b868-62ec-41ae-b0bd-502883c06f4b,1604016000000,
,477827ed-69b2-4285-9ac3-625fff7c755b.extra_data.json,0.0,5389206,1504.5945,2020-10-15 20:15:05.393,2020-09-25 22:00:01.043,310.82,F5JW66Upzd,com.sec.android.app.shealth,477827ed-69b2-4285-9ac3-625fff7c755b,1601078400000,
,219d89dc-35a6-49e1-9983-3827c38115d7.extra_data.json,0.0,3963014,1531.0828,2020-11-12 20:44:16.089,2020-10-15 22:00:01.602,233.01999,F5JW66Upzd,com.sec.android.app.shealth,219d89dc-35a6-49e1-9983-3827c38115d7,1602806400000,
,0fd7b2a6-2f90-4d80-9d88-9b338a42906b.extra_data.json,0.0,6241365,1488.7675,2020-10-15 20:15:05.512,2020-10-08 22:00:00.629,409.79697,F5JW66Upzd,com.sec.android.app.shealth,0fd7b2a6-2f90-4d80-9d88-9b338a42906b,1602201600000,
,e97f475c-4d35-41d5-b013-47cd4a950c9d.extra_data.json,0.0,1160520,1583.1329,2020-12-02 21:09:14.256,2020-11-04 23:00:01.652,67.98999,F5JW66Upzd,com.sec.android.app.shealth,e97f475c-4d35-41d5-b013-47cd4a950c9d,1604534400000,
,dea484d1-baff-43fc-91e7-4357c4fd5ad0.extra_data.json,0.0,5926197,1494.6211,2020-10-15 20:15:05.471,2020-10-01 22:00:00.557,398.6283,F5JW66Upzd,com.sec.android.app.shealth,dea484d1-baff-43fc-91e7-4357c4fd5ad0,1601596800000,
,4de8d807-dfa2-451f-bf3c-8e00a232cc3d.extra_data.json,0.0,4802947,1515.483,2020-11-25 22:52:08.411,2020-10-28 23:00:01.491,280.18997,F5JW66Upzd,com.sec.android.app.shealth,4de8d807-dfa2-451f-bf3c-8e00a232cc3d,1603929600000,
,a247023b-32d5-4d77-adea-166e3c8d5b75.extra_data.json,0.0,2858672,1551.5935,2020-11-18 19:06:35.900,2020-10-21 22:00:00.481,167.36003,F5JW66Upzd,com.sec.android.app.shealth,a247023b-32d5-4d77-adea-166e3c8d5b75,1603324800000,
,d3054617-3180-43ae-b65f-c7eb1928cbce.extra_data.json,0.0,299078,1599.1322,2020-12-08 21:35:02.554,2020-11-10 23:00:01.497,18.519999,F5JW66Upzd,com.sec.android.app.shealth,d3054617-3180-43ae-b65f-c7eb1928cbce,1605052800000,
,435d10b9-8002-4b5e-964e-3287de093dd7.extra_data.json,0.0,497582,1595.4454,2020-11-21 21:01:49.234,2020-10-24 22:00:01.646,29.599998,F5JW66Upzd,com.sec.android.app.shealth,435d10b9-8002-4b5e-964e-3287de093dd7,1603584000000,
,4ac16ba1-1d51-487c-876a-30babab34ba2.extra_data.json,0.0,4592273,1519.3958,2020-11-11 22:55:07.647,2020-10-14 22:00:00.528,265.93988,F5JW66Upzd,com.sec.android.app.shealth,4ac16ba1-1d51-487c-876a-30babab34ba2,1602720000000,
,2873d37b-d8bc-4576-95c4-07738a0676b8.extra_data.json,0.0,1253810,1581.4003,2020-12-01 21:15:05.280,2020-11-03 23:00:00.672,75.68001,F5JW66Upzd,com.sec.android.app.shealth,2873d37b-d8bc-4576-95c4-07738a0676b8,1604448000000,
,631f5247-92b6-45b2-b3ca-9fcac250e55c.extra_data.json,0.0,3771615,1534.6376,2020-11-24 20:58:14.047,2020-10-27 23:00:00.554,226.14,F5JW66Upzd,com.sec.android.app.shealth,631f5247-92b6-45b2-b3ca-9fcac250e55c,1603843200000,
,7d72e958-0f6b-45b8-bcb4-e1c63a8c4b00.extra_data.json,0.0,4235120,1526.029,2020-12-14 21:18:34.597,2020-11-16 23:00:01.156,253.26004,F5JW66Upzd,com.sec.android.app.shealth,7d72e958-0f6b-45b8-bcb4-e1c63a8c4b00,1605571200000,
,4d8b1da7-30fc-41aa-b7b9-96b94c0f5368.extra_data.json,0.0,5445594,1503.5472,2020-10-15 20:15:05.506,2020-10-07 22:00:00.599,378.80423,F5JW66Upzd,com.sec.android.app.shealth,4d8b1da7-30fc-41aa-b7b9-96b94c0f5368,1602115200000,
,28f0e05c-617d-4f83-b48f-13d5a4b25e23.extra_data.json,0.0,3683941,1536.266,2020-11-27 18:09:14.039,2020-10-30 23:00:00.621,218.86005,F5JW66Upzd,com.sec.android.app.shealth,28f0e05c-617d-4f83-b48f-13d5a4b25e23,1604102400000,
,15835a19-2139-4eff-8646-daeaf4b47eea.extra_data.json,0.0,159813,1601.7188,2020-12-07 21:15:05.597,2020-11-09 23:00:02.427,8.39,F5JW66Upzd,com.sec.android.app.shealth,15835a19-2139-4eff-8646-daeaf4b47eea,1604966400000,
,dc52a345-d4ca-4e0b-84d9-820a93c69858.extra_data.json,0.0,1608804,1574.8071,2020-11-17 21:15:05.325,2020-10-20 22:00:00.493,93.680016,F5JW66Upzd,com.sec.android.app.shealth,dc52a345-d4ca-4e0b-84d9-820a93c69858,1603238400000,
,4eadfcf8-700a-4d48-8bd7-7b7cbdb45fb7.extra_data.json,0.0,4422568,1522.5476,2020-12-20 21:11:14.498,2020-11-22 23:00:01.604,264.67004,F5JW66Upzd,com.sec.android.app.shealth,4eadfcf8-700a-4d48-8bd7-7b7cbdb45fb7,1606089600000,
,d395fb2e-5131-4487-a4b6-6b30b2e9d702.extra_data.json,0.0,2010915,1567.3387,2020-11-30 21:05:55.354,2020-11-03 00:01:38.671,118.73002,F5JW66Upzd,com.sec.android.app.shealth,d395fb2e-5131-4487-a4b6-6b30b2e9d702,1604361600000,
,f3841df9-3737-41ea-8519-6376240a88e2.extra_data.json,0.0,5939492,1494.3743,2020-11-23 20:47:26.273,2020-10-26 23:00:00.495,349.99988,F5JW66Upzd,com.sec.android.app.shealth,f3841df9-3737-41ea-8519-6376240a88e2,1603756800000,
,e9b327ba-7535-4283-935c-74bc80e251ae.extra_data.json,0.0,4680089,1517.7648,2020-11-10 21:14:41.085,2020-10-13 22:00:00.600,277.82,F5JW66Upzd,com.sec.android.app.shealth,e9b327ba-7535-4283-935c-74bc80e251ae,1602633600000,
,0dbff2eb-bed4-4418-898c-ca7a0befcd85.extra_data.json,0.0,1356796,1579.4874,2020-12-13 18:30:05.436,2020-11-15 23:00:00.525,83.68,F5JW66Upzd,com.sec.android.app.shealth,0dbff2eb-bed4-4418-898c-ca7a0befcd85,1605484800000,
,b058b45e-5f7d-4944-a476-1e3a00d9c228.extra_data.json,0.0,0,1604.687,2020-12-03 21:23:11.133,2020-11-05 23:00:00.564,0.0,F5JW66Upzd,com.sec.android.app.shealth,b058b45e-5f7d-4944-a476-1e3a00d9c228,1604620800000,
,8addfd66-294a-49e8-8434-0e5a24b92a5b.extra_data.json,0.0,661526,1592.4005,2020-12-26 21:40:39.712,2020-11-28 23:00:00.439,38.69,F5JW66Upzd,com.sec.android.app.shealth,8addfd66-294a-49e8-8434-0e5a24b92a5b,1606608000000,
,b98113fb-e17b-4b5d-bca9-6db224b8d32b.extra_data.json,0.0,406061,1597.1453,2020-12-09 21:15:02.405,2020-11-11 23:00:01.522,26.059998,F5JW66Upzd,com.sec.android.app.shealth,b98113fb-e17b-4b5d-bca9-6db224b8d32b,1605139200000,
,deb47d0c-b8a4-4505-a0c8-9e1105769043.extra_data.json,0.0,1947580,1568.5149,2020-11-16 22:50:21.082,2020-10-19 22:00:00.407,112.340004,F5JW66Upzd,com.sec.android.app.shealth,deb47d0c-b8a4-4505-a0c8-9e1105769043,1603152000000,
,a5cb5fdb-c40e-4d4f-b34b-9b0174e7eac2.extra_data.json,0.0,6447099,1484.9465,2020-12-19 22:11:11.491,2020-11-21 23:00:01.565,636.94324,F5JW66Upzd,com.sec.android.app.shealth,a5cb5fdb-c40e-4d4f-b34b-9b0174e7eac2,1606003200000,
,6de598a5-2477-4e48-8e57-d5c28edf9b36.extra_data.json,0.0,12673,1604.4517,2020-12-06 21:06:33.214,2020-11-08 23:00:00.568,0.71000004,F5JW66Upzd,com.sec.android.app.shealth,6de598a5-2477-4e48-8e57-d5c28edf9b36,1604880000000,
,3e009706-730e-4f5e-90c5-6e7701b7ac68.extra_data.json,0.0,4558935,1520.0149,2020-11-29 21:06:55.760,2020-11-01 23:00:00.583,280.97992,F5JW66Upzd,com.sec.android.app.shealth,3e009706-730e-4f5e-90c5-6e7701b7ac68,1604275200000,
,7f27ceae-c427-4c7b-bf92-bb95cf67e4be.extra_data.json,0.0,5767782,1492.2653,2021-01-01 21:35:07.198,2020-12-04 23:00:00.611,342.05,F5JW66Upzd,com.sec.android.app.shealth,7f27ceae-c427-4c7b-bf92-bb95cf67e4be,1607126400000,
,9dbf6cf6-7349-48e7-afb6-4e5613d782c2.extra_data.json,0.0,3568622,1538.4077,2020-12-25 21:35:04.540,2020-11-27 23:00:00.605,202.43001,F5JW66Upzd,com.sec.android.app.shealth,9dbf6cf6-7349-48e7-afb6-4e5613d782c2,1606521600000,
,f07a4cbf-74e6-43c9-9e93-bf148bb7856d.extra_data.json,0.0,5150238,1509.0327,2020-12-15 21:35:02.237,2020-11-17 23:00:00.549,560.2043,F5JW66Upzd,com.sec.android.app.shealth,f07a4cbf-74e6-43c9-9e93-bf148bb7856d,1605657600000,
,77b18755-03cb-4101-bb47-0b2a97d205f8.extra_data.json,0.0,4162964,1527.3693,2020-11-22 22:44:16.348,2020-10-25 23:00:00.576,248.53001,F5JW66Upzd,com.sec.android.app.shealth,77b18755-03cb-4101-bb47-0b2a97d205f8,1603670400000,
,b592acb2-561c-487b-9445-b406a801424e.extra_data.json,0.0,4335871,1524.1578,2020-12-31 22:00:24.807,2020-12-03 23:00:00.591,253.86005,F5JW66Upzd,com.sec.android.app.shealth,b592acb2-561c-487b-9445-b406a801424e,1607040000000,
,08ccd8fc-5ad9-4d77-8468-940d877434c5.extra_data.json,0.0,6684386,1475.3018,2021-01-07 20:35:06.199,2020-12-10 23:00:01.661,559.8575,F5JW66Upzd,com.sec.android.app.shealth,08ccd8fc-5ad9-4d77-8468-940d877434c5,1607644800000,
,9b449c09-88b1-48e6-9d6c-e87aa8d36b9e.extra_data.json,0.0,7732155,1461.0795,2020-12-12 22:13:45.987,2020-11-14 23:00:00.580,758.1727,F5JW66Upzd,com.sec.android.app.shealth,9b449c09-88b1-48e6-9d6c-e87aa8d36b9e,1605398400000,
,c9b38e6e-8a10-4e2b-9297-cea9660bc7a8.extra_data.json,0.0,3399136,1541.5557,2020-12-21 21:17:40.017,2020-11-23 23:00:00.691,209.51703,F5JW66Upzd,com.sec.android.app.shealth,c9b38e6e-8a10-4e2b-9297-cea9660bc7a8,1606176000000,
,a04f9c56-18e4-4a2f-aaa4-1fcafb8594ed.extra_data.json,0.0,0,1604.687,2020-12-05 20:15:06.796,2020-11-07 23:00:01.629,0.0,F5JW66Upzd,com.sec.android.app.shealth,a04f9c56-18e4-4a2f-aaa4-1fcafb8594ed,1604793600000,
,bec5b8c8-4a12-4093-b78f-8038ae173683.extra_data.json,0.0,6735691,1474.3522,2021-01-06 22:46:12.986,2020-12-09 23:00:00.554,510.20715,F5JW66Upzd,com.sec.android.app.shealth,bec5b8c8-4a12-4093-b78f-8038ae173683,1607558400000,
,ebb81bb3-521f-42eb-97f3-a9977349cb1a.extra_data.json,0.0,10138340,1411.3793,2021-01-13 21:38:04.976,2020-12-16 23:00:00.542,661.4523,F5JW66Upzd,com.sec.android.app.shealth,ebb81bb3-521f-42eb-97f3-a9977349cb1a,1608163200000,
,a4a0da26-aa39-4717-b197-4d7bb2d5d193.extra_data.json,0.0,6693979,1480.3613,2020-12-18 20:03:11.478,2020-11-20 23:00:01.653,507.0376,F5JW66Upzd,com.sec.android.app.shealth,a4a0da26-aa39-4717-b197-4d7bb2d5d193,1605916800000,
,2c115b35-5b71-4849-b294-b9cb2cba190f.extra_data.json,0.0,4659572,1518.1459,2020-11-28 21:35:03.664,2020-10-31 23:00:00.720,275.19,F5JW66Upzd,com.sec.android.app.shealth,2c115b35-5b71-4849-b294-b9cb2cba190f,1604188800000,
,3a1e370e-5c56-4374-a994-a78bfc300151.extra_data.json,0.0,3655178,1536.8003,2020-12-24 21:35:03.969,2020-11-26 23:00:00.768,212.12004,F5JW66Upzd,com.sec.android.app.shealth,3a1e370e-5c56-4374-a994-a78bfc300151,1606435200000,
,6901cc0f-168b-4fea-8dad-4205deb68dc1.extra_data.json,0.0,2984611,1549.2545,2020-12-27 20:44:31.795,2020-11-29 23:00:00.527,173.20996,F5JW66Upzd,com.sec.android.app.shealth,6901cc0f-168b-4fea-8dad-4205deb68dc1,1606694400000,
,ec6329b7-0810-4f49-a945-d16a6b36f98c.extra_data.json,0.0,4111248,1528.3297,2020-12-11 20:58:19.040,2020-11-13 23:00:01.549,243.28998,F5JW66Upzd,com.sec.android.app.shealth,ec6329b7-0810-4f49-a945-d16a6b36f98c,1605312000000,
,9965b8cd-d853-490b-bee4-883b435abc62.extra_data.json,0.0,3899357,1526.8444,2021-01-19 06:16:16.596,2020-12-22 23:00:00.577,228.31999,F5JW66Upzd,com.sec.android.app.shealth,9965b8cd-d853-490b-bee4-883b435abc62,1608681600000,
,254fc744-6669-4590-9e84-9a12e183c9e4.extra_data.json,0.0,0,1604.687,2020-12-04 21:02:41.027,2020-11-06 23:00:01.629,0.0,F5JW66Upzd,com.sec.android.app.shealth,254fc744-6669-4590-9e84-9a12e183c9e4,1604707200000,
,85bc3218-10a5-4f2b-a47e-873aab9941aa.extra_data.json,0.0,2906703,1545.2155,2021-01-02 22:35:06.024,2020-12-05 23:00:00.555,167.21996,F5JW66Upzd,com.sec.android.app.shealth,85bc3218-10a5-4f2b-a47e-873aab9941aa,1607212800000,
,ec6676cf-387e-4b74-a29f-16a230bfa454.extra_data.json,0.0,6012055,1493.0265,2020-12-30 21:30:30.989,2020-12-02 23:00:00.479,404.73,F5JW66Upzd,com.sec.android.app.shealth,ec6676cf-387e-4b74-a29f-16a230bfa454,1606953600000,
,575bfe42-48c4-43ee-be0c-177a43089998.extra_data.json,0.0,7738326,1455.7963,2021-01-12 12:10:35.795,2020-12-15 23:00:00.437,619.6328,F5JW66Upzd,com.sec.android.app.shealth,575bfe42-48c4-43ee-be0c-177a43089998,1608076800000,
,a5c9bbfb-6687-4669-937f-a46ee895da40.extra_data.json,0.0,221840,1600.5668,2020-12-10 21:18:10.809,2020-11-12 23:00:00.537,14.06,F5JW66Upzd,com.sec.android.app.shealth,a5c9bbfb-6687-4669-937f-a46ee895da40,1605225600000,
,82ffd717-1fbf-4f96-a02e-6c2f455a0858.extra_data.json,0.0,5264677,1506.9073,2020-12-17 17:23:49.023,2020-11-19 23:00:01.481,425.92346,F5JW66Upzd,com.sec.android.app.shealth,82ffd717-1fbf-4f96-a02e-6c2f455a0858,1605830400000,
,7d102026-93ce-4432-ba16-c61cbf46f79b.extra_data.json,0.0,4855243,1509.1538,2021-01-18 13:49:49.999,2020-12-21 23:00:00.517,285.49,F5JW66Upzd,com.sec.android.app.shealth,7d102026-93ce-4432-ba16-c61cbf46f79b,1608595200000,
,c30c6013-5115-4f6e-8067-3e1846980070.extra_data.json,0.0,8405559,1443.4478,2021-01-08 21:10:01.041,2020-12-11 23:00:00.548,652.7204,F5JW66Upzd,com.sec.android.app.shealth,c30c6013-5115-4f6e-8067-3e1846980070,1607731200000,
,e9e6ea47-a2b3-4c7a-9c3a-a955fb851c32.extra_data.json,0.0,3695064,1530.6252,2021-01-25 20:34:46.532,2020-12-28 23:00:00.516,218.35095,F5JW66Upzd,com.sec.android.app.shealth,e9e6ea47-a2b3-4c7a-9c3a-a955fb851c32,1609200000000,
,85ad68c6-4b72-4019-b1d7-3e19a2504b7c.extra_data.json,0.0,4469208,1516.2981,2021-01-05 21:35:03.658,2020-12-08 23:00:00.472,265.68008,F5JW66Upzd,com.sec.android.app.shealth,85ad68c6-4b72-4019-b1d7-3e19a2504b7c,1607472000000,
,51312bfc-a7dc-4191-ba5d-c44d6655a288.extra_data.json,0.0,1860198,1570.138,2020-12-16 21:15:03.492,2020-11-18 23:00:00.495,106.600006,F5JW66Upzd,com.sec.android.app.shealth,51312bfc-a7dc-4191-ba5d-c44d6655a288,1605744000000,
,7639b281-a449-4c2c-85dd-befe4b9948d6.extra_data.json,0.0,4601837,1519.218,2020-12-23 21:35:04.796,2020-11-25 23:00:00.573,351.76538,F5JW66Upzd,com.sec.android.app.shealth,7639b281-a449-4c2c-85dd-befe4b9948d6,1606348800000,
,e12be628-43f8-49bf-81fd-cb78ddce44c7.extra_data.json,0.0,7165438,1466.3988,2021-01-24 19:36:31.291,2020-12-27 23:00:00.638,466.1394,F5JW66Upzd,com.sec.android.app.shealth,e12be628-43f8-49bf-81fd-cb78ddce44c7,1609113600000,
,b34ddc48-c3dd-4c51-b635-1a09e63d4fa1.extra_data.json,0.0,1481262,1577.1758,2020-12-22 21:47:09.130,2020-11-24 23:00:01.614,89.52,F5JW66Upzd,com.sec.android.app.shealth,b34ddc48-c3dd-4c51-b635-1a09e63d4fa1,1606262400000,
,34dba3f0-73c0-4721-8b48-03852086d922.extra_data.json,0.0,7633808,1457.7307,2021-01-14 21:26:46.050,2020-12-17 23:00:00.411,583.99713,F5JW66Upzd,com.sec.android.app.shealth,34dba3f0-73c0-4721-8b48-03852086d922,1608249600000,
,97eb88a8-f3bb-4864-a3ef-31847b86328b.extra_data.json,0.0,3399154,1541.5553,2020-12-29 21:25:11.900,2020-12-01 23:00:00.562,205.37009,F5JW66Upzd,com.sec.android.app.shealth,97eb88a8-f3bb-4864-a3ef-31847b86328b,1606867200000,
,76a99d6a-f6d1-4599-8965-d510b2868016.extra_data.json,0.0,6614982,1476.586,2021-01-11 21:35:04.078,2020-12-14 23:00:00.487,384.61005,F5JW66Upzd,com.sec.android.app.shealth,76a99d6a-f6d1-4599-8965-d510b2868016,1607990400000,
,fbb0575a-b170-4f17-ad86-6527fde3df29.extra_data.json,0.0,4389674,1517.7701,2021-01-31 06:48:05.827,2021-01-03 23:00:00.488,254.12994,F5JW66Upzd,com.sec.android.app.shealth,fbb0575a-b170-4f17-ad86-6527fde3df29,1609718400000,
,3b01b39e-3dff-456e-98e2-24b4a990aecb.extra_data.json,0.0,2765403,1547.8306,2021-01-30 10:24:41.774,2021-01-02 23:00:00.548,163.99005,F5JW66Upzd,com.sec.android.app.shealth,3b01b39e-3dff-456e-98e2-24b4a990aecb,1609632000000,
,498b8808-da8b-4cad-ac12-77fcb848cc92.extra_data.json,0.0,4143608,1527.7288,2020-12-28 21:28:21.083,2020-11-30 23:00:00.453,255.92,F5JW66Upzd,com.sec.android.app.shealth,498b8808-da8b-4cad-ac12-77fcb848cc92,1606780800000,
,094dde19-3232-4356-ac14-4304d6314460.extra_data.json,0.0,3597310,1532.4343,2021-01-20 15:31:21.176,2020-12-23 23:00:00.612,205.27998,F5JW66Upzd,com.sec.android.app.shealth,094dde19-3232-4356-ac14-4304d6314460,1608768000000,
,37b8c118-d126-4815-87f4-6bb6189e5749.extra_data.json,0.0,5879248,1490.2024,2021-01-17 08:33:22.474,2020-12-20 23:00:00.686,389.03494,F5JW66Upzd,com.sec.android.app.shealth,37b8c118-d126-4815-87f4-6bb6189e5749,1608508800000,
,9ce3650c-f05a-456c-a559-52943874f8eb.extra_data.json,0.0,4688053,1512.2479,2021-01-04 21:15:04.465,2020-12-07 23:00:01.631,299.97696,F5JW66Upzd,com.sec.android.app.shealth,9ce3650c-f05a-456c-a559-52943874f8eb,1607385600000,
,60811d2d-0f6f-481e-9331-6208adc1087b.extra_data.json,0.0,2424096,1554.1471,2021-02-06 22:05:32.595,2021-01-09 23:00:00.628,140.87004,F5JW66Upzd,com.sec.android.app.shealth,60811d2d-0f6f-481e-9331-6208adc1087b,1610236800000,
,1c146184-4a9c-4657-9839-add45432cdc3.extra_data.json,0.0,5719360,1493.1615,2021-01-03 21:01:13.036,2020-12-06 23:00:00.563,340.15012,F5JW66Upzd,com.sec.android.app.shealth,1c146184-4a9c-4657-9839-add45432cdc3,1607299200000,
,f0e04cc2-feae-4db8-9312-9499c54d77cf.extra_data.json,0.0,4561929,1514.5822,2021-01-10 21:22:18.608,2020-12-13 23:00:00.491,264.07993,F5JW66Upzd,com.sec.android.app.shealth,f0e04cc2-feae-4db8-9312-9499c54d77cf,1607904000000,
,93f50d41-8a56-4a08-a3f9-af27b924964d.extra_data.json,0.0,4853042,1509.1945,2021-02-05 21:12:20.291,2021-01-08 23:00:00.659,289.55994,F5JW66Upzd,com.sec.android.app.shealth,93f50d41-8a56-4a08-a3f9-af27b924964d,1610150400000,
,2a67e004-a0e5-4636-8665-8f0fd2ea0743.extra_data.json,0.0,6185722,1484.5305,2021-01-26 08:45:53.881,2020-12-29 23:00:00.572,515.3859,F5JW66Upzd,com.sec.android.app.shealth,2a67e004-a0e5-4636-8665-8f0fd2ea0743,1609286400000,
,062feea7-bbeb-4c0b-af7c-7d1586407876.extra_data.json,0.0,989418,1580.6989,2021-02-12 21:10:31.126,2021-01-15 23:00:00.529,61.040012,F5JW66Upzd,com.sec.android.app.shealth,062feea7-bbeb-4c0b-af7c-7d1586407876,1610755200000,
,eed7ba3d-a623-4a7e-91fd-580848144aed.extra_data.json,0.0,1797232,1565.7485,2021-01-23 20:39:56.271,2020-12-26 23:00:00.548,102.43,F5JW66Upzd,com.sec.android.app.shealth,eed7ba3d-a623-4a7e-91fd-580848144aed,1609027200000,
,34922b80-d260-4e8c-a027-8e7e03816d9f.extra_data.json,0.0,2697159,1549.0935,2021-01-09 21:15:02.191,2020-12-12 23:00:00.360,171.39716,F5JW66Upzd,com.sec.android.app.shealth,34922b80-d260-4e8c-a027-8e7e03816d9f,1607817600000,
,de27b3f9-89b7-4f05-93ad-213dc27eb195.extra_data.json,0.0,7033282,1468.8447,2021-02-01 21:55:06.279,2021-01-04 23:00:01.577,488.5584,F5JW66Upzd,com.sec.android.app.shealth,de27b3f9-89b7-4f05-93ad-213dc27eb195,1609804800000,
,b6efcde3-a082-4f89-bdd7-a26526d037be.extra_data.json,0.0,5532612,1496.6177,2021-02-11 21:50:04.340,2021-01-14 23:00:00.508,393.32626,F5JW66Upzd,com.sec.android.app.shealth,b6efcde3-a082-4f89-bdd7-a26526d037be,1610668800000,
,33529670-357a-4df6-8505-b1cc3ae5a165.extra_data.json,0.0,2892620,1545.4761,2021-02-18 22:11:40.070,2021-01-21 23:00:00.490,164.42003,F5JW66Upzd,com.sec.android.app.shealth,33529670-357a-4df6-8505-b1cc3ae5a165,1611273600000,
,8cb33dcf-52fb-4ba2-984b-ce3f57bad63b.extra_data.json,0.0,5969916,1488.5243,2021-02-07 21:24:43.159,2021-01-10 23:00:00.522,346.31906,F5JW66Upzd,com.sec.android.app.shealth,8cb33dcf-52fb-4ba2-984b-ce3f57bad63b,1610323200000,
,0a41892e-4573-4002-9716-91de92558bf7.extra_data.json,0.0,3389148,1536.2867,2021-02-17 19:44:04.071,2021-01-20 23:00:00.704,195.47005,F5JW66Upzd,com.sec.android.app.shealth,0a41892e-4573-4002-9716-91de92558bf7,1611187200000,
,5627e009-ee1c-4f4c-b759-33cd7b0ef8a5.extra_data.json,0.0,2467689,1553.3403,2021-01-16 14:40:07.561,2020-12-19 23:00:00.490,144.22997,F5JW66Upzd,com.sec.android.app.shealth,5627e009-ee1c-4f4c-b759-33cd7b0ef8a5,1608422400000,
,34323b6e-10c3-4609-a7db-c601fc91b178.extra_data.json,0.0,7722765,1456.0842,2021-01-15 21:42:52.126,2020-12-18 23:00:01.651,465.51318,F5JW66Upzd,com.sec.android.app.shealth,34323b6e-10c3-4609-a7db-c601fc91b178,1608336000000,
,e1284115-7621-4145-acae-fe92274247ab.extra_data.json,0.0,7812444,1454.4246,2021-02-23 21:24:46.393,2021-01-26 23:00:00.538,581.81036,F5JW66Upzd,com.sec.android.app.shealth,e1284115-7621-4145-acae-fe92274247ab,1611705600000,
,2699af65-4711-4d41-ae71-69ebeadb4f05.extra_data.json,0.0,2302849,1556.3911,2021-02-13 21:35:02.539,2021-01-16 23:00:00.502,170.74655,F5JW66Upzd,com.sec.android.app.shealth,2699af65-4711-4d41-ae71-69ebeadb4f05,1610841600000,
,597efc19-0306-4cf2-92c1-b5c77e2fe6bb.extra_data.json,0.0,5851430,1490.7172,2021-01-29 22:51:36.698,2021-01-01 23:00:01.516,338.59,F5JW66Upzd,com.sec.android.app.shealth,597efc19-0306-4cf2-92c1-b5c77e2fe6bb,1609545600000,
,04287fa1-82d1-4e08-b904-571b85c5c023.extra_data.json,0.0,5106432,1504.505,2021-02-24 21:35:05.335,2021-01-27 23:00:00.603,328.79767,F5JW66Upzd,com.sec.android.app.shealth,04287fa1-82d1-4e08-b904-571b85c5c023,1611792000000,
,3fc40494-5f74-4b11-9197-7b4dba27f791.extra_data.json,0.0,2288913,1556.6489,2021-01-21 19:00:53.228,2020-12-24 23:00:00.488,130.32997,F5JW66Upzd,com.sec.android.app.shealth,3fc40494-5f74-4b11-9197-7b4dba27f791,1608854400000,
,880501f0-7d62-4dfa-abcd-a5bea0d2c884.extra_data.json,0.0,7037474,1468.7671,2021-01-22 13:46:39.545,2020-12-25 23:00:00.608,606.37463,F5JW66Upzd,com.sec.android.app.shealth,880501f0-7d62-4dfa-abcd-a5bea0d2c884,1608940800000,
,1b93ffc8-c1f5-45bb-827f-aec9c6500628.extra_data.json,0.0,4083570,1523.4352,2021-02-04 21:12:36.534,2021-01-07 23:36:23.679,234.28003,F5JW66Upzd,com.sec.android.app.shealth,1b93ffc8-c1f5-45bb-827f-aec9c6500628,1610064000000,
,b114e0d4-bad7-4246-9013-72be1fdb52f8.extra_data.json,0.0,5571267,1495.9023,2021-03-02 21:35:03.875,2021-02-02 23:00:03.794,332.34995,F5JW66Upzd,com.sec.android.app.shealth,b114e0d4-bad7-4246-9013-72be1fdb52f8,1612310400000,
,af4d3783-a39e-46bf-8784-bef41551b26e.extra_data.json,0.0,3097994,1541.6753,2021-02-19 21:08:36.302,2021-01-22 23:00:01.711,177.70996,F5JW66Upzd,com.sec.android.app.shealth,af4d3783-a39e-46bf-8784-bef41551b26e,1611360000000,
,8061b11b-ee03-47fc-8581-84e7304ce608.extra_data.json,0.0,4487551,1515.9586,2021-03-01 22:12:43.660,2021-02-01 23:00:00.732,279.87997,F5JW66Upzd,com.sec.android.app.shealth,8061b11b-ee03-47fc-8581-84e7304ce608,1612224000000,
,227523b5-8ba4-4dd6-a824-e2db436a44ee.extra_data.json,0.0,4677160,1512.4496,2021-02-10 21:11:26.333,2021-01-13 23:00:01.559,309.61743,F5JW66Upzd,com.sec.android.app.shealth,227523b5-8ba4-4dd6-a824-e2db436a44ee,1610582400000,
,b63f8831-2af6-4d45-897d-ccb81e8cb562.extra_data.json,0.0,7918374,1452.4641,2021-01-27 20:51:22.310,2020-12-30 23:00:00.535,629.3108,F5JW66Upzd,com.sec.android.app.shealth,b63f8831-2af6-4d45-897d-ccb81e8cb562,1609372800000,
,519ff002-e10e-4187-9ece-3934c4209d72.extra_data.json,0.0,3293192,1538.0627,2021-03-08 19:55:03.351,2021-02-08 23:00:01.122,187.53001,F5JW66Upzd,com.sec.android.app.shealth,519ff002-e10e-4187-9ece-3934c4209d72,1612828800000,
,f5ee2292-19a3-433d-91f5-5bc075baceea.extra_data.json,0.0,3683529,1530.8387,2021-01-28 15:36:22.966,2020-12-31 23:51:31.569,265.25403,F5JW66Upzd,com.sec.android.app.shealth,f5ee2292-19a3-433d-91f5-5bc075baceea,1609459200000,
,d036643e-4056-4c0b-9555-cd06250c0367.extra_data.json,0.0,6684781,1475.2943,2021-03-07 20:55:03.466,2021-02-07 23:00:00.597,473.65884,F5JW66Upzd,com.sec.android.app.shealth,d036643e-4056-4c0b-9555-cd06250c0367,1612742400000,
,3e4f6e3a-97fe-4f5d-9e8f-e9452cce2361.extra_data.json,0.0,4168804,1521.8578,2021-02-16 22:49:44.230,2021-01-19 23:00:00.608,249.05998,F5JW66Upzd,com.sec.android.app.shealth,3e4f6e3a-97fe-4f5d-9e8f-e9452cce2361,1611100800000,
,7df88bf8-446c-4e7a-bc5d-946bb5c52e52.extra_data.json,0.0,7927043,1452.3038,2021-02-25 21:29:30.980,2021-01-28 23:00:00.721,571.0841,F5JW66Upzd,com.sec.android.app.shealth,7df88bf8-446c-4e7a-bc5d-946bb5c52e52,1611878400000,
,f7b47361-ac28-47c7-83eb-fb26471eb008.extra_data.json,0.0,3502317,1534.1924,2021-02-03 21:55:04.128,2021-01-06 23:00:00.584,202.80994,F5JW66Upzd,com.sec.android.app.shealth,f7b47361-ac28-47c7-83eb-fb26471eb008,1609977600000,
,82310416-363b-4835-a456-b1dbcaf583e4.extra_data.json,0.0,3077491,1542.0548,2021-03-13 21:16:11.233,2021-02-13 23:00:00.522,248.0632,F5JW66Upzd,com.sec.android.app.shealth,82310416-363b-4835-a456-b1dbcaf583e4,1613260800000,
,ddf8fa6e-c2a1-4379-82aa-177bc530fe0e.extra_data.json,0.0,3426992,1535.5864,2021-02-02 21:53:44.611,2021-01-05 23:00:00.519,194.72997,F5JW66Upzd,com.sec.android.app.shealth,ddf8fa6e-c2a1-4379-82aa-177bc530fe0e,1609891200000,
,f378d65d-641f-4877-95dc-e8b7a8b56090.extra_data.json,0.0,6984967,1469.7388,2021-03-14 22:17:44.437,2021-02-14 23:00:00.587,413.4032,F5JW66Upzd,com.sec.android.app.shealth,f378d65d-641f-4877-95dc-e8b7a8b56090,1613347200000,
,8d9f6292-c5eb-4538-9e4e-d79cbede022b.extra_data.json,0.0,7756014,1455.469,2021-02-22 21:04:27.439,2021-01-25 23:00:00.525,473.7301,F5JW66Upzd,com.sec.android.app.shealth,8d9f6292-c5eb-4538-9e4e-d79cbede022b,1611619200000,
,e1323d44-6be5-4945-8c51-8b7e258bd11b.extra_data.json,0.0,3541419,1533.4688,2021-02-09 21:35:05.227,2021-01-12 23:00:00.522,203.20998,F5JW66Upzd,com.sec.android.app.shealth,e1323d44-6be5-4945-8c51-8b7e258bd11b,1610496000000,
,9e211811-8fd2-4b2b-b6d8-2997ab354719.extra_data.json,0.0,5275610,1501.374,2021-02-08 14:28:52.317,2021-01-11 23:00:00.563,315.11105,F5JW66Upzd,com.sec.android.app.shealth,9e211811-8fd2-4b2b-b6d8-2997ab354719,1610409600000,
,c6928645-3dcf-478f-a777-ec3cf8f6a365.extra_data.json,0.0,4575198,1514.3365,2021-03-03 22:51:00.259,2021-02-03 23:00:00.741,278.049,F5JW66Upzd,com.sec.android.app.shealth,c6928645-3dcf-478f-a777-ec3cf8f6a365,1612396800000,
,79ba49db-fc37-4121-8f88-dae9f18f8d3e.extra_data.json,0.0,5073104,1505.1218,2021-02-28 21:35:02.657,2021-01-31 23:00:01.612,291.67896,F5JW66Upzd,com.sec.android.app.shealth,79ba49db-fc37-4121-8f88-dae9f18f8d3e,1612137600000,
,9d82777b-f9e3-443e-a839-017a5dfc2847.extra_data.json,0.0,3505638,1534.1309,2021-03-09 21:15:05.575,2021-02-09 23:00:00.878,204.31996,F5JW66Upzd,com.sec.android.app.shealth,9d82777b-f9e3-443e-a839-017a5dfc2847,1612915200000,
,227097e6-9582-4f5b-bc36-ff40aef06201.extra_data.json,0.0,4126488,1522.6409,2021-02-14 21:55:02.178,2021-01-17 23:00:01.545,247.45001,F5JW66Upzd,com.sec.android.app.shealth,227097e6-9582-4f5b-bc36-ff40aef06201,1610928000000,
,880b1a37-e60e-4309-a64d-d497efdce82e.extra_data.json,0.0,2503263,1552.682,2021-02-15 21:34:56.348,2021-01-18 23:00:00.612,145.15,F5JW66Upzd,com.sec.android.app.shealth,880b1a37-e60e-4309-a64d-d497efdce82e,1611014400000,
,ca1cefd3-9151-469c-ac56-b95deecd9150.extra_data.json,0.0,11956442,1377.7314,2021-03-17 20:16:35.999,2021-02-19 23:00:00.674,890.4305,F5JW66Upzd,com.sec.android.app.shealth,ca1cefd3-9151-469c-ac56-b95deecd9150,1613779200000,
,94d9a053-067d-4b38-b9d8-3807c795def2.extra_data.json,0.0,4872694,1508.8307,2021-03-15 22:18:05.563,2021-02-15 23:00:00.578,285.31006,F5JW66Upzd,com.sec.android.app.shealth,94d9a053-067d-4b38-b9d8-3807c795def2,1613433600000,
,05f61930-9b5b-4f32-a7d3-32d692901d18.extra_data.json,0.0,1822476,1565.2812,2021-02-20 21:53:48.679,2021-01-23 23:00:00.481,103.35001,F5JW66Upzd,com.sec.android.app.shealth,05f61930-9b5b-4f32-a7d3-32d692901d18,1611446400000,
,8308dc72-40d7-4d0a-8dd3-5db3f503ae53.extra_data.json,0.0,2412768,1554.3568,2021-03-06 21:35:04.338,2021-02-06 23:00:00.558,137.721,F5JW66Upzd,com.sec.android.app.shealth,8308dc72-40d7-4d0a-8dd3-5db3f503ae53,1612656000000,
,cc1cc2d2-8b8f-4c32-a79e-b698e6695afe.extra_data.json,0.0,3777216,1529.1049,2021-03-17 20:16:36.096,2021-02-20 23:00:00.476,227.46004,F5JW66Upzd,com.sec.android.app.shealth,cc1cc2d2-8b8f-4c32-a79e-b698e6695afe,1613865600000,
,14acfded-6a09-4653-857a-23c9469e0a4c.extra_data.json,0.0,5571267,1495.9023,2021-03-02 21:35:03.875,2021-02-24 14:58:41.153,332.34995,F5JW66Upzd,com.sec.android.app.shealth,14acfded-6a09-4653-857a-23c9469e0a4c,1612310400000,
,e88d4b22-099c-4595-8b2d-ad50348d2dde.extra_data.json,0.0,4958889,1507.2356,2021-02-21 21:14:47.509,2021-01-24 23:00:00.522,297.0201,F5JW66Upzd,com.sec.android.app.shealth,e88d4b22-099c-4595-8b2d-ad50348d2dde,1611532800000,
,518d3415-1931-4c19-8d86-7cf39cf97543.extra_data.json,0.0,6995436,1469.5449,2021-03-17 20:16:36.143,2021-02-21 23:00:00.588,554.98224,F5JW66Upzd,com.sec.android.app.shealth,518d3415-1931-4c19-8d86-7cf39cf97543,1613952000000,
,444ba08d-c2d0-46b0-9f91-014dfc3b0f10.extra_data.json,0.0,4600284,1513.8722,2021-02-26 21:18:31.189,2021-01-29 23:00:01.215,298.0,F5JW66Upzd,com.sec.android.app.shealth,444ba08d-c2d0-46b0-9f91-014dfc3b0f10,1611964800000,
,fefd2a04-e32d-4732-bd5f-5b73d529e986.extra_data.json,0.0,4947913,1507.4387,2021-03-12 21:34:04.431,2021-02-12 23:00:01.610,292.57007,F5JW66Upzd,com.sec.android.app.shealth,fefd2a04-e32d-4732-bd5f-5b73d529e986,1613174400000,
,68fe9332-9a5b-456d-a28a-4293a840ec30.extra_data.json,0.0,5073104,1505.1218,2021-02-28 21:35:02.657,2021-02-26 13:48:35.526,291.67896,F5JW66Upzd,com.sec.android.app.shealth,68fe9332-9a5b-456d-a28a-4293a840ec30,1612137600000,
,e320420f-ffc4-4b18-8aa8-b6b81cceb007.extra_data.json,0.0,5571267,1495.9023,2021-03-02 21:35:03.875,2021-02-24 16:25:18.800,332.34995,F5JW66Upzd,com.sec.android.app.shealth,e320420f-ffc4-4b18-8aa8-b6b81cceb007,1612310400000,
,01a30daa-d98d-4400-802c-7951c7c0c984.extra_data.json,0.0,6485104,1478.9897,2021-02-27 21:55:03.327,2021-01-30 23:00:01.163,390.09995,F5JW66Upzd,com.sec.android.app.shealth,01a30daa-d98d-4400-802c-7951c7c0c984,1612051200000,
,36ffb143-e056-400a-a434-8fc007464e77.extra_data.json,0.0,3293192,1538.0627,2021-03-08 19:55:03.351,2021-02-24 16:26:29.389,187.53001,F5JW66Upzd,com.sec.android.app.shealth,36ffb143-e056-400a-a434-8fc007464e77,1612828800000,
,61199f37-e937-4d8b-bb81-ce7e02dafb5f.extra_data.json,0.0,5256677,1501.7244,2021-03-04 21:13:54.559,2021-02-04 23:00:00.640,463.41296,F5JW66Upzd,com.sec.android.app.shealth,61199f37-e937-4d8b-bb81-ce7e02dafb5f,1612483200000,
,3b19b0f2-5017-4776-a97e-578388fcb855.extra_data.json,0.0,4055567,1523.9534,2021-03-17 20:16:36.597,2021-03-03 23:00:00.637,239.98097,F5JW66Upzd,com.sec.android.app.shealth,3b19b0f2-5017-4776-a97e-578388fcb855,1614816000000,
,cc90c35e-3e4f-422e-ada9-88a26376551c.extra_data.json,0.0,4813339,1509.9293,2021-03-17 20:16:36.481,2021-02-26 23:00:00.568,282.09,F5JW66Upzd,com.sec.android.app.shealth,cc90c35e-3e4f-422e-ada9-88a26376551c,1614384000000,
,e35cd82b-a5c0-465f-9e6a-e4206f6886a9.extra_data.json,0.0,4747496,1511.1478,2021-03-17 20:16:35.960,2021-02-18 23:00:00.488,283.71005,F5JW66Upzd,com.sec.android.app.shealth,e35cd82b-a5c0-465f-9e6a-e4206f6886a9,1613692800000,
,cebe3938-03a5-4de8-96a5-a742bb41da29.extra_data.json,0.0,9907470,1415.6519,2021-03-17 20:16:36.800,2021-03-09 23:00:00.758,739.004,F5JW66Upzd,com.sec.android.app.shealth,cebe3938-03a5-4de8-96a5-a742bb41da29,1615334400000,
,b0c3b9bc-48e6-470b-b8b7-bd7cdbb14b4f.extra_data.json,0.0,6072877,1486.6189,2021-03-05 21:55:02.564,2021-02-05 23:00:00.735,412.2288,F5JW66Upzd,com.sec.android.app.shealth,b0c3b9bc-48e6-470b-b8b7-bd7cdbb14b4f,1612569600000,
,8126c854-4bfc-45dc-a299-b2b20979af34.extra_data.json,0.0,5500354,1497.2147,2021-03-10 21:35:06.034,2021-02-10 23:00:01.633,323.06,F5JW66Upzd,com.sec.android.app.shealth,8126c854-4bfc-45dc-a299-b2b20979af34,1613001600000,
,1752e106-bb01-4e22-9219-9314cf6cb371.extra_data.json,0.0,6158121,1485.0413,2021-03-17 20:16:36.611,2021-03-04 23:00:00.620,399.34955,F5JW66Upzd,com.sec.android.app.shealth,1752e106-bb01-4e22-9219-9314cf6cb371,1614902400000,
,b7f58a63-df81-49f4-88a2-c136273c6cd3.extra_data.json,0.0,5817432,1491.3464,2021-03-17 20:16:36.517,2021-02-27 23:00:00.612,413.80835,F5JW66Upzd,com.sec.android.app.shealth,b7f58a63-df81-49f4-88a2-c136273c6cd3,1614470400000,
,3c075a53-5b0c-4a8f-9173-4ec54368c342.extra_data.json,0.0,8867366,1434.9011,2021-03-16 14:33:07.521,2021-02-16 23:00:00.597,888.5881,F5JW66Upzd,com.sec.android.app.shealth,3c075a53-5b0c-4a8f-9173-4ec54368c342,1613520000000,
,8d5ab45a-0866-4df2-a149-ff3fac15762c.extra_data.json,0.0,4790248,1510.3566,2021-03-17 20:16:36.212,2021-02-23 23:00:01.606,279.88998,F5JW66Upzd,com.sec.android.app.shealth,8d5ab45a-0866-4df2-a149-ff3fac15762c,1614124800000,
,8270e1aa-a8ce-4d9e-adff-809c55bc85e1.extra_data.json,0.0,6071888,1486.6372,2021-03-11 21:05:59.308,2021-02-11 23:00:00.523,361.31003,F5JW66Upzd,com.sec.android.app.shealth,8270e1aa-a8ce-4d9e-adff-809c55bc85e1,1613088000000,
,cffb33a8-c149-4791-8a12-99a5a3c74a41.extra_data.json,0.0,4619881,1513.5096,2021-03-17 20:16:36.808,2021-03-10 23:00:00.722,269.9521,F5JW66Upzd,com.sec.android.app.shealth,cffb33a8-c149-4791-8a12-99a5a3c74a41,1615420800000,
,f90d897e-9bd0-46a5-afe0-8ccdd3d0cfbf.extra_data.json,0.0,9240639,1427.9929,2021-03-17 20:16:36.181,2021-02-22 23:00:00.550,578.5857,F5JW66Upzd,com.sec.android.app.shealth,f90d897e-9bd0-46a5-afe0-8ccdd3d0cfbf,1614038400000,
,56d882a7-b0fe-4e69-9ecd-12016b5980b5.extra_data.json,0.0,4277168,1519.8522,2021-03-17 20:16:36.676,2021-03-05 23:00:00.600,254.35,F5JW66Upzd,com.sec.android.app.shealth,56d882a7-b0fe-4e69-9ecd-12016b5980b5,1614988800000,
,8cfe7714-411f-401b-8018-fc6f2c626f66.extra_data.json,0.0,4917048,1508.0099,2021-03-17 20:16:36.909,2021-03-15 23:00:00.616,306.48157,F5JW66Upzd,com.sec.android.app.shealth,8cfe7714-411f-401b-8018-fc6f2c626f66,1615852800000,
,10f6d31a-92c4-4c2c-b141-728490fc3044.extra_data.json,0.0,4425885,1517.0999,2021-03-17 20:16:36.456,2021-02-25 23:00:01.611,262.98004,F5JW66Upzd,com.sec.android.app.shealth,10f6d31a-92c4-4c2c-b141-728490fc3044,1614297600000,
,4b265b33-b3d7-4a98-a812-7d32625f919d.extra_data.json,0.0,3285010,1538.2141,2021-03-17 20:16:35.937,2021-02-17 23:00:00.670,193.91995,F5JW66Upzd,com.sec.android.app.shealth,4b265b33-b3d7-4a98-a812-7d32625f919d,1613606400000,
,c71e250b-c8ef-4a02-8785-7395ef739800.extra_data.json,0.0,6738027,1474.309,2021-03-17 20:16:36.371,2021-02-24 23:00:00.595,389.9499,F5JW66Upzd,com.sec.android.app.shealth,c71e250b-c8ef-4a02-8785-7395ef739800,1614211200000,
,b2b92ab3-1dfc-4870-baa7-167d5fbf6574.extra_data.json,0.0,2874184,1352.3243,2021-03-17 20:16:36.932,2021-03-16 23:00:00.633,166.5,F5JW66Upzd,com.sec.android.app.shealth,b2b92ab3-1dfc-4870-baa7-167d5fbf6574,1615939200000,
,f45a1ac8-1982-413c-9873-5e2c3ce6173c.extra_data.json,0.0,6309795,1482.2343,2021-03-17 20:16:36.584,2021-03-03 00:49:16.226,430.96274,F5JW66Upzd,com.sec.android.app.shealth,f45a1ac8-1982-413c-9873-5e2c3ce6173c,1614729600000,
,a18ede78-9c97-4bc1-a367-948e6c6fa209.extra_data.json,0.0,5571267,1495.9023,2021-03-02 21:35:03.875,2021-02-23 17:45:04.123,332.34995,F5JW66Upzd,com.sec.android.app.shealth,a18ede78-9c97-4bc1-a367-948e6c6fa209,1612310400000,
,70ce0ff2-39c8-42d6-839e-15814248f959.extra_data.json,0.0,6376270,1481.0039,2021-03-17 20:16:36.823,2021-03-11 23:00:00.665,478.10846,F5JW66Upzd,com.sec.android.app.shealth,70ce0ff2-39c8-42d6-839e-15814248f959,1615507200000,
,7ccf3594-666e-4170-b05a-701435945d1c.extra_data.json,0.0,6353183,1481.4313,2021-03-17 20:16:36.535,2021-02-28 23:00:00.695,405.64258,F5JW66Upzd,com.sec.android.app.shealth,7ccf3594-666e-4170-b05a-701435945d1c,1614556800000,
,2ca67995-a79c-4a2a-96f7-ebf5adc31d61.extra_data.json,0.0,4767066,1510.7856,2021-03-17 20:16:36.762,2021-03-08 23:04:40.863,275.85992,F5JW66Upzd,com.sec.android.app.shealth,2ca67995-a79c-4a2a-96f7-ebf5adc31d61,1615248000000,
,2f716a41-c74b-48d2-992f-3d57800d9e68.extra_data.json,0.0,4487551,1515.9586,2021-03-01 22:12:43.660,2021-02-25 15:14:09.396,279.87997,F5JW66Upzd,com.sec.android.app.shealth,2f716a41-c74b-48d2-992f-3d57800d9e68,1612224000000,
,40a1b69f-a5a3-4de9-b1ce-8d59ee45fc68.extra_data.json,0.0,5698531,1493.547,2021-03-17 20:16:36.902,2021-03-14 23:00:00.630,355.24496,F5JW66Upzd,com.sec.android.app.shealth,40a1b69f-a5a3-4de9-b1ce-8d59ee45fc68,1615766400000,
,2b89f20e-67ec-4800-86da-97b11f869d49.extra_data.json,0.0,2857748,1546.1216,2021-03-17 20:16:36.707,2021-03-06 23:00:00.683,164.17998,F5JW66Upzd,com.sec.android.app.shealth,2b89f20e-67ec-4800-86da-97b11f869d49,1615075200000,
,b1c348c6-f45a-438c-9004-5e741eeb547c.extra_data.json,0.0,4574756,1514.3448,2021-03-17 20:16:36.574,2021-03-01 23:00:00.603,270.769,F5JW66Upzd,com.sec.android.app.shealth,b1c348c6-f45a-438c-9004-5e741eeb547c,1614643200000,
,9ba7af08-8d6a-4d71-9cd0-682ddadcca50.extra_data.json,0.0,5048383,1505.5792,2021-03-17 20:16:36.864,2021-03-12 23:16:01.709,366.7013,F5JW66Upzd,com.sec.android.app.shealth,9ba7af08-8d6a-4d71-9cd0-682ddadcca50,1615593600000,
,a892eaf3-fbcb-4687-9897-9739c77e7c21.extra_data.json,0.0,6114927,1485.8407,2021-03-17 20:16:36.755,2021-03-07 23:00:00.745,400.98758,F5JW66Upzd,com.sec.android.app.shealth,a892eaf3-fbcb-4687-9897-9739c77e7c21,1615161600000,
,eccf6dd6-9cf7-4209-a505-e8f8842da085.extra_data.json,0.0,1997757,1562.0374,2021-03-17 20:16:36.881,2021-03-13 23:00:00.640,115.050026,F5JW66Upzd,com.sec.android.app.shealth,eccf6dd6-9cf7-4209-a505-e8f8842da085,1615680000000,
