com.samsung.shealth.stand_day_summary,6156001,1
stand_time,update_time,create_time,deviceuuid,pkg_name,datauuid,day_time
2203648,2020-04-07 19:38:25.331,2020-04-06 22:00:07.643,ltHsc2Rtmp,com.sec.android.app.shealth,9daeb0e1-2d47-dd66-9b71-4e40c2e6f327,1586217600000,
7111680,2020-04-13 20:51:18.291,2020-04-12 22:00:05.428,ltHsc2Rtmp,com.sec.android.app.shealth,f085b7aa-cb8a-7320-d394-ccb98bb48267,1586736000000,
1024,2020-04-05 08:52:57.254,2020-04-04 22:00:16.524,ltHsc2Rtmp,com.sec.android.app.shealth,28f8fde5-6d0a-a8e1-1089-1689ad5faf9f,1586044800000,
262144,2020-03-28 17:10:35.382,2020-03-27 23:00:07.945,ltHsc2Rtmp,com.sec.android.app.shealth,290c83fe-3e36-40fa-12e9-1276420d8e65,1585353600000,
524288,2020-04-17 17:19:36.292,2020-04-16 22:00:15.779,ltHsc2Rtmp,com.sec.android.app.shealth,7c0d98a9-26f9-cc40-b95b-2f6c77c72ae0,1587081600000,
2621440,2020-04-23 19:56:35.039,2020-04-22 22:00:04.691,ltHsc2Rtmp,com.sec.android.app.shealth,e4bbd0be-9b61-0b6d-22e2-3d1064d8d7e9,1587600000000,
13109280,2020-04-29 21:02:36.386,2020-04-28 22:00:10.909,ltHsc2Rtmp,com.sec.android.app.shealth,2a51483d-370b-5d7c-617f-ae072d40b8fe,1588118400000,
2164752,2020-05-05 19:20:24.447,2020-05-04 22:00:05.673,ltHsc2Rtmp,com.sec.android.app.shealth,c705c664-b9f6-673e-2d60-3df512df5207,1588636800000,
13771776,2020-05-11 21:21:01.241,2020-05-10 22:00:02.038,ltHsc2Rtmp,com.sec.android.app.shealth,12662429-5519-17bb-f27e-3a870c8cb133,1589155200000,
4464640,2020-05-17 20:33:07.289,2020-05-16 22:00:05.805,ltHsc2Rtmp,com.sec.android.app.shealth,1f890ee7-7bca-ae27-d352-f51edb170e57,1589673600000,
2621440,2020-05-23 19:08:41.259,2020-05-23 07:10:38.011,ltHsc2Rtmp,com.sec.android.app.shealth,fc63c0ae-4908-9d47-66bf-29a7e7d1bf2e,1590192000000,
2105344,2020-05-29 19:31:14.323,2020-05-28 22:00:05.389,ltHsc2Rtmp,com.sec.android.app.shealth,2bb94d78-9c2b-2a6e-85ff-46ae5862294d,1590710400000,
2249216,2020-06-04 19:13:56.332,2020-06-03 22:00:10.561,ltHsc2Rtmp,com.sec.android.app.shealth,236a2ab1-ddb2-799b-5c4f-e7e379663534,1591228800000,
1049600,2020-06-10 18:23:56.309,2020-06-09 22:00:11.396,ltHsc2Rtmp,com.sec.android.app.shealth,4fd64e14-70c7-1036-83ab-f4903d51ad68,1591747200000,
0,2020-06-15 22:00:06.920,2020-06-15 22:00:06.920,ltHsc2Rtmp,com.sec.android.app.shealth,98cd3155-0c51-2ce6-13f1-da95887b43e0,1592265600000,
2631680,2020-06-22 19:10:33.241,2020-06-21 22:00:12.408,ltHsc2Rtmp,com.sec.android.app.shealth,44895786-f779-b2a5-3c85-47276730dc09,1592784000000,
32768,2020-06-28 13:05:22.242,2020-06-28 09:33:01.509,ltHsc2Rtmp,com.sec.android.app.shealth,175f20a7-4a5c-ee0c-4d10-b20ff871d88a,1593302400000,
71680,2020-07-04 14:18:21.234,2020-07-03 22:00:03.243,ltHsc2Rtmp,com.sec.android.app.shealth,21068706-a20f-1b26-fc2e-01e4725aad35,1593820800000,
4210688,2020-07-10 20:49:45.250,2020-07-09 22:00:13.774,ltHsc2Rtmp,com.sec.android.app.shealth,d7b87c6f-25db-d21d-b7dd-c0255e0002c5,1594339200000,
1605696,2020-07-16 18:54:02.354,2020-07-15 22:00:03.179,ltHsc2Rtmp,com.sec.android.app.shealth,d9516a6a-df57-31f2-2404-b5470e080686,1594857600000,
5509120,2020-07-22 20:23:12.278,2020-07-21 22:00:10.987,ltHsc2Rtmp,com.sec.android.app.shealth,267fff79-27c5-dd77-08de-7ed5f778a434,1595376000000,
8982528,2020-07-28 21:07:37.325,2020-07-27 22:00:07.679,ltHsc2Rtmp,com.sec.android.app.shealth,b483465a-9227-15ae-97b9-b43bedab5ee2,1595894400000,
4281344,2020-08-03 20:05:58.228,2020-08-02 22:00:05.017,ltHsc2Rtmp,com.sec.android.app.shealth,e88af9ce-75c0-794b-88c4-a3c3ad233e23,1596412800000,
1048576,2020-08-09 18:21:29.347,2020-08-09 00:08:08.067,ltHsc2Rtmp,com.sec.android.app.shealth,58e6cf8e-745e-b87b-c647-b0f3ccc2d635,1596931200000,
525312,2020-08-15 17:33:04.280,2020-08-14 22:00:08.321,ltHsc2Rtmp,com.sec.android.app.shealth,397aa5f5-8315-b828-674a-16d2c33ebccb,1597449600000,
573440,2020-08-21 17:26:42.269,2020-08-20 22:00:13.403,ltHsc2Rtmp,com.sec.android.app.shealth,f3ff8c43-b62e-ec95-a5b0-4d91ff32dab2,1597968000000,
589824,2020-08-27 17:47:02.274,2020-08-26 22:00:08.983,ltHsc2Rtmp,com.sec.android.app.shealth,13072bca-bc74-564e-2fba-e4c16ae45783,1598486400000,
2162689,2020-09-02 19:07:32.243,2020-09-01 22:00:09.845,ltHsc2Rtmp,com.sec.android.app.shealth,7e71ebb0-2549-44bb-fa42-15f28c233a7b,1599004800000,
16896,2020-09-08 12:05:44.592,2020-09-07 22:00:04.718,ltHsc2Rtmp,com.sec.android.app.shealth,3a30466c-a636-8c82-0d45-b6292f528b0d,1599523200000,
0,2020-09-13 22:00:03.016,2020-09-13 22:00:03.016,ltHsc2Rtmp,com.sec.android.app.shealth,6589349b-001d-6024-256b-590cfab85e52,1600041600000,
1605664,2020-09-21 18:29:01.380,2020-09-20 22:00:04.275,ltHsc2Rtmp,com.sec.android.app.shealth,70a65bdc-ceb5-5f6b-254e-afba54d0c143,1600646400000,
1590272,2020-09-27 18:23:05.246,2020-09-26 22:00:08.896,ltHsc2Rtmp,com.sec.android.app.shealth,f1876121-398f-6a2d-aeee-215527c1044d,1601164800000,
2129920,2020-10-03 19:13:50.305,2020-10-02 22:00:08.377,ltHsc2Rtmp,com.sec.android.app.shealth,8376df9c-b334-5739-22e2-c48fbf7fb1c7,1601683200000,
8192,2020-10-09 11:49:02.645,2020-10-09 04:12:12.408,ltHsc2Rtmp,com.sec.android.app.shealth,2bc56c60-b950-2ba9-a16c-462ce3595a24,1602201600000,
524288,2020-10-15 17:33:44.264,2020-10-14 22:00:05.550,ltHsc2Rtmp,com.sec.android.app.shealth,a08e57f8-3981-3709-9575-636006ff3878,1602720000000,
589824,2020-11-15 18:53:39.601,2020-11-15 07:37:18.394,ltHsc2Rtmp,com.sec.android.app.shealth,466db5a5-5ef5-fb74-2df7-00bad191b930,1605398400000,
3153920,2020-11-21 20:58:29.702,2020-11-20 23:00:06.915,ltHsc2Rtmp,com.sec.android.app.shealth,1f7412a3-9d97-030e-887f-1263803eff78,1605916800000,
2164992,2020-11-27 20:10:21.236,2020-11-26 23:00:07.949,ltHsc2Rtmp,com.sec.android.app.shealth,2cecfdf9-0745-e131-bd6f-17bd29586e25,1606435200000,
4259840,2020-12-03 21:11:06.269,2020-12-02 23:00:06.207,ltHsc2Rtmp,com.sec.android.app.shealth,5a9c8b38-1dd6-d039-b2a9-072c609bcec7,1606953600000,
4718592,2020-12-09 21:09:18.227,2020-12-08 23:00:11.755,ltHsc2Rtmp,com.sec.android.app.shealth,2604b1c3-f79d-2905-937c-c779ab43f1a2,1607472000000,
16384,2020-12-15 13:24:08.133,2020-12-14 23:00:06.683,ltHsc2Rtmp,com.sec.android.app.shealth,a4e73825-21d7-022a-7208-6a8607b140b2,1607990400000,
328192,2020-12-21 17:32:03.374,2020-12-20 23:00:02.514,ltHsc2Rtmp,com.sec.android.app.shealth,9c88020f-7899-9ad8-ee68-d4156da42838,1608508800000,
81920,2020-12-27 15:10:26.263,2020-12-26 23:00:03.162,ltHsc2Rtmp,com.sec.android.app.shealth,553f4578-8f8d-cdcb-5c43-cbd2c234ddca,1609027200000,
2293760,2021-01-02 20:37:04.242,2021-01-01 23:15:02.843,ltHsc2Rtmp,com.sec.android.app.shealth,9addf4a0-993a-4004-e09d-3bde931c6e1f,1609545600000,
2233344,2021-01-08 20:58:55.345,2021-01-07 23:00:04.318,ltHsc2Rtmp,com.sec.android.app.shealth,af2dc41c-f53f-fc3f-68f6-728478fabf08,1610064000000,
2262016,2021-01-14 20:32:38.255,2021-01-13 23:00:11.029,ltHsc2Rtmp,com.sec.android.app.shealth,75be27f6-929f-f313-756e-60ba36ba246e,1610582400000,
328192,2021-01-20 17:29:43.385,2021-01-19 23:00:07.057,ltHsc2Rtmp,com.sec.android.app.shealth,d2fe8820-41d3-90d5-c3f7-e80c8c85ac28,1611100800000,
4276224,2021-01-26 21:36:49.592,2021-01-25 23:00:05.556,ltHsc2Rtmp,com.sec.android.app.shealth,504083b5-f6ec-4abf-77cf-5c22c6f7f6bb,1611619200000,
2097152,2021-02-01 20:17:25.281,2021-01-31 23:00:05.879,ltHsc2Rtmp,com.sec.android.app.shealth,abf5f84c-12a5-b14a-3e10-23e85c4b6cd0,1612137600000,
4263424,2021-02-07 21:12:27.242,2021-02-06 23:00:12.264,ltHsc2Rtmp,com.sec.android.app.shealth,1ec70ca2-c7c9-4c9a-9272-69d5beffeffb,1612656000000,
2099456,2021-02-13 20:47:45.239,2021-02-12 23:00:04.351,ltHsc2Rtmp,com.sec.android.app.shealth,8b690b10-65af-fb4e-30dc-4a0d9bddaebd,1613174400000,
4522240,2021-02-19 21:02:11.591,2021-02-18 23:00:03.745,ltHsc2Rtmp,com.sec.android.app.shealth,94e1c093-a86f-e2fd-a858-7bc71de10e78,1613692800000,
512,2021-02-25 08:21:19.116,2021-02-24 23:00:03.523,ltHsc2Rtmp,com.sec.android.app.shealth,2ff257c0-5364-0b42-f2b0-e89a026d1422,1614211200000,
1114112,2021-03-03 19:25:37.231,2021-03-02 23:00:04.664,ltHsc2Rtmp,com.sec.android.app.shealth,09205abb-734b-be1f-30f9-034666e70de6,1614729600000,
262144,2021-03-09 17:42:39.277,2021-03-08 23:00:16.948,ltHsc2Rtmp,com.sec.android.app.shealth,499ef4ee-6ecd-e0de-74a1-5c4a102048b2,1615248000000,
532992,2021-03-15 18:35:00.561,2021-03-14 23:00:04.713,ltHsc2Rtmp,com.sec.android.app.shealth,3c5591ab-fc50-3d2c-93c2-d9526d51fa1d,1615766400000,
1319936,2020-04-08 18:08:01.255,2020-04-07 22:00:12.572,ltHsc2Rtmp,com.sec.android.app.shealth,9be3d836-9e1d-6abc-2446-624f0329e0da,1586304000000,
20480,2020-04-14 12:04:16.372,2020-04-13 22:00:03.938,ltHsc2Rtmp,com.sec.android.app.shealth,90d88b4b-fb26-f8c7-8c51-befaea084edc,1586822400000,
0,2020-04-06 20:08:58.582,2020-04-05 22:00:08.821,ltHsc2Rtmp,com.sec.android.app.shealth,10ad7008-7b17-171d-af7a-580da59b4d95,1586131200000,
5046273,2020-03-29 20:09:01.262,2020-03-28 23:00:11.683,ltHsc2Rtmp,com.sec.android.app.shealth,b02eb1f2-c4c0-1e8f-f746-11053f95e7ef,1585440000000,
3148288,2020-04-18 19:55:02.088,2020-04-17 22:00:06.230,ltHsc2Rtmp,com.sec.android.app.shealth,56992ff0-b10f-77e6-39a0-56b120cf663a,1587168000000,
3507232,2020-04-24 19:58:59.244,2020-04-23 22:00:06.559,ltHsc2Rtmp,com.sec.android.app.shealth,b5aa6860-87b5-ce8a-b5bf-31aef140a27f,1587686400000,
137248,2020-04-30 15:27:31.344,2020-04-29 22:00:05.500,ltHsc2Rtmp,com.sec.android.app.shealth,e864243e-cdf4-d38e-ae75-bedf38ab1285,1588204800000,
4723744,2020-05-06 20:13:40.582,2020-05-05 22:00:17.079,ltHsc2Rtmp,com.sec.android.app.shealth,c596396b-2172-c532-4c2c-aa85a12ba521,1588723200000,
13705233,2020-05-12 21:24:40.274,2020-05-11 22:00:03.067,ltHsc2Rtmp,com.sec.android.app.shealth,c8892ec9-aefc-4eb1-4f8e-32c6aafbfd6d,1589241600000,
12544,2020-05-18 11:59:51.386,2020-05-17 22:00:06.944,ltHsc2Rtmp,com.sec.android.app.shealth,1b5337b7-a807-4696-e16f-0053f240e5c1,1589760000000,
9447680,2020-05-24 21:03:21.269,2020-05-23 22:00:05.969,ltHsc2Rtmp,com.sec.android.app.shealth,6b210778-9b5c-dd24-b1c9-9ae14b3e8f13,1590278400000,
4231168,2020-05-30 20:46:40.792,2020-05-29 22:00:11.851,ltHsc2Rtmp,com.sec.android.app.shealth,acbcc00c-1649-6218-980b-4ca101ba1c40,1590796800000,
2101248,2020-06-05 19:14:11.285,2020-06-04 22:00:11.862,ltHsc2Rtmp,com.sec.android.app.shealth,d9aa911a-9e61-0f2b-f0b4-47e9e6e9821e,1591315200000,
9506816,2020-06-11 21:28:51.408,2020-06-10 22:00:13.665,ltHsc2Rtmp,com.sec.android.app.shealth,58cecf4a-b255-dcc0-c067-d410b4f7a9fe,1591833600000,
10092544,2020-06-17 21:33:36.288,2020-06-17 10:59:42.928,ltHsc2Rtmp,com.sec.android.app.shealth,b68ebdeb-dac6-64fe-ba7c-a905f69b96e9,1592352000000,
2101248,2020-06-23 19:03:20.157,2020-06-22 22:00:14.125,ltHsc2Rtmp,com.sec.android.app.shealth,629cc0df-200b-0c2e-2070-d377e8b66044,1592870400000,
1245184,2020-06-29 18:53:32.252,2020-06-28 22:00:05.417,ltHsc2Rtmp,com.sec.android.app.shealth,c4258c0d-ae75-0c3e-9edb-04b89595688c,1593388800000,
0,2020-07-04 22:00:11.602,2020-07-04 22:00:11.602,ltHsc2Rtmp,com.sec.android.app.shealth,18ec7ead-31a1-b012-6ecc-f794116a62af,1593907200000,
1064960,2020-07-11 18:48:08.271,2020-07-10 22:00:15.957,ltHsc2Rtmp,com.sec.android.app.shealth,6794b3f1-30f3-c423-198b-39fdd54945b3,1594425600000,
4206592,2020-07-17 20:28:55.704,2020-07-16 22:00:03.881,ltHsc2Rtmp,com.sec.android.app.shealth,acb94525-174a-8a0f-d67b-6e8d8349a92c,1594944000000,
4329472,2020-07-23 20:17:45.285,2020-07-22 22:00:06.874,ltHsc2Rtmp,com.sec.android.app.shealth,47068cc2-6281-4957-0961-ed1841a0ee62,1595462400000,
1024,2020-07-29 08:13:54.304,2020-07-28 22:00:05.369,ltHsc2Rtmp,com.sec.android.app.shealth,7f4f1fe1-6392-fa0b-a932-0bb815b23cd6,1595980800000,
4608,2020-08-04 10:27:58.342,2020-08-03 22:00:10.748,ltHsc2Rtmp,com.sec.android.app.shealth,0a6e91db-db06-862c-2b12-f6e547f601e6,1596499200000,
32768,2020-08-10 13:19:55.399,2020-08-09 22:00:11.124,ltHsc2Rtmp,com.sec.android.app.shealth,d5cbc54a-1c6d-d1d5-4fcf-2039b8f5f4b9,1597017600000,
558080,2020-08-16 17:45:03.275,2020-08-15 22:00:07.716,ltHsc2Rtmp,com.sec.android.app.shealth,601c69f2-2786-8e3c-dd87-1c32ed9884b5,1597536000000,
1024,2020-08-22 08:15:41.342,2020-08-21 22:00:12.020,ltHsc2Rtmp,com.sec.android.app.shealth,4fd0381c-f921-ff91-45a2-2d460588b61c,1598054400000,
51200,2020-08-28 13:29:48.104,2020-08-27 22:00:09.437,ltHsc2Rtmp,com.sec.android.app.shealth,5185aaf1-743a-cf9a-15b3-83941212beaf,1598572800000,
2654208,2020-09-03 19:02:35.292,2020-09-02 22:00:09.360,ltHsc2Rtmp,com.sec.android.app.shealth,5413b71b-3d9b-033d-ccf5-684f7b66e548,1599091200000,
0,2020-09-09 03:21:48.476,2020-09-09 03:21:48.476,ltHsc2Rtmp,com.sec.android.app.shealth,cac4070c-b029-0a75-f030-a876fc0a0d48,1599609600000,
0,2020-09-14 22:00:04.061,2020-09-14 22:00:04.061,ltHsc2Rtmp,com.sec.android.app.shealth,149a9705-d8d3-7dc6-1edd-2b38496cdde5,1600128000000,
2359296,2020-09-22 19:30:18.219,2020-09-21 22:00:08.007,ltHsc2Rtmp,com.sec.android.app.shealth,76c0990d-32f9-7dd4-4717-2b8d97c70af8,1600732800000,
1573120,2020-09-28 18:17:02.240,2020-09-27 22:00:03.994,ltHsc2Rtmp,com.sec.android.app.shealth,1da63e18-e72d-23d0-f428-3a73b9ca6566,1601251200000,
1024,2020-10-04 08:25:39.379,2020-10-03 22:00:02.858,ltHsc2Rtmp,com.sec.android.app.shealth,1b1012f0-6a53-12fe-a1b2-ecfa51fd3e46,1601769600000,
4239616,2020-10-10 20:04:09.987,2020-10-10 04:01:45.647,ltHsc2Rtmp,com.sec.android.app.shealth,325de0b8-74a9-11a1-1262-3100bb50f623,1602288000000,
0,2020-11-10 15:30:27.545,2020-11-10 15:30:27.544,ltHsc2Rtmp,com.sec.android.app.shealth,a350f542-1fa2-4f67-6182-558c53811e49,1604966400000,
600064,2020-11-16 18:03:08.247,2020-11-15 23:00:04.337,ltHsc2Rtmp,com.sec.android.app.shealth,cf7119b2-2f7f-ee3e-70f8-b83b60e28e40,1605484800000,
279040,2020-11-22 17:13:10.351,2020-11-21 23:00:09.840,ltHsc2Rtmp,com.sec.android.app.shealth,902d28ae-3a12-9ae7-ea1e-ab418ee1014b,1606003200000,
5522432,2020-11-28 21:20:58.376,2020-11-27 23:00:02.589,ltHsc2Rtmp,com.sec.android.app.shealth,404535bd-c013-ea80-21cf-5a213f16cfe8,1606521600000,
131328,2020-12-04 16:59:25.236,2020-12-03 23:00:10.824,ltHsc2Rtmp,com.sec.android.app.shealth,f0e95168-8aeb-e2ab-dccb-6fab2e607f34,1607040000000,
1575424,2020-12-10 19:29:14.290,2020-12-09 23:00:03.107,ltHsc2Rtmp,com.sec.android.app.shealth,893cb098-26a7-c949-9c1d-d2c85b06ed18,1607558400000,
262144,2020-12-16 17:02:46.730,2020-12-15 23:00:06.787,ltHsc2Rtmp,com.sec.android.app.shealth,effc1ac9-f948-235e-0bd9-26f5900730f6,1608076800000,
557056,2020-12-22 18:19:03.259,2020-12-21 23:00:13.785,ltHsc2Rtmp,com.sec.android.app.shealth,9c97cc02-e0fd-26e3-e2ea-d7131b08328f,1608595200000,
4206592,2020-12-28 21:25:22.297,2020-12-27 23:00:05.884,ltHsc2Rtmp,com.sec.android.app.shealth,1ff8035c-e5e9-1759-c863-778c69891ed5,1609113600000,
2148352,2021-01-03 20:52:38.415,2021-01-02 23:00:07.130,ltHsc2Rtmp,com.sec.android.app.shealth,c653df1b-9c01-658c-0f5a-e91f14cbc41f,1609632000000,
35328,2021-01-09 14:18:48.273,2021-01-08 23:00:11.667,ltHsc2Rtmp,com.sec.android.app.shealth,effb7930-fe3c-1836-ca7b-373165563e9d,1610150400000,
336640,2021-01-15 17:58:31.303,2021-01-14 23:00:03.587,ltHsc2Rtmp,com.sec.android.app.shealth,456cf202-b212-bc32-bf81-84267ed99776,1610668800000,
804864,2021-01-21 18:50:17.310,2021-01-20 23:00:03.078,ltHsc2Rtmp,com.sec.android.app.shealth,2a6f904f-e74b-30a0-659c-6920666616fa,1611187200000,
4489728,2021-01-27 21:28:44.321,2021-01-26 23:00:03.326,ltHsc2Rtmp,com.sec.android.app.shealth,3fc6eefd-16ce-8825-347b-90db8dcb2432,1611705600000,
4489216,2021-02-02 21:34:58.257,2021-02-01 23:00:04.755,ltHsc2Rtmp,com.sec.android.app.shealth,ecf9daaa-1011-92ac-2193-2102fe3659e8,1612224000000,
16896,2021-02-08 13:21:14.701,2021-02-07 23:00:11.881,ltHsc2Rtmp,com.sec.android.app.shealth,39909326-bddd-132f-79b4-74c071562ca4,1612742400000,
6439424,2021-02-14 21:50:57.291,2021-02-13 23:00:07.917,ltHsc2Rtmp,com.sec.android.app.shealth,30154c00-8047-c762-ab52-979e7ab9c92a,1613260800000,
4197376,2021-02-20 21:08:15.242,2021-02-19 23:00:05.856,ltHsc2Rtmp,com.sec.android.app.shealth,9a6e5042-a0cd-c547-db6c-cb25d2769580,1613779200000,
131072,2021-02-26 16:37:13.267,2021-02-25 23:00:10.765,ltHsc2Rtmp,com.sec.android.app.shealth,e5c42062-ecbb-b2d8-883f-f25401e04adf,1614297600000,
561152,2021-03-04 18:02:34.408,2021-03-03 23:00:10.699,ltHsc2Rtmp,com.sec.android.app.shealth,29df5414-20e1-0dba-3c2e-c3aa9cf462a3,1614816000000,
2592,2021-03-10 10:21:58.672,2021-03-09 23:00:04.225,ltHsc2Rtmp,com.sec.android.app.shealth,8eafbb53-55e4-e592-d912-4a3bb7aaa749,1615334400000,
672512,2021-03-16 18:19:10.248,2021-03-15 23:00:08.382,ltHsc2Rtmp,com.sec.android.app.shealth,4dbd84ad-62f8-2936-ee38-398f8ce8d51b,1615852800000,
66560,2020-04-09 14:04:23.160,2020-04-08 22:00:15.143,ltHsc2Rtmp,com.sec.android.app.shealth,f6bce208-e83d-fe7f-35d9-3f7672fee6cd,1586390400000,
16384,2020-04-15 12:16:54.325,2020-04-14 22:00:12.091,ltHsc2Rtmp,com.sec.android.app.shealth,7c18f69e-aff7-47aa-41aa-134d1e438d5f,1586908800000,
1310720,2020-03-24 19:15:46.280,2020-03-24 09:27:08.161,ltHsc2Rtmp,com.sec.android.app.shealth,e435dda1-6a7a-1e7e-d686-81ca3bd1490d,1585008000000,
560128,2020-03-30 17:55:46.346,2020-03-29 22:00:10.113,ltHsc2Rtmp,com.sec.android.app.shealth,8aa76da6-707b-1116-afc9-d472be549462,1585526400000,
132096,2020-04-19 15:33:58.277,2020-04-18 22:00:06.166,ltHsc2Rtmp,com.sec.android.app.shealth,07fb0d8a-7931-679a-857e-14f68e90a4a7,1587254400000,
4227072,2020-04-25 20:45:33.343,2020-04-24 22:00:09.258,ltHsc2Rtmp,com.sec.android.app.shealth,38241856-e28c-4383-9eb8-95781b86c069,1587772800000,
8949760,2020-05-01 21:07:01.304,2020-04-30 22:00:14.885,ltHsc2Rtmp,com.sec.android.app.shealth,be2745d6-b81e-7922-d9b0-5fa2490a713c,1588291200000,
4789280,2020-05-07 20:21:45.862,2020-05-06 22:00:03.397,ltHsc2Rtmp,com.sec.android.app.shealth,3f3e3380-ac7c-62d1-b592-0e88f1c268c4,1588809600000,
3245072,2020-05-13 19:32:20.304,2020-05-12 22:00:10.555,ltHsc2Rtmp,com.sec.android.app.shealth,bafadc87-836b-4680-f2aa-da3d0a5c2856,1589328000000,
9707520,2020-05-19 21:18:26.324,2020-05-18 22:00:03.412,ltHsc2Rtmp,com.sec.android.app.shealth,0adbf657-d0b3-88cb-e5eb-ffe2f3080fa1,1589846400000,
6293504,2020-05-25 20:21:11.824,2020-05-24 22:00:09.008,ltHsc2Rtmp,com.sec.android.app.shealth,0e2f7922-3004-e3c8-6437-eba5e3154284,1590364800000,
6598665,2020-05-31 20:42:37.960,2020-05-30 22:00:03.315,ltHsc2Rtmp,com.sec.android.app.shealth,162cafc7-d5fc-e154-d5a9-e79cc6ab4948,1590883200000,
4227072,2020-06-06 20:27:53.239,2020-06-05 22:00:12.985,ltHsc2Rtmp,com.sec.android.app.shealth,c73aa129-c4b4-8e44-89a9-e74b31052cfa,1591401600000,
2822144,2020-06-12 19:19:00.284,2020-06-11 22:00:05.451,ltHsc2Rtmp,com.sec.android.app.shealth,1f8615b6-bb53-1688-4755-69ec569947fe,1591920000000,
6822400,2020-06-18 20:27:40.373,2020-06-17 22:00:02.799,ltHsc2Rtmp,com.sec.android.app.shealth,11fc5e6b-830b-946d-630c-7fc7e2209d35,1592438400000,
2097152,2020-06-24 19:06:01.314,2020-06-23 22:00:11.734,ltHsc2Rtmp,com.sec.android.app.shealth,66c20d54-74ca-3889-93e4-d5e22e8cee1c,1592956800000,
1050624,2020-06-30 18:10:31.291,2020-06-29 22:00:12.671,ltHsc2Rtmp,com.sec.android.app.shealth,216ce330-2b6c-feb6-d275-fe4bbf12c8df,1593475200000,
262144,2020-07-06 16:48:41.270,2020-07-05 22:00:08.951,ltHsc2Rtmp,com.sec.android.app.shealth,fb6946ae-d7f5-9be5-ed4b-d452dcc60816,1593993600000,
2,2020-07-11 23:22:13.233,2020-07-11 22:00:04.749,ltHsc2Rtmp,com.sec.android.app.shealth,d1e8da33-da79-6bc1-f401-431bb23578dc,1594512000000,
1051648,2020-07-18 18:52:17.259,2020-07-17 22:00:05.578,ltHsc2Rtmp,com.sec.android.app.shealth,110595ec-3cee-e850-0f1b-2e7b5e0fdd8e,1595030400000,
1200640,2020-07-24 18:01:43.330,2020-07-23 22:00:04.903,ltHsc2Rtmp,com.sec.android.app.shealth,526a2ced-6d18-fbb8-6e44-adb34259bccd,1595548800000,
66176,2020-07-30 14:42:39.234,2020-07-30 02:54:27.298,ltHsc2Rtmp,com.sec.android.app.shealth,84a7a1b6-acdb-6eef-5173-4a33b2b14fe1,1596067200000,
540672,2020-08-05 17:48:20.299,2020-08-05 06:58:49.446,ltHsc2Rtmp,com.sec.android.app.shealth,eab18d1a-907b-5539-11d8-a986f003a87f,1596585600000,
1572864,2020-08-11 18:54:21.274,2020-08-10 22:00:11.190,ltHsc2Rtmp,com.sec.android.app.shealth,d8265521-e012-0b06-5523-51ae46187dfa,1597104000000,
6359554,2020-08-17 20:38:54.300,2020-08-16 22:00:13.083,ltHsc2Rtmp,com.sec.android.app.shealth,5d57e427-7f63-ff94-bc74-0f062fff3242,1597622400000,
0,2020-08-22 22:00:11.388,2020-08-22 22:00:11.387,ltHsc2Rtmp,com.sec.android.app.shealth,7163fd53-905d-9c03-b23b-ea7d1cb678d7,1598140800000,
525312,2020-08-29 17:18:01.254,2020-08-29 03:17:51.526,ltHsc2Rtmp,com.sec.android.app.shealth,fce0077d-4de5-4d2c-1086-b54235a23999,1598659200000,
594944,2020-09-04 17:37:45.238,2020-09-03 22:00:15.357,ltHsc2Rtmp,com.sec.android.app.shealth,9a5c6061-037e-7299-c390-330050c98899,1599177600000,
256,2020-09-10 06:14:57.252,2020-09-09 22:00:12.558,ltHsc2Rtmp,com.sec.android.app.shealth,7de106b7-4ba9-5bed-7922-e1e77f0d0743,1599696000000,
0,2020-09-15 22:00:03.037,2020-09-15 22:00:03.037,ltHsc2Rtmp,com.sec.android.app.shealth,77b9842f-076d-bf8d-a884-141eaf5b44df,1600214400000,
1312768,2020-09-23 18:31:56.318,2020-09-22 22:00:06.219,ltHsc2Rtmp,com.sec.android.app.shealth,6a976d2c-8f5e-a729-3b19-4c7fe6d97d67,1600819200000,
8,2020-09-29 01:37:36.337,2020-09-28 22:00:09.772,ltHsc2Rtmp,com.sec.android.app.shealth,9ae45947-4543-196a-f14a-5390b5ef82d1,1601337600000,
590080,2020-10-05 17:20:40.272,2020-10-05 04:12:31.107,ltHsc2Rtmp,com.sec.android.app.shealth,1855605c-52f7-c4cb-9872-4b17e77724d0,1601856000000,
557056,2020-10-11 17:18:20.285,2020-10-10 22:00:03.292,ltHsc2Rtmp,com.sec.android.app.shealth,f7c373a4-92bf-e9fe-7105-48aa917c5356,1602374400000,
8388608,2020-11-11 22:40:31.273,2020-11-10 23:00:04.633,ltHsc2Rtmp,com.sec.android.app.shealth,024b82f4-9ec9-80b1-2f5a-99508cc4899e,1605052800000,
2162688,2020-11-17 20:58:40.319,2020-11-16 23:00:09.782,ltHsc2Rtmp,com.sec.android.app.shealth,1bc288d9-1cd1-2090-2236-6ffff1fc5cb6,1605571200000,
1048576,2020-11-23 19:15:17.335,2020-11-22 23:00:05.585,ltHsc2Rtmp,com.sec.android.app.shealth,a894828e-ed71-6e6a-6b01-a92954f15b4c,1606089600000,
2167888,2020-11-29 20:51:55.266,2020-11-28 23:00:07.152,ltHsc2Rtmp,com.sec.android.app.shealth,95ec475f-d453-c2f6-c0b4-b0ba8c194951,1606608000000,
201216,2020-12-05 16:52:53.374,2020-12-04 23:00:08.068,ltHsc2Rtmp,com.sec.android.app.shealth,2d2d3a1c-91a6-17cc-638a-1dc151aa398c,1607126400000,
2097664,2020-12-11 20:54:00.336,2020-12-10 23:00:04.264,ltHsc2Rtmp,com.sec.android.app.shealth,3167c74e-229a-660f-533c-12c15707d51d,1607644800000,
2359296,2020-12-17 20:26:26.250,2020-12-16 23:00:08.939,ltHsc2Rtmp,com.sec.android.app.shealth,2cbf9cb7-15fe-efa3-d22d-97e06abcb226,1608163200000,
4456448,2020-12-23 21:18:52.373,2020-12-22 23:00:03.522,ltHsc2Rtmp,com.sec.android.app.shealth,baa8e6ea-7a35-36ce-46b6-7c34bb90037b,1608681600000,
360448,2020-12-29 17:37:49.352,2020-12-28 23:00:05.766,ltHsc2Rtmp,com.sec.android.app.shealth,1c7e72ee-a522-37d9-9679-7a4d76682356,1609200000000,
4259840,2021-01-04 21:02:09.347,2021-01-03 23:00:04.964,ltHsc2Rtmp,com.sec.android.app.shealth,b8501048-c6d7-5974-5edf-75f9f565383c,1609718400000,
336384,2021-01-10 17:27:54.308,2021-01-09 23:00:10.198,ltHsc2Rtmp,com.sec.android.app.shealth,36cadf9a-450a-13eb-e4c3-c4752564ae56,1610236800000,
4194304,2021-01-16 21:48:09.354,2021-01-15 23:00:04.614,ltHsc2Rtmp,com.sec.android.app.shealth,226d5df3-9feb-c45b-f750-4f389e41207e,1610755200000,
346112,2021-01-22 17:35:23.278,2021-01-21 23:00:08.895,ltHsc2Rtmp,com.sec.android.app.shealth,95da6d39-1b9e-68d2-e9e5-7d8ce490a117,1611273600000,
1048576,2021-01-28 19:25:19.265,2021-01-27 23:00:08.817,ltHsc2Rtmp,com.sec.android.app.shealth,8ec43260-1a08-c13b-c854-8ebb41258628,1611792000000,
16512,2021-02-03 13:24:53.635,2021-02-02 23:00:14.084,ltHsc2Rtmp,com.sec.android.app.shealth,35042bd8-c41a-56c0-e040-3a6cd112a7a4,1612310400000,
21504,2021-02-09 13:27:26.647,2021-02-09 07:43:13.592,ltHsc2Rtmp,com.sec.android.app.shealth,b10d7654-7c77-7ee2-dc4e-a47452dacc56,1612828800000,
393216,2021-02-15 17:45:02.271,2021-02-14 23:00:04.794,ltHsc2Rtmp,com.sec.android.app.shealth,0ca1011a-908d-51fe-f7db-fe97e14bdbc5,1613347200000,
50176,2021-02-21 14:59:28.203,2021-02-20 23:00:06.846,ltHsc2Rtmp,com.sec.android.app.shealth,9fbcae2f-46e8-4c75-b2bb-95d759cd17ad,1613865600000,
2401792,2021-02-27 20:46:37.273,2021-02-26 23:00:12.865,ltHsc2Rtmp,com.sec.android.app.shealth,ffb1589f-ecf0-1807-8bb2-e382596df11e,1614384000000,
4196864,2021-03-05 21:31:39.343,2021-03-04 23:00:14.168,ltHsc2Rtmp,com.sec.android.app.shealth,64ded773-a31b-c064-c1a6-04091bf6f8a7,1614902400000,
802816,2021-03-11 18:28:17.251,2021-03-10 23:00:03.364,ltHsc2Rtmp,com.sec.android.app.shealth,40853d24-4d47-1411-d3b0-5cb468a65ad5,1615420800000,
851968,2021-03-17 18:28:30.253,2021-03-16 23:00:05.853,ltHsc2Rtmp,com.sec.android.app.shealth,6c13214a-4864-ae86-e2ff-00d7abe34c69,1615939200000,
598016,2020-04-10 17:11:42.269,2020-04-09 22:00:09.175,ltHsc2Rtmp,com.sec.android.app.shealth,ab1f1b28-dc54-a657-d9eb-fb102d39948a,1586476800000,
4210688,2020-04-02 20:24:18.332,2020-04-01 22:00:05.156,ltHsc2Rtmp,com.sec.android.app.shealth,cb236d7d-5be1-33e6-6532-6477a1498f77,1585785600000,
8925696,2020-03-25 22:04:54.283,2020-03-24 23:00:11.798,ltHsc2Rtmp,com.sec.android.app.shealth,8ab5adf0-c3a8-3366-181d-92ab0e089918,1585094400000,
148480,2020-03-31 15:56:13.298,2020-03-30 22:00:14.942,ltHsc2Rtmp,com.sec.android.app.shealth,b7ee0e96-ebc2-4830-6df3-20f952a290e3,1585612800000,
4473344,2020-04-20 20:57:41.298,2020-04-19 22:00:09.040,ltHsc2Rtmp,com.sec.android.app.shealth,6627908f-4043-d2d8-17ba-911485bdafc5,1587340800000,
9504784,2020-04-26 21:05:14.450,2020-04-25 22:00:15.292,ltHsc2Rtmp,com.sec.android.app.shealth,4c1f4f80-23c1-b4f4-8e59-2b475dbf4599,1587859200000,
690208,2020-05-02 17:49:44.288,2020-05-01 22:00:15.949,ltHsc2Rtmp,com.sec.android.app.shealth,f7af8248-2970-2d1e-c0ae-7373bdfb80f7,1588377600000,
9986048,2020-05-08 21:12:22.262,2020-05-07 22:00:05.140,ltHsc2Rtmp,com.sec.android.app.shealth,fa8db024-9a9a-0b56-07b7-6f0180aab68f,1588896000000,
9576448,2020-05-14 21:13:55.290,2020-05-13 22:00:05.613,ltHsc2Rtmp,com.sec.android.app.shealth,9d5e27e8-acae-f499-4f38-a77b6d93b738,1589414400000,
1122816,2020-05-20 18:47:15.294,2020-05-19 22:00:09.066,ltHsc2Rtmp,com.sec.android.app.shealth,b36fdecf-d065-e49e-79e6-87bb8bc21c95,1589932800000,
6819840,2020-05-26 20:42:40.288,2020-05-25 22:11:10.377,ltHsc2Rtmp,com.sec.android.app.shealth,c2d11dea-14f8-49bc-943d-e8f00d8edf07,1590451200000,
4261888,2020-06-01 20:15:29.297,2020-05-31 22:00:13.788,ltHsc2Rtmp,com.sec.android.app.shealth,75e5de0a-90c2-4672-7b65-cc17923a4f48,1590969600000,
66560,2020-06-07 14:25:55.911,2020-06-06 22:00:13.472,ltHsc2Rtmp,com.sec.android.app.shealth,7e7120a1-e9c5-6510-7030-6d86ba5e7fc8,1591488000000,
3150336,2020-06-13 19:27:44.274,2020-06-13 02:26:30.630,ltHsc2Rtmp,com.sec.android.app.shealth,3b29595f-d65b-594f-9784-54d7fadd2199,1592006400000,
4198402,2020-06-19 20:33:08.261,2020-06-18 22:00:10.616,ltHsc2Rtmp,com.sec.android.app.shealth,2f27d2c8-05b2-d0e6-9efe-523fb7d8fe8e,1592524800000,
5242880,2020-06-25 20:58:03.264,2020-06-24 22:00:10.005,ltHsc2Rtmp,com.sec.android.app.shealth,717aa554-ff13-5b2e-f4ed-11193d00eb21,1593043200000,
4608,2020-07-01 10:43:58.779,2020-06-30 22:00:11.487,ltHsc2Rtmp,com.sec.android.app.shealth,c9151184-2e35-4894-a580-71cd4dc0d36f,1593561600000,
0,2020-07-06 22:00:07.950,2020-07-06 22:00:07.949,ltHsc2Rtmp,com.sec.android.app.shealth,393d24c4-0622-6780-0c91-d10aeec777c9,1594080000000,
1574912,2020-07-13 18:40:05.213,2020-07-12 22:00:07.066,ltHsc2Rtmp,com.sec.android.app.shealth,be300a9e-4b68-0af1-3fd7-58cfead7e266,1594598400000,
1179648,2020-07-19 18:57:12.221,2020-07-18 22:00:03.842,ltHsc2Rtmp,com.sec.android.app.shealth,e12a2507-80f3-eaa8-77bd-bb0074a3b5ac,1595116800000,
0,2020-07-25 10:46:12.171,2020-07-24 22:00:05.082,ltHsc2Rtmp,com.sec.android.app.shealth,d4cef439-dd4b-bdd2-93e6-3d90a5ec894c,1595635200000,
131712,2020-07-31 15:14:45.269,2020-07-30 22:00:12.559,ltHsc2Rtmp,com.sec.android.app.shealth,322cf1c4-940e-1b4f-76c7-d167e0d99b74,1596153600000,
1576960,2020-08-06 18:12:39.735,2020-08-05 22:00:06.454,ltHsc2Rtmp,com.sec.android.app.shealth,58743495-1b02-283e-cfe9-65a64ea07a18,1596672000000,
2625536,2020-08-12 19:34:35.506,2020-08-11 22:00:15.949,ltHsc2Rtmp,com.sec.android.app.shealth,c5e3275c-f611-5ab9-224b-9872c798b79a,1597190400000,
64,2020-08-18 19:15:31.994,2020-08-17 22:00:05.274,ltHsc2Rtmp,com.sec.android.app.shealth,f21c6354-e9c8-c8e8-9f2e-7621c6cb20bb,1597708800000,
1049088,2020-08-24 18:29:02.678,2020-08-23 22:00:09.948,ltHsc2Rtmp,com.sec.android.app.shealth,d496f2d1-8673-5553-3c57-7744f5e7861f,1598227200000,
66560,2020-08-30 14:37:05.284,2020-08-29 22:00:04.246,ltHsc2Rtmp,com.sec.android.app.shealth,348d9e76-e237-aaed-8f0f-66d159ba68c6,1598745600000,
66048,2020-09-05 14:30:09.269,2020-09-04 22:00:05.546,ltHsc2Rtmp,com.sec.android.app.shealth,4e416ef6-ac5e-a7fc-36a2-260cded2e275,1599264000000,
0,2020-09-10 22:00:06.110,2020-09-10 22:00:06.110,ltHsc2Rtmp,com.sec.android.app.shealth,5bc54bea-f0e4-7e79-c9c1-a8896d97d5c1,1599782400000,
0,2020-09-16 22:00:02.612,2020-09-16 22:00:02.612,ltHsc2Rtmp,com.sec.android.app.shealth,ce5950c3-f258-52ad-7713-8bbcc36128e5,1600300800000,
9699328,2020-09-24 21:32:45.310,2020-09-23 22:00:06.926,ltHsc2Rtmp,com.sec.android.app.shealth,9371e07d-96b8-35a1-e89d-016e22edf30c,1600905600000,
65536,2020-09-30 14:44:17.798,2020-09-30 04:04:27.849,ltHsc2Rtmp,com.sec.android.app.shealth,aea90826-575f-03f3-5dc1-fb2ab2f3fb34,1601424000000,
32768,2020-10-06 13:16:04.617,2020-10-05 22:00:06.665,ltHsc2Rtmp,com.sec.android.app.shealth,c8e63882-59d3-f04f-edec-9d9352c4bc63,1601942400000,
528384,2020-10-12 21:41:00.553,2020-10-11 22:00:08.119,ltHsc2Rtmp,com.sec.android.app.shealth,8fc7f866-df99-ba8f-61b5-7e4d54f819ac,1602460800000,
16384,2020-11-12 13:29:43.642,2020-11-11 23:00:06.917,ltHsc2Rtmp,com.sec.android.app.shealth,03a11081-94a7-1c2c-d402-2ebd3b80f07c,1605139200000,
1064960,2020-11-18 19:03:03.249,2020-11-17 23:00:05.784,ltHsc2Rtmp,com.sec.android.app.shealth,f05add0f-e8d1-e42b-8b0e-6d197bebae82,1605657600000,
2376704,2020-11-24 20:52:36.254,2020-11-23 23:00:06.010,ltHsc2Rtmp,com.sec.android.app.shealth,8fd323b0-f4c5-c338-e345-f3027f8ad6ac,1606176000000,
532480,2020-11-30 18:37:03.278,2020-11-29 23:00:04.191,ltHsc2Rtmp,com.sec.android.app.shealth,b670856e-e533-a4ea-415c-2a0a5e8474a3,1606694400000,
262144,2020-12-06 17:56:14.250,2020-12-06 13:19:59.321,ltHsc2Rtmp,com.sec.android.app.shealth,0cb7d0da-f61a-81f9-d4f0-9924064ef9af,1607212800000,
2099200,2020-12-12 20:51:29.234,2020-12-11 23:00:06.655,ltHsc2Rtmp,com.sec.android.app.shealth,2f6f82eb-6f69-0664-a101-7b0294331d16,1607731200000,
1247232,2020-12-18 19:23:41.243,2020-12-17 23:00:07.810,ltHsc2Rtmp,com.sec.android.app.shealth,83f74c05-c486-4613-6149-90b5d7a06586,1608249600000,
2376192,2020-12-24 20:06:09.247,2020-12-23 23:00:03.985,ltHsc2Rtmp,com.sec.android.app.shealth,5f1598a0-f81f-cb6a-2c59-cf6c98f59f9d,1608768000000,
294912,2020-12-30 17:36:45.300,2020-12-29 23:00:04.842,ltHsc2Rtmp,com.sec.android.app.shealth,8306ac22-66b6-4de6-a754-5e849381924f,1609286400000,
512,2021-01-05 12:24:50.364,2021-01-04 23:00:05.724,ltHsc2Rtmp,com.sec.android.app.shealth,680ffd31-bb9f-ee05-1dfb-4a4d85aca45a,1609804800000,
4325888,2021-01-11 21:19:05.187,2021-01-10 23:00:03.538,ltHsc2Rtmp,com.sec.android.app.shealth,35b29364-a003-a699-0eb7-d583e3ae6112,1610323200000,
559104,2021-01-17 18:22:34.301,2021-01-16 23:00:03.405,ltHsc2Rtmp,com.sec.android.app.shealth,c3c5adb1-e6fc-1264-5d7a-0e4d3bbc5bc7,1610841600000,
2376704,2021-01-23 20:25:38.304,2021-01-22 23:00:03.484,ltHsc2Rtmp,com.sec.android.app.shealth,01ea85e1-141e-2426-e88c-f671e71e94a5,1611360000000,
16384,2021-01-29 13:25:03.403,2021-01-28 23:00:04.178,ltHsc2Rtmp,com.sec.android.app.shealth,1906d2df-15fc-12a8-669b-e1b6a2b7c0e4,1611878400000,
2393344,2021-02-04 20:04:21.754,2021-02-03 23:21:18.872,ltHsc2Rtmp,com.sec.android.app.shealth,0840bf20-dfa5-7efa-e376-72c3099b5eb9,1612396800000,
131840,2021-02-10 16:58:37.261,2021-02-09 23:00:08.375,ltHsc2Rtmp,com.sec.android.app.shealth,513f189c-788f-15a3-69b0-bc8f703a3410,1612915200000,
64,2021-02-16 05:14:52.380,2021-02-15 23:00:04.717,ltHsc2Rtmp,com.sec.android.app.shealth,4e269b51-9efa-5063-1d9e-64c8f304b6c5,1613433600000,
4196352,2021-02-22 21:00:11.287,2021-02-21 23:00:03.744,ltHsc2Rtmp,com.sec.android.app.shealth,6b64abf4-08af-1a28-e6fe-4b4ac613cba6,1613952000000,
2097152,2021-02-28 20:46:47.303,2021-02-27 23:00:08.356,ltHsc2Rtmp,com.sec.android.app.shealth,d51014e1-d4e0-8457-a1c7-dd6292c1c8e6,1614470400000,
2279424,2021-03-06 20:50:57.518,2021-03-05 23:00:07.594,ltHsc2Rtmp,com.sec.android.app.shealth,3711f0ab-780a-b84a-31ed-925da21e2298,1614988800000,
794624,2021-03-12 18:33:38.316,2021-03-11 23:00:08.320,ltHsc2Rtmp,com.sec.android.app.shealth,c0f0de04-b71b-391d-1077-faab69e6c9d9,1615507200000,
2114560,2020-04-11 19:43:56.291,2020-04-10 22:00:06.417,ltHsc2Rtmp,com.sec.android.app.shealth,42fb2484-c21c-6b39-b0a7-5c3a68a64111,1586563200000,
1324032,2020-04-03 18:18:56.220,2020-04-02 22:00:16.231,ltHsc2Rtmp,com.sec.android.app.shealth,26562fba-24da-d8cf-cd97-9c765f1982b6,1585872000000,
4801024,2020-03-26 21:35:14.636,2020-03-25 23:00:10.516,ltHsc2Rtmp,com.sec.android.app.shealth,5066b864-6eeb-eb57-3fe6-afef23fe0270,1585180800000,
2113536,2020-04-01 19:31:01.474,2020-04-01 10:26:20.143,ltHsc2Rtmp,com.sec.android.app.shealth,9368d8d0-b8d6-a59c-014e-ec288a2e6f4b,1585699200000,
3284992,2020-04-21 19:59:37.305,2020-04-20 22:00:14.068,ltHsc2Rtmp,com.sec.android.app.shealth,404c46bd-7b25-cb44-8685-75d5c36eec33,1587427200000,
4212736,2020-04-27 20:04:41.420,2020-04-26 22:00:14.428,ltHsc2Rtmp,com.sec.android.app.shealth,c2db41d6-a1b4-957e-6e87-2f185a415348,1587945600000,
65536,2020-05-03 14:21:03.854,2020-05-02 22:00:03.862,ltHsc2Rtmp,com.sec.android.app.shealth,6b8cec04-9686-4b0d-e842-ba182ab42b54,1588464000000,
32,2020-05-09 03:05:57.322,2020-05-08 22:00:07.807,ltHsc2Rtmp,com.sec.android.app.shealth,78eebabd-ab7b-5fc0-21f1-3cf937d62591,1588982400000,
4337680,2020-05-15 20:30:35.351,2020-05-14 22:00:03.986,ltHsc2Rtmp,com.sec.android.app.shealth,77babb59-5cef-aa17-2fe9-baaaef4ec998,1589500800000,
5251088,2020-05-21 20:38:15.689,2020-05-20 22:00:08.933,ltHsc2Rtmp,com.sec.android.app.shealth,300f8bd2-06ad-9c57-c67a-49485a336f1c,1590019200000,
5242880,2020-05-27 20:41:16.277,2020-05-26 22:00:05.709,ltHsc2Rtmp,com.sec.android.app.shealth,8f81ba6b-621c-4209-5ab6-b59e8650e9ec,1590537600000,
6428800,2020-06-02 20:21:54.315,2020-06-01 22:00:03.898,ltHsc2Rtmp,com.sec.android.app.shealth,04320684-df32-90bd-5c2d-e5743d5036b5,1591056000000,
2097152,2020-06-08 19:15:03.904,2020-06-07 22:00:06.405,ltHsc2Rtmp,com.sec.android.app.shealth,874e4781-37c3-d8a5-d232-5b283402460a,1591574400000,
1120256,2020-06-14 18:10:10.310,2020-06-13 22:00:15.454,ltHsc2Rtmp,com.sec.android.app.shealth,dcb85ed7-5fd6-19f6-3418-c2dce2306948,1592092800000,
1052672,2020-06-20 18:19:26.238,2020-06-19 22:00:04.699,ltHsc2Rtmp,com.sec.android.app.shealth,32aae95a-33d1-9a2a-cf8a-f9382c458579,1592611200000,
2097152,2020-06-26 19:26:41.257,2020-06-25 22:00:13.077,ltHsc2Rtmp,com.sec.android.app.shealth,bc766187-aa82-563e-90fa-04d9264b30dc,1593129600000,
1048576,2020-07-02 18:26:02.230,2020-07-02 06:36:39.821,ltHsc2Rtmp,com.sec.android.app.shealth,f2971041-95ab-7e10-3922-bd2d794bf093,1593648000000,
262144,2020-07-08 16:58:46.208,2020-07-07 22:00:08.474,ltHsc2Rtmp,com.sec.android.app.shealth,abccef5b-df45-3e98-2b53-3a414399fe31,1594166400000,
4608,2020-07-14 10:17:23.676,2020-07-13 22:00:09.610,ltHsc2Rtmp,com.sec.android.app.shealth,25fb9846-d3a8-2c3b-84da-e201dee4d6d6,1594684800000,
0,2020-07-20 21:39:59.060,2020-07-19 22:00:05.895,ltHsc2Rtmp,com.sec.android.app.shealth,bb033a55-af91-b3b2-c366-dc0694276593,1595203200000,
1048576,2020-07-26 18:41:17.265,2020-07-25 22:00:08.894,ltHsc2Rtmp,com.sec.android.app.shealth,2e0ab6c0-7ba9-a98e-0154-82d8ba5e5de0,1595721600000,
2048,2020-08-01 09:29:38.222,2020-07-31 22:00:07.831,ltHsc2Rtmp,com.sec.android.app.shealth,2fffd336-491f-734b-9658-fd02fc069fab,1596240000000,
606208,2020-08-07 17:20:10.235,2020-08-06 22:00:14.516,ltHsc2Rtmp,com.sec.android.app.shealth,d5f6779c-42a6-eb0b-0f04-2a48727b4fa5,1596758400000,
791552,2020-08-13 17:43:12.271,2020-08-12 22:00:06.608,ltHsc2Rtmp,com.sec.android.app.shealth,42bbe133-b3d4-27b3-fb3a-2e20b037899d,1597276800000,
2621952,2020-08-19 19:27:42.781,2020-08-18 22:00:09.777,ltHsc2Rtmp,com.sec.android.app.shealth,43b25e0a-1eb4-0e25-5905-df829b3b0bed,1597795200000,
655489,2020-08-25 17:46:27.460,2020-08-24 22:00:12.020,ltHsc2Rtmp,com.sec.android.app.shealth,e602e751-c62a-ecb7-fdd4-5f0b2fe9a2b9,1598313600000,
2654208,2020-08-31 19:09:04.264,2020-08-30 22:00:12.216,ltHsc2Rtmp,com.sec.android.app.shealth,86c14089-6d72-73df-c0fc-6059bd52f6a3,1598832000000,
1582080,2020-09-06 18:58:50.242,2020-09-05 22:00:06.800,ltHsc2Rtmp,com.sec.android.app.shealth,73de23ec-d5a0-b45f-02e6-0f3d29f0ac0b,1599350400000,
0,2020-09-11 22:00:02.618,2020-09-11 22:00:02.618,ltHsc2Rtmp,com.sec.android.app.shealth,a1d68ade-b5d4-6613-ac12-fec53dd7352e,1599868800000,
0,2020-09-19 20:34:24.718,2020-09-19 20:34:24.718,ltHsc2Rtmp,com.sec.android.app.shealth,10fe50f2-f1a6-d634-710a-20a71985b434,1600473600000,
1378560,2020-09-25 18:21:44.241,2020-09-24 22:00:05.751,ltHsc2Rtmp,com.sec.android.app.shealth,cbb92974-6725-2ac3-80fc-64565bf9848d,1600992000000,
2625536,2020-10-01 19:13:39.297,2020-09-30 22:00:09.220,ltHsc2Rtmp,com.sec.android.app.shealth,5b74acc4-a135-3c67-75ed-4bcb21946d9e,1601510400000,
4096,2020-10-07 10:03:56.280,2020-10-06 22:00:11.329,ltHsc2Rtmp,com.sec.android.app.shealth,55e3e3d6-9493-a04d-c88b-822f68f9e195,1602028800000,
393216,2020-10-13 16:49:51.787,2020-10-13 10:35:11.197,ltHsc2Rtmp,com.sec.android.app.shealth,4f7b1c32-5709-4dcd-45d5-2986c8211513,1602547200000,
1050624,2020-11-13 19:35:59.252,2020-11-12 23:00:02.539,ltHsc2Rtmp,com.sec.android.app.shealth,7924d237-9fec-d930-029f-79e0c8df6eff,1605225600000,
46080,2020-11-19 14:02:05.568,2020-11-18 23:00:04.184,ltHsc2Rtmp,com.sec.android.app.shealth,917fec61-cd96-66cf-d62c-9e9b1a4901af,1605744000000,
4788224,2020-11-25 21:15:11.261,2020-11-24 23:00:03.893,ltHsc2Rtmp,com.sec.android.app.shealth,58452073-b997-e4f5-73e2-95ca52a6e370,1606262400000,
2179072,2020-12-01 20:51:20.298,2020-11-30 23:00:02.918,ltHsc2Rtmp,com.sec.android.app.shealth,c247ee0f-1081-2e37-eb73-9cfa2475306e,1606780800000,
4507136,2020-12-07 21:03:29.252,2020-12-06 23:00:09.071,ltHsc2Rtmp,com.sec.android.app.shealth,49fb420e-28e6-7f8a-34c5-bc4175346646,1607299200000,
335872,2020-12-13 17:34:23.293,2020-12-12 23:00:03.854,ltHsc2Rtmp,com.sec.android.app.shealth,1d09b6fe-a700-0fbb-07b1-528af0ca223d,1607817600000,
4472832,2020-12-19 21:23:49.323,2020-12-18 23:00:04.444,ltHsc2Rtmp,com.sec.android.app.shealth,3bc21ab8-8745-0946-c689-be5a6a268f64,1608336000000,
4589568,2020-12-25 21:25:29.321,2020-12-24 23:00:10.086,ltHsc2Rtmp,com.sec.android.app.shealth,4382e768-05dd-ea2f-05a8-699947e866e0,1608854400000,
4752384,2020-12-31 21:41:17.314,2020-12-30 23:00:18.776,ltHsc2Rtmp,com.sec.android.app.shealth,5bb9d449-80ad-40f7-e8e5-91a91e67a022,1609372800000,
16896,2021-01-06 13:28:56.703,2021-01-05 23:00:04.607,ltHsc2Rtmp,com.sec.android.app.shealth,eaf13624-b395-e7d4-19ac-1107c070b8ab,1609891200000,
2048,2021-01-12 10:03:16.302,2021-01-11 23:00:06.802,ltHsc2Rtmp,com.sec.android.app.shealth,c4667db6-9c9c-dc9d-e0be-f367f8848926,1610409600000,
4718592,2021-01-18 21:13:48.310,2021-01-17 23:00:03.514,ltHsc2Rtmp,com.sec.android.app.shealth,30470513-4f5b-4d85-8562-e6e881e66dac,1610928000000,
4204544,2021-01-24 21:20:15.322,2021-01-23 23:00:06.806,ltHsc2Rtmp,com.sec.android.app.shealth,40087682-8968-b746-30a4-08643288d87a,1611446400000,
148992,2021-01-30 16:29:17.367,2021-01-29 23:00:05.658,ltHsc2Rtmp,com.sec.android.app.shealth,d8c7c33a-052b-504b-c19d-5381fbdc8015,1611964800000,
354304,2021-02-05 17:35:07.241,2021-02-04 23:00:14.866,ltHsc2Rtmp,com.sec.android.app.shealth,8b4bd6bb-1ecb-430c-c12a-80b2d6b19908,1612483200000,
5308416,2021-02-11 21:35:57.198,2021-02-10 23:00:07.553,ltHsc2Rtmp,com.sec.android.app.shealth,69066b00-1aa5-967b-a7e5-8d8d86547c3d,1613001600000,
136192,2021-02-17 16:25:03.329,2021-02-16 23:00:10.393,ltHsc2Rtmp,com.sec.android.app.shealth,e43c0c8b-fb28-72ec-be1e-d8154434ea7a,1613520000000,
4194304,2021-02-23 21:12:39.714,2021-02-22 23:00:03.485,ltHsc2Rtmp,com.sec.android.app.shealth,7aa172a4-f040-23ba-65f6-4c6bf9602c76,1614038400000,
524288,2021-03-01 18:48:27.339,2021-02-28 23:00:11.753,ltHsc2Rtmp,com.sec.android.app.shealth,2f463af5-9c91-79de-1678-eb59eb680970,1614556800000,
139264,2021-03-07 16:29:07.909,2021-03-06 23:00:15.108,ltHsc2Rtmp,com.sec.android.app.shealth,1ba2e9fc-056d-20bf-a590-90869d57938c,1615075200000,
4464640,2021-03-13 21:15:00.243,2021-03-12 23:00:03.724,ltHsc2Rtmp,com.sec.android.app.shealth,f19536fc-7d72-de5f-f618-919769e5e8ed,1615593600000,
4294656,2020-04-12 20:22:41.311,2020-04-11 22:00:06.890,ltHsc2Rtmp,com.sec.android.app.shealth,909de831-f7f3-b102-9424-1e3d13d74247,1586649600000,
4199424,2020-04-04 20:00:05.276,2020-04-03 22:00:10.107,ltHsc2Rtmp,com.sec.android.app.shealth,4e583467-de71-e4a8-5ec0-a83cc142e8a0,1585958400000,
4460544,2020-03-27 21:48:07.311,2020-03-26 23:00:16.736,ltHsc2Rtmp,com.sec.android.app.shealth,68afae3e-ddff-92a9-24cd-c1e76ec93c34,1585267200000,
1327616,2020-04-16 18:34:27.328,2020-04-15 22:00:08.227,ltHsc2Rtmp,com.sec.android.app.shealth,68124b9a-3590-c0e6-10bd-56720152b209,1586995200000,
8192,2020-04-22 11:22:10.335,2020-04-21 22:00:05.228,ltHsc2Rtmp,com.sec.android.app.shealth,21d0c958-ad1b-dcb8-cf7b-35a3a5b19ba7,1587513600000,
131072,2020-04-28 15:56:27.351,2020-04-27 22:00:05.001,ltHsc2Rtmp,com.sec.android.app.shealth,ac8cad3c-f22f-62e5-02b0-d0a93606e4e9,1588032000000,
12191744,2020-05-04 21:01:48.295,2020-05-03 22:00:14.731,ltHsc2Rtmp,com.sec.android.app.shealth,335b9090-defa-70d2-8db1-08ddce8af799,1588550400000,
1050641,2020-05-10 18:51:00.924,2020-05-09 22:00:11.706,ltHsc2Rtmp,com.sec.android.app.shealth,acfecfcb-cd04-cc21-8c87-4809a6b6427a,1589068800000,
9437200,2020-05-16 21:02:09.265,2020-05-15 22:00:03.095,ltHsc2Rtmp,com.sec.android.app.shealth,99282894-a578-4eac-d003-8bd8e9e64256,1589587200000,
16,2020-05-22 02:04:32.276,2020-05-21 22:00:04.797,ltHsc2Rtmp,com.sec.android.app.shealth,0d0d5e01-dbdd-88f8-f167-8e82fab9e4e1,1590105600000,
525312,2020-05-28 17:53:48.293,2020-05-27 22:00:08.113,ltHsc2Rtmp,com.sec.android.app.shealth,11546bf8-91e6-ff19-0328-9bd30193f453,1590624000000,
541696,2020-06-03 17:32:10.263,2020-06-02 22:00:15.458,ltHsc2Rtmp,com.sec.android.app.shealth,637eb595-5f30-ba27-4af1-410d27ab355d,1591142400000,
1196033,2020-06-09 18:45:53.324,2020-06-08 22:00:17.397,ltHsc2Rtmp,com.sec.android.app.shealth,1b2e76ac-b7c4-c2af-c568-d6fd7073be2c,1591660800000,
14157824,2020-06-15 21:32:04.265,2020-06-14 22:00:09.509,ltHsc2Rtmp,com.sec.android.app.shealth,b5b17d0e-edc6-8a55-83a3-7f34be61f7f7,1592179200000,
34176,2020-06-21 13:13:46.248,2020-06-20 22:00:09.551,ltHsc2Rtmp,com.sec.android.app.shealth,f51e3a36-88e1-8d45-f746-0d6ad211274e,1592697600000,
6144,2020-06-27 10:35:08.445,2020-06-26 22:00:09.075,ltHsc2Rtmp,com.sec.android.app.shealth,7894ca8b-3890-ebcd-8a27-67414920af8b,1593216000000,
1069056,2020-07-03 18:22:28.260,2020-07-02 22:00:03.278,ltHsc2Rtmp,com.sec.android.app.shealth,6f018f21-990b-2894-2ccf-125ed1c5bb85,1593734400000,
8945664,2020-07-09 21:32:16.225,2020-07-08 22:00:14.018,ltHsc2Rtmp,com.sec.android.app.shealth,d61380d2-dda6-8fe5-9c39-118d8f7d392a,1594252800000,
4849728,2020-07-15 20:52:36.284,2020-07-14 22:00:14.778,ltHsc2Rtmp,com.sec.android.app.shealth,00ad6ada-00cf-4165-4ae5-4d1ec5e0a349,1594771200000,
32768,2020-07-21 13:59:46.754,2020-07-20 22:00:04.834,ltHsc2Rtmp,com.sec.android.app.shealth,ed53e17a-1133-1b22-32c0-0914e78e85f0,1595289600000,
591872,2020-07-27 17:07:36.533,2020-07-26 22:00:12.198,ltHsc2Rtmp,com.sec.android.app.shealth,be002c1d-6571-cbe5-d2ef-21908884c0e6,1595808000000,
7340032,2020-08-02 20:23:36.305,2020-08-02 16:49:27.065,ltHsc2Rtmp,com.sec.android.app.shealth,fa1ef470-af8e-93dd-ab7c-4e66d031a856,1596326400000,
524288,2020-08-08 17:26:05.247,2020-08-07 22:00:19.414,ltHsc2Rtmp,com.sec.android.app.shealth,5a74914c-2e93-32bb-54ca-0bd4536f780a,1596844800000,
540672,2020-08-14 17:29:34.265,2020-08-13 22:00:08.523,ltHsc2Rtmp,com.sec.android.app.shealth,bb16f6d6-050a-68f5-a51f-eed62510eeff,1597363200000,
1114112,2020-08-20 18:47:28.263,2020-08-19 22:00:04.088,ltHsc2Rtmp,com.sec.android.app.shealth,80a4280c-3a41-0fa6-7078-eb0e422ed88f,1597881600000,
328448,2020-08-26 16:57:51.281,2020-08-25 22:00:10.067,ltHsc2Rtmp,com.sec.android.app.shealth,cb652e4f-c3af-5cae-e105-773622c1debc,1598400000000,
4718593,2020-09-01 20:07:54.204,2020-08-31 22:00:04.196,ltHsc2Rtmp,com.sec.android.app.shealth,8a7b12a4-90ec-d383-4029-5a53bdf8d164,1598918400000,
1086528,2020-09-07 18:55:36.251,2020-09-06 22:00:04.720,ltHsc2Rtmp,com.sec.android.app.shealth,ba406206-b621-39d4-ab53-df86ff0fff6d,1599436800000,
0,2020-09-12 22:00:04.245,2020-09-12 22:00:04.244,ltHsc2Rtmp,com.sec.android.app.shealth,54cedee5-ea25-4d3a-e133-1539ca5ae8a4,1599955200000,
557056,2020-09-20 17:55:12.252,2020-09-19 22:00:04.651,ltHsc2Rtmp,com.sec.android.app.shealth,07cba97a-786d-5d7b-8073-8df1a7021530,1600560000000,
4793344,2020-09-26 20:26:04.284,2020-09-25 22:00:05.435,ltHsc2Rtmp,com.sec.android.app.shealth,72ef239d-dc19-8286-54f9-633b37f135c3,1601078400000,
264704,2020-10-02 16:58:14.298,2020-10-01 22:00:03.290,ltHsc2Rtmp,com.sec.android.app.shealth,f412f0ac-b08d-7a2a-4a6f-dd4e04b79cec,1601596800000,
332800,2020-10-08 16:03:40.326,2020-10-07 22:00:04.044,ltHsc2Rtmp,com.sec.android.app.shealth,c587c69f-f050-7720-dffd-9e8036efc5cc,1602115200000,
262144,2020-10-14 16:32:18.325,2020-10-13 22:00:07.071,ltHsc2Rtmp,com.sec.android.app.shealth,b03f0055-65c8-3a82-278f-156ee50388f3,1602633600000,
8704,2020-11-14 12:25:17.246,2020-11-13 23:00:10.470,ltHsc2Rtmp,com.sec.android.app.shealth,6f386730-f60c-b232-6f3d-d95ce6364da9,1605312000000,
8390656,2020-11-20 22:09:52.809,2020-11-19 23:00:05.862,ltHsc2Rtmp,com.sec.android.app.shealth,8af7646a-4149-91d7-96f2-309b7094e121,1605830400000,
2753536,2020-11-26 20:15:40.448,2020-11-25 23:00:02.329,ltHsc2Rtmp,com.sec.android.app.shealth,061b3f71-7d57-1d2a-636d-7993362ba6e8,1606348800000,
335872,2020-12-02 17:04:06.288,2020-12-01 23:00:03.348,ltHsc2Rtmp,com.sec.android.app.shealth,de2c1d35-e405-2395-d6a9-3491cb171690,1606867200000,
262400,2020-12-08 17:58:23.304,2020-12-07 23:00:12.274,ltHsc2Rtmp,com.sec.android.app.shealth,733df9eb-9ea5-f1f2-e643-1333178c2ce0,1607385600000,
4456448,2020-12-14 21:15:23.251,2020-12-14 09:58:42.365,ltHsc2Rtmp,com.sec.android.app.shealth,33c5ccd9-32c8-3a76-cded-d7f3fc500679,1607904000000,
65536,2020-12-20 15:41:08.259,2020-12-19 23:00:08.867,ltHsc2Rtmp,com.sec.android.app.shealth,4ac02aeb-b30f-7c88-a6fd-57bff54f69f9,1608422400000,
262144,2020-12-26 17:37:10.294,2020-12-25 23:00:09.674,ltHsc2Rtmp,com.sec.android.app.shealth,ec1bcba0-402e-a68b-7cc6-b239e57e88bf,1608940800000,
2298113,2021-01-01 20:52:55.226,2020-12-31 23:00:06.582,ltHsc2Rtmp,com.sec.android.app.shealth,07dcdebb-a30d-d140-85b3-dd5e4766bbc4,1609459200000,
6294016,2021-01-07 21:35:27.656,2021-01-06 23:00:02.635,ltHsc2Rtmp,com.sec.android.app.shealth,1e15e120-3b84-8a28-21c5-9596a8b976c4,1609977600000,
589824,2021-01-13 18:22:47.257,2021-01-13 05:47:02.521,ltHsc2Rtmp,com.sec.android.app.shealth,2abc9fb7-459a-db17-6edc-ebe872f2dc4d,1610496000000,
512,2021-01-19 08:20:13.321,2021-01-18 23:00:02.441,ltHsc2Rtmp,com.sec.android.app.shealth,263be96b-7193-1e42-c83f-0449f377b151,1611014400000,
524800,2021-01-25 18:36:01.285,2021-01-24 23:00:08.193,ltHsc2Rtmp,com.sec.android.app.shealth,b9eefbab-8dc9-d832-ebd9-af1dbecc321e,1611532800000,
33280,2021-01-31 14:55:44.342,2021-01-30 23:00:02.769,ltHsc2Rtmp,com.sec.android.app.shealth,ca73b1dd-40ef-2f63-4f40-0db4fc072379,1612051200000,
2132224,2021-02-06 20:33:49.369,2021-02-05 23:00:08.065,ltHsc2Rtmp,com.sec.android.app.shealth,2045be9b-0ab5-d9e1-d067-969278594363,1612569600000,
2107392,2021-02-12 20:54:53.197,2021-02-11 23:00:08.873,ltHsc2Rtmp,com.sec.android.app.shealth,3d75993c-26ba-a020-d056-00229a4f3556,1613088000000,
4489216,2021-02-18 21:03:45.326,2021-02-18 08:54:57.996,ltHsc2Rtmp,com.sec.android.app.shealth,1ab2185d-98c6-42a6-ff96-53848f525645,1613606400000,
32768,2021-02-24 14:20:05.607,2021-02-23 23:00:04.814,ltHsc2Rtmp,com.sec.android.app.shealth,3db95b55-b8d8-c5e6-b6d3-32592f3df410,1614124800000,
49152,2021-03-02 14:36:06.381,2021-03-01 23:00:04.675,ltHsc2Rtmp,com.sec.android.app.shealth,3181ad0a-3c64-b900-da74-9dd37e9a9a08,1614643200000,
1147008,2021-03-08 19:40:20.343,2021-03-07 23:00:05.822,ltHsc2Rtmp,com.sec.android.app.shealth,de28557d-6d63-ee3f-19ad-e518d4f14e1f,1615161600000,
132352,2021-03-14 16:54:24.602,2021-03-13 23:00:05.699,ltHsc2Rtmp,com.sec.android.app.shealth,240d3281-73e2-6ac9-9f53-4d26429f6ed0,1615680000000,
