{"mActivityList":[{"mActiveTime":600000,"mActiveTimeType":2,"mCalorie":70.9,"mCategory":204,"mDetailInfoId":"aef4906f-d9e4-b775-fc0f-f6e569ce68d2","mDistance":0.0,"mDuration":600000,"mEndTime":55941264,"mStartTime":55341264,"mType":11007},{"mActiveTime":600000,"mActiveTimeType":2,"mCalorie":80.71,"mCategory":204,"mDetailInfoId":"192fe26c-2bf3-9f9d-099c-ae862bc3f174","mDistance":0.0,"mDuration":600000,"mEndTime":71742071,"mStartTime":71142071,"mType":11007}],"mAdaptiveGoal":0,"mIsGoalAchieved":false,"mIsMostActiveAchieved":false,"mMostActiveMinutes":0,"mStreakDayCount":0,"mUnitDataList":[{"distance":7.04,"mCalorie":0.5,"mOthersTime":0,"mRunTime":0,"mStartTime":7800000,"mTimeUnit":600000,"mWalkTime":6670,"runStep":0,"walkStep":10},{"distance":17.66,"mCalorie":0.86,"mOthersTime":0,"mRunTime":0,"mStartTime":9600000,"mTimeUnit":600000,"mWalkTime":16008,"runStep":0,"walkStep":24},{"distance":43.501,"mCalorie":2.21,"mOthersTime":0,"mRunTime":800,"mStartTime":15600000,"mTimeUnit":600000,"mWalkTime":36685,"runStep":2,"walkStep":55},{"distance":20.069,"mCalorie":0.90999997,"mOthersTime":0,"mRunTime":0,"mStartTime":16200000,"mTimeUnit":600000,"mWalkTime":18009,"runStep":0,"walkStep":27},{"distance":415.981,"mCalorie":20.15,"mOthersTime":0,"mRunTime":0,"mStartTime":16800000,"mTimeUnit":600000,"mWalkTime":350025,"runStep":0,"walkStep":580},{"distance":23.42,"mCalorie":1.18,"mOthersTime":0,"mRunTime":0,"mStartTime":17400000,"mTimeUnit":600000,"mWalkTime":15341,"runStep":0,"walkStep":23},{"distance":164.80899,"mCalorie":7.65,"mOthersTime":0,"mRunTime":0,"mStartTime":19200000,"mTimeUnit":600000,"mWalkTime":128004,"runStep":0,"walkStep":221},{"distance":222.41998,"mCalorie":11.7,"mOthersTime":0,"mRunTime":0,"mStartTime":19800000,"mTimeUnit":600000,"mWalkTime":187367,"runStep":0,"walkStep":314},{"distance":49.9,"mCalorie":2.8899999,"mOthersTime":0,"mRunTime":0,"mStartTime":20400000,"mTimeUnit":600000,"mWalkTime":46023,"runStep":0,"walkStep":69},{"distance":19.2,"mCalorie":0.84,"mOthersTime":0,"mRunTime":0,"mStartTime":33000000,"mTimeUnit":600000,"mWalkTime":16008,"runStep":0,"walkStep":24},{"distance":33.12,"mCalorie":1.43,"mOthersTime":0,"mRunTime":0,"mStartTime":34200000,"mTimeUnit":600000,"mWalkTime":28681,"runStep":0,"walkStep":43},{"distance":12.21,"mCalorie":0.6,"mOthersTime":0,"mRunTime":0,"mStartTime":35400000,"mTimeUnit":600000,"mWalkTime":11339,"runStep":0,"walkStep":17},{"distance":17.689999,"mCalorie":0.94,"mOthersTime":0,"mRunTime":0,"mStartTime":36000000,"mTimeUnit":600000,"mWalkTime":16675,"runStep":0,"walkStep":25},{"distance":96.241,"mCalorie":4.72,"mOthersTime":0,"mRunTime":0,"mStartTime":36600000,"mTimeUnit":600000,"mWalkTime":85376,"runStep":0,"walkStep":128},{"distance":23.59,"mCalorie":1.04,"mOthersTime":0,"mRunTime":0,"mStartTime":37200000,"mTimeUnit":600000,"mWalkTime":20677,"runStep":0,"walkStep":31},{"distance":37.42,"mCalorie":1.9200001,"mOthersTime":0,"mRunTime":1600,"mStartTime":37800000,"mTimeUnit":600000,"mWalkTime":30015,"runStep":4,"walkStep":45},{"distance":56.449997,"mCalorie":2.93,"mOthersTime":0,"mRunTime":2000,"mStartTime":38400000,"mTimeUnit":600000,"mWalkTime":46023,"runStep":5,"walkStep":69},{"distance":131.81,"mCalorie":6.0899997,"mOthersTime":0,"mRunTime":400,"mStartTime":39000000,"mTimeUnit":600000,"mWalkTime":116058,"runStep":1,"walkStep":174},{"distance":163.07,"mCalorie":8.34,"mOthersTime":0,"mRunTime":800,"mStartTime":39600000,"mTimeUnit":600000,"mWalkTime":142738,"runStep":2,"walkStep":214},{"distance":239.681,"mCalorie":11.89,"mOthersTime":0,"mRunTime":0,"mStartTime":40200000,"mTimeUnit":600000,"mWalkTime":212076,"runStep":0,"walkStep":323},{"distance":198.48999,"mCalorie":10.269999,"mOthersTime":0,"mRunTime":0,"mStartTime":40800000,"mTimeUnit":600000,"mWalkTime":184092,"runStep":0,"walkStep":276},{"distance":200.33002,"mCalorie":10.559999,"mOthersTime":0,"mRunTime":0,"mStartTime":41400000,"mTimeUnit":600000,"mWalkTime":182091,"runStep":0,"walkStep":273},{"distance":57.0,"mCalorie":3.0900002,"mOthersTime":0,"mRunTime":400,"mStartTime":42000000,"mTimeUnit":600000,"mWalkTime":49358,"runStep":1,"walkStep":74},{"distance":64.64,"mCalorie":3.26,"mOthersTime":0,"mRunTime":0,"mStartTime":42600000,"mTimeUnit":600000,"mWalkTime":57362,"runStep":0,"walkStep":86},{"distance":45.26,"mCalorie":2.2400002,"mOthersTime":0,"mRunTime":0,"mStartTime":43200000,"mTimeUnit":600000,"mWalkTime":41354,"runStep":0,"walkStep":62},{"distance":39.13,"mCalorie":2.05,"mOthersTime":0,"mRunTime":0,"mStartTime":43800000,"mTimeUnit":600000,"mWalkTime":36018,"runStep":0,"walkStep":54},{"distance":8.96,"mCalorie":0.41,"mOthersTime":0,"mRunTime":0,"mStartTime":44400000,"mTimeUnit":600000,"mWalkTime":8004,"runStep":0,"walkStep":12},{"distance":39.58,"mCalorie":2.0700002,"mOthersTime":0,"mRunTime":0,"mStartTime":45000000,"mTimeUnit":600000,"mWalkTime":36685,"runStep":0,"walkStep":55},{"distance":27.912,"mCalorie":1.36,"mOthersTime":0,"mRunTime":0,"mStartTime":45600000,"mTimeUnit":600000,"mWalkTime":25346,"runStep":0,"walkStep":38},{"distance":119.74899,"mCalorie":5.81,"mOthersTime":0,"mRunTime":0,"mStartTime":46200000,"mTimeUnit":600000,"mWalkTime":104719,"runStep":0,"walkStep":157},{"distance":393.441,"mCalorie":20.130001,"mOthersTime":0,"mRunTime":0,"mStartTime":46800000,"mTimeUnit":600000,"mWalkTime":334047,"runStep":0,"walkStep":549},{"distance":152.24,"mCalorie":7.9800005,"mOthersTime":0,"mRunTime":0,"mStartTime":47400000,"mTimeUnit":600000,"mWalkTime":139403,"runStep":0,"walkStep":209},{"distance":21.47,"mCalorie":0.94000006,"mOthersTime":0,"mRunTime":0,"mStartTime":48600000,"mTimeUnit":600000,"mWalkTime":18676,"runStep":0,"walkStep":28},{"distance":342.27997,"mCalorie":17.64,"mOthersTime":0,"mRunTime":400,"mStartTime":49800000,"mTimeUnit":600000,"mWalkTime":268711,"runStep":1,"walkStep":461},{"distance":107.54,"mCalorie":7.2,"mOthersTime":0,"mRunTime":0,"mStartTime":50400000,"mTimeUnit":600000,"mWalkTime":103355,"runStep":0,"walkStep":157},{"distance":47.48,"mCalorie":2.54,"mOthersTime":0,"mRunTime":0,"mStartTime":52800000,"mTimeUnit":600000,"mWalkTime":43355,"runStep":0,"walkStep":65},{"distance":82.29,"mCalorie":4.04,"mOthersTime":0,"mRunTime":0,"mStartTime":53400000,"mTimeUnit":600000,"mWalkTime":73370,"runStep":0,"walkStep":110},{"distance":128.78,"mCalorie":7.04,"mOthersTime":0,"mRunTime":0,"mStartTime":54600000,"mTimeUnit":600000,"mWalkTime":123395,"runStep":0,"walkStep":185},{"distance":25.505848,"mCalorie":55.91696,"mOthersTime":458736,"mRunTime":0,"mStartTime":55200000,"mTimeUnit":600000,"mWalkTime":25049,"runStep":0,"walkStep":418},{"distance":88.19623,"mCalorie":21.344662,"mOthersTime":141264,"mRunTime":0,"mStartTime":55800000,"mTimeUnit":600000,"mWalkTime":79002,"runStep":0,"walkStep":269},{"distance":104.71,"mCalorie":4.85,"mOthersTime":0,"mRunTime":0,"mStartTime":56400000,"mTimeUnit":600000,"mWalkTime":92713,"runStep":0,"walkStep":139},{"distance":17.130001,"mCalorie":0.68,"mOthersTime":0,"mRunTime":0,"mStartTime":57000000,"mTimeUnit":600000,"mWalkTime":14674,"runStep":0,"walkStep":22},{"distance":4.3,"mCalorie":0.22,"mOthersTime":0,"mRunTime":0,"mStartTime":61200000,"mTimeUnit":600000,"mWalkTime":4002,"runStep":0,"walkStep":6},{"distance":11.511,"mCalorie":0.66,"mOthersTime":0,"mRunTime":0,"mStartTime":63000000,"mTimeUnit":600000,"mWalkTime":11339,"runStep":0,"walkStep":17},{"distance":9.49,"mCalorie":0.34,"mOthersTime":0,"mRunTime":0,"mStartTime":64200000,"mTimeUnit":600000,"mWalkTime":8004,"runStep":0,"walkStep":12},{"distance":13.69,"mCalorie":0.68,"mOthersTime":0,"mRunTime":0,"mStartTime":65400000,"mTimeUnit":600000,"mWalkTime":12006,"runStep":0,"walkStep":18},{"distance":44.140003,"mCalorie":1.97,"mOthersTime":0,"mRunTime":0,"mStartTime":67200000,"mTimeUnit":600000,"mWalkTime":38686,"runStep":0,"walkStep":58},{"distance":61.739,"mCalorie":2.95,"mOthersTime":0,"mRunTime":0,"mStartTime":67800000,"mTimeUnit":600000,"mWalkTime":56028,"runStep":0,"walkStep":84},{"distance":140.16,"mCalorie":7.2200003,"mOthersTime":0,"mRunTime":800,"mStartTime":70200000,"mTimeUnit":600000,"mWalkTime":127397,"runStep":2,"walkStep":191},{"distance":121.51012,"mCalorie":41.139862,"mOthersTime":257929,"mRunTime":1200,"mStartTime":70800000,"mTimeUnit":600000,"mWalkTime":106039,"runStep":3,"walkStep":340},{"distance":67.10677,"mCalorie":49.430874,"mOthersTime":342071,"mRunTime":2000,"mStartTime":71400000,"mTimeUnit":600000,"mWalkTime":56472,"runStep":5,"walkStep":333},{"distance":27.4,"mCalorie":1.31,"mOthersTime":0,"mRunTime":0,"mStartTime":72000000,"mTimeUnit":600000,"mWalkTime":24012,"runStep":0,"walkStep":36},{"distance":7.46,"mCalorie":0.45,"mOthersTime":0,"mRunTime":0,"mStartTime":72600000,"mTimeUnit":600000,"mWalkTime":7337,"runStep":0,"walkStep":11},{"distance":29.369,"mCalorie":1.59,"mOthersTime":0,"mRunTime":800,"mStartTime":73800000,"mTimeUnit":600000,"mWalkTime":23345,"runStep":2,"walkStep":35},{"distance":44.831,"mCalorie":2.17,"mOthersTime":0,"mRunTime":0,"mStartTime":74400000,"mTimeUnit":600000,"mWalkTime":40687,"runStep":0,"walkStep":61},{"distance":66.308,"mCalorie":3.36,"mOthersTime":0,"mRunTime":2400,"mStartTime":75000000,"mTimeUnit":600000,"mWalkTime":53360,"runStep":6,"walkStep":80},{"distance":110.43,"mCalorie":5.43,"mOthersTime":0,"mRunTime":400,"mStartTime":75600000,"mTimeUnit":600000,"mWalkTime":92713,"runStep":1,"walkStep":139},{"distance":46.179996,"mCalorie":2.4099998,"mOthersTime":0,"mRunTime":3200,"mStartTime":76200000,"mTimeUnit":600000,"mWalkTime":33350,"runStep":8,"walkStep":50},{"distance":11.02,"mCalorie":0.54,"mOthersTime":0,"mRunTime":0,"mStartTime":76800000,"mTimeUnit":600000,"mWalkTime":10005,"runStep":0,"walkStep":15},{"distance":8.91,"mCalorie":0.45,"mOthersTime":0,"mRunTime":0,"mStartTime":77400000,"mTimeUnit":600000,"mWalkTime":8004,"runStep":0,"walkStep":12},{"distance":75.01,"mCalorie":3.8000002,"mOthersTime":0,"mRunTime":0,"mStartTime":79800000,"mTimeUnit":600000,"mWalkTime":68034,"runStep":0,"walkStep":102},{"distance":393.07,"mCalorie":22.01,"mOthersTime":0,"mRunTime":0,"mStartTime":80400000,"mTimeUnit":600000,"mWalkTime":308004,"runStep":0,"walkStep":544},{"distance":39.86,"mCalorie":2.03,"mOthersTime":0,"mRunTime":0,"mStartTime":81000000,"mTimeUnit":600000,"mWalkTime":36685,"runStep":0,"walkStep":55},{"distance":12.210001,"mCalorie":0.65999997,"mOthersTime":0,"mRunTime":0,"mStartTime":81600000,"mTimeUnit":600000,"mWalkTime":11339,"runStep":0,"walkStep":17},{"distance":276.46,"mCalorie":14.429999,"mOthersTime":0,"mRunTime":0,"mStartTime":83400000,"mTimeUnit":600000,"mWalkTime":232056,"runStep":0,"walkStep":370},{"distance":170.05,"mCalorie":10.46,"mOthersTime":0,"mRunTime":0,"mStartTime":84000000,"mTimeUnit":600000,"mWalkTime":154017,"runStep":0,"walkStep":260},{"distance":45.449997,"mCalorie":2.23,"mOthersTime":0,"mRunTime":0,"mStartTime":84600000,"mTimeUnit":600000,"mWalkTime":41354,"runStep":0,"walkStep":62},{"distance":42.761,"mCalorie":2.19,"mOthersTime":0,"mRunTime":0,"mStartTime":85200000,"mTimeUnit":600000,"mWalkTime":39353,"runStep":0,"walkStep":59}],"version":1}