{"mAdaptiveGoal":0,"mIsGoalAchieved":false,"mIsMostActiveAchieved":false,"mMostActiveMinutes":0,"mStreakDayCount":0,"mUnitDataList":[{"distance":21.88,"mCalorie":1.14,"mOthersTime":0,"mRunTime":400,"mStartTime":5400000,"mTimeUnit":600000,"mWalkTime":17342,"runStep":1,"walkStep":26},{"distance":10.75,"mCalorie":0.48,"mOthersTime":0,"mRunTime":0,"mStartTime":15000000,"mTimeUnit":600000,"mWalkTime":9338,"runStep":0,"walkStep":14},{"distance":71.2,"mCalorie":4.12,"mOthersTime":0,"mRunTime":2400,"mStartTime":23400000,"mTimeUnit":600000,"mWalkTime":56028,"runStep":6,"walkStep":84},{"distance":10.38,"mCalorie":0.45,"mOthersTime":0,"mRunTime":0,"mStartTime":24000000,"mTimeUnit":600000,"mWalkTime":9338,"runStep":0,"walkStep":14},{"distance":37.85,"mCalorie":1.73,"mOthersTime":0,"mRunTime":0,"mStartTime":24600000,"mTimeUnit":600000,"mWalkTime":33350,"runStep":0,"walkStep":50},{"distance":51.23,"mCalorie":2.3899999,"mOthersTime":0,"mRunTime":800,"mStartTime":30600000,"mTimeUnit":600000,"mWalkTime":41354,"runStep":2,"walkStep":62},{"distance":57.0,"mCalorie":2.9299998,"mOthersTime":0,"mRunTime":0,"mStartTime":32400000,"mTimeUnit":600000,"mWalkTime":52693,"runStep":0,"walkStep":79},{"distance":35.16,"mCalorie":1.82,"mOthersTime":0,"mRunTime":0,"mStartTime":33000000,"mTimeUnit":600000,"mWalkTime":32683,"runStep":0,"walkStep":49},{"distance":10.7,"mCalorie":0.54,"mOthersTime":0,"mRunTime":0,"mStartTime":33600000,"mTimeUnit":600000,"mWalkTime":10005,"runStep":0,"walkStep":15},{"distance":11.53,"mCalorie":0.7,"mOthersTime":0,"mRunTime":0,"mStartTime":34200000,"mTimeUnit":600000,"mWalkTime":11339,"runStep":0,"walkStep":17},{"distance":66.231,"mCalorie":3.35,"mOthersTime":0,"mRunTime":2400,"mStartTime":34800000,"mTimeUnit":600000,"mWalkTime":52026,"runStep":6,"walkStep":78},{"distance":44.3,"mCalorie":2.29,"mOthersTime":0,"mRunTime":0,"mStartTime":35400000,"mTimeUnit":600000,"mWalkTime":40020,"runStep":0,"walkStep":60},{"distance":106.05,"mCalorie":5.5299997,"mOthersTime":0,"mRunTime":0,"mStartTime":36000000,"mTimeUnit":600000,"mWalkTime":96048,"runStep":0,"walkStep":144},{"distance":137.06999,"mCalorie":7.15,"mOthersTime":0,"mRunTime":0,"mStartTime":36600000,"mTimeUnit":600000,"mWalkTime":127397,"runStep":0,"walkStep":191},{"distance":154.04999,"mCalorie":8.429998,"mOthersTime":0,"mRunTime":0,"mStartTime":37200000,"mTimeUnit":600000,"mWalkTime":142071,"runStep":0,"walkStep":213},{"distance":192.32999,"mCalorie":9.45,"mOthersTime":0,"mRunTime":0,"mStartTime":37800000,"mTimeUnit":600000,"mWalkTime":157382,"runStep":0,"walkStep":253},{"distance":33.32,"mCalorie":1.5699999,"mOthersTime":0,"mRunTime":0,"mStartTime":38400000,"mTimeUnit":600000,"mWalkTime":29348,"runStep":0,"walkStep":44},{"distance":54.89,"mCalorie":2.7199998,"mOthersTime":0,"mRunTime":1200,"mStartTime":39000000,"mTimeUnit":600000,"mWalkTime":45356,"runStep":3,"walkStep":68},{"distance":71.31,"mCalorie":4.09,"mOthersTime":0,"mRunTime":0,"mStartTime":39600000,"mTimeUnit":600000,"mWalkTime":78039,"runStep":0,"walkStep":117},{"distance":258.93,"mCalorie":14.36,"mOthersTime":0,"mRunTime":0,"mStartTime":40200000,"mTimeUnit":600000,"mWalkTime":204679,"runStep":0,"walkStep":354},{"distance":347.66898,"mCalorie":17.76,"mOthersTime":0,"mRunTime":0,"mStartTime":40800000,"mTimeUnit":600000,"mWalkTime":302091,"runStep":0,"walkStep":468},{"distance":365.57996,"mCalorie":20.91,"mOthersTime":0,"mRunTime":0,"mStartTime":41400000,"mTimeUnit":600000,"mWalkTime":309368,"runStep":0,"walkStep":515},{"distance":77.76,"mCalorie":3.76,"mOthersTime":0,"mRunTime":0,"mStartTime":42000000,"mTimeUnit":600000,"mWalkTime":68701,"runStep":0,"walkStep":103},{"distance":17.2,"mCalorie":0.75,"mOthersTime":0,"mRunTime":0,"mStartTime":43800000,"mTimeUnit":600000,"mWalkTime":14674,"runStep":0,"walkStep":22},{"distance":35.9,"mCalorie":1.77,"mOthersTime":0,"mRunTime":0,"mStartTime":45000000,"mTimeUnit":600000,"mWalkTime":34017,"runStep":0,"walkStep":51},{"distance":137.93,"mCalorie":6.8900003,"mOthersTime":0,"mRunTime":0,"mStartTime":45600000,"mTimeUnit":600000,"mWalkTime":124062,"runStep":0,"walkStep":186},{"distance":25.88,"mCalorie":1.3,"mOthersTime":0,"mRunTime":0,"mStartTime":46200000,"mTimeUnit":600000,"mWalkTime":23345,"runStep":0,"walkStep":35},{"distance":58.449997,"mCalorie":3.03,"mOthersTime":0,"mRunTime":0,"mStartTime":46800000,"mTimeUnit":600000,"mWalkTime":54027,"runStep":0,"walkStep":81},{"distance":57.911,"mCalorie":2.49,"mOthersTime":0,"mRunTime":0,"mStartTime":47400000,"mTimeUnit":600000,"mWalkTime":51359,"runStep":0,"walkStep":77},{"distance":37.6,"mCalorie":2.01,"mOthersTime":0,"mRunTime":0,"mStartTime":48000000,"mTimeUnit":600000,"mWalkTime":34017,"runStep":0,"walkStep":51},{"distance":44.170002,"mCalorie":2.19,"mOthersTime":0,"mRunTime":0,"mStartTime":48600000,"mTimeUnit":600000,"mWalkTime":40020,"runStep":0,"walkStep":60},{"distance":102.700005,"mCalorie":5.96,"mOthersTime":0,"mRunTime":0,"mStartTime":49200000,"mTimeUnit":600000,"mWalkTime":105386,"runStep":0,"walkStep":158},{"distance":28.359999,"mCalorie":1.59,"mOthersTime":0,"mRunTime":2800,"mStartTime":49800000,"mTimeUnit":600000,"mWalkTime":16008,"runStep":7,"walkStep":24},{"distance":216.34,"mCalorie":11.029999,"mOthersTime":0,"mRunTime":0,"mStartTime":50400000,"mTimeUnit":600000,"mWalkTime":189398,"runStep":0,"walkStep":291},{"distance":230.07,"mCalorie":11.68,"mOthersTime":0,"mRunTime":0,"mStartTime":51000000,"mTimeUnit":600000,"mWalkTime":186033,"runStep":0,"walkStep":306},{"distance":122.67,"mCalorie":6.09,"mOthersTime":0,"mRunTime":0,"mStartTime":51600000,"mTimeUnit":600000,"mWalkTime":109388,"runStep":0,"walkStep":164},{"distance":134.16,"mCalorie":7.0199995,"mOthersTime":0,"mRunTime":0,"mStartTime":52200000,"mTimeUnit":600000,"mWalkTime":110025,"runStep":0,"walkStep":180},{"distance":231.65002,"mCalorie":12.03,"mOthersTime":0,"mRunTime":0,"mStartTime":52800000,"mTimeUnit":600000,"mWalkTime":195401,"runStep":0,"walkStep":308},{"distance":73.31999,"mCalorie":3.8399997,"mOthersTime":0,"mRunTime":0,"mStartTime":53400000,"mTimeUnit":600000,"mWalkTime":68034,"runStep":0,"walkStep":102},{"distance":46.51,"mCalorie":2.62,"mOthersTime":0,"mRunTime":2400,"mStartTime":54000000,"mTimeUnit":600000,"mWalkTime":38019,"runStep":6,"walkStep":57},{"distance":9.39,"mCalorie":0.4,"mOthersTime":0,"mRunTime":0,"mStartTime":55200000,"mTimeUnit":600000,"mWalkTime":8004,"runStep":0,"walkStep":12},{"distance":43.43,"mCalorie":2.2,"mOthersTime":0,"mRunTime":0,"mStartTime":56400000,"mTimeUnit":600000,"mWalkTime":39353,"runStep":0,"walkStep":59},{"distance":47.079998,"mCalorie":2.42,"mOthersTime":0,"mRunTime":0,"mStartTime":57000000,"mTimeUnit":600000,"mWalkTime":42688,"runStep":0,"walkStep":64},{"distance":105.599,"mCalorie":5.5199995,"mOthersTime":0,"mRunTime":800,"mStartTime":58800000,"mTimeUnit":600000,"mWalkTime":94047,"runStep":2,"walkStep":141},{"distance":140.09999,"mCalorie":7.35,"mOthersTime":0,"mRunTime":0,"mStartTime":59400000,"mTimeUnit":600000,"mWalkTime":128731,"runStep":0,"walkStep":193},{"distance":90.62,"mCalorie":4.9,"mOthersTime":0,"mRunTime":0,"mStartTime":60000000,"mTimeUnit":600000,"mWalkTime":84709,"runStep":0,"walkStep":127},{"distance":172.40999,"mCalorie":9.76,"mOthersTime":0,"mRunTime":0,"mStartTime":60600000,"mTimeUnit":600000,"mWalkTime":173420,"runStep":0,"walkStep":260},{"distance":50.11,"mCalorie":2.6800003,"mOthersTime":0,"mRunTime":2800,"mStartTime":61200000,"mTimeUnit":600000,"mWalkTime":38686,"runStep":7,"walkStep":58},{"distance":15.57,"mCalorie":0.84,"mOthersTime":0,"mRunTime":0,"mStartTime":61800000,"mTimeUnit":600000,"mWalkTime":14674,"runStep":0,"walkStep":22},{"distance":48.690002,"mCalorie":2.58,"mOthersTime":0,"mRunTime":0,"mStartTime":63600000,"mTimeUnit":600000,"mWalkTime":45356,"runStep":0,"walkStep":68},{"distance":18.24,"mCalorie":0.7,"mOthersTime":0,"mRunTime":0,"mStartTime":64200000,"mTimeUnit":600000,"mWalkTime":14674,"runStep":0,"walkStep":22},{"distance":8.731,"mCalorie":0.3,"mOthersTime":0,"mRunTime":0,"mStartTime":64800000,"mTimeUnit":600000,"mWalkTime":6670,"runStep":0,"walkStep":10},{"distance":28.77,"mCalorie":1.79,"mOthersTime":0,"mRunTime":2400,"mStartTime":69000000,"mTimeUnit":600000,"mWalkTime":20010,"runStep":6,"walkStep":30},{"distance":72.34,"mCalorie":3.61,"mOthersTime":0,"mRunTime":800,"mStartTime":75000000,"mTimeUnit":600000,"mWalkTime":62031,"runStep":2,"walkStep":93},{"distance":86.78999,"mCalorie":4.9900002,"mOthersTime":0,"mRunTime":4000,"mStartTime":75600000,"mTimeUnit":600000,"mWalkTime":70702,"runStep":10,"walkStep":106},{"distance":45.55,"mCalorie":2.1599998,"mOthersTime":0,"mRunTime":0,"mStartTime":78600000,"mTimeUnit":600000,"mWalkTime":38686,"runStep":0,"walkStep":58},{"distance":17.95,"mCalorie":1.1,"mOthersTime":0,"mRunTime":3600,"mStartTime":79800000,"mTimeUnit":600000,"mWalkTime":6670,"runStep":9,"walkStep":10}],"version":1}