{"mActivityList":[{"mActiveTime":600000,"mActiveTimeType":2,"mCalorie":71.74,"mCategory":204,"mDetailInfoId":"e460de18-4525-b2de-ad3c-068ef8333e17","mDistance":0.0,"mDuration":600000,"mEndTime":51527022,"mStartTime":50927022,"mType":11007},{"mActiveTime":600000,"mActiveTimeType":2,"mCalorie":69.21,"mCategory":204,"mDetailInfoId":"caa78a42-2578-6bcd-6971-83c858b999f1","mDistance":0.0,"mDuration":600000,"mEndTime":60716021,"mStartTime":60116021,"mType":11007},{"mActiveTime":600000,"mActiveTimeType":2,"mCalorie":60.76,"mCategory":204,"mDetailInfoId":"30222a74-e07a-5d01-1268-8ab8ace42322","mDistance":0.0,"mDuration":600000,"mEndTime":63924043,"mStartTime":63324043,"mType":11007}],"mAdaptiveGoal":0,"mIsGoalAchieved":false,"mIsMostActiveAchieved":false,"mMostActiveMinutes":0,"mStreakDayCount":0,"mUnitDataList":[{"distance":35.182,"mCalorie":2.0300002,"mOthersTime":0,"mRunTime":1600,"mStartTime":6600000,"mTimeUnit":600000,"mWalkTime":29348,"runStep":4,"walkStep":44},{"distance":41.829002,"mCalorie":2.68,"mOthersTime":0,"mRunTime":4000,"mStartTime":19200000,"mTimeUnit":600000,"mWalkTime":29348,"runStep":10,"walkStep":44},{"distance":87.82,"mCalorie":5.2999997,"mOthersTime":0,"mRunTime":1200,"mStartTime":19800000,"mTimeUnit":600000,"mWalkTime":84709,"runStep":3,"walkStep":127},{"distance":92.26,"mCalorie":4.89,"mOthersTime":0,"mRunTime":0,"mStartTime":20400000,"mTimeUnit":600000,"mWalkTime":85376,"runStep":0,"walkStep":128},{"distance":20.04,"mCalorie":1.0,"mOthersTime":0,"mRunTime":0,"mStartTime":22200000,"mTimeUnit":600000,"mWalkTime":18009,"runStep":0,"walkStep":27},{"distance":52.410004,"mCalorie":2.72,"mOthersTime":0,"mRunTime":0,"mStartTime":22800000,"mTimeUnit":600000,"mWalkTime":48024,"runStep":0,"walkStep":72},{"distance":84.29,"mCalorie":4.11,"mOthersTime":0,"mRunTime":0,"mStartTime":23400000,"mTimeUnit":600000,"mWalkTime":73370,"runStep":0,"walkStep":110},{"distance":31.390999,"mCalorie":1.47,"mOthersTime":0,"mRunTime":0,"mStartTime":24000000,"mTimeUnit":600000,"mWalkTime":28681,"runStep":0,"walkStep":43},{"distance":34.909,"mCalorie":1.78,"mOthersTime":0,"mRunTime":0,"mStartTime":24600000,"mTimeUnit":600000,"mWalkTime":30015,"runStep":0,"walkStep":45},{"distance":24.72,"mCalorie":1.21,"mOthersTime":0,"mRunTime":0,"mStartTime":29400000,"mTimeUnit":600000,"mWalkTime":22678,"runStep":0,"walkStep":34},{"distance":34.440002,"mCalorie":1.5899999,"mOthersTime":0,"mRunTime":0,"mStartTime":30000000,"mTimeUnit":600000,"mWalkTime":27347,"runStep":0,"walkStep":41},{"distance":39.93,"mCalorie":2.14,"mOthersTime":0,"mRunTime":400,"mStartTime":30600000,"mTimeUnit":600000,"mWalkTime":34017,"runStep":1,"walkStep":51},{"distance":8.02,"mCalorie":0.41,"mOthersTime":0,"mRunTime":0,"mStartTime":33600000,"mTimeUnit":600000,"mWalkTime":7337,"runStep":0,"walkStep":11},{"distance":74.93,"mCalorie":3.73,"mOthersTime":0,"mRunTime":0,"mStartTime":42000000,"mTimeUnit":600000,"mWalkTime":66033,"runStep":0,"walkStep":99},{"distance":129.97,"mCalorie":6.0699997,"mOthersTime":0,"mRunTime":2000,"mStartTime":42600000,"mTimeUnit":600000,"mWalkTime":110055,"runStep":5,"walkStep":165},{"distance":54.309998,"mCalorie":2.78,"mOthersTime":0,"mRunTime":0,"mStartTime":43200000,"mTimeUnit":600000,"mWalkTime":51359,"runStep":0,"walkStep":77},{"distance":7.83,"mCalorie":0.33,"mOthersTime":0,"mRunTime":0,"mStartTime":43800000,"mTimeUnit":600000,"mWalkTime":6670,"runStep":0,"walkStep":10},{"distance":122.370995,"mCalorie":7.14,"mOthersTime":0,"mRunTime":14000,"mStartTime":44400000,"mTimeUnit":600000,"mWalkTime":83375,"runStep":35,"walkStep":125},{"distance":76.711,"mCalorie":4.45,"mOthersTime":0,"mRunTime":2800,"mStartTime":45000000,"mTimeUnit":600000,"mWalkTime":60030,"runStep":7,"walkStep":90},{"distance":141.14,"mCalorie":7.7,"mOthersTime":0,"mRunTime":0,"mStartTime":45600000,"mTimeUnit":600000,"mWalkTime":138736,"runStep":0,"walkStep":208},{"distance":244.06998,"mCalorie":14.65,"mOthersTime":0,"mRunTime":0,"mStartTime":46200000,"mTimeUnit":600000,"mWalkTime":232116,"runStep":0,"walkStep":348},{"distance":41.27,"mCalorie":2.1,"mOthersTime":0,"mRunTime":0,"mStartTime":47400000,"mTimeUnit":600000,"mWalkTime":37352,"runStep":0,"walkStep":56},{"distance":41.521,"mCalorie":2.13,"mOthersTime":0,"mRunTime":2400,"mStartTime":48000000,"mTimeUnit":600000,"mWalkTime":32016,"runStep":6,"walkStep":48},{"distance":103.450005,"mCalorie":5.08,"mOthersTime":0,"mRunTime":0,"mStartTime":49200000,"mTimeUnit":600000,"mWalkTime":92046,"runStep":0,"walkStep":138},{"distance":179.59999,"mCalorie":9.45,"mOthersTime":0,"mRunTime":0,"mStartTime":49800000,"mTimeUnit":600000,"mWalkTime":164719,"runStep":0,"walkStep":247},{"distance":241.70314,"mCalorie":21.191914,"mOthersTime":72978,"mRunTime":400,"mStartTime":50400000,"mTimeUnit":600000,"mWalkTime":212375,"runStep":1,"walkStep":345},{"distance":63.305614,"mCalorie":66.388176,"mOthersTime":527022,"mRunTime":173,"mStartTime":51000000,"mTimeUnit":600000,"mWalkTime":60843,"runStep":2,"walkStep":399},{"distance":45.01,"mCalorie":2.2700002,"mOthersTime":0,"mRunTime":0,"mStartTime":51600000,"mTimeUnit":600000,"mWalkTime":40687,"runStep":0,"walkStep":61},{"distance":5.25,"mCalorie":0.25,"mOthersTime":0,"mRunTime":0,"mStartTime":52200000,"mTimeUnit":600000,"mWalkTime":4669,"runStep":0,"walkStep":7},{"distance":116.410995,"mCalorie":5.4900002,"mOthersTime":0,"mRunTime":0,"mStartTime":54600000,"mTimeUnit":600000,"mWalkTime":101384,"runStep":0,"walkStep":152},{"distance":71.090004,"mCalorie":3.85,"mOthersTime":0,"mRunTime":0,"mStartTime":55200000,"mTimeUnit":600000,"mWalkTime":66033,"runStep":0,"walkStep":99},{"distance":18.469,"mCalorie":0.87,"mOthersTime":0,"mRunTime":0,"mStartTime":55800000,"mTimeUnit":600000,"mWalkTime":16008,"runStep":0,"walkStep":24},{"distance":78.17,"mCalorie":4.14,"mOthersTime":0,"mRunTime":0,"mStartTime":56400000,"mTimeUnit":600000,"mWalkTime":71369,"runStep":0,"walkStep":107},{"distance":17.34,"mCalorie":0.91999996,"mOthersTime":0,"mRunTime":0,"mStartTime":57000000,"mTimeUnit":600000,"mWalkTime":14007,"runStep":0,"walkStep":21},{"distance":10.18,"mCalorie":0.65,"mOthersTime":0,"mRunTime":0,"mStartTime":57600000,"mTimeUnit":600000,"mWalkTime":10005,"runStep":0,"walkStep":15},{"distance":19.25,"mCalorie":0.90999997,"mOthersTime":0,"mRunTime":0,"mStartTime":58200000,"mTimeUnit":600000,"mWalkTime":16675,"runStep":0,"walkStep":25},{"distance":66.05,"mCalorie":3.52,"mOthersTime":0,"mRunTime":0,"mStartTime":58800000,"mTimeUnit":600000,"mWalkTime":60030,"runStep":0,"walkStep":90},{"distance":188.821,"mCalorie":9.32,"mOthersTime":0,"mRunTime":1200,"mStartTime":59400000,"mTimeUnit":600000,"mWalkTime":165416,"runStep":3,"walkStep":248},{"distance":23.316372,"mCalorie":56.897957,"mOthersTime":483979,"mRunTime":0,"mStartTime":60000000,"mTimeUnit":600000,"mWalkTime":20193,"runStep":0,"walkStep":497},{"distance":34.467472,"mCalorie":15.183772,"mOthersTime":116021,"mRunTime":0,"mStartTime":60600000,"mTimeUnit":600000,"mWalkTime":32093,"runStep":0,"walkStep":106},{"distance":36.95,"mCalorie":1.8599999,"mOthersTime":0,"mRunTime":0,"mStartTime":62400000,"mTimeUnit":600000,"mWalkTime":34017,"runStep":0,"walkStep":51},{"distance":28.526932,"mCalorie":29.363474,"mOthersTime":275957,"mRunTime":0,"mStartTime":63000000,"mTimeUnit":600000,"mWalkTime":25083,"runStep":0,"walkStep":161},{"distance":57.17526,"mCalorie":35.800102,"mOthersTime":324043,"mRunTime":0,"mStartTime":63600000,"mTimeUnit":600000,"mWalkTime":53480,"runStep":0,"walkStep":334},{"distance":34.21,"mCalorie":1.58,"mOthersTime":0,"mRunTime":0,"mStartTime":64200000,"mTimeUnit":600000,"mWalkTime":30682,"runStep":0,"walkStep":46},{"distance":4.53,"mCalorie":0.21,"mOthersTime":0,"mRunTime":0,"mStartTime":66600000,"mTimeUnit":600000,"mWalkTime":4002,"runStep":0,"walkStep":6},{"distance":10.46,"mCalorie":0.48,"mOthersTime":0,"mRunTime":0,"mStartTime":67200000,"mTimeUnit":600000,"mWalkTime":9338,"runStep":0,"walkStep":14},{"distance":26.99,"mCalorie":1.57,"mOthersTime":0,"mRunTime":2400,"mStartTime":67800000,"mTimeUnit":600000,"mWalkTime":19343,"runStep":6,"walkStep":29},{"distance":10.35,"mCalorie":0.54,"mOthersTime":0,"mRunTime":0,"mStartTime":68400000,"mTimeUnit":600000,"mWalkTime":9338,"runStep":0,"walkStep":14},{"distance":4.97,"mCalorie":0.26,"mOthersTime":0,"mRunTime":0,"mStartTime":69000000,"mTimeUnit":600000,"mWalkTime":4669,"runStep":0,"walkStep":7},{"distance":26.84,"mCalorie":1.21,"mOthersTime":0,"mRunTime":0,"mStartTime":69600000,"mTimeUnit":600000,"mWalkTime":24012,"runStep":0,"walkStep":36},{"distance":12.67,"mCalorie":0.39,"mOthersTime":0,"mRunTime":0,"mStartTime":70800000,"mTimeUnit":600000,"mWalkTime":8004,"runStep":0,"walkStep":12},{"distance":73.7,"mCalorie":3.4899998,"mOthersTime":0,"mRunTime":0,"mStartTime":71400000,"mTimeUnit":600000,"mWalkTime":66700,"runStep":0,"walkStep":100},{"distance":65.36,"mCalorie":3.21,"mOthersTime":0,"mRunTime":1600,"mStartTime":72000000,"mTimeUnit":600000,"mWalkTime":52693,"runStep":4,"walkStep":79},{"distance":21.7,"mCalorie":1.02,"mOthersTime":0,"mRunTime":0,"mStartTime":73200000,"mTimeUnit":600000,"mWalkTime":19343,"runStep":0,"walkStep":29},{"distance":24.34,"mCalorie":1.27,"mOthersTime":0,"mRunTime":0,"mStartTime":75000000,"mTimeUnit":600000,"mWalkTime":22011,"runStep":0,"walkStep":33},{"distance":91.33,"mCalorie":5.54,"mOthersTime":0,"mRunTime":0,"mStartTime":75600000,"mTimeUnit":600000,"mWalkTime":97382,"runStep":0,"walkStep":146},{"distance":152.26,"mCalorie":7.5499997,"mOthersTime":0,"mRunTime":0,"mStartTime":76200000,"mTimeUnit":600000,"mWalkTime":134067,"runStep":0,"walkStep":201},{"distance":13.91,"mCalorie":0.64,"mOthersTime":0,"mRunTime":0,"mStartTime":76800000,"mTimeUnit":600000,"mWalkTime":12006,"runStep":0,"walkStep":18},{"distance":6.76,"mCalorie":0.39,"mOthersTime":0,"mRunTime":0,"mStartTime":77400000,"mTimeUnit":600000,"mWalkTime":6670,"runStep":0,"walkStep":10},{"distance":140.18,"mCalorie":7.0999994,"mOthersTime":0,"mRunTime":0,"mStartTime":79200000,"mTimeUnit":600000,"mWalkTime":126063,"runStep":0,"walkStep":189},{"distance":77.26,"mCalorie":3.91,"mOthersTime":0,"mRunTime":0,"mStartTime":79800000,"mTimeUnit":600000,"mWalkTime":70702,"runStep":0,"walkStep":106},{"distance":12.88,"mCalorie":0.65,"mOthersTime":0,"mRunTime":0,"mStartTime":80400000,"mTimeUnit":600000,"mWalkTime":12006,"runStep":0,"walkStep":18},{"distance":8.73,"mCalorie":0.47,"mOthersTime":0,"mRunTime":0,"mStartTime":81000000,"mTimeUnit":600000,"mWalkTime":8004,"runStep":0,"walkStep":12},{"distance":8.54,"mCalorie":0.4,"mOthersTime":0,"mRunTime":0,"mStartTime":83400000,"mTimeUnit":600000,"mWalkTime":7337,"runStep":0,"walkStep":11}],"version":1}