{"mAdaptiveGoal":0,"mIsGoalAchieved":false,"mIsMostActiveAchieved":false,"mMostActiveMinutes":0,"mStreakDayCount":0,"mUnitDataList":[{"distance":73.009995,"mCalorie":3.8400002,"mOthersTime":0,"mRunTime":0,"mStartTime":25200000,"mTimeUnit":600000,"mWalkTime":72703,"runStep":0,"walkStep":109},{"distance":190.87999,"mCalorie":8.809999,"mOthersTime":0,"mRunTime":0,"mStartTime":25800000,"mTimeUnit":600000,"mWalkTime":157352,"runStep":0,"walkStep":260},{"distance":33.01,"mCalorie":1.57,"mOthersTime":0,"mRunTime":0,"mStartTime":26400000,"mTimeUnit":600000,"mWalkTime":30015,"runStep":0,"walkStep":45},{"distance":138.12,"mCalorie":6.34,"mOthersTime":0,"mRunTime":0,"mStartTime":27600000,"mTimeUnit":600000,"mWalkTime":114027,"runStep":0,"walkStep":187},{"distance":74.88,"mCalorie":3.6399999,"mOthersTime":0,"mRunTime":0,"mStartTime":28200000,"mTimeUnit":600000,"mWalkTime":67367,"runStep":0,"walkStep":101},{"distance":36.45,"mCalorie":1.67,"mOthersTime":0,"mRunTime":0,"mStartTime":28800000,"mTimeUnit":600000,"mWalkTime":32683,"runStep":0,"walkStep":49},{"distance":39.88,"mCalorie":2.31,"mOthersTime":0,"mRunTime":0,"mStartTime":29400000,"mTimeUnit":600000,"mWalkTime":36018,"runStep":0,"walkStep":54},{"distance":40.440002,"mCalorie":1.55,"mOthersTime":0,"mRunTime":0,"mStartTime":31200000,"mTimeUnit":600000,"mWalkTime":34017,"runStep":0,"walkStep":51},{"distance":78.23,"mCalorie":4.18,"mOthersTime":0,"mRunTime":0,"mStartTime":33000000,"mTimeUnit":600000,"mWalkTime":71369,"runStep":0,"walkStep":107},{"distance":27.93,"mCalorie":1.35,"mOthersTime":0,"mRunTime":0,"mStartTime":33600000,"mTimeUnit":600000,"mWalkTime":25346,"runStep":0,"walkStep":38},{"distance":24.16,"mCalorie":1.28,"mOthersTime":0,"mRunTime":0,"mStartTime":34200000,"mTimeUnit":600000,"mWalkTime":22678,"runStep":0,"walkStep":34},{"distance":28.759998,"mCalorie":1.41,"mOthersTime":0,"mRunTime":0,"mStartTime":34800000,"mTimeUnit":600000,"mWalkTime":26013,"runStep":0,"walkStep":39},{"distance":25.61,"mCalorie":1.25,"mOthersTime":0,"mRunTime":0,"mStartTime":35400000,"mTimeUnit":600000,"mWalkTime":22011,"runStep":0,"walkStep":33},{"distance":51.75,"mCalorie":2.5,"mOthersTime":0,"mRunTime":0,"mStartTime":36000000,"mTimeUnit":600000,"mWalkTime":46690,"runStep":0,"walkStep":70},{"distance":87.009995,"mCalorie":4.0,"mOthersTime":0,"mRunTime":400,"mStartTime":36600000,"mTimeUnit":600000,"mWalkTime":74704,"runStep":1,"walkStep":112},{"distance":195.72,"mCalorie":9.950001,"mOthersTime":0,"mRunTime":4000,"mStartTime":37200000,"mTimeUnit":600000,"mWalkTime":166083,"runStep":10,"walkStep":249},{"distance":40.049995,"mCalorie":1.8,"mOthersTime":0,"mRunTime":0,"mStartTime":37800000,"mTimeUnit":600000,"mWalkTime":34017,"runStep":0,"walkStep":51},{"distance":41.53,"mCalorie":2.03,"mOthersTime":0,"mRunTime":0,"mStartTime":38400000,"mTimeUnit":600000,"mWalkTime":37352,"runStep":0,"walkStep":56},{"distance":7.31,"mCalorie":0.34,"mOthersTime":0,"mRunTime":0,"mStartTime":39600000,"mTimeUnit":600000,"mWalkTime":6670,"runStep":0,"walkStep":10},{"distance":57.289997,"mCalorie":2.83,"mOthersTime":0,"mRunTime":0,"mStartTime":40200000,"mTimeUnit":600000,"mWalkTime":55361,"runStep":0,"walkStep":83},{"distance":51.79,"mCalorie":2.75,"mOthersTime":0,"mRunTime":0,"mStartTime":40800000,"mTimeUnit":600000,"mWalkTime":46690,"runStep":0,"walkStep":70},{"distance":8.57,"mCalorie":0.43,"mOthersTime":0,"mRunTime":0,"mStartTime":41400000,"mTimeUnit":600000,"mWalkTime":8004,"runStep":0,"walkStep":12},{"distance":8.07,"mCalorie":0.48,"mOthersTime":0,"mRunTime":0,"mStartTime":42000000,"mTimeUnit":600000,"mWalkTime":7337,"runStep":0,"walkStep":11},{"distance":128.43,"mCalorie":6.47,"mOthersTime":0,"mRunTime":1200,"mStartTime":42600000,"mTimeUnit":600000,"mWalkTime":116058,"runStep":3,"walkStep":174},{"distance":95.06999,"mCalorie":4.91,"mOthersTime":0,"mRunTime":0,"mStartTime":43200000,"mTimeUnit":600000,"mWalkTime":88711,"runStep":0,"walkStep":133},{"distance":88.92,"mCalorie":4.77,"mOthersTime":0,"mRunTime":0,"mStartTime":43800000,"mTimeUnit":600000,"mWalkTime":82041,"runStep":0,"walkStep":123},{"distance":261.48,"mCalorie":12.940001,"mOthersTime":0,"mRunTime":0,"mStartTime":44400000,"mTimeUnit":600000,"mWalkTime":227417,"runStep":0,"walkStep":355},{"distance":18.83,"mCalorie":1.02,"mOthersTime":0,"mRunTime":0,"mStartTime":45000000,"mTimeUnit":600000,"mWalkTime":16675,"runStep":0,"walkStep":25},{"distance":36.129997,"mCalorie":1.8,"mOthersTime":0,"mRunTime":0,"mStartTime":46200000,"mTimeUnit":600000,"mWalkTime":30682,"runStep":0,"walkStep":46},{"distance":212.43,"mCalorie":11.289999,"mOthersTime":0,"mRunTime":0,"mStartTime":46800000,"mTimeUnit":600000,"mWalkTime":195401,"runStep":0,"walkStep":293},{"distance":121.91,"mCalorie":6.3599997,"mOthersTime":0,"mRunTime":0,"mStartTime":47400000,"mTimeUnit":600000,"mWalkTime":113390,"runStep":0,"walkStep":170},{"distance":168.67001,"mCalorie":9.4,"mOthersTime":0,"mRunTime":0,"mStartTime":48000000,"mTimeUnit":600000,"mWalkTime":160747,"runStep":0,"walkStep":241},{"distance":218.08,"mCalorie":11.11,"mOthersTime":0,"mRunTime":0,"mStartTime":48600000,"mTimeUnit":600000,"mWalkTime":178696,"runStep":0,"walkStep":294},{"distance":20.66,"mCalorie":1.12,"mOthersTime":0,"mRunTime":0,"mStartTime":49200000,"mTimeUnit":600000,"mWalkTime":19343,"runStep":0,"walkStep":29},{"distance":25.19,"mCalorie":1.6300001,"mOthersTime":0,"mRunTime":3200,"mStartTime":49800000,"mTimeUnit":600000,"mWalkTime":15341,"runStep":8,"walkStep":23},{"distance":22.779999,"mCalorie":1.16,"mOthersTime":0,"mRunTime":0,"mStartTime":50400000,"mTimeUnit":600000,"mWalkTime":21344,"runStep":0,"walkStep":32},{"distance":32.06,"mCalorie":1.62,"mOthersTime":0,"mRunTime":0,"mStartTime":51000000,"mTimeUnit":600000,"mWalkTime":28681,"runStep":0,"walkStep":43},{"distance":80.920006,"mCalorie":4.29,"mOthersTime":0,"mRunTime":0,"mStartTime":51600000,"mTimeUnit":600000,"mWalkTime":75371,"runStep":0,"walkStep":113},{"distance":202.38,"mCalorie":10.75,"mOthersTime":0,"mRunTime":0,"mStartTime":52200000,"mTimeUnit":600000,"mWalkTime":190095,"runStep":0,"walkStep":285},{"distance":196.65,"mCalorie":12.76,"mOthersTime":0,"mRunTime":0,"mStartTime":52800000,"mTimeUnit":600000,"mWalkTime":191429,"runStep":0,"walkStep":287},{"distance":68.68,"mCalorie":3.5299997,"mOthersTime":0,"mRunTime":0,"mStartTime":53400000,"mTimeUnit":600000,"mWalkTime":64032,"runStep":0,"walkStep":96},{"distance":16.01,"mCalorie":0.82,"mOthersTime":0,"mRunTime":0,"mStartTime":54000000,"mTimeUnit":600000,"mWalkTime":14674,"runStep":0,"walkStep":22},{"distance":87.07001,"mCalorie":4.4800005,"mOthersTime":0,"mRunTime":2000,"mStartTime":54600000,"mTimeUnit":600000,"mWalkTime":75371,"runStep":5,"walkStep":113},{"distance":21.61,"mCalorie":1.31,"mOthersTime":0,"mRunTime":4000,"mStartTime":60000000,"mTimeUnit":600000,"mWalkTime":10672,"runStep":10,"walkStep":16},{"distance":9.49,"mCalorie":0.53,"mOthersTime":0,"mRunTime":0,"mStartTime":60600000,"mTimeUnit":600000,"mWalkTime":9338,"runStep":0,"walkStep":14},{"distance":13.15,"mCalorie":0.68,"mOthersTime":0,"mRunTime":0,"mStartTime":61800000,"mTimeUnit":600000,"mWalkTime":12006,"runStep":0,"walkStep":18},{"distance":50.149998,"mCalorie":2.41,"mOthersTime":0,"mRunTime":0,"mStartTime":62400000,"mTimeUnit":600000,"mWalkTime":46023,"runStep":0,"walkStep":69},{"distance":21.97,"mCalorie":1.24,"mOthersTime":0,"mRunTime":0,"mStartTime":63000000,"mTimeUnit":600000,"mWalkTime":20677,"runStep":0,"walkStep":31},{"distance":38.89,"mCalorie":2.1599998,"mOthersTime":0,"mRunTime":400,"mStartTime":67800000,"mTimeUnit":600000,"mWalkTime":32683,"runStep":1,"walkStep":49},{"distance":42.949997,"mCalorie":1.9499999,"mOthersTime":0,"mRunTime":0,"mStartTime":69600000,"mTimeUnit":600000,"mWalkTime":38019,"runStep":0,"walkStep":57},{"distance":31.73,"mCalorie":1.74,"mOthersTime":0,"mRunTime":0,"mStartTime":70800000,"mTimeUnit":600000,"mWalkTime":30682,"runStep":0,"walkStep":46},{"distance":50.95,"mCalorie":2.4699998,"mOthersTime":0,"mRunTime":0,"mStartTime":76200000,"mTimeUnit":600000,"mWalkTime":44689,"runStep":0,"walkStep":67},{"distance":33.65,"mCalorie":1.61,"mOthersTime":0,"mRunTime":0,"mStartTime":76800000,"mTimeUnit":600000,"mWalkTime":30682,"runStep":0,"walkStep":46},{"distance":17.62,"mCalorie":1.02,"mOthersTime":0,"mRunTime":0,"mStartTime":78000000,"mTimeUnit":600000,"mWalkTime":17342,"runStep":0,"walkStep":26},{"distance":141.23,"mCalorie":7.21,"mOthersTime":0,"mRunTime":0,"mStartTime":79800000,"mTimeUnit":600000,"mWalkTime":126730,"runStep":0,"walkStep":190},{"distance":7.23,"mCalorie":0.34,"mOthersTime":0,"mRunTime":0,"mStartTime":81000000,"mTimeUnit":600000,"mWalkTime":6670,"runStep":0,"walkStep":10}],"version":1}