{"mActivityList":[{"mActiveTime":2303847,"mActiveTimeType":0,"mCalorie":237.0,"mCategory":204,"mDetailInfoId":"523e2004-6f9e-3880-78ae-866f7acd7ce3","mDistance":2820.282,"mDuration":2303847,"mEndTime":75302475,"mStartTime":72998628,"mType":1001},{"mActiveTime":772208,"mActiveTimeType":0,"mCalorie":81.0,"mCategory":204,"mDetailInfoId":"673e8071-436c-da19-dece-ce9c5d0b8182","mDistance":871.041,"mDuration":772208,"mEndTime":79683928,"mStartTime":78911720,"mType":1001}],"mAdaptiveGoal":0,"mIsGoalAchieved":false,"mIsMostActiveAchieved":false,"mMostActiveMinutes":0,"mStreakDayCount":0,"mUnitDataList":[{"distance":23.76,"mCalorie":1.38,"mOthersTime":0,"mRunTime":1600,"mStartTime":12000000,"mTimeUnit":600000,"mWalkTime":15341,"runStep":4,"walkStep":23},{"distance":15.51,"mCalorie":0.92,"mOthersTime":0,"mRunTime":400,"mStartTime":12600000,"mTimeUnit":600000,"mWalkTime":10672,"runStep":1,"walkStep":16},{"distance":34.31,"mCalorie":2.05,"mOthersTime":0,"mRunTime":3200,"mStartTime":14400000,"mTimeUnit":600000,"mWalkTime":23345,"runStep":8,"walkStep":35},{"distance":21.630001,"mCalorie":1.06,"mOthersTime":0,"mRunTime":0,"mStartTime":15000000,"mTimeUnit":600000,"mWalkTime":19343,"runStep":0,"walkStep":29},{"distance":24.32,"mCalorie":1.24,"mOthersTime":0,"mRunTime":0,"mStartTime":15600000,"mTimeUnit":600000,"mWalkTime":22678,"runStep":0,"walkStep":34},{"distance":32.53,"mCalorie":1.44,"mOthersTime":0,"mRunTime":400,"mStartTime":18000000,"mTimeUnit":600000,"mWalkTime":26013,"runStep":1,"walkStep":39},{"distance":39.739998,"mCalorie":1.9,"mOthersTime":0,"mRunTime":0,"mStartTime":18600000,"mTimeUnit":600000,"mWalkTime":36685,"runStep":0,"walkStep":55},{"distance":29.63,"mCalorie":1.54,"mOthersTime":0,"mRunTime":0,"mStartTime":30000000,"mTimeUnit":600000,"mWalkTime":27347,"runStep":0,"walkStep":41},{"distance":76.65,"mCalorie":4.3199997,"mOthersTime":0,"mRunTime":5200,"mStartTime":30600000,"mTimeUnit":600000,"mWalkTime":56695,"runStep":13,"walkStep":85},{"distance":68.35,"mCalorie":3.4,"mOthersTime":0,"mRunTime":0,"mStartTime":31200000,"mTimeUnit":600000,"mWalkTime":62698,"runStep":0,"walkStep":94},{"distance":56.781002,"mCalorie":2.71,"mOthersTime":0,"mRunTime":0,"mStartTime":31800000,"mTimeUnit":600000,"mWalkTime":52026,"runStep":0,"walkStep":78},{"distance":167.20999,"mCalorie":8.05,"mOthersTime":0,"mRunTime":0,"mStartTime":33000000,"mTimeUnit":600000,"mWalkTime":152076,"runStep":0,"walkStep":228},{"distance":14.38,"mCalorie":0.77,"mOthersTime":0,"mRunTime":0,"mStartTime":33600000,"mTimeUnit":600000,"mWalkTime":13340,"runStep":0,"walkStep":20},{"distance":13.26,"mCalorie":0.72,"mOthersTime":0,"mRunTime":0,"mStartTime":34200000,"mTimeUnit":600000,"mWalkTime":12673,"runStep":0,"walkStep":19},{"distance":123.15,"mCalorie":6.5299997,"mOthersTime":0,"mRunTime":3600,"mStartTime":34800000,"mTimeUnit":600000,"mWalkTime":107387,"runStep":9,"walkStep":161},{"distance":155.94,"mCalorie":7.79,"mOthersTime":0,"mRunTime":0,"mStartTime":35400000,"mTimeUnit":600000,"mWalkTime":136675,"runStep":0,"walkStep":216},{"distance":115.2,"mCalorie":5.3599997,"mOthersTime":0,"mRunTime":0,"mStartTime":36000000,"mTimeUnit":600000,"mWalkTime":100717,"runStep":0,"walkStep":151},{"distance":147.8,"mCalorie":7.3199997,"mOthersTime":0,"mRunTime":0,"mStartTime":36600000,"mTimeUnit":600000,"mWalkTime":138706,"runStep":0,"walkStep":212},{"distance":86.17999,"mCalorie":5.43,"mOthersTime":0,"mRunTime":0,"mStartTime":37800000,"mTimeUnit":600000,"mWalkTime":82041,"runStep":0,"walkStep":123},{"distance":34.85,"mCalorie":1.82,"mOthersTime":0,"mRunTime":0,"mStartTime":38400000,"mTimeUnit":600000,"mWalkTime":32016,"runStep":0,"walkStep":48},{"distance":29.17,"mCalorie":1.48,"mOthersTime":0,"mRunTime":0,"mStartTime":40800000,"mTimeUnit":600000,"mWalkTime":26680,"runStep":0,"walkStep":40},{"distance":71.09999,"mCalorie":3.92,"mOthersTime":0,"mRunTime":0,"mStartTime":41400000,"mTimeUnit":600000,"mWalkTime":72703,"runStep":0,"walkStep":109},{"distance":135.26001,"mCalorie":17.050001,"mOthersTime":0,"mRunTime":0,"mStartTime":42000000,"mTimeUnit":600000,"mWalkTime":153410,"runStep":0,"walkStep":230},{"distance":108.880005,"mCalorie":5.3599997,"mOthersTime":0,"mRunTime":0,"mStartTime":42600000,"mTimeUnit":600000,"mWalkTime":97382,"runStep":0,"walkStep":146},{"distance":20.58,"mCalorie":1.06,"mOthersTime":0,"mRunTime":0,"mStartTime":43800000,"mTimeUnit":600000,"mWalkTime":19343,"runStep":0,"walkStep":29},{"distance":42.801003,"mCalorie":2.0500002,"mOthersTime":0,"mRunTime":0,"mStartTime":45000000,"mTimeUnit":600000,"mWalkTime":35351,"runStep":0,"walkStep":53},{"distance":90.99,"mCalorie":5.29,"mOthersTime":0,"mRunTime":0,"mStartTime":45600000,"mTimeUnit":600000,"mWalkTime":93380,"runStep":0,"walkStep":140},{"distance":38.829,"mCalorie":1.97,"mOthersTime":0,"mRunTime":1200,"mStartTime":46200000,"mTimeUnit":600000,"mWalkTime":30682,"runStep":3,"walkStep":46},{"distance":360.86996,"mCalorie":18.259998,"mOthersTime":0,"mRunTime":0,"mStartTime":46800000,"mTimeUnit":600000,"mWalkTime":306063,"runStep":0,"walkStep":486},{"distance":64.729996,"mCalorie":3.2600002,"mOthersTime":0,"mRunTime":0,"mStartTime":47400000,"mTimeUnit":600000,"mWalkTime":58029,"runStep":0,"walkStep":87},{"distance":7.06,"mCalorie":0.31,"mOthersTime":0,"mRunTime":0,"mStartTime":48600000,"mTimeUnit":600000,"mWalkTime":6003,"runStep":0,"walkStep":9},{"distance":18.29,"mCalorie":0.91,"mOthersTime":0,"mRunTime":0,"mStartTime":49200000,"mTimeUnit":600000,"mWalkTime":16675,"runStep":0,"walkStep":25},{"distance":239.37999,"mCalorie":12.17,"mOthersTime":0,"mRunTime":0,"mStartTime":49800000,"mTimeUnit":600000,"mWalkTime":208741,"runStep":0,"walkStep":324},{"distance":126.05,"mCalorie":6.54,"mOthersTime":0,"mRunTime":0,"mStartTime":50400000,"mTimeUnit":600000,"mWalkTime":113390,"runStep":0,"walkStep":170},{"distance":54.03,"mCalorie":2.66,"mOthersTime":0,"mRunTime":0,"mStartTime":51000000,"mTimeUnit":600000,"mWalkTime":48024,"runStep":0,"walkStep":72},{"distance":236.36003,"mCalorie":12.359998,"mOthersTime":0,"mRunTime":0,"mStartTime":51600000,"mTimeUnit":600000,"mWalkTime":200040,"runStep":0,"walkStep":319},{"distance":18.19,"mCalorie":0.94,"mOthersTime":0,"mRunTime":0,"mStartTime":52200000,"mTimeUnit":600000,"mWalkTime":16675,"runStep":0,"walkStep":25},{"distance":275.799,"mCalorie":13.95,"mOthersTime":0,"mRunTime":0,"mStartTime":54600000,"mTimeUnit":600000,"mWalkTime":223355,"runStep":0,"walkStep":368},{"distance":251.57999,"mCalorie":11.959998,"mOthersTime":0,"mRunTime":0,"mStartTime":55200000,"mTimeUnit":600000,"mWalkTime":208044,"runStep":0,"walkStep":334},{"distance":203.38998,"mCalorie":10.139999,"mOthersTime":0,"mRunTime":400,"mStartTime":55800000,"mTimeUnit":600000,"mWalkTime":176058,"runStep":1,"walkStep":274},{"distance":51.239998,"mCalorie":2.6599998,"mOthersTime":0,"mRunTime":0,"mStartTime":56400000,"mTimeUnit":600000,"mWalkTime":46690,"runStep":0,"walkStep":70},{"distance":33.64,"mCalorie":1.8100001,"mOthersTime":0,"mRunTime":0,"mStartTime":57000000,"mTimeUnit":600000,"mWalkTime":31349,"runStep":0,"walkStep":47},{"distance":348.151,"mCalorie":16.3,"mOthersTime":0,"mRunTime":0,"mStartTime":57600000,"mTimeUnit":600000,"mWalkTime":290782,"runStep":0,"walkStep":459},{"distance":123.549995,"mCalorie":6.06,"mOthersTime":0,"mRunTime":0,"mStartTime":58800000,"mTimeUnit":600000,"mWalkTime":110722,"runStep":0,"walkStep":166},{"distance":352.32,"mCalorie":18.83,"mOthersTime":0,"mRunTime":6800,"mStartTime":59400000,"mTimeUnit":600000,"mWalkTime":300817,"runStep":17,"walkStep":451},{"distance":252.94,"mCalorie":12.7699995,"mOthersTime":0,"mRunTime":800,"mStartTime":60000000,"mTimeUnit":600000,"mWalkTime":226780,"runStep":2,"walkStep":340},{"distance":352.249,"mCalorie":17.510002,"mOthersTime":0,"mRunTime":0,"mStartTime":60600000,"mTimeUnit":600000,"mWalkTime":320827,"runStep":0,"walkStep":481},{"distance":316.671,"mCalorie":16.230001,"mOthersTime":0,"mRunTime":6800,"mStartTime":61200000,"mTimeUnit":600000,"mWalkTime":263465,"runStep":17,"walkStep":395},{"distance":212.75,"mCalorie":11.03,"mOthersTime":0,"mRunTime":0,"mStartTime":61800000,"mTimeUnit":600000,"mWalkTime":197432,"runStep":0,"walkStep":296},{"distance":193.84,"mCalorie":10.059999,"mOthersTime":0,"mRunTime":2000,"mStartTime":62400000,"mTimeUnit":600000,"mWalkTime":169418,"runStep":5,"walkStep":254},{"distance":289.009,"mCalorie":15.38,"mOthersTime":0,"mRunTime":15600,"mStartTime":63000000,"mTimeUnit":600000,"mWalkTime":222778,"runStep":39,"walkStep":334},{"distance":183.02,"mCalorie":9.75,"mOthersTime":0,"mRunTime":1200,"mStartTime":63600000,"mTimeUnit":600000,"mWalkTime":167417,"runStep":3,"walkStep":251},{"distance":150.341,"mCalorie":8.18,"mOthersTime":0,"mRunTime":4000,"mStartTime":64200000,"mTimeUnit":600000,"mWalkTime":124062,"runStep":10,"walkStep":186},{"distance":34.14,"mCalorie":1.8599999,"mOthersTime":0,"mRunTime":0,"mStartTime":64800000,"mTimeUnit":600000,"mWalkTime":31349,"runStep":0,"walkStep":47},{"distance":8.91,"mCalorie":0.4,"mOthersTime":0,"mRunTime":0,"mStartTime":66000000,"mTimeUnit":600000,"mWalkTime":8004,"runStep":0,"walkStep":12},{"distance":34.86,"mCalorie":1.8199999,"mOthersTime":0,"mRunTime":0,"mStartTime":66600000,"mTimeUnit":600000,"mWalkTime":33350,"runStep":0,"walkStep":50},{"distance":13.719999,"mCalorie":0.7,"mOthersTime":0,"mRunTime":0,"mStartTime":72000000,"mTimeUnit":600000,"mWalkTime":12673,"runStep":0,"walkStep":19},{"distance":369.49164,"mCalorie":27.354973,"mOthersTime":0,"mRunTime":2800,"mStartTime":72600000,"mTimeUnit":600000,"mWalkTime":305012,"runStep":7,"walkStep":482},{"distance":734.49725,"mCalorie":61.72285,"mOthersTime":0,"mRunTime":0,"mStartTime":73200000,"mTimeUnit":600000,"mWalkTime":600000,"runStep":0,"walkStep":1092},{"distance":734.49725,"mCalorie":61.72285,"mOthersTime":0,"mRunTime":0,"mStartTime":73800000,"mTimeUnit":600000,"mWalkTime":600000,"runStep":0,"walkStep":1098},{"distance":734.49725,"mCalorie":61.72285,"mOthersTime":0,"mRunTime":0,"mStartTime":74400000,"mTimeUnit":600000,"mWalkTime":600000,"runStep":0,"walkStep":1071},{"distance":520.54114,"mCalorie":40.160458,"mOthersTime":0,"mRunTime":0,"mStartTime":75000000,"mTimeUnit":600000,"mWalkTime":445412,"runStep":0,"walkStep":464},{"distance":216.51102,"mCalorie":11.61,"mOthersTime":0,"mRunTime":0,"mStartTime":75600000,"mTimeUnit":600000,"mWalkTime":198069,"runStep":0,"walkStep":306},{"distance":262.631,"mCalorie":13.45,"mOthersTime":0,"mRunTime":0,"mStartTime":76200000,"mTimeUnit":600000,"mWalkTime":227417,"runStep":0,"walkStep":356},{"distance":48.08,"mCalorie":2.47,"mOthersTime":0,"mRunTime":0,"mStartTime":76800000,"mTimeUnit":600000,"mWalkTime":44022,"runStep":0,"walkStep":66},{"distance":7.65,"mCalorie":0.31,"mOthersTime":0,"mRunTime":0,"mStartTime":77400000,"mTimeUnit":600000,"mWalkTime":6003,"runStep":0,"walkStep":9},{"distance":62.7,"mCalorie":3.18,"mOthersTime":0,"mRunTime":0,"mStartTime":78000000,"mTimeUnit":600000,"mWalkTime":56028,"runStep":0,"walkStep":84},{"distance":551.10095,"mCalorie":41.684788,"mOthersTime":0,"mRunTime":0,"mStartTime":78600000,"mTimeUnit":600000,"mWalkTime":487397,"runStep":0,"walkStep":800},{"distance":599.8177,"mCalorie":53.61104,"mOthersTime":0,"mRunTime":0,"mStartTime":79200000,"mTimeUnit":600000,"mWalkTime":532762,"runStep":0,"walkStep":813},{"distance":218.54001,"mCalorie":11.11,"mOthersTime":0,"mRunTime":0,"mStartTime":79800000,"mTimeUnit":600000,"mWalkTime":187337,"runStep":0,"walkStep":298},{"distance":103.939,"mCalorie":4.91,"mOthersTime":0,"mRunTime":0,"mStartTime":82200000,"mTimeUnit":600000,"mWalkTime":90015,"runStep":0,"walkStep":140},{"distance":7.78,"mCalorie":0.34,"mOthersTime":0,"mRunTime":0,"mStartTime":82800000,"mTimeUnit":600000,"mWalkTime":6670,"runStep":0,"walkStep":10},{"distance":14.1,"mCalorie":0.74,"mOthersTime":0,"mRunTime":0,"mStartTime":84000000,"mTimeUnit":600000,"mWalkTime":13340,"runStep":0,"walkStep":20},{"distance":81.21,"mCalorie":3.6100001,"mOthersTime":0,"mRunTime":0,"mStartTime":84600000,"mTimeUnit":600000,"mWalkTime":72673,"runStep":0,"walkStep":109},{"distance":59.549004,"mCalorie":2.73,"mOthersTime":0,"mRunTime":0,"mStartTime":85200000,"mTimeUnit":600000,"mWalkTime":53360,"runStep":0,"walkStep":80},{"distance":7.03,"mCalorie":0.4,"mOthersTime":0,"mRunTime":0,"mStartTime":85800000,"mTimeUnit":600000,"mWalkTime":6670,"runStep":0,"walkStep":10}],"version":1}