{"mActivityList":[{"mActiveTime":2009804,"mActiveTimeType":0,"mCalorie":228.0,"mCategory":204,"mDetailInfoId":"4b4d2ba1-1c0a-7ceb-9f39-1140b008f684","mDistance":1964.7,"mDuration":2009804,"mEndTime":58257397,"mStartTime":56247593,"mType":1001}],"mAdaptiveGoal":0,"mIsGoalAchieved":false,"mIsMostActiveAchieved":false,"mMostActiveMinutes":0,"mStreakDayCount":0,"mUnitDataList":[{"distance":94.53001,"mCalorie":3.7199988,"mOthersTime":0,"mRunTime":0,"mStartTime":1800000,"mTimeUnit":600000,"mWalkTime":80040,"runStep":0,"walkStep":120},{"distance":67.98,"mCalorie":3.51,"mOthersTime":0,"mRunTime":0,"mStartTime":3000000,"mTimeUnit":600000,"mWalkTime":62031,"runStep":0,"walkStep":93},{"distance":26.22,"mCalorie":1.16,"mOthersTime":0,"mRunTime":0,"mStartTime":5400000,"mTimeUnit":600000,"mWalkTime":22678,"runStep":0,"walkStep":34},{"distance":49.61,"mCalorie":2.24,"mOthersTime":0,"mRunTime":0,"mStartTime":6000000,"mTimeUnit":600000,"mWalkTime":42688,"runStep":0,"walkStep":64},{"distance":45.269997,"mCalorie":1.9599999,"mOthersTime":0,"mRunTime":0,"mStartTime":10800000,"mTimeUnit":600000,"mWalkTime":37352,"runStep":0,"walkStep":56},{"distance":7.21,"mCalorie":0.37,"mOthersTime":0,"mRunTime":0,"mStartTime":12600000,"mTimeUnit":600000,"mWalkTime":6670,"runStep":0,"walkStep":10},{"distance":82.77,"mCalorie":4.16,"mOthersTime":0,"mRunTime":1200,"mStartTime":29400000,"mTimeUnit":600000,"mWalkTime":71369,"runStep":3,"walkStep":107},{"distance":80.66,"mCalorie":4.56,"mOthersTime":0,"mRunTime":1600,"mStartTime":30000000,"mTimeUnit":600000,"mWalkTime":69368,"runStep":4,"walkStep":104},{"distance":58.32,"mCalorie":2.9099998,"mOthersTime":0,"mRunTime":0,"mStartTime":30600000,"mTimeUnit":600000,"mWalkTime":51359,"runStep":0,"walkStep":77},{"distance":45.559998,"mCalorie":2.45,"mOthersTime":0,"mRunTime":0,"mStartTime":31200000,"mTimeUnit":600000,"mWalkTime":42688,"runStep":0,"walkStep":64},{"distance":10.03,"mCalorie":0.45,"mOthersTime":0,"mRunTime":0,"mStartTime":37200000,"mTimeUnit":600000,"mWalkTime":8671,"runStep":0,"walkStep":13},{"distance":64.37,"mCalorie":3.49,"mOthersTime":0,"mRunTime":0,"mStartTime":38400000,"mTimeUnit":600000,"mWalkTime":60030,"runStep":0,"walkStep":90},{"distance":118.479996,"mCalorie":6.3599997,"mOthersTime":0,"mRunTime":0,"mStartTime":39000000,"mTimeUnit":600000,"mWalkTime":110722,"runStep":0,"walkStep":166},{"distance":59.620003,"mCalorie":3.2199998,"mOthersTime":0,"mRunTime":0,"mStartTime":44400000,"mTimeUnit":600000,"mWalkTime":56028,"runStep":0,"walkStep":84},{"distance":23.82,"mCalorie":1.32,"mOthersTime":0,"mRunTime":0,"mStartTime":46200000,"mTimeUnit":600000,"mWalkTime":24012,"runStep":0,"walkStep":36},{"distance":88.76,"mCalorie":4.85,"mOthersTime":0,"mRunTime":1600,"mStartTime":48000000,"mTimeUnit":600000,"mWalkTime":76705,"runStep":4,"walkStep":115},{"distance":45.4,"mCalorie":2.5,"mOthersTime":0,"mRunTime":0,"mStartTime":49800000,"mTimeUnit":600000,"mWalkTime":43355,"runStep":0,"walkStep":65},{"distance":9.39,"mCalorie":0.5,"mOthersTime":0,"mRunTime":0,"mStartTime":54000000,"mTimeUnit":600000,"mWalkTime":8671,"runStep":0,"walkStep":13},{"distance":253.92831,"mCalorie":23.040096,"mOthersTime":0,"mRunTime":0,"mStartTime":55800000,"mTimeUnit":600000,"mWalkTime":250783,"runStep":0,"walkStep":368},{"distance":586.5348,"mCalorie":68.06634,"mOthersTime":0,"mRunTime":0,"mStartTime":56400000,"mTimeUnit":600000,"mWalkTime":600000,"runStep":4,"walkStep":781},{"distance":586.5348,"mCalorie":68.06634,"mOthersTime":0,"mRunTime":0,"mStartTime":57000000,"mTimeUnit":600000,"mWalkTime":600000,"runStep":0,"walkStep":843},{"distance":586.5348,"mCalorie":68.06634,"mOthersTime":0,"mRunTime":0,"mStartTime":57600000,"mTimeUnit":600000,"mWalkTime":600000,"runStep":0,"walkStep":822},{"distance":56.996952,"mCalorie":6.5577593,"mOthersTime":0,"mRunTime":0,"mStartTime":58200000,"mTimeUnit":600000,"mWalkTime":58236,"runStep":0,"walkStep":29},{"distance":16.380001,"mCalorie":0.84999996,"mOthersTime":0,"mRunTime":0,"mStartTime":61800000,"mTimeUnit":600000,"mWalkTime":15341,"runStep":0,"walkStep":23},{"distance":84.72999,"mCalorie":4.79,"mOthersTime":0,"mRunTime":400,"mStartTime":64800000,"mTimeUnit":600000,"mWalkTime":76038,"runStep":1,"walkStep":114},{"distance":19.14,"mCalorie":0.84,"mOthersTime":0,"mRunTime":0,"mStartTime":65400000,"mTimeUnit":600000,"mWalkTime":16008,"runStep":0,"walkStep":24},{"distance":32.39,"mCalorie":1.6000001,"mOthersTime":0,"mRunTime":800,"mStartTime":66000000,"mTimeUnit":600000,"mWalkTime":26680,"runStep":2,"walkStep":40},{"distance":26.97,"mCalorie":1.36,"mOthersTime":0,"mRunTime":0,"mStartTime":66600000,"mTimeUnit":600000,"mWalkTime":24012,"runStep":0,"walkStep":36},{"distance":110.0,"mCalorie":5.79,"mOthersTime":0,"mRunTime":0,"mStartTime":69000000,"mTimeUnit":600000,"mWalkTime":100050,"runStep":0,"walkStep":150},{"distance":39.08,"mCalorie":2.1299999,"mOthersTime":0,"mRunTime":800,"mStartTime":70800000,"mTimeUnit":600000,"mWalkTime":32683,"runStep":2,"walkStep":49},{"distance":24.46,"mCalorie":1.37,"mOthersTime":0,"mRunTime":0,"mStartTime":76200000,"mTimeUnit":600000,"mWalkTime":23345,"runStep":0,"walkStep":35},{"distance":33.74,"mCalorie":1.9499999,"mOthersTime":0,"mRunTime":3200,"mStartTime":76800000,"mTimeUnit":600000,"mWalkTime":26013,"runStep":8,"walkStep":39},{"distance":43.260002,"mCalorie":2.4,"mOthersTime":0,"mRunTime":3600,"mStartTime":77400000,"mTimeUnit":600000,"mWalkTime":28014,"runStep":9,"walkStep":42},{"distance":22.310001,"mCalorie":1.05,"mOthersTime":0,"mRunTime":400,"mStartTime":79800000,"mTimeUnit":600000,"mWalkTime":16675,"runStep":1,"walkStep":25},{"distance":7.23,"mCalorie":0.41,"mOthersTime":0,"mRunTime":0,"mStartTime":80400000,"mTimeUnit":600000,"mWalkTime":6670,"runStep":0,"walkStep":10},{"distance":33.489994,"mCalorie":1.8099998,"mOthersTime":0,"mRunTime":0,"mStartTime":82200000,"mTimeUnit":600000,"mWalkTime":32016,"runStep":0,"walkStep":48},{"distance":49.14,"mCalorie":2.83,"mOthersTime":0,"mRunTime":1600,"mStartTime":84000000,"mTimeUnit":600000,"mWalkTime":37352,"runStep":4,"walkStep":56}],"version":1}