{"mAdaptiveGoal":0,"mIsGoalAchieved":false,"mIsMostActiveAchieved":false,"mMostActiveMinutes":0,"mStreakDayCount":0,"mUnitDataList":[{"distance":18.27,"mCalorie":0.87,"mOthersTime":0,"mRunTime":0,"mStartTime":3000000,"mTimeUnit":600000,"mWalkTime":16675,"runStep":0,"walkStep":25},{"distance":17.95,"mCalorie":0.90999997,"mOthersTime":0,"mRunTime":0,"mStartTime":18600000,"mTimeUnit":600000,"mWalkTime":14674,"runStep":0,"walkStep":22},{"distance":7.64,"mCalorie":0.32,"mOthersTime":0,"mRunTime":0,"mStartTime":19200000,"mTimeUnit":600000,"mWalkTime":6670,"runStep":0,"walkStep":10},{"distance":8.42,"mCalorie":0.38,"mOthersTime":0,"mRunTime":0,"mStartTime":23400000,"mTimeUnit":600000,"mWalkTime":7337,"runStep":0,"walkStep":11},{"distance":14.119999,"mCalorie":0.66999996,"mOthersTime":0,"mRunTime":0,"mStartTime":24000000,"mTimeUnit":600000,"mWalkTime":12673,"runStep":0,"walkStep":19},{"distance":77.64001,"mCalorie":4.26,"mOthersTime":0,"mRunTime":0,"mStartTime":24600000,"mTimeUnit":600000,"mWalkTime":76675,"runStep":0,"walkStep":118},{"distance":178.74,"mCalorie":9.309999,"mOthersTime":0,"mRunTime":0,"mStartTime":25200000,"mTimeUnit":600000,"mWalkTime":148014,"runStep":0,"walkStep":239},{"distance":193.07,"mCalorie":9.9,"mOthersTime":0,"mRunTime":0,"mStartTime":27000000,"mTimeUnit":600000,"mWalkTime":174724,"runStep":0,"walkStep":262},{"distance":33.98,"mCalorie":1.74,"mOthersTime":0,"mRunTime":0,"mStartTime":27600000,"mTimeUnit":600000,"mWalkTime":31349,"runStep":0,"walkStep":47},{"distance":76.49,"mCalorie":3.73,"mOthersTime":0,"mRunTime":0,"mStartTime":28200000,"mTimeUnit":600000,"mWalkTime":66700,"runStep":0,"walkStep":100},{"distance":67.01,"mCalorie":3.2,"mOthersTime":0,"mRunTime":0,"mStartTime":28800000,"mTimeUnit":600000,"mWalkTime":58029,"runStep":0,"walkStep":87},{"distance":50.260002,"mCalorie":2.6299999,"mOthersTime":0,"mRunTime":0,"mStartTime":29400000,"mTimeUnit":600000,"mWalkTime":42688,"runStep":0,"walkStep":64},{"distance":134.6,"mCalorie":6.64,"mOthersTime":0,"mRunTime":0,"mStartTime":30000000,"mTimeUnit":600000,"mWalkTime":121394,"runStep":0,"walkStep":182},{"distance":95.14,"mCalorie":4.7299995,"mOthersTime":0,"mRunTime":1600,"mStartTime":30600000,"mTimeUnit":600000,"mWalkTime":80040,"runStep":4,"walkStep":120},{"distance":82.729996,"mCalorie":4.0,"mOthersTime":0,"mRunTime":0,"mStartTime":31200000,"mTimeUnit":600000,"mWalkTime":72703,"runStep":0,"walkStep":109},{"distance":16.19,"mCalorie":1.07,"mOthersTime":0,"mRunTime":2400,"mStartTime":31800000,"mTimeUnit":600000,"mWalkTime":8004,"runStep":6,"walkStep":12},{"distance":348.1,"mCalorie":19.849998,"mOthersTime":0,"mRunTime":0,"mStartTime":33000000,"mTimeUnit":600000,"mWalkTime":286053,"runStep":0,"walkStep":478},{"distance":313.92,"mCalorie":22.3,"mOthersTime":0,"mRunTime":0,"mStartTime":33600000,"mTimeUnit":600000,"mWalkTime":316068,"runStep":0,"walkStep":483},{"distance":25.380001,"mCalorie":1.22,"mOthersTime":0,"mRunTime":0,"mStartTime":34200000,"mTimeUnit":600000,"mWalkTime":23345,"runStep":0,"walkStep":35},{"distance":36.23,"mCalorie":2.06,"mOthersTime":0,"mRunTime":2400,"mStartTime":34800000,"mTimeUnit":600000,"mWalkTime":26680,"runStep":6,"walkStep":40},{"distance":307.36002,"mCalorie":16.51,"mOthersTime":0,"mRunTime":0,"mStartTime":35400000,"mTimeUnit":600000,"mWalkTime":276775,"runStep":0,"walkStep":423},{"distance":443.49002,"mCalorie":24.400002,"mOthersTime":0,"mRunTime":0,"mStartTime":36000000,"mTimeUnit":600000,"mWalkTime":382738,"runStep":0,"walkStep":626},{"distance":109.72,"mCalorie":6.3099985,"mOthersTime":0,"mRunTime":0,"mStartTime":36600000,"mTimeUnit":600000,"mWalkTime":104689,"runStep":0,"walkStep":159},{"distance":183.90002,"mCalorie":10.089999,"mOthersTime":0,"mRunTime":0,"mStartTime":37200000,"mTimeUnit":600000,"mWalkTime":166720,"runStep":0,"walkStep":255},{"distance":46.31,"mCalorie":2.3200002,"mOthersTime":0,"mRunTime":0,"mStartTime":37800000,"mTimeUnit":600000,"mWalkTime":42688,"runStep":0,"walkStep":64},{"distance":4.59,"mCalorie":0.21,"mOthersTime":0,"mRunTime":0,"mStartTime":38400000,"mTimeUnit":600000,"mWalkTime":4002,"runStep":0,"walkStep":6},{"distance":37.57,"mCalorie":1.7899998,"mOthersTime":0,"mRunTime":0,"mStartTime":39000000,"mTimeUnit":600000,"mWalkTime":33350,"runStep":0,"walkStep":50},{"distance":17.88,"mCalorie":1.04,"mOthersTime":0,"mRunTime":0,"mStartTime":39600000,"mTimeUnit":600000,"mWalkTime":16008,"runStep":0,"walkStep":24},{"distance":57.58,"mCalorie":3.06,"mOthersTime":0,"mRunTime":0,"mStartTime":40200000,"mTimeUnit":600000,"mWalkTime":52693,"runStep":0,"walkStep":79},{"distance":179.03,"mCalorie":8.93,"mOthersTime":0,"mRunTime":0,"mStartTime":40800000,"mTimeUnit":600000,"mWalkTime":158049,"runStep":0,"walkStep":246},{"distance":9.35,"mCalorie":0.4,"mOthersTime":0,"mRunTime":0,"mStartTime":41400000,"mTimeUnit":600000,"mWalkTime":8004,"runStep":0,"walkStep":12},{"distance":404.82,"mCalorie":20.650002,"mOthersTime":0,"mRunTime":0,"mStartTime":42600000,"mTimeUnit":600000,"mWalkTime":330712,"runStep":0,"walkStep":542},{"distance":426.27,"mCalorie":21.6,"mOthersTime":0,"mRunTime":0,"mStartTime":43200000,"mTimeUnit":600000,"mWalkTime":370762,"runStep":0,"walkStep":577},{"distance":136.75002,"mCalorie":6.84,"mOthersTime":0,"mRunTime":800,"mStartTime":43800000,"mTimeUnit":600000,"mWalkTime":119393,"runStep":2,"walkStep":179},{"distance":32.92,"mCalorie":1.4499999,"mOthersTime":0,"mRunTime":0,"mStartTime":44400000,"mTimeUnit":600000,"mWalkTime":28014,"runStep":0,"walkStep":42},{"distance":28.35,"mCalorie":1.18,"mOthersTime":0,"mRunTime":0,"mStartTime":46800000,"mTimeUnit":600000,"mWalkTime":24012,"runStep":0,"walkStep":36},{"distance":123.739975,"mCalorie":6.529999,"mOthersTime":0,"mRunTime":0,"mStartTime":47400000,"mTimeUnit":600000,"mWalkTime":109358,"runStep":0,"walkStep":169},{"distance":93.30998,"mCalorie":5.039999,"mOthersTime":0,"mRunTime":0,"mStartTime":48000000,"mTimeUnit":600000,"mWalkTime":78676,"runStep":0,"walkStep":127},{"distance":60.060005,"mCalorie":3.06,"mOthersTime":0,"mRunTime":0,"mStartTime":48600000,"mTimeUnit":600000,"mWalkTime":55361,"runStep":0,"walkStep":83},{"distance":12.59,"mCalorie":0.71,"mOthersTime":0,"mRunTime":0,"mStartTime":49200000,"mTimeUnit":600000,"mWalkTime":12006,"runStep":0,"walkStep":18},{"distance":11.44,"mCalorie":0.47,"mOthersTime":0,"mRunTime":0,"mStartTime":51600000,"mTimeUnit":600000,"mWalkTime":10005,"runStep":0,"walkStep":15},{"distance":7.44,"mCalorie":0.45,"mOthersTime":0,"mRunTime":0,"mStartTime":52200000,"mTimeUnit":600000,"mWalkTime":7337,"runStep":0,"walkStep":11},{"distance":60.839996,"mCalorie":3.4,"mOthersTime":0,"mRunTime":0,"mStartTime":52800000,"mTimeUnit":600000,"mWalkTime":62698,"runStep":0,"walkStep":94},{"distance":27.47,"mCalorie":1.5,"mOthersTime":0,"mRunTime":0,"mStartTime":53400000,"mTimeUnit":600000,"mWalkTime":26013,"runStep":0,"walkStep":39},{"distance":28.42,"mCalorie":1.5699999,"mOthersTime":0,"mRunTime":0,"mStartTime":54000000,"mTimeUnit":600000,"mWalkTime":27347,"runStep":0,"walkStep":41},{"distance":60.370003,"mCalorie":2.8899999,"mOthersTime":0,"mRunTime":0,"mStartTime":54600000,"mTimeUnit":600000,"mWalkTime":54694,"runStep":0,"walkStep":82},{"distance":104.28,"mCalorie":5.43,"mOthersTime":0,"mRunTime":400,"mStartTime":55200000,"mTimeUnit":600000,"mWalkTime":90712,"runStep":1,"walkStep":136},{"distance":23.85,"mCalorie":1.12,"mOthersTime":0,"mRunTime":0,"mStartTime":55800000,"mTimeUnit":600000,"mWalkTime":21344,"runStep":0,"walkStep":32},{"distance":158.24,"mCalorie":8.41,"mOthersTime":0,"mRunTime":9600,"mStartTime":56400000,"mTimeUnit":600000,"mWalkTime":120727,"runStep":24,"walkStep":181},{"distance":342.9,"mCalorie":18.849998,"mOthersTime":0,"mRunTime":0,"mStartTime":57000000,"mTimeUnit":600000,"mWalkTime":315461,"runStep":0,"walkStep":473},{"distance":321.07,"mCalorie":18.029999,"mOthersTime":0,"mRunTime":0,"mStartTime":57600000,"mTimeUnit":600000,"mWalkTime":303485,"runStep":0,"walkStep":455},{"distance":6.86,"mCalorie":0.38,"mOthersTime":0,"mRunTime":0,"mStartTime":58200000,"mTimeUnit":600000,"mWalkTime":6003,"runStep":0,"walkStep":9},{"distance":19.03,"mCalorie":1.11,"mOthersTime":0,"mRunTime":0,"mStartTime":58800000,"mTimeUnit":600000,"mWalkTime":18009,"runStep":0,"walkStep":27},{"distance":153.56,"mCalorie":7.74,"mOthersTime":0,"mRunTime":0,"mStartTime":60000000,"mTimeUnit":600000,"mWalkTime":140070,"runStep":0,"walkStep":210},{"distance":70.259995,"mCalorie":3.67,"mOthersTime":0,"mRunTime":0,"mStartTime":60600000,"mTimeUnit":600000,"mWalkTime":63365,"runStep":0,"walkStep":95},{"distance":112.39,"mCalorie":5.7799997,"mOthersTime":0,"mRunTime":0,"mStartTime":61200000,"mTimeUnit":600000,"mWalkTime":102051,"runStep":0,"walkStep":153},{"distance":269.871,"mCalorie":13.11,"mOthersTime":0,"mRunTime":400,"mStartTime":61800000,"mTimeUnit":600000,"mWalkTime":227417,"runStep":1,"walkStep":359},{"distance":29.94,"mCalorie":1.55,"mOthersTime":0,"mRunTime":0,"mStartTime":62400000,"mTimeUnit":600000,"mWalkTime":27347,"runStep":0,"walkStep":41},{"distance":130.8,"mCalorie":6.89,"mOthersTime":0,"mRunTime":0,"mStartTime":63000000,"mTimeUnit":600000,"mWalkTime":105356,"runStep":0,"walkStep":175},{"distance":583.18994,"mCalorie":30.489998,"mOthersTime":0,"mRunTime":666,"mStartTime":63600000,"mTimeUnit":600000,"mWalkTime":468752,"runStep":2,"walkStep":777},{"distance":29.150002,"mCalorie":1.38,"mOthersTime":0,"mRunTime":0,"mStartTime":64200000,"mTimeUnit":600000,"mWalkTime":25346,"runStep":0,"walkStep":38},{"distance":77.97,"mCalorie":3.8199997,"mOthersTime":0,"mRunTime":1200,"mStartTime":64800000,"mTimeUnit":600000,"mWalkTime":64032,"runStep":3,"walkStep":96},{"distance":21.94,"mCalorie":1.0600001,"mOthersTime":0,"mRunTime":0,"mStartTime":65400000,"mTimeUnit":600000,"mWalkTime":20010,"runStep":0,"walkStep":30},{"distance":72.87,"mCalorie":3.9499998,"mOthersTime":0,"mRunTime":0,"mStartTime":66600000,"mTimeUnit":600000,"mWalkTime":70035,"runStep":0,"walkStep":105},{"distance":307.81,"mCalorie":17.76,"mOthersTime":0,"mRunTime":0,"mStartTime":67200000,"mTimeUnit":600000,"mWalkTime":260040,"runStep":0,"walkStep":433},{"distance":135.68001,"mCalorie":7.2099996,"mOthersTime":0,"mRunTime":0,"mStartTime":67800000,"mTimeUnit":600000,"mWalkTime":120030,"runStep":0,"walkStep":184},{"distance":15.34,"mCalorie":0.76,"mOthersTime":0,"mRunTime":0,"mStartTime":69000000,"mTimeUnit":600000,"mWalkTime":14007,"runStep":0,"walkStep":21},{"distance":24.95,"mCalorie":1.3299999,"mOthersTime":0,"mRunTime":0,"mStartTime":69600000,"mTimeUnit":600000,"mWalkTime":23345,"runStep":0,"walkStep":35},{"distance":281.38,"mCalorie":14.58,"mOthersTime":0,"mRunTime":0,"mStartTime":70200000,"mTimeUnit":600000,"mWalkTime":250762,"runStep":0,"walkStep":385},{"distance":373.41,"mCalorie":20.92,"mOthersTime":0,"mRunTime":0,"mStartTime":70800000,"mTimeUnit":600000,"mWalkTime":323375,"runStep":0,"walkStep":534},{"distance":94.33,"mCalorie":9.84,"mOthersTime":0,"mRunTime":0,"mStartTime":71400000,"mTimeUnit":600000,"mWalkTime":103385,"runStep":0,"walkStep":155},{"distance":46.23,"mCalorie":2.35,"mOthersTime":0,"mRunTime":0,"mStartTime":72000000,"mTimeUnit":600000,"mWalkTime":42688,"runStep":0,"walkStep":64},{"distance":4.6,"mCalorie":0.21,"mOthersTime":0,"mRunTime":0,"mStartTime":72600000,"mTimeUnit":600000,"mWalkTime":4002,"runStep":0,"walkStep":6},{"distance":74.62,"mCalorie":4.88,"mOthersTime":0,"mRunTime":0,"mStartTime":73200000,"mTimeUnit":600000,"mWalkTime":88711,"runStep":0,"walkStep":133},{"distance":124.81999,"mCalorie":6.0,"mOthersTime":0,"mRunTime":0,"mStartTime":73800000,"mTimeUnit":600000,"mWalkTime":112723,"runStep":0,"walkStep":169},{"distance":5.13,"mCalorie":0.25,"mOthersTime":0,"mRunTime":0,"mStartTime":74400000,"mTimeUnit":600000,"mWalkTime":4669,"runStep":0,"walkStep":7},{"distance":27.44,"mCalorie":1.42,"mOthersTime":0,"mRunTime":0,"mStartTime":76800000,"mTimeUnit":600000,"mWalkTime":22011,"runStep":0,"walkStep":33},{"distance":18.67,"mCalorie":0.89,"mOthersTime":0,"mRunTime":0,"mStartTime":80400000,"mTimeUnit":600000,"mWalkTime":16008,"runStep":0,"walkStep":24},{"distance":10.25,"mCalorie":0.37,"mOthersTime":0,"mRunTime":0,"mStartTime":81000000,"mTimeUnit":600000,"mWalkTime":8671,"runStep":0,"walkStep":13}],"version":1}