{"mActivityList":[{"mActiveTime":600000,"mActiveTimeType":2,"mCalorie":61.37,"mCategory":204,"mDetailInfoId":"a8ecacc6-5fe4-75f4-ebee-d1f62b2f8700","mDistance":0.0,"mDuration":600000,"mEndTime":37902263,"mStartTime":37302263,"mType":11007},{"mActiveTime":600000,"mActiveTimeType":2,"mCalorie":56.88,"mCategory":204,"mDetailInfoId":"c9665c82-0f64-4dc4-59d8-7d640454e9e2","mDistance":0.0,"mDuration":600000,"mEndTime":39280242,"mStartTime":38680242,"mType":11007},{"mActiveTime":613280,"mActiveTimeType":2,"mCalorie":106.01,"mCategory":204,"mDetailInfoId":"e83cfba4-4ef6-fac1-77de-e171911bdf5f","mDistance":0.0,"mDuration":613280,"mEndTime":53933357,"mStartTime":53320077,"mType":11007},{"mActiveTime":690080,"mActiveTimeType":2,"mCalorie":82.43,"mCategory":204,"mDetailInfoId":"7e477778-72de-96e8-2b3e-751781fd145d","mDistance":0.0,"mDuration":690080,"mEndTime":58892158,"mStartTime":58202078,"mType":11007}],"mAdaptiveGoal":0,"mIsGoalAchieved":false,"mIsMostActiveAchieved":false,"mMostActiveMinutes":0,"mStreakDayCount":0,"mUnitDataList":[{"distance":40.18,"mCalorie":1.9599999,"mOthersTime":0,"mRunTime":400,"mStartTime":3000000,"mTimeUnit":600000,"mWalkTime":33350,"runStep":1,"walkStep":50},{"distance":9.16,"mCalorie":0.68,"mOthersTime":0,"mRunTime":1200,"mStartTime":9600000,"mTimeUnit":600000,"mWalkTime":6670,"runStep":3,"walkStep":10},{"distance":12.2,"mCalorie":0.63,"mOthersTime":0,"mRunTime":0,"mStartTime":10200000,"mTimeUnit":600000,"mWalkTime":11339,"runStep":0,"walkStep":17},{"distance":7.8,"mCalorie":0.52,"mOthersTime":0,"mRunTime":0,"mStartTime":19800000,"mTimeUnit":600000,"mWalkTime":6670,"runStep":0,"walkStep":10},{"distance":65.29,"mCalorie":3.56,"mOthersTime":0,"mRunTime":2000,"mStartTime":31200000,"mTimeUnit":600000,"mWalkTime":46690,"runStep":5,"walkStep":70},{"distance":9.89,"mCalorie":0.63,"mOthersTime":0,"mRunTime":0,"mStartTime":36000000,"mTimeUnit":600000,"mWalkTime":9338,"runStep":0,"walkStep":14},{"distance":108.65,"mCalorie":5.2,"mOthersTime":0,"mRunTime":0,"mStartTime":36600000,"mTimeUnit":600000,"mWalkTime":98049,"runStep":0,"walkStep":147},{"distance":7.727085,"mCalorie":51.248302,"mOthersTime":497737,"mRunTime":0,"mStartTime":37200000,"mTimeUnit":600000,"mWalkTime":7047,"runStep":0,"walkStep":15},{"distance":31.69382,"mCalorie":12.025673,"mOthersTime":102263,"mRunTime":0,"mStartTime":37800000,"mTimeUnit":600000,"mWalkTime":29457,"runStep":0,"walkStep":90},{"distance":49.29,"mCalorie":32.65306,"mOthersTime":319758,"mRunTime":0,"mStartTime":38400000,"mTimeUnit":600000,"mWalkTime":44022,"runStep":0,"walkStep":66},{"distance":43.739998,"mCalorie":28.626942,"mOthersTime":280242,"mRunTime":0,"mStartTime":39000000,"mTimeUnit":600000,"mWalkTime":40020,"runStep":0,"walkStep":60},{"distance":16.869999,"mCalorie":0.82,"mOthersTime":0,"mRunTime":0,"mStartTime":39600000,"mTimeUnit":600000,"mWalkTime":14007,"runStep":0,"walkStep":21},{"distance":8.31,"mCalorie":0.35,"mOthersTime":0,"mRunTime":0,"mStartTime":40800000,"mTimeUnit":600000,"mWalkTime":6670,"runStep":0,"walkStep":10},{"distance":17.09,"mCalorie":0.89,"mOthersTime":0,"mRunTime":0,"mStartTime":44400000,"mTimeUnit":600000,"mWalkTime":16008,"runStep":0,"walkStep":24},{"distance":25.61,"mCalorie":1.09,"mOthersTime":0,"mRunTime":0,"mStartTime":45000000,"mTimeUnit":600000,"mWalkTime":22678,"runStep":0,"walkStep":34},{"distance":9.39,"mCalorie":0.51,"mOthersTime":0,"mRunTime":0,"mStartTime":46800000,"mTimeUnit":600000,"mWalkTime":8671,"runStep":0,"walkStep":13},{"distance":43.49,"mCalorie":2.14,"mOthersTime":0,"mRunTime":0,"mStartTime":47400000,"mTimeUnit":600000,"mWalkTime":39353,"runStep":0,"walkStep":59},{"distance":55.76,"mCalorie":2.81,"mOthersTime":0,"mRunTime":800,"mStartTime":48000000,"mTimeUnit":600000,"mWalkTime":47357,"runStep":2,"walkStep":71},{"distance":45.29,"mCalorie":2.6599998,"mOthersTime":0,"mRunTime":0,"mStartTime":49800000,"mTimeUnit":600000,"mWalkTime":44022,"runStep":0,"walkStep":66},{"distance":74.71,"mCalorie":3.54,"mOthersTime":0,"mRunTime":0,"mStartTime":50400000,"mTimeUnit":600000,"mWalkTime":66700,"runStep":0,"walkStep":100},{"distance":91.590996,"mCalorie":4.7599998,"mOthersTime":0,"mRunTime":0,"mStartTime":51000000,"mTimeUnit":600000,"mWalkTime":84042,"runStep":0,"walkStep":126},{"distance":38.4,"mCalorie":1.72,"mOthersTime":0,"mRunTime":800,"mStartTime":52200000,"mTimeUnit":600000,"mWalkTime":32683,"runStep":2,"walkStep":49},{"distance":76.509995,"mCalorie":17.295282,"mOthersTime":79922,"mRunTime":0,"mStartTime":52800000,"mTimeUnit":600000,"mWalkTime":68701,"runStep":0,"walkStep":103},{"distance":0.0,"mCalorie":92.19472,"mOthersTime":533357,"mRunTime":0,"mStartTime":53400000,"mTimeUnit":600000,"mWalkTime":0,"runStep":0,"walkStep":50},{"distance":73.07,"mCalorie":3.71,"mOthersTime":0,"mRunTime":0,"mStartTime":54000000,"mTimeUnit":600000,"mWalkTime":67367,"runStep":0,"walkStep":101},{"distance":234.84,"mCalorie":15.2300005,"mOthersTime":0,"mRunTime":37200,"mStartTime":54600000,"mTimeUnit":600000,"mWalkTime":102718,"runStep":93,"walkStep":154},{"distance":178.451,"mCalorie":9.01,"mOthersTime":0,"mRunTime":1600,"mStartTime":55200000,"mTimeUnit":600000,"mWalkTime":155411,"runStep":4,"walkStep":233},{"distance":33.81,"mCalorie":1.69,"mOthersTime":0,"mRunTime":0,"mStartTime":55800000,"mTimeUnit":600000,"mWalkTime":31349,"runStep":0,"walkStep":47},{"distance":76.75,"mCalorie":3.7600002,"mOthersTime":0,"mRunTime":0,"mStartTime":56400000,"mTimeUnit":600000,"mWalkTime":69368,"runStep":0,"walkStep":104},{"distance":85.25,"mCalorie":4.06,"mOthersTime":0,"mRunTime":0,"mStartTime":57000000,"mTimeUnit":600000,"mWalkTime":76705,"runStep":0,"walkStep":115},{"distance":183.07901,"mCalorie":8.83,"mOthersTime":0,"mRunTime":800,"mStartTime":57600000,"mTimeUnit":600000,"mWalkTime":160747,"runStep":2,"walkStep":241},{"distance":0.0,"mCalorie":71.42174,"mOthersTime":597922,"mRunTime":0,"mStartTime":58200000,"mTimeUnit":600000,"mWalkTime":0,"runStep":0,"walkStep":16},{"distance":108.284645,"mCalorie":16.89155,"mOthersTime":92157,"mRunTime":3027,"mStartTime":58800000,"mTimeUnit":600000,"mWalkTime":84800,"runStep":14,"walkStep":140},{"distance":7.76,"mCalorie":0.39,"mOthersTime":0,"mRunTime":0,"mStartTime":59400000,"mTimeUnit":600000,"mWalkTime":7337,"runStep":0,"walkStep":11},{"distance":34.64,"mCalorie":2.02,"mOthersTime":0,"mRunTime":2000,"mStartTime":61200000,"mTimeUnit":600000,"mWalkTime":22678,"runStep":5,"walkStep":34},{"distance":17.11,"mCalorie":0.89,"mOthersTime":0,"mRunTime":800,"mStartTime":63600000,"mTimeUnit":600000,"mWalkTime":11339,"runStep":2,"walkStep":17},{"distance":74.8,"mCalorie":3.79,"mOthersTime":0,"mRunTime":0,"mStartTime":64800000,"mTimeUnit":600000,"mWalkTime":68701,"runStep":0,"walkStep":103},{"distance":79.14,"mCalorie":3.7200003,"mOthersTime":0,"mRunTime":0,"mStartTime":65400000,"mTimeUnit":600000,"mWalkTime":70035,"runStep":0,"walkStep":105},{"distance":43.21,"mCalorie":2.23,"mOthersTime":0,"mRunTime":0,"mStartTime":66000000,"mTimeUnit":600000,"mWalkTime":40020,"runStep":0,"walkStep":60},{"distance":55.95,"mCalorie":2.75,"mOthersTime":0,"mRunTime":0,"mStartTime":66600000,"mTimeUnit":600000,"mWalkTime":48691,"runStep":0,"walkStep":73},{"distance":73.55,"mCalorie":4.17,"mOthersTime":0,"mRunTime":0,"mStartTime":67200000,"mTimeUnit":600000,"mWalkTime":70035,"runStep":0,"walkStep":105},{"distance":69.19,"mCalorie":3.96,"mOthersTime":0,"mRunTime":800,"mStartTime":67800000,"mTimeUnit":600000,"mWalkTime":61364,"runStep":2,"walkStep":92},{"distance":29.119999,"mCalorie":1.6500001,"mOthersTime":0,"mRunTime":1200,"mStartTime":71400000,"mTimeUnit":600000,"mWalkTime":22678,"runStep":3,"walkStep":34},{"distance":32.96,"mCalorie":1.54,"mOthersTime":0,"mRunTime":0,"mStartTime":72600000,"mTimeUnit":600000,"mWalkTime":29348,"runStep":0,"walkStep":44},{"distance":510.50998,"mCalorie":24.920002,"mOthersTime":0,"mRunTime":0,"mStartTime":73200000,"mTimeUnit":600000,"mWalkTime":434067,"runStep":0,"walkStep":710},{"distance":6.77,"mCalorie":0.48,"mOthersTime":0,"mRunTime":0,"mStartTime":74400000,"mTimeUnit":600000,"mWalkTime":6670,"runStep":0,"walkStep":10},{"distance":177.97,"mCalorie":8.3,"mOthersTime":0,"mRunTime":0,"mStartTime":75000000,"mTimeUnit":600000,"mWalkTime":149378,"runStep":0,"walkStep":240},{"distance":401.981,"mCalorie":18.380001,"mOthersTime":0,"mRunTime":0,"mStartTime":75600000,"mTimeUnit":600000,"mWalkTime":334047,"runStep":0,"walkStep":547},{"distance":37.64,"mCalorie":1.8800001,"mOthersTime":0,"mRunTime":0,"mStartTime":76200000,"mTimeUnit":600000,"mWalkTime":33350,"runStep":0,"walkStep":50},{"distance":15.35,"mCalorie":1.03,"mOthersTime":0,"mRunTime":0,"mStartTime":77400000,"mTimeUnit":600000,"mWalkTime":14674,"runStep":0,"walkStep":22},{"distance":7.46,"mCalorie":0.41,"mOthersTime":0,"mRunTime":0,"mStartTime":78600000,"mTimeUnit":600000,"mWalkTime":7337,"runStep":0,"walkStep":11},{"distance":15.8,"mCalorie":0.84,"mOthersTime":0,"mRunTime":0,"mStartTime":79200000,"mTimeUnit":600000,"mWalkTime":15341,"runStep":0,"walkStep":23},{"distance":11.0,"mCalorie":0.51,"mOthersTime":0,"mRunTime":400,"mStartTime":79800000,"mTimeUnit":600000,"mWalkTime":6670,"runStep":1,"walkStep":10},{"distance":57.648,"mCalorie":2.8,"mOthersTime":0,"mRunTime":0,"mStartTime":80400000,"mTimeUnit":600000,"mWalkTime":53360,"runStep":0,"walkStep":80}],"version":1}