{"mActivityList":[{"mActiveTime":1461522,"mActiveTimeType":0,"mCalorie":91.11,"mCategory":204,"mDetailInfoId":"4a341dbb-3da1-412d-bda3-f87348fb39cb","mDistance":1735.49,"mDuration":1461000,"mEndTime":26001000,"mStartTime":24540000,"mType":1001},{"mActiveTime":1126898,"mActiveTimeType":0,"mCalorie":76.82,"mCategory":204,"mDetailInfoId":"0fa0cff2-585c-4c69-89b4-44182b3c1991","mDistance":1402.28,"mDuration":1126000,"mEndTime":29566000,"mStartTime":28440000,"mType":1001}],"mAdaptiveGoal":0,"mIsGoalAchieved":false,"mIsMostActiveAchieved":false,"mMostActiveMinutes":0,"mStreakDayCount":0,"mUnitDataList":[{"distance":44.23,"mCalorie":2.0,"mOthersTime":0,"mRunTime":0,"mStartTime":4800000,"mTimeUnit":600000,"mWalkTime":39353,"runStep":0,"walkStep":59},{"distance":35.31,"mCalorie":1.7299999,"mOthersTime":0,"mRunTime":400,"mStartTime":5400000,"mTimeUnit":600000,"mWalkTime":30682,"runStep":1,"walkStep":46},{"distance":128.09723,"mCalorie":6.710347,"mOthersTime":0,"mRunTime":0,"mStartTime":24000000,"mTimeUnit":600000,"mWalkTime":118696,"runStep":0,"walkStep":191},{"distance":712.4723,"mCalorie":37.403473,"mOthersTime":0,"mRunTime":0,"mStartTime":24600000,"mTimeUnit":600000,"mWalkTime":600000,"runStep":0,"walkStep":1110},{"distance":712.4723,"mCalorie":37.403473,"mOthersTime":0,"mRunTime":0,"mStartTime":25200000,"mTimeUnit":600000,"mWalkTime":600000,"runStep":0,"walkStep":1010},{"distance":262.4696,"mCalorie":13.757206,"mOthersTime":0,"mRunTime":0,"mStartTime":25800000,"mTimeUnit":600000,"mWalkTime":222265,"runStep":0,"walkStep":108},{"distance":148.07,"mCalorie":7.79,"mOthersTime":0,"mRunTime":0,"mStartTime":27600000,"mTimeUnit":600000,"mWalkTime":122698,"runStep":0,"walkStep":198},{"distance":604.56384,"mCalorie":33.270996,"mOthersTime":0,"mRunTime":0,"mStartTime":28200000,"mTimeUnit":600000,"mWalkTime":487337,"runStep":0,"walkStep":781},{"distance":746.62305,"mCalorie":40.90166,"mOthersTime":0,"mRunTime":0,"mStartTime":28800000,"mTimeUnit":600000,"mWalkTime":600000,"runStep":0,"walkStep":1032},{"distance":233.36781,"mCalorie":12.716009,"mOthersTime":0,"mRunTime":0,"mStartTime":29400000,"mTimeUnit":600000,"mWalkTime":190220,"runStep":0,"walkStep":303},{"distance":7.92,"mCalorie":0.42,"mOthersTime":0,"mRunTime":0,"mStartTime":30000000,"mTimeUnit":600000,"mWalkTime":7337,"runStep":0,"walkStep":11},{"distance":5.95,"mCalorie":0.29,"mOthersTime":0,"mRunTime":0,"mStartTime":32400000,"mTimeUnit":600000,"mWalkTime":5336,"runStep":0,"walkStep":8},{"distance":5.12,"mCalorie":0.26,"mOthersTime":0,"mRunTime":0,"mStartTime":33000000,"mTimeUnit":600000,"mWalkTime":4669,"runStep":0,"walkStep":7},{"distance":97.26,"mCalorie":4.95,"mOthersTime":0,"mRunTime":0,"mStartTime":35400000,"mTimeUnit":600000,"mWalkTime":88044,"runStep":0,"walkStep":132},{"distance":90.08,"mCalorie":5.1400003,"mOthersTime":0,"mRunTime":2000,"mStartTime":36000000,"mTimeUnit":600000,"mWalkTime":88711,"runStep":5,"walkStep":133},{"distance":102.380005,"mCalorie":5.3199997,"mOthersTime":0,"mRunTime":0,"mStartTime":36600000,"mTimeUnit":600000,"mWalkTime":92713,"runStep":0,"walkStep":139},{"distance":323.0,"mCalorie":16.779999,"mOthersTime":0,"mRunTime":0,"mStartTime":37200000,"mTimeUnit":600000,"mWalkTime":284749,"runStep":0,"walkStep":442},{"distance":330.58,"mCalorie":17.45,"mOthersTime":0,"mRunTime":0,"mStartTime":38400000,"mTimeUnit":600000,"mWalkTime":285386,"runStep":0,"walkStep":450},{"distance":116.88,"mCalorie":5.59,"mOthersTime":0,"mRunTime":0,"mStartTime":39000000,"mTimeUnit":600000,"mWalkTime":104719,"runStep":0,"walkStep":157},{"distance":91.06,"mCalorie":4.57,"mOthersTime":0,"mRunTime":0,"mStartTime":39600000,"mTimeUnit":600000,"mWalkTime":83375,"runStep":0,"walkStep":125},{"distance":164.0,"mCalorie":8.7300005,"mOthersTime":0,"mRunTime":0,"mStartTime":40200000,"mTimeUnit":600000,"mWalkTime":148741,"runStep":0,"walkStep":223},{"distance":20.19,"mCalorie":0.92,"mOthersTime":0,"mRunTime":0,"mStartTime":40800000,"mTimeUnit":600000,"mWalkTime":18009,"runStep":0,"walkStep":27},{"distance":174.69,"mCalorie":8.15,"mOthersTime":0,"mRunTime":0,"mStartTime":41400000,"mTimeUnit":600000,"mWalkTime":154077,"runStep":0,"walkStep":231},{"distance":76.02999,"mCalorie":4.06,"mOthersTime":0,"mRunTime":2000,"mStartTime":42000000,"mTimeUnit":600000,"mWalkTime":61364,"runStep":5,"walkStep":92},{"distance":59.58,"mCalorie":3.1299999,"mOthersTime":0,"mRunTime":0,"mStartTime":42600000,"mTimeUnit":600000,"mWalkTime":59363,"runStep":0,"walkStep":89},{"distance":316.65,"mCalorie":17.05,"mOthersTime":0,"mRunTime":0,"mStartTime":43200000,"mTimeUnit":600000,"mWalkTime":292086,"runStep":0,"walkStep":443},{"distance":19.94,"mCalorie":0.84,"mOthersTime":0,"mRunTime":0,"mStartTime":44400000,"mTimeUnit":600000,"mWalkTime":16675,"runStep":0,"walkStep":25},{"distance":9.9,"mCalorie":0.37,"mOthersTime":0,"mRunTime":0,"mStartTime":45000000,"mTimeUnit":600000,"mWalkTime":8004,"runStep":0,"walkStep":12},{"distance":221.37,"mCalorie":11.9,"mOthersTime":0,"mRunTime":4800,"mStartTime":45600000,"mTimeUnit":600000,"mWalkTime":191429,"runStep":12,"walkStep":287},{"distance":343.6,"mCalorie":18.46,"mOthersTime":0,"mRunTime":0,"mStartTime":46200000,"mTimeUnit":600000,"mWalkTime":300727,"runStep":0,"walkStep":478},{"distance":42.75,"mCalorie":1.9300001,"mOthersTime":0,"mRunTime":0,"mStartTime":46800000,"mTimeUnit":600000,"mWalkTime":38019,"runStep":0,"walkStep":57},{"distance":12.91,"mCalorie":0.67,"mOthersTime":0,"mRunTime":0,"mStartTime":47400000,"mTimeUnit":600000,"mWalkTime":12006,"runStep":0,"walkStep":18},{"distance":8.12,"mCalorie":0.5,"mOthersTime":0,"mRunTime":0,"mStartTime":49800000,"mTimeUnit":600000,"mWalkTime":8004,"runStep":0,"walkStep":12},{"distance":22.94,"mCalorie":1.06,"mOthersTime":0,"mRunTime":0,"mStartTime":51000000,"mTimeUnit":600000,"mWalkTime":20010,"runStep":0,"walkStep":30},{"distance":16.03,"mCalorie":0.96,"mOthersTime":0,"mRunTime":0,"mStartTime":51600000,"mTimeUnit":600000,"mWalkTime":14007,"runStep":0,"walkStep":21},{"distance":8.97,"mCalorie":0.44,"mOthersTime":0,"mRunTime":0,"mStartTime":52200000,"mTimeUnit":600000,"mWalkTime":8004,"runStep":0,"walkStep":12},{"distance":73.42999,"mCalorie":4.41,"mOthersTime":0,"mRunTime":0,"mStartTime":52800000,"mTimeUnit":600000,"mWalkTime":76705,"runStep":0,"walkStep":115},{"distance":33.58,"mCalorie":1.64,"mOthersTime":0,"mRunTime":0,"mStartTime":53400000,"mTimeUnit":600000,"mWalkTime":32016,"runStep":0,"walkStep":48},{"distance":117.020004,"mCalorie":6.17,"mOthersTime":0,"mRunTime":0,"mStartTime":54000000,"mTimeUnit":600000,"mWalkTime":108054,"runStep":0,"walkStep":162},{"distance":186.35002,"mCalorie":9.86,"mOthersTime":0,"mRunTime":0,"mStartTime":54600000,"mTimeUnit":600000,"mWalkTime":176088,"runStep":0,"walkStep":264},{"distance":139.73,"mCalorie":9.02,"mOthersTime":0,"mRunTime":0,"mStartTime":55200000,"mTimeUnit":600000,"mWalkTime":136735,"runStep":0,"walkStep":205},{"distance":69.229996,"mCalorie":3.5800002,"mOthersTime":0,"mRunTime":0,"mStartTime":55800000,"mTimeUnit":600000,"mWalkTime":64032,"runStep":0,"walkStep":96},{"distance":49.460003,"mCalorie":2.65,"mOthersTime":0,"mRunTime":0,"mStartTime":56400000,"mTimeUnit":600000,"mWalkTime":45356,"runStep":0,"walkStep":68},{"distance":218.94,"mCalorie":11.290001,"mOthersTime":0,"mRunTime":0,"mStartTime":57000000,"mTimeUnit":600000,"mWalkTime":200767,"runStep":0,"walkStep":301},{"distance":160.4,"mCalorie":8.34,"mOthersTime":0,"mRunTime":0,"mStartTime":57600000,"mTimeUnit":600000,"mWalkTime":148074,"runStep":0,"walkStep":222},{"distance":33.359997,"mCalorie":1.6500001,"mOthersTime":0,"mRunTime":0,"mStartTime":58200000,"mTimeUnit":600000,"mWalkTime":30015,"runStep":0,"walkStep":45},{"distance":200.47,"mCalorie":10.450001,"mOthersTime":0,"mRunTime":0,"mStartTime":58800000,"mTimeUnit":600000,"mWalkTime":187427,"runStep":0,"walkStep":281},{"distance":97.490005,"mCalorie":5.4999995,"mOthersTime":0,"mRunTime":0,"mStartTime":59400000,"mTimeUnit":600000,"mWalkTime":95381,"runStep":0,"walkStep":143},{"distance":45.32,"mCalorie":2.5,"mOthersTime":0,"mRunTime":0,"mStartTime":60000000,"mTimeUnit":600000,"mWalkTime":42021,"runStep":0,"walkStep":63},{"distance":47.19,"mCalorie":2.16,"mOthersTime":0,"mRunTime":0,"mStartTime":60600000,"mTimeUnit":600000,"mWalkTime":41354,"runStep":0,"walkStep":62},{"distance":20.61,"mCalorie":1.02,"mOthersTime":0,"mRunTime":0,"mStartTime":61800000,"mTimeUnit":600000,"mWalkTime":18676,"runStep":0,"walkStep":28},{"distance":26.34,"mCalorie":1.28,"mOthersTime":0,"mRunTime":0,"mStartTime":64800000,"mTimeUnit":600000,"mWalkTime":24012,"runStep":0,"walkStep":36},{"distance":8.36,"mCalorie":0.45,"mOthersTime":0,"mRunTime":0,"mStartTime":65400000,"mTimeUnit":600000,"mWalkTime":8004,"runStep":0,"walkStep":12},{"distance":54.6,"mCalorie":2.7,"mOthersTime":0,"mRunTime":0,"mStartTime":66000000,"mTimeUnit":600000,"mWalkTime":50692,"runStep":0,"walkStep":76},{"distance":82.74,"mCalorie":4.8,"mOthersTime":0,"mRunTime":0,"mStartTime":66600000,"mTimeUnit":600000,"mWalkTime":88044,"runStep":0,"walkStep":132},{"distance":25.86,"mCalorie":1.35,"mOthersTime":0,"mRunTime":0,"mStartTime":67200000,"mTimeUnit":600000,"mWalkTime":25346,"runStep":0,"walkStep":38},{"distance":140.08,"mCalorie":7.03,"mOthersTime":0,"mRunTime":0,"mStartTime":67800000,"mTimeUnit":600000,"mWalkTime":126063,"runStep":0,"walkStep":189},{"distance":34.420002,"mCalorie":1.82,"mOthersTime":0,"mRunTime":0,"mStartTime":69600000,"mTimeUnit":600000,"mWalkTime":32016,"runStep":0,"walkStep":48},{"distance":77.619995,"mCalorie":3.53,"mOthersTime":0,"mRunTime":0,"mStartTime":70200000,"mTimeUnit":600000,"mWalkTime":65366,"runStep":0,"walkStep":98},{"distance":51.339996,"mCalorie":2.74,"mOthersTime":0,"mRunTime":0,"mStartTime":70800000,"mTimeUnit":600000,"mWalkTime":45356,"runStep":0,"walkStep":68},{"distance":39.85,"mCalorie":2.23,"mOthersTime":0,"mRunTime":0,"mStartTime":71400000,"mTimeUnit":600000,"mWalkTime":37352,"runStep":0,"walkStep":56},{"distance":7.76,"mCalorie":0.4,"mOthersTime":0,"mRunTime":0,"mStartTime":73800000,"mTimeUnit":600000,"mWalkTime":7337,"runStep":0,"walkStep":11},{"distance":18.630001,"mCalorie":0.99,"mOthersTime":0,"mRunTime":0,"mStartTime":74400000,"mTimeUnit":600000,"mWalkTime":17342,"runStep":0,"walkStep":26},{"distance":103.740005,"mCalorie":5.2999997,"mOthersTime":0,"mRunTime":0,"mStartTime":75000000,"mTimeUnit":600000,"mWalkTime":98716,"runStep":0,"walkStep":148},{"distance":18.46,"mCalorie":1.0,"mOthersTime":0,"mRunTime":0,"mStartTime":75600000,"mTimeUnit":600000,"mWalkTime":17342,"runStep":0,"walkStep":26},{"distance":103.92,"mCalorie":5.33,"mOthersTime":0,"mRunTime":800,"mStartTime":76200000,"mTimeUnit":600000,"mWalkTime":89378,"runStep":2,"walkStep":134},{"distance":8.34,"mCalorie":0.5,"mOthersTime":0,"mRunTime":0,"mStartTime":78600000,"mTimeUnit":600000,"mWalkTime":8004,"runStep":0,"walkStep":12},{"distance":46.2,"mCalorie":2.5300002,"mOthersTime":0,"mRunTime":400,"mStartTime":80400000,"mTimeUnit":600000,"mWalkTime":39353,"runStep":1,"walkStep":59},{"distance":8.89,"mCalorie":0.44,"mOthersTime":0,"mRunTime":0,"mStartTime":81000000,"mTimeUnit":600000,"mWalkTime":8004,"runStep":0,"walkStep":12},{"distance":14.29,"mCalorie":0.6,"mOthersTime":0,"mRunTime":0,"mStartTime":82200000,"mTimeUnit":600000,"mWalkTime":12006,"runStep":0,"walkStep":18},{"distance":129.65001,"mCalorie":6.63,"mOthersTime":0,"mRunTime":4400,"mStartTime":82800000,"mTimeUnit":600000,"mWalkTime":98716,"runStep":11,"walkStep":148}],"version":1}