{"mActivityList":[{"mActiveTime":2071501,"mActiveTimeType":0,"mCalorie":216.0,"mCategory":204,"mDetailInfoId":"b4e2853c-1516-bb77-0be1-cb988544c3f7","mDistance":2764.85,"mDuration":2071501,"mEndTime":38982355,"mStartTime":36910854,"mType":1001},{"mActiveTime":600000,"mActiveTimeType":2,"mCalorie":49.09,"mCategory":204,"mDetailInfoId":"d5f019a2-e7ba-28a6-2faf-4c473a3c640e","mDistance":0.0,"mDuration":600000,"mEndTime":41590178,"mStartTime":40990178,"mType":11007}],"mAdaptiveGoal":0,"mIsGoalAchieved":false,"mIsMostActiveAchieved":false,"mMostActiveMinutes":0,"mStreakDayCount":0,"mUnitDataList":[{"distance":28.76,"mCalorie":1.38,"mOthersTime":0,"mRunTime":1200,"mStartTime":18000000,"mTimeUnit":600000,"mWalkTime":22011,"runStep":3,"walkStep":33},{"distance":114.06,"mCalorie":6.18,"mOthersTime":0,"mRunTime":0,"mStartTime":18600000,"mTimeUnit":600000,"mWalkTime":113390,"runStep":0,"walkStep":170},{"distance":320.59,"mCalorie":15.820001,"mOthersTime":0,"mRunTime":0,"mStartTime":19200000,"mTimeUnit":600000,"mWalkTime":260010,"runStep":0,"walkStep":434},{"distance":12.48,"mCalorie":0.6,"mOthersTime":0,"mRunTime":0,"mStartTime":21000000,"mTimeUnit":600000,"mWalkTime":11339,"runStep":0,"walkStep":17},{"distance":354.83,"mCalorie":18.19,"mOthersTime":0,"mRunTime":0,"mStartTime":21600000,"mTimeUnit":600000,"mWalkTime":296058,"runStep":0,"walkStep":492},{"distance":52.089996,"mCalorie":2.5,"mOthersTime":0,"mRunTime":0,"mStartTime":22200000,"mTimeUnit":600000,"mWalkTime":47357,"runStep":0,"walkStep":71},{"distance":12.57,"mCalorie":0.78,"mOthersTime":0,"mRunTime":800,"mStartTime":26400000,"mTimeUnit":600000,"mWalkTime":8671,"runStep":2,"walkStep":13},{"distance":25.35,"mCalorie":1.25,"mOthersTime":0,"mRunTime":0,"mStartTime":30600000,"mTimeUnit":600000,"mWalkTime":22678,"runStep":0,"walkStep":34},{"distance":18.99,"mCalorie":0.90999997,"mOthersTime":0,"mRunTime":0,"mStartTime":32400000,"mTimeUnit":600000,"mWalkTime":17342,"runStep":0,"walkStep":26},{"distance":15.44,"mCalorie":0.75,"mOthersTime":0,"mRunTime":0,"mStartTime":34200000,"mTimeUnit":600000,"mWalkTime":14674,"runStep":0,"walkStep":22},{"distance":124.47,"mCalorie":6.06,"mOthersTime":0,"mRunTime":0,"mStartTime":34800000,"mTimeUnit":600000,"mWalkTime":114724,"runStep":0,"walkStep":172},{"distance":9.56,"mCalorie":0.51,"mOthersTime":0,"mRunTime":0,"mStartTime":35400000,"mTimeUnit":600000,"mWalkTime":9338,"runStep":0,"walkStep":14},{"distance":78.96,"mCalorie":4.4700003,"mOthersTime":0,"mRunTime":0,"mStartTime":36000000,"mTimeUnit":600000,"mWalkTime":84042,"runStep":0,"walkStep":126},{"distance":406.63922,"mCalorie":31.390226,"mOthersTime":0,"mRunTime":0,"mStartTime":36600000,"mTimeUnit":600000,"mWalkTime":308004,"runStep":0,"walkStep":557},{"distance":800.82513,"mCalorie":62.56333,"mOthersTime":0,"mRunTime":0,"mStartTime":37200000,"mTimeUnit":600000,"mWalkTime":600000,"runStep":0,"walkStep":1088},{"distance":800.82513,"mCalorie":62.56333,"mOthersTime":0,"mRunTime":0,"mStartTime":37800000,"mTimeUnit":600000,"mWalkTime":600000,"runStep":0,"walkStep":1116},{"distance":780.46204,"mCalorie":60.888134,"mOthersTime":0,"mRunTime":0,"mStartTime":38400000,"mTimeUnit":600000,"mWalkTime":585297,"runStep":0,"walkStep":975},{"distance":183.60999,"mCalorie":10.03,"mOthersTime":0,"mRunTime":0,"mStartTime":39000000,"mTimeUnit":600000,"mWalkTime":173420,"runStep":0,"walkStep":260},{"distance":157.10999,"mCalorie":7.9799995,"mOthersTime":0,"mRunTime":0,"mStartTime":39600000,"mTimeUnit":600000,"mWalkTime":136735,"runStep":0,"walkStep":205},{"distance":158.67001,"mCalorie":8.36,"mOthersTime":0,"mRunTime":0,"mStartTime":40200000,"mTimeUnit":600000,"mWalkTime":142738,"runStep":0,"walkStep":214},{"distance":83.842766,"mCalorie":37.9299,"mOthersTime":409822,"mRunTime":0,"mStartTime":40800000,"mTimeUnit":600000,"mWalkTime":76311,"runStep":0,"walkStep":357},{"distance":128.48538,"mCalorie":22.43286,"mOthersTime":190178,"mRunTime":1200,"mStartTime":41400000,"mTimeUnit":600000,"mWalkTime":115468,"runStep":3,"walkStep":303},{"distance":135.86,"mCalorie":7.5800004,"mOthersTime":0,"mRunTime":1200,"mStartTime":42000000,"mTimeUnit":600000,"mWalkTime":122728,"runStep":3,"walkStep":184},{"distance":45.75,"mCalorie":2.81,"mOthersTime":0,"mRunTime":0,"mStartTime":42600000,"mTimeUnit":600000,"mWalkTime":43355,"runStep":0,"walkStep":65},{"distance":47.309998,"mCalorie":2.41,"mOthersTime":0,"mRunTime":800,"mStartTime":43200000,"mTimeUnit":600000,"mWalkTime":38686,"runStep":2,"walkStep":58},{"distance":26.79,"mCalorie":1.23,"mOthersTime":0,"mRunTime":0,"mStartTime":43800000,"mTimeUnit":600000,"mWalkTime":23345,"runStep":0,"walkStep":35},{"distance":10.94,"mCalorie":0.57,"mOthersTime":0,"mRunTime":0,"mStartTime":44400000,"mTimeUnit":600000,"mWalkTime":10005,"runStep":0,"walkStep":15},{"distance":9.29,"mCalorie":0.5,"mOthersTime":0,"mRunTime":0,"mStartTime":45000000,"mTimeUnit":600000,"mWalkTime":8671,"runStep":0,"walkStep":13},{"distance":77.6,"mCalorie":3.9099998,"mOthersTime":0,"mRunTime":0,"mStartTime":45600000,"mTimeUnit":600000,"mWalkTime":70702,"runStep":0,"walkStep":106},{"distance":44.789997,"mCalorie":2.4299998,"mOthersTime":0,"mRunTime":400,"mStartTime":46200000,"mTimeUnit":600000,"mWalkTime":40020,"runStep":1,"walkStep":60},{"distance":251.11998,"mCalorie":14.17,"mOthersTime":0,"mRunTime":0,"mStartTime":46800000,"mTimeUnit":600000,"mWalkTime":242121,"runStep":0,"walkStep":363},{"distance":310.13995,"mCalorie":17.78,"mOthersTime":0,"mRunTime":0,"mStartTime":47400000,"mTimeUnit":600000,"mWalkTime":280110,"runStep":0,"walkStep":443},{"distance":60.75,"mCalorie":3.1699998,"mOthersTime":0,"mRunTime":0,"mStartTime":48000000,"mTimeUnit":600000,"mWalkTime":55361,"runStep":0,"walkStep":83},{"distance":32.37,"mCalorie":1.6800001,"mOthersTime":0,"mRunTime":0,"mStartTime":49200000,"mTimeUnit":600000,"mWalkTime":29348,"runStep":0,"walkStep":44},{"distance":202.55,"mCalorie":10.940001,"mOthersTime":0,"mRunTime":0,"mStartTime":49800000,"mTimeUnit":600000,"mWalkTime":184062,"runStep":0,"walkStep":279},{"distance":176.53001,"mCalorie":8.92,"mOthersTime":0,"mRunTime":0,"mStartTime":51600000,"mTimeUnit":600000,"mWalkTime":160717,"runStep":0,"walkStep":243},{"distance":226.79001,"mCalorie":13.25,"mOthersTime":0,"mRunTime":0,"mStartTime":52200000,"mTimeUnit":600000,"mWalkTime":204739,"runStep":0,"walkStep":324},{"distance":154.51,"mCalorie":7.6800003,"mOthersTime":0,"mRunTime":0,"mStartTime":52800000,"mTimeUnit":600000,"mWalkTime":140737,"runStep":0,"walkStep":211},{"distance":172.5,"mCalorie":9.889999,"mOthersTime":0,"mRunTime":0,"mStartTime":53400000,"mTimeUnit":600000,"mWalkTime":164082,"runStep":0,"walkStep":246},{"distance":266.53,"mCalorie":13.47,"mOthersTime":0,"mRunTime":0,"mStartTime":54000000,"mTimeUnit":600000,"mWalkTime":249458,"runStep":0,"walkStep":374},{"distance":184.03,"mCalorie":9.76,"mOthersTime":0,"mRunTime":0,"mStartTime":54600000,"mTimeUnit":600000,"mWalkTime":172753,"runStep":0,"walkStep":259},{"distance":114.61,"mCalorie":5.63,"mOthersTime":0,"mRunTime":1200,"mStartTime":55200000,"mTimeUnit":600000,"mWalkTime":100050,"runStep":3,"walkStep":150},{"distance":31.990002,"mCalorie":1.62,"mOthersTime":0,"mRunTime":0,"mStartTime":55800000,"mTimeUnit":600000,"mWalkTime":29348,"runStep":0,"walkStep":44},{"distance":19.01,"mCalorie":0.94000006,"mOthersTime":0,"mRunTime":0,"mStartTime":56400000,"mTimeUnit":600000,"mWalkTime":17342,"runStep":0,"walkStep":26},{"distance":34.1,"mCalorie":1.5,"mOthersTime":0,"mRunTime":0,"mStartTime":57000000,"mTimeUnit":600000,"mWalkTime":30015,"runStep":0,"walkStep":45},{"distance":30.48,"mCalorie":1.3399999,"mOthersTime":0,"mRunTime":400,"mStartTime":57600000,"mTimeUnit":600000,"mWalkTime":24679,"runStep":1,"walkStep":37},{"distance":12.28,"mCalorie":0.53,"mOthersTime":0,"mRunTime":0,"mStartTime":58200000,"mTimeUnit":600000,"mWalkTime":10672,"runStep":0,"walkStep":16},{"distance":30.82,"mCalorie":1.36,"mOthersTime":0,"mRunTime":0,"mStartTime":58800000,"mTimeUnit":600000,"mWalkTime":26680,"runStep":0,"walkStep":40},{"distance":61.8,"mCalorie":3.2999997,"mOthersTime":0,"mRunTime":4000,"mStartTime":59400000,"mTimeUnit":600000,"mWalkTime":42021,"runStep":10,"walkStep":63},{"distance":13.36,"mCalorie":0.56,"mOthersTime":0,"mRunTime":0,"mStartTime":60000000,"mTimeUnit":600000,"mWalkTime":11339,"runStep":0,"walkStep":17},{"distance":301.93,"mCalorie":18.829998,"mOthersTime":0,"mRunTime":0,"mStartTime":60600000,"mTimeUnit":600000,"mWalkTime":287477,"runStep":0,"walkStep":431},{"distance":53.16,"mCalorie":2.78,"mOthersTime":0,"mRunTime":0,"mStartTime":61200000,"mTimeUnit":600000,"mWalkTime":49358,"runStep":0,"walkStep":74},{"distance":113.69,"mCalorie":5.94,"mOthersTime":0,"mRunTime":0,"mStartTime":61800000,"mTimeUnit":600000,"mWalkTime":103385,"runStep":0,"walkStep":155},{"distance":10.13,"mCalorie":0.5,"mOthersTime":0,"mRunTime":0,"mStartTime":63000000,"mTimeUnit":600000,"mWalkTime":9338,"runStep":0,"walkStep":14},{"distance":52.56,"mCalorie":2.52,"mOthersTime":0,"mRunTime":0,"mStartTime":63600000,"mTimeUnit":600000,"mWalkTime":46023,"runStep":0,"walkStep":69},{"distance":270.9,"mCalorie":14.570001,"mOthersTime":0,"mRunTime":0,"mStartTime":64800000,"mTimeUnit":600000,"mWalkTime":252126,"runStep":0,"walkStep":378},{"distance":30.32,"mCalorie":1.5699999,"mOthersTime":0,"mRunTime":0,"mStartTime":65400000,"mTimeUnit":600000,"mWalkTime":27347,"runStep":0,"walkStep":41},{"distance":16.06,"mCalorie":0.73,"mOthersTime":0,"mRunTime":0,"mStartTime":69000000,"mTimeUnit":600000,"mWalkTime":14007,"runStep":0,"walkStep":21},{"distance":9.46,"mCalorie":0.44,"mOthersTime":0,"mRunTime":0,"mStartTime":70200000,"mTimeUnit":600000,"mWalkTime":8671,"runStep":0,"walkStep":13},{"distance":38.03,"mCalorie":2.15,"mOthersTime":0,"mRunTime":800,"mStartTime":70800000,"mTimeUnit":600000,"mWalkTime":33350,"runStep":2,"walkStep":50},{"distance":32.17,"mCalorie":1.84,"mOthersTime":0,"mRunTime":800,"mStartTime":71400000,"mTimeUnit":600000,"mWalkTime":29348,"runStep":2,"walkStep":44},{"distance":33.59,"mCalorie":1.83,"mOthersTime":0,"mRunTime":0,"mStartTime":73800000,"mTimeUnit":600000,"mWalkTime":31349,"runStep":0,"walkStep":47},{"distance":114.81,"mCalorie":5.99,"mOthersTime":0,"mRunTime":0,"mStartTime":76800000,"mTimeUnit":600000,"mWalkTime":108054,"runStep":0,"walkStep":162},{"distance":11.08,"mCalorie":0.45,"mOthersTime":0,"mRunTime":0,"mStartTime":77400000,"mTimeUnit":600000,"mWalkTime":9338,"runStep":0,"walkStep":14},{"distance":117.70999,"mCalorie":5.84,"mOthersTime":0,"mRunTime":0,"mStartTime":78000000,"mTimeUnit":600000,"mWalkTime":108054,"runStep":0,"walkStep":162},{"distance":9.03,"mCalorie":0.38,"mOthersTime":0,"mRunTime":0,"mStartTime":79200000,"mTimeUnit":600000,"mWalkTime":8004,"runStep":0,"walkStep":12},{"distance":111.37,"mCalorie":5.2400002,"mOthersTime":0,"mRunTime":0,"mStartTime":81000000,"mTimeUnit":600000,"mWalkTime":102051,"runStep":0,"walkStep":153},{"distance":20.46,"mCalorie":0.94,"mOthersTime":0,"mRunTime":0,"mStartTime":81600000,"mTimeUnit":600000,"mWalkTime":18009,"runStep":0,"walkStep":27},{"distance":50.620003,"mCalorie":2.3100002,"mOthersTime":0,"mRunTime":0,"mStartTime":82200000,"mTimeUnit":600000,"mWalkTime":40687,"runStep":0,"walkStep":61},{"distance":12.171,"mCalorie":0.55,"mOthersTime":0,"mRunTime":0,"mStartTime":82800000,"mTimeUnit":600000,"mWalkTime":10672,"runStep":0,"walkStep":16}],"version":1}