{"mAdaptiveGoal":0,"mIsGoalAchieved":false,"mIsMostActiveAchieved":false,"mMostActiveMinutes":0,"mStreakDayCount":0,"mUnitDataList":[{"distance":25.93,"mCalorie":1.36,"mOthersTime":0,"mRunTime":0,"mStartTime":9000000,"mTimeUnit":600000,"mWalkTime":23345,"runStep":0,"walkStep":35},{"distance":28.8,"mCalorie":1.4799999,"mOthersTime":0,"mRunTime":0,"mStartTime":18000000,"mTimeUnit":600000,"mWalkTime":24012,"runStep":0,"walkStep":36},{"distance":44.3,"mCalorie":2.1100001,"mOthersTime":0,"mRunTime":0,"mStartTime":20400000,"mTimeUnit":600000,"mWalkTime":38686,"runStep":0,"walkStep":58},{"distance":132.18,"mCalorie":6.94,"mOthersTime":0,"mRunTime":1200,"mStartTime":21000000,"mTimeUnit":600000,"mWalkTime":124032,"runStep":3,"walkStep":186},{"distance":79.83,"mCalorie":4.23,"mOthersTime":0,"mRunTime":0,"mStartTime":22200000,"mTimeUnit":600000,"mWalkTime":73370,"runStep":0,"walkStep":110},{"distance":22.07,"mCalorie":1.16,"mOthersTime":0,"mRunTime":0,"mStartTime":24000000,"mTimeUnit":600000,"mWalkTime":20010,"runStep":0,"walkStep":30},{"distance":46.73,"mCalorie":2.51,"mOthersTime":0,"mRunTime":0,"mStartTime":24600000,"mTimeUnit":600000,"mWalkTime":44022,"runStep":0,"walkStep":66},{"distance":18.349998,"mCalorie":0.93000007,"mOthersTime":0,"mRunTime":0,"mStartTime":25200000,"mTimeUnit":600000,"mWalkTime":16675,"runStep":0,"walkStep":25},{"distance":17.33,"mCalorie":0.7,"mOthersTime":0,"mRunTime":0,"mStartTime":29400000,"mTimeUnit":600000,"mWalkTime":14674,"runStep":0,"walkStep":22},{"distance":106.0,"mCalorie":5.67,"mOthersTime":0,"mRunTime":3600,"mStartTime":30000000,"mTimeUnit":600000,"mWalkTime":84042,"runStep":9,"walkStep":126},{"distance":121.5,"mCalorie":6.45,"mOthersTime":0,"mRunTime":0,"mStartTime":30600000,"mTimeUnit":600000,"mWalkTime":121394,"runStep":0,"walkStep":182},{"distance":8.1,"mCalorie":0.44,"mOthersTime":0,"mRunTime":0,"mStartTime":31200000,"mTimeUnit":600000,"mWalkTime":8004,"runStep":0,"walkStep":12},{"distance":74.32001,"mCalorie":3.8999996,"mOthersTime":0,"mRunTime":0,"mStartTime":31800000,"mTimeUnit":600000,"mWalkTime":68034,"runStep":0,"walkStep":102},{"distance":6.54,"mCalorie":0.33999997,"mOthersTime":0,"mRunTime":0,"mStartTime":32400000,"mTimeUnit":600000,"mWalkTime":6003,"runStep":0,"walkStep":9},{"distance":27.11,"mCalorie":1.37,"mOthersTime":0,"mRunTime":0,"mStartTime":34200000,"mTimeUnit":600000,"mWalkTime":24679,"runStep":0,"walkStep":37},{"distance":58.43,"mCalorie":3.28,"mOthersTime":0,"mRunTime":0,"mStartTime":34800000,"mTimeUnit":600000,"mWalkTime":57362,"runStep":0,"walkStep":86},{"distance":107.9,"mCalorie":6.91,"mOthersTime":0,"mRunTime":0,"mStartTime":35400000,"mTimeUnit":600000,"mWalkTime":104052,"runStep":0,"walkStep":156},{"distance":97.850006,"mCalorie":5.78,"mOthersTime":0,"mRunTime":7200,"mStartTime":40200000,"mTimeUnit":600000,"mWalkTime":68034,"runStep":18,"walkStep":102},{"distance":22.43,"mCalorie":1.29,"mOthersTime":0,"mRunTime":800,"mStartTime":40800000,"mTimeUnit":600000,"mWalkTime":20677,"runStep":2,"walkStep":31},{"distance":14.97,"mCalorie":0.91,"mOthersTime":0,"mRunTime":2800,"mStartTime":41400000,"mTimeUnit":600000,"mWalkTime":7337,"runStep":7,"walkStep":11},{"distance":9.7,"mCalorie":0.57,"mOthersTime":0,"mRunTime":0,"mStartTime":42000000,"mTimeUnit":600000,"mWalkTime":7337,"runStep":0,"walkStep":11},{"distance":9.47,"mCalorie":0.41,"mOthersTime":0,"mRunTime":400,"mStartTime":43200000,"mTimeUnit":600000,"mWalkTime":6670,"runStep":1,"walkStep":10},{"distance":36.37,"mCalorie":1.81,"mOthersTime":0,"mRunTime":0,"mStartTime":43800000,"mTimeUnit":600000,"mWalkTime":34017,"runStep":0,"walkStep":51},{"distance":33.55,"mCalorie":1.64,"mOthersTime":0,"mRunTime":0,"mStartTime":44400000,"mTimeUnit":600000,"mWalkTime":30015,"runStep":0,"walkStep":45},{"distance":112.05,"mCalorie":6.4100003,"mOthersTime":0,"mRunTime":0,"mStartTime":45000000,"mTimeUnit":600000,"mWalkTime":110055,"runStep":0,"walkStep":165},{"distance":224.92,"mCalorie":11.660001,"mOthersTime":0,"mRunTime":0,"mStartTime":45600000,"mTimeUnit":600000,"mWalkTime":206770,"runStep":0,"walkStep":310},{"distance":29.08,"mCalorie":1.21,"mOthersTime":0,"mRunTime":0,"mStartTime":46800000,"mTimeUnit":600000,"mWalkTime":23345,"runStep":0,"walkStep":35},{"distance":15.19,"mCalorie":0.78,"mOthersTime":0,"mRunTime":0,"mStartTime":49200000,"mTimeUnit":600000,"mWalkTime":14007,"runStep":0,"walkStep":21},{"distance":207.82,"mCalorie":10.51,"mOthersTime":0,"mRunTime":0,"mStartTime":49800000,"mTimeUnit":600000,"mWalkTime":188064,"runStep":0,"walkStep":283},{"distance":21.68,"mCalorie":1.2,"mOthersTime":0,"mRunTime":400,"mStartTime":50400000,"mTimeUnit":600000,"mWalkTime":17342,"runStep":1,"walkStep":26},{"distance":74.36,"mCalorie":3.78,"mOthersTime":0,"mRunTime":0,"mStartTime":51000000,"mTimeUnit":600000,"mWalkTime":67367,"runStep":0,"walkStep":101},{"distance":168.7,"mCalorie":8.77,"mOthersTime":0,"mRunTime":0,"mStartTime":52200000,"mTimeUnit":600000,"mWalkTime":152076,"runStep":0,"walkStep":228},{"distance":252.95,"mCalorie":12.719999,"mOthersTime":0,"mRunTime":400,"mStartTime":52800000,"mTimeUnit":600000,"mWalkTime":229448,"runStep":1,"walkStep":344},{"distance":106.009995,"mCalorie":6.0,"mOthersTime":0,"mRunTime":0,"mStartTime":54600000,"mTimeUnit":600000,"mWalkTime":100717,"runStep":0,"walkStep":151},{"distance":30.5,"mCalorie":1.49,"mOthersTime":0,"mRunTime":0,"mStartTime":55200000,"mTimeUnit":600000,"mWalkTime":27347,"runStep":0,"walkStep":41},{"distance":228.00899,"mCalorie":12.799999,"mOthersTime":0,"mRunTime":1200,"mStartTime":58200000,"mTimeUnit":600000,"mWalkTime":208104,"runStep":3,"walkStep":312},{"distance":230.15001,"mCalorie":12.570001,"mOthersTime":0,"mRunTime":0,"mStartTime":58800000,"mTimeUnit":600000,"mWalkTime":207407,"runStep":0,"walkStep":315},{"distance":169.29,"mCalorie":8.29,"mOthersTime":0,"mRunTime":0,"mStartTime":60600000,"mTimeUnit":600000,"mWalkTime":156078,"runStep":0,"walkStep":234},{"distance":233.43001,"mCalorie":13.5199995,"mOthersTime":0,"mRunTime":0,"mStartTime":61200000,"mTimeUnit":600000,"mWalkTime":217412,"runStep":0,"walkStep":329},{"distance":9.94,"mCalorie":0.54,"mOthersTime":0,"mRunTime":0,"mStartTime":61800000,"mTimeUnit":600000,"mWalkTime":9338,"runStep":0,"walkStep":14},{"distance":53.34,"mCalorie":3.29,"mOthersTime":0,"mRunTime":400,"mStartTime":67800000,"mTimeUnit":600000,"mWalkTime":58696,"runStep":1,"walkStep":88},{"distance":67.24,"mCalorie":3.1000001,"mOthersTime":0,"mRunTime":0,"mStartTime":68400000,"mTimeUnit":600000,"mWalkTime":60030,"runStep":0,"walkStep":90},{"distance":19.7,"mCalorie":1.14,"mOthersTime":0,"mRunTime":400,"mStartTime":69000000,"mTimeUnit":600000,"mWalkTime":16675,"runStep":1,"walkStep":25},{"distance":25.91,"mCalorie":1.3399999,"mOthersTime":0,"mRunTime":0,"mStartTime":70200000,"mTimeUnit":600000,"mWalkTime":22678,"runStep":0,"walkStep":34},{"distance":37.92,"mCalorie":2.1100001,"mOthersTime":0,"mRunTime":0,"mStartTime":70800000,"mTimeUnit":600000,"mWalkTime":36685,"runStep":0,"walkStep":55},{"distance":25.95,"mCalorie":1.47,"mOthersTime":0,"mRunTime":0,"mStartTime":72600000,"mTimeUnit":600000,"mWalkTime":21344,"runStep":0,"walkStep":32},{"distance":55.769997,"mCalorie":3.31,"mOthersTime":0,"mRunTime":0,"mStartTime":73200000,"mTimeUnit":600000,"mWalkTime":63365,"runStep":0,"walkStep":95},{"distance":209.93001,"mCalorie":10.68,"mOthersTime":0,"mRunTime":0,"mStartTime":73800000,"mTimeUnit":600000,"mWalkTime":190762,"runStep":0,"walkStep":286},{"distance":10.41,"mCalorie":0.6,"mOthersTime":0,"mRunTime":0,"mStartTime":74400000,"mTimeUnit":600000,"mWalkTime":10005,"runStep":0,"walkStep":15},{"distance":9.29,"mCalorie":0.46,"mOthersTime":0,"mRunTime":0,"mStartTime":75000000,"mTimeUnit":600000,"mWalkTime":8671,"runStep":0,"walkStep":13},{"distance":9.16,"mCalorie":0.43,"mOthersTime":0,"mRunTime":0,"mStartTime":76200000,"mTimeUnit":600000,"mWalkTime":8004,"runStep":0,"walkStep":12},{"distance":116.84,"mCalorie":5.82,"mOthersTime":0,"mRunTime":0,"mStartTime":76800000,"mTimeUnit":600000,"mWalkTime":105386,"runStep":0,"walkStep":158},{"distance":72.409996,"mCalorie":3.5300002,"mOthersTime":0,"mRunTime":0,"mStartTime":77400000,"mTimeUnit":600000,"mWalkTime":65366,"runStep":0,"walkStep":98},{"distance":15.49,"mCalorie":0.74,"mOthersTime":0,"mRunTime":0,"mStartTime":78000000,"mTimeUnit":600000,"mWalkTime":14007,"runStep":0,"walkStep":21},{"distance":13.91,"mCalorie":0.98,"mOthersTime":0,"mRunTime":2000,"mStartTime":84600000,"mTimeUnit":600000,"mWalkTime":6670,"runStep":5,"walkStep":10}],"version":1}