{"mActivityList":[{"mActiveTime":645469,"mActiveTimeType":0,"mCalorie":72.0,"mCategory":204,"mDetailInfoId":"6647fae6-3be2-f83a-06f9-6ddf2a8a39e5","mDistance":643.09,"mDuration":645469,"mEndTime":43081664,"mStartTime":42436195,"mType":1001},{"mActiveTime":767254,"mActiveTimeType":0,"mCalorie":51.0,"mCategory":204,"mDetailInfoId":"c9b458cd-6488-6da5-5727-91ee205bc46b","mDistance":687.47,"mDuration":767254,"mEndTime":43991308,"mStartTime":43224054,"mType":1001},{"mActiveTime":1931326,"mActiveTimeType":0,"mCalorie":136.0,"mCategory":204,"mDetailInfoId":"de4cd3a3-a926-84d7-2e9c-973657d7fc01","mDistance":2399.5,"mDuration":1931326,"mEndTime":65210992,"mStartTime":63279666,"mType":1001},{"mActiveTime":1803303,"mActiveTimeType":0,"mCalorie":137.0,"mCategory":204,"mDetailInfoId":"b0cf749f-ade2-542c-8a2f-1c3a033c4d4e","mDistance":1880.381,"mDuration":1803303,"mEndTime":67522747,"mStartTime":65719444,"mType":1001}],"mAdaptiveGoal":0,"mIsGoalAchieved":false,"mIsMostActiveAchieved":false,"mMostActiveMinutes":0,"mStreakDayCount":0,"mUnitDataList":[{"distance":7.44,"mCalorie":0.29,"mOthersTime":0,"mRunTime":0,"mStartTime":12600000,"mTimeUnit":600000,"mWalkTime":6670,"runStep":0,"walkStep":10},{"distance":40.06,"mCalorie":1.59,"mOthersTime":0,"mRunTime":800,"mStartTime":20400000,"mTimeUnit":600000,"mWalkTime":26680,"runStep":2,"walkStep":40},{"distance":13.59,"mCalorie":0.97,"mOthersTime":0,"mRunTime":1600,"mStartTime":21000000,"mTimeUnit":600000,"mWalkTime":7337,"runStep":4,"walkStep":11},{"distance":49.870003,"mCalorie":2.4899998,"mOthersTime":0,"mRunTime":400,"mStartTime":22200000,"mTimeUnit":600000,"mWalkTime":42688,"runStep":1,"walkStep":64},{"distance":46.529,"mCalorie":2.71,"mOthersTime":0,"mRunTime":800,"mStartTime":22800000,"mTimeUnit":600000,"mWalkTime":40020,"runStep":2,"walkStep":60},{"distance":21.119999,"mCalorie":1.12,"mOthersTime":0,"mRunTime":0,"mStartTime":30000000,"mTimeUnit":600000,"mWalkTime":18009,"runStep":0,"walkStep":27},{"distance":86.85,"mCalorie":4.99,"mOthersTime":0,"mRunTime":4000,"mStartTime":30600000,"mTimeUnit":600000,"mWalkTime":64032,"runStep":10,"walkStep":96},{"distance":7.45,"mCalorie":0.44,"mOthersTime":0,"mRunTime":0,"mStartTime":39000000,"mTimeUnit":600000,"mWalkTime":7337,"runStep":0,"walkStep":11},{"distance":27.98,"mCalorie":1.34,"mOthersTime":0,"mRunTime":0,"mStartTime":39600000,"mTimeUnit":600000,"mWalkTime":25346,"runStep":0,"walkStep":38},{"distance":7.54,"mCalorie":0.3,"mOthersTime":0,"mRunTime":0,"mStartTime":40800000,"mTimeUnit":600000,"mWalkTime":6670,"runStep":0,"walkStep":10},{"distance":45.309002,"mCalorie":2.22,"mOthersTime":0,"mRunTime":0,"mStartTime":41400000,"mTimeUnit":600000,"mWalkTime":40687,"runStep":0,"walkStep":61},{"distance":166.80734,"mCalorie":18.41228,"mOthersTime":0,"mRunTime":0,"mStartTime":42000000,"mTimeUnit":600000,"mWalkTime":166865,"runStep":0,"walkStep":196},{"distance":479.88873,"mCalorie":53.728077,"mOthersTime":0,"mRunTime":0,"mStartTime":42600000,"mTimeUnit":600000,"mWalkTime":481664,"runStep":0,"walkStep":704},{"distance":535.6594,"mCalorie":39.34198,"mOthersTime":0,"mRunTime":0,"mStartTime":43200000,"mTimeUnit":600000,"mWalkTime":594396,"runStep":0,"walkStep":917},{"distance":189.38457,"mCalorie":13.536399,"mOthersTime":0,"mRunTime":0,"mStartTime":43800000,"mTimeUnit":600000,"mWalkTime":207316,"runStep":0,"walkStep":47},{"distance":47.63,"mCalorie":2.22,"mOthersTime":0,"mRunTime":0,"mStartTime":45000000,"mTimeUnit":600000,"mWalkTime":42688,"runStep":0,"walkStep":64},{"distance":27.46,"mCalorie":1.46,"mOthersTime":0,"mRunTime":800,"mStartTime":45600000,"mTimeUnit":600000,"mWalkTime":20010,"runStep":2,"walkStep":30},{"distance":27.489998,"mCalorie":1.63,"mOthersTime":0,"mRunTime":0,"mStartTime":46200000,"mTimeUnit":600000,"mWalkTime":26680,"runStep":0,"walkStep":40},{"distance":7.2,"mCalorie":0.41,"mOthersTime":0,"mRunTime":0,"mStartTime":46800000,"mTimeUnit":600000,"mWalkTime":6670,"runStep":0,"walkStep":10},{"distance":17.68,"mCalorie":0.97,"mOthersTime":0,"mRunTime":0,"mStartTime":48000000,"mTimeUnit":600000,"mWalkTime":14674,"runStep":0,"walkStep":22},{"distance":22.59,"mCalorie":1.25,"mOthersTime":0,"mRunTime":0,"mStartTime":55200000,"mTimeUnit":600000,"mWalkTime":21344,"runStep":0,"walkStep":32},{"distance":101.759,"mCalorie":6.0299997,"mOthersTime":0,"mRunTime":790,"mStartTime":55800000,"mTimeUnit":600000,"mWalkTime":108568,"runStep":2,"walkStep":164},{"distance":29.21,"mCalorie":1.67,"mOthersTime":0,"mRunTime":0,"mStartTime":56400000,"mTimeUnit":600000,"mWalkTime":27347,"runStep":0,"walkStep":41},{"distance":33.19,"mCalorie":1.5999999,"mOthersTime":0,"mRunTime":0,"mStartTime":59400000,"mTimeUnit":600000,"mWalkTime":29348,"runStep":0,"walkStep":44},{"distance":65.37,"mCalorie":3.33,"mOthersTime":0,"mRunTime":800,"mStartTime":60000000,"mTimeUnit":600000,"mWalkTime":54694,"runStep":2,"walkStep":82},{"distance":50.530003,"mCalorie":2.3,"mOthersTime":0,"mRunTime":0,"mStartTime":60600000,"mTimeUnit":600000,"mWalkTime":43355,"runStep":0,"walkStep":65},{"distance":8.07,"mCalorie":0.39,"mOthersTime":0,"mRunTime":0,"mStartTime":61200000,"mTimeUnit":600000,"mWalkTime":7337,"runStep":0,"walkStep":11},{"distance":6.48,"mCalorie":0.45,"mOthersTime":0,"mRunTime":0,"mStartTime":61800000,"mTimeUnit":600000,"mWalkTime":6670,"runStep":0,"walkStep":10},{"distance":78.380005,"mCalorie":4.3599997,"mOthersTime":0,"mRunTime":0,"mStartTime":62400000,"mTimeUnit":600000,"mWalkTime":70702,"runStep":0,"walkStep":106},{"distance":430.4234,"mCalorie":24.655357,"mOthersTime":0,"mRunTime":0,"mStartTime":63000000,"mTimeUnit":600000,"mWalkTime":356625,"runStep":0,"walkStep":559},{"distance":745.4464,"mCalorie":42.250767,"mOthersTime":0,"mRunTime":0,"mStartTime":63600000,"mTimeUnit":600000,"mWalkTime":600000,"runStep":0,"walkStep":1040},{"distance":745.4464,"mCalorie":42.250767,"mOthersTime":0,"mRunTime":0,"mStartTime":64200000,"mTimeUnit":600000,"mWalkTime":600000,"runStep":0,"walkStep":1034},{"distance":570.74146,"mCalorie":31.893866,"mOthersTime":0,"mRunTime":0,"mStartTime":64800000,"mTimeUnit":600000,"mWalkTime":466222,"runStep":0,"walkStep":715},{"distance":326.81934,"mCalorie":22.996239,"mOthersTime":0,"mRunTime":0,"mStartTime":65400000,"mTimeUnit":600000,"mWalkTime":312034,"runStep":0,"walkStep":518},{"distance":625.64557,"mCalorie":45.583023,"mOthersTime":0,"mRunTime":0,"mStartTime":66000000,"mTimeUnit":600000,"mWalkTime":600000,"runStep":0,"walkStep":941},{"distance":625.64557,"mCalorie":45.583023,"mOthersTime":0,"mRunTime":0,"mStartTime":66600000,"mTimeUnit":600000,"mWalkTime":600000,"runStep":0,"walkStep":965},{"distance":336.54205,"mCalorie":24.519638,"mOthersTime":0,"mRunTime":0,"mStartTime":67200000,"mTimeUnit":600000,"mWalkTime":322747,"runStep":0,"walkStep":170},{"distance":7.44,"mCalorie":0.41,"mOthersTime":0,"mRunTime":0,"mStartTime":73800000,"mTimeUnit":600000,"mWalkTime":7337,"runStep":0,"walkStep":11},{"distance":73.33,"mCalorie":4.09,"mOthersTime":0,"mRunTime":4800,"mStartTime":80400000,"mTimeUnit":600000,"mWalkTime":54027,"runStep":12,"walkStep":81},{"distance":30.621,"mCalorie":1.63,"mOthersTime":0,"mRunTime":1200,"mStartTime":81000000,"mTimeUnit":600000,"mWalkTime":22011,"runStep":3,"walkStep":33}],"version":1}