{"mActivityList":[{"mActiveTime":3254801,"mActiveTimeType":0,"mCalorie":307.0,"mCategory":204,"mDetailInfoId":"1781aec6-f8df-f9f3-35cb-adc6da4a3608","mDistance":4115.85,"mDuration":3254801,"mEndTime":38016751,"mStartTime":34761950,"mType":1001},{"mActiveTime":1347585,"mActiveTimeType":0,"mCalorie":123.0,"mCategory":204,"mDetailInfoId":"a8161265-e06c-720f-ac03-409ee0d90699","mDistance":1509.799,"mDuration":1347585,"mEndTime":39551837,"mStartTime":38204252,"mType":1001}],"mAdaptiveGoal":0,"mIsGoalAchieved":false,"mIsMostActiveAchieved":false,"mMostActiveMinutes":0,"mStreakDayCount":0,"mUnitDataList":[{"distance":8.61,"mCalorie":0.39,"mOthersTime":0,"mRunTime":0,"mStartTime":5400000,"mTimeUnit":600000,"mWalkTime":7337,"runStep":0,"walkStep":11},{"distance":7.44,"mCalorie":0.35,"mOthersTime":0,"mRunTime":0,"mStartTime":6600000,"mTimeUnit":600000,"mWalkTime":6670,"runStep":0,"walkStep":10},{"distance":7.7,"mCalorie":0.37,"mOthersTime":0,"mRunTime":0,"mStartTime":13200000,"mTimeUnit":600000,"mWalkTime":6670,"runStep":0,"walkStep":10},{"distance":19.529999,"mCalorie":1.0699999,"mOthersTime":0,"mRunTime":0,"mStartTime":13800000,"mTimeUnit":600000,"mWalkTime":16675,"runStep":0,"walkStep":25},{"distance":57.538998,"mCalorie":3.38,"mOthersTime":0,"mRunTime":400,"mStartTime":21000000,"mTimeUnit":600000,"mWalkTime":51359,"runStep":1,"walkStep":77},{"distance":37.0,"mCalorie":2.08,"mOthersTime":0,"mRunTime":400,"mStartTime":22200000,"mTimeUnit":600000,"mWalkTime":30682,"runStep":1,"walkStep":46},{"distance":11.45,"mCalorie":0.46,"mOthersTime":0,"mRunTime":0,"mStartTime":29400000,"mTimeUnit":600000,"mWalkTime":9338,"runStep":0,"walkStep":14},{"distance":54.11,"mCalorie":3.02,"mOthersTime":0,"mRunTime":400,"mStartTime":31200000,"mTimeUnit":600000,"mWalkTime":46690,"runStep":1,"walkStep":70},{"distance":24.84,"mCalorie":1.36,"mOthersTime":0,"mRunTime":0,"mStartTime":31800000,"mTimeUnit":600000,"mWalkTime":22678,"runStep":0,"walkStep":34},{"distance":9.18,"mCalorie":0.36,"mOthersTime":0,"mRunTime":400,"mStartTime":33000000,"mTimeUnit":600000,"mWalkTime":6670,"runStep":1,"walkStep":10},{"distance":94.11,"mCalorie":4.4700003,"mOthersTime":0,"mRunTime":0,"mStartTime":33600000,"mTimeUnit":600000,"mWalkTime":83375,"runStep":0,"walkStep":125},{"distance":229.58623,"mCalorie":13.591619,"mOthersTime":0,"mRunTime":0,"mStartTime":34200000,"mTimeUnit":600000,"mWalkTime":220010,"runStep":0,"walkStep":295},{"distance":758.72845,"mCalorie":56.593323,"mOthersTime":0,"mRunTime":0,"mStartTime":34800000,"mTimeUnit":600000,"mWalkTime":600000,"runStep":0,"walkStep":1047},{"distance":758.72845,"mCalorie":56.593323,"mOthersTime":0,"mRunTime":0,"mStartTime":35400000,"mTimeUnit":600000,"mWalkTime":600000,"runStep":0,"walkStep":1066},{"distance":758.72845,"mCalorie":56.593323,"mOthersTime":0,"mRunTime":0,"mStartTime":36000000,"mTimeUnit":600000,"mWalkTime":600000,"runStep":0,"walkStep":982},{"distance":758.72845,"mCalorie":56.593323,"mOthersTime":0,"mRunTime":0,"mStartTime":36600000,"mTimeUnit":600000,"mWalkTime":600000,"runStep":0,"walkStep":1030},{"distance":758.72845,"mCalorie":56.593323,"mOthersTime":0,"mRunTime":0,"mStartTime":37200000,"mTimeUnit":600000,"mWalkTime":600000,"runStep":0,"walkStep":1048},{"distance":518.83716,"mCalorie":39.53726,"mOthersTime":0,"mRunTime":0,"mStartTime":37800000,"mTimeUnit":600000,"mWalkTime":435978,"runStep":0,"walkStep":529},{"distance":672.2243,"mCalorie":54.764637,"mOthersTime":0,"mRunTime":0,"mStartTime":38400000,"mTimeUnit":600000,"mWalkTime":600000,"runStep":0,"walkStep":1012},{"distance":618.26373,"mCalorie":50.368584,"mOthersTime":0,"mRunTime":0,"mStartTime":39000000,"mTimeUnit":600000,"mWalkTime":551837,"runStep":0,"walkStep":790},{"distance":16.281,"mCalorie":1.14,"mOthersTime":0,"mRunTime":800,"mStartTime":39600000,"mTimeUnit":600000,"mWalkTime":14007,"runStep":2,"walkStep":21},{"distance":16.45,"mCalorie":0.79,"mOthersTime":0,"mRunTime":400,"mStartTime":40800000,"mTimeUnit":600000,"mWalkTime":12006,"runStep":1,"walkStep":18},{"distance":33.63,"mCalorie":1.63,"mOthersTime":0,"mRunTime":0,"mStartTime":42600000,"mTimeUnit":600000,"mWalkTime":30682,"runStep":0,"walkStep":46},{"distance":19.77,"mCalorie":1.18,"mOthersTime":0,"mRunTime":400,"mStartTime":44400000,"mTimeUnit":600000,"mWalkTime":16675,"runStep":1,"walkStep":25},{"distance":15.56,"mCalorie":0.57,"mOthersTime":0,"mRunTime":0,"mStartTime":45000000,"mTimeUnit":600000,"mWalkTime":10005,"runStep":0,"walkStep":15},{"distance":7.62,"mCalorie":0.39,"mOthersTime":0,"mRunTime":0,"mStartTime":48000000,"mTimeUnit":600000,"mWalkTime":6670,"runStep":0,"walkStep":10},{"distance":58.51,"mCalorie":2.92,"mOthersTime":0,"mRunTime":0,"mStartTime":49200000,"mTimeUnit":600000,"mWalkTime":54027,"runStep":0,"walkStep":81},{"distance":30.310001,"mCalorie":1.6099999,"mOthersTime":0,"mRunTime":0,"mStartTime":49800000,"mTimeUnit":600000,"mWalkTime":26013,"runStep":0,"walkStep":39},{"distance":43.72,"mCalorie":2.53,"mOthersTime":0,"mRunTime":6000,"mStartTime":51600000,"mTimeUnit":600000,"mWalkTime":16675,"runStep":15,"walkStep":25},{"distance":34.07,"mCalorie":1.64,"mOthersTime":0,"mRunTime":0,"mStartTime":54000000,"mTimeUnit":600000,"mWalkTime":30015,"runStep":0,"walkStep":45},{"distance":17.76,"mCalorie":1.01,"mOthersTime":0,"mRunTime":0,"mStartTime":54600000,"mTimeUnit":600000,"mWalkTime":17342,"runStep":0,"walkStep":26},{"distance":8.4,"mCalorie":0.43,"mOthersTime":0,"mRunTime":0,"mStartTime":57600000,"mTimeUnit":600000,"mWalkTime":8004,"runStep":0,"walkStep":12},{"distance":98.319,"mCalorie":4.4,"mOthersTime":0,"mRunTime":800,"mStartTime":58200000,"mTimeUnit":600000,"mWalkTime":81374,"runStep":2,"walkStep":122},{"distance":43.538002,"mCalorie":2.13,"mOthersTime":0,"mRunTime":0,"mStartTime":62400000,"mTimeUnit":600000,"mWalkTime":38686,"runStep":0,"walkStep":58},{"distance":27.12,"mCalorie":1.47,"mOthersTime":0,"mRunTime":0,"mStartTime":63000000,"mTimeUnit":600000,"mWalkTime":23345,"runStep":0,"walkStep":35},{"distance":208.369,"mCalorie":9.82,"mOthersTime":0,"mRunTime":1600,"mStartTime":63600000,"mTimeUnit":600000,"mWalkTime":159353,"runStep":4,"walkStep":269},{"distance":23.5,"mCalorie":1.09,"mOthersTime":0,"mRunTime":0,"mStartTime":64200000,"mTimeUnit":600000,"mWalkTime":18676,"runStep":0,"walkStep":28},{"distance":25.17,"mCalorie":1.22,"mOthersTime":0,"mRunTime":0,"mStartTime":64800000,"mTimeUnit":600000,"mWalkTime":23345,"runStep":0,"walkStep":35},{"distance":25.842001,"mCalorie":1.1600001,"mOthersTime":0,"mRunTime":0,"mStartTime":68400000,"mTimeUnit":600000,"mWalkTime":22678,"runStep":0,"walkStep":34},{"distance":209.78802,"mCalorie":9.88,"mOthersTime":0,"mRunTime":0,"mStartTime":69000000,"mTimeUnit":600000,"mWalkTime":174027,"runStep":0,"walkStep":283},{"distance":74.061,"mCalorie":3.9299998,"mOthersTime":0,"mRunTime":0,"mStartTime":69600000,"mTimeUnit":600000,"mWalkTime":77372,"runStep":0,"walkStep":116},{"distance":45.339996,"mCalorie":2.22,"mOthersTime":0,"mRunTime":0,"mStartTime":70200000,"mTimeUnit":600000,"mWalkTime":43355,"runStep":0,"walkStep":65},{"distance":11.2699995,"mCalorie":0.55,"mOthersTime":0,"mRunTime":0,"mStartTime":70800000,"mTimeUnit":600000,"mWalkTime":10005,"runStep":0,"walkStep":15},{"distance":14.25,"mCalorie":0.7,"mOthersTime":0,"mRunTime":0,"mStartTime":71400000,"mTimeUnit":600000,"mWalkTime":13340,"runStep":0,"walkStep":20},{"distance":8.67,"mCalorie":0.36,"mOthersTime":0,"mRunTime":0,"mStartTime":72000000,"mTimeUnit":600000,"mWalkTime":8004,"runStep":0,"walkStep":12}],"version":1}