{"mActivityList":[{"mActiveTime":600000,"mActiveTimeType":2,"mCalorie":67.55,"mCategory":204,"mDetailInfoId":"f3721807-0d60-99c2-9569-1bc354efe5ca","mDistance":0.0,"mDuration":600000,"mEndTime":78271019,"mStartTime":77671019,"mType":11007}],"mAdaptiveGoal":0,"mIsGoalAchieved":false,"mIsMostActiveAchieved":false,"mMostActiveMinutes":0,"mStreakDayCount":0,"mUnitDataList":[{"distance":9.4800005,"mCalorie":0.53,"mOthersTime":0,"mRunTime":0,"mStartTime":16200000,"mTimeUnit":600000,"mWalkTime":8671,"runStep":0,"walkStep":13},{"distance":9.51,"mCalorie":0.48,"mOthersTime":0,"mRunTime":0,"mStartTime":16800000,"mTimeUnit":600000,"mWalkTime":8004,"runStep":0,"walkStep":12},{"distance":39.02,"mCalorie":2.02,"mOthersTime":0,"mRunTime":1200,"mStartTime":18000000,"mTimeUnit":600000,"mWalkTime":33350,"runStep":3,"walkStep":50},{"distance":77.58,"mCalorie":4.7500005,"mOthersTime":0,"mRunTime":0,"mStartTime":18600000,"mTimeUnit":600000,"mWalkTime":83375,"runStep":0,"walkStep":125},{"distance":228.52,"mCalorie":11.56,"mOthersTime":0,"mRunTime":0,"mStartTime":19200000,"mTimeUnit":600000,"mWalkTime":176028,"runStep":0,"walkStep":301},{"distance":60.92,"mCalorie":3.07,"mOthersTime":0,"mRunTime":0,"mStartTime":19800000,"mTimeUnit":600000,"mWalkTime":55361,"runStep":0,"walkStep":83},{"distance":14.969997,"mCalorie":0.7700001,"mOthersTime":0,"mRunTime":0,"mStartTime":21000000,"mTimeUnit":600000,"mWalkTime":13340,"runStep":0,"walkStep":20},{"distance":387.66,"mCalorie":18.960001,"mOthersTime":0,"mRunTime":0,"mStartTime":21600000,"mTimeUnit":600000,"mWalkTime":308731,"runStep":0,"walkStep":519},{"distance":279.68,"mCalorie":13.75,"mOthersTime":0,"mRunTime":0,"mStartTime":22200000,"mTimeUnit":600000,"mWalkTime":241394,"runStep":0,"walkStep":377},{"distance":58.28,"mCalorie":3.11,"mOthersTime":0,"mRunTime":800,"mStartTime":22800000,"mTimeUnit":600000,"mWalkTime":52026,"runStep":2,"walkStep":78},{"distance":86.36,"mCalorie":4.25,"mOthersTime":0,"mRunTime":0,"mStartTime":23400000,"mTimeUnit":600000,"mWalkTime":78039,"runStep":0,"walkStep":117},{"distance":64.52,"mCalorie":2.8899999,"mOthersTime":0,"mRunTime":0,"mStartTime":24000000,"mTimeUnit":600000,"mWalkTime":56028,"runStep":0,"walkStep":84},{"distance":49.639,"mCalorie":2.61,"mOthersTime":0,"mRunTime":0,"mStartTime":24600000,"mTimeUnit":600000,"mWalkTime":46023,"runStep":0,"walkStep":69},{"distance":177.951,"mCalorie":8.7699995,"mOthersTime":0,"mRunTime":8000,"mStartTime":25200000,"mTimeUnit":600000,"mWalkTime":134734,"runStep":20,"walkStep":202},{"distance":51.56,"mCalorie":2.77,"mOthersTime":0,"mRunTime":0,"mStartTime":25800000,"mTimeUnit":600000,"mWalkTime":48024,"runStep":0,"walkStep":72},{"distance":23.330002,"mCalorie":1.17,"mOthersTime":0,"mRunTime":0,"mStartTime":26400000,"mTimeUnit":600000,"mWalkTime":21344,"runStep":0,"walkStep":32},{"distance":244.44,"mCalorie":12.51,"mOthersTime":0,"mRunTime":0,"mStartTime":27000000,"mTimeUnit":600000,"mWalkTime":210712,"runStep":0,"walkStep":330},{"distance":64.89,"mCalorie":3.21,"mOthersTime":0,"mRunTime":0,"mStartTime":28200000,"mTimeUnit":600000,"mWalkTime":58696,"runStep":0,"walkStep":88},{"distance":52.13,"mCalorie":2.79,"mOthersTime":0,"mRunTime":1200,"mStartTime":28800000,"mTimeUnit":600000,"mWalkTime":44689,"runStep":3,"walkStep":67},{"distance":13.89,"mCalorie":0.74,"mOthersTime":0,"mRunTime":0,"mStartTime":30000000,"mTimeUnit":600000,"mWalkTime":12673,"runStep":0,"walkStep":19},{"distance":6.77,"mCalorie":0.37,"mOthersTime":0,"mRunTime":0,"mStartTime":30600000,"mTimeUnit":600000,"mWalkTime":6670,"runStep":0,"walkStep":10},{"distance":18.39,"mCalorie":1.05,"mOthersTime":0,"mRunTime":1200,"mStartTime":31800000,"mTimeUnit":600000,"mWalkTime":12006,"runStep":3,"walkStep":18},{"distance":38.93,"mCalorie":1.8800001,"mOthersTime":0,"mRunTime":0,"mStartTime":32400000,"mTimeUnit":600000,"mWalkTime":34684,"runStep":0,"walkStep":52},{"distance":129.579,"mCalorie":6.4300003,"mOthersTime":0,"mRunTime":1200,"mStartTime":33000000,"mTimeUnit":600000,"mWalkTime":116058,"runStep":3,"walkStep":174},{"distance":38.02,"mCalorie":1.86,"mOthersTime":0,"mRunTime":0,"mStartTime":33600000,"mTimeUnit":600000,"mWalkTime":34017,"runStep":0,"walkStep":51},{"distance":76.86,"mCalorie":3.8,"mOthersTime":0,"mRunTime":0,"mStartTime":34200000,"mTimeUnit":600000,"mWalkTime":70702,"runStep":0,"walkStep":106},{"distance":77.57,"mCalorie":3.62,"mOthersTime":0,"mRunTime":0,"mStartTime":34800000,"mTimeUnit":600000,"mWalkTime":66700,"runStep":0,"walkStep":100},{"distance":88.439995,"mCalorie":4.73,"mOthersTime":0,"mRunTime":2800,"mStartTime":35400000,"mTimeUnit":600000,"mWalkTime":69368,"runStep":7,"walkStep":104},{"distance":24.050001,"mCalorie":1.52,"mOthersTime":0,"mRunTime":2400,"mStartTime":36600000,"mTimeUnit":600000,"mWalkTime":15341,"runStep":6,"walkStep":23},{"distance":130.74,"mCalorie":6.75,"mOthersTime":0,"mRunTime":0,"mStartTime":37800000,"mTimeUnit":600000,"mWalkTime":121394,"runStep":0,"walkStep":182},{"distance":13.809999,"mCalorie":0.6,"mOthersTime":0,"mRunTime":0,"mStartTime":38400000,"mTimeUnit":600000,"mWalkTime":12006,"runStep":0,"walkStep":18},{"distance":80.89,"mCalorie":3.6400003,"mOthersTime":0,"mRunTime":0,"mStartTime":39000000,"mTimeUnit":600000,"mWalkTime":71369,"runStep":0,"walkStep":107},{"distance":24.509998,"mCalorie":1.2,"mOthersTime":0,"mRunTime":0,"mStartTime":39600000,"mTimeUnit":600000,"mWalkTime":22678,"runStep":0,"walkStep":34},{"distance":52.97,"mCalorie":2.48,"mOthersTime":0,"mRunTime":0,"mStartTime":42600000,"mTimeUnit":600000,"mWalkTime":46690,"runStep":0,"walkStep":70},{"distance":37.15,"mCalorie":1.65,"mOthersTime":0,"mRunTime":0,"mStartTime":43200000,"mTimeUnit":600000,"mWalkTime":32683,"runStep":0,"walkStep":49},{"distance":42.59,"mCalorie":2.02,"mOthersTime":0,"mRunTime":0,"mStartTime":43800000,"mTimeUnit":600000,"mWalkTime":38019,"runStep":0,"walkStep":57},{"distance":24.81,"mCalorie":1.14,"mOthersTime":0,"mRunTime":400,"mStartTime":44400000,"mTimeUnit":600000,"mWalkTime":16675,"runStep":1,"walkStep":25},{"distance":16.57,"mCalorie":0.88,"mOthersTime":0,"mRunTime":0,"mStartTime":45000000,"mTimeUnit":600000,"mWalkTime":15341,"runStep":0,"walkStep":23},{"distance":82.61,"mCalorie":4.73,"mOthersTime":0,"mRunTime":6800,"mStartTime":45600000,"mTimeUnit":600000,"mWalkTime":61364,"runStep":17,"walkStep":92},{"distance":210.78899,"mCalorie":12.97,"mOthersTime":0,"mRunTime":6000,"mStartTime":46200000,"mTimeUnit":600000,"mWalkTime":190095,"runStep":15,"walkStep":285},{"distance":352.44,"mCalorie":18.560001,"mOthersTime":0,"mRunTime":0,"mStartTime":46800000,"mTimeUnit":600000,"mWalkTime":320827,"runStep":0,"walkStep":481},{"distance":308.55002,"mCalorie":16.109999,"mOthersTime":0,"mRunTime":0,"mStartTime":47400000,"mTimeUnit":600000,"mWalkTime":272773,"runStep":0,"walkStep":413},{"distance":51.11,"mCalorie":2.6100001,"mOthersTime":0,"mRunTime":0,"mStartTime":48000000,"mTimeUnit":600000,"mWalkTime":46690,"runStep":0,"walkStep":70},{"distance":19.82,"mCalorie":1.17,"mOthersTime":0,"mRunTime":0,"mStartTime":49200000,"mTimeUnit":600000,"mWalkTime":19343,"runStep":0,"walkStep":29},{"distance":186.19,"mCalorie":9.8,"mOthersTime":0,"mRunTime":0,"mStartTime":49800000,"mTimeUnit":600000,"mWalkTime":172086,"runStep":0,"walkStep":258},{"distance":209.409,"mCalorie":11.0199995,"mOthersTime":0,"mRunTime":0,"mStartTime":50400000,"mTimeUnit":600000,"mWalkTime":194097,"runStep":0,"walkStep":291},{"distance":176.94998,"mCalorie":13.2300005,"mOthersTime":0,"mRunTime":0,"mStartTime":51000000,"mTimeUnit":600000,"mWalkTime":172086,"runStep":0,"walkStep":258},{"distance":262.53003,"mCalorie":19.239998,"mOthersTime":0,"mRunTime":0,"mStartTime":51600000,"mTimeUnit":600000,"mWalkTime":262798,"runStep":0,"walkStep":394},{"distance":13.611,"mCalorie":0.81,"mOthersTime":0,"mRunTime":2000,"mStartTime":52800000,"mTimeUnit":600000,"mWalkTime":6670,"runStep":5,"walkStep":10},{"distance":38.79,"mCalorie":2.48,"mOthersTime":0,"mRunTime":6800,"mStartTime":53400000,"mTimeUnit":600000,"mWalkTime":20010,"runStep":17,"walkStep":30},{"distance":8.77,"mCalorie":0.42,"mOthersTime":0,"mRunTime":0,"mStartTime":54600000,"mTimeUnit":600000,"mWalkTime":8004,"runStep":0,"walkStep":12},{"distance":7.48,"mCalorie":0.34,"mOthersTime":0,"mRunTime":0,"mStartTime":55800000,"mTimeUnit":600000,"mWalkTime":7337,"runStep":0,"walkStep":11},{"distance":7.69,"mCalorie":0.41,"mOthersTime":0,"mRunTime":0,"mStartTime":56400000,"mTimeUnit":600000,"mWalkTime":7337,"runStep":0,"walkStep":11},{"distance":15.69,"mCalorie":0.72,"mOthersTime":0,"mRunTime":0,"mStartTime":57600000,"mTimeUnit":600000,"mWalkTime":13340,"runStep":0,"walkStep":20},{"distance":166.33,"mCalorie":13.39,"mOthersTime":0,"mRunTime":0,"mStartTime":58200000,"mTimeUnit":600000,"mWalkTime":167417,"runStep":0,"walkStep":251},{"distance":123.09,"mCalorie":7.36,"mOthersTime":0,"mRunTime":2400,"mStartTime":58800000,"mTimeUnit":600000,"mWalkTime":110055,"runStep":6,"walkStep":165},{"distance":49.28,"mCalorie":2.57,"mOthersTime":0,"mRunTime":0,"mStartTime":59400000,"mTimeUnit":600000,"mWalkTime":45356,"runStep":0,"walkStep":68},{"distance":15.549999,"mCalorie":0.78,"mOthersTime":0,"mRunTime":0,"mStartTime":60000000,"mTimeUnit":600000,"mWalkTime":14007,"runStep":0,"walkStep":21},{"distance":212.65001,"mCalorie":13.02,"mOthersTime":0,"mRunTime":3600,"mStartTime":60600000,"mTimeUnit":600000,"mWalkTime":202768,"runStep":9,"walkStep":304},{"distance":230.81001,"mCalorie":13.0,"mOthersTime":0,"mRunTime":0,"mStartTime":61200000,"mTimeUnit":600000,"mWalkTime":216775,"runStep":0,"walkStep":325},{"distance":10.62,"mCalorie":0.49,"mOthersTime":0,"mRunTime":0,"mStartTime":61800000,"mTimeUnit":600000,"mWalkTime":9338,"runStep":0,"walkStep":14},{"distance":77.2,"mCalorie":3.7500002,"mOthersTime":0,"mRunTime":0,"mStartTime":63000000,"mTimeUnit":600000,"mWalkTime":70035,"runStep":0,"walkStep":105},{"distance":421.77997,"mCalorie":23.339998,"mOthersTime":0,"mRunTime":0,"mStartTime":63600000,"mTimeUnit":600000,"mWalkTime":342021,"runStep":0,"walkStep":574},{"distance":328.59,"mCalorie":16.980001,"mOthersTime":0,"mRunTime":0,"mStartTime":64200000,"mTimeUnit":600000,"mWalkTime":301484,"runStep":0,"walkStep":452},{"distance":55.370003,"mCalorie":2.75,"mOthersTime":0,"mRunTime":400,"mStartTime":64800000,"mTimeUnit":600000,"mWalkTime":48024,"runStep":1,"walkStep":72},{"distance":7.49,"mCalorie":0.34,"mOthersTime":0,"mRunTime":0,"mStartTime":65400000,"mTimeUnit":600000,"mWalkTime":6670,"runStep":0,"walkStep":10},{"distance":16.77,"mCalorie":0.62,"mOthersTime":0,"mRunTime":0,"mStartTime":66600000,"mTimeUnit":600000,"mWalkTime":14007,"runStep":0,"walkStep":21},{"distance":7.54,"mCalorie":0.45999998,"mOthersTime":0,"mRunTime":0,"mStartTime":69600000,"mTimeUnit":600000,"mWalkTime":7337,"runStep":0,"walkStep":11},{"distance":6.77,"mCalorie":0.38,"mOthersTime":0,"mRunTime":0,"mStartTime":73200000,"mTimeUnit":600000,"mWalkTime":6670,"runStep":0,"walkStep":10},{"distance":28.470001,"mCalorie":1.5699999,"mOthersTime":0,"mRunTime":400,"mStartTime":73800000,"mTimeUnit":600000,"mWalkTime":24012,"runStep":1,"walkStep":36},{"distance":68.49,"mCalorie":4.1,"mOthersTime":0,"mRunTime":9600,"mStartTime":74400000,"mTimeUnit":600000,"mWalkTime":45356,"runStep":24,"walkStep":68},{"distance":74.600006,"mCalorie":3.52,"mOthersTime":0,"mRunTime":0,"mStartTime":76800000,"mTimeUnit":600000,"mWalkTime":66033,"runStep":0,"walkStep":99},{"distance":53.53,"mCalorie":40.107777,"mOthersTime":328980,"mRunTime":0,"mStartTime":77400000,"mTimeUnit":600000,"mWalkTime":56695,"runStep":0,"walkStep":85},{"distance":81.286316,"mCalorie":34.729584,"mOthersTime":271019,"mRunTime":0,"mStartTime":78000000,"mTimeUnit":600000,"mWalkTime":75902,"runStep":0,"walkStep":120},{"distance":31.77,"mCalorie":1.52,"mOthersTime":0,"mRunTime":0,"mStartTime":81000000,"mTimeUnit":600000,"mWalkTime":29348,"runStep":0,"walkStep":44},{"distance":142.0,"mCalorie":7.97,"mOthersTime":0,"mRunTime":400,"mStartTime":81600000,"mTimeUnit":600000,"mWalkTime":135401,"runStep":1,"walkStep":203},{"distance":64.009,"mCalorie":3.04,"mOthersTime":0,"mRunTime":400,"mStartTime":82200000,"mTimeUnit":600000,"mWalkTime":54694,"runStep":1,"walkStep":82}],"version":1}