{"mAdaptiveGoal":0,"mIsGoalAchieved":false,"mIsMostActiveAchieved":false,"mMostActiveMinutes":0,"mStreakDayCount":0,"mUnitDataList":[{"distance":8.22,"mCalorie":0.39,"mOthersTime":0,"mRunTime":0,"mStartTime":17400000,"mTimeUnit":600000,"mWalkTime":6670,"runStep":0,"walkStep":10},{"distance":12.29,"mCalorie":0.7,"mOthersTime":0,"mRunTime":0,"mStartTime":18000000,"mTimeUnit":600000,"mWalkTime":12006,"runStep":0,"walkStep":18},{"distance":41.29,"mCalorie":2.32,"mOthersTime":0,"mRunTime":1200,"mStartTime":22800000,"mTimeUnit":600000,"mWalkTime":30682,"runStep":3,"walkStep":46},{"distance":156.7,"mCalorie":8.17,"mOthersTime":0,"mRunTime":800,"mStartTime":23400000,"mTimeUnit":600000,"mWalkTime":146073,"runStep":2,"walkStep":219},{"distance":78.42,"mCalorie":3.86,"mOthersTime":0,"mRunTime":2000,"mStartTime":24000000,"mTimeUnit":600000,"mWalkTime":64699,"runStep":5,"walkStep":97},{"distance":99.14,"mCalorie":4.9700003,"mOthersTime":0,"mRunTime":0,"mStartTime":24600000,"mTimeUnit":600000,"mWalkTime":91379,"runStep":0,"walkStep":137},{"distance":8.07,"mCalorie":0.41,"mOthersTime":0,"mRunTime":0,"mStartTime":25200000,"mTimeUnit":600000,"mWalkTime":7337,"runStep":0,"walkStep":11},{"distance":20.39,"mCalorie":0.97,"mOthersTime":0,"mRunTime":0,"mStartTime":26400000,"mTimeUnit":600000,"mWalkTime":18009,"runStep":0,"walkStep":27},{"distance":266.06,"mCalorie":13.0,"mOthersTime":0,"mRunTime":1600,"mStartTime":27000000,"mTimeUnit":600000,"mWalkTime":234117,"runStep":4,"walkStep":351},{"distance":34.98,"mCalorie":1.84,"mOthersTime":0,"mRunTime":0,"mStartTime":27600000,"mTimeUnit":600000,"mWalkTime":33350,"runStep":0,"walkStep":50},{"distance":97.58,"mCalorie":4.8,"mOthersTime":0,"mRunTime":0,"mStartTime":28200000,"mTimeUnit":600000,"mWalkTime":88711,"runStep":0,"walkStep":133},{"distance":15.699999,"mCalorie":0.84000003,"mOthersTime":0,"mRunTime":0,"mStartTime":28800000,"mTimeUnit":600000,"mWalkTime":14674,"runStep":0,"walkStep":22},{"distance":54.59,"mCalorie":2.6200001,"mOthersTime":0,"mRunTime":0,"mStartTime":33000000,"mTimeUnit":600000,"mWalkTime":50025,"runStep":0,"walkStep":75},{"distance":16.38,"mCalorie":0.8,"mOthersTime":0,"mRunTime":0,"mStartTime":35400000,"mTimeUnit":600000,"mWalkTime":14674,"runStep":0,"walkStep":22},{"distance":278.95,"mCalorie":15.69,"mOthersTime":0,"mRunTime":0,"mStartTime":36000000,"mTimeUnit":600000,"mWalkTime":254067,"runStep":0,"walkStep":401},{"distance":281.80005,"mCalorie":16.02,"mOthersTime":0,"mRunTime":0,"mStartTime":36600000,"mTimeUnit":600000,"mWalkTime":244699,"runStep":0,"walkStep":391},{"distance":58.52,"mCalorie":3.3399997,"mOthersTime":0,"mRunTime":0,"mStartTime":37200000,"mTimeUnit":600000,"mWalkTime":58029,"runStep":0,"walkStep":87},{"distance":31.45,"mCalorie":1.3699999,"mOthersTime":0,"mRunTime":0,"mStartTime":37800000,"mTimeUnit":600000,"mWalkTime":26680,"runStep":0,"walkStep":40},{"distance":29.54,"mCalorie":1.71,"mOthersTime":0,"mRunTime":800,"mStartTime":38400000,"mTimeUnit":600000,"mWalkTime":25346,"runStep":2,"walkStep":38},{"distance":41.4,"mCalorie":2.1999998,"mOthersTime":0,"mRunTime":0,"mStartTime":39000000,"mTimeUnit":600000,"mWalkTime":38686,"runStep":0,"walkStep":58},{"distance":5.73,"mCalorie":0.3,"mOthersTime":0,"mRunTime":0,"mStartTime":39600000,"mTimeUnit":600000,"mWalkTime":5336,"runStep":0,"walkStep":8},{"distance":15.18,"mCalorie":0.78999996,"mOthersTime":0,"mRunTime":0,"mStartTime":40800000,"mTimeUnit":600000,"mWalkTime":14007,"runStep":0,"walkStep":21},{"distance":33.170002,"mCalorie":1.64,"mOthersTime":0,"mRunTime":0,"mStartTime":42000000,"mTimeUnit":600000,"mWalkTime":30015,"runStep":0,"walkStep":45},{"distance":503.22003,"mCalorie":26.499996,"mOthersTime":0,"mRunTime":800,"mStartTime":42600000,"mTimeUnit":600000,"mWalkTime":414754,"runStep":2,"walkStep":678},{"distance":191.02998,"mCalorie":10.380001,"mOthersTime":0,"mRunTime":4400,"mStartTime":43200000,"mTimeUnit":600000,"mWalkTime":162081,"runStep":11,"walkStep":243},{"distance":197.24,"mCalorie":10.56,"mOthersTime":0,"mRunTime":0,"mStartTime":43800000,"mTimeUnit":600000,"mWalkTime":186093,"runStep":0,"walkStep":279},{"distance":89.060005,"mCalorie":4.7599998,"mOthersTime":0,"mRunTime":0,"mStartTime":44400000,"mTimeUnit":600000,"mWalkTime":82041,"runStep":0,"walkStep":123},{"distance":19.669998,"mCalorie":0.7799998,"mOthersTime":0,"mRunTime":0,"mStartTime":45000000,"mTimeUnit":600000,"mWalkTime":16675,"runStep":0,"walkStep":25},{"distance":9.51,"mCalorie":0.42,"mOthersTime":0,"mRunTime":0,"mStartTime":45600000,"mTimeUnit":600000,"mWalkTime":8004,"runStep":0,"walkStep":12},{"distance":224.39,"mCalorie":11.710001,"mOthersTime":0,"mRunTime":0,"mStartTime":46800000,"mTimeUnit":600000,"mWalkTime":200737,"runStep":0,"walkStep":307},{"distance":140.29001,"mCalorie":7.1900005,"mOthersTime":0,"mRunTime":0,"mStartTime":47400000,"mTimeUnit":600000,"mWalkTime":112026,"runStep":0,"walkStep":187},{"distance":20.220001,"mCalorie":1.0699999,"mOthersTime":0,"mRunTime":0,"mStartTime":48000000,"mTimeUnit":600000,"mWalkTime":19343,"runStep":0,"walkStep":29},{"distance":24.130001,"mCalorie":1.31,"mOthersTime":0,"mRunTime":0,"mStartTime":48600000,"mTimeUnit":600000,"mWalkTime":21344,"runStep":0,"walkStep":32},{"distance":19.25,"mCalorie":0.9,"mOthersTime":0,"mRunTime":0,"mStartTime":49200000,"mTimeUnit":600000,"mWalkTime":17342,"runStep":0,"walkStep":26},{"distance":68.33,"mCalorie":3.19,"mOthersTime":0,"mRunTime":0,"mStartTime":50400000,"mTimeUnit":600000,"mWalkTime":61364,"runStep":0,"walkStep":92},{"distance":65.59,"mCalorie":3.18,"mOthersTime":0,"mRunTime":0,"mStartTime":51600000,"mTimeUnit":600000,"mWalkTime":58029,"runStep":0,"walkStep":87},{"distance":10.81,"mCalorie":0.44,"mOthersTime":0,"mRunTime":0,"mStartTime":53400000,"mTimeUnit":600000,"mWalkTime":9338,"runStep":0,"walkStep":14},{"distance":7.31,"mCalorie":0.38,"mOthersTime":0,"mRunTime":0,"mStartTime":54600000,"mTimeUnit":600000,"mWalkTime":6670,"runStep":0,"walkStep":10},{"distance":8.21,"mCalorie":0.46,"mOthersTime":0,"mRunTime":0,"mStartTime":55800000,"mTimeUnit":600000,"mWalkTime":7337,"runStep":0,"walkStep":11},{"distance":97.0,"mCalorie":5.17,"mOthersTime":0,"mRunTime":0,"mStartTime":57000000,"mTimeUnit":600000,"mWalkTime":96715,"runStep":0,"walkStep":145},{"distance":106.27,"mCalorie":5.68,"mOthersTime":0,"mRunTime":0,"mStartTime":57600000,"mTimeUnit":600000,"mWalkTime":99383,"runStep":0,"walkStep":149},{"distance":107.78,"mCalorie":7.45,"mOthersTime":0,"mRunTime":0,"mStartTime":58200000,"mTimeUnit":600000,"mWalkTime":115391,"runStep":0,"walkStep":173},{"distance":136.93001,"mCalorie":7.89,"mOthersTime":0,"mRunTime":0,"mStartTime":58800000,"mTimeUnit":600000,"mWalkTime":138736,"runStep":0,"walkStep":208},{"distance":265.68,"mCalorie":13.63,"mOthersTime":0,"mRunTime":0,"mStartTime":59400000,"mTimeUnit":600000,"mWalkTime":222051,"runStep":0,"walkStep":358},{"distance":28.900002,"mCalorie":1.45,"mOthersTime":0,"mRunTime":0,"mStartTime":60000000,"mTimeUnit":600000,"mWalkTime":27347,"runStep":0,"walkStep":41},{"distance":46.14,"mCalorie":2.3400002,"mOthersTime":0,"mRunTime":0,"mStartTime":60600000,"mTimeUnit":600000,"mWalkTime":42021,"runStep":0,"walkStep":63},{"distance":380.96002,"mCalorie":20.33,"mOthersTime":0,"mRunTime":0,"mStartTime":61200000,"mTimeUnit":600000,"mWalkTime":336745,"runStep":0,"walkStep":524},{"distance":136.39,"mCalorie":8.97,"mOthersTime":0,"mRunTime":0,"mStartTime":61800000,"mTimeUnit":600000,"mWalkTime":134734,"runStep":0,"walkStep":202},{"distance":194.49998,"mCalorie":10.139999,"mOthersTime":0,"mRunTime":0,"mStartTime":62400000,"mTimeUnit":600000,"mWalkTime":187427,"runStep":0,"walkStep":281},{"distance":292.09,"mCalorie":14.27,"mOthersTime":0,"mRunTime":0,"mStartTime":63000000,"mTimeUnit":600000,"mWalkTime":240727,"runStep":0,"walkStep":396},{"distance":474.90002,"mCalorie":25.890003,"mOthersTime":0,"mRunTime":0,"mStartTime":63600000,"mTimeUnit":600000,"mWalkTime":381404,"runStep":0,"walkStep":647},{"distance":25.23,"mCalorie":1.15,"mOthersTime":0,"mRunTime":0,"mStartTime":64200000,"mTimeUnit":600000,"mWalkTime":22011,"runStep":0,"walkStep":33},{"distance":9.81,"mCalorie":0.48,"mOthersTime":0,"mRunTime":0,"mStartTime":64800000,"mTimeUnit":600000,"mWalkTime":9338,"runStep":0,"walkStep":14},{"distance":17.01,"mCalorie":0.89,"mOthersTime":0,"mRunTime":0,"mStartTime":65400000,"mTimeUnit":600000,"mWalkTime":16008,"runStep":0,"walkStep":24},{"distance":69.659996,"mCalorie":3.5600002,"mOthersTime":0,"mRunTime":1600,"mStartTime":66000000,"mTimeUnit":600000,"mWalkTime":59363,"runStep":4,"walkStep":89},{"distance":112.47,"mCalorie":6.2900004,"mOthersTime":0,"mRunTime":0,"mStartTime":66600000,"mTimeUnit":600000,"mWalkTime":114724,"runStep":0,"walkStep":172},{"distance":247.67,"mCalorie":12.61,"mOthersTime":0,"mRunTime":0,"mStartTime":67200000,"mTimeUnit":600000,"mWalkTime":212076,"runStep":0,"walkStep":332},{"distance":47.93,"mCalorie":2.3,"mOthersTime":0,"mRunTime":1600,"mStartTime":69600000,"mTimeUnit":600000,"mWalkTime":38019,"runStep":4,"walkStep":57},{"distance":276.99005,"mCalorie":14.679998,"mOthersTime":0,"mRunTime":0,"mStartTime":70200000,"mTimeUnit":600000,"mWalkTime":224052,"runStep":0,"walkStep":370},{"distance":74.16,"mCalorie":3.8200002,"mOthersTime":0,"mRunTime":0,"mStartTime":70800000,"mTimeUnit":600000,"mWalkTime":68034,"runStep":0,"walkStep":102},{"distance":519.58997,"mCalorie":27.41,"mOthersTime":0,"mRunTime":0,"mStartTime":71400000,"mTimeUnit":600000,"mWalkTime":412723,"runStep":0,"walkStep":698},{"distance":18.85,"mCalorie":0.95,"mOthersTime":0,"mRunTime":0,"mStartTime":72000000,"mTimeUnit":600000,"mWalkTime":17342,"runStep":0,"walkStep":26},{"distance":58.25,"mCalorie":2.9299998,"mOthersTime":0,"mRunTime":0,"mStartTime":73200000,"mTimeUnit":600000,"mWalkTime":52693,"runStep":0,"walkStep":79},{"distance":269.33002,"mCalorie":14.42,"mOthersTime":0,"mRunTime":0,"mStartTime":73800000,"mTimeUnit":600000,"mWalkTime":246093,"runStep":0,"walkStep":375},{"distance":50.08,"mCalorie":2.56,"mOthersTime":0,"mRunTime":0,"mStartTime":74400000,"mTimeUnit":600000,"mWalkTime":47357,"runStep":0,"walkStep":71},{"distance":16.87,"mCalorie":0.85999995,"mOthersTime":0,"mRunTime":0,"mStartTime":80400000,"mTimeUnit":600000,"mWalkTime":15341,"runStep":0,"walkStep":23}],"version":1}