{"mActivityList":[{"mActiveTime":1327270,"mActiveTimeType":0,"mCalorie":93.0,"mCategory":204,"mDetailInfoId":"451bbe80-69dd-d24e-8b54-537d3fee3e14","mDistance":1655.827,"mDuration":1327270,"mEndTime":25985333,"mStartTime":24658063,"mType":1001},{"mActiveTime":1433707,"mActiveTimeType":0,"mCalorie":207.0,"mCategory":204,"mDetailInfoId":"f1e3be21-4af2-35f8-2463-b4d00fc96dd1","mDistance":1691.812,"mDuration":1433707,"mEndTime":29572099,"mStartTime":28138392,"mType":1001},{"mActiveTime":600000,"mActiveTimeType":2,"mCalorie":89.77,"mCategory":204,"mDetailInfoId":"8afa7b7a-ab13-9c2e-a40c-d6d3351b5bd9","mDistance":0.0,"mDuration":600000,"mEndTime":56549323,"mStartTime":55949323,"mType":11007}],"mAdaptiveGoal":0,"mIsGoalAchieved":false,"mIsMostActiveAchieved":false,"mMostActiveMinutes":0,"mStreakDayCount":0,"mUnitDataList":[{"distance":10.6,"mCalorie":0.5,"mOthersTime":0,"mRunTime":0,"mStartTime":8400000,"mTimeUnit":600000,"mWalkTime":9338,"runStep":0,"walkStep":14},{"distance":13.449,"mCalorie":0.73,"mOthersTime":0,"mRunTime":400,"mStartTime":9000000,"mTimeUnit":600000,"mWalkTime":10005,"runStep":1,"walkStep":15},{"distance":30.029999,"mCalorie":1.3599999,"mOthersTime":0,"mRunTime":0,"mStartTime":23400000,"mTimeUnit":600000,"mWalkTime":25346,"runStep":0,"walkStep":38},{"distance":7.27,"mCalorie":0.37,"mOthersTime":0,"mRunTime":0,"mStartTime":24000000,"mTimeUnit":600000,"mWalkTime":6670,"runStep":0,"walkStep":10},{"distance":697.5133,"mCalorie":39.017925,"mOthersTime":0,"mRunTime":0,"mStartTime":24600000,"mTimeUnit":600000,"mWalkTime":561946,"runStep":0,"walkStep":1004},{"distance":748.52606,"mCalorie":42.041183,"mOthersTime":0,"mRunTime":0,"mStartTime":25200000,"mTimeUnit":600000,"mWalkTime":600000,"runStep":0,"walkStep":1054},{"distance":259.55096,"mCalorie":14.336032,"mOthersTime":0,"mRunTime":0,"mStartTime":25800000,"mTimeUnit":600000,"mWalkTime":210679,"runStep":0,"walkStep":197},{"distance":6.76,"mCalorie":0.37,"mOthersTime":0,"mRunTime":0,"mStartTime":27000000,"mTimeUnit":600000,"mWalkTime":6670,"runStep":0,"walkStep":10},{"distance":85.80806,"mCalorie":9.556798,"mOthersTime":0,"mRunTime":0,"mStartTime":27600000,"mTimeUnit":600000,"mWalkTime":73941,"runStep":0,"walkStep":118},{"distance":708.01575,"mCalorie":86.62858,"mOthersTime":0,"mRunTime":0,"mStartTime":28200000,"mTimeUnit":600000,"mWalkTime":600000,"runStep":0,"walkStep":940},{"distance":708.01575,"mCalorie":86.62858,"mOthersTime":0,"mRunTime":0,"mStartTime":28800000,"mTimeUnit":600000,"mWalkTime":600000,"runStep":0,"walkStep":1003},{"distance":232.53055,"mCalorie":26.125057,"mOthersTime":0,"mRunTime":0,"mStartTime":29400000,"mTimeUnit":600000,"mWalkTime":198605,"runStep":0,"walkStep":278},{"distance":19.95,"mCalorie":0.85,"mOthersTime":0,"mRunTime":0,"mStartTime":36000000,"mTimeUnit":600000,"mWalkTime":17342,"runStep":0,"walkStep":26},{"distance":13.98,"mCalorie":0.93,"mOthersTime":0,"mRunTime":0,"mStartTime":36600000,"mTimeUnit":600000,"mWalkTime":14007,"runStep":0,"walkStep":21},{"distance":13.1,"mCalorie":0.61,"mOthersTime":0,"mRunTime":0,"mStartTime":37200000,"mTimeUnit":600000,"mWalkTime":12006,"runStep":0,"walkStep":18},{"distance":22.96,"mCalorie":1.02,"mOthersTime":0,"mRunTime":0,"mStartTime":37800000,"mTimeUnit":600000,"mWalkTime":19343,"runStep":0,"walkStep":29},{"distance":10.901,"mCalorie":0.45,"mOthersTime":0,"mRunTime":0,"mStartTime":38400000,"mTimeUnit":600000,"mWalkTime":9338,"runStep":0,"walkStep":14},{"distance":16.61,"mCalorie":0.90999997,"mOthersTime":0,"mRunTime":0,"mStartTime":39000000,"mTimeUnit":600000,"mWalkTime":15341,"runStep":0,"walkStep":23},{"distance":42.0,"mCalorie":2.43,"mOthersTime":0,"mRunTime":0,"mStartTime":39600000,"mTimeUnit":600000,"mWalkTime":36018,"runStep":0,"walkStep":54},{"distance":57.640003,"mCalorie":2.9799998,"mOthersTime":0,"mRunTime":0,"mStartTime":40200000,"mTimeUnit":600000,"mWalkTime":52026,"runStep":0,"walkStep":78},{"distance":18.41,"mCalorie":0.85,"mOthersTime":0,"mRunTime":0,"mStartTime":40800000,"mTimeUnit":600000,"mWalkTime":16675,"runStep":0,"walkStep":25},{"distance":32.42,"mCalorie":1.6,"mOthersTime":0,"mRunTime":0,"mStartTime":41400000,"mTimeUnit":600000,"mWalkTime":28681,"runStep":0,"walkStep":43},{"distance":28.439999,"mCalorie":1.3399999,"mOthersTime":0,"mRunTime":0,"mStartTime":42000000,"mTimeUnit":600000,"mWalkTime":25346,"runStep":0,"walkStep":38},{"distance":127.21999,"mCalorie":7.4199996,"mOthersTime":0,"mRunTime":0,"mStartTime":42600000,"mTimeUnit":600000,"mWalkTime":131399,"runStep":0,"walkStep":197},{"distance":284.25,"mCalorie":16.23,"mOthersTime":0,"mRunTime":0,"mStartTime":43200000,"mTimeUnit":600000,"mWalkTime":244032,"runStep":0,"walkStep":392},{"distance":202.22,"mCalorie":10.25,"mOthersTime":0,"mRunTime":0,"mStartTime":43800000,"mTimeUnit":600000,"mWalkTime":184759,"runStep":0,"walkStep":277},{"distance":7.41,"mCalorie":0.33,"mOthersTime":0,"mRunTime":0,"mStartTime":44400000,"mTimeUnit":600000,"mWalkTime":6670,"runStep":0,"walkStep":10},{"distance":33.94,"mCalorie":1.78,"mOthersTime":0,"mRunTime":0,"mStartTime":45600000,"mTimeUnit":600000,"mWalkTime":31349,"runStep":0,"walkStep":47},{"distance":356.48,"mCalorie":20.22,"mOthersTime":0,"mRunTime":0,"mStartTime":46200000,"mTimeUnit":600000,"mWalkTime":295391,"runStep":0,"walkStep":500},{"distance":47.850002,"mCalorie":2.3799999,"mOthersTime":0,"mRunTime":0,"mStartTime":46800000,"mTimeUnit":600000,"mWalkTime":44022,"runStep":0,"walkStep":66},{"distance":42.999,"mCalorie":2.081,"mOthersTime":0,"mRunTime":0,"mStartTime":47400000,"mTimeUnit":600000,"mWalkTime":39353,"runStep":0,"walkStep":59},{"distance":22.84,"mCalorie":1.22,"mOthersTime":0,"mRunTime":0,"mStartTime":48600000,"mTimeUnit":600000,"mWalkTime":21344,"runStep":0,"walkStep":32},{"distance":5.97,"mCalorie":0.29,"mOthersTime":0,"mRunTime":0,"mStartTime":49200000,"mTimeUnit":600000,"mWalkTime":5336,"runStep":0,"walkStep":8},{"distance":8.03,"mCalorie":0.41,"mOthersTime":0,"mRunTime":0,"mStartTime":49800000,"mTimeUnit":600000,"mWalkTime":7337,"runStep":0,"walkStep":11},{"distance":71.57,"mCalorie":3.79,"mOthersTime":0,"mRunTime":0,"mStartTime":51600000,"mTimeUnit":600000,"mWalkTime":64699,"runStep":0,"walkStep":97},{"distance":7.44,"mCalorie":0.42,"mOthersTime":0,"mRunTime":0,"mStartTime":52200000,"mTimeUnit":600000,"mWalkTime":7337,"runStep":0,"walkStep":11},{"distance":24.45,"mCalorie":1.1,"mOthersTime":0,"mRunTime":0,"mStartTime":52800000,"mTimeUnit":600000,"mWalkTime":21344,"runStep":0,"walkStep":32},{"distance":131.87,"mCalorie":7.21,"mOthersTime":0,"mRunTime":0,"mStartTime":55200000,"mTimeUnit":600000,"mWalkTime":130732,"runStep":0,"walkStep":196},{"distance":25.446012,"mCalorie":69.45253,"mOthersTime":450677,"mRunTime":0,"mStartTime":55800000,"mTimeUnit":600000,"mWalkTime":26318,"runStep":0,"walkStep":520},{"distance":103.58822,"mCalorie":27.645962,"mOthersTime":149323,"mRunTime":0,"mStartTime":56400000,"mTimeUnit":600000,"mWalkTime":93997,"runStep":0,"walkStep":348},{"distance":96.29,"mCalorie":4.9199996,"mOthersTime":0,"mRunTime":0,"mStartTime":57000000,"mTimeUnit":600000,"mWalkTime":88711,"runStep":0,"walkStep":133},{"distance":285.82,"mCalorie":15.380001,"mOthersTime":0,"mRunTime":0,"mStartTime":57600000,"mTimeUnit":600000,"mWalkTime":255401,"runStep":0,"walkStep":391},{"distance":254.44,"mCalorie":13.53,"mOthersTime":0,"mRunTime":0,"mStartTime":58200000,"mTimeUnit":600000,"mWalkTime":235451,"runStep":0,"walkStep":353},{"distance":116.41,"mCalorie":6.32,"mOthersTime":0,"mRunTime":4000,"mStartTime":58800000,"mTimeUnit":600000,"mWalkTime":94714,"runStep":10,"walkStep":142},{"distance":12.59,"mCalorie":0.57,"mOthersTime":0,"mRunTime":400,"mStartTime":59400000,"mTimeUnit":600000,"mWalkTime":6670,"runStep":1,"walkStep":10},{"distance":86.53,"mCalorie":5.12,"mOthersTime":0,"mRunTime":6000,"mStartTime":60000000,"mTimeUnit":600000,"mWalkTime":64699,"runStep":15,"walkStep":97},{"distance":351.771,"mCalorie":18.57,"mOthersTime":0,"mRunTime":3600,"mStartTime":61200000,"mTimeUnit":600000,"mWalkTime":306790,"runStep":9,"walkStep":460},{"distance":123.82,"mCalorie":5.91,"mOthersTime":0,"mRunTime":0,"mStartTime":61800000,"mTimeUnit":600000,"mWalkTime":110055,"runStep":0,"walkStep":165},{"distance":58.03,"mCalorie":2.751,"mOthersTime":0,"mRunTime":0,"mStartTime":62400000,"mTimeUnit":600000,"mWalkTime":52026,"runStep":0,"walkStep":78},{"distance":11.37,"mCalorie":0.56,"mOthersTime":0,"mRunTime":0,"mStartTime":63600000,"mTimeUnit":600000,"mWalkTime":10005,"runStep":0,"walkStep":15},{"distance":5.0,"mCalorie":0.26,"mOthersTime":0,"mRunTime":0,"mStartTime":64200000,"mTimeUnit":600000,"mWalkTime":4669,"runStep":0,"walkStep":7},{"distance":23.941,"mCalorie":1.309,"mOthersTime":0,"mRunTime":0,"mStartTime":64800000,"mTimeUnit":600000,"mWalkTime":22011,"runStep":0,"walkStep":33},{"distance":10.419,"mCalorie":0.491,"mOthersTime":0,"mRunTime":0,"mStartTime":66000000,"mTimeUnit":600000,"mWalkTime":9338,"runStep":0,"walkStep":14},{"distance":112.33,"mCalorie":6.2299995,"mOthersTime":0,"mRunTime":5600,"mStartTime":66600000,"mTimeUnit":600000,"mWalkTime":91379,"runStep":14,"walkStep":137},{"distance":93.68001,"mCalorie":4.3599997,"mOthersTime":0,"mRunTime":400,"mStartTime":67200000,"mTimeUnit":600000,"mWalkTime":82708,"runStep":1,"walkStep":124},{"distance":8.03,"mCalorie":0.57,"mOthersTime":0,"mRunTime":0,"mStartTime":67800000,"mTimeUnit":600000,"mWalkTime":7337,"runStep":0,"walkStep":11},{"distance":8.67,"mCalorie":0.59,"mOthersTime":0,"mRunTime":0,"mStartTime":68400000,"mTimeUnit":600000,"mWalkTime":6670,"runStep":0,"walkStep":10},{"distance":14.37,"mCalorie":0.72,"mOthersTime":0,"mRunTime":0,"mStartTime":69000000,"mTimeUnit":600000,"mWalkTime":13340,"runStep":0,"walkStep":20},{"distance":42.39,"mCalorie":2.1,"mOthersTime":0,"mRunTime":0,"mStartTime":69600000,"mTimeUnit":600000,"mWalkTime":39353,"runStep":0,"walkStep":59},{"distance":91.549995,"mCalorie":4.36,"mOthersTime":0,"mRunTime":0,"mStartTime":70200000,"mTimeUnit":600000,"mWalkTime":84709,"runStep":0,"walkStep":127},{"distance":74.979004,"mCalorie":3.751,"mOthersTime":0,"mRunTime":0,"mStartTime":70800000,"mTimeUnit":600000,"mWalkTime":67367,"runStep":0,"walkStep":101},{"distance":6.08,"mCalorie":0.28,"mOthersTime":0,"mRunTime":0,"mStartTime":71400000,"mTimeUnit":600000,"mWalkTime":5336,"runStep":0,"walkStep":8},{"distance":83.171,"mCalorie":4.269,"mOthersTime":0,"mRunTime":0,"mStartTime":73800000,"mTimeUnit":600000,"mWalkTime":80707,"runStep":0,"walkStep":121},{"distance":56.550003,"mCalorie":2.82,"mOthersTime":0,"mRunTime":0,"mStartTime":74400000,"mTimeUnit":600000,"mWalkTime":51359,"runStep":0,"walkStep":77},{"distance":54.470997,"mCalorie":2.5,"mOthersTime":0,"mRunTime":0,"mStartTime":75000000,"mTimeUnit":600000,"mWalkTime":47357,"runStep":0,"walkStep":71},{"distance":93.927,"mCalorie":4.27,"mOthersTime":0,"mRunTime":800,"mStartTime":81000000,"mTimeUnit":600000,"mWalkTime":73370,"runStep":2,"walkStep":110}],"version":1}