{"mActivityList":[{"mActiveTime":739681,"mActiveTimeType":0,"mCalorie":60.0,"mCategory":204,"mDetailInfoId":"fd66c4ef-a97f-1ea2-d85c-349319e2fb30","mDistance":668.15,"mDuration":739681,"mEndTime":35403721,"mStartTime":34664040,"mType":1001}],"mAdaptiveGoal":0,"mIsGoalAchieved":false,"mIsMostActiveAchieved":false,"mMostActiveMinutes":0,"mStreakDayCount":0,"mUnitDataList":[{"distance":70.29,"mCalorie":4.33,"mOthersTime":0,"mRunTime":0,"mStartTime":22200000,"mTimeUnit":600000,"mWalkTime":78706,"runStep":0,"walkStep":118},{"distance":55.95,"mCalorie":2.9799998,"mOthersTime":0,"mRunTime":0,"mStartTime":22800000,"mTimeUnit":600000,"mWalkTime":52026,"runStep":0,"walkStep":78},{"distance":102.909996,"mCalorie":5.1899996,"mOthersTime":0,"mRunTime":0,"mStartTime":25200000,"mTimeUnit":600000,"mWalkTime":92713,"runStep":0,"walkStep":139},{"distance":39.98,"mCalorie":1.8999999,"mOthersTime":0,"mRunTime":0,"mStartTime":25800000,"mTimeUnit":600000,"mWalkTime":36018,"runStep":0,"walkStep":54},{"distance":66.43,"mCalorie":3.3600001,"mOthersTime":0,"mRunTime":0,"mStartTime":26400000,"mTimeUnit":600000,"mWalkTime":60030,"runStep":0,"walkStep":90},{"distance":34.489998,"mCalorie":1.75,"mOthersTime":0,"mRunTime":0,"mStartTime":28200000,"mTimeUnit":600000,"mWalkTime":32683,"runStep":0,"walkStep":49},{"distance":32.0,"mCalorie":1.3800001,"mOthersTime":0,"mRunTime":0,"mStartTime":28800000,"mTimeUnit":600000,"mWalkTime":29348,"runStep":0,"walkStep":44},{"distance":48.4,"mCalorie":2.28,"mOthersTime":0,"mRunTime":400,"mStartTime":29400000,"mTimeUnit":600000,"mWalkTime":43355,"runStep":1,"walkStep":65},{"distance":11.23,"mCalorie":0.59,"mOthersTime":0,"mRunTime":0,"mStartTime":30000000,"mTimeUnit":600000,"mWalkTime":10672,"runStep":0,"walkStep":16},{"distance":11.73,"mCalorie":0.58,"mOthersTime":0,"mRunTime":0,"mStartTime":30600000,"mTimeUnit":600000,"mWalkTime":10672,"runStep":0,"walkStep":16},{"distance":80.729996,"mCalorie":4.15,"mOthersTime":0,"mRunTime":800,"mStartTime":31800000,"mTimeUnit":600000,"mWalkTime":70035,"runStep":2,"walkStep":105},{"distance":46.62,"mCalorie":2.44,"mOthersTime":0,"mRunTime":0,"mStartTime":32400000,"mTimeUnit":600000,"mWalkTime":45356,"runStep":0,"walkStep":68},{"distance":185.46335,"mCalorie":14.413778,"mOthersTime":0,"mRunTime":0,"mStartTime":34200000,"mTimeUnit":600000,"mWalkTime":193654,"runStep":0,"walkStep":320},{"distance":541.9769,"mCalorie":48.669632,"mOthersTime":0,"mRunTime":0,"mStartTime":34800000,"mTimeUnit":600000,"mWalkTime":600000,"runStep":0,"walkStep":765},{"distance":32.082596,"mCalorie":1.8324513,"mOthersTime":0,"mRunTime":0,"mStartTime":35400000,"mTimeUnit":600000,"mWalkTime":30369,"runStep":0,"walkStep":42},{"distance":42.86,"mCalorie":1.8600001,"mOthersTime":0,"mRunTime":0,"mStartTime":37800000,"mTimeUnit":600000,"mWalkTime":36685,"runStep":0,"walkStep":55},{"distance":43.36,"mCalorie":2.21,"mOthersTime":0,"mRunTime":0,"mStartTime":38400000,"mTimeUnit":600000,"mWalkTime":38686,"runStep":0,"walkStep":58},{"distance":54.28,"mCalorie":2.76,"mOthersTime":0,"mRunTime":0,"mStartTime":39000000,"mTimeUnit":600000,"mWalkTime":49358,"runStep":0,"walkStep":74},{"distance":215.95001,"mCalorie":10.6,"mOthersTime":0,"mRunTime":0,"mStartTime":39600000,"mTimeUnit":600000,"mWalkTime":181394,"runStep":0,"walkStep":288},{"distance":17.36,"mCalorie":0.8,"mOthersTime":0,"mRunTime":0,"mStartTime":40200000,"mTimeUnit":600000,"mWalkTime":14674,"runStep":0,"walkStep":22},{"distance":42.98,"mCalorie":1.9200001,"mOthersTime":0,"mRunTime":0,"mStartTime":40800000,"mTimeUnit":600000,"mWalkTime":37352,"runStep":0,"walkStep":56},{"distance":190.97,"mCalorie":9.66,"mOthersTime":0,"mRunTime":0,"mStartTime":41400000,"mTimeUnit":600000,"mWalkTime":175421,"runStep":0,"walkStep":263},{"distance":152.64,"mCalorie":7.79,"mOthersTime":0,"mRunTime":0,"mStartTime":42000000,"mTimeUnit":600000,"mWalkTime":138069,"runStep":0,"walkStep":207},{"distance":94.21,"mCalorie":4.48,"mOthersTime":0,"mRunTime":0,"mStartTime":43200000,"mTimeUnit":600000,"mWalkTime":82708,"runStep":0,"walkStep":124},{"distance":77.28999,"mCalorie":3.6399999,"mOthersTime":0,"mRunTime":0,"mStartTime":43800000,"mTimeUnit":600000,"mWalkTime":68701,"runStep":0,"walkStep":103},{"distance":114.57001,"mCalorie":5.9900002,"mOthersTime":0,"mRunTime":8000,"mStartTime":44400000,"mTimeUnit":600000,"mWalkTime":84709,"runStep":20,"walkStep":127},{"distance":303.03003,"mCalorie":16.03,"mOthersTime":0,"mRunTime":0,"mStartTime":45600000,"mTimeUnit":600000,"mWalkTime":282141,"runStep":0,"walkStep":423},{"distance":16.95,"mCalorie":0.73,"mOthersTime":0,"mRunTime":0,"mStartTime":46200000,"mTimeUnit":600000,"mWalkTime":14674,"runStep":0,"walkStep":22},{"distance":67.810005,"mCalorie":3.119999,"mOthersTime":0,"mRunTime":0,"mStartTime":46800000,"mTimeUnit":600000,"mWalkTime":58029,"runStep":0,"walkStep":87},{"distance":9.24,"mCalorie":0.57,"mOthersTime":0,"mRunTime":0,"mStartTime":47400000,"mTimeUnit":600000,"mWalkTime":7337,"runStep":0,"walkStep":11},{"distance":186.58,"mCalorie":9.9,"mOthersTime":0,"mRunTime":800,"mStartTime":48600000,"mTimeUnit":600000,"mWalkTime":152713,"runStep":2,"walkStep":245},{"distance":23.880001,"mCalorie":1.11,"mOthersTime":0,"mRunTime":1200,"mStartTime":49200000,"mTimeUnit":600000,"mWalkTime":16008,"runStep":3,"walkStep":24},{"distance":6.79,"mCalorie":0.41,"mOthersTime":0,"mRunTime":0,"mStartTime":51000000,"mTimeUnit":600000,"mWalkTime":6670,"runStep":0,"walkStep":10},{"distance":190.68001,"mCalorie":9.37,"mOthersTime":0,"mRunTime":0,"mStartTime":51600000,"mTimeUnit":600000,"mWalkTime":170692,"runStep":0,"walkStep":259},{"distance":65.3,"mCalorie":3.57,"mOthersTime":0,"mRunTime":0,"mStartTime":52200000,"mTimeUnit":600000,"mWalkTime":61364,"runStep":0,"walkStep":92},{"distance":208.55,"mCalorie":10.740001,"mOthersTime":0,"mRunTime":0,"mStartTime":52800000,"mTimeUnit":600000,"mWalkTime":192763,"runStep":0,"walkStep":289},{"distance":169.19,"mCalorie":8.73,"mOthersTime":0,"mRunTime":0,"mStartTime":53400000,"mTimeUnit":600000,"mWalkTime":148741,"runStep":0,"walkStep":223},{"distance":67.44,"mCalorie":3.49,"mOthersTime":0,"mRunTime":0,"mStartTime":54000000,"mTimeUnit":600000,"mWalkTime":62031,"runStep":0,"walkStep":93},{"distance":56.59,"mCalorie":2.86,"mOthersTime":0,"mRunTime":0,"mStartTime":54600000,"mTimeUnit":600000,"mWalkTime":53360,"runStep":0,"walkStep":80},{"distance":93.590004,"mCalorie":4.58,"mOthersTime":0,"mRunTime":0,"mStartTime":55200000,"mTimeUnit":600000,"mWalkTime":84042,"runStep":0,"walkStep":126},{"distance":60.480003,"mCalorie":3.33,"mOthersTime":0,"mRunTime":0,"mStartTime":55800000,"mTimeUnit":600000,"mWalkTime":56028,"runStep":0,"walkStep":84},{"distance":9.33,"mCalorie":0.3,"mOthersTime":0,"mRunTime":0,"mStartTime":57600000,"mTimeUnit":600000,"mWalkTime":6670,"runStep":0,"walkStep":10},{"distance":12.91,"mCalorie":0.57,"mOthersTime":0,"mRunTime":0,"mStartTime":58800000,"mTimeUnit":600000,"mWalkTime":12006,"runStep":0,"walkStep":18},{"distance":28.76,"mCalorie":1.45,"mOthersTime":0,"mRunTime":0,"mStartTime":60000000,"mTimeUnit":600000,"mWalkTime":26680,"runStep":0,"walkStep":40},{"distance":41.66,"mCalorie":1.98,"mOthersTime":0,"mRunTime":0,"mStartTime":60600000,"mTimeUnit":600000,"mWalkTime":36685,"runStep":0,"walkStep":55},{"distance":22.07,"mCalorie":1.1,"mOthersTime":0,"mRunTime":0,"mStartTime":61200000,"mTimeUnit":600000,"mWalkTime":20010,"runStep":0,"walkStep":30},{"distance":43.269997,"mCalorie":2.11,"mOthersTime":0,"mRunTime":0,"mStartTime":61800000,"mTimeUnit":600000,"mWalkTime":40020,"runStep":0,"walkStep":60},{"distance":19.16,"mCalorie":0.86,"mOthersTime":0,"mRunTime":0,"mStartTime":63000000,"mTimeUnit":600000,"mWalkTime":16675,"runStep":0,"walkStep":25},{"distance":15.33,"mCalorie":0.74,"mOthersTime":0,"mRunTime":0,"mStartTime":63600000,"mTimeUnit":600000,"mWalkTime":14007,"runStep":0,"walkStep":21},{"distance":8.56,"mCalorie":0.46,"mOthersTime":0,"mRunTime":0,"mStartTime":67800000,"mTimeUnit":600000,"mWalkTime":8004,"runStep":0,"walkStep":12},{"distance":29.4,"mCalorie":1.5,"mOthersTime":0,"mRunTime":0,"mStartTime":69600000,"mTimeUnit":600000,"mWalkTime":28014,"runStep":0,"walkStep":42},{"distance":39.23,"mCalorie":2.0500002,"mOthersTime":0,"mRunTime":0,"mStartTime":70200000,"mTimeUnit":600000,"mWalkTime":36018,"runStep":0,"walkStep":54},{"distance":24.259998,"mCalorie":1.4300001,"mOthersTime":0,"mRunTime":0,"mStartTime":70800000,"mTimeUnit":600000,"mWalkTime":23345,"runStep":0,"walkStep":35},{"distance":105.22,"mCalorie":6.1599994,"mOthersTime":0,"mRunTime":2000,"mStartTime":71400000,"mTimeUnit":600000,"mWalkTime":110692,"runStep":5,"walkStep":166},{"distance":229.98,"mCalorie":14.710001,"mOthersTime":0,"mRunTime":0,"mStartTime":72000000,"mTimeUnit":600000,"mWalkTime":223445,"runStep":0,"walkStep":335},{"distance":156.14,"mCalorie":8.3,"mOthersTime":0,"mRunTime":1200,"mStartTime":72600000,"mTimeUnit":600000,"mWalkTime":134704,"runStep":3,"walkStep":207},{"distance":29.92,"mCalorie":1.68,"mOthersTime":0,"mRunTime":0,"mStartTime":73800000,"mTimeUnit":600000,"mWalkTime":28681,"runStep":0,"walkStep":43},{"distance":34.91,"mCalorie":1.85,"mOthersTime":0,"mRunTime":0,"mStartTime":75000000,"mTimeUnit":600000,"mWalkTime":32016,"runStep":0,"walkStep":48},{"distance":303.38,"mCalorie":16.76,"mOthersTime":0,"mRunTime":1200,"mStartTime":75600000,"mTimeUnit":600000,"mWalkTime":274804,"runStep":3,"walkStep":412},{"distance":70.6,"mCalorie":3.36,"mOthersTime":0,"mRunTime":0,"mStartTime":76200000,"mTimeUnit":600000,"mWalkTime":64699,"runStep":0,"walkStep":97},{"distance":41.99,"mCalorie":2.22,"mOthersTime":0,"mRunTime":800,"mStartTime":78600000,"mTimeUnit":600000,"mWalkTime":36685,"runStep":2,"walkStep":55}],"version":1}