{"mActivityList":[{"mActiveTime":600000,"mActiveTimeType":2,"mCalorie":60.53,"mCategory":204,"mDetailInfoId":"92e44ff8-1782-fdc0-5d98-a535dc778bf3","mDistance":0.0,"mDuration":600000,"mEndTime":47150110,"mStartTime":46550110,"mType":11007},{"mActiveTime":600000,"mActiveTimeType":2,"mCalorie":79.0,"mCategory":204,"mDetailInfoId":"0395ab87-7ab2-099e-c405-ecc633ca643c","mDistance":0.0,"mDuration":600000,"mEndTime":70833377,"mStartTime":70233377,"mType":0},{"mActiveTime":600000,"mActiveTimeType":2,"mCalorie":55.83,"mCategory":204,"mDetailInfoId":"05a31a6b-671f-1df4-5366-0edf055a0849","mDistance":0.0,"mDuration":600000,"mEndTime":71446237,"mStartTime":70846237,"mType":11007}],"mAdaptiveGoal":0,"mIsGoalAchieved":false,"mIsMostActiveAchieved":false,"mMostActiveMinutes":0,"mStreakDayCount":0,"mUnitDataList":[{"distance":10.28,"mCalorie":0.72,"mOthersTime":0,"mRunTime":800,"mStartTime":7800000,"mTimeUnit":600000,"mWalkTime":7337,"runStep":2,"walkStep":11},{"distance":9.11,"mCalorie":0.42,"mOthersTime":0,"mRunTime":0,"mStartTime":22800000,"mTimeUnit":600000,"mWalkTime":7337,"runStep":0,"walkStep":11},{"distance":23.7,"mCalorie":1.21,"mOthersTime":0,"mRunTime":0,"mStartTime":23400000,"mTimeUnit":600000,"mWalkTime":20010,"runStep":0,"walkStep":30},{"distance":50.3,"mCalorie":2.6399999,"mOthersTime":0,"mRunTime":0,"mStartTime":28200000,"mTimeUnit":600000,"mWalkTime":45356,"runStep":0,"walkStep":68},{"distance":11.11,"mCalorie":0.68,"mOthersTime":0,"mRunTime":800,"mStartTime":28800000,"mTimeUnit":600000,"mWalkTime":6670,"runStep":2,"walkStep":10},{"distance":32.43,"mCalorie":1.83,"mOthersTime":0,"mRunTime":3600,"mStartTime":30000000,"mTimeUnit":600000,"mWalkTime":18009,"runStep":9,"walkStep":27},{"distance":102.74999,"mCalorie":5.05,"mOthersTime":0,"mRunTime":1200,"mStartTime":30600000,"mTimeUnit":600000,"mWalkTime":86710,"runStep":3,"walkStep":130},{"distance":95.01001,"mCalorie":4.7800007,"mOthersTime":0,"mRunTime":0,"mStartTime":31200000,"mTimeUnit":600000,"mWalkTime":83375,"runStep":0,"walkStep":125},{"distance":489.43,"mCalorie":24.64,"mOthersTime":0,"mRunTime":400,"mStartTime":31800000,"mTimeUnit":600000,"mWalkTime":420727,"runStep":1,"walkStep":657},{"distance":177.59,"mCalorie":8.98,"mOthersTime":0,"mRunTime":0,"mStartTime":32400000,"mTimeUnit":600000,"mWalkTime":158049,"runStep":0,"walkStep":243},{"distance":77.18,"mCalorie":4.2400002,"mOthersTime":0,"mRunTime":0,"mStartTime":33600000,"mTimeUnit":600000,"mWalkTime":72036,"runStep":0,"walkStep":108},{"distance":99.700005,"mCalorie":5.44,"mOthersTime":0,"mRunTime":0,"mStartTime":34200000,"mTimeUnit":600000,"mWalkTime":93380,"runStep":0,"walkStep":140},{"distance":467.09,"mCalorie":23.779999,"mOthersTime":0,"mRunTime":0,"mStartTime":34800000,"mTimeUnit":600000,"mWalkTime":410782,"runStep":0,"walkStep":642},{"distance":25.94,"mCalorie":1.22,"mOthersTime":0,"mRunTime":0,"mStartTime":35400000,"mTimeUnit":600000,"mWalkTime":22678,"runStep":0,"walkStep":34},{"distance":71.46,"mCalorie":3.72,"mOthersTime":0,"mRunTime":0,"mStartTime":36000000,"mTimeUnit":600000,"mWalkTime":66033,"runStep":0,"walkStep":99},{"distance":5.2299995,"mCalorie":0.25,"mOthersTime":0,"mRunTime":0,"mStartTime":37200000,"mTimeUnit":600000,"mWalkTime":4669,"runStep":0,"walkStep":7},{"distance":5.79,"mCalorie":0.29999998,"mOthersTime":0,"mRunTime":0,"mStartTime":39000000,"mTimeUnit":600000,"mWalkTime":5336,"runStep":0,"walkStep":8},{"distance":96.06,"mCalorie":5.1099997,"mOthersTime":0,"mRunTime":0,"mStartTime":40200000,"mTimeUnit":600000,"mWalkTime":96048,"runStep":0,"walkStep":144},{"distance":400.61002,"mCalorie":21.769999,"mOthersTime":0,"mRunTime":0,"mStartTime":40800000,"mTimeUnit":600000,"mWalkTime":348721,"runStep":0,"walkStep":552},{"distance":393.96,"mCalorie":20.36,"mOthersTime":0,"mRunTime":0,"mStartTime":41400000,"mTimeUnit":600000,"mWalkTime":329408,"runStep":0,"walkStep":529},{"distance":244.20999,"mCalorie":13.490001,"mOthersTime":0,"mRunTime":0,"mStartTime":42000000,"mTimeUnit":600000,"mWalkTime":217412,"runStep":0,"walkStep":344},{"distance":41.52,"mCalorie":2.13,"mOthersTime":0,"mRunTime":0,"mStartTime":42600000,"mTimeUnit":600000,"mWalkTime":38019,"runStep":0,"walkStep":57},{"distance":8.56,"mCalorie":0.51,"mOthersTime":0,"mRunTime":0,"mStartTime":44400000,"mTimeUnit":600000,"mWalkTime":8004,"runStep":0,"walkStep":12},{"distance":35.0,"mCalorie":1.7299999,"mOthersTime":0,"mRunTime":2400,"mStartTime":45600000,"mTimeUnit":600000,"mWalkTime":24679,"runStep":6,"walkStep":37},{"distance":135.07095,"mCalorie":33.08776,"mOthersTime":249890,"mRunTime":800,"mStartTime":46200000,"mTimeUnit":600000,"mWalkTime":124795,"runStep":2,"walkStep":408},{"distance":126.20276,"mCalorie":41.77674,"mOthersTime":350110,"mRunTime":0,"mStartTime":46800000,"mTimeUnit":600000,"mWalkTime":113968,"runStep":0,"walkStep":292},{"distance":179.77002,"mCalorie":9.16,"mOthersTime":0,"mRunTime":0,"mStartTime":47400000,"mTimeUnit":600000,"mWalkTime":161414,"runStep":0,"walkStep":242},{"distance":72.71,"mCalorie":3.83,"mOthersTime":0,"mRunTime":0,"mStartTime":48000000,"mTimeUnit":600000,"mWalkTime":66033,"runStep":0,"walkStep":99},{"distance":103.3,"mCalorie":5.5,"mOthersTime":0,"mRunTime":0,"mStartTime":49200000,"mTimeUnit":600000,"mWalkTime":95381,"runStep":0,"walkStep":143},{"distance":129.73999,"mCalorie":6.76,"mOthersTime":0,"mRunTime":0,"mStartTime":49800000,"mTimeUnit":600000,"mWalkTime":118726,"runStep":0,"walkStep":178},{"distance":199.05,"mCalorie":9.93,"mOthersTime":0,"mRunTime":0,"mStartTime":50400000,"mTimeUnit":600000,"mWalkTime":182758,"runStep":0,"walkStep":274},{"distance":124.06,"mCalorie":7.5299997,"mOthersTime":0,"mRunTime":0,"mStartTime":51000000,"mTimeUnit":600000,"mWalkTime":119393,"runStep":0,"walkStep":179},{"distance":97.35,"mCalorie":5.29,"mOthersTime":0,"mRunTime":0,"mStartTime":51600000,"mTimeUnit":600000,"mWalkTime":94047,"runStep":0,"walkStep":141},{"distance":65.12,"mCalorie":3.7,"mOthersTime":0,"mRunTime":0,"mStartTime":52200000,"mTimeUnit":600000,"mWalkTime":61364,"runStep":0,"walkStep":92},{"distance":133.01999,"mCalorie":7.6899996,"mOthersTime":0,"mRunTime":0,"mStartTime":52800000,"mTimeUnit":600000,"mWalkTime":126063,"runStep":0,"walkStep":189},{"distance":71.200005,"mCalorie":3.31,"mOthersTime":0,"mRunTime":0,"mStartTime":53400000,"mTimeUnit":600000,"mWalkTime":63365,"runStep":0,"walkStep":95},{"distance":75.13,"mCalorie":3.94,"mOthersTime":0,"mRunTime":0,"mStartTime":54000000,"mTimeUnit":600000,"mWalkTime":70035,"runStep":0,"walkStep":105},{"distance":107.09,"mCalorie":5.36,"mOthersTime":0,"mRunTime":0,"mStartTime":54600000,"mTimeUnit":600000,"mWalkTime":100050,"runStep":0,"walkStep":150},{"distance":8.89,"mCalorie":0.48,"mOthersTime":0,"mRunTime":0,"mStartTime":56400000,"mTimeUnit":600000,"mWalkTime":8671,"runStep":0,"walkStep":13},{"distance":8.99,"mCalorie":0.41,"mOthersTime":0,"mRunTime":0,"mStartTime":58800000,"mTimeUnit":600000,"mWalkTime":8004,"runStep":0,"walkStep":12},{"distance":30.849998,"mCalorie":2.1599998,"mOthersTime":0,"mRunTime":3200,"mStartTime":59400000,"mTimeUnit":600000,"mWalkTime":18676,"runStep":8,"walkStep":28},{"distance":68.04,"mCalorie":4.08,"mOthersTime":0,"mRunTime":1200,"mStartTime":60600000,"mTimeUnit":600000,"mWalkTime":59363,"runStep":3,"walkStep":89},{"distance":43.04,"mCalorie":2.15,"mOthersTime":0,"mRunTime":0,"mStartTime":61200000,"mTimeUnit":600000,"mWalkTime":38019,"runStep":0,"walkStep":57},{"distance":253.80998,"mCalorie":14.880001,"mOthersTime":0,"mRunTime":0,"mStartTime":61800000,"mTimeUnit":600000,"mWalkTime":242121,"runStep":0,"walkStep":363},{"distance":165.43001,"mCalorie":9.55,"mOthersTime":0,"mRunTime":0,"mStartTime":62400000,"mTimeUnit":600000,"mWalkTime":152743,"runStep":0,"walkStep":229},{"distance":33.34,"mCalorie":1.6800001,"mOthersTime":0,"mRunTime":0,"mStartTime":63000000,"mTimeUnit":600000,"mWalkTime":30015,"runStep":0,"walkStep":45},{"distance":65.810005,"mCalorie":3.35,"mOthersTime":0,"mRunTime":0,"mStartTime":64200000,"mTimeUnit":600000,"mWalkTime":58696,"runStep":0,"walkStep":88},{"distance":153.75,"mCalorie":14.950001,"mOthersTime":0,"mRunTime":0,"mStartTime":64800000,"mTimeUnit":600000,"mWalkTime":159413,"runStep":0,"walkStep":239},{"distance":88.90001,"mCalorie":4.76,"mOthersTime":0,"mRunTime":0,"mStartTime":65400000,"mTimeUnit":600000,"mWalkTime":81374,"runStep":0,"walkStep":122},{"distance":43.18,"mCalorie":2.07,"mOthersTime":0,"mRunTime":0,"mStartTime":66000000,"mTimeUnit":600000,"mWalkTime":39353,"runStep":0,"walkStep":59},{"distance":7.45,"mCalorie":0.46,"mOthersTime":0,"mRunTime":0,"mStartTime":66600000,"mTimeUnit":600000,"mWalkTime":7337,"runStep":0,"walkStep":11},{"distance":11.52,"mCalorie":0.52,"mOthersTime":0,"mRunTime":0,"mStartTime":67200000,"mTimeUnit":600000,"mWalkTime":10672,"runStep":0,"walkStep":16},{"distance":16.74,"mCalorie":0.93,"mOthersTime":0,"mRunTime":0,"mStartTime":67800000,"mTimeUnit":600000,"mWalkTime":14007,"runStep":0,"walkStep":21},{"distance":10.49,"mCalorie":0.53,"mOthersTime":0,"mRunTime":0,"mStartTime":68400000,"mTimeUnit":600000,"mWalkTime":10005,"runStep":0,"walkStep":15},{"distance":99.380005,"mCalorie":4.8199997,"mOthersTime":0,"mRunTime":0,"mStartTime":69000000,"mTimeUnit":600000,"mWalkTime":88711,"runStep":0,"walkStep":133},{"distance":81.58,"mCalorie":4.1,"mOthersTime":0,"mRunTime":800,"mStartTime":69600000,"mTimeUnit":600000,"mWalkTime":70702,"runStep":2,"walkStep":106},{"distance":8.194054,"mCalorie":74.96138,"mOthersTime":566623,"mRunTime":0,"mStartTime":70200000,"mTimeUnit":600000,"mWalkTime":7049,"runStep":7,"walkStep":236},{"distance":7.96034,"mCalorie":56.372387,"mOthersTime":587140,"mRunTime":0,"mStartTime":70800000,"mTimeUnit":600000,"mWalkTime":7576,"runStep":0,"walkStep":419},{"distance":109.14187,"mCalorie":9.778694,"mOthersTime":46237,"mRunTime":0,"mStartTime":71400000,"mTimeUnit":600000,"mWalkTime":99884,"runStep":0,"walkStep":159},{"distance":11.75,"mCalorie":0.74,"mOthersTime":0,"mRunTime":0,"mStartTime":72000000,"mTimeUnit":600000,"mWalkTime":11339,"runStep":0,"walkStep":17},{"distance":8.6,"mCalorie":0.45,"mOthersTime":0,"mRunTime":0,"mStartTime":72600000,"mTimeUnit":600000,"mWalkTime":8004,"runStep":0,"walkStep":12},{"distance":26.77,"mCalorie":1.5,"mOthersTime":0,"mRunTime":1600,"mStartTime":76200000,"mTimeUnit":600000,"mWalkTime":19343,"runStep":4,"walkStep":29},{"distance":249.1,"mCalorie":14.029999,"mOthersTime":0,"mRunTime":0,"mStartTime":80400000,"mTimeUnit":600000,"mWalkTime":234784,"runStep":0,"walkStep":352},{"distance":144.45999,"mCalorie":7.64,"mOthersTime":0,"mRunTime":0,"mStartTime":81000000,"mTimeUnit":600000,"mWalkTime":132733,"runStep":0,"walkStep":199},{"distance":59.190002,"mCalorie":3.21,"mOthersTime":0,"mRunTime":0,"mStartTime":81600000,"mTimeUnit":600000,"mWalkTime":55361,"runStep":0,"walkStep":83},{"distance":22.349998,"mCalorie":0.98,"mOthersTime":0,"mRunTime":0,"mStartTime":83400000,"mTimeUnit":600000,"mWalkTime":19343,"runStep":0,"walkStep":29},{"distance":182.13,"mCalorie":9.6,"mOthersTime":0,"mRunTime":0,"mStartTime":84000000,"mTimeUnit":600000,"mWalkTime":154744,"runStep":0,"walkStep":232},{"distance":96.34999,"mCalorie":5.11,"mOthersTime":0,"mRunTime":800,"mStartTime":84600000,"mTimeUnit":600000,"mWalkTime":84709,"runStep":2,"walkStep":127},{"distance":38.809998,"mCalorie":2.44,"mOthersTime":0,"mRunTime":4000,"mStartTime":85200000,"mTimeUnit":600000,"mWalkTime":24012,"runStep":10,"walkStep":36}],"version":1}