{"mActivityList":[{"mActiveTime":2344839,"mActiveTimeType":0,"mCalorie":183.0,"mCategory":204,"mDetailInfoId":"ae742e4d-a2db-d6b9-1b1e-4b9a6515f776","mDistance":2828.829,"mDuration":2344839,"mEndTime":37241012,"mStartTime":34896173,"mType":1001},{"mActiveTime":1339824,"mActiveTimeType":0,"mCalorie":104.0,"mCategory":204,"mDetailInfoId":"b83249c8-76fd-323f-bf09-8f03b8720f59","mDistance":1663.973,"mDuration":1339824,"mEndTime":41328453,"mStartTime":39988629,"mType":1001}],"mAdaptiveGoal":0,"mIsGoalAchieved":false,"mIsMostActiveAchieved":false,"mMostActiveMinutes":0,"mStreakDayCount":0,"mUnitDataList":[{"distance":7.53,"mCalorie":0.4,"mOthersTime":0,"mRunTime":0,"mStartTime":7200000,"mTimeUnit":600000,"mWalkTime":7337,"runStep":0,"walkStep":11},{"distance":38.079002,"mCalorie":1.99,"mOthersTime":0,"mRunTime":0,"mStartTime":10800000,"mTimeUnit":600000,"mWalkTime":34017,"runStep":0,"walkStep":51},{"distance":16.41,"mCalorie":0.69,"mOthersTime":0,"mRunTime":0,"mStartTime":11400000,"mTimeUnit":600000,"mWalkTime":14007,"runStep":0,"walkStep":21},{"distance":12.37,"mCalorie":0.46,"mOthersTime":0,"mRunTime":0,"mStartTime":13200000,"mTimeUnit":600000,"mWalkTime":10005,"runStep":0,"walkStep":15},{"distance":18.04,"mCalorie":1.2,"mOthersTime":0,"mRunTime":0,"mStartTime":13800000,"mTimeUnit":600000,"mWalkTime":14674,"runStep":0,"walkStep":22},{"distance":40.34,"mCalorie":1.86,"mOthersTime":0,"mRunTime":0,"mStartTime":16200000,"mTimeUnit":600000,"mWalkTime":36018,"runStep":0,"walkStep":54},{"distance":43.92,"mCalorie":2.3,"mOthersTime":0,"mRunTime":0,"mStartTime":17400000,"mTimeUnit":600000,"mWalkTime":38686,"runStep":0,"walkStep":58},{"distance":11.44,"mCalorie":0.52,"mOthersTime":0,"mRunTime":0,"mStartTime":23400000,"mTimeUnit":600000,"mWalkTime":10005,"runStep":0,"walkStep":15},{"distance":9.47,"mCalorie":0.42,"mOthersTime":0,"mRunTime":0,"mStartTime":33600000,"mTimeUnit":600000,"mWalkTime":8004,"runStep":0,"walkStep":12},{"distance":118.21001,"mCalorie":6.1500006,"mOthersTime":0,"mRunTime":0,"mStartTime":34200000,"mTimeUnit":600000,"mWalkTime":110055,"runStep":0,"walkStep":165},{"distance":653.0081,"mCalorie":41.854393,"mOthersTime":0,"mRunTime":0,"mStartTime":34800000,"mTimeUnit":600000,"mWalkTime":545532,"runStep":0,"walkStep":852},{"distance":723.84393,"mCalorie":46.82624,"mOthersTime":0,"mRunTime":0,"mStartTime":35400000,"mTimeUnit":600000,"mWalkTime":600000,"runStep":0,"walkStep":1081},{"distance":723.84393,"mCalorie":46.82624,"mOthersTime":0,"mRunTime":0,"mStartTime":36000000,"mTimeUnit":600000,"mWalkTime":600000,"runStep":0,"walkStep":1035},{"distance":723.84393,"mCalorie":46.82624,"mOthersTime":0,"mRunTime":0,"mStartTime":36600000,"mTimeUnit":600000,"mWalkTime":600000,"runStep":0,"walkStep":1020},{"distance":71.82928,"mCalorie":4.3952923,"mOthersTime":0,"mRunTime":0,"mStartTime":37200000,"mTimeUnit":600000,"mWalkTime":61976,"runStep":0,"walkStep":41},{"distance":47.519997,"mCalorie":2.4099998,"mOthersTime":0,"mRunTime":0,"mStartTime":37800000,"mTimeUnit":600000,"mWalkTime":43355,"runStep":0,"walkStep":65},{"distance":37.46,"mCalorie":2.02,"mOthersTime":0,"mRunTime":0,"mStartTime":38400000,"mTimeUnit":600000,"mWalkTime":35351,"runStep":0,"walkStep":53},{"distance":78.082,"mCalorie":3.88,"mOthersTime":0,"mRunTime":0,"mStartTime":39000000,"mTimeUnit":600000,"mWalkTime":70035,"runStep":0,"walkStep":105},{"distance":316.6403,"mCalorie":19.188625,"mOthersTime":0,"mRunTime":0,"mStartTime":39600000,"mTimeUnit":600000,"mWalkTime":260891,"runStep":0,"walkStep":408},{"distance":745.1604,"mCalorie":46.57328,"mOthersTime":0,"mRunTime":0,"mStartTime":40200000,"mTimeUnit":600000,"mWalkTime":600000,"runStep":0,"walkStep":1073},{"distance":662.2505,"mCalorie":41.337196,"mOthersTime":0,"mRunTime":0,"mStartTime":40800000,"mTimeUnit":600000,"mWalkTime":533844,"runStep":0,"walkStep":869},{"distance":374.468,"mCalorie":18.289999,"mOthersTime":0,"mRunTime":0,"mStartTime":41400000,"mTimeUnit":600000,"mWalkTime":322768,"runStep":0,"walkStep":505},{"distance":98.64,"mCalorie":4.65,"mOthersTime":0,"mRunTime":0,"mStartTime":42000000,"mTimeUnit":600000,"mWalkTime":86043,"runStep":0,"walkStep":129},{"distance":268.34,"mCalorie":13.76,"mOthersTime":0,"mRunTime":0,"mStartTime":42600000,"mTimeUnit":600000,"mWalkTime":233420,"runStep":0,"walkStep":367},{"distance":21.06,"mCalorie":1.0899999,"mOthersTime":0,"mRunTime":0,"mStartTime":43200000,"mTimeUnit":600000,"mWalkTime":19343,"runStep":0,"walkStep":29},{"distance":28.52,"mCalorie":1.47,"mOthersTime":0,"mRunTime":0,"mStartTime":47400000,"mTimeUnit":600000,"mWalkTime":26013,"runStep":0,"walkStep":39},{"distance":30.844,"mCalorie":1.52,"mOthersTime":0,"mRunTime":0,"mStartTime":48000000,"mTimeUnit":600000,"mWalkTime":28681,"runStep":0,"walkStep":43},{"distance":22.87,"mCalorie":0.95000005,"mOthersTime":0,"mRunTime":0,"mStartTime":49200000,"mTimeUnit":600000,"mWalkTime":19343,"runStep":0,"walkStep":29},{"distance":14.49,"mCalorie":0.74,"mOthersTime":0,"mRunTime":0,"mStartTime":53400000,"mTimeUnit":600000,"mWalkTime":13340,"runStep":0,"walkStep":20},{"distance":6.76,"mCalorie":0.46,"mOthersTime":0,"mRunTime":0,"mStartTime":54000000,"mTimeUnit":600000,"mWalkTime":6670,"runStep":0,"walkStep":10},{"distance":44.89,"mCalorie":2.32,"mOthersTime":0,"mRunTime":0,"mStartTime":55200000,"mTimeUnit":600000,"mWalkTime":42021,"runStep":0,"walkStep":63},{"distance":6.16,"mCalorie":0.28,"mOthersTime":0,"mRunTime":0,"mStartTime":60600000,"mTimeUnit":600000,"mWalkTime":5336,"runStep":0,"walkStep":8},{"distance":25.029,"mCalorie":1.2,"mOthersTime":0,"mRunTime":0,"mStartTime":62400000,"mTimeUnit":600000,"mWalkTime":22678,"runStep":0,"walkStep":34},{"distance":40.350998,"mCalorie":1.9100001,"mOthersTime":0,"mRunTime":0,"mStartTime":63000000,"mTimeUnit":600000,"mWalkTime":36018,"runStep":0,"walkStep":54},{"distance":8.16,"mCalorie":0.47,"mOthersTime":0,"mRunTime":0,"mStartTime":64200000,"mTimeUnit":600000,"mWalkTime":8004,"runStep":0,"walkStep":12},{"distance":51.131004,"mCalorie":2.35,"mOthersTime":0,"mRunTime":400,"mStartTime":69600000,"mTimeUnit":600000,"mWalkTime":42688,"runStep":1,"walkStep":64},{"distance":48.931,"mCalorie":2.43,"mOthersTime":0,"mRunTime":0,"mStartTime":73200000,"mTimeUnit":600000,"mWalkTime":44689,"runStep":0,"walkStep":67},{"distance":6.76,"mCalorie":0.39,"mOthersTime":0,"mRunTime":0,"mStartTime":73800000,"mTimeUnit":600000,"mWalkTime":6670,"runStep":0,"walkStep":10},{"distance":16.900002,"mCalorie":0.90999997,"mOthersTime":0,"mRunTime":0,"mStartTime":75000000,"mTimeUnit":600000,"mWalkTime":16008,"runStep":0,"walkStep":24},{"distance":80.47,"mCalorie":4.18,"mOthersTime":0,"mRunTime":400,"mStartTime":75600000,"mTimeUnit":600000,"mWalkTime":71369,"runStep":1,"walkStep":107},{"distance":14.66,"mCalorie":0.78,"mOthersTime":0,"mRunTime":0,"mStartTime":76200000,"mTimeUnit":600000,"mWalkTime":13340,"runStep":0,"walkStep":20},{"distance":66.262,"mCalorie":3.4,"mOthersTime":0,"mRunTime":2800,"mStartTime":76800000,"mTimeUnit":600000,"mWalkTime":57362,"runStep":7,"walkStep":86},{"distance":19.09,"mCalorie":0.86,"mOthersTime":0,"mRunTime":0,"mStartTime":80400000,"mTimeUnit":600000,"mWalkTime":16675,"runStep":0,"walkStep":25},{"distance":47.9,"mCalorie":2.19,"mOthersTime":0,"mRunTime":0,"mStartTime":81000000,"mTimeUnit":600000,"mWalkTime":43355,"runStep":0,"walkStep":65},{"distance":10.68,"mCalorie":0.39,"mOthersTime":0,"mRunTime":0,"mStartTime":83400000,"mTimeUnit":600000,"mWalkTime":8671,"runStep":0,"walkStep":13},{"distance":104.74,"mCalorie":5.63,"mOthersTime":0,"mRunTime":5200,"mStartTime":84000000,"mTimeUnit":600000,"mWalkTime":80707,"runStep":13,"walkStep":121}],"version":1}