{"mActivityList":[{"mActiveTime":1462718,"mActiveTimeType":0,"mCalorie":135.0,"mCategory":204,"mDetailInfoId":"7c4da916-2631-c25d-04ea-16712d28e002","mDistance":1831.792,"mDuration":1462718,"mEndTime":37024334,"mStartTime":35561616,"mType":1001},{"mActiveTime":1503191,"mActiveTimeType":0,"mCalorie":158.0,"mCategory":204,"mDetailInfoId":"b58208ef-29ac-4f07-34b1-30c76eb0e611","mDistance":1798.606,"mDuration":1503191,"mEndTime":38760146,"mStartTime":37256955,"mType":1001},{"mActiveTime":1446018,"mActiveTimeType":0,"mCalorie":127.0,"mCategory":204,"mDetailInfoId":"c7b5a263-95cb-43f4-4b35-3c97a8f6ae2c","mDistance":1841.459,"mDuration":1446018,"mEndTime":72363868,"mStartTime":70917850,"mType":1001}],"mAdaptiveGoal":0,"mIsGoalAchieved":true,"mIsMostActiveAchieved":true,"mMostActiveMinutes":129,"mStreakDayCount":0,"mUnitDataList":[{"distance":7.38,"mCalorie":0.35,"mOthersTime":0,"mRunTime":0,"mStartTime":5400000,"mTimeUnit":600000,"mWalkTime":6670,"runStep":0,"walkStep":10},{"distance":8.45,"mCalorie":0.39,"mOthersTime":0,"mRunTime":0,"mStartTime":14400000,"mTimeUnit":600000,"mWalkTime":7337,"runStep":0,"walkStep":11},{"distance":8.39,"mCalorie":0.47,"mOthersTime":0,"mRunTime":0,"mStartTime":15000000,"mTimeUnit":600000,"mWalkTime":6670,"runStep":0,"walkStep":10},{"distance":21.201,"mCalorie":1.19,"mOthersTime":0,"mRunTime":1600,"mStartTime":15600000,"mTimeUnit":600000,"mWalkTime":14007,"runStep":4,"walkStep":21},{"distance":19.45,"mCalorie":0.87,"mOthersTime":0,"mRunTime":0,"mStartTime":19800000,"mTimeUnit":600000,"mWalkTime":16675,"runStep":0,"walkStep":25},{"distance":41.98,"mCalorie":2.05,"mOthersTime":0,"mRunTime":0,"mStartTime":20400000,"mTimeUnit":600000,"mWalkTime":34684,"runStep":0,"walkStep":52},{"distance":52.706997,"mCalorie":2.54,"mOthersTime":0,"mRunTime":0,"mStartTime":21600000,"mTimeUnit":600000,"mWalkTime":46690,"runStep":0,"walkStep":70},{"distance":25.13,"mCalorie":1.03,"mOthersTime":0,"mRunTime":0,"mStartTime":28200000,"mTimeUnit":600000,"mWalkTime":21344,"runStep":0,"walkStep":32},{"distance":40.0,"mCalorie":1.94,"mOthersTime":0,"mRunTime":0,"mStartTime":32400000,"mTimeUnit":600000,"mWalkTime":35351,"runStep":0,"walkStep":53},{"distance":38.52,"mCalorie":2.02,"mOthersTime":0,"mRunTime":0,"mStartTime":34200000,"mTimeUnit":600000,"mWalkTime":36018,"runStep":0,"walkStep":54},{"distance":81.109,"mCalorie":4.27,"mOthersTime":0,"mRunTime":4000,"mStartTime":34800000,"mTimeUnit":600000,"mWalkTime":62031,"runStep":10,"walkStep":93},{"distance":571.2203,"mCalorie":41.701725,"mOthersTime":0,"mRunTime":0,"mStartTime":35400000,"mTimeUnit":600000,"mWalkTime":459201,"runStep":0,"walkStep":777},{"distance":751.3924,"mCalorie":55.37636,"mOthersTime":0,"mRunTime":0,"mStartTime":36000000,"mTimeUnit":600000,"mWalkTime":600000,"runStep":0,"walkStep":1096},{"distance":554.8522,"mCalorie":40.42345,"mOthersTime":0,"mRunTime":0,"mStartTime":36600000,"mTimeUnit":600000,"mWalkTime":446344,"runStep":0,"walkStep":682},{"distance":681.1778,"mCalorie":58.712025,"mOthersTime":0,"mRunTime":0,"mStartTime":37200000,"mTimeUnit":600000,"mWalkTime":571536,"runStep":0,"walkStep":977},{"distance":717.91516,"mCalorie":63.065838,"mOthersTime":0,"mRunTime":0,"mStartTime":37800000,"mTimeUnit":600000,"mWalkTime":600000,"runStep":0,"walkStep":1048},{"distance":474.8838,"mCalorie":40.764847,"mOthersTime":0,"mRunTime":0,"mStartTime":38400000,"mTimeUnit":600000,"mWalkTime":403501,"runStep":0,"walkStep":572},{"distance":39.869995,"mCalorie":2.06,"mOthersTime":0,"mRunTime":0,"mStartTime":39600000,"mTimeUnit":600000,"mWalkTime":36685,"runStep":0,"walkStep":55},{"distance":279.49,"mCalorie":16.0,"mOthersTime":0,"mRunTime":0,"mStartTime":40200000,"mTimeUnit":600000,"mWalkTime":266800,"runStep":0,"walkStep":400},{"distance":207.65,"mCalorie":11.06,"mOthersTime":0,"mRunTime":0,"mStartTime":40800000,"mTimeUnit":600000,"mWalkTime":189428,"runStep":0,"walkStep":284},{"distance":96.37999,"mCalorie":5.15,"mOthersTime":0,"mRunTime":0,"mStartTime":41400000,"mTimeUnit":600000,"mWalkTime":88711,"runStep":0,"walkStep":133},{"distance":39.940002,"mCalorie":2.05,"mOthersTime":0,"mRunTime":0,"mStartTime":42000000,"mTimeUnit":600000,"mWalkTime":36685,"runStep":0,"walkStep":55},{"distance":352.191,"mCalorie":18.959002,"mOthersTime":0,"mRunTime":0,"mStartTime":42600000,"mTimeUnit":600000,"mWalkTime":332833,"runStep":0,"walkStep":499},{"distance":27.259998,"mCalorie":1.29,"mOthersTime":0,"mRunTime":0,"mStartTime":43200000,"mTimeUnit":600000,"mWalkTime":24012,"runStep":0,"walkStep":36},{"distance":158.69699,"mCalorie":7.911,"mOthersTime":0,"mRunTime":7200,"mStartTime":43800000,"mTimeUnit":600000,"mWalkTime":125396,"runStep":18,"walkStep":188},{"distance":92.08,"mCalorie":4.76,"mOthersTime":0,"mRunTime":0,"mStartTime":44400000,"mTimeUnit":600000,"mWalkTime":84042,"runStep":0,"walkStep":126},{"distance":8.47,"mCalorie":0.45,"mOthersTime":0,"mRunTime":0,"mStartTime":45000000,"mTimeUnit":600000,"mWalkTime":8004,"runStep":0,"walkStep":12},{"distance":12.81,"mCalorie":0.68,"mOthersTime":0,"mRunTime":0,"mStartTime":45600000,"mTimeUnit":600000,"mWalkTime":12673,"runStep":0,"walkStep":19},{"distance":8.44,"mCalorie":0.42,"mOthersTime":0,"mRunTime":0,"mStartTime":46200000,"mTimeUnit":600000,"mWalkTime":8004,"runStep":0,"walkStep":12},{"distance":27.8,"mCalorie":1.22,"mOthersTime":0,"mRunTime":0,"mStartTime":46800000,"mTimeUnit":600000,"mWalkTime":23345,"runStep":0,"walkStep":35},{"distance":23.309,"mCalorie":1.33,"mOthersTime":0,"mRunTime":0,"mStartTime":47400000,"mTimeUnit":600000,"mWalkTime":22011,"runStep":0,"walkStep":33},{"distance":48.46,"mCalorie":2.29,"mOthersTime":0,"mRunTime":0,"mStartTime":48000000,"mTimeUnit":600000,"mWalkTime":44022,"runStep":0,"walkStep":66},{"distance":35.519997,"mCalorie":1.8399997,"mOthersTime":0,"mRunTime":0,"mStartTime":49200000,"mTimeUnit":600000,"mWalkTime":32683,"runStep":0,"walkStep":49},{"distance":49.510002,"mCalorie":2.62,"mOthersTime":0,"mRunTime":0,"mStartTime":50400000,"mTimeUnit":600000,"mWalkTime":46023,"runStep":0,"walkStep":69},{"distance":465.99002,"mCalorie":24.75,"mOthersTime":0,"mRunTime":0,"mStartTime":51000000,"mTimeUnit":600000,"mWalkTime":398716,"runStep":0,"walkStep":633},{"distance":117.03999,"mCalorie":6.48,"mOthersTime":0,"mRunTime":1200,"mStartTime":51600000,"mTimeUnit":600000,"mWalkTime":102718,"runStep":3,"walkStep":154},{"distance":487.58,"mCalorie":25.279999,"mOthersTime":0,"mRunTime":0,"mStartTime":52200000,"mTimeUnit":600000,"mWalkTime":397382,"runStep":0,"walkStep":659},{"distance":109.68,"mCalorie":5.55,"mOthersTime":0,"mRunTime":0,"mStartTime":52800000,"mTimeUnit":600000,"mWalkTime":99383,"runStep":0,"walkStep":149},{"distance":9.21,"mCalorie":0.5,"mOthersTime":0,"mRunTime":0,"mStartTime":53400000,"mTimeUnit":600000,"mWalkTime":8671,"runStep":0,"walkStep":13},{"distance":7.59,"mCalorie":0.33,"mOthersTime":0,"mRunTime":0,"mStartTime":55200000,"mTimeUnit":600000,"mWalkTime":6670,"runStep":0,"walkStep":10},{"distance":30.16,"mCalorie":1.48,"mOthersTime":0,"mRunTime":0,"mStartTime":55800000,"mTimeUnit":600000,"mWalkTime":26013,"runStep":0,"walkStep":39},{"distance":18.18,"mCalorie":1.0999999,"mOthersTime":0,"mRunTime":0,"mStartTime":56400000,"mTimeUnit":600000,"mWalkTime":17342,"runStep":0,"walkStep":26},{"distance":5.61,"mCalorie":0.3,"mOthersTime":0,"mRunTime":0,"mStartTime":57000000,"mTimeUnit":600000,"mWalkTime":5336,"runStep":0,"walkStep":8},{"distance":15.11,"mCalorie":0.78,"mOthersTime":0,"mRunTime":0,"mStartTime":59400000,"mTimeUnit":600000,"mWalkTime":14007,"runStep":0,"walkStep":21},{"distance":35.629997,"mCalorie":1.75,"mOthersTime":0,"mRunTime":0,"mStartTime":60000000,"mTimeUnit":600000,"mWalkTime":32016,"runStep":0,"walkStep":48},{"distance":66.831,"mCalorie":3.29,"mOthersTime":0,"mRunTime":1200,"mStartTime":61800000,"mTimeUnit":600000,"mWalkTime":56028,"runStep":3,"walkStep":84},{"distance":33.2,"mCalorie":1.44,"mOthersTime":0,"mRunTime":0,"mStartTime":62400000,"mTimeUnit":600000,"mWalkTime":25346,"runStep":0,"walkStep":38},{"distance":28.080002,"mCalorie":1.4499999,"mOthersTime":0,"mRunTime":0,"mStartTime":63600000,"mTimeUnit":600000,"mWalkTime":24679,"runStep":0,"walkStep":37},{"distance":25.98,"mCalorie":1.48,"mOthersTime":0,"mRunTime":2400,"mStartTime":65400000,"mTimeUnit":600000,"mWalkTime":16675,"runStep":6,"walkStep":25},{"distance":7.88,"mCalorie":0.42,"mOthersTime":0,"mRunTime":0,"mStartTime":67200000,"mTimeUnit":600000,"mWalkTime":7337,"runStep":0,"walkStep":11},{"distance":8.76,"mCalorie":0.47,"mOthersTime":0,"mRunTime":0,"mStartTime":67800000,"mTimeUnit":600000,"mWalkTime":8004,"runStep":0,"walkStep":12},{"distance":15.63,"mCalorie":0.78,"mOthersTime":0,"mRunTime":0,"mStartTime":69000000,"mTimeUnit":600000,"mWalkTime":14674,"runStep":0,"walkStep":22},{"distance":8.52,"mCalorie":0.44,"mOthersTime":0,"mRunTime":0,"mStartTime":69600000,"mTimeUnit":600000,"mWalkTime":8004,"runStep":0,"walkStep":12},{"distance":52.54,"mCalorie":2.68,"mOthersTime":0,"mRunTime":0,"mStartTime":70200000,"mTimeUnit":600000,"mWalkTime":48024,"runStep":0,"walkStep":72},{"distance":653.552,"mCalorie":44.23829,"mOthersTime":0,"mRunTime":0,"mStartTime":70800000,"mTimeUnit":600000,"mWalkTime":517116,"runStep":0,"walkStep":879},{"distance":764.08136,"mCalorie":52.69644,"mOthersTime":0,"mRunTime":0,"mStartTime":71400000,"mTimeUnit":600000,"mWalkTime":600000,"runStep":0,"walkStep":1110},{"distance":487.1624,"mCalorie":33.02824,"mOthersTime":0,"mRunTime":1200,"mStartTime":72000000,"mTimeUnit":600000,"mWalkTime":382200,"runStep":3,"walkStep":597},{"distance":17.44,"mCalorie":0.82,"mOthersTime":0,"mRunTime":0,"mStartTime":72600000,"mTimeUnit":600000,"mWalkTime":16008,"runStep":0,"walkStep":24},{"distance":16.73,"mCalorie":0.87,"mOthersTime":0,"mRunTime":0,"mStartTime":73200000,"mTimeUnit":600000,"mWalkTime":15341,"runStep":0,"walkStep":23},{"distance":25.36,"mCalorie":1.27,"mOthersTime":0,"mRunTime":0,"mStartTime":73800000,"mTimeUnit":600000,"mWalkTime":23345,"runStep":0,"walkStep":35},{"distance":49.9,"mCalorie":2.65,"mOthersTime":0,"mRunTime":0,"mStartTime":74400000,"mTimeUnit":600000,"mWalkTime":46023,"runStep":0,"walkStep":69},{"distance":8.46,"mCalorie":0.43,"mOthersTime":0,"mRunTime":0,"mStartTime":75000000,"mTimeUnit":600000,"mWalkTime":8004,"runStep":0,"walkStep":12},{"distance":18.16,"mCalorie":0.89,"mOthersTime":0,"mRunTime":0,"mStartTime":75600000,"mTimeUnit":600000,"mWalkTime":16675,"runStep":0,"walkStep":25},{"distance":7.02,"mCalorie":0.36,"mOthersTime":0,"mRunTime":0,"mStartTime":79800000,"mTimeUnit":600000,"mWalkTime":6670,"runStep":0,"walkStep":10},{"distance":7.6,"mCalorie":0.36,"mOthersTime":0,"mRunTime":0,"mStartTime":82800000,"mTimeUnit":600000,"mWalkTime":6670,"runStep":0,"walkStep":10},{"distance":40.162003,"mCalorie":1.72,"mOthersTime":0,"mRunTime":0,"mStartTime":83400000,"mTimeUnit":600000,"mWalkTime":35351,"runStep":0,"walkStep":53},{"distance":15.660999,"mCalorie":0.74,"mOthersTime":0,"mRunTime":0,"mStartTime":84600000,"mTimeUnit":600000,"mWalkTime":14007,"runStep":0,"walkStep":21}],"version":1}