{"mActivityList":[{"mActiveTime":1089196,"mActiveTimeType":0,"mCalorie":86.0,"mCategory":204,"mDetailInfoId":"ee43fbbf-0aa9-4df9-50d9-c425f602c129","mDistance":1017.953,"mDuration":1089196,"mEndTime":64590983,"mStartTime":63501787,"mType":1001}],"mAdaptiveGoal":0,"mIsGoalAchieved":false,"mIsMostActiveAchieved":false,"mMostActiveMinutes":0,"mStreakDayCount":0,"mUnitDataList":[{"distance":13.64,"mCalorie":0.68,"mOthersTime":0,"mRunTime":0,"mStartTime":6000000,"mTimeUnit":600000,"mWalkTime":12673,"runStep":0,"walkStep":19},{"distance":8.18,"mCalorie":0.46,"mOthersTime":0,"mRunTime":0,"mStartTime":6600000,"mTimeUnit":600000,"mWalkTime":6670,"runStep":0,"walkStep":10},{"distance":19.1,"mCalorie":1.05,"mOthersTime":0,"mRunTime":3600,"mStartTime":12000000,"mTimeUnit":600000,"mWalkTime":7337,"runStep":9,"walkStep":11},{"distance":68.42,"mCalorie":3.51,"mOthersTime":0,"mRunTime":1600,"mStartTime":19200000,"mTimeUnit":600000,"mWalkTime":56695,"runStep":4,"walkStep":85},{"distance":61.93,"mCalorie":3.24,"mOthersTime":0,"mRunTime":0,"mStartTime":19800000,"mTimeUnit":600000,"mWalkTime":56695,"runStep":0,"walkStep":85},{"distance":67.869995,"mCalorie":3.51,"mOthersTime":0,"mRunTime":0,"mStartTime":20400000,"mTimeUnit":600000,"mWalkTime":61364,"runStep":0,"walkStep":92},{"distance":10.13,"mCalorie":0.53,"mOthersTime":0,"mRunTime":0,"mStartTime":21600000,"mTimeUnit":600000,"mWalkTime":9338,"runStep":0,"walkStep":14},{"distance":7.64,"mCalorie":0.41,"mOthersTime":0,"mRunTime":0,"mStartTime":22200000,"mTimeUnit":600000,"mWalkTime":7337,"runStep":0,"walkStep":11},{"distance":49.629997,"mCalorie":2.57,"mOthersTime":0,"mRunTime":0,"mStartTime":22800000,"mTimeUnit":600000,"mWalkTime":45356,"runStep":0,"walkStep":68},{"distance":10.71,"mCalorie":0.53,"mOthersTime":0,"mRunTime":0,"mStartTime":23400000,"mTimeUnit":600000,"mWalkTime":10005,"runStep":0,"walkStep":15},{"distance":150.132,"mCalorie":7.56,"mOthersTime":0,"mRunTime":0,"mStartTime":24000000,"mTimeUnit":600000,"mWalkTime":139403,"runStep":0,"walkStep":209},{"distance":45.740997,"mCalorie":2.12,"mOthersTime":0,"mRunTime":0,"mStartTime":24600000,"mTimeUnit":600000,"mWalkTime":41354,"runStep":0,"walkStep":62},{"distance":20.19,"mCalorie":1.03,"mOthersTime":0,"mRunTime":0,"mStartTime":30000000,"mTimeUnit":600000,"mWalkTime":18676,"runStep":0,"walkStep":28},{"distance":34.869,"mCalorie":1.8,"mOthersTime":0,"mRunTime":0,"mStartTime":30600000,"mTimeUnit":600000,"mWalkTime":32016,"runStep":0,"walkStep":48},{"distance":45.9,"mCalorie":2.4,"mOthersTime":0,"mRunTime":0,"mStartTime":31800000,"mTimeUnit":600000,"mWalkTime":43355,"runStep":0,"walkStep":65},{"distance":9.59,"mCalorie":0.3,"mOthersTime":0,"mRunTime":0,"mStartTime":33600000,"mTimeUnit":600000,"mWalkTime":6670,"runStep":0,"walkStep":10},{"distance":8.47,"mCalorie":0.33,"mOthersTime":0,"mRunTime":0,"mStartTime":34200000,"mTimeUnit":600000,"mWalkTime":6670,"runStep":0,"walkStep":10},{"distance":19.24,"mCalorie":1.02,"mOthersTime":0,"mRunTime":400,"mStartTime":34800000,"mTimeUnit":600000,"mWalkTime":14674,"runStep":1,"walkStep":22},{"distance":10.080999,"mCalorie":0.52,"mOthersTime":0,"mRunTime":0,"mStartTime":36000000,"mTimeUnit":600000,"mWalkTime":9338,"runStep":0,"walkStep":14},{"distance":85.588,"mCalorie":3.88,"mOthersTime":0,"mRunTime":1200,"mStartTime":36600000,"mTimeUnit":600000,"mWalkTime":72036,"runStep":3,"walkStep":108},{"distance":7.41,"mCalorie":0.36,"mOthersTime":0,"mRunTime":0,"mStartTime":37200000,"mTimeUnit":600000,"mWalkTime":6670,"runStep":0,"walkStep":10},{"distance":5.62,"mCalorie":0.3,"mOthersTime":0,"mRunTime":0,"mStartTime":37800000,"mTimeUnit":600000,"mWalkTime":5336,"runStep":0,"walkStep":8},{"distance":16.84,"mCalorie":0.74,"mOthersTime":0,"mRunTime":0,"mStartTime":38400000,"mTimeUnit":600000,"mWalkTime":15341,"runStep":0,"walkStep":23},{"distance":25.86,"mCalorie":1.4399999,"mOthersTime":0,"mRunTime":0,"mStartTime":39000000,"mTimeUnit":600000,"mWalkTime":24679,"runStep":0,"walkStep":37},{"distance":26.251999,"mCalorie":1.14,"mOthersTime":0,"mRunTime":0,"mStartTime":39600000,"mTimeUnit":600000,"mWalkTime":23345,"runStep":0,"walkStep":35},{"distance":20.66,"mCalorie":0.99,"mOthersTime":0,"mRunTime":0,"mStartTime":40200000,"mTimeUnit":600000,"mWalkTime":18676,"runStep":0,"walkStep":28},{"distance":43.16,"mCalorie":2.3,"mOthersTime":0,"mRunTime":400,"mStartTime":40800000,"mTimeUnit":600000,"mWalkTime":37352,"runStep":1,"walkStep":56},{"distance":22.36,"mCalorie":1.0699999,"mOthersTime":0,"mRunTime":0,"mStartTime":41400000,"mTimeUnit":600000,"mWalkTime":20677,"runStep":0,"walkStep":31},{"distance":23.359999,"mCalorie":1.1700001,"mOthersTime":0,"mRunTime":0,"mStartTime":42000000,"mTimeUnit":600000,"mWalkTime":21344,"runStep":0,"walkStep":32},{"distance":23.279999,"mCalorie":1.24,"mOthersTime":0,"mRunTime":0,"mStartTime":42600000,"mTimeUnit":600000,"mWalkTime":22011,"runStep":0,"walkStep":33},{"distance":81.08,"mCalorie":4.05,"mOthersTime":0,"mRunTime":0,"mStartTime":43200000,"mTimeUnit":600000,"mWalkTime":72036,"runStep":0,"walkStep":108},{"distance":14.47,"mCalorie":0.78,"mOthersTime":0,"mRunTime":0,"mStartTime":43800000,"mTimeUnit":600000,"mWalkTime":14007,"runStep":0,"walkStep":21},{"distance":21.61,"mCalorie":1.01,"mOthersTime":0,"mRunTime":0,"mStartTime":44400000,"mTimeUnit":600000,"mWalkTime":18676,"runStep":0,"walkStep":28},{"distance":105.421005,"mCalorie":6.41,"mOthersTime":0,"mRunTime":16000,"mStartTime":45000000,"mTimeUnit":600000,"mWalkTime":57362,"runStep":40,"walkStep":86},{"distance":95.104004,"mCalorie":5.42,"mOthersTime":0,"mRunTime":6800,"mStartTime":45600000,"mTimeUnit":600000,"mWalkTime":70035,"runStep":17,"walkStep":105},{"distance":402.758,"mCalorie":20.79,"mOthersTime":0,"mRunTime":7600,"mStartTime":46200000,"mTimeUnit":600000,"mWalkTime":332803,"runStep":19,"walkStep":528},{"distance":238.69003,"mCalorie":12.0,"mOthersTime":0,"mRunTime":0,"mStartTime":46800000,"mTimeUnit":600000,"mWalkTime":212743,"runStep":0,"walkStep":321},{"distance":79.909996,"mCalorie":4.2200003,"mOthersTime":0,"mRunTime":0,"mStartTime":47400000,"mTimeUnit":600000,"mWalkTime":72703,"runStep":0,"walkStep":109},{"distance":153.7,"mCalorie":7.8,"mOthersTime":0,"mRunTime":0,"mStartTime":49200000,"mTimeUnit":600000,"mWalkTime":140070,"runStep":0,"walkStep":210},{"distance":291.04,"mCalorie":14.710001,"mOthersTime":0,"mRunTime":6000,"mStartTime":49800000,"mTimeUnit":600000,"mWalkTime":232116,"runStep":15,"walkStep":348},{"distance":292.55002,"mCalorie":14.179999,"mOthersTime":0,"mRunTime":2783,"mStartTime":50400000,"mTimeUnit":600000,"mWalkTime":236640,"runStep":9,"walkStep":380},{"distance":21.41,"mCalorie":1.18,"mOthersTime":0,"mRunTime":0,"mStartTime":51000000,"mTimeUnit":600000,"mWalkTime":20010,"runStep":0,"walkStep":30},{"distance":6.41,"mCalorie":0.34,"mOthersTime":0,"mRunTime":0,"mStartTime":51600000,"mTimeUnit":600000,"mWalkTime":6003,"runStep":0,"walkStep":9},{"distance":15.550001,"mCalorie":0.78999996,"mOthersTime":0,"mRunTime":0,"mStartTime":52200000,"mTimeUnit":600000,"mWalkTime":14007,"runStep":0,"walkStep":21},{"distance":27.42,"mCalorie":1.42,"mOthersTime":0,"mRunTime":0,"mStartTime":52800000,"mTimeUnit":600000,"mWalkTime":25346,"runStep":0,"walkStep":38},{"distance":4.26,"mCalorie":0.22,"mOthersTime":0,"mRunTime":0,"mStartTime":54000000,"mTimeUnit":600000,"mWalkTime":4002,"runStep":0,"walkStep":6},{"distance":123.749,"mCalorie":5.63,"mOthersTime":0,"mRunTime":0,"mStartTime":54600000,"mTimeUnit":600000,"mWalkTime":108721,"runStep":0,"walkStep":163},{"distance":9.81,"mCalorie":0.44,"mOthersTime":0,"mRunTime":0,"mStartTime":55200000,"mTimeUnit":600000,"mWalkTime":8671,"runStep":0,"walkStep":13},{"distance":8.07,"mCalorie":0.35,"mOthersTime":0,"mRunTime":0,"mStartTime":55800000,"mTimeUnit":600000,"mWalkTime":7337,"runStep":0,"walkStep":11},{"distance":88.06,"mCalorie":4.26,"mOthersTime":0,"mRunTime":0,"mStartTime":57000000,"mTimeUnit":600000,"mWalkTime":79373,"runStep":0,"walkStep":119},{"distance":216.37698,"mCalorie":11.72,"mOthersTime":0,"mRunTime":2400,"mStartTime":57600000,"mTimeUnit":600000,"mWalkTime":201434,"runStep":6,"walkStep":302},{"distance":89.581,"mCalorie":4.46,"mOthersTime":0,"mRunTime":0,"mStartTime":58200000,"mTimeUnit":600000,"mWalkTime":80707,"runStep":0,"walkStep":121},{"distance":161.319,"mCalorie":8.26,"mOthersTime":0,"mRunTime":0,"mStartTime":58800000,"mTimeUnit":600000,"mWalkTime":145406,"runStep":0,"walkStep":218},{"distance":58.279995,"mCalorie":3.03,"mOthersTime":0,"mRunTime":0,"mStartTime":59400000,"mTimeUnit":600000,"mWalkTime":52693,"runStep":0,"walkStep":79},{"distance":57.910004,"mCalorie":3.13,"mOthersTime":0,"mRunTime":0,"mStartTime":60000000,"mTimeUnit":600000,"mWalkTime":52693,"runStep":0,"walkStep":79},{"distance":60.19,"mCalorie":3.25,"mOthersTime":0,"mRunTime":3200,"mStartTime":60600000,"mTimeUnit":600000,"mWalkTime":45356,"runStep":8,"walkStep":68},{"distance":26.0,"mCalorie":1.37,"mOthersTime":0,"mRunTime":0,"mStartTime":61800000,"mTimeUnit":600000,"mWalkTime":24012,"runStep":0,"walkStep":36},{"distance":211.41,"mCalorie":11.44,"mOthersTime":0,"mRunTime":0,"mStartTime":62400000,"mTimeUnit":600000,"mWalkTime":188064,"runStep":0,"walkStep":288},{"distance":115.1011,"mCalorie":9.188947,"mOthersTime":0,"mRunTime":0,"mStartTime":63000000,"mTimeUnit":600000,"mWalkTime":120000,"runStep":0,"walkStep":203},{"distance":560.75476,"mCalorie":47.374393,"mOthersTime":0,"mRunTime":0,"mStartTime":63600000,"mTimeUnit":600000,"mWalkTime":600000,"runStep":8,"walkStep":848},{"distance":422.55502,"mCalorie":33.63966,"mOthersTime":0,"mRunTime":0,"mStartTime":64200000,"mTimeUnit":600000,"mWalkTime":441653,"runStep":0,"walkStep":437},{"distance":87.68101,"mCalorie":4.17,"mOthersTime":0,"mRunTime":0,"mStartTime":64800000,"mTimeUnit":600000,"mWalkTime":77372,"runStep":0,"walkStep":116},{"distance":8.53,"mCalorie":0.34,"mOthersTime":0,"mRunTime":0,"mStartTime":67200000,"mTimeUnit":600000,"mWalkTime":7337,"runStep":0,"walkStep":11},{"distance":46.72,"mCalorie":2.34,"mOthersTime":0,"mRunTime":0,"mStartTime":67800000,"mTimeUnit":600000,"mWalkTime":44022,"runStep":0,"walkStep":66},{"distance":12.88,"mCalorie":0.7,"mOthersTime":0,"mRunTime":0,"mStartTime":69000000,"mTimeUnit":600000,"mWalkTime":12006,"runStep":0,"walkStep":18},{"distance":24.68,"mCalorie":1.14,"mOthersTime":0,"mRunTime":0,"mStartTime":69600000,"mTimeUnit":600000,"mWalkTime":22011,"runStep":0,"walkStep":33},{"distance":43.559998,"mCalorie":2.21,"mOthersTime":0,"mRunTime":0,"mStartTime":70200000,"mTimeUnit":600000,"mWalkTime":39353,"runStep":0,"walkStep":59},{"distance":14.46,"mCalorie":1.0,"mOthersTime":0,"mRunTime":0,"mStartTime":70800000,"mTimeUnit":600000,"mWalkTime":14007,"runStep":0,"walkStep":21},{"distance":55.880005,"mCalorie":2.9099998,"mOthersTime":0,"mRunTime":0,"mStartTime":71400000,"mTimeUnit":600000,"mWalkTime":52693,"runStep":0,"walkStep":79},{"distance":43.68,"mCalorie":2.31,"mOthersTime":0,"mRunTime":800,"mStartTime":72600000,"mTimeUnit":600000,"mWalkTime":37352,"runStep":2,"walkStep":56},{"distance":22.99,"mCalorie":1.15,"mOthersTime":0,"mRunTime":0,"mStartTime":74400000,"mTimeUnit":600000,"mWalkTime":21344,"runStep":0,"walkStep":32},{"distance":97.759995,"mCalorie":5.22,"mOthersTime":0,"mRunTime":0,"mStartTime":75000000,"mTimeUnit":600000,"mWalkTime":100050,"runStep":0,"walkStep":150},{"distance":148.44002,"mCalorie":7.49,"mOthersTime":0,"mRunTime":0,"mStartTime":75600000,"mTimeUnit":600000,"mWalkTime":133400,"runStep":0,"walkStep":200},{"distance":11.21,"mCalorie":0.47,"mOthersTime":0,"mRunTime":0,"mStartTime":76800000,"mTimeUnit":600000,"mWalkTime":9338,"runStep":0,"walkStep":14},{"distance":19.57,"mCalorie":1.06,"mOthersTime":0,"mRunTime":0,"mStartTime":77400000,"mTimeUnit":600000,"mWalkTime":18009,"runStep":0,"walkStep":27},{"distance":89.71,"mCalorie":4.77,"mOthersTime":0,"mRunTime":0,"mStartTime":78600000,"mTimeUnit":600000,"mWalkTime":83375,"runStep":0,"walkStep":125},{"distance":40.37,"mCalorie":2.1100001,"mOthersTime":0,"mRunTime":0,"mStartTime":79200000,"mTimeUnit":600000,"mWalkTime":36685,"runStep":0,"walkStep":55},{"distance":78.369995,"mCalorie":3.7700002,"mOthersTime":0,"mRunTime":800,"mStartTime":79800000,"mTimeUnit":600000,"mWalkTime":66700,"runStep":2,"walkStep":100}],"version":1}