{"mAdaptiveGoal":0,"mIsGoalAchieved":false,"mIsMostActiveAchieved":false,"mMostActiveMinutes":0,"mStreakDayCount":0,"mUnitDataList":[{"distance":31.36,"mCalorie":1.71,"mOthersTime":0,"mRunTime":1200,"mStartTime":12000000,"mTimeUnit":600000,"mWalkTime":24012,"runStep":3,"walkStep":36},{"distance":31.34,"mCalorie":1.58,"mOthersTime":0,"mRunTime":0,"mStartTime":12600000,"mTimeUnit":600000,"mWalkTime":28014,"runStep":0,"walkStep":42},{"distance":14.571,"mCalorie":0.76,"mOthersTime":0,"mRunTime":0,"mStartTime":13800000,"mTimeUnit":600000,"mWalkTime":14007,"runStep":0,"walkStep":21},{"distance":34.697,"mCalorie":1.6800001,"mOthersTime":0,"mRunTime":0,"mStartTime":14400000,"mTimeUnit":600000,"mWalkTime":31349,"runStep":0,"walkStep":47},{"distance":11.5,"mCalorie":0.4,"mOthersTime":0,"mRunTime":0,"mStartTime":17400000,"mTimeUnit":600000,"mWalkTime":9338,"runStep":0,"walkStep":14},{"distance":27.88,"mCalorie":1.26,"mOthersTime":0,"mRunTime":0,"mStartTime":18600000,"mTimeUnit":600000,"mWalkTime":24012,"runStep":0,"walkStep":36},{"distance":10.44,"mCalorie":0.44,"mOthersTime":0,"mRunTime":0,"mStartTime":24600000,"mTimeUnit":600000,"mWalkTime":8671,"runStep":0,"walkStep":13},{"distance":77.9,"mCalorie":3.92,"mOthersTime":0,"mRunTime":1200,"mStartTime":33000000,"mTimeUnit":600000,"mWalkTime":64699,"runStep":3,"walkStep":97},{"distance":10.23,"mCalorie":0.43,"mOthersTime":0,"mRunTime":0,"mStartTime":34200000,"mTimeUnit":600000,"mWalkTime":8671,"runStep":0,"walkStep":13},{"distance":10.19,"mCalorie":0.55,"mOthersTime":0,"mRunTime":0,"mStartTime":37800000,"mTimeUnit":600000,"mWalkTime":10005,"runStep":0,"walkStep":15},{"distance":65.66,"mCalorie":3.2800002,"mOthersTime":0,"mRunTime":0,"mStartTime":39600000,"mTimeUnit":600000,"mWalkTime":60030,"runStep":0,"walkStep":90},{"distance":281.28,"mCalorie":14.85,"mOthersTime":0,"mRunTime":0,"mStartTime":40200000,"mTimeUnit":600000,"mWalkTime":234724,"runStep":0,"walkStep":379},{"distance":34.65,"mCalorie":1.7399999,"mOthersTime":0,"mRunTime":0,"mStartTime":40800000,"mTimeUnit":600000,"mWalkTime":32016,"runStep":0,"walkStep":48},{"distance":43.489998,"mCalorie":1.9399999,"mOthersTime":0,"mRunTime":0,"mStartTime":41400000,"mTimeUnit":600000,"mWalkTime":38686,"runStep":0,"walkStep":58},{"distance":35.48,"mCalorie":1.72,"mOthersTime":0,"mRunTime":0,"mStartTime":42600000,"mTimeUnit":600000,"mWalkTime":32016,"runStep":0,"walkStep":48},{"distance":67.89,"mCalorie":3.35,"mOthersTime":0,"mRunTime":0,"mStartTime":43200000,"mTimeUnit":600000,"mWalkTime":60030,"runStep":0,"walkStep":90},{"distance":94.240005,"mCalorie":4.47,"mOthersTime":0,"mRunTime":0,"mStartTime":43800000,"mTimeUnit":600000,"mWalkTime":83375,"runStep":0,"walkStep":125},{"distance":86.479,"mCalorie":4.04,"mOthersTime":0,"mRunTime":0,"mStartTime":44400000,"mTimeUnit":600000,"mWalkTime":76705,"runStep":0,"walkStep":115},{"distance":194.13098,"mCalorie":10.449997,"mOthersTime":0,"mRunTime":1600,"mStartTime":45000000,"mTimeUnit":600000,"mWalkTime":170752,"runStep":4,"walkStep":256},{"distance":93.91,"mCalorie":4.5099998,"mOthersTime":0,"mRunTime":0,"mStartTime":45600000,"mTimeUnit":600000,"mWalkTime":78009,"runStep":0,"walkStep":128},{"distance":60.445,"mCalorie":2.7810001,"mOthersTime":0,"mRunTime":0,"mStartTime":46200000,"mTimeUnit":600000,"mWalkTime":53360,"runStep":0,"walkStep":80},{"distance":72.35,"mCalorie":3.53,"mOthersTime":0,"mRunTime":0,"mStartTime":46800000,"mTimeUnit":600000,"mWalkTime":62031,"runStep":0,"walkStep":93},{"distance":39.474,"mCalorie":2.389,"mOthersTime":0,"mRunTime":4000,"mStartTime":47400000,"mTimeUnit":600000,"mWalkTime":24012,"runStep":10,"walkStep":36},{"distance":54.397003,"mCalorie":2.7500002,"mOthersTime":0,"mRunTime":2000,"mStartTime":48000000,"mTimeUnit":600000,"mWalkTime":44022,"runStep":5,"walkStep":66},{"distance":45.845,"mCalorie":2.51,"mOthersTime":0,"mRunTime":1200,"mStartTime":49200000,"mTimeUnit":600000,"mWalkTime":36018,"runStep":3,"walkStep":54},{"distance":51.709,"mCalorie":2.9499998,"mOthersTime":0,"mRunTime":6000,"mStartTime":49800000,"mTimeUnit":600000,"mWalkTime":33350,"runStep":15,"walkStep":50},{"distance":125.27,"mCalorie":6.16,"mOthersTime":0,"mRunTime":3200,"mStartTime":50400000,"mTimeUnit":600000,"mWalkTime":106053,"runStep":8,"walkStep":159},{"distance":145.61,"mCalorie":7.77,"mOthersTime":0,"mRunTime":0,"mStartTime":51600000,"mTimeUnit":600000,"mWalkTime":128701,"runStep":0,"walkStep":198},{"distance":259.758,"mCalorie":12.280001,"mOthersTime":0,"mRunTime":0,"mStartTime":52200000,"mTimeUnit":600000,"mWalkTime":227417,"runStep":0,"walkStep":351},{"distance":39.22,"mCalorie":1.8199999,"mOthersTime":0,"mRunTime":0,"mStartTime":52800000,"mTimeUnit":600000,"mWalkTime":34684,"runStep":0,"walkStep":52},{"distance":203.12,"mCalorie":11.27,"mOthersTime":0,"mRunTime":0,"mStartTime":53400000,"mTimeUnit":600000,"mWalkTime":190095,"runStep":0,"walkStep":285},{"distance":173.38,"mCalorie":9.38,"mOthersTime":0,"mRunTime":0,"mStartTime":54000000,"mTimeUnit":600000,"mWalkTime":150045,"runStep":0,"walkStep":235},{"distance":300.09,"mCalorie":15.53,"mOthersTime":0,"mRunTime":0,"mStartTime":54600000,"mTimeUnit":600000,"mWalkTime":263435,"runStep":0,"walkStep":408},{"distance":102.189,"mCalorie":4.66,"mOthersTime":0,"mRunTime":400,"mStartTime":55200000,"mTimeUnit":600000,"mWalkTime":81374,"runStep":1,"walkStep":122},{"distance":28.93,"mCalorie":1.35,"mOthersTime":0,"mRunTime":0,"mStartTime":55800000,"mTimeUnit":600000,"mWalkTime":25346,"runStep":0,"walkStep":38},{"distance":111.927,"mCalorie":5.271,"mOthersTime":0,"mRunTime":0,"mStartTime":56400000,"mTimeUnit":600000,"mWalkTime":100050,"runStep":0,"walkStep":150},{"distance":315.932,"mCalorie":16.449,"mOthersTime":0,"mRunTime":0,"mStartTime":57000000,"mTimeUnit":600000,"mWalkTime":272046,"runStep":0,"walkStep":431},{"distance":17.458,"mCalorie":0.82,"mOthersTime":0,"mRunTime":0,"mStartTime":57600000,"mTimeUnit":600000,"mWalkTime":16008,"runStep":0,"walkStep":24},{"distance":103.96,"mCalorie":6.3900003,"mOthersTime":0,"mRunTime":0,"mStartTime":58200000,"mTimeUnit":600000,"mWalkTime":102051,"runStep":0,"walkStep":153},{"distance":56.77,"mCalorie":3.21,"mOthersTime":0,"mRunTime":2800,"mStartTime":62400000,"mTimeUnit":600000,"mWalkTime":39353,"runStep":7,"walkStep":59},{"distance":15.15,"mCalorie":0.85,"mOthersTime":0,"mRunTime":0,"mStartTime":63600000,"mTimeUnit":600000,"mWalkTime":14674,"runStep":0,"walkStep":22},{"distance":34.786003,"mCalorie":1.87,"mOthersTime":0,"mRunTime":0,"mStartTime":64200000,"mTimeUnit":600000,"mWalkTime":31349,"runStep":0,"walkStep":47},{"distance":37.419,"mCalorie":2.13,"mOthersTime":0,"mRunTime":1600,"mStartTime":69000000,"mTimeUnit":600000,"mWalkTime":32683,"runStep":4,"walkStep":49},{"distance":8.57,"mCalorie":0.4,"mOthersTime":0,"mRunTime":0,"mStartTime":69600000,"mTimeUnit":600000,"mWalkTime":8004,"runStep":0,"walkStep":12},{"distance":22.2,"mCalorie":1.11,"mOthersTime":0,"mRunTime":0,"mStartTime":70800000,"mTimeUnit":600000,"mWalkTime":20010,"runStep":0,"walkStep":30},{"distance":224.289,"mCalorie":11.889999,"mOthersTime":0,"mRunTime":1600,"mStartTime":72600000,"mTimeUnit":600000,"mWalkTime":194037,"runStep":4,"walkStep":301},{"distance":396.466,"mCalorie":21.769001,"mOthersTime":0,"mRunTime":0,"mStartTime":73200000,"mTimeUnit":600000,"mWalkTime":350055,"runStep":0,"walkStep":547},{"distance":10.84,"mCalorie":0.39,"mOthersTime":0,"mRunTime":400,"mStartTime":73800000,"mTimeUnit":600000,"mWalkTime":8004,"runStep":1,"walkStep":12},{"distance":25.010002,"mCalorie":1.24,"mOthersTime":0,"mRunTime":0,"mStartTime":75600000,"mTimeUnit":600000,"mWalkTime":22678,"runStep":0,"walkStep":34},{"distance":50.34,"mCalorie":2.6100001,"mOthersTime":0,"mRunTime":0,"mStartTime":77400000,"mTimeUnit":600000,"mWalkTime":46690,"runStep":0,"walkStep":70},{"distance":563.651,"mCalorie":29.45,"mOthersTime":0,"mRunTime":0,"mStartTime":78000000,"mTimeUnit":600000,"mWalkTime":490035,"runStep":0,"walkStep":769},{"distance":48.934002,"mCalorie":2.42,"mOthersTime":0,"mRunTime":0,"mStartTime":78600000,"mTimeUnit":600000,"mWalkTime":44022,"runStep":0,"walkStep":66},{"distance":9.25,"mCalorie":0.45,"mOthersTime":0,"mRunTime":0,"mStartTime":79200000,"mTimeUnit":600000,"mWalkTime":7337,"runStep":0,"walkStep":11},{"distance":11.157,"mCalorie":0.56,"mOthersTime":0,"mRunTime":0,"mStartTime":79800000,"mTimeUnit":600000,"mWalkTime":10672,"runStep":0,"walkStep":16},{"distance":8.24,"mCalorie":0.24,"mOthersTime":0,"mRunTime":0,"mStartTime":82200000,"mTimeUnit":600000,"mWalkTime":6670,"runStep":0,"walkStep":10},{"distance":59.577,"mCalorie":2.81,"mOthersTime":0,"mRunTime":0,"mStartTime":82800000,"mTimeUnit":600000,"mWalkTime":54027,"runStep":0,"walkStep":81}],"version":1}