{"mActivityList":[{"mActiveTime":600000,"mActiveTimeType":2,"mCalorie":65.6,"mCategory":204,"mDetailInfoId":"a6240323-c039-6501-3594-6dc6ef841f02","mDistance":0.0,"mDuration":600000,"mEndTime":74341279,"mStartTime":73741279,"mType":11007}],"mAdaptiveGoal":0,"mIsGoalAchieved":false,"mIsMostActiveAchieved":false,"mMostActiveMinutes":0,"mStreakDayCount":0,"mUnitDataList":[{"distance":44.382,"mCalorie":2.49,"mOthersTime":0,"mRunTime":1200,"mStartTime":600000,"mTimeUnit":600000,"mWalkTime":37352,"runStep":3,"walkStep":56},{"distance":10.911,"mCalorie":0.5,"mOthersTime":0,"mRunTime":0,"mStartTime":2400000,"mTimeUnit":600000,"mWalkTime":9338,"runStep":0,"walkStep":14},{"distance":32.730003,"mCalorie":1.7199999,"mOthersTime":0,"mRunTime":0,"mStartTime":11400000,"mTimeUnit":600000,"mWalkTime":30015,"runStep":0,"walkStep":45},{"distance":40.5,"mCalorie":2.2,"mOthersTime":0,"mRunTime":1200,"mStartTime":13200000,"mTimeUnit":600000,"mWalkTime":32016,"runStep":3,"walkStep":48},{"distance":35.17,"mCalorie":1.7,"mOthersTime":0,"mRunTime":0,"mStartTime":16200000,"mTimeUnit":600000,"mWalkTime":30015,"runStep":0,"walkStep":45},{"distance":16.06,"mCalorie":0.76,"mOthersTime":0,"mRunTime":0,"mStartTime":16800000,"mTimeUnit":600000,"mWalkTime":14674,"runStep":0,"walkStep":22},{"distance":10.28,"mCalorie":0.54,"mOthersTime":0,"mRunTime":0,"mStartTime":25200000,"mTimeUnit":600000,"mWalkTime":8004,"runStep":0,"walkStep":12},{"distance":7.61,"mCalorie":0.31,"mOthersTime":0,"mRunTime":0,"mStartTime":27000000,"mTimeUnit":600000,"mWalkTime":6670,"runStep":0,"walkStep":10},{"distance":9.68,"mCalorie":0.43,"mOthersTime":0,"mRunTime":0,"mStartTime":36000000,"mTimeUnit":600000,"mWalkTime":8671,"runStep":0,"walkStep":13},{"distance":53.72,"mCalorie":2.93,"mOthersTime":0,"mRunTime":2800,"mStartTime":36600000,"mTimeUnit":600000,"mWalkTime":42688,"runStep":7,"walkStep":64},{"distance":60.18,"mCalorie":3.02,"mOthersTime":0,"mRunTime":0,"mStartTime":37200000,"mTimeUnit":600000,"mWalkTime":56695,"runStep":0,"walkStep":85},{"distance":112.34,"mCalorie":6.14,"mOthersTime":0,"mRunTime":0,"mStartTime":37800000,"mTimeUnit":600000,"mWalkTime":96018,"runStep":0,"walkStep":155},{"distance":173.3,"mCalorie":8.93,"mOthersTime":0,"mRunTime":0,"mStartTime":38400000,"mTimeUnit":600000,"mWalkTime":159413,"runStep":0,"walkStep":239},{"distance":44.96,"mCalorie":2.3600001,"mOthersTime":0,"mRunTime":0,"mStartTime":39000000,"mTimeUnit":600000,"mWalkTime":42021,"runStep":0,"walkStep":63},{"distance":50.519997,"mCalorie":2.6599998,"mOthersTime":0,"mRunTime":0,"mStartTime":39600000,"mTimeUnit":600000,"mWalkTime":46690,"runStep":0,"walkStep":70},{"distance":180.79001,"mCalorie":9.33,"mOthersTime":0,"mRunTime":0,"mStartTime":40200000,"mTimeUnit":600000,"mWalkTime":165416,"runStep":0,"walkStep":248},{"distance":131.99,"mCalorie":6.8500004,"mOthersTime":0,"mRunTime":0,"mStartTime":40800000,"mTimeUnit":600000,"mWalkTime":121394,"runStep":0,"walkStep":182},{"distance":112.65001,"mCalorie":5.86,"mOthersTime":0,"mRunTime":1600,"mStartTime":41400000,"mTimeUnit":600000,"mWalkTime":97382,"runStep":4,"walkStep":146},{"distance":223.63,"mCalorie":11.779999,"mOthersTime":0,"mRunTime":0,"mStartTime":42000000,"mTimeUnit":600000,"mWalkTime":196735,"runStep":0,"walkStep":304},{"distance":44.4,"mCalorie":2.19,"mOthersTime":0,"mRunTime":0,"mStartTime":42600000,"mTimeUnit":600000,"mWalkTime":40020,"runStep":0,"walkStep":60},{"distance":36.190002,"mCalorie":1.8899999,"mOthersTime":0,"mRunTime":0,"mStartTime":43200000,"mTimeUnit":600000,"mWalkTime":32683,"runStep":0,"walkStep":49},{"distance":81.49,"mCalorie":4.25,"mOthersTime":0,"mRunTime":0,"mStartTime":43800000,"mTimeUnit":600000,"mWalkTime":70702,"runStep":0,"walkStep":106},{"distance":33.2,"mCalorie":1.7,"mOthersTime":0,"mRunTime":0,"mStartTime":44400000,"mTimeUnit":600000,"mWalkTime":30682,"runStep":0,"walkStep":46},{"distance":56.02,"mCalorie":2.9499998,"mOthersTime":0,"mRunTime":0,"mStartTime":45000000,"mTimeUnit":600000,"mWalkTime":52026,"runStep":0,"walkStep":78},{"distance":24.130001,"mCalorie":1.31,"mOthersTime":0,"mRunTime":0,"mStartTime":47400000,"mTimeUnit":600000,"mWalkTime":22678,"runStep":0,"walkStep":34},{"distance":71.849,"mCalorie":3.45,"mOthersTime":0,"mRunTime":0,"mStartTime":48000000,"mTimeUnit":600000,"mWalkTime":61364,"runStep":0,"walkStep":92},{"distance":32.031,"mCalorie":1.6899999,"mOthersTime":0,"mRunTime":0,"mStartTime":49800000,"mTimeUnit":600000,"mWalkTime":30682,"runStep":0,"walkStep":46},{"distance":134.66,"mCalorie":6.65,"mOthersTime":0,"mRunTime":0,"mStartTime":50400000,"mTimeUnit":600000,"mWalkTime":122061,"runStep":0,"walkStep":183},{"distance":27.74,"mCalorie":1.4399999,"mOthersTime":0,"mRunTime":0,"mStartTime":51000000,"mTimeUnit":600000,"mWalkTime":25346,"runStep":0,"walkStep":38},{"distance":55.21,"mCalorie":2.7500002,"mOthersTime":0,"mRunTime":0,"mStartTime":51600000,"mTimeUnit":600000,"mWalkTime":51359,"runStep":0,"walkStep":77},{"distance":67.0,"mCalorie":3.72,"mOthersTime":0,"mRunTime":0,"mStartTime":52200000,"mTimeUnit":600000,"mWalkTime":63365,"runStep":0,"walkStep":95},{"distance":31.489998,"mCalorie":1.59,"mOthersTime":0,"mRunTime":0,"mStartTime":53400000,"mTimeUnit":600000,"mWalkTime":27347,"runStep":0,"walkStep":41},{"distance":53.120003,"mCalorie":2.92,"mOthersTime":0,"mRunTime":1200,"mStartTime":54600000,"mTimeUnit":600000,"mWalkTime":46690,"runStep":3,"walkStep":70},{"distance":44.980003,"mCalorie":2.22,"mOthersTime":0,"mRunTime":0,"mStartTime":55200000,"mTimeUnit":600000,"mWalkTime":42021,"runStep":0,"walkStep":63},{"distance":25.69,"mCalorie":1.32,"mOthersTime":0,"mRunTime":0,"mStartTime":55800000,"mTimeUnit":600000,"mWalkTime":24012,"runStep":0,"walkStep":36},{"distance":20.67,"mCalorie":0.95,"mOthersTime":0,"mRunTime":0,"mStartTime":56400000,"mTimeUnit":600000,"mWalkTime":18676,"runStep":0,"walkStep":28},{"distance":97.920006,"mCalorie":5.2400002,"mOthersTime":0,"mRunTime":6800,"mStartTime":57000000,"mTimeUnit":600000,"mWalkTime":74704,"runStep":17,"walkStep":112},{"distance":46.938004,"mCalorie":2.27,"mOthersTime":0,"mRunTime":0,"mStartTime":57600000,"mTimeUnit":600000,"mWalkTime":43355,"runStep":0,"walkStep":65},{"distance":36.32,"mCalorie":1.73,"mOthersTime":0,"mRunTime":0,"mStartTime":59400000,"mTimeUnit":600000,"mWalkTime":32683,"runStep":0,"walkStep":49},{"distance":35.377,"mCalorie":1.7199999,"mOthersTime":0,"mRunTime":0,"mStartTime":64200000,"mTimeUnit":600000,"mWalkTime":31349,"runStep":0,"walkStep":47},{"distance":8.24,"mCalorie":0.29,"mOthersTime":0,"mRunTime":0,"mStartTime":66000000,"mTimeUnit":600000,"mWalkTime":6670,"runStep":0,"walkStep":10},{"distance":30.060001,"mCalorie":1.62,"mOthersTime":0,"mRunTime":0,"mStartTime":66600000,"mTimeUnit":600000,"mWalkTime":28014,"runStep":0,"walkStep":42},{"distance":172.26,"mCalorie":9.86,"mOthersTime":0,"mRunTime":0,"mStartTime":67200000,"mTimeUnit":600000,"mWalkTime":164749,"runStep":0,"walkStep":247},{"distance":217.448,"mCalorie":13.0199995,"mOthersTime":0,"mRunTime":24000,"mStartTime":67800000,"mTimeUnit":600000,"mWalkTime":142738,"runStep":60,"walkStep":214},{"distance":118.88999,"mCalorie":11.360001,"mOthersTime":0,"mRunTime":0,"mStartTime":68400000,"mTimeUnit":600000,"mWalkTime":120727,"runStep":0,"walkStep":181},{"distance":131.67099,"mCalorie":7.0299997,"mOthersTime":0,"mRunTime":4400,"mStartTime":69000000,"mTimeUnit":600000,"mWalkTime":104719,"runStep":11,"walkStep":157},{"distance":269.58,"mCalorie":13.299999,"mOthersTime":0,"mRunTime":0,"mStartTime":69600000,"mTimeUnit":600000,"mWalkTime":242788,"runStep":0,"walkStep":364},{"distance":66.0,"mCalorie":3.2,"mOthersTime":0,"mRunTime":0,"mStartTime":70200000,"mTimeUnit":600000,"mWalkTime":60030,"runStep":0,"walkStep":90},{"distance":96.28,"mCalorie":4.8999996,"mOthersTime":0,"mRunTime":0,"mStartTime":70800000,"mTimeUnit":600000,"mWalkTime":89378,"runStep":0,"walkStep":134},{"distance":68.64,"mCalorie":3.35,"mOthersTime":0,"mRunTime":400,"mStartTime":71400000,"mTimeUnit":600000,"mWalkTime":56695,"runStep":1,"walkStep":85},{"distance":82.769,"mCalorie":4.26,"mOthersTime":0,"mRunTime":2400,"mStartTime":72000000,"mTimeUnit":600000,"mWalkTime":66700,"runStep":6,"walkStep":100},{"distance":10.3,"mCalorie":0.43,"mOthersTime":0,"mRunTime":0,"mStartTime":72600000,"mTimeUnit":600000,"mWalkTime":8671,"runStep":0,"walkStep":13},{"distance":108.66745,"mCalorie":12.044946,"mOthersTime":58721,"mRunTime":0,"mStartTime":73200000,"mTimeUnit":600000,"mWalkTime":95042,"runStep":0,"walkStep":211},{"distance":19.769405,"mCalorie":60.15852,"mOthersTime":541279,"mRunTime":0,"mStartTime":73800000,"mTimeUnit":600000,"mWalkTime":17625,"runStep":0,"walkStep":540},{"distance":137.35999,"mCalorie":6.85,"mOthersTime":0,"mRunTime":0,"mStartTime":74400000,"mTimeUnit":600000,"mWalkTime":120727,"runStep":0,"walkStep":181},{"distance":5.98,"mCalorie":0.29,"mOthersTime":0,"mRunTime":0,"mStartTime":75600000,"mTimeUnit":600000,"mWalkTime":5336,"runStep":0,"walkStep":8},{"distance":38.502,"mCalorie":1.77,"mOthersTime":0,"mRunTime":0,"mStartTime":76800000,"mTimeUnit":600000,"mWalkTime":33350,"runStep":0,"walkStep":50},{"distance":30.849998,"mCalorie":1.49,"mOthersTime":0,"mRunTime":0,"mStartTime":77400000,"mTimeUnit":600000,"mWalkTime":28014,"runStep":0,"walkStep":42},{"distance":4.85,"mCalorie":0.21,"mOthersTime":0,"mRunTime":0,"mStartTime":79200000,"mTimeUnit":600000,"mWalkTime":4002,"runStep":0,"walkStep":6},{"distance":78.600006,"mCalorie":4.08,"mOthersTime":0,"mRunTime":1200,"mStartTime":81000000,"mTimeUnit":600000,"mWalkTime":70035,"runStep":3,"walkStep":105},{"distance":34.46,"mCalorie":1.9,"mOthersTime":0,"mRunTime":3600,"mStartTime":83400000,"mTimeUnit":600000,"mWalkTime":23345,"runStep":9,"walkStep":35},{"distance":17.271,"mCalorie":0.96,"mOthersTime":0,"mRunTime":0,"mStartTime":84000000,"mTimeUnit":600000,"mWalkTime":16008,"runStep":0,"walkStep":24},{"distance":12.48,"mCalorie":0.54,"mOthersTime":0,"mRunTime":0,"mStartTime":84600000,"mTimeUnit":600000,"mWalkTime":10672,"runStep":0,"walkStep":16}],"version":1}