{"mActivityList":[{"mActiveTime":600000,"mActiveTimeType":2,"mCalorie":55.53,"mCategory":204,"mDetailInfoId":"9a9f301d-d790-4009-50e5-05ba7fd9829f","mDistance":0.0,"mDuration":600000,"mEndTime":61991087,"mStartTime":61391087,"mType":11007},{"mActiveTime":600000,"mActiveTimeType":2,"mCalorie":73.93,"mCategory":204,"mDetailInfoId":"ca9324fe-a748-5dcf-34b8-2d29c92f8fc2","mDistance":0.0,"mDuration":600000,"mEndTime":69247118,"mStartTime":68647118,"mType":11007}],"mAdaptiveGoal":0,"mIsGoalAchieved":false,"mIsMostActiveAchieved":false,"mMostActiveMinutes":0,"mStreakDayCount":0,"mUnitDataList":[{"distance":8.94,"mCalorie":0.36,"mOthersTime":0,"mRunTime":0,"mStartTime":10800000,"mTimeUnit":600000,"mWalkTime":8004,"runStep":0,"walkStep":12},{"distance":76.450005,"mCalorie":3.6899996,"mOthersTime":0,"mRunTime":1200,"mStartTime":14400000,"mTimeUnit":600000,"mWalkTime":65366,"runStep":3,"walkStep":98},{"distance":56.11,"mCalorie":2.65,"mOthersTime":0,"mRunTime":1600,"mStartTime":15000000,"mTimeUnit":600000,"mWalkTime":46690,"runStep":4,"walkStep":70},{"distance":46.899998,"mCalorie":2.57,"mOthersTime":0,"mRunTime":0,"mStartTime":15600000,"mTimeUnit":600000,"mWalkTime":44022,"runStep":0,"walkStep":66},{"distance":37.760002,"mCalorie":2.01,"mOthersTime":0,"mRunTime":0,"mStartTime":16200000,"mTimeUnit":600000,"mWalkTime":35351,"runStep":0,"walkStep":53},{"distance":36.62,"mCalorie":1.8,"mOthersTime":0,"mRunTime":0,"mStartTime":18000000,"mTimeUnit":600000,"mWalkTime":33350,"runStep":0,"walkStep":50},{"distance":47.911,"mCalorie":2.3400002,"mOthersTime":0,"mRunTime":0,"mStartTime":18600000,"mTimeUnit":600000,"mWalkTime":44022,"runStep":0,"walkStep":66},{"distance":14.65,"mCalorie":0.66,"mOthersTime":0,"mRunTime":0,"mStartTime":19200000,"mTimeUnit":600000,"mWalkTime":12673,"runStep":0,"walkStep":19},{"distance":8.67,"mCalorie":0.51,"mOthersTime":0,"mRunTime":0,"mStartTime":25200000,"mTimeUnit":600000,"mWalkTime":6670,"runStep":0,"walkStep":10},{"distance":8.21,"mCalorie":0.6,"mOthersTime":0,"mRunTime":0,"mStartTime":27000000,"mTimeUnit":600000,"mWalkTime":8004,"runStep":0,"walkStep":12},{"distance":62.11,"mCalorie":3.13,"mOthersTime":0,"mRunTime":2000,"mStartTime":31200000,"mTimeUnit":600000,"mWalkTime":49358,"runStep":5,"walkStep":74},{"distance":14.06,"mCalorie":0.66,"mOthersTime":0,"mRunTime":0,"mStartTime":31800000,"mTimeUnit":600000,"mWalkTime":12673,"runStep":0,"walkStep":19},{"distance":17.630001,"mCalorie":0.86,"mOthersTime":0,"mRunTime":0,"mStartTime":33000000,"mTimeUnit":600000,"mWalkTime":16675,"runStep":0,"walkStep":25},{"distance":21.78,"mCalorie":1.22,"mOthersTime":0,"mRunTime":0,"mStartTime":33600000,"mTimeUnit":600000,"mWalkTime":21344,"runStep":0,"walkStep":32},{"distance":21.3,"mCalorie":1.04,"mOthersTime":0,"mRunTime":0,"mStartTime":34800000,"mTimeUnit":600000,"mWalkTime":20010,"runStep":0,"walkStep":30},{"distance":146.82,"mCalorie":6.9500003,"mOthersTime":0,"mRunTime":0,"mStartTime":35400000,"mTimeUnit":600000,"mWalkTime":131399,"runStep":0,"walkStep":197},{"distance":83.318,"mCalorie":4.05,"mOthersTime":0,"mRunTime":2000,"mStartTime":36000000,"mTimeUnit":600000,"mWalkTime":66700,"runStep":5,"walkStep":100},{"distance":41.53,"mCalorie":1.77,"mOthersTime":0,"mRunTime":400,"mStartTime":36600000,"mTimeUnit":600000,"mWalkTime":31349,"runStep":1,"walkStep":47},{"distance":59.91,"mCalorie":2.6399999,"mOthersTime":0,"mRunTime":0,"mStartTime":37200000,"mTimeUnit":600000,"mWalkTime":52026,"runStep":0,"walkStep":78},{"distance":37.17,"mCalorie":1.6700001,"mOthersTime":0,"mRunTime":0,"mStartTime":37800000,"mTimeUnit":600000,"mWalkTime":33350,"runStep":0,"walkStep":50},{"distance":7.53,"mCalorie":0.36,"mOthersTime":0,"mRunTime":0,"mStartTime":38400000,"mTimeUnit":600000,"mWalkTime":6670,"runStep":0,"walkStep":10},{"distance":70.25,"mCalorie":3.47,"mOthersTime":0,"mRunTime":0,"mStartTime":39000000,"mTimeUnit":600000,"mWalkTime":64032,"runStep":0,"walkStep":96},{"distance":20.31,"mCalorie":0.81,"mOthersTime":0,"mRunTime":0,"mStartTime":39600000,"mTimeUnit":600000,"mWalkTime":16675,"runStep":0,"walkStep":25},{"distance":77.74,"mCalorie":3.7,"mOthersTime":0,"mRunTime":0,"mStartTime":40200000,"mTimeUnit":600000,"mWalkTime":70035,"runStep":0,"walkStep":105},{"distance":14.7,"mCalorie":0.64,"mOthersTime":0,"mRunTime":0,"mStartTime":42000000,"mTimeUnit":600000,"mWalkTime":12673,"runStep":0,"walkStep":19},{"distance":65.179,"mCalorie":3.19,"mOthersTime":0,"mRunTime":800,"mStartTime":42600000,"mTimeUnit":600000,"mWalkTime":54694,"runStep":2,"walkStep":82},{"distance":15.690001,"mCalorie":0.86,"mOthersTime":0,"mRunTime":0,"mStartTime":43800000,"mTimeUnit":600000,"mWalkTime":14674,"runStep":0,"walkStep":22},{"distance":6.96,"mCalorie":0.37,"mOthersTime":0,"mRunTime":0,"mStartTime":44400000,"mTimeUnit":600000,"mWalkTime":6670,"runStep":0,"walkStep":10},{"distance":7.99,"mCalorie":0.39,"mOthersTime":0,"mRunTime":0,"mStartTime":45000000,"mTimeUnit":600000,"mWalkTime":7337,"runStep":0,"walkStep":11},{"distance":14.610001,"mCalorie":0.72,"mOthersTime":0,"mRunTime":0,"mStartTime":45600000,"mTimeUnit":600000,"mWalkTime":13340,"runStep":0,"walkStep":20},{"distance":113.93001,"mCalorie":6.43,"mOthersTime":0,"mRunTime":1200,"mStartTime":46200000,"mTimeUnit":600000,"mWalkTime":110055,"runStep":3,"walkStep":165},{"distance":277.47998,"mCalorie":14.67,"mOthersTime":0,"mRunTime":0,"mStartTime":46800000,"mTimeUnit":600000,"mWalkTime":238696,"runStep":0,"walkStep":377},{"distance":72.28001,"mCalorie":3.9399996,"mOthersTime":0,"mRunTime":0,"mStartTime":47400000,"mTimeUnit":600000,"mWalkTime":66700,"runStep":0,"walkStep":100},{"distance":400.989,"mCalorie":20.308998,"mOthersTime":0,"mRunTime":0,"mStartTime":49800000,"mTimeUnit":600000,"mWalkTime":366820,"runStep":0,"walkStep":563},{"distance":131.09,"mCalorie":6.5,"mOthersTime":0,"mRunTime":0,"mStartTime":51000000,"mTimeUnit":600000,"mWalkTime":117392,"runStep":0,"walkStep":176},{"distance":146.07901,"mCalorie":6.82,"mOthersTime":0,"mRunTime":0,"mStartTime":51600000,"mTimeUnit":600000,"mWalkTime":129398,"runStep":0,"walkStep":194},{"distance":177.51999,"mCalorie":9.29,"mOthersTime":0,"mRunTime":0,"mStartTime":52200000,"mTimeUnit":600000,"mWalkTime":162748,"runStep":0,"walkStep":244},{"distance":55.88,"mCalorie":2.9,"mOthersTime":0,"mRunTime":0,"mStartTime":52800000,"mTimeUnit":600000,"mWalkTime":52693,"runStep":0,"walkStep":79},{"distance":169.299,"mCalorie":8.75,"mOthersTime":0,"mRunTime":3200,"mStartTime":53400000,"mTimeUnit":600000,"mWalkTime":142071,"runStep":8,"walkStep":213},{"distance":21.17,"mCalorie":1.2,"mOthersTime":0,"mRunTime":0,"mStartTime":54600000,"mTimeUnit":600000,"mWalkTime":20010,"runStep":0,"walkStep":30},{"distance":131.88,"mCalorie":6.1,"mOthersTime":0,"mRunTime":0,"mStartTime":55200000,"mTimeUnit":600000,"mWalkTime":116058,"runStep":0,"walkStep":174},{"distance":162.51999,"mCalorie":7.97,"mOthersTime":0,"mRunTime":0,"mStartTime":55800000,"mTimeUnit":600000,"mWalkTime":145406,"runStep":0,"walkStep":218},{"distance":194.447,"mCalorie":8.78,"mOthersTime":0,"mRunTime":0,"mStartTime":56400000,"mTimeUnit":600000,"mWalkTime":168751,"runStep":0,"walkStep":253},{"distance":44.6,"mCalorie":2.38,"mOthersTime":0,"mRunTime":0,"mStartTime":57000000,"mTimeUnit":600000,"mWalkTime":42021,"runStep":0,"walkStep":63},{"distance":160.78801,"mCalorie":7.5299997,"mOthersTime":0,"mRunTime":0,"mStartTime":60000000,"mTimeUnit":600000,"mWalkTime":142738,"runStep":0,"walkStep":214},{"distance":199.96098,"mCalorie":10.280001,"mOthersTime":0,"mRunTime":3200,"mStartTime":60600000,"mTimeUnit":600000,"mWalkTime":182758,"runStep":8,"walkStep":274},{"distance":77.568,"mCalorie":42.263897,"mOthersTime":408913,"mRunTime":0,"mStartTime":61200000,"mTimeUnit":600000,"mWalkTime":74704,"runStep":0,"walkStep":353},{"distance":219.45978,"mCalorie":29.27641,"mOthersTime":191087,"mRunTime":0,"mStartTime":61800000,"mTimeUnit":600000,"mWalkTime":197380,"runStep":0,"walkStep":371},{"distance":85.18,"mCalorie":4.1000004,"mOthersTime":0,"mRunTime":0,"mStartTime":62400000,"mTimeUnit":600000,"mWalkTime":77372,"runStep":0,"walkStep":116},{"distance":81.81,"mCalorie":4.14,"mOthersTime":0,"mRunTime":0,"mStartTime":63000000,"mTimeUnit":600000,"mWalkTime":74704,"runStep":0,"walkStep":112},{"distance":8.59,"mCalorie":0.42,"mOthersTime":0,"mRunTime":0,"mStartTime":63600000,"mTimeUnit":600000,"mWalkTime":8004,"runStep":0,"walkStep":12},{"distance":169.749,"mCalorie":8.559999,"mOthersTime":0,"mRunTime":0,"mStartTime":64200000,"mTimeUnit":600000,"mWalkTime":153410,"runStep":0,"walkStep":230},{"distance":290.21002,"mCalorie":17.53,"mOthersTime":0,"mRunTime":0,"mStartTime":64800000,"mTimeUnit":600000,"mWalkTime":271469,"runStep":0,"walkStep":407},{"distance":401.763,"mCalorie":19.92,"mOthersTime":0,"mRunTime":5600,"mStartTime":65400000,"mTimeUnit":600000,"mWalkTime":332106,"runStep":14,"walkStep":518},{"distance":105.829994,"mCalorie":5.24,"mOthersTime":0,"mRunTime":0,"mStartTime":66000000,"mTimeUnit":600000,"mWalkTime":95381,"runStep":0,"walkStep":143},{"distance":118.73,"mCalorie":6.01,"mOthersTime":0,"mRunTime":400,"mStartTime":66600000,"mTimeUnit":600000,"mWalkTime":109388,"runStep":1,"walkStep":164},{"distance":67.529,"mCalorie":3.5099998,"mOthersTime":0,"mRunTime":0,"mStartTime":67200000,"mTimeUnit":600000,"mWalkTime":62698,"runStep":0,"walkStep":94},{"distance":210.442,"mCalorie":10.62,"mOthersTime":0,"mRunTime":3200,"mStartTime":67800000,"mTimeUnit":600000,"mWalkTime":179423,"runStep":8,"walkStep":269},{"distance":221.53758,"mCalorie":53.87311,"mOthersTime":352882,"mRunTime":0,"mStartTime":68400000,"mTimeUnit":600000,"mWalkTime":193211,"runStep":0,"walkStep":808},{"distance":126.98412,"mCalorie":37.040085,"mOthersTime":247118,"mRunTime":706,"mStartTime":69000000,"mTimeUnit":600000,"mWalkTime":113491,"runStep":2,"walkStep":414},{"distance":72.53,"mCalorie":3.8899999,"mOthersTime":0,"mRunTime":3200,"mStartTime":69600000,"mTimeUnit":600000,"mWalkTime":53360,"runStep":8,"walkStep":80},{"distance":9.47,"mCalorie":0.48,"mOthersTime":0,"mRunTime":0,"mStartTime":70800000,"mTimeUnit":600000,"mWalkTime":8671,"runStep":0,"walkStep":13},{"distance":20.949999,"mCalorie":1.12,"mOthersTime":0,"mRunTime":0,"mStartTime":74400000,"mTimeUnit":600000,"mWalkTime":19343,"runStep":0,"walkStep":29},{"distance":14.86,"mCalorie":0.73,"mOthersTime":0,"mRunTime":0,"mStartTime":75600000,"mTimeUnit":600000,"mWalkTime":13340,"runStep":0,"walkStep":20},{"distance":109.020996,"mCalorie":5.41,"mOthersTime":0,"mRunTime":2000,"mStartTime":76200000,"mTimeUnit":600000,"mWalkTime":94714,"runStep":5,"walkStep":142},{"distance":60.270996,"mCalorie":2.941,"mOthersTime":0,"mRunTime":0,"mStartTime":76800000,"mTimeUnit":600000,"mWalkTime":54694,"runStep":0,"walkStep":82},{"distance":63.467003,"mCalorie":2.8600001,"mOthersTime":0,"mRunTime":0,"mStartTime":77400000,"mTimeUnit":600000,"mWalkTime":57362,"runStep":0,"walkStep":86},{"distance":14.33,"mCalorie":0.57,"mOthersTime":0,"mRunTime":0,"mStartTime":79200000,"mTimeUnit":600000,"mWalkTime":12673,"runStep":0,"walkStep":19},{"distance":64.209,"mCalorie":3.069,"mOthersTime":0,"mRunTime":0,"mStartTime":79800000,"mTimeUnit":600000,"mWalkTime":59363,"runStep":0,"walkStep":89},{"distance":169.249,"mCalorie":9.2699995,"mOthersTime":0,"mRunTime":0,"mStartTime":80400000,"mTimeUnit":600000,"mWalkTime":176088,"runStep":0,"walkStep":264},{"distance":202.37999,"mCalorie":9.96,"mOthersTime":0,"mRunTime":0,"mStartTime":81000000,"mTimeUnit":600000,"mWalkTime":178059,"runStep":0,"walkStep":276},{"distance":1.53,"mCalorie":0.06,"mOthersTime":0,"mRunTime":0,"mStartTime":81600000,"mTimeUnit":600000,"mWalkTime":1334,"runStep":0,"walkStep":2},{"distance":13.18,"mCalorie":0.6,"mOthersTime":0,"mRunTime":0,"mStartTime":82800000,"mTimeUnit":600000,"mWalkTime":11339,"runStep":0,"walkStep":17},{"distance":71.208,"mCalorie":3.5800002,"mOthersTime":0,"mRunTime":0,"mStartTime":84000000,"mTimeUnit":600000,"mWalkTime":64032,"runStep":0,"walkStep":96},{"distance":175.62003,"mCalorie":8.849999,"mOthersTime":0,"mRunTime":0,"mStartTime":84600000,"mTimeUnit":600000,"mWalkTime":157412,"runStep":0,"walkStep":236},{"distance":128.728,"mCalorie":6.3199997,"mOthersTime":0,"mRunTime":2000,"mStartTime":85200000,"mTimeUnit":600000,"mWalkTime":108721,"runStep":5,"walkStep":163},{"distance":123.664,"mCalorie":6.1899996,"mOthersTime":0,"mRunTime":2000,"mStartTime":85800000,"mTimeUnit":600000,"mWalkTime":104719,"runStep":5,"walkStep":157}],"version":1}