{"mActivityList":[{"mActiveTime":702674,"mActiveTimeType":0,"mCalorie":97.0,"mCategory":204,"mDetailInfoId":"74d60193-fbf4-6225-2095-220b20547f67","mDistance":620.19,"mDuration":702674,"mEndTime":71945253,"mStartTime":71242579,"mType":1001},{"mActiveTime":680722,"mActiveTimeType":0,"mCalorie":95.0,"mCategory":204,"mDetailInfoId":"b9102b80-b05d-28e3-e0a7-b36cb3391842","mDistance":772.919,"mDuration":680722,"mEndTime":72960631,"mStartTime":72279909,"mType":1001}],"mAdaptiveGoal":0,"mIsGoalAchieved":false,"mIsMostActiveAchieved":false,"mMostActiveMinutes":0,"mStreakDayCount":0,"mUnitDataList":[{"distance":41.91,"mCalorie":2.01,"mOthersTime":0,"mRunTime":1600,"mStartTime":4200000,"mTimeUnit":600000,"mWalkTime":32016,"runStep":4,"walkStep":48},{"distance":14.05,"mCalorie":0.93,"mOthersTime":0,"mRunTime":400,"mStartTime":4800000,"mTimeUnit":600000,"mWalkTime":12006,"runStep":1,"walkStep":18},{"distance":7.551,"mCalorie":0.3,"mOthersTime":0,"mRunTime":0,"mStartTime":6600000,"mTimeUnit":600000,"mWalkTime":6670,"runStep":0,"walkStep":10},{"distance":122.68,"mCalorie":5.8900003,"mOthersTime":0,"mRunTime":800,"mStartTime":15600000,"mTimeUnit":600000,"mWalkTime":106053,"runStep":2,"walkStep":159},{"distance":229.383,"mCalorie":12.05,"mOthersTime":0,"mRunTime":0,"mStartTime":16200000,"mTimeUnit":600000,"mWalkTime":219413,"runStep":0,"walkStep":342},{"distance":289.47,"mCalorie":13.25,"mOthersTime":0,"mRunTime":0,"mStartTime":16800000,"mTimeUnit":600000,"mWalkTime":246033,"runStep":0,"walkStep":395},{"distance":14.46,"mCalorie":0.66,"mOthersTime":0,"mRunTime":0,"mStartTime":18000000,"mTimeUnit":600000,"mWalkTime":12673,"runStep":0,"walkStep":19},{"distance":374.56998,"mCalorie":19.23,"mOthersTime":0,"mRunTime":0,"mStartTime":18600000,"mTimeUnit":600000,"mWalkTime":324072,"runStep":0,"walkStep":532},{"distance":83.92,"mCalorie":4.24,"mOthersTime":0,"mRunTime":0,"mStartTime":19200000,"mTimeUnit":600000,"mWalkTime":79373,"runStep":0,"walkStep":119},{"distance":19.84,"mCalorie":0.92,"mOthersTime":0,"mRunTime":0,"mStartTime":19800000,"mTimeUnit":600000,"mWalkTime":18009,"runStep":0,"walkStep":27},{"distance":62.829998,"mCalorie":3.6499999,"mOthersTime":0,"mRunTime":0,"mStartTime":20400000,"mTimeUnit":600000,"mWalkTime":65366,"runStep":0,"walkStep":98},{"distance":11.03,"mCalorie":0.6,"mOthersTime":0,"mRunTime":0,"mStartTime":21000000,"mTimeUnit":600000,"mWalkTime":10005,"runStep":0,"walkStep":15},{"distance":15.2,"mCalorie":0.95,"mOthersTime":0,"mRunTime":0,"mStartTime":21600000,"mTimeUnit":600000,"mWalkTime":14674,"runStep":0,"walkStep":22},{"distance":16.729,"mCalorie":0.75,"mOthersTime":0,"mRunTime":0,"mStartTime":22800000,"mTimeUnit":600000,"mWalkTime":15341,"runStep":0,"walkStep":23},{"distance":23.220001,"mCalorie":1.13,"mOthersTime":0,"mRunTime":0,"mStartTime":23400000,"mTimeUnit":600000,"mWalkTime":19343,"runStep":0,"walkStep":29},{"distance":133.22,"mCalorie":6.36,"mOthersTime":0,"mRunTime":0,"mStartTime":24600000,"mTimeUnit":600000,"mWalkTime":120060,"runStep":0,"walkStep":180},{"distance":110.57,"mCalorie":4.98,"mOthersTime":0,"mRunTime":0,"mStartTime":25200000,"mTimeUnit":600000,"mWalkTime":94684,"runStep":0,"walkStep":148},{"distance":49.71,"mCalorie":2.38,"mOthersTime":0,"mRunTime":0,"mStartTime":27000000,"mTimeUnit":600000,"mWalkTime":42688,"runStep":0,"walkStep":64},{"distance":17.88,"mCalorie":0.67999995,"mOthersTime":0,"mRunTime":0,"mStartTime":27600000,"mTimeUnit":600000,"mWalkTime":15341,"runStep":0,"walkStep":23},{"distance":24.990002,"mCalorie":1.25,"mOthersTime":0,"mRunTime":0,"mStartTime":28200000,"mTimeUnit":600000,"mWalkTime":21344,"runStep":0,"walkStep":32},{"distance":95.36,"mCalorie":5.33,"mOthersTime":0,"mRunTime":0,"mStartTime":29400000,"mTimeUnit":600000,"mWalkTime":91379,"runStep":0,"walkStep":137},{"distance":17.38,"mCalorie":0.87,"mOthersTime":0,"mRunTime":0,"mStartTime":30000000,"mTimeUnit":600000,"mWalkTime":15341,"runStep":0,"walkStep":23},{"distance":127.562,"mCalorie":6.4799995,"mOthersTime":0,"mRunTime":0,"mStartTime":30600000,"mTimeUnit":600000,"mWalkTime":112723,"runStep":0,"walkStep":169},{"distance":86.060005,"mCalorie":4.63,"mOthersTime":0,"mRunTime":0,"mStartTime":31200000,"mTimeUnit":600000,"mWalkTime":81374,"runStep":0,"walkStep":122},{"distance":299.84,"mCalorie":15.37,"mOthersTime":0,"mRunTime":0,"mStartTime":31800000,"mTimeUnit":600000,"mWalkTime":220687,"runStep":0,"walkStep":396},{"distance":317.90997,"mCalorie":15.66,"mOthersTime":0,"mRunTime":0,"mStartTime":32400000,"mTimeUnit":600000,"mWalkTime":254037,"runStep":0,"walkStep":423},{"distance":85.61001,"mCalorie":3.9899998,"mOthersTime":0,"mRunTime":0,"mStartTime":33000000,"mTimeUnit":600000,"mWalkTime":77372,"runStep":0,"walkStep":116},{"distance":396.84003,"mCalorie":21.219997,"mOthersTime":0,"mRunTime":12800,"mStartTime":33600000,"mTimeUnit":600000,"mWalkTime":338836,"runStep":32,"walkStep":508},{"distance":104.73801,"mCalorie":5.41,"mOthersTime":0,"mRunTime":1600,"mStartTime":34200000,"mTimeUnit":600000,"mWalkTime":91379,"runStep":4,"walkStep":137},{"distance":23.919998,"mCalorie":1.21,"mOthersTime":0,"mRunTime":0,"mStartTime":34800000,"mTimeUnit":600000,"mWalkTime":22011,"runStep":0,"walkStep":33},{"distance":69.61,"mCalorie":3.4700003,"mOthersTime":0,"mRunTime":0,"mStartTime":36600000,"mTimeUnit":600000,"mWalkTime":63365,"runStep":0,"walkStep":95},{"distance":97.55,"mCalorie":4.6600003,"mOthersTime":0,"mRunTime":0,"mStartTime":37200000,"mTimeUnit":600000,"mWalkTime":86043,"runStep":0,"walkStep":129},{"distance":93.69199,"mCalorie":4.68,"mOthersTime":0,"mRunTime":4400,"mStartTime":37800000,"mTimeUnit":600000,"mWalkTime":68034,"runStep":11,"walkStep":102},{"distance":46.81,"mCalorie":2.19,"mOthersTime":0,"mRunTime":0,"mStartTime":38400000,"mTimeUnit":600000,"mWalkTime":41354,"runStep":0,"walkStep":62},{"distance":53.81,"mCalorie":2.45,"mOthersTime":0,"mRunTime":0,"mStartTime":39000000,"mTimeUnit":600000,"mWalkTime":47357,"runStep":0,"walkStep":71},{"distance":63.472004,"mCalorie":2.9800003,"mOthersTime":0,"mRunTime":0,"mStartTime":39600000,"mTimeUnit":600000,"mWalkTime":56028,"runStep":0,"walkStep":84},{"distance":17.27,"mCalorie":0.8,"mOthersTime":0,"mRunTime":0,"mStartTime":40200000,"mTimeUnit":600000,"mWalkTime":15341,"runStep":0,"walkStep":23},{"distance":36.34,"mCalorie":1.9299998,"mOthersTime":0,"mRunTime":0,"mStartTime":40800000,"mTimeUnit":600000,"mWalkTime":34017,"runStep":0,"walkStep":51},{"distance":29.94,"mCalorie":1.42,"mOthersTime":0,"mRunTime":0,"mStartTime":41400000,"mTimeUnit":600000,"mWalkTime":27347,"runStep":0,"walkStep":41},{"distance":42.518,"mCalorie":2.01,"mOthersTime":0,"mRunTime":0,"mStartTime":42000000,"mTimeUnit":600000,"mWalkTime":38686,"runStep":0,"walkStep":58},{"distance":49.89,"mCalorie":2.25,"mOthersTime":0,"mRunTime":400,"mStartTime":42600000,"mTimeUnit":600000,"mWalkTime":42021,"runStep":1,"walkStep":63},{"distance":146.72202,"mCalorie":8.01,"mOthersTime":0,"mRunTime":0,"mStartTime":45000000,"mTimeUnit":600000,"mWalkTime":148074,"runStep":0,"walkStep":222},{"distance":154.335,"mCalorie":7.24,"mOthersTime":0,"mRunTime":1200,"mStartTime":45600000,"mTimeUnit":600000,"mWalkTime":130065,"runStep":3,"walkStep":195},{"distance":246.991,"mCalorie":12.45,"mOthersTime":0,"mRunTime":4400,"mStartTime":46200000,"mTimeUnit":600000,"mWalkTime":219443,"runStep":11,"walkStep":329},{"distance":475.65298,"mCalorie":24.109999,"mOthersTime":0,"mRunTime":0,"mStartTime":46800000,"mTimeUnit":600000,"mWalkTime":405416,"runStep":0,"walkStep":646},{"distance":145.301,"mCalorie":7.0800004,"mOthersTime":0,"mRunTime":0,"mStartTime":47400000,"mTimeUnit":600000,"mWalkTime":131399,"runStep":0,"walkStep":197},{"distance":170.14001,"mCalorie":8.079999,"mOthersTime":0,"mRunTime":0,"mStartTime":48000000,"mTimeUnit":600000,"mWalkTime":148074,"runStep":0,"walkStep":222},{"distance":132.00002,"mCalorie":5.6099987,"mOthersTime":0,"mRunTime":0,"mStartTime":48600000,"mTimeUnit":600000,"mWalkTime":112056,"runStep":0,"walkStep":168},{"distance":9.33,"mCalorie":0.41,"mOthersTime":0,"mRunTime":0,"mStartTime":49200000,"mTimeUnit":600000,"mWalkTime":8004,"runStep":0,"walkStep":12},{"distance":243.038,"mCalorie":12.919999,"mOthersTime":0,"mRunTime":0,"mStartTime":49800000,"mTimeUnit":600000,"mWalkTime":224779,"runStep":0,"walkStep":337},{"distance":13.3,"mCalorie":0.65,"mOthersTime":0,"mRunTime":0,"mStartTime":50400000,"mTimeUnit":600000,"mWalkTime":12006,"runStep":0,"walkStep":18},{"distance":451.97,"mCalorie":22.380001,"mOthersTime":0,"mRunTime":0,"mStartTime":51600000,"mTimeUnit":600000,"mWalkTime":390772,"runStep":0,"walkStep":614},{"distance":242.06001,"mCalorie":13.940001,"mOthersTime":0,"mRunTime":0,"mStartTime":52200000,"mTimeUnit":600000,"mWalkTime":226750,"runStep":0,"walkStep":344},{"distance":403.51,"mCalorie":20.470001,"mOthersTime":0,"mRunTime":0,"mStartTime":52800000,"mTimeUnit":600000,"mWalkTime":361454,"runStep":0,"walkStep":561},{"distance":112.240005,"mCalorie":5.87,"mOthersTime":0,"mRunTime":1600,"mStartTime":53400000,"mTimeUnit":600000,"mWalkTime":94047,"runStep":4,"walkStep":141},{"distance":41.379997,"mCalorie":1.99,"mOthersTime":0,"mRunTime":0,"mStartTime":54000000,"mTimeUnit":600000,"mWalkTime":36018,"runStep":0,"walkStep":54},{"distance":14.37,"mCalorie":0.75999993,"mOthersTime":0,"mRunTime":0,"mStartTime":54600000,"mTimeUnit":600000,"mWalkTime":13340,"runStep":0,"walkStep":20},{"distance":53.378,"mCalorie":3.1699998,"mOthersTime":0,"mRunTime":6000,"mStartTime":55200000,"mTimeUnit":600000,"mWalkTime":32683,"runStep":15,"walkStep":49},{"distance":138.681,"mCalorie":6.9,"mOthersTime":0,"mRunTime":4800,"mStartTime":55800000,"mTimeUnit":600000,"mWalkTime":110055,"runStep":12,"walkStep":165},{"distance":7.2,"mCalorie":0.39,"mOthersTime":0,"mRunTime":0,"mStartTime":56400000,"mTimeUnit":600000,"mWalkTime":6670,"runStep":0,"walkStep":10},{"distance":14.66,"mCalorie":0.6,"mOthersTime":0,"mRunTime":0,"mStartTime":57000000,"mTimeUnit":600000,"mWalkTime":13340,"runStep":0,"walkStep":20},{"distance":8.27,"mCalorie":0.42,"mOthersTime":0,"mRunTime":0,"mStartTime":58800000,"mTimeUnit":600000,"mWalkTime":7337,"runStep":0,"walkStep":11},{"distance":9.04,"mCalorie":0.28,"mOthersTime":0,"mRunTime":0,"mStartTime":60000000,"mTimeUnit":600000,"mWalkTime":7337,"runStep":0,"walkStep":11},{"distance":8.31,"mCalorie":0.34,"mOthersTime":0,"mRunTime":0,"mStartTime":62400000,"mTimeUnit":600000,"mWalkTime":7337,"runStep":0,"walkStep":11},{"distance":194.71599,"mCalorie":9.931,"mOthersTime":0,"mRunTime":7200,"mStartTime":63600000,"mTimeUnit":600000,"mWalkTime":158079,"runStep":18,"walkStep":237},{"distance":63.269997,"mCalorie":2.83,"mOthersTime":0,"mRunTime":0,"mStartTime":64800000,"mTimeUnit":600000,"mWalkTime":54027,"runStep":0,"walkStep":81},{"distance":36.690998,"mCalorie":1.77,"mOthersTime":0,"mRunTime":0,"mStartTime":69000000,"mTimeUnit":600000,"mWalkTime":33350,"runStep":0,"walkStep":50},{"distance":114.117004,"mCalorie":5.49,"mOthersTime":0,"mRunTime":0,"mStartTime":69600000,"mTimeUnit":600000,"mWalkTime":103385,"runStep":0,"walkStep":155},{"distance":15.42,"mCalorie":0.77,"mOthersTime":0,"mRunTime":0,"mStartTime":70200000,"mTimeUnit":600000,"mWalkTime":14674,"runStep":0,"walkStep":22},{"distance":215.53667,"mCalorie":25.63141,"mOthersTime":0,"mRunTime":0,"mStartTime":70800000,"mTimeUnit":600000,"mWalkTime":230933,"runStep":0,"walkStep":222},{"distance":481.24802,"mCalorie":75.26896,"mOthersTime":0,"mRunTime":0,"mStartTime":71400000,"mTimeUnit":600000,"mWalkTime":545253,"runStep":0,"walkStep":724},{"distance":411.77478,"mCalorie":47.535316,"mOthersTime":0,"mRunTime":0,"mStartTime":72000000,"mTimeUnit":600000,"mWalkTime":366512,"runStep":0,"walkStep":561},{"distance":433.58188,"mCalorie":51.518837,"mOthersTime":0,"mRunTime":0,"mStartTime":72600000,"mTimeUnit":600000,"mWalkTime":383309,"runStep":0,"walkStep":563},{"distance":60.43,"mCalorie":2.97,"mOthersTime":0,"mRunTime":0,"mStartTime":73200000,"mTimeUnit":600000,"mWalkTime":54027,"runStep":0,"walkStep":81},{"distance":87.888,"mCalorie":4.2799997,"mOthersTime":0,"mRunTime":1200,"mStartTime":74400000,"mTimeUnit":600000,"mWalkTime":72703,"runStep":3,"walkStep":109},{"distance":327.90698,"mCalorie":19.39,"mOthersTime":0,"mRunTime":400,"mStartTime":75000000,"mTimeUnit":600000,"mWalkTime":317462,"runStep":1,"walkStep":477},{"distance":181.95001,"mCalorie":9.849999,"mOthersTime":0,"mRunTime":0,"mStartTime":75600000,"mTimeUnit":600000,"mWalkTime":167417,"runStep":0,"walkStep":251},{"distance":28.089996,"mCalorie":1.5000001,"mOthersTime":0,"mRunTime":0,"mStartTime":76200000,"mTimeUnit":600000,"mWalkTime":26013,"runStep":0,"walkStep":39},{"distance":70.939,"mCalorie":3.41,"mOthersTime":0,"mRunTime":0,"mStartTime":76800000,"mTimeUnit":600000,"mWalkTime":62698,"runStep":0,"walkStep":94},{"distance":35.579998,"mCalorie":1.64,"mOthersTime":0,"mRunTime":0,"mStartTime":77400000,"mTimeUnit":600000,"mWalkTime":31349,"runStep":0,"walkStep":47},{"distance":13.32,"mCalorie":0.72,"mOthersTime":0,"mRunTime":0,"mStartTime":78000000,"mTimeUnit":600000,"mWalkTime":12673,"runStep":0,"walkStep":19},{"distance":56.08,"mCalorie":2.74,"mOthersTime":0,"mRunTime":0,"mStartTime":82200000,"mTimeUnit":600000,"mWalkTime":52026,"runStep":0,"walkStep":78},{"distance":9.68,"mCalorie":0.52,"mOthersTime":0,"mRunTime":0,"mStartTime":82800000,"mTimeUnit":600000,"mWalkTime":9338,"runStep":0,"walkStep":14},{"distance":6.8,"mCalorie":0.38,"mOthersTime":0,"mRunTime":0,"mStartTime":83400000,"mTimeUnit":600000,"mWalkTime":6670,"runStep":0,"walkStep":10},{"distance":251.89001,"mCalorie":13.04,"mOthersTime":0,"mRunTime":0,"mStartTime":84000000,"mTimeUnit":600000,"mWalkTime":226780,"runStep":0,"walkStep":340},{"distance":111.159996,"mCalorie":5.4799995,"mOthersTime":0,"mRunTime":0,"mStartTime":84600000,"mTimeUnit":600000,"mWalkTime":100050,"runStep":0,"walkStep":150},{"distance":93.201,"mCalorie":4.229,"mOthersTime":0,"mRunTime":0,"mStartTime":85200000,"mTimeUnit":600000,"mWalkTime":81374,"runStep":0,"walkStep":122}],"version":1}