{"mAdaptiveGoal":0,"mIsGoalAchieved":false,"mIsMostActiveAchieved":false,"mMostActiveMinutes":0,"mStreakDayCount":0,"mUnitDataList":[{"distance":45.670002,"mCalorie":2.39,"mOthersTime":0,"mRunTime":800,"mStartTime":14400000,"mTimeUnit":600000,"mWalkTime":36685,"runStep":2,"walkStep":55},{"distance":90.63,"mCalorie":5.0300007,"mOthersTime":0,"mRunTime":800,"mStartTime":15000000,"mTimeUnit":600000,"mWalkTime":93380,"runStep":2,"walkStep":140},{"distance":435.28,"mCalorie":21.519999,"mOthersTime":0,"mRunTime":0,"mStartTime":15600000,"mTimeUnit":600000,"mWalkTime":372703,"runStep":0,"walkStep":607},{"distance":320.25,"mCalorie":16.560001,"mOthersTime":0,"mRunTime":0,"mStartTime":18000000,"mTimeUnit":600000,"mWalkTime":266710,"runStep":0,"walkStep":450},{"distance":81.229996,"mCalorie":3.69,"mOthersTime":0,"mRunTime":0,"mStartTime":18600000,"mTimeUnit":600000,"mWalkTime":73370,"runStep":0,"walkStep":110},{"distance":45.649998,"mCalorie":1.99,"mOthersTime":0,"mRunTime":0,"mStartTime":19200000,"mTimeUnit":600000,"mWalkTime":38686,"runStep":0,"walkStep":58},{"distance":14.94,"mCalorie":0.90999997,"mOthersTime":0,"mRunTime":0,"mStartTime":27600000,"mTimeUnit":600000,"mWalkTime":14007,"runStep":0,"walkStep":21},{"distance":8.28,"mCalorie":0.34,"mOthersTime":0,"mRunTime":0,"mStartTime":31800000,"mTimeUnit":600000,"mWalkTime":6670,"runStep":0,"walkStep":10},{"distance":30.27,"mCalorie":1.28,"mOthersTime":0,"mRunTime":0,"mStartTime":33000000,"mTimeUnit":600000,"mWalkTime":25346,"runStep":0,"walkStep":38},{"distance":77.10999,"mCalorie":3.79,"mOthersTime":0,"mRunTime":0,"mStartTime":33600000,"mTimeUnit":600000,"mWalkTime":70035,"runStep":0,"walkStep":105},{"distance":74.741,"mCalorie":3.53,"mOthersTime":0,"mRunTime":0,"mStartTime":34200000,"mTimeUnit":600000,"mWalkTime":68034,"runStep":0,"walkStep":102},{"distance":70.93,"mCalorie":3.4900002,"mOthersTime":0,"mRunTime":0,"mStartTime":34800000,"mTimeUnit":600000,"mWalkTime":61364,"runStep":0,"walkStep":92},{"distance":47.81,"mCalorie":2.34,"mOthersTime":0,"mRunTime":0,"mStartTime":35400000,"mTimeUnit":600000,"mWalkTime":43355,"runStep":0,"walkStep":65},{"distance":44.89,"mCalorie":2.37,"mOthersTime":0,"mRunTime":400,"mStartTime":36000000,"mTimeUnit":600000,"mWalkTime":38019,"runStep":1,"walkStep":57},{"distance":7.78,"mCalorie":0.38,"mOthersTime":0,"mRunTime":0,"mStartTime":36600000,"mTimeUnit":600000,"mWalkTime":7337,"runStep":0,"walkStep":11},{"distance":24.64,"mCalorie":1.24,"mOthersTime":0,"mRunTime":0,"mStartTime":39000000,"mTimeUnit":600000,"mWalkTime":22678,"runStep":0,"walkStep":34},{"distance":12.81,"mCalorie":0.63,"mOthersTime":0,"mRunTime":1200,"mStartTime":40800000,"mTimeUnit":600000,"mWalkTime":8004,"runStep":3,"walkStep":12},{"distance":38.289997,"mCalorie":1.91,"mOthersTime":0,"mRunTime":0,"mStartTime":41400000,"mTimeUnit":600000,"mWalkTime":35351,"runStep":0,"walkStep":53},{"distance":34.78,"mCalorie":1.6700001,"mOthersTime":0,"mRunTime":0,"mStartTime":42000000,"mTimeUnit":600000,"mWalkTime":30682,"runStep":0,"walkStep":46},{"distance":44.15,"mCalorie":2.1499999,"mOthersTime":0,"mRunTime":0,"mStartTime":42600000,"mTimeUnit":600000,"mWalkTime":38019,"runStep":0,"walkStep":57},{"distance":57.489998,"mCalorie":2.9499998,"mOthersTime":0,"mRunTime":0,"mStartTime":43200000,"mTimeUnit":600000,"mWalkTime":52026,"runStep":0,"walkStep":78},{"distance":21.0,"mCalorie":1.0,"mOthersTime":0,"mRunTime":0,"mStartTime":44400000,"mTimeUnit":600000,"mWalkTime":19343,"runStep":0,"walkStep":29},{"distance":8.08,"mCalorie":0.38,"mOthersTime":0,"mRunTime":0,"mStartTime":45000000,"mTimeUnit":600000,"mWalkTime":7337,"runStep":0,"walkStep":11},{"distance":58.329998,"mCalorie":2.8799999,"mOthersTime":0,"mRunTime":400,"mStartTime":45600000,"mTimeUnit":600000,"mWalkTime":49358,"runStep":1,"walkStep":74},{"distance":200.96,"mCalorie":12.0199995,"mOthersTime":0,"mRunTime":800,"mStartTime":46200000,"mTimeUnit":600000,"mWalkTime":196765,"runStep":2,"walkStep":295},{"distance":230.23001,"mCalorie":14.039999,"mOthersTime":0,"mRunTime":0,"mStartTime":46800000,"mTimeUnit":600000,"mWalkTime":220110,"runStep":0,"walkStep":330},{"distance":204.48999,"mCalorie":10.54,"mOthersTime":0,"mRunTime":800,"mStartTime":47400000,"mTimeUnit":600000,"mWalkTime":181424,"runStep":2,"walkStep":272},{"distance":47.96,"mCalorie":2.31,"mOthersTime":0,"mRunTime":0,"mStartTime":49200000,"mTimeUnit":600000,"mWalkTime":40020,"runStep":0,"walkStep":60},{"distance":293.48,"mCalorie":15.250001,"mOthersTime":0,"mRunTime":800,"mStartTime":49800000,"mTimeUnit":600000,"mWalkTime":248761,"runStep":2,"walkStep":392},{"distance":303.48,"mCalorie":16.89,"mOthersTime":0,"mRunTime":2000,"mStartTime":50400000,"mTimeUnit":600000,"mWalkTime":282808,"runStep":5,"walkStep":424},{"distance":51.739998,"mCalorie":2.67,"mOthersTime":0,"mRunTime":0,"mStartTime":51000000,"mTimeUnit":600000,"mWalkTime":47357,"runStep":0,"walkStep":71},{"distance":29.720001,"mCalorie":1.54,"mOthersTime":0,"mRunTime":0,"mStartTime":51600000,"mTimeUnit":600000,"mWalkTime":27347,"runStep":0,"walkStep":41},{"distance":49.820004,"mCalorie":2.69,"mOthersTime":0,"mRunTime":0,"mStartTime":52200000,"mTimeUnit":600000,"mWalkTime":46690,"runStep":0,"walkStep":70},{"distance":151.27998,"mCalorie":8.33,"mOthersTime":0,"mRunTime":0,"mStartTime":52800000,"mTimeUnit":600000,"mWalkTime":142071,"runStep":0,"walkStep":213},{"distance":11.85,"mCalorie":0.46,"mOthersTime":0,"mRunTime":0,"mStartTime":53400000,"mTimeUnit":600000,"mWalkTime":10005,"runStep":0,"walkStep":15},{"distance":519.31,"mCalorie":27.259998,"mOthersTime":0,"mRunTime":0,"mStartTime":54600000,"mTimeUnit":600000,"mWalkTime":457382,"runStep":0,"walkStep":707},{"distance":136.11,"mCalorie":7.1499996,"mOthersTime":0,"mRunTime":0,"mStartTime":55200000,"mTimeUnit":600000,"mWalkTime":122031,"runStep":0,"walkStep":188},{"distance":149.8,"mCalorie":7.93,"mOthersTime":0,"mRunTime":0,"mStartTime":55800000,"mTimeUnit":600000,"mWalkTime":136735,"runStep":0,"walkStep":205},{"distance":59.339996,"mCalorie":3.02,"mOthersTime":0,"mRunTime":0,"mStartTime":56400000,"mTimeUnit":600000,"mWalkTime":54027,"runStep":0,"walkStep":81},{"distance":122.889,"mCalorie":6.12,"mOthersTime":0,"mRunTime":2800,"mStartTime":57000000,"mTimeUnit":600000,"mWalkTime":103385,"runStep":7,"walkStep":155},{"distance":366.41003,"mCalorie":19.579998,"mOthersTime":0,"mRunTime":0,"mStartTime":57600000,"mTimeUnit":600000,"mWalkTime":320767,"runStep":0,"walkStep":498},{"distance":152.98999,"mCalorie":8.2699995,"mOthersTime":0,"mRunTime":5200,"mStartTime":58200000,"mTimeUnit":600000,"mWalkTime":125396,"runStep":13,"walkStep":188},{"distance":84.850006,"mCalorie":4.13,"mOthersTime":0,"mRunTime":0,"mStartTime":58800000,"mTimeUnit":600000,"mWalkTime":76705,"runStep":0,"walkStep":115},{"distance":238.08,"mCalorie":12.38,"mOthersTime":0,"mRunTime":0,"mStartTime":59400000,"mTimeUnit":600000,"mWalkTime":214107,"runStep":0,"walkStep":321},{"distance":76.799995,"mCalorie":3.9,"mOthersTime":0,"mRunTime":0,"mStartTime":60000000,"mTimeUnit":600000,"mWalkTime":70035,"runStep":0,"walkStep":105},{"distance":134.23001,"mCalorie":7.25,"mOthersTime":0,"mRunTime":0,"mStartTime":60600000,"mTimeUnit":600000,"mWalkTime":126063,"runStep":0,"walkStep":189},{"distance":25.59,"mCalorie":1.36,"mOthersTime":0,"mRunTime":0,"mStartTime":61200000,"mTimeUnit":600000,"mWalkTime":24012,"runStep":0,"walkStep":36},{"distance":238.79001,"mCalorie":12.81,"mOthersTime":0,"mRunTime":0,"mStartTime":61800000,"mTimeUnit":600000,"mWalkTime":217412,"runStep":0,"walkStep":329},{"distance":72.18,"mCalorie":3.83,"mOthersTime":0,"mRunTime":400,"mStartTime":62400000,"mTimeUnit":600000,"mWalkTime":65366,"runStep":1,"walkStep":98},{"distance":25.330002,"mCalorie":1.3199999,"mOthersTime":0,"mRunTime":0,"mStartTime":63000000,"mTimeUnit":600000,"mWalkTime":23345,"runStep":0,"walkStep":35},{"distance":13.34,"mCalorie":0.65999997,"mOthersTime":0,"mRunTime":0,"mStartTime":63600000,"mTimeUnit":600000,"mWalkTime":12006,"runStep":0,"walkStep":18},{"distance":27.67,"mCalorie":1.27,"mOthersTime":0,"mRunTime":0,"mStartTime":64200000,"mTimeUnit":600000,"mWalkTime":24679,"runStep":0,"walkStep":37},{"distance":67.79,"mCalorie":3.65,"mOthersTime":0,"mRunTime":6400,"mStartTime":64800000,"mTimeUnit":600000,"mWalkTime":42688,"runStep":16,"walkStep":64},{"distance":84.630005,"mCalorie":5.16,"mOthersTime":0,"mRunTime":10800,"mStartTime":66000000,"mTimeUnit":600000,"mWalkTime":49358,"runStep":27,"walkStep":74},{"distance":7.4,"mCalorie":0.33,"mOthersTime":0,"mRunTime":0,"mStartTime":66600000,"mTimeUnit":600000,"mWalkTime":6670,"runStep":0,"walkStep":10},{"distance":16.34,"mCalorie":0.98,"mOthersTime":0,"mRunTime":0,"mStartTime":67200000,"mTimeUnit":600000,"mWalkTime":16008,"runStep":0,"walkStep":24},{"distance":10.79,"mCalorie":0.46,"mOthersTime":0,"mRunTime":0,"mStartTime":72000000,"mTimeUnit":600000,"mWalkTime":9338,"runStep":0,"walkStep":14},{"distance":44.21,"mCalorie":2.12,"mOthersTime":0,"mRunTime":0,"mStartTime":72600000,"mTimeUnit":600000,"mWalkTime":39353,"runStep":0,"walkStep":59},{"distance":86.11,"mCalorie":4.27,"mOthersTime":0,"mRunTime":1600,"mStartTime":73200000,"mTimeUnit":600000,"mWalkTime":74037,"runStep":4,"walkStep":111},{"distance":58.530003,"mCalorie":3.19,"mOthersTime":0,"mRunTime":3200,"mStartTime":73800000,"mTimeUnit":600000,"mWalkTime":41354,"runStep":8,"walkStep":62},{"distance":189.08,"mCalorie":9.599999,"mOthersTime":0,"mRunTime":0,"mStartTime":74400000,"mTimeUnit":600000,"mWalkTime":169418,"runStep":0,"walkStep":254},{"distance":484.18,"mCalorie":22.32,"mOthersTime":0,"mRunTime":0,"mStartTime":76200000,"mTimeUnit":600000,"mWalkTime":356695,"runStep":0,"walkStep":631},{"distance":105.20999,"mCalorie":5.0699997,"mOthersTime":0,"mRunTime":0,"mStartTime":76800000,"mTimeUnit":600000,"mWalkTime":93380,"runStep":0,"walkStep":140},{"distance":105.229996,"mCalorie":5.55,"mOthersTime":0,"mRunTime":0,"mStartTime":78000000,"mTimeUnit":600000,"mWalkTime":96048,"runStep":0,"walkStep":144},{"distance":453.7,"mCalorie":23.49,"mOthersTime":0,"mRunTime":0,"mStartTime":78600000,"mTimeUnit":600000,"mWalkTime":403445,"runStep":0,"walkStep":622},{"distance":8.7,"mCalorie":0.55,"mOthersTime":0,"mRunTime":0,"mStartTime":81000000,"mTimeUnit":600000,"mWalkTime":6670,"runStep":0,"walkStep":10},{"distance":213.25002,"mCalorie":11.16,"mOthersTime":0,"mRunTime":400,"mStartTime":81600000,"mTimeUnit":600000,"mWalkTime":175361,"runStep":1,"walkStep":279},{"distance":120.14,"mCalorie":6.02,"mOthersTime":0,"mRunTime":0,"mStartTime":82200000,"mTimeUnit":600000,"mWalkTime":108721,"runStep":0,"walkStep":163},{"distance":128.25,"mCalorie":6.77,"mOthersTime":0,"mRunTime":0,"mStartTime":84000000,"mTimeUnit":600000,"mWalkTime":115391,"runStep":0,"walkStep":173},{"distance":61.77,"mCalorie":3.29,"mOthersTime":0,"mRunTime":0,"mStartTime":84600000,"mTimeUnit":600000,"mWalkTime":56028,"runStep":0,"walkStep":84},{"distance":89.240005,"mCalorie":4.39,"mOthersTime":0,"mRunTime":0,"mStartTime":85200000,"mTimeUnit":600000,"mWalkTime":81374,"runStep":0,"walkStep":122}],"version":1}