{"mActivityList":[{"mActiveTime":674720,"mActiveTimeType":2,"mCalorie":73.81,"mCategory":204,"mDetailInfoId":"5e50f728-8a40-bb6d-1839-e90375b55413","mDistance":0.0,"mDuration":674720,"mEndTime":53718910,"mStartTime":53044190,"mType":11007},{"mActiveTime":705440,"mActiveTimeType":2,"mCalorie":71.57,"mCategory":204,"mDetailInfoId":"86324832-4e14-ecc1-5053-ca6ad29ddfd4","mDistance":0.0,"mDuration":705440,"mEndTime":63197566,"mStartTime":62492126,"mType":11007},{"mActiveTime":789270,"mActiveTimeType":0,"mCalorie":65.0,"mCategory":204,"mDetailInfoId":"1f28901d-7b8f-fe2b-b390-78eb0a0a7c67","mDistance":727.82,"mDuration":789270,"mEndTime":69162810,"mStartTime":68373540,"mType":1001},{"mActiveTime":1890514,"mActiveTimeType":0,"mCalorie":174.0,"mCategory":204,"mDetailInfoId":"e95807c0-37eb-541d-feda-df9c62071227","mDistance":1984.971,"mDuration":1890514,"mEndTime":75779982,"mStartTime":73889468,"mType":1001},{"mActiveTime":2087030,"mActiveTimeType":0,"mCalorie":217.0,"mCategory":204,"mDetailInfoId":"fac8f27d-185e-d5d2-1768-871a83b9d311","mDistance":1762.11,"mDuration":2087030,"mEndTime":80343629,"mStartTime":78256599,"mType":1001}],"mAdaptiveGoal":0,"mIsGoalAchieved":false,"mIsMostActiveAchieved":false,"mMostActiveMinutes":0,"mStreakDayCount":0,"mUnitDataList":[{"distance":47.44,"mCalorie":2.48,"mOthersTime":0,"mRunTime":0,"mStartTime":33600000,"mTimeUnit":600000,"mWalkTime":44022,"runStep":0,"walkStep":66},{"distance":37.59,"mCalorie":1.97,"mOthersTime":0,"mRunTime":0,"mStartTime":34200000,"mTimeUnit":600000,"mWalkTime":34684,"runStep":0,"walkStep":52},{"distance":118.02,"mCalorie":5.7799997,"mOthersTime":0,"mRunTime":0,"mStartTime":34800000,"mTimeUnit":600000,"mWalkTime":108054,"runStep":0,"walkStep":162},{"distance":82.21,"mCalorie":4.29,"mOthersTime":0,"mRunTime":0,"mStartTime":35400000,"mTimeUnit":600000,"mWalkTime":76038,"runStep":0,"walkStep":114},{"distance":99.44,"mCalorie":5.1800003,"mOthersTime":0,"mRunTime":0,"mStartTime":36000000,"mTimeUnit":600000,"mWalkTime":93380,"runStep":0,"walkStep":140},{"distance":57.46,"mCalorie":2.76,"mOthersTime":0,"mRunTime":0,"mStartTime":36600000,"mTimeUnit":600000,"mWalkTime":52026,"runStep":0,"walkStep":78},{"distance":93.72,"mCalorie":4.69,"mOthersTime":0,"mRunTime":800,"mStartTime":37200000,"mTimeUnit":600000,"mWalkTime":81374,"runStep":2,"walkStep":122},{"distance":4.38,"mCalorie":0.22,"mOthersTime":0,"mRunTime":0,"mStartTime":38400000,"mTimeUnit":600000,"mWalkTime":4002,"runStep":0,"walkStep":6},{"distance":20.69,"mCalorie":1.03,"mOthersTime":0,"mRunTime":0,"mStartTime":39000000,"mTimeUnit":600000,"mWalkTime":18676,"runStep":0,"walkStep":28},{"distance":265.31,"mCalorie":15.76,"mOthersTime":0,"mRunTime":0,"mStartTime":39600000,"mTimeUnit":600000,"mWalkTime":254794,"runStep":0,"walkStep":382},{"distance":217.5,"mCalorie":11.299999,"mOthersTime":0,"mRunTime":0,"mStartTime":40200000,"mTimeUnit":600000,"mWalkTime":200767,"runStep":0,"walkStep":301},{"distance":96.97001,"mCalorie":5.0899997,"mOthersTime":0,"mRunTime":2000,"mStartTime":40800000,"mTimeUnit":600000,"mWalkTime":84042,"runStep":5,"walkStep":126},{"distance":438.45,"mCalorie":20.470001,"mOthersTime":0,"mRunTime":0,"mStartTime":41400000,"mTimeUnit":600000,"mWalkTime":377462,"runStep":0,"walkStep":593},{"distance":50.579994,"mCalorie":2.48,"mOthersTime":0,"mRunTime":0,"mStartTime":42000000,"mTimeUnit":600000,"mWalkTime":46690,"runStep":0,"walkStep":70},{"distance":55.48,"mCalorie":2.69,"mOthersTime":0,"mRunTime":0,"mStartTime":43200000,"mTimeUnit":600000,"mWalkTime":49358,"runStep":0,"walkStep":74},{"distance":43.41,"mCalorie":1.98,"mOthersTime":0,"mRunTime":0,"mStartTime":43800000,"mTimeUnit":600000,"mWalkTime":38019,"runStep":0,"walkStep":57},{"distance":43.079998,"mCalorie":2.0,"mOthersTime":0,"mRunTime":0,"mStartTime":44400000,"mTimeUnit":600000,"mWalkTime":36685,"runStep":0,"walkStep":55},{"distance":142.64,"mCalorie":7.5600004,"mOthersTime":0,"mRunTime":4800,"mStartTime":45000000,"mTimeUnit":600000,"mWalkTime":121394,"runStep":12,"walkStep":182},{"distance":202.46,"mCalorie":10.570002,"mOthersTime":0,"mRunTime":0,"mStartTime":45600000,"mTimeUnit":600000,"mWalkTime":186093,"runStep":0,"walkStep":279},{"distance":36.660004,"mCalorie":1.79,"mOthersTime":0,"mRunTime":0,"mStartTime":46200000,"mTimeUnit":600000,"mWalkTime":32683,"runStep":0,"walkStep":49},{"distance":155.09,"mCalorie":7.7699995,"mOthersTime":0,"mRunTime":2000,"mStartTime":46800000,"mTimeUnit":600000,"mWalkTime":133400,"runStep":5,"walkStep":200},{"distance":505.19003,"mCalorie":26.1,"mOthersTime":0,"mRunTime":0,"mStartTime":47400000,"mTimeUnit":600000,"mWalkTime":438736,"runStep":0,"walkStep":697},{"distance":86.149994,"mCalorie":4.62,"mOthersTime":0,"mRunTime":0,"mStartTime":48000000,"mTimeUnit":600000,"mWalkTime":79373,"runStep":0,"walkStep":119},{"distance":16.570002,"mCalorie":0.9000001,"mOthersTime":0,"mRunTime":0,"mStartTime":48600000,"mTimeUnit":600000,"mWalkTime":15341,"runStep":0,"walkStep":23},{"distance":9.94,"mCalorie":0.49,"mOthersTime":0,"mRunTime":0,"mStartTime":49200000,"mTimeUnit":600000,"mWalkTime":9338,"runStep":0,"walkStep":14},{"distance":222.42,"mCalorie":12.029999,"mOthersTime":0,"mRunTime":0,"mStartTime":49800000,"mTimeUnit":600000,"mWalkTime":202768,"runStep":0,"walkStep":304},{"distance":205.83,"mCalorie":10.03,"mOthersTime":0,"mRunTime":0,"mStartTime":50400000,"mTimeUnit":600000,"mWalkTime":183425,"runStep":0,"walkStep":275},{"distance":446.80002,"mCalorie":22.58,"mOthersTime":0,"mRunTime":0,"mStartTime":51000000,"mTimeUnit":600000,"mWalkTime":378039,"runStep":0,"walkStep":609},{"distance":149.04999,"mCalorie":9.21,"mOthersTime":0,"mRunTime":0,"mStartTime":51600000,"mTimeUnit":600000,"mWalkTime":150712,"runStep":0,"walkStep":229},{"distance":77.94,"mCalorie":3.8700004,"mOthersTime":0,"mRunTime":0,"mStartTime":52200000,"mTimeUnit":600000,"mWalkTime":70702,"runStep":0,"walkStep":106},{"distance":30.48835,"mCalorie":40.46555,"mOthersTime":355810,"mRunTime":0,"mStartTime":52800000,"mTimeUnit":600000,"mWalkTime":27302,"runStep":0,"walkStep":252},{"distance":72.01539,"mCalorie":38.484364,"mOthersTime":318910,"mRunTime":0,"mStartTime":53400000,"mTimeUnit":600000,"mWalkTime":66222,"runStep":0,"walkStep":349},{"distance":19.69,"mCalorie":1.21,"mOthersTime":0,"mRunTime":400,"mStartTime":54000000,"mTimeUnit":600000,"mWalkTime":15341,"runStep":1,"walkStep":23},{"distance":28.96,"mCalorie":1.65,"mOthersTime":0,"mRunTime":0,"mStartTime":54600000,"mTimeUnit":600000,"mWalkTime":24679,"runStep":0,"walkStep":37},{"distance":7.72,"mCalorie":0.34,"mOthersTime":0,"mRunTime":0,"mStartTime":55200000,"mTimeUnit":600000,"mWalkTime":6670,"runStep":0,"walkStep":10},{"distance":17.8,"mCalorie":0.89,"mOthersTime":0,"mRunTime":0,"mStartTime":55800000,"mTimeUnit":600000,"mWalkTime":16008,"runStep":0,"walkStep":24},{"distance":14.47,"mCalorie":0.9,"mOthersTime":0,"mRunTime":2000,"mStartTime":56400000,"mTimeUnit":600000,"mWalkTime":6670,"runStep":5,"walkStep":10},{"distance":57.440002,"mCalorie":3.06,"mOthersTime":0,"mRunTime":0,"mStartTime":57000000,"mTimeUnit":600000,"mWalkTime":51359,"runStep":0,"walkStep":77},{"distance":48.53,"mCalorie":3.18,"mOthersTime":0,"mRunTime":8000,"mStartTime":57600000,"mTimeUnit":600000,"mWalkTime":24679,"runStep":20,"walkStep":37},{"distance":77.92,"mCalorie":4.2799997,"mOthersTime":0,"mRunTime":5200,"mStartTime":58200000,"mTimeUnit":600000,"mWalkTime":56695,"runStep":13,"walkStep":85},{"distance":54.739998,"mCalorie":2.95,"mOthersTime":0,"mRunTime":400,"mStartTime":58800000,"mTimeUnit":600000,"mWalkTime":49358,"runStep":1,"walkStep":74},{"distance":56.47,"mCalorie":2.82,"mOthersTime":0,"mRunTime":0,"mStartTime":59400000,"mTimeUnit":600000,"mWalkTime":50692,"runStep":0,"walkStep":76},{"distance":35.66,"mCalorie":1.55,"mOthersTime":0,"mRunTime":0,"mStartTime":60600000,"mTimeUnit":600000,"mWalkTime":26680,"runStep":0,"walkStep":40},{"distance":37.4,"mCalorie":1.93,"mOthersTime":0,"mRunTime":0,"mStartTime":61200000,"mTimeUnit":600000,"mWalkTime":32016,"runStep":0,"walkStep":48},{"distance":95.11,"mCalorie":5.3,"mOthersTime":0,"mRunTime":3600,"mStartTime":61800000,"mTimeUnit":600000,"mWalkTime":78039,"runStep":9,"walkStep":117},{"distance":53.53505,"mCalorie":54.273853,"mOthersTime":507874,"mRunTime":0,"mStartTime":62400000,"mTimeUnit":600000,"mWalkTime":48612,"runStep":0,"walkStep":318},{"distance":74.310005,"mCalorie":23.733942,"mOthersTime":197566,"mRunTime":0,"mStartTime":63000000,"mTimeUnit":600000,"mWalkTime":68034,"runStep":0,"walkStep":220},{"distance":25.75,"mCalorie":1.51,"mOthersTime":0,"mRunTime":1200,"mStartTime":63600000,"mTimeUnit":600000,"mWalkTime":20010,"runStep":3,"walkStep":30},{"distance":38.59,"mCalorie":1.86,"mOthersTime":0,"mRunTime":0,"mStartTime":64200000,"mTimeUnit":600000,"mWalkTime":34684,"runStep":0,"walkStep":52},{"distance":11.69,"mCalorie":0.64,"mOthersTime":0,"mRunTime":0,"mStartTime":64800000,"mTimeUnit":600000,"mWalkTime":10672,"runStep":0,"walkStep":16},{"distance":86.45,"mCalorie":4.26,"mOthersTime":0,"mRunTime":0,"mStartTime":66000000,"mTimeUnit":600000,"mWalkTime":78039,"runStep":0,"walkStep":117},{"distance":86.22,"mCalorie":4.91,"mOthersTime":0,"mRunTime":9600,"mStartTime":66600000,"mTimeUnit":600000,"mWalkTime":58696,"runStep":24,"walkStep":88},{"distance":41.220222,"mCalorie":3.0287824,"mOthersTime":0,"mRunTime":0,"mStartTime":67800000,"mTimeUnit":600000,"mWalkTime":42119,"runStep":0,"walkStep":42},{"distance":553.28595,"mCalorie":49.41275,"mOthersTime":0,"mRunTime":0,"mStartTime":68400000,"mTimeUnit":600000,"mWalkTime":600000,"runStep":0,"walkStep":801},{"distance":412.76437,"mCalorie":26.704372,"mOthersTime":0,"mRunTime":0,"mStartTime":69000000,"mTimeUnit":600000,"mWalkTime":382458,"runStep":0,"walkStep":561},{"distance":284.21,"mCalorie":14.559999,"mOthersTime":0,"mRunTime":0,"mStartTime":69600000,"mTimeUnit":600000,"mWalkTime":258129,"runStep":0,"walkStep":387},{"distance":190.57,"mCalorie":9.86,"mOthersTime":0,"mRunTime":0,"mStartTime":70200000,"mTimeUnit":600000,"mWalkTime":156715,"runStep":0,"walkStep":252},{"distance":29.8,"mCalorie":1.5000001,"mOthersTime":0,"mRunTime":0,"mStartTime":70800000,"mTimeUnit":600000,"mWalkTime":27347,"runStep":0,"walkStep":41},{"distance":76.39,"mCalorie":3.78,"mOthersTime":0,"mRunTime":0,"mStartTime":71400000,"mTimeUnit":600000,"mWalkTime":70035,"runStep":0,"walkStep":105},{"distance":78.11,"mCalorie":4.0,"mOthersTime":0,"mRunTime":400,"mStartTime":72600000,"mTimeUnit":600000,"mWalkTime":68701,"runStep":1,"walkStep":103},{"distance":137.31,"mCalorie":6.3900003,"mOthersTime":0,"mRunTime":0,"mStartTime":73200000,"mTimeUnit":600000,"mWalkTime":119393,"runStep":0,"walkStep":179},{"distance":561.8982,"mCalorie":48.34411,"mOthersTime":0,"mRunTime":0,"mStartTime":73800000,"mTimeUnit":600000,"mWalkTime":533790,"runStep":0,"walkStep":900},{"distance":629.97815,"mCalorie":55.223076,"mOthersTime":0,"mRunTime":0,"mStartTime":74400000,"mTimeUnit":600000,"mWalkTime":600000,"runStep":0,"walkStep":1024},{"distance":629.97815,"mCalorie":55.223076,"mOthersTime":0,"mRunTime":0,"mStartTime":75000000,"mTimeUnit":600000,"mWalkTime":600000,"runStep":0,"walkStep":661},{"distance":188.98538,"mCalorie":16.565847,"mOthersTime":0,"mRunTime":0,"mStartTime":75600000,"mTimeUnit":600000,"mWalkTime":179991,"runStep":0,"walkStep":223},{"distance":110.310005,"mCalorie":5.44,"mOthersTime":0,"mRunTime":0,"mStartTime":76200000,"mTimeUnit":600000,"mWalkTime":98716,"runStep":0,"walkStep":148},{"distance":128.84,"mCalorie":6.27,"mOthersTime":0,"mRunTime":1600,"mStartTime":77400000,"mTimeUnit":600000,"mWalkTime":108054,"runStep":4,"walkStep":162},{"distance":320.59424,"mCalorie":37.22334,"mOthersTime":0,"mRunTime":0,"mStartTime":78000000,"mTimeUnit":600000,"mWalkTime":370978,"runStep":0,"walkStep":515},{"distance":506.5888,"mCalorie":62.385307,"mOthersTime":0,"mRunTime":0,"mStartTime":78600000,"mTimeUnit":600000,"mWalkTime":600000,"runStep":0,"walkStep":848},{"distance":506.5888,"mCalorie":62.385307,"mOthersTime":0,"mRunTime":0,"mStartTime":79200000,"mTimeUnit":600000,"mWalkTime":600000,"runStep":0,"walkStep":779},{"distance":458.99393,"mCalorie":56.524097,"mOthersTime":0,"mRunTime":0,"mStartTime":79800000,"mTimeUnit":600000,"mWalkTime":543629,"runStep":0,"walkStep":437},{"distance":7.53,"mCalorie":0.46,"mOthersTime":0,"mRunTime":0,"mStartTime":80400000,"mTimeUnit":600000,"mWalkTime":4669,"runStep":0,"walkStep":7},{"distance":5.62,"mCalorie":0.3,"mOthersTime":0,"mRunTime":0,"mStartTime":81000000,"mTimeUnit":600000,"mWalkTime":5336,"runStep":0,"walkStep":8},{"distance":62.65,"mCalorie":3.2199998,"mOthersTime":0,"mRunTime":0,"mStartTime":81600000,"mTimeUnit":600000,"mWalkTime":54694,"runStep":0,"walkStep":82},{"distance":294.45,"mCalorie":15.72,"mOthersTime":0,"mRunTime":0,"mStartTime":83400000,"mTimeUnit":600000,"mWalkTime":248701,"runStep":0,"walkStep":400},{"distance":154.9,"mCalorie":8.66,"mOthersTime":0,"mRunTime":0,"mStartTime":84000000,"mTimeUnit":600000,"mWalkTime":142678,"runStep":0,"walkStep":232},{"distance":49.651,"mCalorie":2.5600002,"mOthersTime":0,"mRunTime":0,"mStartTime":84600000,"mTimeUnit":600000,"mWalkTime":44689,"runStep":0,"walkStep":67}],"version":1}