{"mActivityList":[{"mActiveTime":909395,"mActiveTimeType":0,"mCalorie":92.0,"mCategory":204,"mDetailInfoId":"d1740233-8659-354c-b286-b60c8f9a3a72","mDistance":817.87,"mDuration":909395,"mEndTime":46684793,"mStartTime":45775398,"mType":1001}],"mAdaptiveGoal":0,"mIsGoalAchieved":false,"mIsMostActiveAchieved":false,"mMostActiveMinutes":0,"mStreakDayCount":0,"mUnitDataList":[{"distance":189.61,"mCalorie":10.68,"mOthersTime":0,"mRunTime":400,"mStartTime":24000000,"mTimeUnit":600000,"mWalkTime":184759,"runStep":1,"walkStep":277},{"distance":173.96999,"mCalorie":9.31,"mOthersTime":0,"mRunTime":800,"mStartTime":24600000,"mTimeUnit":600000,"mWalkTime":154714,"runStep":2,"walkStep":239},{"distance":455.78,"mCalorie":25.54,"mOthersTime":0,"mRunTime":0,"mStartTime":25200000,"mTimeUnit":600000,"mWalkTime":396108,"runStep":0,"walkStep":633},{"distance":20.71,"mCalorie":1.15,"mOthersTime":0,"mRunTime":0,"mStartTime":25800000,"mTimeUnit":600000,"mWalkTime":20010,"runStep":0,"walkStep":30},{"distance":76.36,"mCalorie":3.66,"mOthersTime":0,"mRunTime":0,"mStartTime":27600000,"mTimeUnit":600000,"mWalkTime":69368,"runStep":0,"walkStep":104},{"distance":110.59,"mCalorie":5.92,"mOthersTime":0,"mRunTime":0,"mStartTime":28200000,"mTimeUnit":600000,"mWalkTime":102051,"runStep":0,"walkStep":153},{"distance":421.119,"mCalorie":22.39,"mOthersTime":0,"mRunTime":0,"mStartTime":28800000,"mTimeUnit":600000,"mWalkTime":368791,"runStep":0,"walkStep":586},{"distance":33.26,"mCalorie":1.7,"mOthersTime":0,"mRunTime":0,"mStartTime":29400000,"mTimeUnit":600000,"mWalkTime":30015,"runStep":0,"walkStep":45},{"distance":151.99,"mCalorie":7.3500004,"mOthersTime":0,"mRunTime":0,"mStartTime":30000000,"mTimeUnit":600000,"mWalkTime":135401,"runStep":0,"walkStep":203},{"distance":9.51,"mCalorie":0.48999998,"mOthersTime":0,"mRunTime":0,"mStartTime":30600000,"mTimeUnit":600000,"mWalkTime":8671,"runStep":0,"walkStep":13},{"distance":24.78,"mCalorie":1.2900001,"mOthersTime":0,"mRunTime":0,"mStartTime":32400000,"mTimeUnit":600000,"mWalkTime":22678,"runStep":0,"walkStep":34},{"distance":18.98,"mCalorie":0.86,"mOthersTime":0,"mRunTime":0,"mStartTime":34200000,"mTimeUnit":600000,"mWalkTime":16675,"runStep":0,"walkStep":25},{"distance":41.1,"mCalorie":1.76,"mOthersTime":0,"mRunTime":0,"mStartTime":34800000,"mTimeUnit":600000,"mWalkTime":36018,"runStep":0,"walkStep":54},{"distance":77.36,"mCalorie":4.19,"mOthersTime":0,"mRunTime":3200,"mStartTime":35400000,"mTimeUnit":600000,"mWalkTime":62031,"runStep":8,"walkStep":93},{"distance":29.871,"mCalorie":1.3399999,"mOthersTime":0,"mRunTime":0,"mStartTime":37200000,"mTimeUnit":600000,"mWalkTime":28014,"runStep":0,"walkStep":42},{"distance":69.73,"mCalorie":3.4299998,"mOthersTime":0,"mRunTime":0,"mStartTime":38400000,"mTimeUnit":600000,"mWalkTime":64032,"runStep":0,"walkStep":96},{"distance":102.08999,"mCalorie":5.629999,"mOthersTime":0,"mRunTime":0,"mStartTime":39000000,"mTimeUnit":600000,"mWalkTime":100717,"runStep":0,"walkStep":151},{"distance":180.27,"mCalorie":8.77,"mOthersTime":0,"mRunTime":0,"mStartTime":39600000,"mTimeUnit":600000,"mWalkTime":162081,"runStep":0,"walkStep":243},{"distance":63.87,"mCalorie":3.01,"mOthersTime":0,"mRunTime":0,"mStartTime":40200000,"mTimeUnit":600000,"mWalkTime":56695,"runStep":0,"walkStep":85},{"distance":54.57,"mCalorie":2.9,"mOthersTime":0,"mRunTime":0,"mStartTime":40800000,"mTimeUnit":600000,"mWalkTime":50692,"runStep":0,"walkStep":76},{"distance":8.781,"mCalorie":0.3,"mOthersTime":0,"mRunTime":0,"mStartTime":42000000,"mTimeUnit":600000,"mWalkTime":7337,"runStep":0,"walkStep":11},{"distance":90.909,"mCalorie":4.44,"mOthersTime":0,"mRunTime":800,"mStartTime":42600000,"mTimeUnit":600000,"mWalkTime":78039,"runStep":2,"walkStep":117},{"distance":152.15,"mCalorie":8.73,"mOthersTime":0,"mRunTime":0,"mStartTime":43200000,"mTimeUnit":600000,"mWalkTime":146710,"runStep":0,"walkStep":224},{"distance":17.539,"mCalorie":0.81,"mOthersTime":0,"mRunTime":0,"mStartTime":44400000,"mTimeUnit":600000,"mWalkTime":16008,"runStep":0,"walkStep":24},{"distance":366.54297,"mCalorie":26.51,"mOthersTime":0,"mRunTime":0,"mStartTime":45000000,"mTimeUnit":600000,"mWalkTime":360727,"runStep":0,"walkStep":578},{"distance":444.05,"mCalorie":46.240417,"mOthersTime":0,"mRunTime":0,"mStartTime":45600000,"mTimeUnit":600000,"mWalkTime":481304,"runStep":0,"walkStep":674},{"distance":478.8816,"mCalorie":51.244648,"mOthersTime":0,"mRunTime":0,"mStartTime":46200000,"mTimeUnit":600000,"mWalkTime":522812,"runStep":0,"walkStep":670},{"distance":59.640003,"mCalorie":3.02,"mOthersTime":0,"mRunTime":0,"mStartTime":46800000,"mTimeUnit":600000,"mWalkTime":54027,"runStep":0,"walkStep":81},{"distance":179.86,"mCalorie":9.29,"mOthersTime":0,"mRunTime":0,"mStartTime":47400000,"mTimeUnit":600000,"mWalkTime":160747,"runStep":0,"walkStep":241},{"distance":342.46,"mCalorie":21.76,"mOthersTime":0,"mRunTime":0,"mStartTime":48000000,"mTimeUnit":600000,"mWalkTime":310005,"runStep":0,"walkStep":540},{"distance":8.21,"mCalorie":0.33,"mOthersTime":0,"mRunTime":0,"mStartTime":48600000,"mTimeUnit":600000,"mWalkTime":7337,"runStep":0,"walkStep":11},{"distance":239.75,"mCalorie":14.690001,"mOthersTime":0,"mRunTime":0,"mStartTime":50400000,"mTimeUnit":600000,"mWalkTime":226750,"runStep":0,"walkStep":346},{"distance":179.98999,"mCalorie":9.14,"mOthersTime":0,"mRunTime":0,"mStartTime":51000000,"mTimeUnit":600000,"mWalkTime":167417,"runStep":0,"walkStep":251},{"distance":173.291,"mCalorie":8.900001,"mOthersTime":0,"mRunTime":0,"mStartTime":51600000,"mTimeUnit":600000,"mWalkTime":164082,"runStep":0,"walkStep":246},{"distance":214.32999,"mCalorie":10.12,"mOthersTime":0,"mRunTime":0,"mStartTime":52200000,"mTimeUnit":600000,"mWalkTime":176028,"runStep":0,"walkStep":292},{"distance":299.05896,"mCalorie":14.0199995,"mOthersTime":0,"mRunTime":0,"mStartTime":54600000,"mTimeUnit":600000,"mWalkTime":250065,"runStep":0,"walkStep":396},{"distance":47.43,"mCalorie":2.31,"mOthersTime":0,"mRunTime":0,"mStartTime":55800000,"mTimeUnit":600000,"mWalkTime":42021,"runStep":0,"walkStep":63},{"distance":53.839996,"mCalorie":2.79,"mOthersTime":0,"mRunTime":2000,"mStartTime":56400000,"mTimeUnit":600000,"mWalkTime":43355,"runStep":5,"walkStep":65},{"distance":9.03,"mCalorie":0.44,"mOthersTime":0,"mRunTime":0,"mStartTime":57000000,"mTimeUnit":600000,"mWalkTime":8004,"runStep":0,"walkStep":12},{"distance":29.73,"mCalorie":1.29,"mOthersTime":0,"mRunTime":0,"mStartTime":60000000,"mTimeUnit":600000,"mWalkTime":26680,"runStep":0,"walkStep":40},{"distance":23.029999,"mCalorie":1.13,"mOthersTime":0,"mRunTime":0,"mStartTime":60600000,"mTimeUnit":600000,"mWalkTime":21344,"runStep":0,"walkStep":32},{"distance":6.83,"mCalorie":0.4,"mOthersTime":0,"mRunTime":0,"mStartTime":61200000,"mTimeUnit":600000,"mWalkTime":6670,"runStep":0,"walkStep":10},{"distance":7.94,"mCalorie":0.35,"mOthersTime":0,"mRunTime":0,"mStartTime":61800000,"mTimeUnit":600000,"mWalkTime":7337,"runStep":0,"walkStep":11},{"distance":21.67,"mCalorie":1.12,"mOthersTime":0,"mRunTime":0,"mStartTime":63000000,"mTimeUnit":600000,"mWalkTime":20010,"runStep":0,"walkStep":30},{"distance":29.229,"mCalorie":1.38,"mOthersTime":0,"mRunTime":0,"mStartTime":64200000,"mTimeUnit":600000,"mWalkTime":26680,"runStep":0,"walkStep":40},{"distance":111.763,"mCalorie":5.35,"mOthersTime":0,"mRunTime":3200,"mStartTime":66600000,"mTimeUnit":600000,"mWalkTime":90712,"runStep":8,"walkStep":136},{"distance":93.989,"mCalorie":4.54,"mOthersTime":0,"mRunTime":0,"mStartTime":67200000,"mTimeUnit":600000,"mWalkTime":85376,"runStep":0,"walkStep":128},{"distance":36.31,"mCalorie":1.5899999,"mOthersTime":0,"mRunTime":0,"mStartTime":67800000,"mTimeUnit":600000,"mWalkTime":32683,"runStep":0,"walkStep":49},{"distance":12.2,"mCalorie":0.51,"mOthersTime":0,"mRunTime":0,"mStartTime":68400000,"mTimeUnit":600000,"mWalkTime":10005,"runStep":0,"walkStep":15},{"distance":107.019,"mCalorie":5.46,"mOthersTime":0,"mRunTime":1600,"mStartTime":69600000,"mTimeUnit":600000,"mWalkTime":90045,"runStep":4,"walkStep":135},{"distance":15.96,"mCalorie":0.69,"mOthersTime":0,"mRunTime":0,"mStartTime":70200000,"mTimeUnit":600000,"mWalkTime":14674,"runStep":0,"walkStep":22},{"distance":55.25,"mCalorie":3.06,"mOthersTime":0,"mRunTime":2400,"mStartTime":70800000,"mTimeUnit":600000,"mWalkTime":43355,"runStep":6,"walkStep":65},{"distance":15.44,"mCalorie":0.71000004,"mOthersTime":0,"mRunTime":0,"mStartTime":71400000,"mTimeUnit":600000,"mWalkTime":14007,"runStep":0,"walkStep":21},{"distance":4.63,"mCalorie":0.21,"mOthersTime":0,"mRunTime":0,"mStartTime":73800000,"mTimeUnit":600000,"mWalkTime":4002,"runStep":0,"walkStep":6},{"distance":43.88,"mCalorie":2.2199998,"mOthersTime":0,"mRunTime":0,"mStartTime":79200000,"mTimeUnit":600000,"mWalkTime":39353,"runStep":0,"walkStep":59},{"distance":46.05,"mCalorie":2.5700002,"mOthersTime":0,"mRunTime":1600,"mStartTime":79800000,"mTimeUnit":600000,"mWalkTime":38019,"runStep":4,"walkStep":57}],"version":1}