{"mActivityList":[{"mActiveTime":736160,"mActiveTimeType":2,"mCalorie":90.31,"mCategory":204,"mDetailInfoId":"341c6ea5-d5e9-ea05-4eaa-961b43c5adf1","mDistance":0.0,"mDuration":736160,"mEndTime":38317231,"mStartTime":37581071,"mType":11007},{"mActiveTime":600000,"mActiveTimeType":2,"mCalorie":59.98,"mCategory":204,"mDetailInfoId":"ce46c58b-d6b7-3c2c-e904-b32fbe9281e6","mDistance":0.0,"mDuration":600000,"mEndTime":67891051,"mStartTime":67291051,"mType":11007},{"mActiveTime":600000,"mActiveTimeType":2,"mCalorie":58.68,"mCategory":204,"mDetailInfoId":"3c8fdc12-6a35-c3fe-94b6-e13fdf16552f","mDistance":0.0,"mDuration":600000,"mEndTime":70737088,"mStartTime":70137088,"mType":11007}],"mAdaptiveGoal":0,"mIsGoalAchieved":false,"mIsMostActiveAchieved":false,"mMostActiveMinutes":0,"mStreakDayCount":0,"mUnitDataList":[{"distance":16.96,"mCalorie":0.90999997,"mOthersTime":0,"mRunTime":0,"mStartTime":11400000,"mTimeUnit":600000,"mWalkTime":16008,"runStep":0,"walkStep":24},{"distance":10.24,"mCalorie":0.5,"mOthersTime":0,"mRunTime":0,"mStartTime":12600000,"mTimeUnit":600000,"mWalkTime":9338,"runStep":0,"walkStep":14},{"distance":20.25,"mCalorie":1.14,"mOthersTime":0,"mRunTime":0,"mStartTime":13200000,"mTimeUnit":600000,"mWalkTime":18009,"runStep":0,"walkStep":27},{"distance":21.310001,"mCalorie":0.94,"mOthersTime":0,"mRunTime":0,"mStartTime":15600000,"mTimeUnit":600000,"mWalkTime":18009,"runStep":0,"walkStep":27},{"distance":17.16,"mCalorie":0.94,"mOthersTime":0,"mRunTime":0,"mStartTime":16800000,"mTimeUnit":600000,"mWalkTime":16008,"runStep":0,"walkStep":24},{"distance":6.76,"mCalorie":0.52,"mOthersTime":0,"mRunTime":0,"mStartTime":25800000,"mTimeUnit":600000,"mWalkTime":6670,"runStep":0,"walkStep":10},{"distance":29.83,"mCalorie":1.7,"mOthersTime":0,"mRunTime":3200,"mStartTime":26400000,"mTimeUnit":600000,"mWalkTime":22011,"runStep":8,"walkStep":33},{"distance":17.549,"mCalorie":1.08,"mOthersTime":0,"mRunTime":2800,"mStartTime":28200000,"mTimeUnit":600000,"mWalkTime":6670,"runStep":7,"walkStep":10},{"distance":9.2,"mCalorie":0.42,"mOthersTime":0,"mRunTime":0,"mStartTime":31200000,"mTimeUnit":600000,"mWalkTime":8004,"runStep":0,"walkStep":12},{"distance":42.4,"mCalorie":1.97,"mOthersTime":0,"mRunTime":400,"mStartTime":31800000,"mTimeUnit":600000,"mWalkTime":34684,"runStep":1,"walkStep":52},{"distance":71.950005,"mCalorie":3.9799998,"mOthersTime":0,"mRunTime":0,"mStartTime":32400000,"mTimeUnit":600000,"mWalkTime":68701,"runStep":0,"walkStep":103},{"distance":200.82999,"mCalorie":12.29,"mOthersTime":0,"mRunTime":0,"mStartTime":33000000,"mTimeUnit":600000,"mWalkTime":200100,"runStep":0,"walkStep":300},{"distance":240.9,"mCalorie":18.17,"mOthersTime":0,"mRunTime":0,"mStartTime":33600000,"mTimeUnit":600000,"mWalkTime":240787,"runStep":0,"walkStep":361},{"distance":323.85004,"mCalorie":16.37,"mOthersTime":0,"mRunTime":0,"mStartTime":34200000,"mTimeUnit":600000,"mWalkTime":280777,"runStep":0,"walkStep":437},{"distance":306.04,"mCalorie":15.139999,"mOthersTime":0,"mRunTime":0,"mStartTime":34800000,"mTimeUnit":600000,"mWalkTime":274137,"runStep":0,"walkStep":411},{"distance":109.81,"mCalorie":5.52,"mOthersTime":0,"mRunTime":0,"mStartTime":35400000,"mTimeUnit":600000,"mWalkTime":99383,"runStep":0,"walkStep":149},{"distance":39.190002,"mCalorie":1.8199999,"mOthersTime":0,"mRunTime":0,"mStartTime":36000000,"mTimeUnit":600000,"mWalkTime":34017,"runStep":0,"walkStep":51},{"distance":104.36799,"mCalorie":5.11,"mOthersTime":0,"mRunTime":0,"mStartTime":36600000,"mTimeUnit":600000,"mWalkTime":93380,"runStep":0,"walkStep":140},{"distance":119.16373,"mCalorie":33.107033,"mOthersTime":218929,"mRunTime":0,"mStartTime":37200000,"mTimeUnit":600000,"mWalkTime":108085,"runStep":0,"walkStep":329},{"distance":61.48333,"mCalorie":66.638664,"mOthersTime":517231,"mRunTime":456,"mStartTime":37800000,"mTimeUnit":600000,"mWalkTime":53089,"runStep":3,"walkStep":429},{"distance":145.67,"mCalorie":7.25,"mOthersTime":0,"mRunTime":0,"mStartTime":38400000,"mTimeUnit":600000,"mWalkTime":132066,"runStep":0,"walkStep":198},{"distance":121.101,"mCalorie":6.1299996,"mOthersTime":0,"mRunTime":0,"mStartTime":39000000,"mTimeUnit":600000,"mWalkTime":110722,"runStep":0,"walkStep":166},{"distance":236.43,"mCalorie":12.46,"mOthersTime":0,"mRunTime":0,"mStartTime":39600000,"mTimeUnit":600000,"mWalkTime":217442,"runStep":0,"walkStep":326},{"distance":18.37,"mCalorie":0.98,"mOthersTime":0,"mRunTime":0,"mStartTime":40200000,"mTimeUnit":600000,"mWalkTime":17342,"runStep":0,"walkStep":26},{"distance":72.026,"mCalorie":3.58,"mOthersTime":0,"mRunTime":0,"mStartTime":45600000,"mTimeUnit":600000,"mWalkTime":64032,"runStep":0,"walkStep":96},{"distance":26.44,"mCalorie":1.62,"mOthersTime":0,"mRunTime":2400,"mStartTime":46200000,"mTimeUnit":600000,"mWalkTime":16008,"runStep":6,"walkStep":24},{"distance":14.55,"mCalorie":0.76,"mOthersTime":0,"mRunTime":800,"mStartTime":46800000,"mTimeUnit":600000,"mWalkTime":10672,"runStep":2,"walkStep":16},{"distance":29.66,"mCalorie":1.4499999,"mOthersTime":0,"mRunTime":0,"mStartTime":47400000,"mTimeUnit":600000,"mWalkTime":24012,"runStep":0,"walkStep":36},{"distance":8.14,"mCalorie":0.5,"mOthersTime":0,"mRunTime":0,"mStartTime":48000000,"mTimeUnit":600000,"mWalkTime":8004,"runStep":0,"walkStep":12},{"distance":10.04,"mCalorie":0.44,"mOthersTime":0,"mRunTime":0,"mStartTime":49200000,"mTimeUnit":600000,"mWalkTime":8671,"runStep":0,"walkStep":13},{"distance":137.12001,"mCalorie":7.6800003,"mOthersTime":0,"mRunTime":1600,"mStartTime":49800000,"mTimeUnit":600000,"mWalkTime":127397,"runStep":4,"walkStep":191},{"distance":8.81,"mCalorie":0.41,"mOthersTime":0,"mRunTime":0,"mStartTime":50400000,"mTimeUnit":600000,"mWalkTime":8004,"runStep":0,"walkStep":12},{"distance":70.199,"mCalorie":3.88,"mOthersTime":0,"mRunTime":0,"mStartTime":51000000,"mTimeUnit":600000,"mWalkTime":68701,"runStep":0,"walkStep":103},{"distance":183.16,"mCalorie":9.900001,"mOthersTime":0,"mRunTime":2000,"mStartTime":52800000,"mTimeUnit":600000,"mWalkTime":160717,"runStep":5,"walkStep":250},{"distance":56.85,"mCalorie":3.0,"mOthersTime":0,"mRunTime":0,"mStartTime":53400000,"mTimeUnit":600000,"mWalkTime":54027,"runStep":0,"walkStep":81},{"distance":147.93,"mCalorie":7.87,"mOthersTime":0,"mRunTime":0,"mStartTime":54000000,"mTimeUnit":600000,"mWalkTime":133370,"runStep":0,"walkStep":204},{"distance":17.14,"mCalorie":0.77,"mOthersTime":0,"mRunTime":0,"mStartTime":54600000,"mTimeUnit":600000,"mWalkTime":15341,"runStep":0,"walkStep":23},{"distance":4.74,"mCalorie":0.21,"mOthersTime":0,"mRunTime":0,"mStartTime":55200000,"mTimeUnit":600000,"mWalkTime":4002,"runStep":0,"walkStep":6},{"distance":31.439999,"mCalorie":1.63,"mOthersTime":0,"mRunTime":0,"mStartTime":55800000,"mTimeUnit":600000,"mWalkTime":28681,"runStep":0,"walkStep":43},{"distance":7.28,"mCalorie":0.39,"mOthersTime":0,"mRunTime":0,"mStartTime":56400000,"mTimeUnit":600000,"mWalkTime":6670,"runStep":0,"walkStep":10},{"distance":61.158,"mCalorie":3.44,"mOthersTime":0,"mRunTime":2000,"mStartTime":57000000,"mTimeUnit":600000,"mWalkTime":47357,"runStep":5,"walkStep":71},{"distance":33.34,"mCalorie":1.6800001,"mOthersTime":0,"mRunTime":400,"mStartTime":63600000,"mTimeUnit":600000,"mWalkTime":28681,"runStep":1,"walkStep":43},{"distance":22.921,"mCalorie":1.17,"mOthersTime":0,"mRunTime":400,"mStartTime":64200000,"mTimeUnit":600000,"mWalkTime":19343,"runStep":1,"walkStep":29},{"distance":26.74,"mCalorie":1.16,"mOthersTime":0,"mRunTime":0,"mStartTime":64800000,"mTimeUnit":600000,"mWalkTime":23345,"runStep":0,"walkStep":35},{"distance":47.559998,"mCalorie":2.24,"mOthersTime":0,"mRunTime":0,"mStartTime":65400000,"mTimeUnit":600000,"mWalkTime":44022,"runStep":0,"walkStep":66},{"distance":86.543,"mCalorie":4.2799997,"mOthersTime":0,"mRunTime":0,"mStartTime":66000000,"mTimeUnit":600000,"mWalkTime":81374,"runStep":0,"walkStep":122},{"distance":144.65,"mCalorie":7.13,"mOthersTime":0,"mRunTime":0,"mStartTime":66600000,"mTimeUnit":600000,"mWalkTime":130065,"runStep":0,"walkStep":195},{"distance":0.0,"mCalorie":50.877937,"mOthersTime":508949,"mRunTime":0,"mStartTime":67200000,"mTimeUnit":600000,"mWalkTime":0,"runStep":0,"walkStep":0},{"distance":131.10999,"mCalorie":15.562065,"mOthersTime":91051,"mRunTime":0,"mStartTime":67800000,"mTimeUnit":600000,"mWalkTime":118726,"runStep":5,"walkStep":188},{"distance":85.93101,"mCalorie":4.4199996,"mOthersTime":0,"mRunTime":0,"mStartTime":68400000,"mTimeUnit":600000,"mWalkTime":80707,"runStep":0,"walkStep":121},{"distance":52.781,"mCalorie":2.67,"mOthersTime":0,"mRunTime":0,"mStartTime":69000000,"mTimeUnit":600000,"mWalkTime":49358,"runStep":0,"walkStep":74},{"distance":25.09,"mCalorie":7.4627934,"mOthersTime":62912,"mRunTime":0,"mStartTime":69600000,"mTimeUnit":600000,"mWalkTime":22678,"runStep":0,"walkStep":34},{"distance":0.0,"mCalorie":52.527206,"mOthersTime":537088,"mRunTime":0,"mStartTime":70200000,"mTimeUnit":600000,"mWalkTime":0,"runStep":0,"walkStep":0},{"distance":69.11,"mCalorie":3.63,"mOthersTime":0,"mRunTime":0,"mStartTime":70800000,"mTimeUnit":600000,"mWalkTime":64032,"runStep":0,"walkStep":96},{"distance":42.849,"mCalorie":2.37,"mOthersTime":0,"mRunTime":400,"mStartTime":72000000,"mTimeUnit":600000,"mWalkTime":36685,"runStep":1,"walkStep":55},{"distance":85.94,"mCalorie":4.7,"mOthersTime":0,"mRunTime":0,"mStartTime":72600000,"mTimeUnit":600000,"mWalkTime":80040,"runStep":0,"walkStep":120},{"distance":56.199997,"mCalorie":3.0500002,"mOthersTime":0,"mRunTime":0,"mStartTime":73200000,"mTimeUnit":600000,"mWalkTime":51359,"runStep":0,"walkStep":77},{"distance":13.27,"mCalorie":0.65,"mOthersTime":0,"mRunTime":0,"mStartTime":76800000,"mTimeUnit":600000,"mWalkTime":12006,"runStep":0,"walkStep":18},{"distance":17.359999,"mCalorie":0.90000004,"mOthersTime":0,"mRunTime":0,"mStartTime":78000000,"mTimeUnit":600000,"mWalkTime":16008,"runStep":0,"walkStep":24},{"distance":93.89,"mCalorie":5.5,"mOthersTime":0,"mRunTime":0,"mStartTime":79200000,"mTimeUnit":600000,"mWalkTime":88711,"runStep":0,"walkStep":133},{"distance":23.960001,"mCalorie":1.27,"mOthersTime":0,"mRunTime":0,"mStartTime":79800000,"mTimeUnit":600000,"mWalkTime":22011,"runStep":0,"walkStep":33}],"version":1}