{"mActivityList":[{"mActiveTime":1387181,"mActiveTimeType":0,"mCalorie":126.0,"mCategory":204,"mDetailInfoId":"06b335e2-a048-2b13-a483-0d0460a1e715","mDistance":1728.866,"mDuration":1387181,"mEndTime":25256402,"mStartTime":23869221,"mType":1001},{"mActiveTime":1150204,"mActiveTimeType":0,"mCalorie":140.0,"mCategory":204,"mDetailInfoId":"43f7b0f6-fae4-cef0-d684-5a0f7d5bb813","mDistance":1463.931,"mDuration":1150204,"mEndTime":29154688,"mStartTime":28004484,"mType":1001}],"mAdaptiveGoal":0,"mIsGoalAchieved":false,"mIsMostActiveAchieved":false,"mMostActiveMinutes":0,"mStreakDayCount":0,"mUnitDataList":[{"distance":217.51537,"mCalorie":14.939641,"mOthersTime":0,"mRunTime":1785,"mStartTime":23400000,"mTimeUnit":600000,"mWalkTime":175515,"runStep":5,"walkStep":293},{"distance":747.7896,"mCalorie":54.499016,"mOthersTime":0,"mRunTime":0,"mStartTime":24000000,"mTimeUnit":600000,"mWalkTime":600000,"runStep":0,"walkStep":1102},{"distance":747.7896,"mCalorie":54.499016,"mOthersTime":0,"mRunTime":0,"mStartTime":24600000,"mTimeUnit":600000,"mWalkTime":600000,"runStep":0,"walkStep":946},{"distance":78.59563,"mCalorie":5.481873,"mOthersTime":0,"mRunTime":0,"mStartTime":25200000,"mTimeUnit":600000,"mWalkTime":63591,"runStep":0,"walkStep":23},{"distance":9.18,"mCalorie":0.43,"mOthersTime":0,"mRunTime":0,"mStartTime":26400000,"mTimeUnit":600000,"mWalkTime":8004,"runStep":0,"walkStep":12},{"distance":31.100002,"mCalorie":1.92,"mOthersTime":0,"mRunTime":2800,"mStartTime":27000000,"mTimeUnit":600000,"mWalkTime":24012,"runStep":7,"walkStep":36},{"distance":478.14203,"mCalorie":34.408974,"mOthersTime":0,"mRunTime":0,"mStartTime":27600000,"mTimeUnit":600000,"mWalkTime":384240,"runStep":0,"walkStep":645},{"distance":763.65466,"mCalorie":73.030525,"mOthersTime":0,"mRunTime":0,"mStartTime":28200000,"mTimeUnit":600000,"mWalkTime":600000,"runStep":0,"walkStep":1060},{"distance":463.30426,"mCalorie":43.731266,"mOthersTime":0,"mRunTime":0,"mStartTime":28800000,"mTimeUnit":600000,"mWalkTime":365602,"runStep":0,"walkStep":571},{"distance":9.35,"mCalorie":0.5,"mOthersTime":0,"mRunTime":0,"mStartTime":30000000,"mTimeUnit":600000,"mWalkTime":8671,"runStep":0,"walkStep":13},{"distance":136.09,"mCalorie":7.14,"mOthersTime":0,"mRunTime":0,"mStartTime":32400000,"mTimeUnit":600000,"mWalkTime":127397,"runStep":0,"walkStep":191},{"distance":59.640003,"mCalorie":3.19,"mOthersTime":0,"mRunTime":0,"mStartTime":33000000,"mTimeUnit":600000,"mWalkTime":56695,"runStep":0,"walkStep":85},{"distance":69.78,"mCalorie":3.6699998,"mOthersTime":0,"mRunTime":0,"mStartTime":33600000,"mTimeUnit":600000,"mWalkTime":65366,"runStep":0,"walkStep":98},{"distance":56.17,"mCalorie":2.9400003,"mOthersTime":0,"mRunTime":0,"mStartTime":34200000,"mTimeUnit":600000,"mWalkTime":51359,"runStep":0,"walkStep":77},{"distance":65.81,"mCalorie":3.42,"mOthersTime":0,"mRunTime":0,"mStartTime":34800000,"mTimeUnit":600000,"mWalkTime":59363,"runStep":0,"walkStep":89},{"distance":112.740005,"mCalorie":5.6099997,"mOthersTime":0,"mRunTime":0,"mStartTime":36000000,"mTimeUnit":600000,"mWalkTime":103385,"runStep":0,"walkStep":155},{"distance":18.02,"mCalorie":0.89,"mOthersTime":0,"mRunTime":0,"mStartTime":36600000,"mTimeUnit":600000,"mWalkTime":16008,"runStep":0,"walkStep":24},{"distance":106.70999,"mCalorie":5.45,"mOthersTime":0,"mRunTime":0,"mStartTime":39000000,"mTimeUnit":600000,"mWalkTime":96715,"runStep":0,"walkStep":145},{"distance":7.38,"mCalorie":0.46,"mOthersTime":0,"mRunTime":0,"mStartTime":39600000,"mTimeUnit":600000,"mWalkTime":7337,"runStep":0,"walkStep":11},{"distance":106.23,"mCalorie":5.51,"mOthersTime":0,"mRunTime":4000,"mStartTime":40200000,"mTimeUnit":600000,"mWalkTime":74704,"runStep":10,"walkStep":112},{"distance":20.779999,"mCalorie":0.86,"mOthersTime":0,"mRunTime":0,"mStartTime":40800000,"mTimeUnit":600000,"mWalkTime":18009,"runStep":0,"walkStep":27},{"distance":24.14,"mCalorie":1.14,"mOthersTime":0,"mRunTime":0,"mStartTime":41400000,"mTimeUnit":600000,"mWalkTime":21344,"runStep":0,"walkStep":32},{"distance":14.58,"mCalorie":0.7,"mOthersTime":0,"mRunTime":0,"mStartTime":42000000,"mTimeUnit":600000,"mWalkTime":13340,"runStep":0,"walkStep":20},{"distance":64.37,"mCalorie":3.71,"mOthersTime":0,"mRunTime":400,"mStartTime":42600000,"mTimeUnit":600000,"mWalkTime":58696,"runStep":1,"walkStep":88},{"distance":107.740005,"mCalorie":5.76,"mOthersTime":0,"mRunTime":0,"mStartTime":43200000,"mTimeUnit":600000,"mWalkTime":106720,"runStep":0,"walkStep":160},{"distance":444.69998,"mCalorie":23.68,"mOthersTime":0,"mRunTime":0,"mStartTime":43800000,"mTimeUnit":600000,"mWalkTime":381434,"runStep":0,"walkStep":618},{"distance":34.05,"mCalorie":1.6299999,"mOthersTime":0,"mRunTime":0,"mStartTime":44400000,"mTimeUnit":600000,"mWalkTime":30682,"runStep":0,"walkStep":46},{"distance":33.05,"mCalorie":1.7,"mOthersTime":0,"mRunTime":1200,"mStartTime":45600000,"mTimeUnit":600000,"mWalkTime":26013,"runStep":3,"walkStep":39},{"distance":432.84,"mCalorie":24.05,"mOthersTime":0,"mRunTime":0,"mStartTime":46800000,"mTimeUnit":600000,"mWalkTime":352056,"runStep":0,"walkStep":602},{"distance":34.13,"mCalorie":3.1000001,"mOthersTime":0,"mRunTime":0,"mStartTime":47400000,"mTimeUnit":600000,"mWalkTime":36018,"runStep":0,"walkStep":54},{"distance":190.13998,"mCalorie":9.24,"mOthersTime":0,"mRunTime":0,"mStartTime":48000000,"mTimeUnit":600000,"mWalkTime":173420,"runStep":0,"walkStep":260},{"distance":227.31999,"mCalorie":11.7699995,"mOthersTime":0,"mRunTime":0,"mStartTime":48600000,"mTimeUnit":600000,"mWalkTime":204072,"runStep":0,"walkStep":313},{"distance":26.19,"mCalorie":1.39,"mOthersTime":0,"mRunTime":800,"mStartTime":49200000,"mTimeUnit":600000,"mWalkTime":20677,"runStep":2,"walkStep":31},{"distance":157.36998,"mCalorie":8.130001,"mOthersTime":0,"mRunTime":0,"mStartTime":49800000,"mTimeUnit":600000,"mWalkTime":143405,"runStep":0,"walkStep":215},{"distance":245.42001,"mCalorie":11.79,"mOthersTime":0,"mRunTime":0,"mStartTime":50400000,"mTimeUnit":600000,"mWalkTime":200707,"runStep":0,"walkStep":325},{"distance":297.603,"mCalorie":13.650001,"mOthersTime":0,"mRunTime":0,"mStartTime":51000000,"mTimeUnit":600000,"mWalkTime":232056,"runStep":0,"walkStep":393},{"distance":25.649998,"mCalorie":1.36,"mOthersTime":0,"mRunTime":0,"mStartTime":51600000,"mTimeUnit":600000,"mWalkTime":24012,"runStep":0,"walkStep":36},{"distance":75.08,"mCalorie":3.84,"mOthersTime":0,"mRunTime":0,"mStartTime":53400000,"mTimeUnit":600000,"mWalkTime":68701,"runStep":0,"walkStep":103},{"distance":50.27,"mCalorie":2.61,"mOthersTime":0,"mRunTime":0,"mStartTime":55200000,"mTimeUnit":600000,"mWalkTime":47357,"runStep":0,"walkStep":71},{"distance":101.89,"mCalorie":4.75,"mOthersTime":0,"mRunTime":0,"mStartTime":55800000,"mTimeUnit":600000,"mWalkTime":90045,"runStep":0,"walkStep":135},{"distance":62.56,"mCalorie":4.0,"mOthersTime":0,"mRunTime":0,"mStartTime":56400000,"mTimeUnit":600000,"mWalkTime":72703,"runStep":0,"walkStep":109},{"distance":123.380005,"mCalorie":7.2000003,"mOthersTime":0,"mRunTime":0,"mStartTime":57000000,"mTimeUnit":600000,"mWalkTime":117392,"runStep":0,"walkStep":176},{"distance":109.18001,"mCalorie":5.92,"mOthersTime":0,"mRunTime":0,"mStartTime":57600000,"mTimeUnit":600000,"mWalkTime":105386,"runStep":0,"walkStep":158},{"distance":244.73,"mCalorie":12.969999,"mOthersTime":0,"mRunTime":0,"mStartTime":58200000,"mTimeUnit":600000,"mWalkTime":224779,"runStep":0,"walkStep":337},{"distance":109.89001,"mCalorie":5.69,"mOthersTime":0,"mRunTime":0,"mStartTime":58800000,"mTimeUnit":600000,"mWalkTime":99383,"runStep":0,"walkStep":149},{"distance":81.91,"mCalorie":4.03,"mOthersTime":0,"mRunTime":0,"mStartTime":59400000,"mTimeUnit":600000,"mWalkTime":74037,"runStep":0,"walkStep":111},{"distance":32.18,"mCalorie":1.48,"mOthersTime":0,"mRunTime":0,"mStartTime":60000000,"mTimeUnit":600000,"mWalkTime":28681,"runStep":0,"walkStep":43},{"distance":18.95,"mCalorie":0.99,"mOthersTime":0,"mRunTime":0,"mStartTime":60600000,"mTimeUnit":600000,"mWalkTime":17342,"runStep":0,"walkStep":26},{"distance":7.7,"mCalorie":0.32,"mOthersTime":0,"mRunTime":0,"mStartTime":61200000,"mTimeUnit":600000,"mWalkTime":6670,"runStep":0,"walkStep":10},{"distance":65.299995,"mCalorie":3.29,"mOthersTime":0,"mRunTime":400,"mStartTime":62400000,"mTimeUnit":600000,"mWalkTime":56028,"runStep":1,"walkStep":84},{"distance":14.01,"mCalorie":0.78,"mOthersTime":0,"mRunTime":0,"mStartTime":63600000,"mTimeUnit":600000,"mWalkTime":13340,"runStep":0,"walkStep":20},{"distance":8.73,"mCalorie":0.38,"mOthersTime":0,"mRunTime":0,"mStartTime":66000000,"mTimeUnit":600000,"mWalkTime":7337,"runStep":0,"walkStep":11},{"distance":105.600006,"mCalorie":5.75,"mOthersTime":0,"mRunTime":0,"mStartTime":66600000,"mTimeUnit":600000,"mWalkTime":103385,"runStep":0,"walkStep":155},{"distance":523.36,"mCalorie":26.76,"mOthersTime":0,"mRunTime":0,"mStartTime":67200000,"mTimeUnit":600000,"mWalkTime":412056,"runStep":0,"walkStep":715},{"distance":54.23,"mCalorie":2.89,"mOthersTime":0,"mRunTime":1600,"mStartTime":67800000,"mTimeUnit":600000,"mWalkTime":44022,"runStep":4,"walkStep":66},{"distance":8.57,"mCalorie":0.37,"mOthersTime":0,"mRunTime":0,"mStartTime":69000000,"mTimeUnit":600000,"mWalkTime":7337,"runStep":0,"walkStep":11},{"distance":30.85,"mCalorie":1.7,"mOthersTime":0,"mRunTime":0,"mStartTime":69600000,"mTimeUnit":600000,"mWalkTime":28681,"runStep":0,"walkStep":43},{"distance":500.12997,"mCalorie":26.810001,"mOthersTime":0,"mRunTime":0,"mStartTime":70200000,"mTimeUnit":600000,"mWalkTime":394047,"runStep":0,"walkStep":686},{"distance":53.949997,"mCalorie":2.74,"mOthersTime":0,"mRunTime":0,"mStartTime":70800000,"mTimeUnit":600000,"mWalkTime":49358,"runStep":0,"walkStep":74},{"distance":26.78,"mCalorie":1.38,"mOthersTime":0,"mRunTime":0,"mStartTime":72000000,"mTimeUnit":600000,"mWalkTime":24679,"runStep":0,"walkStep":37},{"distance":5.7700005,"mCalorie":0.29999998,"mOthersTime":0,"mRunTime":0,"mStartTime":73200000,"mTimeUnit":600000,"mWalkTime":5336,"runStep":0,"walkStep":8},{"distance":50.28,"mCalorie":2.44,"mOthersTime":0,"mRunTime":0,"mStartTime":78000000,"mTimeUnit":600000,"mWalkTime":45356,"runStep":0,"walkStep":68},{"distance":25.5,"mCalorie":1.31,"mOthersTime":0,"mRunTime":0,"mStartTime":78600000,"mTimeUnit":600000,"mWalkTime":23345,"runStep":0,"walkStep":35},{"distance":9.58,"mCalorie":0.61,"mOthersTime":0,"mRunTime":0,"mStartTime":79800000,"mTimeUnit":600000,"mWalkTime":9338,"runStep":0,"walkStep":14},{"distance":13.7,"mCalorie":0.62,"mOthersTime":0,"mRunTime":0,"mStartTime":80400000,"mTimeUnit":600000,"mWalkTime":12006,"runStep":0,"walkStep":18},{"distance":25.169998,"mCalorie":1.26,"mOthersTime":0,"mRunTime":0,"mStartTime":81000000,"mTimeUnit":600000,"mWalkTime":20677,"runStep":0,"walkStep":31},{"distance":20.29,"mCalorie":0.96000004,"mOthersTime":0,"mRunTime":0,"mStartTime":81600000,"mTimeUnit":600000,"mWalkTime":18009,"runStep":0,"walkStep":27},{"distance":28.93,"mCalorie":1.48,"mOthersTime":0,"mRunTime":0,"mStartTime":82200000,"mTimeUnit":600000,"mWalkTime":26680,"runStep":0,"walkStep":40},{"distance":18.49,"mCalorie":0.8,"mOthersTime":0,"mRunTime":0,"mStartTime":82800000,"mTimeUnit":600000,"mWalkTime":15341,"runStep":0,"walkStep":23}],"version":1}