{"mAdaptiveGoal":0,"mIsGoalAchieved":false,"mIsMostActiveAchieved":false,"mMostActiveMinutes":0,"mStreakDayCount":0,"mUnitDataList":[{"distance":22.12,"mCalorie":0.9,"mOthersTime":0,"mRunTime":0,"mStartTime":6600000,"mTimeUnit":600000,"mWalkTime":18676,"runStep":0,"walkStep":28},{"distance":27.25,"mCalorie":1.78,"mOthersTime":0,"mRunTime":1600,"mStartTime":23400000,"mTimeUnit":600000,"mWalkTime":20010,"runStep":4,"walkStep":30},{"distance":67.55,"mCalorie":3.2800002,"mOthersTime":0,"mRunTime":0,"mStartTime":24000000,"mTimeUnit":600000,"mWalkTime":60697,"runStep":0,"walkStep":91},{"distance":65.14,"mCalorie":3.17,"mOthersTime":0,"mRunTime":0,"mStartTime":24600000,"mTimeUnit":600000,"mWalkTime":58696,"runStep":0,"walkStep":88},{"distance":98.97,"mCalorie":4.57,"mOthersTime":0,"mRunTime":0,"mStartTime":25200000,"mTimeUnit":600000,"mWalkTime":82011,"runStep":0,"walkStep":130},{"distance":62.53,"mCalorie":3.21,"mOthersTime":0,"mRunTime":0,"mStartTime":25800000,"mTimeUnit":600000,"mWalkTime":56695,"runStep":0,"walkStep":85},{"distance":14.75,"mCalorie":0.76,"mOthersTime":0,"mRunTime":0,"mStartTime":26400000,"mTimeUnit":600000,"mWalkTime":13340,"runStep":0,"walkStep":20},{"distance":105.78,"mCalorie":4.87,"mOthersTime":0,"mRunTime":800,"mStartTime":27600000,"mTimeUnit":600000,"mWalkTime":90682,"runStep":2,"walkStep":136},{"distance":56.39,"mCalorie":2.73,"mOthersTime":0,"mRunTime":0,"mStartTime":28200000,"mTimeUnit":600000,"mWalkTime":51359,"runStep":0,"walkStep":77},{"distance":73.08,"mCalorie":3.6399999,"mOthersTime":0,"mRunTime":0,"mStartTime":28800000,"mTimeUnit":600000,"mWalkTime":64699,"runStep":0,"walkStep":97},{"distance":7.63,"mCalorie":0.32,"mOthersTime":0,"mRunTime":0,"mStartTime":30600000,"mTimeUnit":600000,"mWalkTime":6670,"runStep":0,"walkStep":10},{"distance":57.530003,"mCalorie":2.71,"mOthersTime":0,"mRunTime":0,"mStartTime":32400000,"mTimeUnit":600000,"mWalkTime":51359,"runStep":0,"walkStep":77},{"distance":16.42,"mCalorie":0.87,"mOthersTime":0,"mRunTime":0,"mStartTime":33000000,"mTimeUnit":600000,"mWalkTime":15341,"runStep":0,"walkStep":23},{"distance":16.0,"mCalorie":0.61,"mOthersTime":0,"mRunTime":0,"mStartTime":34200000,"mTimeUnit":600000,"mWalkTime":13340,"runStep":0,"walkStep":20},{"distance":107.450005,"mCalorie":5.13,"mOthersTime":0,"mRunTime":0,"mStartTime":34800000,"mTimeUnit":600000,"mWalkTime":98049,"runStep":0,"walkStep":147},{"distance":22.31,"mCalorie":1.15,"mOthersTime":0,"mRunTime":0,"mStartTime":35400000,"mTimeUnit":600000,"mWalkTime":20677,"runStep":0,"walkStep":31},{"distance":7.33,"mCalorie":0.43,"mOthersTime":0,"mRunTime":0,"mStartTime":36000000,"mTimeUnit":600000,"mWalkTime":7337,"runStep":0,"walkStep":11},{"distance":8.02,"mCalorie":0.34,"mOthersTime":0,"mRunTime":0,"mStartTime":36600000,"mTimeUnit":600000,"mWalkTime":6670,"runStep":0,"walkStep":10},{"distance":7.12,"mCalorie":0.39,"mOthersTime":0,"mRunTime":0,"mStartTime":37200000,"mTimeUnit":600000,"mWalkTime":6670,"runStep":0,"walkStep":10},{"distance":46.23,"mCalorie":2.31,"mOthersTime":0,"mRunTime":0,"mStartTime":37800000,"mTimeUnit":600000,"mWalkTime":42021,"runStep":0,"walkStep":63},{"distance":51.94,"mCalorie":2.48,"mOthersTime":0,"mRunTime":0,"mStartTime":38400000,"mTimeUnit":600000,"mWalkTime":45356,"runStep":0,"walkStep":68},{"distance":31.25,"mCalorie":1.47,"mOthersTime":0,"mRunTime":0,"mStartTime":39000000,"mTimeUnit":600000,"mWalkTime":28014,"runStep":0,"walkStep":42},{"distance":24.84,"mCalorie":1.27,"mOthersTime":0,"mRunTime":0,"mStartTime":39600000,"mTimeUnit":600000,"mWalkTime":22678,"runStep":0,"walkStep":34},{"distance":12.28,"mCalorie":0.61,"mOthersTime":0,"mRunTime":0,"mStartTime":40200000,"mTimeUnit":600000,"mWalkTime":11339,"runStep":0,"walkStep":17},{"distance":20.44,"mCalorie":0.72,"mOthersTime":0,"mRunTime":0,"mStartTime":40800000,"mTimeUnit":600000,"mWalkTime":16675,"runStep":0,"walkStep":25},{"distance":55.9,"mCalorie":2.71,"mOthersTime":0,"mRunTime":0,"mStartTime":41400000,"mTimeUnit":600000,"mWalkTime":50692,"runStep":0,"walkStep":76},{"distance":28.800001,"mCalorie":1.6400001,"mOthersTime":0,"mRunTime":400,"mStartTime":42000000,"mTimeUnit":600000,"mWalkTime":20677,"runStep":1,"walkStep":31},{"distance":126.979996,"mCalorie":7.09,"mOthersTime":0,"mRunTime":800,"mStartTime":42600000,"mTimeUnit":600000,"mWalkTime":127397,"runStep":2,"walkStep":191},{"distance":41.0,"mCalorie":2.21,"mOthersTime":0,"mRunTime":0,"mStartTime":43200000,"mTimeUnit":600000,"mWalkTime":38019,"runStep":0,"walkStep":57},{"distance":93.04,"mCalorie":4.3500004,"mOthersTime":0,"mRunTime":0,"mStartTime":43800000,"mTimeUnit":600000,"mWalkTime":78009,"runStep":0,"walkStep":127},{"distance":129.2,"mCalorie":6.38,"mOthersTime":0,"mRunTime":800,"mStartTime":44400000,"mTimeUnit":600000,"mWalkTime":110692,"runStep":2,"walkStep":169},{"distance":299.1,"mCalorie":15.0199995,"mOthersTime":0,"mRunTime":0,"mStartTime":46200000,"mTimeUnit":600000,"mWalkTime":238726,"runStep":0,"walkStep":400},{"distance":138.43,"mCalorie":6.75,"mOthersTime":0,"mRunTime":0,"mStartTime":46800000,"mTimeUnit":600000,"mWalkTime":126730,"runStep":0,"walkStep":190},{"distance":25.35,"mCalorie":1.44,"mOthersTime":0,"mRunTime":400,"mStartTime":47400000,"mTimeUnit":600000,"mWalkTime":20677,"runStep":1,"walkStep":31},{"distance":90.240005,"mCalorie":4.7699995,"mOthersTime":0,"mRunTime":400,"mStartTime":48000000,"mTimeUnit":600000,"mWalkTime":82708,"runStep":1,"walkStep":124},{"distance":37.39,"mCalorie":2.0300002,"mOthersTime":0,"mRunTime":1600,"mStartTime":51600000,"mTimeUnit":600000,"mWalkTime":30682,"runStep":4,"walkStep":46},{"distance":34.75,"mCalorie":1.8999999,"mOthersTime":0,"mRunTime":400,"mStartTime":52200000,"mTimeUnit":600000,"mWalkTime":28014,"runStep":1,"walkStep":42},{"distance":9.48,"mCalorie":0.58,"mOthersTime":0,"mRunTime":0,"mStartTime":53400000,"mTimeUnit":600000,"mWalkTime":9338,"runStep":0,"walkStep":14},{"distance":81.770004,"mCalorie":4.3399997,"mOthersTime":0,"mRunTime":2400,"mStartTime":54000000,"mTimeUnit":600000,"mWalkTime":65366,"runStep":6,"walkStep":98},{"distance":252.72,"mCalorie":13.62,"mOthersTime":0,"mRunTime":0,"mStartTime":54600000,"mTimeUnit":600000,"mWalkTime":236785,"runStep":0,"walkStep":355},{"distance":127.520004,"mCalorie":7.0400004,"mOthersTime":0,"mRunTime":0,"mStartTime":55200000,"mTimeUnit":600000,"mWalkTime":125396,"runStep":0,"walkStep":188},{"distance":59.82,"mCalorie":3.08,"mOthersTime":0,"mRunTime":0,"mStartTime":55800000,"mTimeUnit":600000,"mWalkTime":55361,"runStep":0,"walkStep":83},{"distance":73.08,"mCalorie":4.05,"mOthersTime":0,"mRunTime":0,"mStartTime":56400000,"mTimeUnit":600000,"mWalkTime":70035,"runStep":0,"walkStep":105},{"distance":84.14,"mCalorie":4.35,"mOthersTime":0,"mRunTime":0,"mStartTime":57000000,"mTimeUnit":600000,"mWalkTime":78706,"runStep":0,"walkStep":118},{"distance":148.06999,"mCalorie":8.16,"mOthersTime":0,"mRunTime":0,"mStartTime":57600000,"mTimeUnit":600000,"mWalkTime":146740,"runStep":0,"walkStep":220},{"distance":177.75,"mCalorie":9.26,"mOthersTime":0,"mRunTime":0,"mStartTime":58200000,"mTimeUnit":600000,"mWalkTime":163415,"runStep":0,"walkStep":245},{"distance":25.43,"mCalorie":1.28,"mOthersTime":0,"mRunTime":0,"mStartTime":59400000,"mTimeUnit":600000,"mWalkTime":24012,"runStep":0,"walkStep":36},{"distance":16.28,"mCalorie":1.09,"mOthersTime":0,"mRunTime":2800,"mStartTime":60000000,"mTimeUnit":600000,"mWalkTime":6670,"runStep":7,"walkStep":10},{"distance":15.26,"mCalorie":0.71000004,"mOthersTime":0,"mRunTime":400,"mStartTime":60600000,"mTimeUnit":600000,"mWalkTime":13340,"runStep":1,"walkStep":20},{"distance":8.81,"mCalorie":0.52,"mOthersTime":0,"mRunTime":0,"mStartTime":63000000,"mTimeUnit":600000,"mWalkTime":8671,"runStep":0,"walkStep":13},{"distance":6.77,"mCalorie":0.43,"mOthersTime":0,"mRunTime":0,"mStartTime":63600000,"mTimeUnit":600000,"mWalkTime":6670,"runStep":0,"walkStep":10},{"distance":102.920006,"mCalorie":5.89,"mOthersTime":0,"mRunTime":1200,"mStartTime":66600000,"mTimeUnit":600000,"mWalkTime":107387,"runStep":3,"walkStep":161},{"distance":71.700005,"mCalorie":3.75,"mOthersTime":0,"mRunTime":0,"mStartTime":67200000,"mTimeUnit":600000,"mWalkTime":65366,"runStep":0,"walkStep":98},{"distance":14.18,"mCalorie":0.74,"mOthersTime":0,"mRunTime":0,"mStartTime":67800000,"mTimeUnit":600000,"mWalkTime":13340,"runStep":0,"walkStep":20},{"distance":24.57,"mCalorie":1.26,"mOthersTime":0,"mRunTime":0,"mStartTime":69600000,"mTimeUnit":600000,"mWalkTime":22678,"runStep":0,"walkStep":34},{"distance":161.73,"mCalorie":8.309999,"mOthersTime":0,"mRunTime":800,"mStartTime":70200000,"mTimeUnit":600000,"mWalkTime":142071,"runStep":2,"walkStep":213},{"distance":61.88,"mCalorie":2.9500003,"mOthersTime":0,"mRunTime":0,"mStartTime":70800000,"mTimeUnit":600000,"mWalkTime":54694,"runStep":0,"walkStep":82},{"distance":24.61,"mCalorie":1.1600001,"mOthersTime":0,"mRunTime":0,"mStartTime":71400000,"mTimeUnit":600000,"mWalkTime":22011,"runStep":0,"walkStep":33},{"distance":5.7,"mCalorie":0.3,"mOthersTime":0,"mRunTime":0,"mStartTime":73800000,"mTimeUnit":600000,"mWalkTime":5336,"runStep":0,"walkStep":8},{"distance":62.23,"mCalorie":2.8899999,"mOthersTime":0,"mRunTime":0,"mStartTime":79200000,"mTimeUnit":600000,"mWalkTime":54027,"runStep":0,"walkStep":81},{"distance":31.489998,"mCalorie":1.4100001,"mOthersTime":0,"mRunTime":0,"mStartTime":79800000,"mTimeUnit":600000,"mWalkTime":28681,"runStep":0,"walkStep":43},{"distance":29.33,"mCalorie":1.55,"mOthersTime":0,"mRunTime":0,"mStartTime":85200000,"mTimeUnit":600000,"mWalkTime":24012,"runStep":0,"walkStep":36}],"version":1}