{"mActivityList":[{"mActiveTime":600000,"mActiveTimeType":2,"mCalorie":73.85,"mCategory":204,"mDetailInfoId":"097d046f-7901-94a3-90d3-e61996ba590d","mDistance":0.0,"mDuration":600000,"mEndTime":42125224,"mStartTime":41525224,"mType":11007},{"mActiveTime":600000,"mActiveTimeType":2,"mCalorie":73.9,"mCategory":204,"mDetailInfoId":"4e4d2e8b-9034-7658-edbe-bdeff9d5b033","mDistance":0.0,"mDuration":600000,"mEndTime":43429063,"mStartTime":42829063,"mType":11007}],"mAdaptiveGoal":0,"mIsGoalAchieved":false,"mIsMostActiveAchieved":false,"mMostActiveMinutes":0,"mStreakDayCount":0,"mUnitDataList":[{"distance":24.58,"mCalorie":1.14,"mOthersTime":0,"mRunTime":0,"mStartTime":3600000,"mTimeUnit":600000,"mWalkTime":22011,"runStep":0,"walkStep":33},{"distance":48.76,"mCalorie":2.71,"mOthersTime":0,"mRunTime":400,"mStartTime":19200000,"mTimeUnit":600000,"mWalkTime":42688,"runStep":1,"walkStep":64},{"distance":76.2,"mCalorie":3.65,"mOthersTime":0,"mRunTime":0,"mStartTime":19800000,"mTimeUnit":600000,"mWalkTime":70035,"runStep":0,"walkStep":105},{"distance":93.28,"mCalorie":4.57,"mOthersTime":0,"mRunTime":0,"mStartTime":20400000,"mTimeUnit":600000,"mWalkTime":84709,"runStep":0,"walkStep":127},{"distance":181.08002,"mCalorie":8.559999,"mOthersTime":0,"mRunTime":0,"mStartTime":22200000,"mTimeUnit":600000,"mWalkTime":163415,"runStep":0,"walkStep":245},{"distance":32.989998,"mCalorie":1.87,"mOthersTime":0,"mRunTime":0,"mStartTime":22800000,"mTimeUnit":600000,"mWalkTime":31349,"runStep":0,"walkStep":47},{"distance":75.13,"mCalorie":3.8899999,"mOthersTime":0,"mRunTime":0,"mStartTime":23400000,"mTimeUnit":600000,"mWalkTime":69368,"runStep":0,"walkStep":104},{"distance":42.901,"mCalorie":2.07,"mOthersTime":0,"mRunTime":1200,"mStartTime":24000000,"mTimeUnit":600000,"mWalkTime":34684,"runStep":3,"walkStep":52},{"distance":19.93,"mCalorie":1.31,"mOthersTime":0,"mRunTime":3200,"mStartTime":28200000,"mTimeUnit":600000,"mWalkTime":9338,"runStep":8,"walkStep":14},{"distance":33.07,"mCalorie":1.6400001,"mOthersTime":0,"mRunTime":0,"mStartTime":28800000,"mTimeUnit":600000,"mWalkTime":28681,"runStep":0,"walkStep":43},{"distance":10.69,"mCalorie":0.51,"mOthersTime":0,"mRunTime":0,"mStartTime":30000000,"mTimeUnit":600000,"mWalkTime":10005,"runStep":0,"walkStep":15},{"distance":138.079,"mCalorie":6.82,"mOthersTime":0,"mRunTime":0,"mStartTime":30600000,"mTimeUnit":600000,"mWalkTime":122728,"runStep":0,"walkStep":184},{"distance":69.372,"mCalorie":3.32,"mOthersTime":0,"mRunTime":0,"mStartTime":31200000,"mTimeUnit":600000,"mWalkTime":64032,"runStep":0,"walkStep":96},{"distance":24.59,"mCalorie":1.22,"mOthersTime":0,"mRunTime":0,"mStartTime":31800000,"mTimeUnit":600000,"mWalkTime":21344,"runStep":0,"walkStep":32},{"distance":107.68,"mCalorie":5.7999997,"mOthersTime":0,"mRunTime":1200,"mStartTime":32400000,"mTimeUnit":600000,"mWalkTime":96715,"runStep":3,"walkStep":145},{"distance":46.620003,"mCalorie":2.35,"mOthersTime":0,"mRunTime":0,"mStartTime":33000000,"mTimeUnit":600000,"mWalkTime":43355,"runStep":0,"walkStep":65},{"distance":39.370003,"mCalorie":2.03,"mOthersTime":0,"mRunTime":0,"mStartTime":33600000,"mTimeUnit":600000,"mWalkTime":36018,"runStep":0,"walkStep":54},{"distance":27.37,"mCalorie":1.15,"mOthersTime":0,"mRunTime":0,"mStartTime":34200000,"mTimeUnit":600000,"mWalkTime":23345,"runStep":0,"walkStep":35},{"distance":21.209,"mCalorie":1.1700001,"mOthersTime":0,"mRunTime":1200,"mStartTime":34800000,"mTimeUnit":600000,"mWalkTime":15341,"runStep":3,"walkStep":23},{"distance":11.62,"mCalorie":0.8,"mOthersTime":0,"mRunTime":0,"mStartTime":35400000,"mTimeUnit":600000,"mWalkTime":11339,"runStep":0,"walkStep":17},{"distance":43.61,"mCalorie":2.08,"mOthersTime":0,"mRunTime":0,"mStartTime":36000000,"mTimeUnit":600000,"mWalkTime":38686,"runStep":0,"walkStep":58},{"distance":156.812,"mCalorie":7.22,"mOthersTime":0,"mRunTime":0,"mStartTime":36600000,"mTimeUnit":600000,"mWalkTime":137402,"runStep":0,"walkStep":206},{"distance":23.369999,"mCalorie":1.29,"mOthersTime":0,"mRunTime":0,"mStartTime":37200000,"mTimeUnit":600000,"mWalkTime":22011,"runStep":0,"walkStep":33},{"distance":18.52,"mCalorie":0.97,"mOthersTime":0,"mRunTime":0,"mStartTime":39000000,"mTimeUnit":600000,"mWalkTime":16008,"runStep":0,"walkStep":24},{"distance":78.1,"mCalorie":3.79,"mOthersTime":0,"mRunTime":0,"mStartTime":39600000,"mTimeUnit":600000,"mWalkTime":68701,"runStep":0,"walkStep":103},{"distance":91.94,"mCalorie":4.4,"mOthersTime":0,"mRunTime":0,"mStartTime":40200000,"mTimeUnit":600000,"mWalkTime":82041,"runStep":0,"walkStep":123},{"distance":117.309,"mCalorie":6.18,"mOthersTime":0,"mRunTime":0,"mStartTime":40800000,"mTimeUnit":600000,"mWalkTime":112723,"runStep":0,"walkStep":169},{"distance":16.578543,"mCalorie":59.166767,"mOthersTime":474776,"mRunTime":0,"mStartTime":41400000,"mTimeUnit":600000,"mWalkTime":14387,"runStep":0,"walkStep":117},{"distance":163.84,"mCalorie":23.142988,"mOthersTime":125224,"mRunTime":0,"mStartTime":42000000,"mTimeUnit":600000,"mWalkTime":145406,"runStep":0,"walkStep":218},{"distance":56.23,"mCalorie":48.267075,"mOthersTime":370937,"mRunTime":0,"mStartTime":42600000,"mTimeUnit":600000,"mWalkTime":50025,"runStep":0,"walkStep":179},{"distance":106.781105,"mCalorie":34.32352,"mOthersTime":229063,"mRunTime":0,"mStartTime":43200000,"mTimeUnit":600000,"mWalkTime":99035,"runStep":0,"walkStep":321},{"distance":330.18002,"mCalorie":17.909998,"mOthersTime":0,"mRunTime":0,"mStartTime":43800000,"mTimeUnit":600000,"mWalkTime":282081,"runStep":0,"walkStep":448},{"distance":7.64,"mCalorie":0.29,"mOthersTime":0,"mRunTime":0,"mStartTime":44400000,"mTimeUnit":600000,"mWalkTime":6670,"runStep":0,"walkStep":10},{"distance":10.13,"mCalorie":0.53,"mOthersTime":0,"mRunTime":0,"mStartTime":46200000,"mTimeUnit":600000,"mWalkTime":9338,"runStep":0,"walkStep":14},{"distance":52.690002,"mCalorie":2.58,"mOthersTime":0,"mRunTime":0,"mStartTime":46800000,"mTimeUnit":600000,"mWalkTime":46023,"runStep":0,"walkStep":69},{"distance":87.36,"mCalorie":4.3599997,"mOthersTime":0,"mRunTime":0,"mStartTime":47400000,"mTimeUnit":600000,"mWalkTime":80040,"runStep":0,"walkStep":120},{"distance":39.759,"mCalorie":2.23,"mOthersTime":0,"mRunTime":0,"mStartTime":48000000,"mTimeUnit":600000,"mWalkTime":37352,"runStep":0,"walkStep":56},{"distance":9.91,"mCalorie":0.52,"mOthersTime":0,"mRunTime":0,"mStartTime":49200000,"mTimeUnit":600000,"mWalkTime":9338,"runStep":0,"walkStep":14},{"distance":50.67,"mCalorie":2.53,"mOthersTime":0,"mRunTime":800,"mStartTime":57000000,"mTimeUnit":600000,"mWalkTime":40687,"runStep":2,"walkStep":61},{"distance":85.020004,"mCalorie":3.9199998,"mOthersTime":0,"mRunTime":0,"mStartTime":58200000,"mTimeUnit":600000,"mWalkTime":76038,"runStep":0,"walkStep":114},{"distance":89.349,"mCalorie":4.01,"mOthersTime":0,"mRunTime":0,"mStartTime":58800000,"mTimeUnit":600000,"mWalkTime":80040,"runStep":0,"walkStep":120},{"distance":59.239,"mCalorie":3.17,"mOthersTime":0,"mRunTime":2800,"mStartTime":59400000,"mTimeUnit":600000,"mWalkTime":45356,"runStep":7,"walkStep":68},{"distance":31.71,"mCalorie":1.55,"mOthersTime":0,"mRunTime":0,"mStartTime":60000000,"mTimeUnit":600000,"mWalkTime":26680,"runStep":0,"walkStep":40},{"distance":7.44,"mCalorie":0.46,"mOthersTime":0,"mRunTime":0,"mStartTime":60600000,"mTimeUnit":600000,"mWalkTime":7337,"runStep":0,"walkStep":11},{"distance":26.43,"mCalorie":1.191,"mOthersTime":0,"mRunTime":0,"mStartTime":61800000,"mTimeUnit":600000,"mWalkTime":24012,"runStep":0,"walkStep":36},{"distance":40.509003,"mCalorie":1.8599999,"mOthersTime":0,"mRunTime":0,"mStartTime":62400000,"mTimeUnit":600000,"mWalkTime":36018,"runStep":0,"walkStep":54},{"distance":82.502,"mCalorie":4.0,"mOthersTime":0,"mRunTime":1200,"mStartTime":63000000,"mTimeUnit":600000,"mWalkTime":70035,"runStep":3,"walkStep":105},{"distance":75.051,"mCalorie":3.89,"mOthersTime":0,"mRunTime":3600,"mStartTime":63600000,"mTimeUnit":600000,"mWalkTime":59363,"runStep":9,"walkStep":89},{"distance":20.501,"mCalorie":1.02,"mOthersTime":0,"mRunTime":0,"mStartTime":64200000,"mTimeUnit":600000,"mWalkTime":18676,"runStep":0,"walkStep":28},{"distance":30.599998,"mCalorie":1.4300001,"mOthersTime":0,"mRunTime":0,"mStartTime":66600000,"mTimeUnit":600000,"mWalkTime":27347,"runStep":0,"walkStep":41},{"distance":36.851997,"mCalorie":1.9699999,"mOthersTime":0,"mRunTime":800,"mStartTime":67200000,"mTimeUnit":600000,"mWalkTime":32016,"runStep":2,"walkStep":48},{"distance":142.497,"mCalorie":7.1000004,"mOthersTime":0,"mRunTime":800,"mStartTime":67800000,"mTimeUnit":600000,"mWalkTime":123395,"runStep":2,"walkStep":185},{"distance":89.380005,"mCalorie":4.2500005,"mOthersTime":0,"mRunTime":0,"mStartTime":68400000,"mTimeUnit":600000,"mWalkTime":81374,"runStep":0,"walkStep":122},{"distance":28.5,"mCalorie":1.33,"mOthersTime":0,"mRunTime":0,"mStartTime":69000000,"mTimeUnit":600000,"mWalkTime":25346,"runStep":0,"walkStep":38},{"distance":166.861,"mCalorie":9.67,"mOthersTime":0,"mRunTime":7600,"mStartTime":70200000,"mTimeUnit":600000,"mWalkTime":136705,"runStep":19,"walkStep":207},{"distance":153.28,"mCalorie":7.48,"mOthersTime":0,"mRunTime":800,"mStartTime":70800000,"mTimeUnit":600000,"mWalkTime":132066,"runStep":2,"walkStep":198},{"distance":69.649994,"mCalorie":3.4199998,"mOthersTime":0,"mRunTime":400,"mStartTime":71400000,"mTimeUnit":600000,"mWalkTime":60697,"runStep":1,"walkStep":91},{"distance":7.2,"mCalorie":0.33,"mOthersTime":0,"mRunTime":0,"mStartTime":72000000,"mTimeUnit":600000,"mWalkTime":6670,"runStep":0,"walkStep":10},{"distance":7.8,"mCalorie":0.32,"mOthersTime":0,"mRunTime":0,"mStartTime":73200000,"mTimeUnit":600000,"mWalkTime":6670,"runStep":0,"walkStep":10},{"distance":117.79,"mCalorie":6.14,"mOthersTime":0,"mRunTime":0,"mStartTime":73800000,"mTimeUnit":600000,"mWalkTime":107387,"runStep":0,"walkStep":161},{"distance":161.5,"mCalorie":8.2,"mOthersTime":0,"mRunTime":0,"mStartTime":74400000,"mTimeUnit":600000,"mWalkTime":144739,"runStep":0,"walkStep":217},{"distance":7.65,"mCalorie":0.42,"mOthersTime":0,"mRunTime":0,"mStartTime":75000000,"mTimeUnit":600000,"mWalkTime":7337,"runStep":0,"walkStep":11},{"distance":40.038998,"mCalorie":1.9300001,"mOthersTime":0,"mRunTime":0,"mStartTime":75600000,"mTimeUnit":600000,"mWalkTime":36685,"runStep":0,"walkStep":55},{"distance":78.263,"mCalorie":4.0699997,"mOthersTime":0,"mRunTime":2400,"mStartTime":76200000,"mTimeUnit":600000,"mWalkTime":65366,"runStep":6,"walkStep":98},{"distance":26.461,"mCalorie":1.3,"mOthersTime":0,"mRunTime":1200,"mStartTime":79200000,"mTimeUnit":600000,"mWalkTime":17342,"runStep":3,"walkStep":26},{"distance":75.21999,"mCalorie":3.9099998,"mOthersTime":0,"mRunTime":1600,"mStartTime":79800000,"mTimeUnit":600000,"mWalkTime":64032,"runStep":4,"walkStep":96}],"version":1}