{"mActivityList":[{"mActiveTime":1647042,"mActiveTimeType":0,"mCalorie":115.0,"mCategory":204,"mDetailInfoId":"0a665c04-4261-ce91-0762-14e9fe6a4a03","mDistance":1967.7,"mDuration":1647042,"mEndTime":75629229,"mStartTime":73982187,"mType":1001}],"mAdaptiveGoal":0,"mIsGoalAchieved":false,"mIsMostActiveAchieved":false,"mMostActiveMinutes":0,"mStreakDayCount":0,"mUnitDataList":[{"distance":38.75,"mCalorie":2.03,"mOthersTime":0,"mRunTime":0,"mStartTime":30600000,"mTimeUnit":600000,"mWalkTime":36018,"runStep":0,"walkStep":54},{"distance":98.97,"mCalorie":5.2999997,"mOthersTime":0,"mRunTime":2800,"mStartTime":31200000,"mTimeUnit":600000,"mWalkTime":82041,"runStep":7,"walkStep":123},{"distance":246.82999,"mCalorie":14.9,"mOthersTime":0,"mRunTime":0,"mStartTime":31800000,"mTimeUnit":600000,"mWalkTime":244789,"runStep":0,"walkStep":367},{"distance":90.67,"mCalorie":6.22,"mOthersTime":0,"mRunTime":0,"mStartTime":32400000,"mTimeUnit":600000,"mWalkTime":88044,"runStep":0,"walkStep":132},{"distance":44.81,"mCalorie":2.33,"mOthersTime":0,"mRunTime":0,"mStartTime":33000000,"mTimeUnit":600000,"mWalkTime":40687,"runStep":0,"walkStep":61},{"distance":15.9800005,"mCalorie":0.82,"mOthersTime":0,"mRunTime":0,"mStartTime":34800000,"mTimeUnit":600000,"mWalkTime":14674,"runStep":0,"walkStep":22},{"distance":12.959999,"mCalorie":0.64000005,"mOthersTime":0,"mRunTime":0,"mStartTime":35400000,"mTimeUnit":600000,"mWalkTime":11339,"runStep":0,"walkStep":17},{"distance":23.46,"mCalorie":1.1600001,"mOthersTime":0,"mRunTime":0,"mStartTime":36000000,"mTimeUnit":600000,"mWalkTime":20010,"runStep":0,"walkStep":30},{"distance":223.61,"mCalorie":11.799999,"mOthersTime":0,"mRunTime":0,"mStartTime":37200000,"mTimeUnit":600000,"mWalkTime":210772,"runStep":0,"walkStep":316},{"distance":199.67,"mCalorie":10.129999,"mOthersTime":0,"mRunTime":0,"mStartTime":37800000,"mTimeUnit":600000,"mWalkTime":177422,"runStep":0,"walkStep":266},{"distance":205.82,"mCalorie":11.199999,"mOthersTime":0,"mRunTime":0,"mStartTime":38400000,"mTimeUnit":600000,"mWalkTime":192096,"runStep":0,"walkStep":288},{"distance":72.04,"mCalorie":3.69,"mOthersTime":0,"mRunTime":0,"mStartTime":39000000,"mTimeUnit":600000,"mWalkTime":66700,"runStep":0,"walkStep":100},{"distance":14.59,"mCalorie":0.77000004,"mOthersTime":0,"mRunTime":0,"mStartTime":40200000,"mTimeUnit":600000,"mWalkTime":13340,"runStep":0,"walkStep":20},{"distance":95.45999,"mCalorie":4.9300003,"mOthersTime":0,"mRunTime":0,"mStartTime":41400000,"mTimeUnit":600000,"mWalkTime":93380,"runStep":0,"walkStep":140},{"distance":19.32,"mCalorie":1.01,"mOthersTime":0,"mRunTime":0,"mStartTime":42000000,"mTimeUnit":600000,"mWalkTime":18009,"runStep":0,"walkStep":27},{"distance":36.79,"mCalorie":1.6800001,"mOthersTime":0,"mRunTime":0,"mStartTime":42600000,"mTimeUnit":600000,"mWalkTime":32683,"runStep":0,"walkStep":49},{"distance":65.71,"mCalorie":3.7800002,"mOthersTime":0,"mRunTime":2000,"mStartTime":43200000,"mTimeUnit":600000,"mWalkTime":53360,"runStep":5,"walkStep":80},{"distance":16.16,"mCalorie":0.72,"mOthersTime":0,"mRunTime":0,"mStartTime":43800000,"mTimeUnit":600000,"mWalkTime":13340,"runStep":0,"walkStep":20},{"distance":105.28999,"mCalorie":5.29,"mOthersTime":0,"mRunTime":0,"mStartTime":44400000,"mTimeUnit":600000,"mWalkTime":103385,"runStep":0,"walkStep":155},{"distance":28.699999,"mCalorie":1.4200001,"mOthersTime":0,"mRunTime":0,"mStartTime":45000000,"mTimeUnit":600000,"mWalkTime":26680,"runStep":0,"walkStep":40},{"distance":297.73996,"mCalorie":15.539999,"mOthersTime":0,"mRunTime":0,"mStartTime":45600000,"mTimeUnit":600000,"mWalkTime":260737,"runStep":0,"walkStep":404},{"distance":217.02,"mCalorie":11.2699995,"mOthersTime":0,"mRunTime":0,"mStartTime":46200000,"mTimeUnit":600000,"mWalkTime":198766,"runStep":0,"walkStep":298},{"distance":96.94,"mCalorie":4.95,"mOthersTime":0,"mRunTime":0,"mStartTime":46800000,"mTimeUnit":600000,"mWalkTime":89378,"runStep":0,"walkStep":134},{"distance":38.21,"mCalorie":1.83,"mOthersTime":0,"mRunTime":0,"mStartTime":48000000,"mTimeUnit":600000,"mWalkTime":34684,"runStep":0,"walkStep":52},{"distance":28.35,"mCalorie":1.3399999,"mOthersTime":0,"mRunTime":0,"mStartTime":49200000,"mTimeUnit":600000,"mWalkTime":25346,"runStep":0,"walkStep":38},{"distance":256.8,"mCalorie":13.579998,"mOthersTime":0,"mRunTime":0,"mStartTime":49800000,"mTimeUnit":600000,"mWalkTime":217412,"runStep":0,"walkStep":344},{"distance":192.1,"mCalorie":9.809999,"mOthersTime":0,"mRunTime":0,"mStartTime":50400000,"mTimeUnit":600000,"mWalkTime":176755,"runStep":0,"walkStep":265},{"distance":57.33,"mCalorie":3.0700002,"mOthersTime":0,"mRunTime":0,"mStartTime":51000000,"mTimeUnit":600000,"mWalkTime":54027,"runStep":0,"walkStep":81},{"distance":203.15999,"mCalorie":10.089999,"mOthersTime":0,"mRunTime":0,"mStartTime":51600000,"mTimeUnit":600000,"mWalkTime":184092,"runStep":0,"walkStep":276},{"distance":33.98,"mCalorie":1.78,"mOthersTime":0,"mRunTime":0,"mStartTime":52200000,"mTimeUnit":600000,"mWalkTime":31349,"runStep":0,"walkStep":47},{"distance":24.31,"mCalorie":1.26,"mOthersTime":0,"mRunTime":0,"mStartTime":53400000,"mTimeUnit":600000,"mWalkTime":22011,"runStep":0,"walkStep":33},{"distance":13.24,"mCalorie":0.69,"mOthersTime":0,"mRunTime":0,"mStartTime":54000000,"mTimeUnit":600000,"mWalkTime":12006,"runStep":0,"walkStep":18},{"distance":168.83,"mCalorie":9.17,"mOthersTime":0,"mRunTime":1600,"mStartTime":54600000,"mTimeUnit":600000,"mWalkTime":162748,"runStep":4,"walkStep":244},{"distance":94.14,"mCalorie":5.06,"mOthersTime":0,"mRunTime":800,"mStartTime":55200000,"mTimeUnit":600000,"mWalkTime":83375,"runStep":2,"walkStep":125},{"distance":112.55,"mCalorie":6.1400003,"mOthersTime":0,"mRunTime":5200,"mStartTime":55800000,"mTimeUnit":600000,"mWalkTime":92046,"runStep":13,"walkStep":138},{"distance":51.46,"mCalorie":2.68,"mOthersTime":0,"mRunTime":4400,"mStartTime":56400000,"mTimeUnit":600000,"mWalkTime":36685,"runStep":11,"walkStep":55},{"distance":75.31,"mCalorie":4.0199995,"mOthersTime":0,"mRunTime":0,"mStartTime":57000000,"mTimeUnit":600000,"mWalkTime":69368,"runStep":0,"walkStep":104},{"distance":24.84,"mCalorie":1.2600001,"mOthersTime":0,"mRunTime":0,"mStartTime":57600000,"mTimeUnit":600000,"mWalkTime":22678,"runStep":0,"walkStep":34},{"distance":38.73,"mCalorie":1.97,"mOthersTime":0,"mRunTime":0,"mStartTime":58200000,"mTimeUnit":600000,"mWalkTime":34017,"runStep":0,"walkStep":51},{"distance":121.86,"mCalorie":6.41,"mOthersTime":0,"mRunTime":0,"mStartTime":59400000,"mTimeUnit":600000,"mWalkTime":109388,"runStep":0,"walkStep":164},{"distance":24.970001,"mCalorie":1.19,"mOthersTime":0,"mRunTime":0,"mStartTime":60600000,"mTimeUnit":600000,"mWalkTime":22011,"runStep":0,"walkStep":33},{"distance":79.159996,"mCalorie":5.5299997,"mOthersTime":0,"mRunTime":0,"mStartTime":61200000,"mTimeUnit":600000,"mWalkTime":78039,"runStep":0,"walkStep":117},{"distance":29.15,"mCalorie":1.27,"mOthersTime":0,"mRunTime":0,"mStartTime":61800000,"mTimeUnit":600000,"mWalkTime":24679,"runStep":0,"walkStep":37},{"distance":64.24,"mCalorie":3.3400002,"mOthersTime":0,"mRunTime":0,"mStartTime":63000000,"mTimeUnit":600000,"mWalkTime":59363,"runStep":0,"walkStep":89},{"distance":75.649994,"mCalorie":3.5600002,"mOthersTime":0,"mRunTime":0,"mStartTime":63600000,"mTimeUnit":600000,"mWalkTime":64032,"runStep":0,"walkStep":96},{"distance":31.15,"mCalorie":1.49,"mOthersTime":0,"mRunTime":0,"mStartTime":64800000,"mTimeUnit":600000,"mWalkTime":27347,"runStep":0,"walkStep":41},{"distance":13.51,"mCalorie":0.58,"mOthersTime":0,"mRunTime":0,"mStartTime":66000000,"mTimeUnit":600000,"mWalkTime":11339,"runStep":0,"walkStep":17},{"distance":6.78,"mCalorie":0.48,"mOthersTime":0,"mRunTime":0,"mStartTime":66600000,"mTimeUnit":600000,"mWalkTime":6670,"runStep":0,"walkStep":10},{"distance":54.13,"mCalorie":2.81,"mOthersTime":0,"mRunTime":0,"mStartTime":67200000,"mTimeUnit":600000,"mWalkTime":51359,"runStep":0,"walkStep":77},{"distance":10.42,"mCalorie":0.47,"mOthersTime":0,"mRunTime":0,"mStartTime":67800000,"mTimeUnit":600000,"mWalkTime":8671,"runStep":0,"walkStep":13},{"distance":89.29001,"mCalorie":4.3500004,"mOthersTime":0,"mRunTime":0,"mStartTime":68400000,"mTimeUnit":600000,"mWalkTime":80040,"runStep":0,"walkStep":120},{"distance":66.18,"mCalorie":3.7,"mOthersTime":0,"mRunTime":6000,"mStartTime":69000000,"mTimeUnit":600000,"mWalkTime":45356,"runStep":15,"walkStep":68},{"distance":10.9,"mCalorie":0.51,"mOthersTime":0,"mRunTime":0,"mStartTime":69600000,"mTimeUnit":600000,"mWalkTime":10005,"runStep":0,"walkStep":15},{"distance":63.71,"mCalorie":2.92,"mOthersTime":0,"mRunTime":0,"mStartTime":73200000,"mTimeUnit":600000,"mWalkTime":55361,"runStep":0,"walkStep":83},{"distance":539.4177,"mCalorie":31.365278,"mOthersTime":0,"mRunTime":969,"mStartTime":73800000,"mTimeUnit":600000,"mWalkTime":454438,"runStep":41,"walkStep":586},{"distance":716.8123,"mCalorie":41.893284,"mOthersTime":0,"mRunTime":0,"mStartTime":74400000,"mTimeUnit":600000,"mWalkTime":600000,"runStep":0,"walkStep":1066},{"distance":716.8123,"mCalorie":41.893284,"mOthersTime":0,"mRunTime":0,"mStartTime":75000000,"mTimeUnit":600000,"mWalkTime":600000,"runStep":0,"walkStep":1043},{"distance":260.12952,"mCalorie":15.110832,"mOthersTime":0,"mRunTime":0,"mStartTime":75600000,"mTimeUnit":600000,"mWalkTime":242668,"runStep":0,"walkStep":320},{"distance":94.741005,"mCalorie":4.6099997,"mOthersTime":0,"mRunTime":0,"mStartTime":76200000,"mTimeUnit":600000,"mWalkTime":85376,"runStep":0,"walkStep":128},{"distance":31.91,"mCalorie":1.42,"mOthersTime":0,"mRunTime":0,"mStartTime":77400000,"mTimeUnit":600000,"mWalkTime":28681,"runStep":0,"walkStep":43},{"distance":110.739,"mCalorie":5.64,"mOthersTime":0,"mRunTime":0,"mStartTime":78000000,"mTimeUnit":600000,"mWalkTime":102051,"runStep":0,"walkStep":153},{"distance":32.1,"mCalorie":1.51,"mOthersTime":0,"mRunTime":0,"mStartTime":78600000,"mTimeUnit":600000,"mWalkTime":28681,"runStep":0,"walkStep":43},{"distance":46.53,"mCalorie":2.47,"mOthersTime":0,"mRunTime":400,"mStartTime":79200000,"mTimeUnit":600000,"mWalkTime":39353,"runStep":1,"walkStep":59},{"distance":31.88,"mCalorie":1.61,"mOthersTime":0,"mRunTime":0,"mStartTime":79800000,"mTimeUnit":600000,"mWalkTime":30015,"runStep":0,"walkStep":45},{"distance":114.39,"mCalorie":6.15,"mOthersTime":0,"mRunTime":3600,"mStartTime":81000000,"mTimeUnit":600000,"mWalkTime":96715,"runStep":9,"walkStep":145},{"distance":102.05,"mCalorie":5.04,"mOthersTime":0,"mRunTime":0,"mStartTime":81600000,"mTimeUnit":600000,"mWalkTime":86680,"runStep":0,"walkStep":139},{"distance":8.47,"mCalorie":0.41,"mOthersTime":0,"mRunTime":0,"mStartTime":82200000,"mTimeUnit":600000,"mWalkTime":8004,"runStep":0,"walkStep":12},{"distance":29.46,"mCalorie":1.51,"mOthersTime":0,"mRunTime":0,"mStartTime":84000000,"mTimeUnit":600000,"mWalkTime":24679,"runStep":0,"walkStep":37},{"distance":59.84,"mCalorie":2.95,"mOthersTime":0,"mRunTime":0,"mStartTime":84600000,"mTimeUnit":600000,"mWalkTime":52693,"runStep":0,"walkStep":79},{"distance":36.25,"mCalorie":1.6700001,"mOthersTime":0,"mRunTime":0,"mStartTime":85200000,"mTimeUnit":600000,"mWalkTime":32016,"runStep":0,"walkStep":48},{"distance":20.23,"mCalorie":1.0699999,"mOthersTime":0,"mRunTime":0,"mStartTime":85800000,"mTimeUnit":600000,"mWalkTime":19343,"runStep":0,"walkStep":29}],"version":1}