{"mActivityList":[{"mActiveTime":1980959,"mActiveTimeType":0,"mCalorie":178.0,"mCategory":204,"mDetailInfoId":"1a38a0bb-3201-5e48-e4ae-5bb76e2e4b26","mDistance":2401.51,"mDuration":1980959,"mEndTime":38214662,"mStartTime":36233703,"mType":1001}],"mAdaptiveGoal":0,"mIsGoalAchieved":false,"mIsMostActiveAchieved":false,"mMostActiveMinutes":0,"mStreakDayCount":0,"mUnitDataList":[{"distance":24.41,"mCalorie":1.13,"mOthersTime":0,"mRunTime":0,"mStartTime":7800000,"mTimeUnit":600000,"mWalkTime":21344,"runStep":0,"walkStep":32},{"distance":11.07,"mCalorie":0.41,"mOthersTime":0,"mRunTime":0,"mStartTime":14400000,"mTimeUnit":600000,"mWalkTime":9338,"runStep":0,"walkStep":14},{"distance":15.93,"mCalorie":0.86,"mOthersTime":0,"mRunTime":0,"mStartTime":16800000,"mTimeUnit":600000,"mWalkTime":15341,"runStep":0,"walkStep":23},{"distance":70.1,"mCalorie":3.22,"mOthersTime":0,"mRunTime":0,"mStartTime":17400000,"mTimeUnit":600000,"mWalkTime":59363,"runStep":0,"walkStep":89},{"distance":21.6,"mCalorie":1.08,"mOthersTime":0,"mRunTime":0,"mStartTime":18000000,"mTimeUnit":600000,"mWalkTime":20010,"runStep":0,"walkStep":30},{"distance":414.44,"mCalorie":20.27,"mOthersTime":0,"mRunTime":0,"mStartTime":18600000,"mTimeUnit":600000,"mWalkTime":352056,"runStep":0,"walkStep":576},{"distance":97.82001,"mCalorie":4.7200003,"mOthersTime":0,"mRunTime":0,"mStartTime":20400000,"mTimeUnit":600000,"mWalkTime":89378,"runStep":0,"walkStep":134},{"distance":283.24,"mCalorie":14.27,"mOthersTime":0,"mRunTime":0,"mStartTime":21000000,"mTimeUnit":600000,"mWalkTime":238696,"runStep":0,"walkStep":405},{"distance":64.14,"mCalorie":3.47,"mOthersTime":0,"mRunTime":800,"mStartTime":21600000,"mTimeUnit":600000,"mWalkTime":58029,"runStep":2,"walkStep":87},{"distance":26.47,"mCalorie":1.42,"mOthersTime":0,"mRunTime":0,"mStartTime":31800000,"mTimeUnit":600000,"mWalkTime":24679,"runStep":0,"walkStep":37},{"distance":7.94,"mCalorie":0.38,"mOthersTime":0,"mRunTime":0,"mStartTime":32400000,"mTimeUnit":600000,"mWalkTime":7337,"runStep":0,"walkStep":11},{"distance":14.18,"mCalorie":0.69,"mOthersTime":0,"mRunTime":0,"mStartTime":33000000,"mTimeUnit":600000,"mWalkTime":13340,"runStep":0,"walkStep":20},{"distance":8.98,"mCalorie":0.4,"mOthersTime":0,"mRunTime":0,"mStartTime":33600000,"mTimeUnit":600000,"mWalkTime":8004,"runStep":0,"walkStep":12},{"distance":41.800003,"mCalorie":1.96,"mOthersTime":0,"mRunTime":0,"mStartTime":35400000,"mTimeUnit":600000,"mWalkTime":36685,"runStep":0,"walkStep":55},{"distance":489.34048,"mCalorie":35.223648,"mOthersTime":0,"mRunTime":1075,"mStartTime":36000000,"mTimeUnit":600000,"mWalkTime":404356,"runStep":19,"walkStep":655},{"distance":727.378,"mCalorie":53.91328,"mOthersTime":0,"mRunTime":0,"mStartTime":36600000,"mTimeUnit":600000,"mWalkTime":600000,"runStep":0,"walkStep":1050},{"distance":727.378,"mCalorie":53.91328,"mOthersTime":0,"mRunTime":0,"mStartTime":37200000,"mTimeUnit":600000,"mWalkTime":600000,"runStep":0,"walkStep":1042},{"distance":512.07385,"mCalorie":37.782207,"mOthersTime":0,"mRunTime":0,"mStartTime":37800000,"mTimeUnit":600000,"mWalkTime":423942,"runStep":0,"walkStep":618},{"distance":38.61,"mCalorie":2.01,"mOthersTime":0,"mRunTime":0,"mStartTime":38400000,"mTimeUnit":600000,"mWalkTime":36018,"runStep":0,"walkStep":54},{"distance":28.96,"mCalorie":1.47,"mOthersTime":0,"mRunTime":0,"mStartTime":39000000,"mTimeUnit":600000,"mWalkTime":26680,"runStep":0,"walkStep":40},{"distance":14.31,"mCalorie":0.75,"mOthersTime":0,"mRunTime":0,"mStartTime":41400000,"mTimeUnit":600000,"mWalkTime":13340,"runStep":0,"walkStep":20},{"distance":26.69,"mCalorie":1.37,"mOthersTime":0,"mRunTime":0,"mStartTime":42600000,"mTimeUnit":600000,"mWalkTime":24012,"runStep":0,"walkStep":36},{"distance":121.02,"mCalorie":6.6699996,"mOthersTime":0,"mRunTime":0,"mStartTime":43800000,"mTimeUnit":600000,"mWalkTime":121394,"runStep":0,"walkStep":182},{"distance":109.859985,"mCalorie":5.569999,"mOthersTime":0,"mRunTime":0,"mStartTime":44400000,"mTimeUnit":600000,"mWalkTime":104052,"runStep":0,"walkStep":156},{"distance":126.29996,"mCalorie":6.5799985,"mOthersTime":0,"mRunTime":0,"mStartTime":46800000,"mTimeUnit":600000,"mWalkTime":115391,"runStep":0,"walkStep":173},{"distance":27.59,"mCalorie":1.4100001,"mOthersTime":0,"mRunTime":0,"mStartTime":47400000,"mTimeUnit":600000,"mWalkTime":26013,"runStep":0,"walkStep":39},{"distance":47.519997,"mCalorie":2.3799999,"mOthersTime":0,"mRunTime":0,"mStartTime":48000000,"mTimeUnit":600000,"mWalkTime":40687,"runStep":0,"walkStep":61},{"distance":141.65,"mCalorie":6.8300004,"mOthersTime":0,"mRunTime":0,"mStartTime":49800000,"mTimeUnit":600000,"mWalkTime":127397,"runStep":0,"walkStep":191},{"distance":306.71,"mCalorie":15.4,"mOthersTime":0,"mRunTime":1600,"mStartTime":50400000,"mTimeUnit":600000,"mWalkTime":256098,"runStep":4,"walkStep":399},{"distance":185.9,"mCalorie":9.16,"mOthersTime":0,"mRunTime":0,"mStartTime":51000000,"mTimeUnit":600000,"mWalkTime":159383,"runStep":0,"walkStep":246},{"distance":206.68001,"mCalorie":9.94,"mOthersTime":0,"mRunTime":0,"mStartTime":51600000,"mTimeUnit":600000,"mWalkTime":172056,"runStep":0,"walkStep":278},{"distance":115.88,"mCalorie":5.3799996,"mOthersTime":0,"mRunTime":0,"mStartTime":52200000,"mTimeUnit":600000,"mWalkTime":103385,"runStep":0,"walkStep":155},{"distance":303.78,"mCalorie":14.760001,"mOthersTime":0,"mRunTime":0,"mStartTime":52800000,"mTimeUnit":600000,"mWalkTime":268771,"runStep":0,"walkStep":412},{"distance":128.35,"mCalorie":6.49,"mOthersTime":0,"mRunTime":400,"mStartTime":53400000,"mTimeUnit":600000,"mWalkTime":114057,"runStep":1,"walkStep":171},{"distance":22.361,"mCalorie":1.18,"mOthersTime":0,"mRunTime":0,"mStartTime":54600000,"mTimeUnit":600000,"mWalkTime":20677,"runStep":0,"walkStep":31},{"distance":155.069,"mCalorie":7.61,"mOthersTime":0,"mRunTime":0,"mStartTime":55200000,"mTimeUnit":600000,"mWalkTime":140070,"runStep":0,"walkStep":210},{"distance":138.821,"mCalorie":6.59,"mOthersTime":0,"mRunTime":0,"mStartTime":56400000,"mTimeUnit":600000,"mWalkTime":124062,"runStep":0,"walkStep":186},{"distance":7.77,"mCalorie":0.34,"mOthersTime":0,"mRunTime":0,"mStartTime":57000000,"mTimeUnit":600000,"mWalkTime":6670,"runStep":0,"walkStep":10},{"distance":11.97,"mCalorie":0.67,"mOthersTime":0,"mRunTime":0,"mStartTime":57600000,"mTimeUnit":600000,"mWalkTime":11339,"runStep":0,"walkStep":17},{"distance":4.21,"mCalorie":0.22,"mOthersTime":0,"mRunTime":0,"mStartTime":58200000,"mTimeUnit":600000,"mWalkTime":4002,"runStep":0,"walkStep":6},{"distance":186.14,"mCalorie":9.61,"mOthersTime":0,"mRunTime":0,"mStartTime":58800000,"mTimeUnit":600000,"mWalkTime":170752,"runStep":0,"walkStep":256},{"distance":145.98001,"mCalorie":7.7200003,"mOthersTime":0,"mRunTime":0,"mStartTime":59400000,"mTimeUnit":600000,"mWalkTime":133400,"runStep":0,"walkStep":200},{"distance":256.86,"mCalorie":12.870001,"mOthersTime":0,"mRunTime":0,"mStartTime":60000000,"mTimeUnit":600000,"mWalkTime":221414,"runStep":0,"walkStep":345},{"distance":181.0,"mCalorie":9.59,"mOthersTime":0,"mRunTime":0,"mStartTime":60600000,"mTimeUnit":600000,"mWalkTime":162748,"runStep":0,"walkStep":244},{"distance":14.390001,"mCalorie":0.69000006,"mOthersTime":0,"mRunTime":0,"mStartTime":61800000,"mTimeUnit":600000,"mWalkTime":12673,"runStep":0,"walkStep":19},{"distance":196.40001,"mCalorie":9.77,"mOthersTime":0,"mRunTime":0,"mStartTime":62400000,"mTimeUnit":600000,"mWalkTime":175391,"runStep":0,"walkStep":267},{"distance":166.161,"mCalorie":8.0,"mOthersTime":0,"mRunTime":0,"mStartTime":63000000,"mTimeUnit":600000,"mWalkTime":151409,"runStep":0,"walkStep":227},{"distance":22.22,"mCalorie":0.97,"mOthersTime":0,"mRunTime":0,"mStartTime":63600000,"mTimeUnit":600000,"mWalkTime":19343,"runStep":0,"walkStep":29},{"distance":71.53,"mCalorie":3.27,"mOthersTime":0,"mRunTime":0,"mStartTime":64200000,"mTimeUnit":600000,"mWalkTime":64032,"runStep":0,"walkStep":96},{"distance":69.04,"mCalorie":3.5,"mOthersTime":0,"mRunTime":0,"mStartTime":64800000,"mTimeUnit":600000,"mWalkTime":64699,"runStep":0,"walkStep":97},{"distance":90.75,"mCalorie":4.5,"mOthersTime":0,"mRunTime":0,"mStartTime":65400000,"mTimeUnit":600000,"mWalkTime":82041,"runStep":0,"walkStep":123},{"distance":260.66,"mCalorie":14.240001,"mOthersTime":0,"mRunTime":0,"mStartTime":66000000,"mTimeUnit":600000,"mWalkTime":234724,"runStep":0,"walkStep":358},{"distance":11.69,"mCalorie":0.61,"mOthersTime":0,"mRunTime":0,"mStartTime":66600000,"mTimeUnit":600000,"mWalkTime":10672,"runStep":0,"walkStep":16},{"distance":107.19,"mCalorie":5.7699995,"mOthersTime":0,"mRunTime":5200,"mStartTime":67200000,"mTimeUnit":600000,"mWalkTime":80040,"runStep":13,"walkStep":120},{"distance":96.89001,"mCalorie":4.5600004,"mOthersTime":0,"mRunTime":2000,"mStartTime":67800000,"mTimeUnit":600000,"mWalkTime":80040,"runStep":5,"walkStep":120},{"distance":15.91,"mCalorie":0.77,"mOthersTime":0,"mRunTime":0,"mStartTime":69000000,"mTimeUnit":600000,"mWalkTime":14674,"runStep":0,"walkStep":22},{"distance":21.630001,"mCalorie":0.92,"mOthersTime":0,"mRunTime":0,"mStartTime":69600000,"mTimeUnit":600000,"mWalkTime":18676,"runStep":0,"walkStep":28},{"distance":8.52,"mCalorie":0.32,"mOthersTime":0,"mRunTime":0,"mStartTime":70200000,"mTimeUnit":600000,"mWalkTime":6670,"runStep":0,"walkStep":10},{"distance":21.41,"mCalorie":1.0699999,"mOthersTime":0,"mRunTime":0,"mStartTime":70800000,"mTimeUnit":600000,"mWalkTime":19343,"runStep":0,"walkStep":29},{"distance":6.54,"mCalorie":0.33999997,"mOthersTime":0,"mRunTime":0,"mStartTime":72600000,"mTimeUnit":600000,"mWalkTime":6003,"runStep":0,"walkStep":9},{"distance":201.83,"mCalorie":10.52,"mOthersTime":0,"mRunTime":3200,"mStartTime":73200000,"mTimeUnit":600000,"mWalkTime":173420,"runStep":8,"walkStep":260},{"distance":12.24,"mCalorie":0.55,"mOthersTime":0,"mRunTime":0,"mStartTime":73800000,"mTimeUnit":600000,"mWalkTime":11339,"runStep":0,"walkStep":17},{"distance":280.24902,"mCalorie":14.339999,"mOthersTime":0,"mRunTime":0,"mStartTime":74400000,"mTimeUnit":600000,"mWalkTime":214017,"runStep":0,"walkStep":372},{"distance":146.39001,"mCalorie":7.069998,"mOthersTime":0,"mRunTime":0,"mStartTime":75600000,"mTimeUnit":600000,"mWalkTime":118696,"runStep":0,"walkStep":195},{"distance":322.54,"mCalorie":15.0,"mOthersTime":0,"mRunTime":0,"mStartTime":76200000,"mTimeUnit":600000,"mWalkTime":262708,"runStep":0,"walkStep":425},{"distance":73.9,"mCalorie":4.01,"mOthersTime":0,"mRunTime":4400,"mStartTime":76800000,"mTimeUnit":600000,"mWalkTime":56028,"runStep":11,"walkStep":84},{"distance":124.100006,"mCalorie":6.6099997,"mOthersTime":0,"mRunTime":8400,"mStartTime":77400000,"mTimeUnit":600000,"mWalkTime":88044,"runStep":21,"walkStep":132},{"distance":260.11,"mCalorie":13.57,"mOthersTime":0,"mRunTime":1200,"mStartTime":78000000,"mTimeUnit":600000,"mWalkTime":227417,"runStep":3,"walkStep":345},{"distance":56.47,"mCalorie":2.9,"mOthersTime":0,"mRunTime":0,"mStartTime":78600000,"mTimeUnit":600000,"mWalkTime":52026,"runStep":0,"walkStep":78},{"distance":108.7,"mCalorie":5.35,"mOthersTime":0,"mRunTime":0,"mStartTime":79200000,"mTimeUnit":600000,"mWalkTime":98716,"runStep":0,"walkStep":148},{"distance":87.850006,"mCalorie":4.25,"mOthersTime":0,"mRunTime":0,"mStartTime":79800000,"mTimeUnit":600000,"mWalkTime":80040,"runStep":0,"walkStep":120},{"distance":46.04,"mCalorie":2.38,"mOthersTime":0,"mRunTime":0,"mStartTime":80400000,"mTimeUnit":600000,"mWalkTime":41354,"runStep":0,"walkStep":62},{"distance":48.39,"mCalorie":2.48,"mOthersTime":0,"mRunTime":0,"mStartTime":81600000,"mTimeUnit":600000,"mWalkTime":43355,"runStep":0,"walkStep":65},{"distance":82.39,"mCalorie":4.24,"mOthersTime":0,"mRunTime":0,"mStartTime":82200000,"mTimeUnit":600000,"mWalkTime":74704,"runStep":0,"walkStep":112},{"distance":54.86,"mCalorie":2.5700002,"mOthersTime":0,"mRunTime":0,"mStartTime":82800000,"mTimeUnit":600000,"mWalkTime":48691,"runStep":0,"walkStep":73},{"distance":13.661,"mCalorie":0.98,"mOthersTime":0,"mRunTime":2800,"mStartTime":83400000,"mTimeUnit":600000,"mWalkTime":6003,"runStep":7,"walkStep":9}],"version":1}