{"mActivityList":[{"mActiveTime":1039163,"mActiveTimeType":0,"mCalorie":59.0,"mCategory":204,"mDetailInfoId":"fb645e1a-945e-f50a-1440-ea4986964fd0","mDistance":1217.889,"mDuration":1039163,"mEndTime":56712598,"mStartTime":55673435,"mType":1001},{"mActiveTime":652953,"mActiveTimeType":0,"mCalorie":43.0,"mCategory":204,"mDetailInfoId":"3245c9fc-8450-22d5-a74f-76cb58628294","mDistance":744.407,"mDuration":652953,"mEndTime":57477745,"mStartTime":56824792,"mType":1001},{"mActiveTime":600000,"mActiveTimeType":2,"mCalorie":55.6,"mCategory":204,"mDetailInfoId":"b83e220a-7dbe-e400-c2e4-2c2acc2e9e0f","mDistance":0.0,"mDuration":600000,"mEndTime":74802174,"mStartTime":74202174,"mType":11007}],"mAdaptiveGoal":0,"mIsGoalAchieved":false,"mIsMostActiveAchieved":false,"mMostActiveMinutes":0,"mStreakDayCount":0,"mUnitDataList":[{"distance":69.97,"mCalorie":3.9900002,"mOthersTime":0,"mRunTime":4400,"mStartTime":30000000,"mTimeUnit":600000,"mWalkTime":52693,"runStep":11,"walkStep":79},{"distance":21.720001,"mCalorie":0.97,"mOthersTime":0,"mRunTime":0,"mStartTime":30600000,"mTimeUnit":600000,"mWalkTime":18009,"runStep":0,"walkStep":27},{"distance":8.18,"mCalorie":0.44,"mOthersTime":0,"mRunTime":0,"mStartTime":32400000,"mTimeUnit":600000,"mWalkTime":8004,"runStep":0,"walkStep":12},{"distance":7.44,"mCalorie":0.4,"mOthersTime":0,"mRunTime":0,"mStartTime":34200000,"mTimeUnit":600000,"mWalkTime":7337,"runStep":0,"walkStep":11},{"distance":57.690002,"mCalorie":2.67,"mOthersTime":0,"mRunTime":0,"mStartTime":34800000,"mTimeUnit":600000,"mWalkTime":51359,"runStep":0,"walkStep":77},{"distance":54.879997,"mCalorie":2.7800002,"mOthersTime":0,"mRunTime":0,"mStartTime":35400000,"mTimeUnit":600000,"mWalkTime":50025,"runStep":0,"walkStep":75},{"distance":15.79,"mCalorie":0.86,"mOthersTime":0,"mRunTime":0,"mStartTime":36600000,"mTimeUnit":600000,"mWalkTime":14674,"runStep":0,"walkStep":22},{"distance":99.03001,"mCalorie":4.99,"mOthersTime":0,"mRunTime":0,"mStartTime":37200000,"mTimeUnit":600000,"mWalkTime":89378,"runStep":0,"walkStep":134},{"distance":131.36,"mCalorie":6.7200003,"mOthersTime":0,"mRunTime":0,"mStartTime":37800000,"mTimeUnit":600000,"mWalkTime":121394,"runStep":0,"walkStep":182},{"distance":89.490005,"mCalorie":4.3900003,"mOthersTime":0,"mRunTime":0,"mStartTime":38400000,"mTimeUnit":600000,"mWalkTime":78706,"runStep":0,"walkStep":118},{"distance":347.49002,"mCalorie":16.25,"mOthersTime":0,"mRunTime":0,"mStartTime":39000000,"mTimeUnit":600000,"mWalkTime":283445,"runStep":0,"walkStep":459},{"distance":28.14,"mCalorie":1.5899999,"mOthersTime":0,"mRunTime":400,"mStartTime":40200000,"mTimeUnit":600000,"mWalkTime":24012,"runStep":1,"walkStep":36},{"distance":186.61,"mCalorie":9.209998,"mOthersTime":0,"mRunTime":0,"mStartTime":40800000,"mTimeUnit":600000,"mWalkTime":168084,"runStep":0,"walkStep":252},{"distance":75.25,"mCalorie":3.56,"mOthersTime":0,"mRunTime":0,"mStartTime":41400000,"mTimeUnit":600000,"mWalkTime":66700,"runStep":0,"walkStep":100},{"distance":75.54,"mCalorie":4.15,"mOthersTime":0,"mRunTime":2400,"mStartTime":42000000,"mTimeUnit":600000,"mWalkTime":60030,"runStep":6,"walkStep":90},{"distance":102.6,"mCalorie":5.03,"mOthersTime":0,"mRunTime":0,"mStartTime":42600000,"mTimeUnit":600000,"mWalkTime":94714,"runStep":0,"walkStep":142},{"distance":178.57,"mCalorie":9.59,"mOthersTime":0,"mRunTime":0,"mStartTime":43200000,"mTimeUnit":600000,"mWalkTime":154017,"runStep":0,"walkStep":248},{"distance":85.659996,"mCalorie":4.1,"mOthersTime":0,"mRunTime":0,"mStartTime":43800000,"mTimeUnit":600000,"mWalkTime":75371,"runStep":0,"walkStep":113},{"distance":4.44,"mCalorie":0.21,"mOthersTime":0,"mRunTime":0,"mStartTime":44400000,"mTimeUnit":600000,"mWalkTime":4002,"runStep":0,"walkStep":6},{"distance":9.85,"mCalorie":0.45999998,"mOthersTime":0,"mRunTime":0,"mStartTime":45000000,"mTimeUnit":600000,"mWalkTime":8671,"runStep":0,"walkStep":13},{"distance":53.46,"mCalorie":2.6699998,"mOthersTime":0,"mRunTime":0,"mStartTime":46200000,"mTimeUnit":600000,"mWalkTime":48691,"runStep":0,"walkStep":73},{"distance":63.429996,"mCalorie":3.18,"mOthersTime":0,"mRunTime":0,"mStartTime":46800000,"mTimeUnit":600000,"mWalkTime":58696,"runStep":0,"walkStep":88},{"distance":51.23,"mCalorie":2.43,"mOthersTime":0,"mRunTime":0,"mStartTime":48000000,"mTimeUnit":600000,"mWalkTime":46023,"runStep":0,"walkStep":69},{"distance":148.82,"mCalorie":7.5,"mOthersTime":0,"mRunTime":0,"mStartTime":48600000,"mTimeUnit":600000,"mWalkTime":130035,"runStep":0,"walkStep":200},{"distance":22.08,"mCalorie":1.14,"mOthersTime":0,"mRunTime":0,"mStartTime":49800000,"mTimeUnit":600000,"mWalkTime":20010,"runStep":0,"walkStep":30},{"distance":145.198,"mCalorie":7.39,"mOthersTime":0,"mRunTime":0,"mStartTime":50400000,"mTimeUnit":600000,"mWalkTime":129368,"runStep":0,"walkStep":201},{"distance":87.770004,"mCalorie":4.51,"mOthersTime":0,"mRunTime":0,"mStartTime":51000000,"mTimeUnit":600000,"mWalkTime":80707,"runStep":0,"walkStep":121},{"distance":118.44,"mCalorie":5.92,"mOthersTime":0,"mRunTime":0,"mStartTime":51600000,"mTimeUnit":600000,"mWalkTime":104022,"runStep":0,"walkStep":161},{"distance":14.599999,"mCalorie":0.65,"mOthersTime":0,"mRunTime":0,"mStartTime":52200000,"mTimeUnit":600000,"mWalkTime":12673,"runStep":0,"walkStep":19},{"distance":395.46,"mCalorie":17.37,"mOthersTime":0,"mRunTime":0,"mStartTime":53400000,"mTimeUnit":600000,"mWalkTime":298696,"runStep":0,"walkStep":520},{"distance":23.29,"mCalorie":1.4000001,"mOthersTime":0,"mRunTime":1600,"mStartTime":54000000,"mTimeUnit":600000,"mWalkTime":17342,"runStep":4,"walkStep":26},{"distance":198.57,"mCalorie":10.24,"mOthersTime":0,"mRunTime":0,"mStartTime":54600000,"mTimeUnit":600000,"mWalkTime":167357,"runStep":0,"walkStep":271},{"distance":186.70215,"mCalorie":9.240515,"mOthersTime":0,"mRunTime":0,"mStartTime":55200000,"mTimeUnit":600000,"mWalkTime":161455,"runStep":0,"walkStep":257},{"distance":703.1942,"mCalorie":34.065876,"mOthersTime":0,"mRunTime":0,"mStartTime":55800000,"mTimeUnit":600000,"mWalkTime":600000,"runStep":0,"walkStep":1010},{"distance":592.4536,"mCalorie":30.552746,"mOthersTime":0,"mRunTime":0,"mStartTime":56400000,"mTimeUnit":600000,"mWalkTime":509940,"runStep":0,"walkStep":792},{"distance":555.60834,"mCalorie":31.932098,"mOthersTime":0,"mRunTime":0,"mStartTime":57000000,"mTimeUnit":600000,"mWalkTime":487318,"runStep":0,"walkStep":751},{"distance":79.619995,"mCalorie":4.3799996,"mOthersTime":0,"mRunTime":2000,"mStartTime":57600000,"mTimeUnit":600000,"mWalkTime":68034,"runStep":5,"walkStep":102},{"distance":23.189999,"mCalorie":1.28,"mOthersTime":0,"mRunTime":0,"mStartTime":66600000,"mTimeUnit":600000,"mWalkTime":22011,"runStep":0,"walkStep":33},{"distance":10.8,"mCalorie":0.5,"mOthersTime":0,"mRunTime":0,"mStartTime":67200000,"mTimeUnit":600000,"mWalkTime":10005,"runStep":0,"walkStep":15},{"distance":106.56,"mCalorie":5.46,"mOthersTime":0,"mRunTime":400,"mStartTime":69600000,"mTimeUnit":600000,"mWalkTime":97382,"runStep":1,"walkStep":146},{"distance":182.17,"mCalorie":12.2699995,"mOthersTime":0,"mRunTime":0,"mStartTime":70200000,"mTimeUnit":600000,"mWalkTime":172723,"runStep":0,"walkStep":276},{"distance":206.28,"mCalorie":10.839999,"mOthersTime":0,"mRunTime":0,"mStartTime":70800000,"mTimeUnit":600000,"mWalkTime":189398,"runStep":0,"walkStep":286},{"distance":44.64,"mCalorie":2.3300002,"mOthersTime":0,"mRunTime":0,"mStartTime":71400000,"mTimeUnit":600000,"mWalkTime":41354,"runStep":0,"walkStep":62},{"distance":9.15,"mCalorie":0.64,"mOthersTime":0,"mRunTime":0,"mStartTime":72000000,"mTimeUnit":600000,"mWalkTime":8671,"runStep":0,"walkStep":13},{"distance":78.369995,"mCalorie":22.001877,"mOthersTime":197826,"mRunTime":0,"mStartTime":73800000,"mTimeUnit":600000,"mWalkTime":69368,"runStep":0,"walkStep":104},{"distance":37.326508,"mCalorie":39.221817,"mOthersTime":402174,"mRunTime":0,"mStartTime":74400000,"mTimeUnit":600000,"mWalkTime":35259,"runStep":0,"walkStep":62},{"distance":13.19,"mCalorie":0.63,"mOthersTime":0,"mRunTime":0,"mStartTime":75000000,"mTimeUnit":600000,"mWalkTime":12006,"runStep":0,"walkStep":18},{"distance":11.14,"mCalorie":0.48,"mOthersTime":0,"mRunTime":0,"mStartTime":76800000,"mTimeUnit":600000,"mWalkTime":9338,"runStep":0,"walkStep":14},{"distance":22.59,"mCalorie":0.98,"mOthersTime":0,"mRunTime":800,"mStartTime":77400000,"mTimeUnit":600000,"mWalkTime":16675,"runStep":2,"walkStep":25},{"distance":14.809999,"mCalorie":0.76,"mOthersTime":0,"mRunTime":0,"mStartTime":79200000,"mTimeUnit":600000,"mWalkTime":14007,"runStep":0,"walkStep":21},{"distance":19.86,"mCalorie":0.92,"mOthersTime":0,"mRunTime":0,"mStartTime":83400000,"mTimeUnit":600000,"mWalkTime":17342,"runStep":0,"walkStep":26}],"version":1}