{"mActivityList":[{"mActiveTime":600000,"mActiveTimeType":2,"mCalorie":87.71,"mCategory":204,"mDetailInfoId":"5ef6b25b-6ac9-f82f-d117-4ec72ba7d5da","mDistance":0.0,"mDuration":600000,"mEndTime":56655227,"mStartTime":56055227,"mType":11007}],"mAdaptiveGoal":0,"mIsGoalAchieved":false,"mIsMostActiveAchieved":false,"mMostActiveMinutes":0,"mStreakDayCount":0,"mUnitDataList":[{"distance":17.2,"mCalorie":0.79,"mOthersTime":0,"mRunTime":0,"mStartTime":3000000,"mTimeUnit":600000,"mWalkTime":15341,"runStep":0,"walkStep":23},{"distance":21.669998,"mCalorie":1.14,"mOthersTime":0,"mRunTime":0,"mStartTime":3600000,"mTimeUnit":600000,"mWalkTime":17342,"runStep":0,"walkStep":26},{"distance":54.199997,"mCalorie":2.8199997,"mOthersTime":0,"mRunTime":400,"mStartTime":14400000,"mTimeUnit":600000,"mWalkTime":49358,"runStep":1,"walkStep":74},{"distance":8.04,"mCalorie":0.39,"mOthersTime":0,"mRunTime":0,"mStartTime":15000000,"mTimeUnit":600000,"mWalkTime":7337,"runStep":0,"walkStep":11},{"distance":56.59,"mCalorie":2.63,"mOthersTime":0,"mRunTime":0,"mStartTime":21000000,"mTimeUnit":600000,"mWalkTime":50025,"runStep":0,"walkStep":75},{"distance":100.240005,"mCalorie":5.49,"mOthersTime":0,"mRunTime":0,"mStartTime":21600000,"mTimeUnit":600000,"mWalkTime":99383,"runStep":0,"walkStep":149},{"distance":51.840004,"mCalorie":2.72,"mOthersTime":0,"mRunTime":0,"mStartTime":22200000,"mTimeUnit":600000,"mWalkTime":48024,"runStep":0,"walkStep":72},{"distance":15.94,"mCalorie":0.82,"mOthersTime":0,"mRunTime":0,"mStartTime":24600000,"mTimeUnit":600000,"mWalkTime":14674,"runStep":0,"walkStep":22},{"distance":59.74,"mCalorie":3.02,"mOthersTime":0,"mRunTime":0,"mStartTime":25200000,"mTimeUnit":600000,"mWalkTime":54027,"runStep":0,"walkStep":81},{"distance":93.04001,"mCalorie":4.43,"mOthersTime":0,"mRunTime":0,"mStartTime":25800000,"mTimeUnit":600000,"mWalkTime":82708,"runStep":0,"walkStep":124},{"distance":31.19,"mCalorie":1.41,"mOthersTime":0,"mRunTime":0,"mStartTime":31200000,"mTimeUnit":600000,"mWalkTime":26680,"runStep":0,"walkStep":40},{"distance":71.82001,"mCalorie":3.77,"mOthersTime":0,"mRunTime":2000,"mStartTime":31800000,"mTimeUnit":600000,"mWalkTime":60697,"runStep":5,"walkStep":91},{"distance":59.71,"mCalorie":3.08,"mOthersTime":0,"mRunTime":1600,"mStartTime":34200000,"mTimeUnit":600000,"mWalkTime":48024,"runStep":4,"walkStep":72},{"distance":116.11,"mCalorie":5.8099995,"mOthersTime":0,"mRunTime":0,"mStartTime":34800000,"mTimeUnit":600000,"mWalkTime":106053,"runStep":0,"walkStep":159},{"distance":28.0,"mCalorie":1.47,"mOthersTime":0,"mRunTime":0,"mStartTime":35400000,"mTimeUnit":600000,"mWalkTime":25346,"runStep":0,"walkStep":38},{"distance":51.25,"mCalorie":2.38,"mOthersTime":0,"mRunTime":0,"mStartTime":36600000,"mTimeUnit":600000,"mWalkTime":46690,"runStep":0,"walkStep":70},{"distance":14.4800005,"mCalorie":0.75,"mOthersTime":0,"mRunTime":0,"mStartTime":40200000,"mTimeUnit":600000,"mWalkTime":13340,"runStep":0,"walkStep":20},{"distance":328.67902,"mCalorie":17.0,"mOthersTime":0,"mRunTime":3200,"mStartTime":40800000,"mTimeUnit":600000,"mWalkTime":270045,"runStep":8,"walkStep":442},{"distance":168.94,"mCalorie":9.009999,"mOthersTime":0,"mRunTime":0,"mStartTime":41400000,"mTimeUnit":600000,"mWalkTime":138676,"runStep":0,"walkStep":227},{"distance":387.56,"mCalorie":19.69,"mOthersTime":0,"mRunTime":0,"mStartTime":42000000,"mTimeUnit":600000,"mWalkTime":326710,"runStep":0,"walkStep":532},{"distance":110.08997,"mCalorie":5.779999,"mOthersTime":0,"mRunTime":0,"mStartTime":42600000,"mTimeUnit":600000,"mWalkTime":101384,"runStep":0,"walkStep":152},{"distance":65.31,"mCalorie":3.17,"mOthersTime":0,"mRunTime":0,"mStartTime":43200000,"mTimeUnit":600000,"mWalkTime":60030,"runStep":0,"walkStep":90},{"distance":66.601,"mCalorie":3.37,"mOthersTime":0,"mRunTime":3200,"mStartTime":43800000,"mTimeUnit":600000,"mWalkTime":46023,"runStep":8,"walkStep":69},{"distance":114.649994,"mCalorie":6.35,"mOthersTime":0,"mRunTime":8400,"mStartTime":44400000,"mTimeUnit":600000,"mWalkTime":81374,"runStep":21,"walkStep":122},{"distance":97.439995,"mCalorie":5.02,"mOthersTime":0,"mRunTime":0,"mStartTime":45000000,"mTimeUnit":600000,"mWalkTime":93380,"runStep":0,"walkStep":140},{"distance":53.29,"mCalorie":3.38,"mOthersTime":0,"mRunTime":0,"mStartTime":45600000,"mTimeUnit":600000,"mWalkTime":49358,"runStep":0,"walkStep":74},{"distance":155.75,"mCalorie":8.67,"mOthersTime":0,"mRunTime":0,"mStartTime":46200000,"mTimeUnit":600000,"mWalkTime":129368,"runStep":0,"walkStep":216},{"distance":5.28,"mCalorie":0.23,"mOthersTime":0,"mRunTime":0,"mStartTime":47400000,"mTimeUnit":600000,"mWalkTime":4002,"runStep":0,"walkStep":6},{"distance":44.629997,"mCalorie":2.1399999,"mOthersTime":0,"mRunTime":0,"mStartTime":49200000,"mTimeUnit":600000,"mWalkTime":40687,"runStep":0,"walkStep":61},{"distance":281.97,"mCalorie":14.2699995,"mOthersTime":0,"mRunTime":3600,"mStartTime":49800000,"mTimeUnit":600000,"mWalkTime":246760,"runStep":9,"walkStep":375},{"distance":147.49,"mCalorie":8.19,"mOthersTime":0,"mRunTime":0,"mStartTime":50400000,"mTimeUnit":600000,"mWalkTime":138069,"runStep":0,"walkStep":207},{"distance":236.97,"mCalorie":12.33,"mOthersTime":0,"mRunTime":0,"mStartTime":51000000,"mTimeUnit":600000,"mWalkTime":220110,"runStep":0,"walkStep":330},{"distance":220.44,"mCalorie":11.540001,"mOthersTime":0,"mRunTime":0,"mStartTime":51600000,"mTimeUnit":600000,"mWalkTime":200100,"runStep":0,"walkStep":300},{"distance":189.49002,"mCalorie":11.490001,"mOthersTime":0,"mRunTime":0,"mStartTime":52200000,"mTimeUnit":600000,"mWalkTime":182091,"runStep":0,"walkStep":273},{"distance":197.44,"mCalorie":10.59,"mOthersTime":0,"mRunTime":0,"mStartTime":52800000,"mTimeUnit":600000,"mWalkTime":183425,"runStep":0,"walkStep":275},{"distance":77.54,"mCalorie":4.0299997,"mOthersTime":0,"mRunTime":0,"mStartTime":53400000,"mTimeUnit":600000,"mWalkTime":71369,"runStep":0,"walkStep":107},{"distance":48.989998,"mCalorie":2.4,"mOthersTime":0,"mRunTime":0,"mStartTime":54000000,"mTimeUnit":600000,"mWalkTime":41354,"runStep":0,"walkStep":62},{"distance":30.12,"mCalorie":1.34,"mOthersTime":0,"mRunTime":0,"mStartTime":55200000,"mTimeUnit":600000,"mWalkTime":26680,"runStep":0,"walkStep":40},{"distance":81.261604,"mCalorie":55.335514,"mOthersTime":344773,"mRunTime":0,"mStartTime":55800000,"mTimeUnit":600000,"mWalkTime":86790,"runStep":0,"walkStep":396},{"distance":45.86465,"mCalorie":39.782784,"mOthersTime":255227,"mRunTime":0,"mStartTime":56400000,"mTimeUnit":600000,"mWalkTime":41690,"runStep":0,"walkStep":261},{"distance":66.67,"mCalorie":3.13,"mOthersTime":0,"mRunTime":0,"mStartTime":57000000,"mTimeUnit":600000,"mWalkTime":58696,"runStep":0,"walkStep":88},{"distance":272.97998,"mCalorie":13.990001,"mOthersTime":0,"mRunTime":4800,"mStartTime":58200000,"mTimeUnit":600000,"mWalkTime":234784,"runStep":12,"walkStep":352},{"distance":94.81,"mCalorie":4.63,"mOthersTime":0,"mRunTime":0,"mStartTime":58800000,"mTimeUnit":600000,"mWalkTime":85376,"runStep":0,"walkStep":128},{"distance":39.82,"mCalorie":2.01,"mOthersTime":0,"mRunTime":0,"mStartTime":59400000,"mTimeUnit":600000,"mWalkTime":34017,"runStep":0,"walkStep":51},{"distance":185.84,"mCalorie":9.84,"mOthersTime":0,"mRunTime":0,"mStartTime":60000000,"mTimeUnit":600000,"mWalkTime":170752,"runStep":0,"walkStep":256},{"distance":198.61,"mCalorie":10.9,"mOthersTime":0,"mRunTime":0,"mStartTime":60600000,"mTimeUnit":600000,"mWalkTime":186093,"runStep":0,"walkStep":279},{"distance":15.86,"mCalorie":0.82,"mOthersTime":0,"mRunTime":0,"mStartTime":61200000,"mTimeUnit":600000,"mWalkTime":14674,"runStep":0,"walkStep":22},{"distance":34.86,"mCalorie":1.6899999,"mOthersTime":0,"mRunTime":0,"mStartTime":61800000,"mTimeUnit":600000,"mWalkTime":29348,"runStep":0,"walkStep":44},{"distance":5.09,"mCalorie":0.26,"mOthersTime":0,"mRunTime":0,"mStartTime":63000000,"mTimeUnit":600000,"mWalkTime":4669,"runStep":0,"walkStep":7},{"distance":10.35,"mCalorie":0.55,"mOthersTime":0,"mRunTime":0,"mStartTime":66000000,"mTimeUnit":600000,"mWalkTime":10005,"runStep":0,"walkStep":15},{"distance":23.0,"mCalorie":1.04,"mOthersTime":0,"mRunTime":0,"mStartTime":66600000,"mTimeUnit":600000,"mWalkTime":20677,"runStep":0,"walkStep":31},{"distance":15.31,"mCalorie":0.72,"mOthersTime":0,"mRunTime":0,"mStartTime":67800000,"mTimeUnit":600000,"mWalkTime":14007,"runStep":0,"walkStep":21},{"distance":59.829994,"mCalorie":2.85,"mOthersTime":0,"mRunTime":1600,"mStartTime":68400000,"mTimeUnit":600000,"mWalkTime":47357,"runStep":4,"walkStep":71},{"distance":48.78,"mCalorie":2.4699998,"mOthersTime":0,"mRunTime":1200,"mStartTime":69600000,"mTimeUnit":600000,"mWalkTime":36685,"runStep":3,"walkStep":55},{"distance":59.129997,"mCalorie":2.81,"mOthersTime":0,"mRunTime":0,"mStartTime":70200000,"mTimeUnit":600000,"mWalkTime":52693,"runStep":0,"walkStep":79},{"distance":88.33,"mCalorie":4.31,"mOthersTime":0,"mRunTime":0,"mStartTime":70800000,"mTimeUnit":600000,"mWalkTime":78039,"runStep":0,"walkStep":117},{"distance":67.67,"mCalorie":3.4299998,"mOthersTime":0,"mRunTime":400,"mStartTime":71400000,"mTimeUnit":600000,"mWalkTime":58696,"runStep":1,"walkStep":88},{"distance":106.0,"mCalorie":6.05,"mOthersTime":0,"mRunTime":0,"mStartTime":72000000,"mTimeUnit":600000,"mWalkTime":112723,"runStep":0,"walkStep":169},{"distance":122.380005,"mCalorie":6.48,"mOthersTime":0,"mRunTime":0,"mStartTime":72600000,"mTimeUnit":600000,"mWalkTime":112056,"runStep":0,"walkStep":168},{"distance":42.59,"mCalorie":2.1799998,"mOthersTime":0,"mRunTime":0,"mStartTime":73200000,"mTimeUnit":600000,"mWalkTime":38686,"runStep":0,"walkStep":58},{"distance":30.08,"mCalorie":1.53,"mOthersTime":0,"mRunTime":0,"mStartTime":73800000,"mTimeUnit":600000,"mWalkTime":26680,"runStep":0,"walkStep":40},{"distance":7.52,"mCalorie":0.42,"mOthersTime":0,"mRunTime":0,"mStartTime":74400000,"mTimeUnit":600000,"mWalkTime":7337,"runStep":0,"walkStep":11},{"distance":129.09999,"mCalorie":6.5699997,"mOthersTime":0,"mRunTime":0,"mStartTime":75600000,"mTimeUnit":600000,"mWalkTime":118059,"runStep":0,"walkStep":177},{"distance":62.829998,"mCalorie":3.0100002,"mOthersTime":0,"mRunTime":0,"mStartTime":76200000,"mTimeUnit":600000,"mWalkTime":56028,"runStep":0,"walkStep":84},{"distance":82.7,"mCalorie":4.01,"mOthersTime":0,"mRunTime":0,"mStartTime":76800000,"mTimeUnit":600000,"mWalkTime":74704,"runStep":0,"walkStep":112},{"distance":87.511,"mCalorie":4.9,"mOthersTime":0,"mRunTime":4400,"mStartTime":77400000,"mTimeUnit":600000,"mWalkTime":64032,"runStep":11,"walkStep":96}],"version":1}