{"mActivityList":[{"mActiveTime":600000,"mActiveTimeType":2,"mCalorie":104.62,"mCategory":204,"mDetailInfoId":"46d0cfdd-8c0e-28a4-c2fd-bcb019f3b66a","mDistance":0.0,"mDuration":600000,"mEndTime":54489239,"mStartTime":53889239,"mType":11007}],"mAdaptiveGoal":0,"mIsGoalAchieved":false,"mIsMostActiveAchieved":false,"mMostActiveMinutes":0,"mStreakDayCount":0,"mUnitDataList":[{"distance":15.77,"mCalorie":0.78999996,"mOthersTime":0,"mRunTime":0,"mStartTime":0,"mTimeUnit":600000,"mWalkTime":14007,"runStep":0,"walkStep":21},{"distance":13.5,"mCalorie":0.61,"mOthersTime":0,"mRunTime":0,"mStartTime":600000,"mTimeUnit":600000,"mWalkTime":12006,"runStep":0,"walkStep":18},{"distance":7.49,"mCalorie":0.45,"mOthersTime":0,"mRunTime":0,"mStartTime":11400000,"mTimeUnit":600000,"mWalkTime":7337,"runStep":0,"walkStep":11},{"distance":7.34,"mCalorie":0.44,"mOthersTime":0,"mRunTime":0,"mStartTime":16200000,"mTimeUnit":600000,"mWalkTime":6670,"runStep":0,"walkStep":10},{"distance":13.28,"mCalorie":0.62,"mOthersTime":0,"mRunTime":0,"mStartTime":18000000,"mTimeUnit":600000,"mWalkTime":11339,"runStep":0,"walkStep":17},{"distance":70.899994,"mCalorie":3.59,"mOthersTime":0,"mRunTime":2000,"mStartTime":24000000,"mTimeUnit":600000,"mWalkTime":58696,"runStep":5,"walkStep":88},{"distance":43.44,"mCalorie":2.3600001,"mOthersTime":0,"mRunTime":2000,"mStartTime":25200000,"mTimeUnit":600000,"mWalkTime":32016,"runStep":5,"walkStep":48},{"distance":25.82,"mCalorie":1.45,"mOthersTime":0,"mRunTime":0,"mStartTime":25800000,"mTimeUnit":600000,"mWalkTime":24012,"runStep":0,"walkStep":36},{"distance":33.93,"mCalorie":1.44,"mOthersTime":0,"mRunTime":0,"mStartTime":31200000,"mTimeUnit":600000,"mWalkTime":29348,"runStep":0,"walkStep":44},{"distance":6.81,"mCalorie":0.41,"mOthersTime":0,"mRunTime":0,"mStartTime":33000000,"mTimeUnit":600000,"mWalkTime":6670,"runStep":0,"walkStep":10},{"distance":33.11,"mCalorie":1.75,"mOthersTime":0,"mRunTime":0,"mStartTime":33600000,"mTimeUnit":600000,"mWalkTime":31349,"runStep":0,"walkStep":47},{"distance":18.66,"mCalorie":0.84000003,"mOthersTime":0,"mRunTime":0,"mStartTime":34200000,"mTimeUnit":600000,"mWalkTime":16675,"runStep":0,"walkStep":25},{"distance":20.91,"mCalorie":0.99,"mOthersTime":0,"mRunTime":0,"mStartTime":34800000,"mTimeUnit":600000,"mWalkTime":18676,"runStep":0,"walkStep":28},{"distance":37.87,"mCalorie":1.72,"mOthersTime":0,"mRunTime":0,"mStartTime":35400000,"mTimeUnit":600000,"mWalkTime":34017,"runStep":0,"walkStep":51},{"distance":18.66,"mCalorie":0.99,"mOthersTime":0,"mRunTime":0,"mStartTime":36000000,"mTimeUnit":600000,"mWalkTime":18009,"runStep":0,"walkStep":27},{"distance":7.2,"mCalorie":0.36,"mOthersTime":0,"mRunTime":0,"mStartTime":36600000,"mTimeUnit":600000,"mWalkTime":6670,"runStep":0,"walkStep":10},{"distance":48.300003,"mCalorie":2.78,"mOthersTime":0,"mRunTime":800,"mStartTime":37200000,"mTimeUnit":600000,"mWalkTime":42021,"runStep":2,"walkStep":63},{"distance":0.71,"mCalorie":0.03,"mOthersTime":0,"mRunTime":0,"mStartTime":37800000,"mTimeUnit":600000,"mWalkTime":667,"runStep":0,"walkStep":1},{"distance":17.07,"mCalorie":0.78,"mOthersTime":0,"mRunTime":0,"mStartTime":40200000,"mTimeUnit":600000,"mWalkTime":15341,"runStep":0,"walkStep":23},{"distance":28.97,"mCalorie":1.46,"mOthersTime":0,"mRunTime":0,"mStartTime":40800000,"mTimeUnit":600000,"mWalkTime":27347,"runStep":0,"walkStep":41},{"distance":22.44,"mCalorie":0.95000005,"mOthersTime":0,"mRunTime":0,"mStartTime":41400000,"mTimeUnit":600000,"mWalkTime":19343,"runStep":0,"walkStep":29},{"distance":90.759995,"mCalorie":4.37,"mOthersTime":0,"mRunTime":800,"mStartTime":42000000,"mTimeUnit":600000,"mWalkTime":78039,"runStep":2,"walkStep":117},{"distance":119.649994,"mCalorie":6.09,"mOthersTime":0,"mRunTime":0,"mStartTime":43200000,"mTimeUnit":600000,"mWalkTime":114057,"runStep":0,"walkStep":171},{"distance":80.200005,"mCalorie":4.2400002,"mOthersTime":0,"mRunTime":0,"mStartTime":43800000,"mTimeUnit":600000,"mWalkTime":74704,"runStep":0,"walkStep":112},{"distance":63.9,"mCalorie":3.1399999,"mOthersTime":0,"mRunTime":0,"mStartTime":44400000,"mTimeUnit":600000,"mWalkTime":55361,"runStep":0,"walkStep":83},{"distance":13.14,"mCalorie":0.68,"mOthersTime":0,"mRunTime":0,"mStartTime":45600000,"mTimeUnit":600000,"mWalkTime":12006,"runStep":0,"walkStep":18},{"distance":98.76001,"mCalorie":5.3,"mOthersTime":0,"mRunTime":0,"mStartTime":46800000,"mTimeUnit":600000,"mWalkTime":92046,"runStep":0,"walkStep":138},{"distance":61.449997,"mCalorie":3.02,"mOthersTime":0,"mRunTime":0,"mStartTime":47400000,"mTimeUnit":600000,"mWalkTime":56028,"runStep":0,"walkStep":84},{"distance":31.580002,"mCalorie":1.75,"mOthersTime":0,"mRunTime":0,"mStartTime":48000000,"mTimeUnit":600000,"mWalkTime":30682,"runStep":0,"walkStep":46},{"distance":7.45,"mCalorie":0.47,"mOthersTime":0,"mRunTime":0,"mStartTime":52200000,"mTimeUnit":600000,"mWalkTime":7337,"runStep":0,"walkStep":11},{"distance":145.51933,"mCalorie":27.694958,"mOthersTime":110761,"mRunTime":800,"mStartTime":53400000,"mTimeUnit":600000,"mWalkTime":141307,"runStep":2,"walkStep":266},{"distance":54.049225,"mCalorie":87.77825,"mOthersTime":489239,"mRunTime":0,"mStartTime":54000000,"mTimeUnit":600000,"mWalkTime":47403,"runStep":1,"walkStep":477},{"distance":18.32,"mCalorie":0.98,"mOthersTime":0,"mRunTime":0,"mStartTime":54600000,"mTimeUnit":600000,"mWalkTime":17342,"runStep":0,"walkStep":26},{"distance":70.5,"mCalorie":3.5900002,"mOthersTime":0,"mRunTime":0,"mStartTime":55800000,"mTimeUnit":600000,"mWalkTime":64699,"runStep":0,"walkStep":97},{"distance":67.24,"mCalorie":3.48,"mOthersTime":0,"mRunTime":0,"mStartTime":56400000,"mTimeUnit":600000,"mWalkTime":60030,"runStep":0,"walkStep":90},{"distance":230.51001,"mCalorie":12.08,"mOthersTime":0,"mRunTime":0,"mStartTime":57000000,"mTimeUnit":600000,"mWalkTime":213440,"runStep":0,"walkStep":320},{"distance":35.61,"mCalorie":1.97,"mOthersTime":0,"mRunTime":0,"mStartTime":57600000,"mTimeUnit":600000,"mWalkTime":33350,"runStep":0,"walkStep":50},{"distance":24.179998,"mCalorie":1.22,"mOthersTime":0,"mRunTime":0,"mStartTime":60600000,"mTimeUnit":600000,"mWalkTime":22011,"runStep":0,"walkStep":33},{"distance":59.440002,"mCalorie":3.3999999,"mOthersTime":0,"mRunTime":2800,"mStartTime":61800000,"mTimeUnit":600000,"mWalkTime":54027,"runStep":7,"walkStep":81},{"distance":25.17,"mCalorie":1.34,"mOthersTime":0,"mRunTime":0,"mStartTime":62400000,"mTimeUnit":600000,"mWalkTime":24012,"runStep":0,"walkStep":36},{"distance":35.78,"mCalorie":1.8299999,"mOthersTime":0,"mRunTime":0,"mStartTime":63000000,"mTimeUnit":600000,"mWalkTime":34017,"runStep":0,"walkStep":51},{"distance":26.539999,"mCalorie":1.5999999,"mOthersTime":0,"mRunTime":800,"mStartTime":63600000,"mTimeUnit":600000,"mWalkTime":22011,"runStep":2,"walkStep":33},{"distance":27.17,"mCalorie":1.23,"mOthersTime":0,"mRunTime":0,"mStartTime":64200000,"mTimeUnit":600000,"mWalkTime":24012,"runStep":0,"walkStep":36},{"distance":12.79,"mCalorie":0.72,"mOthersTime":0,"mRunTime":0,"mStartTime":64800000,"mTimeUnit":600000,"mWalkTime":12006,"runStep":0,"walkStep":18},{"distance":19.16,"mCalorie":0.96,"mOthersTime":0,"mRunTime":0,"mStartTime":65400000,"mTimeUnit":600000,"mWalkTime":18009,"runStep":0,"walkStep":27},{"distance":7.32,"mCalorie":0.37,"mOthersTime":0,"mRunTime":0,"mStartTime":66000000,"mTimeUnit":600000,"mWalkTime":6670,"runStep":0,"walkStep":10},{"distance":7.63,"mCalorie":0.32,"mOthersTime":0,"mRunTime":0,"mStartTime":66600000,"mTimeUnit":600000,"mWalkTime":6670,"runStep":0,"walkStep":10},{"distance":138.47,"mCalorie":7.53,"mOthersTime":0,"mRunTime":0,"mStartTime":67200000,"mTimeUnit":600000,"mWalkTime":119363,"runStep":0,"walkStep":198},{"distance":74.87,"mCalorie":3.46,"mOthersTime":0,"mRunTime":0,"mStartTime":67800000,"mTimeUnit":600000,"mWalkTime":66033,"runStep":0,"walkStep":99},{"distance":152.19,"mCalorie":7.86,"mOthersTime":0,"mRunTime":0,"mStartTime":68400000,"mTimeUnit":600000,"mWalkTime":125366,"runStep":0,"walkStep":206},{"distance":29.650002,"mCalorie":1.51,"mOthersTime":0,"mRunTime":0,"mStartTime":69000000,"mTimeUnit":600000,"mWalkTime":27347,"runStep":0,"walkStep":41},{"distance":9.88,"mCalorie":0.5,"mOthersTime":0,"mRunTime":0,"mStartTime":70200000,"mTimeUnit":600000,"mWalkTime":8671,"runStep":0,"walkStep":13},{"distance":33.57,"mCalorie":1.74,"mOthersTime":0,"mRunTime":0,"mStartTime":70800000,"mTimeUnit":600000,"mWalkTime":30015,"runStep":0,"walkStep":45},{"distance":87.780014,"mCalorie":4.519998,"mOthersTime":0,"mRunTime":0,"mStartTime":71400000,"mTimeUnit":600000,"mWalkTime":78706,"runStep":0,"walkStep":118},{"distance":156.6,"mCalorie":9.709999,"mOthersTime":0,"mRunTime":0,"mStartTime":72000000,"mTimeUnit":600000,"mWalkTime":144709,"runStep":0,"walkStep":226},{"distance":15.05,"mCalorie":0.8,"mOthersTime":0,"mRunTime":0,"mStartTime":72600000,"mTimeUnit":600000,"mWalkTime":14007,"runStep":0,"walkStep":21},{"distance":16.43,"mCalorie":0.92999995,"mOthersTime":0,"mRunTime":0,"mStartTime":73200000,"mTimeUnit":600000,"mWalkTime":15341,"runStep":0,"walkStep":23},{"distance":7.23,"mCalorie":0.42,"mOthersTime":0,"mRunTime":0,"mStartTime":75000000,"mTimeUnit":600000,"mWalkTime":6670,"runStep":0,"walkStep":10},{"distance":17.29,"mCalorie":1.07,"mOthersTime":0,"mRunTime":2400,"mStartTime":76800000,"mTimeUnit":600000,"mWalkTime":8004,"runStep":6,"walkStep":12},{"distance":24.21,"mCalorie":0.96999997,"mOthersTime":0,"mRunTime":0,"mStartTime":77400000,"mTimeUnit":600000,"mWalkTime":18009,"runStep":0,"walkStep":27},{"distance":5.75,"mCalorie":0.3,"mOthersTime":0,"mRunTime":0,"mStartTime":79200000,"mTimeUnit":600000,"mWalkTime":5336,"runStep":0,"walkStep":8},{"distance":13.46,"mCalorie":0.72,"mOthersTime":0,"mRunTime":0,"mStartTime":81600000,"mTimeUnit":600000,"mWalkTime":12673,"runStep":0,"walkStep":19},{"distance":35.11,"mCalorie":1.59,"mOthersTime":0,"mRunTime":0,"mStartTime":82200000,"mTimeUnit":600000,"mWalkTime":31349,"runStep":0,"walkStep":47}],"version":1}