{"mAdaptiveGoal":0,"mIsGoalAchieved":false,"mIsMostActiveAchieved":false,"mMostActiveMinutes":0,"mStreakDayCount":0,"mUnitDataList":[{"distance":40.138,"mCalorie":1.86,"mOthersTime":0,"mRunTime":0,"mStartTime":21600000,"mTimeUnit":600000,"mWalkTime":33350,"runStep":0,"walkStep":50},{"distance":110.713,"mCalorie":5.29,"mOthersTime":0,"mRunTime":800,"mStartTime":22200000,"mTimeUnit":600000,"mWalkTime":93350,"runStep":2,"walkStep":144},{"distance":69.409,"mCalorie":3.34,"mOthersTime":0,"mRunTime":0,"mStartTime":22800000,"mTimeUnit":600000,"mWalkTime":62031,"runStep":0,"walkStep":93},{"distance":87.64,"mCalorie":4.46,"mOthersTime":0,"mRunTime":0,"mStartTime":24600000,"mTimeUnit":600000,"mWalkTime":81374,"runStep":0,"walkStep":122},{"distance":90.95,"mCalorie":4.5699997,"mOthersTime":0,"mRunTime":0,"mStartTime":25200000,"mTimeUnit":600000,"mWalkTime":84709,"runStep":0,"walkStep":127},{"distance":94.231,"mCalorie":4.89,"mOthersTime":0,"mRunTime":0,"mStartTime":25800000,"mTimeUnit":600000,"mWalkTime":88044,"runStep":0,"walkStep":132},{"distance":32.4,"mCalorie":1.52,"mOthersTime":0,"mRunTime":0,"mStartTime":26400000,"mTimeUnit":600000,"mWalkTime":30015,"runStep":0,"walkStep":45},{"distance":34.980003,"mCalorie":1.5300001,"mOthersTime":0,"mRunTime":0,"mStartTime":33000000,"mTimeUnit":600000,"mWalkTime":30015,"runStep":0,"walkStep":45},{"distance":12.25,"mCalorie":0.77,"mOthersTime":0,"mRunTime":0,"mStartTime":33600000,"mTimeUnit":600000,"mWalkTime":12006,"runStep":0,"walkStep":18},{"distance":19.560001,"mCalorie":0.97,"mOthersTime":0,"mRunTime":0,"mStartTime":37800000,"mTimeUnit":600000,"mWalkTime":18009,"runStep":0,"walkStep":27},{"distance":26.18,"mCalorie":1.63,"mOthersTime":0,"mRunTime":400,"mStartTime":39000000,"mTimeUnit":600000,"mWalkTime":22011,"runStep":1,"walkStep":33},{"distance":40.54,"mCalorie":2.14,"mOthersTime":0,"mRunTime":0,"mStartTime":39600000,"mTimeUnit":600000,"mWalkTime":38686,"runStep":0,"walkStep":58},{"distance":150.30501,"mCalorie":9.08,"mOthersTime":0,"mRunTime":19600,"mStartTime":40200000,"mTimeUnit":600000,"mWalkTime":96048,"runStep":49,"walkStep":144},{"distance":61.288998,"mCalorie":3.0900002,"mOthersTime":0,"mRunTime":0,"mStartTime":40800000,"mTimeUnit":600000,"mWalkTime":55361,"runStep":0,"walkStep":83},{"distance":45.771,"mCalorie":2.31,"mOthersTime":0,"mRunTime":0,"mStartTime":41400000,"mTimeUnit":600000,"mWalkTime":39353,"runStep":0,"walkStep":59},{"distance":65.699005,"mCalorie":3.0900002,"mOthersTime":0,"mRunTime":0,"mStartTime":42000000,"mTimeUnit":600000,"mWalkTime":58696,"runStep":0,"walkStep":88},{"distance":78.119995,"mCalorie":4.46,"mOthersTime":0,"mRunTime":0,"mStartTime":43200000,"mTimeUnit":600000,"mWalkTime":78706,"runStep":0,"walkStep":118},{"distance":102.100006,"mCalorie":5.42,"mOthersTime":0,"mRunTime":0,"mStartTime":43800000,"mTimeUnit":600000,"mWalkTime":95381,"runStep":0,"walkStep":143},{"distance":52.77,"mCalorie":2.75,"mOthersTime":0,"mRunTime":0,"mStartTime":44400000,"mTimeUnit":600000,"mWalkTime":48691,"runStep":0,"walkStep":73},{"distance":143.89001,"mCalorie":7.8399997,"mOthersTime":0,"mRunTime":0,"mStartTime":46800000,"mTimeUnit":600000,"mWalkTime":132733,"runStep":0,"walkStep":199},{"distance":270.43,"mCalorie":16.6,"mOthersTime":0,"mRunTime":23200,"mStartTime":47400000,"mTimeUnit":600000,"mWalkTime":174694,"runStep":58,"walkStep":296},{"distance":317.37,"mCalorie":16.199999,"mOthersTime":0,"mRunTime":0,"mStartTime":48000000,"mTimeUnit":600000,"mWalkTime":282051,"runStep":0,"walkStep":432},{"distance":146.43999,"mCalorie":7.71,"mOthersTime":0,"mRunTime":0,"mStartTime":48600000,"mTimeUnit":600000,"mWalkTime":134067,"runStep":0,"walkStep":201},{"distance":62.39,"mCalorie":3.1299999,"mOthersTime":0,"mRunTime":0,"mStartTime":52200000,"mTimeUnit":600000,"mWalkTime":58029,"runStep":0,"walkStep":87},{"distance":251.15999,"mCalorie":11.679999,"mOthersTime":0,"mRunTime":400,"mStartTime":52800000,"mTimeUnit":600000,"mWalkTime":199403,"runStep":1,"walkStep":328},{"distance":41.190002,"mCalorie":2.1999998,"mOthersTime":0,"mRunTime":0,"mStartTime":53400000,"mTimeUnit":600000,"mWalkTime":36018,"runStep":0,"walkStep":54},{"distance":8.09,"mCalorie":0.54,"mOthersTime":0,"mRunTime":0,"mStartTime":55200000,"mTimeUnit":600000,"mWalkTime":6670,"runStep":0,"walkStep":10},{"distance":24.77,"mCalorie":1.21,"mOthersTime":0,"mRunTime":0,"mStartTime":57000000,"mTimeUnit":600000,"mWalkTime":22011,"runStep":0,"walkStep":33},{"distance":29.72,"mCalorie":1.36,"mOthersTime":0,"mRunTime":0,"mStartTime":57600000,"mTimeUnit":600000,"mWalkTime":26680,"runStep":0,"walkStep":40},{"distance":7.44,"mCalorie":0.57,"mOthersTime":0,"mRunTime":0,"mStartTime":58200000,"mTimeUnit":600000,"mWalkTime":7337,"runStep":0,"walkStep":11},{"distance":17.529999,"mCalorie":0.93999994,"mOthersTime":0,"mRunTime":0,"mStartTime":58800000,"mTimeUnit":600000,"mWalkTime":16675,"runStep":0,"walkStep":25},{"distance":159.08202,"mCalorie":7.82,"mOthersTime":0,"mRunTime":2000,"mStartTime":59400000,"mTimeUnit":600000,"mWalkTime":133400,"runStep":5,"walkStep":200},{"distance":7.36,"mCalorie":0.34,"mOthersTime":0,"mRunTime":0,"mStartTime":60000000,"mTimeUnit":600000,"mWalkTime":6670,"runStep":0,"walkStep":10},{"distance":8.95,"mCalorie":0.53,"mOthersTime":0,"mRunTime":0,"mStartTime":62400000,"mTimeUnit":600000,"mWalkTime":8671,"runStep":0,"walkStep":13},{"distance":184.971,"mCalorie":10.72,"mOthersTime":0,"mRunTime":2400,"mStartTime":63000000,"mTimeUnit":600000,"mWalkTime":156745,"runStep":6,"walkStep":235},{"distance":236.35999,"mCalorie":12.51,"mOthersTime":0,"mRunTime":0,"mStartTime":63600000,"mTimeUnit":600000,"mWalkTime":215441,"runStep":0,"walkStep":323},{"distance":35.149002,"mCalorie":1.7700001,"mOthersTime":0,"mRunTime":0,"mStartTime":64200000,"mTimeUnit":600000,"mWalkTime":32016,"runStep":0,"walkStep":48},{"distance":7.13,"mCalorie":0.36,"mOthersTime":0,"mRunTime":0,"mStartTime":64800000,"mTimeUnit":600000,"mWalkTime":6670,"runStep":0,"walkStep":10},{"distance":29.779999,"mCalorie":1.5,"mOthersTime":0,"mRunTime":0,"mStartTime":65400000,"mTimeUnit":600000,"mWalkTime":27347,"runStep":0,"walkStep":41},{"distance":319.34998,"mCalorie":17.310001,"mOthersTime":0,"mRunTime":0,"mStartTime":66000000,"mTimeUnit":600000,"mWalkTime":297482,"runStep":0,"walkStep":446},{"distance":33.64,"mCalorie":1.89,"mOthersTime":0,"mRunTime":0,"mStartTime":66600000,"mTimeUnit":600000,"mWalkTime":31349,"runStep":0,"walkStep":47},{"distance":9.95,"mCalorie":0.4,"mOthersTime":0,"mRunTime":0,"mStartTime":67200000,"mTimeUnit":600000,"mWalkTime":8671,"runStep":0,"walkStep":13},{"distance":13.99,"mCalorie":0.76,"mOthersTime":0,"mRunTime":0,"mStartTime":67800000,"mTimeUnit":600000,"mWalkTime":13340,"runStep":0,"walkStep":20},{"distance":144.93,"mCalorie":7.82,"mOthersTime":0,"mRunTime":0,"mStartTime":69000000,"mTimeUnit":600000,"mWalkTime":133370,"runStep":0,"walkStep":210},{"distance":125.10999,"mCalorie":6.16,"mOthersTime":0,"mRunTime":0,"mStartTime":69600000,"mTimeUnit":600000,"mWalkTime":114057,"runStep":0,"walkStep":171},{"distance":21.09,"mCalorie":1.16,"mOthersTime":0,"mRunTime":1200,"mStartTime":71400000,"mTimeUnit":600000,"mWalkTime":14674,"runStep":3,"walkStep":22},{"distance":89.189995,"mCalorie":4.7,"mOthersTime":0,"mRunTime":0,"mStartTime":72000000,"mTimeUnit":600000,"mWalkTime":82041,"runStep":0,"walkStep":123},{"distance":144.20999,"mCalorie":7.4999995,"mOthersTime":0,"mRunTime":1200,"mStartTime":72600000,"mTimeUnit":600000,"mWalkTime":126730,"runStep":3,"walkStep":190},{"distance":15.55,"mCalorie":0.66,"mOthersTime":0,"mRunTime":0,"mStartTime":73800000,"mTimeUnit":600000,"mWalkTime":14007,"runStep":0,"walkStep":21},{"distance":102.009995,"mCalorie":5.91,"mOthersTime":0,"mRunTime":10000,"mStartTime":78000000,"mTimeUnit":600000,"mWalkTime":70035,"runStep":25,"walkStep":105},{"distance":20.531,"mCalorie":1.06,"mOthersTime":0,"mRunTime":0,"mStartTime":78600000,"mTimeUnit":600000,"mWalkTime":19343,"runStep":0,"walkStep":29},{"distance":53.589996,"mCalorie":3.43,"mOthersTime":0,"mRunTime":2400,"mStartTime":79800000,"mTimeUnit":600000,"mWalkTime":39353,"runStep":6,"walkStep":59}],"version":1}