{"mActivityList":[{"mActiveTime":600000,"mActiveTimeType":2,"mCalorie":63.32,"mCategory":204,"mDetailInfoId":"632b7101-40bf-fa74-1672-0031b15e9406","mDistance":0.0,"mDuration":600000,"mEndTime":47633330,"mStartTime":47033330,"mType":11007},{"mActiveTime":790892,"mActiveTimeType":2,"mCalorie":97.0,"mCategory":204,"mDetailInfoId":"d58819bb-92e8-c91e-12a8-cbf375687c38","mDistance":0.0,"mDuration":790892,"mEndTime":55993374,"mStartTime":55202482,"mType":0},{"mActiveTime":847509,"mActiveTimeType":2,"mCalorie":77.0,"mCategory":204,"mDetailInfoId":"bd449edf-421f-7563-7d57-f7de01bde7d7","mDistance":0.0,"mDuration":847509,"mEndTime":57669076,"mStartTime":56821567,"mType":0},{"mActiveTime":621060,"mActiveTimeType":2,"mCalorie":74.0,"mCategory":204,"mDetailInfoId":"57037412-1e76-a92a-ea54-3460599bc693","mDistance":0.0,"mDuration":621060,"mEndTime":63029482,"mStartTime":62408422,"mType":0},{"mActiveTime":600000,"mActiveTimeType":2,"mCalorie":55.99,"mCategory":204,"mDetailInfoId":"6ac92631-d641-50b8-557a-ce91f9e3180c","mDistance":0.0,"mDuration":600000,"mEndTime":83333039,"mStartTime":82733039,"mType":11007}],"mAdaptiveGoal":0,"mIsGoalAchieved":false,"mIsMostActiveAchieved":false,"mMostActiveMinutes":0,"mStreakDayCount":0,"mUnitDataList":[{"distance":7.79,"mCalorie":0.42,"mOthersTime":0,"mRunTime":0,"mStartTime":27600000,"mTimeUnit":600000,"mWalkTime":7337,"runStep":0,"walkStep":11},{"distance":6.7,"mCalorie":0.33,"mOthersTime":0,"mRunTime":0,"mStartTime":28200000,"mTimeUnit":600000,"mWalkTime":6003,"runStep":0,"walkStep":9},{"distance":18.72,"mCalorie":0.91,"mOthersTime":0,"mRunTime":0,"mStartTime":31800000,"mTimeUnit":600000,"mWalkTime":16675,"runStep":0,"walkStep":25},{"distance":77.67999,"mCalorie":3.97,"mOthersTime":0,"mRunTime":0,"mStartTime":32400000,"mTimeUnit":600000,"mWalkTime":70035,"runStep":0,"walkStep":105},{"distance":173.26999,"mCalorie":10.200001,"mOthersTime":0,"mRunTime":0,"mStartTime":33000000,"mTimeUnit":600000,"mWalkTime":172753,"runStep":0,"walkStep":259},{"distance":125.81,"mCalorie":7.4399996,"mOthersTime":0,"mRunTime":0,"mStartTime":33600000,"mTimeUnit":600000,"mWalkTime":122061,"runStep":0,"walkStep":183},{"distance":335.64,"mCalorie":26.14,"mOthersTime":0,"mRunTime":0,"mStartTime":34200000,"mTimeUnit":600000,"mWalkTime":332166,"runStep":0,"walkStep":498},{"distance":149.5,"mCalorie":7.69,"mOthersTime":0,"mRunTime":0,"mStartTime":34800000,"mTimeUnit":600000,"mWalkTime":136068,"runStep":0,"walkStep":204},{"distance":82.1,"mCalorie":4.0499997,"mOthersTime":0,"mRunTime":0,"mStartTime":35400000,"mTimeUnit":600000,"mWalkTime":73370,"runStep":0,"walkStep":110},{"distance":225.1,"mCalorie":11.34,"mOthersTime":0,"mRunTime":0,"mStartTime":36000000,"mTimeUnit":600000,"mWalkTime":205436,"runStep":0,"walkStep":308},{"distance":151.11,"mCalorie":8.01,"mOthersTime":0,"mRunTime":0,"mStartTime":36600000,"mTimeUnit":600000,"mWalkTime":137402,"runStep":0,"walkStep":206},{"distance":90.97,"mCalorie":4.69,"mOthersTime":0,"mRunTime":0,"mStartTime":37200000,"mTimeUnit":600000,"mWalkTime":83375,"runStep":0,"walkStep":125},{"distance":39.65,"mCalorie":2.09,"mOthersTime":0,"mRunTime":0,"mStartTime":37800000,"mTimeUnit":600000,"mWalkTime":37352,"runStep":0,"walkStep":56},{"distance":84.14,"mCalorie":4.35,"mOthersTime":0,"mRunTime":0,"mStartTime":38400000,"mTimeUnit":600000,"mWalkTime":77372,"runStep":0,"walkStep":116},{"distance":204.61,"mCalorie":10.710001,"mOthersTime":0,"mRunTime":0,"mStartTime":39000000,"mTimeUnit":600000,"mWalkTime":188094,"runStep":0,"walkStep":282},{"distance":112.52999,"mCalorie":5.859999,"mOthersTime":0,"mRunTime":0,"mStartTime":39600000,"mTimeUnit":600000,"mWalkTime":103385,"runStep":0,"walkStep":155},{"distance":236.82,"mCalorie":12.49,"mOthersTime":0,"mRunTime":0,"mStartTime":40200000,"mTimeUnit":600000,"mWalkTime":214107,"runStep":0,"walkStep":321},{"distance":278.28,"mCalorie":15.06,"mOthersTime":0,"mRunTime":0,"mStartTime":40800000,"mTimeUnit":600000,"mWalkTime":257462,"runStep":0,"walkStep":386},{"distance":180.38,"mCalorie":9.589999,"mOthersTime":0,"mRunTime":0,"mStartTime":41400000,"mTimeUnit":600000,"mWalkTime":170085,"runStep":0,"walkStep":255},{"distance":30.140001,"mCalorie":1.47,"mOthersTime":0,"mRunTime":0,"mStartTime":42000000,"mTimeUnit":600000,"mWalkTime":27347,"runStep":0,"walkStep":41},{"distance":50.35,"mCalorie":2.52,"mOthersTime":0,"mRunTime":0,"mStartTime":42600000,"mTimeUnit":600000,"mWalkTime":44022,"runStep":0,"walkStep":66},{"distance":86.28,"mCalorie":4.1800003,"mOthersTime":0,"mRunTime":0,"mStartTime":43200000,"mTimeUnit":600000,"mWalkTime":78039,"runStep":0,"walkStep":117},{"distance":26.95,"mCalorie":1.28,"mOthersTime":0,"mRunTime":0,"mStartTime":43800000,"mTimeUnit":600000,"mWalkTime":24012,"runStep":0,"walkStep":36},{"distance":12.93,"mCalorie":0.6,"mOthersTime":0,"mRunTime":0,"mStartTime":45000000,"mTimeUnit":600000,"mWalkTime":11339,"runStep":0,"walkStep":17},{"distance":36.11,"mCalorie":1.69,"mOthersTime":0,"mRunTime":0,"mStartTime":45600000,"mTimeUnit":600000,"mWalkTime":32683,"runStep":0,"walkStep":49},{"distance":61.87,"mCalorie":3.3399997,"mOthersTime":0,"mRunTime":800,"mStartTime":46200000,"mTimeUnit":600000,"mWalkTime":54694,"runStep":2,"walkStep":82},{"distance":80.26706,"mCalorie":42.818027,"mOthersTime":366670,"mRunTime":0,"mStartTime":46800000,"mTimeUnit":600000,"mWalkTime":73961,"runStep":0,"walkStep":448},{"distance":51.43,"mCalorie":27.294092,"mOthersTime":233330,"mRunTime":0,"mStartTime":47400000,"mTimeUnit":600000,"mWalkTime":47357,"runStep":0,"walkStep":129},{"distance":56.59,"mCalorie":2.69,"mOthersTime":0,"mRunTime":800,"mStartTime":48000000,"mTimeUnit":600000,"mWalkTime":46023,"runStep":2,"walkStep":69},{"distance":7.68,"mCalorie":0.42,"mOthersTime":0,"mRunTime":0,"mStartTime":48600000,"mTimeUnit":600000,"mWalkTime":7337,"runStep":0,"walkStep":11},{"distance":282.63998,"mCalorie":14.930001,"mOthersTime":0,"mRunTime":0,"mStartTime":49800000,"mTimeUnit":600000,"mWalkTime":258796,"runStep":0,"walkStep":388},{"distance":27.36,"mCalorie":1.38,"mOthersTime":0,"mRunTime":0,"mStartTime":50400000,"mTimeUnit":600000,"mWalkTime":25346,"runStep":0,"walkStep":38},{"distance":191.17,"mCalorie":10.15,"mOthersTime":0,"mRunTime":0,"mStartTime":53400000,"mTimeUnit":600000,"mWalkTime":174027,"runStep":0,"walkStep":264},{"distance":271.75,"mCalorie":14.65,"mOthersTime":0,"mRunTime":0,"mStartTime":54000000,"mTimeUnit":600000,"mWalkTime":252793,"runStep":0,"walkStep":379},{"distance":462.72003,"mCalorie":25.239998,"mOthersTime":0,"mRunTime":0,"mStartTime":54600000,"mTimeUnit":600000,"mWalkTime":400080,"runStep":0,"walkStep":643},{"distance":0.5865793,"mCalorie":73.311104,"mOthersTime":597518,"mRunTime":0,"mStartTime":55200000,"mTimeUnit":600000,"mWalkTime":524,"runStep":0,"walkStep":34},{"distance":420.3132,"mCalorie":45.04779,"mOthersTime":193374,"mRunTime":0,"mStartTime":55800000,"mTimeUnit":600000,"mWalkTime":338530,"runStep":1,"walkStep":595},{"distance":147.28499,"mCalorie":24.174381,"mOthersTime":178433,"mRunTime":0,"mStartTime":56400000,"mTimeUnit":600000,"mWalkTime":147802,"runStep":0,"walkStep":431},{"distance":0.0,"mCalorie":54.512695,"mOthersTime":600000,"mRunTime":0,"mStartTime":57000000,"mTimeUnit":600000,"mWalkTime":0,"runStep":0,"walkStep":368},{"distance":320.3053,"mCalorie":22.576952,"mOthersTime":69076,"mRunTime":0,"mStartTime":57600000,"mTimeUnit":600000,"mWalkTime":277991,"runStep":0,"walkStep":452},{"distance":475.9,"mCalorie":24.31,"mOthersTime":0,"mRunTime":5600,"mStartTime":58200000,"mTimeUnit":600000,"mWalkTime":406203,"runStep":14,"walkStep":609},{"distance":440.96,"mCalorie":23.17,"mOthersTime":0,"mRunTime":10000,"mStartTime":58800000,"mTimeUnit":600000,"mWalkTime":374824,"runStep":25,"walkStep":565},{"distance":348.82098,"mCalorie":17.529999,"mOthersTime":0,"mRunTime":0,"mStartTime":59400000,"mTimeUnit":600000,"mWalkTime":318826,"runStep":0,"walkStep":478},{"distance":229.15,"mCalorie":11.42,"mOthersTime":0,"mRunTime":800,"mStartTime":60000000,"mTimeUnit":600000,"mWalkTime":200767,"runStep":2,"walkStep":301},{"distance":222.67001,"mCalorie":11.630001,"mOthersTime":0,"mRunTime":2000,"mStartTime":60600000,"mTimeUnit":600000,"mWalkTime":207437,"runStep":5,"walkStep":311},{"distance":66.011,"mCalorie":3.18,"mOthersTime":0,"mRunTime":0,"mStartTime":61200000,"mTimeUnit":600000,"mWalkTime":59363,"runStep":0,"walkStep":89},{"distance":130.6,"mCalorie":6.6800003,"mOthersTime":0,"mRunTime":0,"mStartTime":61800000,"mTimeUnit":600000,"mWalkTime":120060,"runStep":0,"walkStep":180},{"distance":3.8390286,"mCalorie":70.71599,"mOthersTime":591578,"mRunTime":336,"mStartTime":62400000,"mTimeUnit":600000,"mWalkTime":2715,"runStep":22,"walkStep":138},{"distance":7.21,"mCalorie":3.8828135,"mOthersTime":29482,"mRunTime":0,"mStartTime":63000000,"mTimeUnit":600000,"mWalkTime":6670,"runStep":0,"walkStep":10},{"distance":26.989998,"mCalorie":1.2,"mOthersTime":0,"mRunTime":0,"mStartTime":63600000,"mTimeUnit":600000,"mWalkTime":23345,"runStep":0,"walkStep":35},{"distance":38.39,"mCalorie":2.03,"mOthersTime":0,"mRunTime":0,"mStartTime":64200000,"mTimeUnit":600000,"mWalkTime":36018,"runStep":0,"walkStep":54},{"distance":10.1,"mCalorie":0.51,"mOthersTime":0,"mRunTime":0,"mStartTime":64800000,"mTimeUnit":600000,"mWalkTime":9338,"runStep":0,"walkStep":14},{"distance":8.09,"mCalorie":0.35,"mOthersTime":0,"mRunTime":0,"mStartTime":66000000,"mTimeUnit":600000,"mWalkTime":7337,"runStep":0,"walkStep":11},{"distance":56.94,"mCalorie":2.8,"mOthersTime":0,"mRunTime":0,"mStartTime":66600000,"mTimeUnit":600000,"mWalkTime":52693,"runStep":0,"walkStep":79},{"distance":47.559998,"mCalorie":2.67,"mOthersTime":0,"mRunTime":800,"mStartTime":67200000,"mTimeUnit":600000,"mWalkTime":38686,"runStep":2,"walkStep":58},{"distance":6.26,"mCalorie":0.26999998,"mOthersTime":0,"mRunTime":0,"mStartTime":70200000,"mTimeUnit":600000,"mWalkTime":5336,"runStep":0,"walkStep":8},{"distance":104.92,"mCalorie":5.67,"mOthersTime":0,"mRunTime":0,"mStartTime":70800000,"mTimeUnit":600000,"mWalkTime":87377,"runStep":0,"walkStep":131},{"distance":128.69,"mCalorie":6.1999993,"mOthersTime":0,"mRunTime":0,"mStartTime":71400000,"mTimeUnit":600000,"mWalkTime":116725,"runStep":0,"walkStep":175},{"distance":22.94,"mCalorie":1.19,"mOthersTime":0,"mRunTime":0,"mStartTime":72000000,"mTimeUnit":600000,"mWalkTime":21344,"runStep":0,"walkStep":32},{"distance":13.03,"mCalorie":0.58,"mOthersTime":0,"mRunTime":0,"mStartTime":72600000,"mTimeUnit":600000,"mWalkTime":11339,"runStep":0,"walkStep":17},{"distance":25.55,"mCalorie":1.33,"mOthersTime":0,"mRunTime":0,"mStartTime":73200000,"mTimeUnit":600000,"mWalkTime":24012,"runStep":0,"walkStep":36},{"distance":34.2,"mCalorie":1.76,"mOthersTime":0,"mRunTime":0,"mStartTime":74400000,"mTimeUnit":600000,"mWalkTime":31349,"runStep":0,"walkStep":47},{"distance":44.951004,"mCalorie":2.73,"mOthersTime":0,"mRunTime":6000,"mStartTime":75000000,"mTimeUnit":600000,"mWalkTime":26013,"runStep":15,"walkStep":39},{"distance":61.62,"mCalorie":3.5,"mOthersTime":0,"mRunTime":0,"mStartTime":76200000,"mTimeUnit":600000,"mWalkTime":57362,"runStep":0,"walkStep":86},{"distance":29.33,"mCalorie":1.4000001,"mOthersTime":0,"mRunTime":0,"mStartTime":77400000,"mTimeUnit":600000,"mWalkTime":26013,"runStep":0,"walkStep":39},{"distance":71.490005,"mCalorie":4.1800003,"mOthersTime":0,"mRunTime":2800,"mStartTime":78000000,"mTimeUnit":600000,"mWalkTime":48691,"runStep":7,"walkStep":73},{"distance":11.79,"mCalorie":0.57,"mOthersTime":0,"mRunTime":0,"mStartTime":78600000,"mTimeUnit":600000,"mWalkTime":10672,"runStep":0,"walkStep":16},{"distance":15.54,"mCalorie":0.74,"mOthersTime":0,"mRunTime":0,"mStartTime":79200000,"mTimeUnit":600000,"mWalkTime":14007,"runStep":0,"walkStep":21},{"distance":8.12,"mCalorie":0.51,"mOthersTime":0,"mRunTime":0,"mStartTime":79800000,"mTimeUnit":600000,"mWalkTime":8004,"runStep":0,"walkStep":12},{"distance":26.09,"mCalorie":1.22,"mOthersTime":0,"mRunTime":0,"mStartTime":81000000,"mTimeUnit":600000,"mWalkTime":22678,"runStep":0,"walkStep":34},{"distance":14.97,"mCalorie":6.9585776,"mOthersTime":66961,"mRunTime":0,"mStartTime":82200000,"mTimeUnit":600000,"mWalkTime":14007,"runStep":0,"walkStep":21},{"distance":0.0,"mCalorie":49.741425,"mOthersTime":533039,"mRunTime":0,"mStartTime":82800000,"mTimeUnit":600000,"mWalkTime":0,"runStep":0,"walkStep":0},{"distance":35.1,"mCalorie":1.9300001,"mOthersTime":0,"mRunTime":0,"mStartTime":83400000,"mTimeUnit":600000,"mWalkTime":33350,"runStep":0,"walkStep":50},{"distance":43.9,"mCalorie":2.32,"mOthersTime":0,"mRunTime":400,"mStartTime":84000000,"mTimeUnit":600000,"mWalkTime":37352,"runStep":1,"walkStep":56}],"version":1}