{"mActivityList":[{"mActiveTime":768537,"mActiveTimeType":0,"mCalorie":70.0,"mCategory":204,"mDetailInfoId":"40dff02d-007e-cfcc-6e93-8e25b8917541","mDistance":833.94,"mDuration":768537,"mEndTime":29557094,"mStartTime":28788557,"mType":1001},{"mActiveTime":695597,"mActiveTimeType":0,"mCalorie":41.0,"mCategory":204,"mDetailInfoId":"cde9ff21-7200-5844-9bda-a5173a5b0ee7","mDistance":777.8,"mDuration":695597,"mEndTime":30332187,"mStartTime":29636590,"mType":1001}],"mAdaptiveGoal":0,"mIsGoalAchieved":false,"mIsMostActiveAchieved":false,"mMostActiveMinutes":0,"mStreakDayCount":0,"mUnitDataList":[{"distance":8.65,"mCalorie":0.51,"mOthersTime":0,"mRunTime":0,"mStartTime":15000000,"mTimeUnit":600000,"mWalkTime":6670,"runStep":0,"walkStep":10},{"distance":22.380001,"mCalorie":1.3499999,"mOthersTime":0,"mRunTime":3200,"mStartTime":19200000,"mTimeUnit":600000,"mWalkTime":14674,"runStep":8,"walkStep":22},{"distance":6.79,"mCalorie":0.47,"mOthersTime":0,"mRunTime":0,"mStartTime":19800000,"mTimeUnit":600000,"mWalkTime":6670,"runStep":0,"walkStep":10},{"distance":64.83,"mCalorie":3.4699998,"mOthersTime":0,"mRunTime":4000,"mStartTime":20400000,"mTimeUnit":600000,"mWalkTime":48691,"runStep":10,"walkStep":73},{"distance":83.17999,"mCalorie":4.48,"mOthersTime":0,"mRunTime":2800,"mStartTime":21000000,"mTimeUnit":600000,"mWalkTime":68034,"runStep":7,"walkStep":102},{"distance":51.089996,"mCalorie":2.57,"mOthersTime":0,"mRunTime":0,"mStartTime":21600000,"mTimeUnit":600000,"mWalkTime":47357,"runStep":0,"walkStep":71},{"distance":13.16,"mCalorie":0.77,"mOthersTime":0,"mRunTime":0,"mStartTime":22200000,"mTimeUnit":600000,"mWalkTime":12673,"runStep":0,"walkStep":19},{"distance":18.79,"mCalorie":0.97,"mOthersTime":0,"mRunTime":0,"mStartTime":22800000,"mTimeUnit":600000,"mWalkTime":18009,"runStep":0,"walkStep":27},{"distance":29.11,"mCalorie":1.5999999,"mOthersTime":0,"mRunTime":0,"mStartTime":24600000,"mTimeUnit":600000,"mWalkTime":28014,"runStep":0,"walkStep":42},{"distance":46.889996,"mCalorie":3.0500002,"mOthersTime":0,"mRunTime":2400,"mStartTime":25200000,"mTimeUnit":600000,"mWalkTime":38019,"runStep":6,"walkStep":57},{"distance":77.11,"mCalorie":3.82,"mOthersTime":0,"mRunTime":0,"mStartTime":27600000,"mTimeUnit":600000,"mWalkTime":70702,"runStep":0,"walkStep":106},{"distance":57.363945,"mCalorie":3.4029288,"mOthersTime":0,"mRunTime":0,"mStartTime":28200000,"mTimeUnit":600000,"mWalkTime":53013,"runStep":0,"walkStep":69},{"distance":651.0604,"mCalorie":54.64929,"mOthersTime":0,"mRunTime":0,"mStartTime":28800000,"mTimeUnit":600000,"mWalkTime":600000,"runStep":0,"walkStep":939},{"distance":595.8398,"mCalorie":36.59815,"mOthersTime":0,"mRunTime":0,"mStartTime":29400000,"mTimeUnit":600000,"mWalkTime":538028,"runStep":0,"walkStep":827},{"distance":382.76196,"mCalorie":20.168365,"mOthersTime":0,"mRunTime":0,"mStartTime":30000000,"mTimeUnit":600000,"mWalkTime":342501,"runStep":0,"walkStep":437},{"distance":21.51,"mCalorie":1.11,"mOthersTime":0,"mRunTime":0,"mStartTime":30600000,"mTimeUnit":600000,"mWalkTime":19343,"runStep":0,"walkStep":29},{"distance":100.06,"mCalorie":5.74,"mOthersTime":0,"mRunTime":9600,"mStartTime":31200000,"mTimeUnit":600000,"mWalkTime":68701,"runStep":24,"walkStep":103},{"distance":93.16,"mCalorie":4.67,"mOthersTime":0,"mRunTime":0,"mStartTime":31800000,"mTimeUnit":600000,"mWalkTime":85376,"runStep":0,"walkStep":128},{"distance":39.379997,"mCalorie":2.18,"mOthersTime":0,"mRunTime":0,"mStartTime":34200000,"mTimeUnit":600000,"mWalkTime":37352,"runStep":0,"walkStep":56},{"distance":93.5,"mCalorie":4.84,"mOthersTime":0,"mRunTime":0,"mStartTime":34800000,"mTimeUnit":600000,"mWalkTime":87377,"runStep":0,"walkStep":131},{"distance":11.25,"mCalorie":0.5,"mOthersTime":0,"mRunTime":0,"mStartTime":35400000,"mTimeUnit":600000,"mWalkTime":10005,"runStep":0,"walkStep":15},{"distance":46.47,"mCalorie":2.34,"mOthersTime":0,"mRunTime":0,"mStartTime":36000000,"mTimeUnit":600000,"mWalkTime":43355,"runStep":0,"walkStep":65},{"distance":16.95,"mCalorie":0.95,"mOthersTime":0,"mRunTime":0,"mStartTime":36600000,"mTimeUnit":600000,"mWalkTime":14674,"runStep":0,"walkStep":22},{"distance":81.84999,"mCalorie":4.01,"mOthersTime":0,"mRunTime":800,"mStartTime":37200000,"mTimeUnit":600000,"mWalkTime":68701,"runStep":2,"walkStep":103},{"distance":81.24,"mCalorie":4.01,"mOthersTime":0,"mRunTime":1600,"mStartTime":37800000,"mTimeUnit":600000,"mWalkTime":68701,"runStep":4,"walkStep":103},{"distance":54.32,"mCalorie":2.7300003,"mOthersTime":0,"mRunTime":0,"mStartTime":38400000,"mTimeUnit":600000,"mWalkTime":50025,"runStep":0,"walkStep":75},{"distance":100.7,"mCalorie":5.03,"mOthersTime":0,"mRunTime":0,"mStartTime":39000000,"mTimeUnit":600000,"mWalkTime":91379,"runStep":0,"walkStep":137},{"distance":64.06,"mCalorie":3.26,"mOthersTime":0,"mRunTime":0,"mStartTime":39600000,"mTimeUnit":600000,"mWalkTime":58029,"runStep":0,"walkStep":87},{"distance":226.43999,"mCalorie":11.509998,"mOthersTime":0,"mRunTime":0,"mStartTime":40200000,"mTimeUnit":600000,"mWalkTime":206770,"runStep":0,"walkStep":310},{"distance":74.86,"mCalorie":4.7900004,"mOthersTime":0,"mRunTime":1600,"mStartTime":40800000,"mTimeUnit":600000,"mWalkTime":64032,"runStep":4,"walkStep":96},{"distance":116.10999,"mCalorie":6.1400003,"mOthersTime":0,"mRunTime":3600,"mStartTime":41400000,"mTimeUnit":600000,"mWalkTime":97382,"runStep":9,"walkStep":146},{"distance":32.59,"mCalorie":1.71,"mOthersTime":0,"mRunTime":0,"mStartTime":42000000,"mTimeUnit":600000,"mWalkTime":30015,"runStep":0,"walkStep":45},{"distance":44.75,"mCalorie":2.2,"mOthersTime":0,"mRunTime":0,"mStartTime":43200000,"mTimeUnit":600000,"mWalkTime":40020,"runStep":0,"walkStep":60},{"distance":63.19,"mCalorie":3.8999999,"mOthersTime":0,"mRunTime":3200,"mStartTime":43800000,"mTimeUnit":600000,"mWalkTime":50025,"runStep":8,"walkStep":75},{"distance":100.67,"mCalorie":5.69,"mOthersTime":0,"mRunTime":3600,"mStartTime":44400000,"mTimeUnit":600000,"mWalkTime":78039,"runStep":9,"walkStep":117},{"distance":99.38,"mCalorie":5.8599997,"mOthersTime":0,"mRunTime":0,"mStartTime":45000000,"mTimeUnit":600000,"mWalkTime":104719,"runStep":0,"walkStep":157},{"distance":248.90001,"mCalorie":13.769999,"mOthersTime":0,"mRunTime":0,"mStartTime":45600000,"mTimeUnit":600000,"mWalkTime":236118,"runStep":0,"walkStep":354},{"distance":124.36,"mCalorie":5.95,"mOthersTime":0,"mRunTime":0,"mStartTime":46200000,"mTimeUnit":600000,"mWalkTime":110722,"runStep":0,"walkStep":166},{"distance":215.93,"mCalorie":11.42,"mOthersTime":0,"mRunTime":0,"mStartTime":46800000,"mTimeUnit":600000,"mWalkTime":196765,"runStep":0,"walkStep":295},{"distance":219.26001,"mCalorie":10.320001,"mOthersTime":0,"mRunTime":0,"mStartTime":47400000,"mTimeUnit":600000,"mWalkTime":171359,"runStep":0,"walkStep":291},{"distance":15.36,"mCalorie":0.81,"mOthersTime":0,"mRunTime":0,"mStartTime":48600000,"mTimeUnit":600000,"mWalkTime":14007,"runStep":0,"walkStep":21},{"distance":200.18,"mCalorie":10.21,"mOthersTime":0,"mRunTime":0,"mStartTime":49200000,"mTimeUnit":600000,"mWalkTime":174057,"runStep":0,"walkStep":275},{"distance":76.37,"mCalorie":3.8799999,"mOthersTime":0,"mRunTime":0,"mStartTime":49800000,"mTimeUnit":600000,"mWalkTime":66033,"runStep":0,"walkStep":99},{"distance":7.61,"mCalorie":0.36,"mOthersTime":0,"mRunTime":0,"mStartTime":50400000,"mTimeUnit":600000,"mWalkTime":6670,"runStep":0,"walkStep":10},{"distance":13.48,"mCalorie":0.65,"mOthersTime":0,"mRunTime":0,"mStartTime":51000000,"mTimeUnit":600000,"mWalkTime":12006,"runStep":0,"walkStep":18},{"distance":22.15,"mCalorie":1.22,"mOthersTime":0,"mRunTime":0,"mStartTime":51600000,"mTimeUnit":600000,"mWalkTime":18676,"runStep":0,"walkStep":28},{"distance":19.78,"mCalorie":1.02,"mOthersTime":0,"mRunTime":0,"mStartTime":52200000,"mTimeUnit":600000,"mWalkTime":18009,"runStep":0,"walkStep":27},{"distance":12.03,"mCalorie":0.66,"mOthersTime":0,"mRunTime":0,"mStartTime":52800000,"mTimeUnit":600000,"mWalkTime":11339,"runStep":0,"walkStep":17},{"distance":5.8,"mCalorie":0.29,"mOthersTime":0,"mRunTime":0,"mStartTime":53400000,"mTimeUnit":600000,"mWalkTime":5336,"runStep":0,"walkStep":8},{"distance":8.79,"mCalorie":0.38,"mOthersTime":0,"mRunTime":0,"mStartTime":55200000,"mTimeUnit":600000,"mWalkTime":7337,"runStep":0,"walkStep":11},{"distance":48.050003,"mCalorie":2.48,"mOthersTime":0,"mRunTime":1200,"mStartTime":55800000,"mTimeUnit":600000,"mWalkTime":40687,"runStep":3,"walkStep":61},{"distance":66.36,"mCalorie":3.59,"mOthersTime":0,"mRunTime":0,"mStartTime":56400000,"mTimeUnit":600000,"mWalkTime":61364,"runStep":0,"walkStep":92},{"distance":103.58,"mCalorie":5.4500003,"mOthersTime":0,"mRunTime":0,"mStartTime":57000000,"mTimeUnit":600000,"mWalkTime":107387,"runStep":0,"walkStep":161},{"distance":28.29,"mCalorie":1.3299999,"mOthersTime":0,"mRunTime":0,"mStartTime":57600000,"mTimeUnit":600000,"mWalkTime":23345,"runStep":0,"walkStep":35},{"distance":138.04,"mCalorie":7.04,"mOthersTime":0,"mRunTime":0,"mStartTime":58200000,"mTimeUnit":600000,"mWalkTime":124062,"runStep":0,"walkStep":186},{"distance":165.96,"mCalorie":8.7699995,"mOthersTime":0,"mRunTime":0,"mStartTime":58800000,"mTimeUnit":600000,"mWalkTime":142708,"runStep":0,"walkStep":223},{"distance":211.12997,"mCalorie":10.749999,"mOthersTime":0,"mRunTime":0,"mStartTime":59400000,"mTimeUnit":600000,"mWalkTime":186063,"runStep":0,"walkStep":288},{"distance":39.66,"mCalorie":2.05,"mOthersTime":0,"mRunTime":0,"mStartTime":60000000,"mTimeUnit":600000,"mWalkTime":35351,"runStep":0,"walkStep":53},{"distance":54.05,"mCalorie":2.81,"mOthersTime":0,"mRunTime":0,"mStartTime":60600000,"mTimeUnit":600000,"mWalkTime":49358,"runStep":0,"walkStep":74},{"distance":286.13,"mCalorie":14.7,"mOthersTime":0,"mRunTime":0,"mStartTime":61200000,"mTimeUnit":600000,"mWalkTime":254067,"runStep":0,"walkStep":387},{"distance":203.39,"mCalorie":11.0199995,"mOthersTime":0,"mRunTime":2000,"mStartTime":61800000,"mTimeUnit":600000,"mWalkTime":170722,"runStep":5,"walkStep":267},{"distance":32.84,"mCalorie":1.5999999,"mOthersTime":0,"mRunTime":400,"mStartTime":62400000,"mTimeUnit":600000,"mWalkTime":28014,"runStep":1,"walkStep":42},{"distance":80.58,"mCalorie":4.07,"mOthersTime":0,"mRunTime":0,"mStartTime":63000000,"mTimeUnit":600000,"mWalkTime":68701,"runStep":0,"walkStep":103},{"distance":19.91,"mCalorie":1.0,"mOthersTime":0,"mRunTime":0,"mStartTime":63600000,"mTimeUnit":600000,"mWalkTime":18009,"runStep":0,"walkStep":27},{"distance":35.1,"mCalorie":1.76,"mOthersTime":0,"mRunTime":0,"mStartTime":64800000,"mTimeUnit":600000,"mWalkTime":32016,"runStep":0,"walkStep":48},{"distance":8.65,"mCalorie":0.41,"mOthersTime":0,"mRunTime":0,"mStartTime":65400000,"mTimeUnit":600000,"mWalkTime":8004,"runStep":0,"walkStep":12},{"distance":29.75,"mCalorie":1.56,"mOthersTime":0,"mRunTime":0,"mStartTime":66600000,"mTimeUnit":600000,"mWalkTime":27347,"runStep":0,"walkStep":41},{"distance":26.62,"mCalorie":1.31,"mOthersTime":0,"mRunTime":0,"mStartTime":67200000,"mTimeUnit":600000,"mWalkTime":24679,"runStep":0,"walkStep":37},{"distance":26.79,"mCalorie":1.3299999,"mOthersTime":0,"mRunTime":0,"mStartTime":67800000,"mTimeUnit":600000,"mWalkTime":24012,"runStep":0,"walkStep":36},{"distance":28.69,"mCalorie":1.56,"mOthersTime":0,"mRunTime":800,"mStartTime":69000000,"mTimeUnit":600000,"mWalkTime":20677,"runStep":2,"walkStep":31},{"distance":41.399998,"mCalorie":1.9699999,"mOthersTime":0,"mRunTime":0,"mStartTime":70200000,"mTimeUnit":600000,"mWalkTime":38019,"runStep":0,"walkStep":57},{"distance":8.09,"mCalorie":0.43,"mOthersTime":0,"mRunTime":0,"mStartTime":70800000,"mTimeUnit":600000,"mWalkTime":7337,"runStep":0,"walkStep":11},{"distance":73.99,"mCalorie":3.6800003,"mOthersTime":0,"mRunTime":0,"mStartTime":73200000,"mTimeUnit":600000,"mWalkTime":64032,"runStep":0,"walkStep":96},{"distance":8.97,"mCalorie":0.41,"mOthersTime":0,"mRunTime":0,"mStartTime":73800000,"mTimeUnit":600000,"mWalkTime":8004,"runStep":0,"walkStep":12},{"distance":160.93,"mCalorie":8.64,"mOthersTime":0,"mRunTime":0,"mStartTime":74400000,"mTimeUnit":600000,"mWalkTime":136705,"runStep":0,"walkStep":223},{"distance":56.89,"mCalorie":2.8600001,"mOthersTime":0,"mRunTime":0,"mStartTime":76800000,"mTimeUnit":600000,"mWalkTime":51359,"runStep":0,"walkStep":77},{"distance":125.23,"mCalorie":6.5699997,"mOthersTime":0,"mRunTime":0,"mStartTime":77400000,"mTimeUnit":600000,"mWalkTime":112056,"runStep":0,"walkStep":168},{"distance":85.259995,"mCalorie":4.4,"mOthersTime":0,"mRunTime":800,"mStartTime":78000000,"mTimeUnit":600000,"mWalkTime":74037,"runStep":2,"walkStep":111},{"distance":65.61,"mCalorie":3.2,"mOthersTime":0,"mRunTime":400,"mStartTime":78600000,"mTimeUnit":600000,"mWalkTime":53360,"runStep":1,"walkStep":80}],"version":1}