{"mAdaptiveGoal":0,"mIsGoalAchieved":false,"mIsMostActiveAchieved":false,"mMostActiveMinutes":0,"mStreakDayCount":0,"mUnitDataList":[{"distance":8.42,"mCalorie":0.58,"mOthersTime":0,"mRunTime":0,"mStartTime":4200000,"mTimeUnit":600000,"mWalkTime":6670,"runStep":0,"walkStep":10},{"distance":7.35,"mCalorie":0.34,"mOthersTime":0,"mRunTime":0,"mStartTime":11400000,"mTimeUnit":600000,"mWalkTime":6670,"runStep":0,"walkStep":10},{"distance":9.11,"mCalorie":0.35,"mOthersTime":0,"mRunTime":0,"mStartTime":20400000,"mTimeUnit":600000,"mWalkTime":6670,"runStep":0,"walkStep":10},{"distance":16.029999,"mCalorie":0.82,"mOthersTime":0,"mRunTime":0,"mStartTime":21600000,"mTimeUnit":600000,"mWalkTime":14674,"runStep":0,"walkStep":22},{"distance":9.531,"mCalorie":0.4,"mOthersTime":0,"mRunTime":0,"mStartTime":22800000,"mTimeUnit":600000,"mWalkTime":8004,"runStep":0,"walkStep":12},{"distance":53.991,"mCalorie":2.5100002,"mOthersTime":0,"mRunTime":800,"mStartTime":34200000,"mTimeUnit":600000,"mWalkTime":44022,"runStep":2,"walkStep":66},{"distance":7.79,"mCalorie":0.38,"mOthersTime":0,"mRunTime":0,"mStartTime":34800000,"mTimeUnit":600000,"mWalkTime":7337,"runStep":0,"walkStep":11},{"distance":10.14,"mCalorie":0.53,"mOthersTime":0,"mRunTime":0,"mStartTime":36600000,"mTimeUnit":600000,"mWalkTime":9338,"runStep":0,"walkStep":14},{"distance":132.29001,"mCalorie":7.45,"mOthersTime":0,"mRunTime":0,"mStartTime":37200000,"mTimeUnit":600000,"mWalkTime":126063,"runStep":0,"walkStep":189},{"distance":30.279999,"mCalorie":1.49,"mOthersTime":0,"mRunTime":0,"mStartTime":37800000,"mTimeUnit":600000,"mWalkTime":26013,"runStep":0,"walkStep":39},{"distance":20.05,"mCalorie":1.0,"mOthersTime":0,"mRunTime":0,"mStartTime":41400000,"mTimeUnit":600000,"mWalkTime":17342,"runStep":0,"walkStep":26},{"distance":22.04,"mCalorie":1.11,"mOthersTime":0,"mRunTime":0,"mStartTime":43200000,"mTimeUnit":600000,"mWalkTime":20677,"runStep":0,"walkStep":31},{"distance":48.428997,"mCalorie":2.52,"mOthersTime":0,"mRunTime":0,"mStartTime":44400000,"mTimeUnit":600000,"mWalkTime":45356,"runStep":0,"walkStep":68},{"distance":27.691,"mCalorie":1.3299999,"mOthersTime":0,"mRunTime":0,"mStartTime":45000000,"mTimeUnit":600000,"mWalkTime":25346,"runStep":0,"walkStep":38},{"distance":20.7,"mCalorie":0.95,"mOthersTime":0,"mRunTime":0,"mStartTime":45600000,"mTimeUnit":600000,"mWalkTime":18009,"runStep":0,"walkStep":27},{"distance":15.64,"mCalorie":0.82,"mOthersTime":0,"mRunTime":0,"mStartTime":46200000,"mTimeUnit":600000,"mWalkTime":14674,"runStep":0,"walkStep":22},{"distance":27.420002,"mCalorie":1.31,"mOthersTime":0,"mRunTime":0,"mStartTime":48000000,"mTimeUnit":600000,"mWalkTime":24012,"runStep":0,"walkStep":36},{"distance":21.86,"mCalorie":1.2,"mOthersTime":0,"mRunTime":1200,"mStartTime":49200000,"mTimeUnit":600000,"mWalkTime":17342,"runStep":3,"walkStep":26},{"distance":70.332,"mCalorie":3.4600003,"mOthersTime":0,"mRunTime":0,"mStartTime":50400000,"mTimeUnit":600000,"mWalkTime":64032,"runStep":0,"walkStep":96},{"distance":121.658,"mCalorie":5.5800004,"mOthersTime":0,"mRunTime":0,"mStartTime":51600000,"mTimeUnit":600000,"mWalkTime":107387,"runStep":0,"walkStep":161},{"distance":24.71,"mCalorie":1.15,"mOthersTime":0,"mRunTime":0,"mStartTime":52200000,"mTimeUnit":600000,"mWalkTime":21344,"runStep":0,"walkStep":32},{"distance":59.339996,"mCalorie":3.02,"mOthersTime":0,"mRunTime":4000,"mStartTime":52800000,"mTimeUnit":600000,"mWalkTime":40687,"runStep":10,"walkStep":61},{"distance":44.989,"mCalorie":2.23,"mOthersTime":0,"mRunTime":0,"mStartTime":53400000,"mTimeUnit":600000,"mWalkTime":38019,"runStep":0,"walkStep":57},{"distance":49.834,"mCalorie":2.2199998,"mOthersTime":0,"mRunTime":0,"mStartTime":54000000,"mTimeUnit":600000,"mWalkTime":44022,"runStep":0,"walkStep":66},{"distance":47.203003,"mCalorie":2.25,"mOthersTime":0,"mRunTime":0,"mStartTime":55800000,"mTimeUnit":600000,"mWalkTime":40020,"runStep":0,"walkStep":60},{"distance":16.52,"mCalorie":0.78,"mOthersTime":0,"mRunTime":0,"mStartTime":59400000,"mTimeUnit":600000,"mWalkTime":15341,"runStep":0,"walkStep":23},{"distance":13.237,"mCalorie":0.63,"mOthersTime":0,"mRunTime":0,"mStartTime":61200000,"mTimeUnit":600000,"mWalkTime":11339,"runStep":0,"walkStep":17},{"distance":67.45,"mCalorie":3.3000002,"mOthersTime":0,"mRunTime":400,"mStartTime":63000000,"mTimeUnit":600000,"mWalkTime":60030,"runStep":1,"walkStep":90},{"distance":235.718,"mCalorie":11.160001,"mOthersTime":0,"mRunTime":0,"mStartTime":63600000,"mTimeUnit":600000,"mWalkTime":199403,"runStep":0,"walkStep":313},{"distance":193.16,"mCalorie":9.1,"mOthersTime":0,"mRunTime":0,"mStartTime":64200000,"mTimeUnit":600000,"mWalkTime":172753,"runStep":0,"walkStep":259},{"distance":200.34,"mCalorie":9.84,"mOthersTime":0,"mRunTime":2800,"mStartTime":64800000,"mTimeUnit":600000,"mWalkTime":172086,"runStep":7,"walkStep":258},{"distance":102.60999,"mCalorie":5.0299997,"mOthersTime":0,"mRunTime":2000,"mStartTime":65400000,"mTimeUnit":600000,"mWalkTime":78039,"runStep":5,"walkStep":117},{"distance":13.682,"mCalorie":0.78,"mOthersTime":0,"mRunTime":2000,"mStartTime":66000000,"mTimeUnit":600000,"mWalkTime":7337,"runStep":5,"walkStep":11},{"distance":104.251,"mCalorie":5.09,"mOthersTime":0,"mRunTime":1600,"mStartTime":66600000,"mTimeUnit":600000,"mWalkTime":86043,"runStep":4,"walkStep":129},{"distance":58.61,"mCalorie":2.72,"mOthersTime":0,"mRunTime":0,"mStartTime":67200000,"mTimeUnit":600000,"mWalkTime":52693,"runStep":0,"walkStep":79},{"distance":167.448,"mCalorie":8.97,"mOthersTime":0,"mRunTime":6800,"mStartTime":67800000,"mTimeUnit":600000,"mWalkTime":130732,"runStep":17,"walkStep":196},{"distance":88.648,"mCalorie":4.07,"mOthersTime":0,"mRunTime":0,"mStartTime":68400000,"mTimeUnit":600000,"mWalkTime":77372,"runStep":0,"walkStep":116},{"distance":106.97,"mCalorie":5.41,"mOthersTime":0,"mRunTime":0,"mStartTime":69000000,"mTimeUnit":600000,"mWalkTime":96048,"runStep":0,"walkStep":144},{"distance":126.22,"mCalorie":6.04,"mOthersTime":0,"mRunTime":0,"mStartTime":69600000,"mTimeUnit":600000,"mWalkTime":114057,"runStep":0,"walkStep":171},{"distance":265.22998,"mCalorie":12.3,"mOthersTime":0,"mRunTime":0,"mStartTime":70200000,"mTimeUnit":600000,"mWalkTime":234117,"runStep":0,"walkStep":351},{"distance":73.55,"mCalorie":3.4499998,"mOthersTime":0,"mRunTime":0,"mStartTime":70800000,"mTimeUnit":600000,"mWalkTime":67367,"runStep":0,"walkStep":101},{"distance":72.731995,"mCalorie":3.7,"mOthersTime":0,"mRunTime":0,"mStartTime":71400000,"mTimeUnit":600000,"mWalkTime":66700,"runStep":0,"walkStep":100},{"distance":8.25,"mCalorie":0.34,"mOthersTime":0,"mRunTime":0,"mStartTime":72000000,"mTimeUnit":600000,"mWalkTime":6670,"runStep":0,"walkStep":10},{"distance":8.82,"mCalorie":0.4,"mOthersTime":0,"mRunTime":0,"mStartTime":73200000,"mTimeUnit":600000,"mWalkTime":7337,"runStep":0,"walkStep":11},{"distance":21.928999,"mCalorie":1.1899999,"mOthersTime":0,"mRunTime":0,"mStartTime":73800000,"mTimeUnit":600000,"mWalkTime":21344,"runStep":0,"walkStep":32},{"distance":6.85,"mCalorie":0.5,"mOthersTime":0,"mRunTime":0,"mStartTime":80400000,"mTimeUnit":600000,"mWalkTime":6670,"runStep":0,"walkStep":10},{"distance":23.82,"mCalorie":1.38,"mOthersTime":0,"mRunTime":0,"mStartTime":82200000,"mTimeUnit":600000,"mWalkTime":23345,"runStep":0,"walkStep":35},{"distance":23.62,"mCalorie":1.06,"mOthersTime":0,"mRunTime":0,"mStartTime":85200000,"mTimeUnit":600000,"mWalkTime":20677,"runStep":0,"walkStep":31}],"version":1}