{"mActivityList":[{"mActiveTime":740281,"mActiveTimeType":2,"mCalorie":92.0,"mCategory":204,"mDetailInfoId":"d72a4ec0-3422-06bf-699d-90f8233a1e3e","mDistance":0.0,"mDuration":740281,"mEndTime":42779410,"mStartTime":42039129,"mType":0}],"mAdaptiveGoal":0,"mIsGoalAchieved":false,"mIsMostActiveAchieved":false,"mMostActiveMinutes":0,"mStreakDayCount":0,"mUnitDataList":[{"distance":23.56,"mCalorie":1.28,"mOthersTime":0,"mRunTime":800,"mStartTime":3600000,"mTimeUnit":600000,"mWalkTime":18009,"runStep":2,"walkStep":27},{"distance":8.63,"mCalorie":0.43,"mOthersTime":0,"mRunTime":0,"mStartTime":7800000,"mTimeUnit":600000,"mWalkTime":8004,"runStep":0,"walkStep":12},{"distance":8.11,"mCalorie":0.36,"mOthersTime":0,"mRunTime":0,"mStartTime":15000000,"mTimeUnit":600000,"mWalkTime":6670,"runStep":0,"walkStep":10},{"distance":7.3,"mCalorie":0.37,"mOthersTime":0,"mRunTime":0,"mStartTime":15600000,"mTimeUnit":600000,"mWalkTime":6670,"runStep":0,"walkStep":10},{"distance":47.91,"mCalorie":2.33,"mOthersTime":0,"mRunTime":2000,"mStartTime":16800000,"mTimeUnit":600000,"mWalkTime":36018,"runStep":5,"walkStep":54},{"distance":32.32,"mCalorie":1.83,"mOthersTime":0,"mRunTime":1600,"mStartTime":17400000,"mTimeUnit":600000,"mWalkTime":25346,"runStep":4,"walkStep":38},{"distance":15.28,"mCalorie":0.9,"mOthersTime":0,"mRunTime":0,"mStartTime":18000000,"mTimeUnit":600000,"mWalkTime":14007,"runStep":0,"walkStep":21},{"distance":16.98,"mCalorie":0.90999997,"mOthersTime":0,"mRunTime":0,"mStartTime":18600000,"mTimeUnit":600000,"mWalkTime":16008,"runStep":0,"walkStep":24},{"distance":8.78,"mCalorie":0.58,"mOthersTime":0,"mRunTime":0,"mStartTime":23400000,"mTimeUnit":600000,"mWalkTime":6670,"runStep":0,"walkStep":10},{"distance":30.27,"mCalorie":1.5600001,"mOthersTime":0,"mRunTime":400,"mStartTime":28800000,"mTimeUnit":600000,"mWalkTime":24012,"runStep":1,"walkStep":36},{"distance":24.331,"mCalorie":1.39,"mOthersTime":0,"mRunTime":2400,"mStartTime":29400000,"mTimeUnit":600000,"mWalkTime":16675,"runStep":6,"walkStep":25},{"distance":27.62,"mCalorie":1.34,"mOthersTime":0,"mRunTime":0,"mStartTime":30000000,"mTimeUnit":600000,"mWalkTime":25346,"runStep":0,"walkStep":38},{"distance":41.97,"mCalorie":2.18,"mOthersTime":0,"mRunTime":0,"mStartTime":31800000,"mTimeUnit":600000,"mWalkTime":39353,"runStep":0,"walkStep":59},{"distance":35.3,"mCalorie":1.4300001,"mOthersTime":0,"mRunTime":0,"mStartTime":33000000,"mTimeUnit":600000,"mWalkTime":30682,"runStep":0,"walkStep":46},{"distance":77.9,"mCalorie":3.9599998,"mOthersTime":0,"mRunTime":0,"mStartTime":33600000,"mTimeUnit":600000,"mWalkTime":71369,"runStep":0,"walkStep":107},{"distance":68.07,"mCalorie":3.38,"mOthersTime":0,"mRunTime":0,"mStartTime":34200000,"mTimeUnit":600000,"mWalkTime":61364,"runStep":0,"walkStep":92},{"distance":11.22,"mCalorie":0.59,"mOthersTime":0,"mRunTime":0,"mStartTime":34800000,"mTimeUnit":600000,"mWalkTime":10672,"runStep":0,"walkStep":16},{"distance":57.010002,"mCalorie":2.77,"mOthersTime":0,"mRunTime":0,"mStartTime":36000000,"mTimeUnit":600000,"mWalkTime":50692,"runStep":0,"walkStep":76},{"distance":173.16,"mCalorie":10.809999,"mOthersTime":0,"mRunTime":0,"mStartTime":36600000,"mTimeUnit":600000,"mWalkTime":176088,"runStep":0,"walkStep":264},{"distance":340.43,"mCalorie":18.869999,"mOthersTime":0,"mRunTime":0,"mStartTime":37200000,"mTimeUnit":600000,"mWalkTime":308124,"runStep":0,"walkStep":466},{"distance":28.11,"mCalorie":1.46,"mOthersTime":0,"mRunTime":400,"mStartTime":37800000,"mTimeUnit":600000,"mWalkTime":23345,"runStep":1,"walkStep":35},{"distance":296.39,"mCalorie":15.44,"mOthersTime":0,"mRunTime":0,"mStartTime":40800000,"mTimeUnit":600000,"mWalkTime":255431,"runStep":0,"walkStep":398},{"distance":26.18,"mCalorie":1.38,"mOthersTime":0,"mRunTime":0,"mStartTime":41400000,"mTimeUnit":600000,"mWalkTime":24012,"runStep":0,"walkStep":36},{"distance":17.979774,"mCalorie":70.62949,"mOthersTime":560871,"mRunTime":0,"mStartTime":42000000,"mTimeUnit":600000,"mWalkTime":16529,"runStep":0,"walkStep":594},{"distance":62.729904,"mCalorie":25.50193,"mOthersTime":179410,"mRunTime":0,"mStartTime":42600000,"mTimeUnit":600000,"mWalkTime":56487,"runStep":0,"walkStep":227},{"distance":39.42,"mCalorie":1.98,"mOthersTime":0,"mRunTime":0,"mStartTime":43800000,"mTimeUnit":600000,"mWalkTime":34684,"runStep":0,"walkStep":52},{"distance":15.55,"mCalorie":0.75,"mOthersTime":0,"mRunTime":0,"mStartTime":45000000,"mTimeUnit":600000,"mWalkTime":14007,"runStep":0,"walkStep":21},{"distance":189.48,"mCalorie":11.69,"mOthersTime":0,"mRunTime":0,"mStartTime":46200000,"mTimeUnit":600000,"mWalkTime":182728,"runStep":0,"walkStep":288},{"distance":454.67,"mCalorie":24.160002,"mOthersTime":0,"mRunTime":0,"mStartTime":46800000,"mTimeUnit":600000,"mWalkTime":385406,"runStep":0,"walkStep":612},{"distance":124.19,"mCalorie":6.1,"mOthersTime":0,"mRunTime":0,"mStartTime":47400000,"mTimeUnit":600000,"mWalkTime":110055,"runStep":0,"walkStep":165},{"distance":68.361,"mCalorie":3.62,"mOthersTime":0,"mRunTime":2800,"mStartTime":48000000,"mTimeUnit":600000,"mWalkTime":52693,"runStep":7,"walkStep":79},{"distance":17.98,"mCalorie":0.96000004,"mOthersTime":0,"mRunTime":0,"mStartTime":49200000,"mTimeUnit":600000,"mWalkTime":16675,"runStep":0,"walkStep":25},{"distance":30.399998,"mCalorie":1.49,"mOthersTime":0,"mRunTime":0,"mStartTime":49800000,"mTimeUnit":600000,"mWalkTime":27347,"runStep":0,"walkStep":41},{"distance":82.450005,"mCalorie":4.25,"mOthersTime":0,"mRunTime":0,"mStartTime":51000000,"mTimeUnit":600000,"mWalkTime":76705,"runStep":0,"walkStep":115},{"distance":131.879,"mCalorie":6.24,"mOthersTime":0,"mRunTime":0,"mStartTime":52200000,"mTimeUnit":600000,"mWalkTime":118059,"runStep":0,"walkStep":177},{"distance":63.47,"mCalorie":3.29,"mOthersTime":0,"mRunTime":0,"mStartTime":52800000,"mTimeUnit":600000,"mWalkTime":59363,"runStep":0,"walkStep":89},{"distance":123.6,"mCalorie":6.5699997,"mOthersTime":0,"mRunTime":0,"mStartTime":53400000,"mTimeUnit":600000,"mWalkTime":115391,"runStep":0,"walkStep":173},{"distance":300.28003,"mCalorie":14.500001,"mOthersTime":0,"mRunTime":0,"mStartTime":54000000,"mTimeUnit":600000,"mWalkTime":260070,"runStep":0,"walkStep":410},{"distance":421.23102,"mCalorie":21.24,"mOthersTime":0,"mRunTime":0,"mStartTime":54600000,"mTimeUnit":600000,"mWalkTime":373430,"runStep":0,"walkStep":586},{"distance":150.29001,"mCalorie":7.94,"mOthersTime":0,"mRunTime":0,"mStartTime":55200000,"mTimeUnit":600000,"mWalkTime":148074,"runStep":0,"walkStep":222},{"distance":10.92,"mCalorie":0.46,"mOthersTime":0,"mRunTime":0,"mStartTime":55800000,"mTimeUnit":600000,"mWalkTime":9338,"runStep":0,"walkStep":14},{"distance":59.29,"mCalorie":3.18,"mOthersTime":0,"mRunTime":0,"mStartTime":56400000,"mTimeUnit":600000,"mWalkTime":54694,"runStep":0,"walkStep":82},{"distance":17.62,"mCalorie":0.9,"mOthersTime":0,"mRunTime":0,"mStartTime":57000000,"mTimeUnit":600000,"mWalkTime":16008,"runStep":0,"walkStep":24},{"distance":65.740005,"mCalorie":2.94,"mOthersTime":0,"mRunTime":1200,"mStartTime":59400000,"mTimeUnit":600000,"mWalkTime":52693,"runStep":3,"walkStep":79},{"distance":22.26,"mCalorie":1.1,"mOthersTime":0,"mRunTime":0,"mStartTime":60000000,"mTimeUnit":600000,"mWalkTime":19343,"runStep":0,"walkStep":29},{"distance":37.7,"mCalorie":1.99,"mOthersTime":0,"mRunTime":1200,"mStartTime":60600000,"mTimeUnit":600000,"mWalkTime":29348,"runStep":3,"walkStep":44},{"distance":13.08,"mCalorie":0.61,"mOthersTime":0,"mRunTime":0,"mStartTime":61200000,"mTimeUnit":600000,"mWalkTime":12006,"runStep":0,"walkStep":18},{"distance":30.489998,"mCalorie":1.67,"mOthersTime":0,"mRunTime":400,"mStartTime":62400000,"mTimeUnit":600000,"mWalkTime":27347,"runStep":1,"walkStep":41},{"distance":25.33,"mCalorie":1.21,"mOthersTime":0,"mRunTime":0,"mStartTime":63000000,"mTimeUnit":600000,"mWalkTime":23345,"runStep":0,"walkStep":35},{"distance":77.41,"mCalorie":4.2,"mOthersTime":0,"mRunTime":0,"mStartTime":63600000,"mTimeUnit":600000,"mWalkTime":75371,"runStep":0,"walkStep":113},{"distance":65.26,"mCalorie":3.31,"mOthersTime":0,"mRunTime":0,"mStartTime":64200000,"mTimeUnit":600000,"mWalkTime":60030,"runStep":0,"walkStep":90},{"distance":13.030002,"mCalorie":0.64000005,"mOthersTime":0,"mRunTime":0,"mStartTime":66000000,"mTimeUnit":600000,"mWalkTime":12006,"runStep":0,"walkStep":18},{"distance":55.06,"mCalorie":2.93,"mOthersTime":0,"mRunTime":400,"mStartTime":66600000,"mTimeUnit":600000,"mWalkTime":46690,"runStep":1,"walkStep":70},{"distance":19.02,"mCalorie":1.09,"mOthersTime":0,"mRunTime":0,"mStartTime":67200000,"mTimeUnit":600000,"mWalkTime":18009,"runStep":0,"walkStep":27},{"distance":27.530003,"mCalorie":1.38,"mOthersTime":0,"mRunTime":0,"mStartTime":68400000,"mTimeUnit":600000,"mWalkTime":25346,"runStep":0,"walkStep":38},{"distance":34.95,"mCalorie":1.8,"mOthersTime":0,"mRunTime":0,"mStartTime":69000000,"mTimeUnit":600000,"mWalkTime":32016,"runStep":0,"walkStep":48},{"distance":28.18,"mCalorie":1.2,"mOthersTime":0,"mRunTime":0,"mStartTime":69600000,"mTimeUnit":600000,"mWalkTime":24012,"runStep":0,"walkStep":36},{"distance":9.01,"mCalorie":0.48,"mOthersTime":0,"mRunTime":0,"mStartTime":71400000,"mTimeUnit":600000,"mWalkTime":8004,"runStep":0,"walkStep":12},{"distance":6.77,"mCalorie":0.4,"mOthersTime":0,"mRunTime":0,"mStartTime":72000000,"mTimeUnit":600000,"mWalkTime":6670,"runStep":0,"walkStep":10},{"distance":10.0,"mCalorie":0.44,"mOthersTime":0,"mRunTime":0,"mStartTime":73200000,"mTimeUnit":600000,"mWalkTime":8671,"runStep":0,"walkStep":13},{"distance":9.26,"mCalorie":0.44,"mOthersTime":0,"mRunTime":0,"mStartTime":73800000,"mTimeUnit":600000,"mWalkTime":8004,"runStep":0,"walkStep":12},{"distance":7.63,"mCalorie":0.31,"mOthersTime":0,"mRunTime":0,"mStartTime":75000000,"mTimeUnit":600000,"mWalkTime":6670,"runStep":0,"walkStep":10},{"distance":39.371002,"mCalorie":1.8900001,"mOthersTime":0,"mRunTime":0,"mStartTime":75600000,"mTimeUnit":600000,"mWalkTime":36018,"runStep":0,"walkStep":54},{"distance":52.309,"mCalorie":2.84,"mOthersTime":0,"mRunTime":2000,"mStartTime":76200000,"mTimeUnit":600000,"mWalkTime":42688,"runStep":5,"walkStep":64},{"distance":9.81,"mCalorie":0.55,"mOthersTime":0,"mRunTime":0,"mStartTime":76800000,"mTimeUnit":600000,"mWalkTime":9338,"runStep":0,"walkStep":14},{"distance":8.21,"mCalorie":0.44,"mOthersTime":0,"mRunTime":0,"mStartTime":79800000,"mTimeUnit":600000,"mWalkTime":8004,"runStep":0,"walkStep":12},{"distance":29.491,"mCalorie":1.49,"mOthersTime":0,"mRunTime":3600,"mStartTime":80400000,"mTimeUnit":600000,"mWalkTime":18676,"runStep":9,"walkStep":28},{"distance":18.9,"mCalorie":1.16,"mOthersTime":0,"mRunTime":2400,"mStartTime":81000000,"mTimeUnit":600000,"mWalkTime":14007,"runStep":6,"walkStep":21},{"distance":18.77,"mCalorie":0.91,"mOthersTime":0,"mRunTime":0,"mStartTime":81600000,"mTimeUnit":600000,"mWalkTime":17342,"runStep":0,"walkStep":26},{"distance":49.809998,"mCalorie":2.5500002,"mOthersTime":0,"mRunTime":2800,"mStartTime":82800000,"mTimeUnit":600000,"mWalkTime":38019,"runStep":7,"walkStep":57}],"version":1}