{"mAdaptiveGoal":0,"mIsGoalAchieved":false,"mIsMostActiveAchieved":false,"mMostActiveMinutes":0,"mStreakDayCount":0,"mUnitDataList":[{"distance":11.15,"mCalorie":0.86,"mOthersTime":0,"mRunTime":1200,"mStartTime":10200000,"mTimeUnit":600000,"mWalkTime":7337,"runStep":3,"walkStep":11},{"distance":38.85,"mCalorie":2.4,"mOthersTime":0,"mRunTime":3600,"mStartTime":10800000,"mTimeUnit":600000,"mWalkTime":29348,"runStep":9,"walkStep":44},{"distance":33.850002,"mCalorie":1.6999999,"mOthersTime":0,"mRunTime":0,"mStartTime":19800000,"mTimeUnit":600000,"mWalkTime":30682,"runStep":0,"walkStep":46},{"distance":51.98,"mCalorie":2.97,"mOthersTime":0,"mRunTime":3600,"mStartTime":20400000,"mTimeUnit":600000,"mWalkTime":37352,"runStep":9,"walkStep":56},{"distance":141.45,"mCalorie":7.47,"mOthersTime":0,"mRunTime":1600,"mStartTime":21000000,"mTimeUnit":600000,"mWalkTime":128731,"runStep":4,"walkStep":193},{"distance":50.95,"mCalorie":3.0300002,"mOthersTime":0,"mRunTime":0,"mStartTime":21600000,"mTimeUnit":600000,"mWalkTime":48024,"runStep":0,"walkStep":72},{"distance":76.66,"mCalorie":3.98,"mOthersTime":0,"mRunTime":0,"mStartTime":24600000,"mTimeUnit":600000,"mWalkTime":70035,"runStep":0,"walkStep":105},{"distance":41.699997,"mCalorie":2.1200001,"mOthersTime":0,"mRunTime":0,"mStartTime":25200000,"mTimeUnit":600000,"mWalkTime":38019,"runStep":0,"walkStep":57},{"distance":65.21,"mCalorie":3.18,"mOthersTime":0,"mRunTime":1600,"mStartTime":25800000,"mTimeUnit":600000,"mWalkTime":52693,"runStep":4,"walkStep":79},{"distance":97.88999,"mCalorie":5.6499996,"mOthersTime":0,"mRunTime":2800,"mStartTime":31200000,"mTimeUnit":600000,"mWalkTime":76705,"runStep":7,"walkStep":115},{"distance":28.869999,"mCalorie":1.54,"mOthersTime":0,"mRunTime":0,"mStartTime":33000000,"mTimeUnit":600000,"mWalkTime":27347,"runStep":0,"walkStep":41},{"distance":8.3,"mCalorie":0.37,"mOthersTime":0,"mRunTime":0,"mStartTime":33600000,"mTimeUnit":600000,"mWalkTime":7337,"runStep":0,"walkStep":11},{"distance":27.73,"mCalorie":1.5699999,"mOthersTime":0,"mRunTime":1200,"mStartTime":34200000,"mTimeUnit":600000,"mWalkTime":21344,"runStep":3,"walkStep":32},{"distance":9.04,"mCalorie":0.31,"mOthersTime":0,"mRunTime":0,"mStartTime":34800000,"mTimeUnit":600000,"mWalkTime":7337,"runStep":0,"walkStep":11},{"distance":30.970001,"mCalorie":1.53,"mOthersTime":0,"mRunTime":0,"mStartTime":35400000,"mTimeUnit":600000,"mWalkTime":27347,"runStep":0,"walkStep":41},{"distance":11.389999,"mCalorie":0.61,"mOthersTime":0,"mRunTime":0,"mStartTime":36000000,"mTimeUnit":600000,"mWalkTime":10672,"runStep":0,"walkStep":16},{"distance":93.13999,"mCalorie":4.37,"mOthersTime":0,"mRunTime":0,"mStartTime":36600000,"mTimeUnit":600000,"mWalkTime":80707,"runStep":0,"walkStep":121},{"distance":74.21,"mCalorie":3.83,"mOthersTime":0,"mRunTime":0,"mStartTime":37200000,"mTimeUnit":600000,"mWalkTime":67367,"runStep":0,"walkStep":101},{"distance":128.19,"mCalorie":6.8399997,"mOthersTime":0,"mRunTime":0,"mStartTime":37800000,"mTimeUnit":600000,"mWalkTime":120060,"runStep":0,"walkStep":180},{"distance":17.630001,"mCalorie":0.9,"mOthersTime":0,"mRunTime":0,"mStartTime":38400000,"mTimeUnit":600000,"mWalkTime":16675,"runStep":0,"walkStep":25},{"distance":138.41,"mCalorie":7.4600005,"mOthersTime":0,"mRunTime":2400,"mStartTime":39000000,"mTimeUnit":600000,"mWalkTime":122061,"runStep":6,"walkStep":183},{"distance":152.53,"mCalorie":7.48,"mOthersTime":0,"mRunTime":2400,"mStartTime":39600000,"mTimeUnit":600000,"mWalkTime":129398,"runStep":6,"walkStep":194},{"distance":144.11,"mCalorie":7.4399996,"mOthersTime":0,"mRunTime":0,"mStartTime":40800000,"mTimeUnit":600000,"mWalkTime":134067,"runStep":0,"walkStep":201},{"distance":29.65,"mCalorie":1.33,"mOthersTime":0,"mRunTime":0,"mStartTime":41400000,"mTimeUnit":600000,"mWalkTime":26680,"runStep":0,"walkStep":40},{"distance":230.45999,"mCalorie":12.77,"mOthersTime":0,"mRunTime":0,"mStartTime":42000000,"mTimeUnit":600000,"mWalkTime":223415,"runStep":0,"walkStep":336},{"distance":210.2,"mCalorie":11.260001,"mOthersTime":0,"mRunTime":0,"mStartTime":42600000,"mTimeUnit":600000,"mWalkTime":192096,"runStep":0,"walkStep":288},{"distance":189.03,"mCalorie":10.440001,"mOthersTime":0,"mRunTime":0,"mStartTime":43200000,"mTimeUnit":600000,"mWalkTime":182091,"runStep":0,"walkStep":273},{"distance":9.05,"mCalorie":0.41,"mOthersTime":0,"mRunTime":0,"mStartTime":43800000,"mTimeUnit":600000,"mWalkTime":8004,"runStep":0,"walkStep":12},{"distance":58.28,"mCalorie":2.81,"mOthersTime":0,"mRunTime":0,"mStartTime":44400000,"mTimeUnit":600000,"mWalkTime":52026,"runStep":0,"walkStep":78},{"distance":54.559998,"mCalorie":2.87,"mOthersTime":0,"mRunTime":400,"mStartTime":45000000,"mTimeUnit":600000,"mWalkTime":46690,"runStep":1,"walkStep":70},{"distance":154.46999,"mCalorie":8.08,"mOthersTime":0,"mRunTime":2400,"mStartTime":45600000,"mTimeUnit":600000,"mWalkTime":134734,"runStep":6,"walkStep":202},{"distance":303.84998,"mCalorie":15.9,"mOthersTime":0,"mRunTime":0,"mStartTime":46200000,"mTimeUnit":600000,"mWalkTime":278109,"runStep":0,"walkStep":420},{"distance":158.09999,"mCalorie":7.819999,"mOthersTime":0,"mRunTime":0,"mStartTime":46800000,"mTimeUnit":600000,"mWalkTime":142738,"runStep":0,"walkStep":214},{"distance":13.12,"mCalorie":0.61,"mOthersTime":0,"mRunTime":0,"mStartTime":47400000,"mTimeUnit":600000,"mWalkTime":10005,"runStep":0,"walkStep":15},{"distance":49.95,"mCalorie":2.49,"mOthersTime":0,"mRunTime":0,"mStartTime":48600000,"mTimeUnit":600000,"mWalkTime":44022,"runStep":0,"walkStep":66},{"distance":243.34999,"mCalorie":12.9800005,"mOthersTime":0,"mRunTime":0,"mStartTime":49200000,"mTimeUnit":600000,"mWalkTime":214744,"runStep":0,"walkStep":336},{"distance":141.68,"mCalorie":7.06,"mOthersTime":0,"mRunTime":0,"mStartTime":49800000,"mTimeUnit":600000,"mWalkTime":129398,"runStep":0,"walkStep":194},{"distance":282.82,"mCalorie":15.41,"mOthersTime":0,"mRunTime":0,"mStartTime":50400000,"mTimeUnit":600000,"mWalkTime":268134,"runStep":0,"walkStep":402},{"distance":235.66,"mCalorie":12.34,"mOthersTime":0,"mRunTime":0,"mStartTime":51000000,"mTimeUnit":600000,"mWalkTime":214744,"runStep":0,"walkStep":330},{"distance":52.56,"mCalorie":2.79,"mOthersTime":0,"mRunTime":0,"mStartTime":51600000,"mTimeUnit":600000,"mWalkTime":46690,"runStep":0,"walkStep":70},{"distance":116.25,"mCalorie":5.81,"mOthersTime":0,"mRunTime":0,"mStartTime":54600000,"mTimeUnit":600000,"mWalkTime":112056,"runStep":0,"walkStep":168},{"distance":26.18,"mCalorie":1.22,"mOthersTime":0,"mRunTime":0,"mStartTime":55200000,"mTimeUnit":600000,"mWalkTime":22678,"runStep":0,"walkStep":34},{"distance":127.97,"mCalorie":6.77,"mOthersTime":0,"mRunTime":0,"mStartTime":55800000,"mTimeUnit":600000,"mWalkTime":118059,"runStep":0,"walkStep":177},{"distance":130.65,"mCalorie":6.79,"mOthersTime":0,"mRunTime":0,"mStartTime":56400000,"mTimeUnit":600000,"mWalkTime":118726,"runStep":0,"walkStep":178},{"distance":233.92001,"mCalorie":12.370001,"mOthersTime":0,"mRunTime":0,"mStartTime":57000000,"mTimeUnit":600000,"mWalkTime":216108,"runStep":0,"walkStep":324},{"distance":148.19,"mCalorie":6.9300003,"mOthersTime":0,"mRunTime":5600,"mStartTime":57600000,"mTimeUnit":600000,"mWalkTime":114724,"runStep":14,"walkStep":172},{"distance":154.24,"mCalorie":7.3100004,"mOthersTime":0,"mRunTime":0,"mStartTime":58200000,"mTimeUnit":600000,"mWalkTime":131369,"runStep":0,"walkStep":203},{"distance":155.78001,"mCalorie":7.8000007,"mOthersTime":0,"mRunTime":400,"mStartTime":58800000,"mTimeUnit":600000,"mWalkTime":132703,"runStep":1,"walkStep":206},{"distance":41.010002,"mCalorie":2.1599998,"mOthersTime":0,"mRunTime":0,"mStartTime":59400000,"mTimeUnit":600000,"mWalkTime":37352,"runStep":0,"walkStep":56},{"distance":159.09999,"mCalorie":8.24,"mOthersTime":0,"mRunTime":0,"mStartTime":60600000,"mTimeUnit":600000,"mWalkTime":142738,"runStep":0,"walkStep":214},{"distance":321.53003,"mCalorie":15.950001,"mOthersTime":0,"mRunTime":0,"mStartTime":61200000,"mTimeUnit":600000,"mWalkTime":285446,"runStep":0,"walkStep":434},{"distance":195.01,"mCalorie":10.099999,"mOthersTime":0,"mRunTime":0,"mStartTime":61800000,"mTimeUnit":600000,"mWalkTime":158716,"runStep":0,"walkStep":258},{"distance":103.76,"mCalorie":4.9700003,"mOthersTime":0,"mRunTime":1200,"mStartTime":62400000,"mTimeUnit":600000,"mWalkTime":88044,"runStep":3,"walkStep":132},{"distance":10.04,"mCalorie":0.5,"mOthersTime":0,"mRunTime":0,"mStartTime":65400000,"mTimeUnit":600000,"mWalkTime":9338,"runStep":0,"walkStep":14},{"distance":81.29,"mCalorie":4.09,"mOthersTime":0,"mRunTime":0,"mStartTime":67800000,"mTimeUnit":600000,"mWalkTime":75371,"runStep":0,"walkStep":113},{"distance":18.68,"mCalorie":0.93999994,"mOthersTime":0,"mRunTime":0,"mStartTime":68400000,"mTimeUnit":600000,"mWalkTime":17342,"runStep":0,"walkStep":26},{"distance":7.51,"mCalorie":0.34,"mOthersTime":0,"mRunTime":0,"mStartTime":69000000,"mTimeUnit":600000,"mWalkTime":6670,"runStep":0,"walkStep":10},{"distance":9.26,"mCalorie":0.53,"mOthersTime":0,"mRunTime":0,"mStartTime":70200000,"mTimeUnit":600000,"mWalkTime":6670,"runStep":0,"walkStep":10},{"distance":8.01,"mCalorie":0.38,"mOthersTime":0,"mRunTime":0,"mStartTime":70800000,"mTimeUnit":600000,"mWalkTime":7337,"runStep":0,"walkStep":11},{"distance":32.17,"mCalorie":1.52,"mOthersTime":0,"mRunTime":0,"mStartTime":71400000,"mTimeUnit":600000,"mWalkTime":29348,"runStep":0,"walkStep":44},{"distance":173.15999,"mCalorie":9.87,"mOthersTime":0,"mRunTime":18800,"mStartTime":72000000,"mTimeUnit":600000,"mWalkTime":113390,"runStep":47,"walkStep":170},{"distance":30.650002,"mCalorie":1.5699999,"mOthersTime":0,"mRunTime":400,"mStartTime":73200000,"mTimeUnit":600000,"mWalkTime":26680,"runStep":1,"walkStep":40},{"distance":69.87,"mCalorie":3.42,"mOthersTime":0,"mRunTime":0,"mStartTime":73800000,"mTimeUnit":600000,"mWalkTime":64032,"runStep":0,"walkStep":96},{"distance":5.66,"mCalorie":0.3,"mOthersTime":0,"mRunTime":0,"mStartTime":74400000,"mTimeUnit":600000,"mWalkTime":5336,"runStep":0,"walkStep":8},{"distance":80.7,"mCalorie":4.0699997,"mOthersTime":0,"mRunTime":0,"mStartTime":76800000,"mTimeUnit":600000,"mWalkTime":72036,"runStep":0,"walkStep":108},{"distance":57.590004,"mCalorie":3.06,"mOthersTime":0,"mRunTime":0,"mStartTime":77400000,"mTimeUnit":600000,"mWalkTime":54027,"runStep":0,"walkStep":81},{"distance":19.95,"mCalorie":0.98,"mOthersTime":0,"mRunTime":0,"mStartTime":78000000,"mTimeUnit":600000,"mWalkTime":18676,"runStep":0,"walkStep":28},{"distance":51.08,"mCalorie":2.72,"mOthersTime":0,"mRunTime":0,"mStartTime":78600000,"mTimeUnit":600000,"mWalkTime":48691,"runStep":0,"walkStep":73},{"distance":8.18,"mCalorie":0.34,"mOthersTime":0,"mRunTime":0,"mStartTime":84000000,"mTimeUnit":600000,"mWalkTime":6670,"runStep":0,"walkStep":10},{"distance":35.199997,"mCalorie":1.52,"mOthersTime":0,"mRunTime":800,"mStartTime":84600000,"mTimeUnit":600000,"mWalkTime":26680,"runStep":2,"walkStep":40}],"version":1}