{"mActivityList":[{"mActiveTime":1351223,"mActiveTimeType":0,"mCalorie":128.0,"mCategory":204,"mDetailInfoId":"6612c1d8-1393-2b2c-6a13-a9cd9d8755a7","mDistance":1513.241,"mDuration":1351223,"mEndTime":53603854,"mStartTime":52252631,"mType":1001},{"mActiveTime":5300798,"mActiveTimeType":0,"mCalorie":452.0,"mCategory":204,"mDetailInfoId":"be32dae0-1b34-7f88-7da9-28e216a4b2de","mDistance":6014.913,"mDuration":5300798,"mEndTime":59235256,"mStartTime":53934458,"mType":1001}],"mAdaptiveGoal":0,"mIsGoalAchieved":false,"mIsMostActiveAchieved":false,"mMostActiveMinutes":0,"mStreakDayCount":0,"mUnitDataList":[{"distance":10.24,"mCalorie":0.67,"mOthersTime":0,"mRunTime":800,"mStartTime":3000000,"mTimeUnit":600000,"mWalkTime":6670,"runStep":2,"walkStep":10},{"distance":13.37,"mCalorie":0.78,"mOthersTime":0,"mRunTime":0,"mStartTime":13200000,"mTimeUnit":600000,"mWalkTime":10672,"runStep":0,"walkStep":16},{"distance":13.5,"mCalorie":0.98,"mOthersTime":0,"mRunTime":2000,"mStartTime":14400000,"mTimeUnit":600000,"mWalkTime":6670,"runStep":5,"walkStep":10},{"distance":7.7,"mCalorie":0.33,"mOthersTime":0,"mRunTime":0,"mStartTime":21600000,"mTimeUnit":600000,"mWalkTime":7337,"runStep":0,"walkStep":11},{"distance":121.31901,"mCalorie":6.6100006,"mOthersTime":0,"mRunTime":6000,"mStartTime":22200000,"mTimeUnit":600000,"mWalkTime":91379,"runStep":15,"walkStep":137},{"distance":123.229996,"mCalorie":7.05,"mOthersTime":0,"mRunTime":0,"mStartTime":22800000,"mTimeUnit":600000,"mWalkTime":120060,"runStep":0,"walkStep":180},{"distance":124.40101,"mCalorie":6.37,"mOthersTime":0,"mRunTime":1200,"mStartTime":23400000,"mTimeUnit":600000,"mWalkTime":108721,"runStep":3,"walkStep":163},{"distance":121.819,"mCalorie":5.59,"mOthersTime":0,"mRunTime":400,"mStartTime":24600000,"mTimeUnit":600000,"mWalkTime":105386,"runStep":1,"walkStep":158},{"distance":151.2,"mCalorie":7.08,"mOthersTime":0,"mRunTime":0,"mStartTime":25200000,"mTimeUnit":600000,"mWalkTime":136068,"runStep":0,"walkStep":204},{"distance":83.94,"mCalorie":4.01,"mOthersTime":0,"mRunTime":0,"mStartTime":25800000,"mTimeUnit":600000,"mWalkTime":76038,"runStep":0,"walkStep":114},{"distance":48.43,"mCalorie":2.33,"mOthersTime":0,"mRunTime":0,"mStartTime":26400000,"mTimeUnit":600000,"mWalkTime":42021,"runStep":0,"walkStep":63},{"distance":55.59,"mCalorie":2.8000002,"mOthersTime":0,"mRunTime":0,"mStartTime":27000000,"mTimeUnit":600000,"mWalkTime":50025,"runStep":0,"walkStep":75},{"distance":31.470001,"mCalorie":1.58,"mOthersTime":0,"mRunTime":0,"mStartTime":27600000,"mTimeUnit":600000,"mWalkTime":29348,"runStep":0,"walkStep":44},{"distance":32.43,"mCalorie":1.77,"mOthersTime":0,"mRunTime":0,"mStartTime":28200000,"mTimeUnit":600000,"mWalkTime":31349,"runStep":0,"walkStep":47},{"distance":22.76,"mCalorie":1.29,"mOthersTime":0,"mRunTime":1200,"mStartTime":28800000,"mTimeUnit":600000,"mWalkTime":18009,"runStep":3,"walkStep":27},{"distance":33.71,"mCalorie":1.75,"mOthersTime":0,"mRunTime":0,"mStartTime":29400000,"mTimeUnit":600000,"mWalkTime":31349,"runStep":0,"walkStep":47},{"distance":33.079998,"mCalorie":1.6400001,"mOthersTime":0,"mRunTime":0,"mStartTime":30000000,"mTimeUnit":600000,"mWalkTime":30015,"runStep":0,"walkStep":45},{"distance":31.130001,"mCalorie":1.42,"mOthersTime":0,"mRunTime":800,"mStartTime":30600000,"mTimeUnit":600000,"mWalkTime":24679,"runStep":2,"walkStep":37},{"distance":112.08,"mCalorie":5.63,"mOthersTime":0,"mRunTime":1600,"mStartTime":31200000,"mTimeUnit":600000,"mWalkTime":95381,"runStep":4,"walkStep":143},{"distance":112.26,"mCalorie":5.95,"mOthersTime":0,"mRunTime":0,"mStartTime":31800000,"mTimeUnit":600000,"mWalkTime":101384,"runStep":0,"walkStep":152},{"distance":7.85,"mCalorie":0.3,"mOthersTime":0,"mRunTime":0,"mStartTime":32400000,"mTimeUnit":600000,"mWalkTime":6670,"runStep":0,"walkStep":10},{"distance":15.37,"mCalorie":0.79999995,"mOthersTime":0,"mRunTime":0,"mStartTime":33000000,"mTimeUnit":600000,"mWalkTime":14674,"runStep":0,"walkStep":22},{"distance":8.18,"mCalorie":0.28,"mOthersTime":0,"mRunTime":0,"mStartTime":33600000,"mTimeUnit":600000,"mWalkTime":6670,"runStep":0,"walkStep":10},{"distance":13.22,"mCalorie":0.95,"mOthersTime":0,"mRunTime":2000,"mStartTime":35400000,"mTimeUnit":600000,"mWalkTime":6670,"runStep":5,"walkStep":10},{"distance":43.75,"mCalorie":2.22,"mOthersTime":0,"mRunTime":0,"mStartTime":36000000,"mTimeUnit":600000,"mWalkTime":40020,"runStep":0,"walkStep":60},{"distance":87.67,"mCalorie":4.35,"mOthersTime":0,"mRunTime":0,"mStartTime":36600000,"mTimeUnit":600000,"mWalkTime":78039,"runStep":0,"walkStep":117},{"distance":14.24,"mCalorie":0.65999997,"mOthersTime":0,"mRunTime":0,"mStartTime":37800000,"mTimeUnit":600000,"mWalkTime":13340,"runStep":0,"walkStep":20},{"distance":18.1,"mCalorie":0.86,"mOthersTime":0,"mRunTime":0,"mStartTime":38400000,"mTimeUnit":600000,"mWalkTime":16675,"runStep":0,"walkStep":25},{"distance":93.21,"mCalorie":4.83,"mOthersTime":0,"mRunTime":0,"mStartTime":39600000,"mTimeUnit":600000,"mWalkTime":84709,"runStep":0,"walkStep":127},{"distance":64.679,"mCalorie":3.2199998,"mOthersTime":0,"mRunTime":400,"mStartTime":40200000,"mTimeUnit":600000,"mWalkTime":56695,"runStep":1,"walkStep":85},{"distance":51.260002,"mCalorie":2.47,"mOthersTime":0,"mRunTime":0,"mStartTime":40800000,"mTimeUnit":600000,"mWalkTime":45356,"runStep":0,"walkStep":68},{"distance":74.980995,"mCalorie":4.13,"mOthersTime":0,"mRunTime":2400,"mStartTime":41400000,"mTimeUnit":600000,"mWalkTime":62698,"runStep":6,"walkStep":94},{"distance":7.82,"mCalorie":0.33,"mOthersTime":0,"mRunTime":0,"mStartTime":42000000,"mTimeUnit":600000,"mWalkTime":6670,"runStep":0,"walkStep":10},{"distance":257.49,"mCalorie":13.309999,"mOthersTime":0,"mRunTime":0,"mStartTime":43200000,"mTimeUnit":600000,"mWalkTime":237422,"runStep":0,"walkStep":363},{"distance":30.81,"mCalorie":1.61,"mOthersTime":0,"mRunTime":0,"mStartTime":43800000,"mTimeUnit":600000,"mWalkTime":28014,"runStep":0,"walkStep":42},{"distance":412.88,"mCalorie":21.380001,"mOthersTime":0,"mRunTime":4000,"mStartTime":44400000,"mTimeUnit":600000,"mWalkTime":358816,"runStep":10,"walkStep":551},{"distance":80.22,"mCalorie":4.18,"mOthersTime":0,"mRunTime":0,"mStartTime":45000000,"mTimeUnit":600000,"mWalkTime":74704,"runStep":0,"walkStep":112},{"distance":38.77,"mCalorie":2.04,"mOthersTime":0,"mRunTime":0,"mStartTime":45600000,"mTimeUnit":600000,"mWalkTime":35351,"runStep":0,"walkStep":53},{"distance":7.67,"mCalorie":0.32,"mOthersTime":0,"mRunTime":0,"mStartTime":46200000,"mTimeUnit":600000,"mWalkTime":6670,"runStep":0,"walkStep":10},{"distance":226.93,"mCalorie":12.35,"mOthersTime":0,"mRunTime":2400,"mStartTime":46800000,"mTimeUnit":600000,"mWalkTime":194734,"runStep":6,"walkStep":298},{"distance":303.12,"mCalorie":15.829998,"mOthersTime":0,"mRunTime":0,"mStartTime":47400000,"mTimeUnit":600000,"mWalkTime":267437,"runStep":0,"walkStep":410},{"distance":67.33,"mCalorie":3.5099998,"mOthersTime":0,"mRunTime":0,"mStartTime":48000000,"mTimeUnit":600000,"mWalkTime":62031,"runStep":0,"walkStep":93},{"distance":9.49,"mCalorie":0.48,"mOthersTime":0,"mRunTime":0,"mStartTime":48600000,"mTimeUnit":600000,"mWalkTime":8671,"runStep":0,"walkStep":13},{"distance":25.68,"mCalorie":1.4000001,"mOthersTime":0,"mRunTime":0,"mStartTime":49200000,"mTimeUnit":600000,"mWalkTime":24012,"runStep":0,"walkStep":36},{"distance":34.03,"mCalorie":1.77,"mOthersTime":0,"mRunTime":0,"mStartTime":50400000,"mTimeUnit":600000,"mWalkTime":32016,"runStep":0,"walkStep":48},{"distance":71.33,"mCalorie":3.5600002,"mOthersTime":0,"mRunTime":0,"mStartTime":51000000,"mTimeUnit":600000,"mWalkTime":65366,"runStep":0,"walkStep":98},{"distance":419.16998,"mCalorie":23.759998,"mOthersTime":0,"mRunTime":0,"mStartTime":51600000,"mTimeUnit":600000,"mWalkTime":376795,"runStep":0,"walkStep":597},{"distance":620.8782,"mCalorie":52.141186,"mOthersTime":0,"mRunTime":0,"mStartTime":52200000,"mTimeUnit":600000,"mWalkTime":553219,"runStep":0,"walkStep":934},{"distance":671.9428,"mCalorie":56.8374,"mOthersTime":0,"mRunTime":0,"mStartTime":52800000,"mTimeUnit":600000,"mWalkTime":600000,"runStep":0,"walkStep":931},{"distance":341.4391,"mCalorie":26.914165,"mOthersTime":0,"mRunTime":0,"mStartTime":53400000,"mTimeUnit":600000,"mWalkTime":304396,"runStep":0,"walkStep":419},{"distance":680.83105,"mCalorie":51.162106,"mOthersTime":0,"mRunTime":0,"mStartTime":54000000,"mTimeUnit":600000,"mWalkTime":600000,"runStep":0,"walkStep":969},{"distance":680.83105,"mCalorie":51.162106,"mOthersTime":0,"mRunTime":0,"mStartTime":54600000,"mTimeUnit":600000,"mWalkTime":600000,"runStep":0,"walkStep":981},{"distance":680.83105,"mCalorie":51.162106,"mOthersTime":0,"mRunTime":0,"mStartTime":55200000,"mTimeUnit":600000,"mWalkTime":600000,"runStep":0,"walkStep":959},{"distance":680.83105,"mCalorie":51.162106,"mOthersTime":0,"mRunTime":0,"mStartTime":55800000,"mTimeUnit":600000,"mWalkTime":600000,"runStep":0,"walkStep":980},{"distance":680.83105,"mCalorie":51.162106,"mOthersTime":0,"mRunTime":0,"mStartTime":56400000,"mTimeUnit":600000,"mWalkTime":600000,"runStep":0,"walkStep":977},{"distance":680.83105,"mCalorie":51.162106,"mOthersTime":0,"mRunTime":0,"mStartTime":57000000,"mTimeUnit":600000,"mWalkTime":600000,"runStep":0,"walkStep":964},{"distance":680.83105,"mCalorie":51.162106,"mOthersTime":0,"mRunTime":0,"mStartTime":57600000,"mTimeUnit":600000,"mWalkTime":600000,"runStep":0,"walkStep":948},{"distance":680.83105,"mCalorie":51.162106,"mOthersTime":0,"mRunTime":0,"mStartTime":58200000,"mTimeUnit":600000,"mWalkTime":600000,"runStep":0,"walkStep":920},{"distance":506.90607,"mCalorie":37.740788,"mOthersTime":0,"mRunTime":0,"mStartTime":58800000,"mTimeUnit":600000,"mWalkTime":446741,"runStep":0,"walkStep":671},{"distance":67.97,"mCalorie":4.1499996,"mOthersTime":0,"mRunTime":6000,"mStartTime":59400000,"mTimeUnit":600000,"mWalkTime":48024,"runStep":15,"walkStep":72},{"distance":28.240002,"mCalorie":1.59,"mOthersTime":0,"mRunTime":0,"mStartTime":60000000,"mTimeUnit":600000,"mWalkTime":26680,"runStep":0,"walkStep":40},{"distance":4.42,"mCalorie":0.22,"mOthersTime":0,"mRunTime":0,"mStartTime":61200000,"mTimeUnit":600000,"mWalkTime":4002,"runStep":0,"walkStep":6},{"distance":44.55,"mCalorie":1.94,"mOthersTime":0,"mRunTime":0,"mStartTime":62400000,"mTimeUnit":600000,"mWalkTime":38019,"runStep":0,"walkStep":57},{"distance":144.63,"mCalorie":7.6,"mOthersTime":0,"mRunTime":0,"mStartTime":63000000,"mTimeUnit":600000,"mWalkTime":129368,"runStep":0,"walkStep":199},{"distance":100.79997,"mCalorie":5.329999,"mOthersTime":0,"mRunTime":0,"mStartTime":63600000,"mTimeUnit":600000,"mWalkTime":92046,"runStep":0,"walkStep":138},{"distance":37.37,"mCalorie":2.0700002,"mOthersTime":0,"mRunTime":0,"mStartTime":64200000,"mTimeUnit":600000,"mWalkTime":35351,"runStep":0,"walkStep":53},{"distance":165.82,"mCalorie":8.139999,"mOthersTime":0,"mRunTime":0,"mStartTime":65400000,"mTimeUnit":600000,"mWalkTime":131369,"runStep":0,"walkStep":221},{"distance":63.297997,"mCalorie":2.98,"mOthersTime":0,"mRunTime":0,"mStartTime":66000000,"mTimeUnit":600000,"mWalkTime":56695,"runStep":0,"walkStep":85},{"distance":138.38,"mCalorie":6.7300005,"mOthersTime":0,"mRunTime":0,"mStartTime":66600000,"mTimeUnit":600000,"mWalkTime":122061,"runStep":0,"walkStep":183},{"distance":14.57,"mCalorie":0.64,"mOthersTime":0,"mRunTime":0,"mStartTime":67800000,"mTimeUnit":600000,"mWalkTime":13340,"runStep":0,"walkStep":20},{"distance":44.64,"mCalorie":2.73,"mOthersTime":0,"mRunTime":0,"mStartTime":68400000,"mTimeUnit":600000,"mWalkTime":52693,"runStep":0,"walkStep":79},{"distance":107.672,"mCalorie":6.58,"mOthersTime":0,"mRunTime":0,"mStartTime":69000000,"mTimeUnit":600000,"mWalkTime":102718,"runStep":0,"walkStep":154},{"distance":317.82,"mCalorie":15.05,"mOthersTime":0,"mRunTime":0,"mStartTime":69600000,"mTimeUnit":600000,"mWalkTime":236695,"runStep":0,"walkStep":419},{"distance":147.67,"mCalorie":7.74,"mOthersTime":0,"mRunTime":0,"mStartTime":71400000,"mTimeUnit":600000,"mWalkTime":136735,"runStep":0,"walkStep":205},{"distance":323.13998,"mCalorie":17.410002,"mOthersTime":0,"mRunTime":0,"mStartTime":72000000,"mTimeUnit":600000,"mWalkTime":299453,"runStep":0,"walkStep":449},{"distance":12.69,"mCalorie":0.65,"mOthersTime":0,"mRunTime":0,"mStartTime":73800000,"mTimeUnit":600000,"mWalkTime":11339,"runStep":0,"walkStep":17},{"distance":12.43,"mCalorie":0.53,"mOthersTime":0,"mRunTime":0,"mStartTime":74400000,"mTimeUnit":600000,"mWalkTime":10672,"runStep":0,"walkStep":16},{"distance":23.359999,"mCalorie":1.0999999,"mOthersTime":0,"mRunTime":0,"mStartTime":78600000,"mTimeUnit":600000,"mWalkTime":20677,"runStep":0,"walkStep":31},{"distance":60.86,"mCalorie":3.1399999,"mOthersTime":0,"mRunTime":0,"mStartTime":79200000,"mTimeUnit":600000,"mWalkTime":55361,"runStep":0,"walkStep":83},{"distance":6.81,"mCalorie":0.39,"mOthersTime":0,"mRunTime":0,"mStartTime":79800000,"mTimeUnit":600000,"mWalkTime":6670,"runStep":0,"walkStep":10},{"distance":151.23,"mCalorie":8.099999,"mOthersTime":0,"mRunTime":0,"mStartTime":80400000,"mTimeUnit":600000,"mWalkTime":141374,"runStep":0,"walkStep":215},{"distance":12.15,"mCalorie":0.63,"mOthersTime":0,"mRunTime":0,"mStartTime":81000000,"mTimeUnit":600000,"mWalkTime":11339,"runStep":0,"walkStep":17},{"distance":90.43,"mCalorie":4.17,"mOthersTime":0,"mRunTime":0,"mStartTime":81600000,"mTimeUnit":600000,"mWalkTime":78706,"runStep":0,"walkStep":118},{"distance":28.510998,"mCalorie":1.36,"mOthersTime":0,"mRunTime":0,"mStartTime":82200000,"mTimeUnit":600000,"mWalkTime":26013,"runStep":0,"walkStep":39}],"version":1}