{"mAdaptiveGoal":0,"mIsGoalAchieved":false,"mIsMostActiveAchieved":false,"mMostActiveMinutes":0,"mStreakDayCount":0,"mUnitDataList":[{"distance":5.71,"mCalorie":0.29999998,"mOthersTime":0,"mRunTime":0,"mStartTime":33600000,"mTimeUnit":600000,"mWalkTime":5336,"runStep":0,"walkStep":8},{"distance":26.09,"mCalorie":1.39,"mOthersTime":0,"mRunTime":0,"mStartTime":34200000,"mTimeUnit":600000,"mWalkTime":24012,"runStep":0,"walkStep":36},{"distance":27.130001,"mCalorie":1.44,"mOthersTime":0,"mRunTime":0,"mStartTime":35400000,"mTimeUnit":600000,"mWalkTime":25346,"runStep":0,"walkStep":38},{"distance":35.43,"mCalorie":1.88,"mOthersTime":0,"mRunTime":0,"mStartTime":36000000,"mTimeUnit":600000,"mWalkTime":32683,"runStep":0,"walkStep":49},{"distance":34.78,"mCalorie":1.9100001,"mOthersTime":0,"mRunTime":0,"mStartTime":37200000,"mTimeUnit":600000,"mWalkTime":32683,"runStep":0,"walkStep":49},{"distance":90.880005,"mCalorie":4.88,"mOthersTime":0,"mRunTime":0,"mStartTime":37800000,"mTimeUnit":600000,"mWalkTime":79343,"runStep":0,"walkStep":123},{"distance":108.61,"mCalorie":5.7799997,"mOthersTime":0,"mRunTime":0,"mStartTime":38400000,"mTimeUnit":600000,"mWalkTime":98049,"runStep":0,"walkStep":147},{"distance":92.09,"mCalorie":5.05,"mOthersTime":0,"mRunTime":0,"mStartTime":39000000,"mTimeUnit":600000,"mWalkTime":84709,"runStep":0,"walkStep":127},{"distance":31.469997,"mCalorie":1.68,"mOthersTime":0,"mRunTime":0,"mStartTime":39600000,"mTimeUnit":600000,"mWalkTime":29348,"runStep":0,"walkStep":44},{"distance":193.82999,"mCalorie":12.32,"mOthersTime":0,"mRunTime":0,"mStartTime":40200000,"mTimeUnit":600000,"mWalkTime":190762,"runStep":0,"walkStep":286},{"distance":80.77,"mCalorie":4.23,"mOthersTime":0,"mRunTime":0,"mStartTime":40800000,"mTimeUnit":600000,"mWalkTime":73370,"runStep":0,"walkStep":110},{"distance":66.07,"mCalorie":3.35,"mOthersTime":0,"mRunTime":0,"mStartTime":42000000,"mTimeUnit":600000,"mWalkTime":60030,"runStep":0,"walkStep":90},{"distance":60.739998,"mCalorie":3.1999998,"mOthersTime":0,"mRunTime":0,"mStartTime":42600000,"mTimeUnit":600000,"mWalkTime":56028,"runStep":0,"walkStep":84},{"distance":11.63,"mCalorie":0.6,"mOthersTime":0,"mRunTime":0,"mStartTime":44400000,"mTimeUnit":600000,"mWalkTime":10672,"runStep":0,"walkStep":16},{"distance":25.349998,"mCalorie":1.29,"mOthersTime":0,"mRunTime":0,"mStartTime":45000000,"mTimeUnit":600000,"mWalkTime":23345,"runStep":0,"walkStep":35},{"distance":124.84999,"mCalorie":6.34,"mOthersTime":0,"mRunTime":0,"mStartTime":45600000,"mTimeUnit":600000,"mWalkTime":108691,"runStep":0,"walkStep":169},{"distance":117.479996,"mCalorie":5.78,"mOthersTime":0,"mRunTime":0,"mStartTime":46200000,"mTimeUnit":600000,"mWalkTime":106720,"runStep":0,"walkStep":160},{"distance":13.71,"mCalorie":0.55,"mOthersTime":0,"mRunTime":0,"mStartTime":47400000,"mTimeUnit":600000,"mWalkTime":10672,"runStep":0,"walkStep":16},{"distance":237.88,"mCalorie":11.820001,"mOthersTime":0,"mRunTime":0,"mStartTime":48600000,"mTimeUnit":600000,"mWalkTime":213410,"runStep":0,"walkStep":322},{"distance":61.44,"mCalorie":3.18,"mOthersTime":0,"mRunTime":0,"mStartTime":49200000,"mTimeUnit":600000,"mWalkTime":56028,"runStep":0,"walkStep":84},{"distance":32.29,"mCalorie":1.69,"mOthersTime":0,"mRunTime":0,"mStartTime":49800000,"mTimeUnit":600000,"mWalkTime":30015,"runStep":0,"walkStep":45},{"distance":12.64,"mCalorie":0.68,"mOthersTime":0,"mRunTime":0,"mStartTime":53400000,"mTimeUnit":600000,"mWalkTime":12006,"runStep":0,"walkStep":18},{"distance":24.38,"mCalorie":1.09,"mOthersTime":0,"mRunTime":0,"mStartTime":54000000,"mTimeUnit":600000,"mWalkTime":21344,"runStep":0,"walkStep":32},{"distance":18.619999,"mCalorie":0.83000004,"mOthersTime":0,"mRunTime":0,"mStartTime":55800000,"mTimeUnit":600000,"mWalkTime":16008,"runStep":0,"walkStep":24},{"distance":58.510002,"mCalorie":3.27,"mOthersTime":0,"mRunTime":2800,"mStartTime":56400000,"mTimeUnit":600000,"mWalkTime":44689,"runStep":7,"walkStep":67},{"distance":127.31001,"mCalorie":6.4299994,"mOthersTime":0,"mRunTime":1600,"mStartTime":57000000,"mTimeUnit":600000,"mWalkTime":112056,"runStep":4,"walkStep":168},{"distance":7.32,"mCalorie":0.36,"mOthersTime":0,"mRunTime":0,"mStartTime":57600000,"mTimeUnit":600000,"mWalkTime":6670,"runStep":0,"walkStep":10},{"distance":9.15,"mCalorie":0.4,"mOthersTime":0,"mRunTime":0,"mStartTime":58800000,"mTimeUnit":600000,"mWalkTime":8671,"runStep":0,"walkStep":13},{"distance":79.47,"mCalorie":3.85,"mOthersTime":0,"mRunTime":0,"mStartTime":63600000,"mTimeUnit":600000,"mWalkTime":71369,"runStep":0,"walkStep":107},{"distance":61.93,"mCalorie":3.04,"mOthersTime":0,"mRunTime":0,"mStartTime":64200000,"mTimeUnit":600000,"mWalkTime":56695,"runStep":0,"walkStep":85},{"distance":6.0,"mCalorie":0.25,"mOthersTime":0,"mRunTime":0,"mStartTime":66600000,"mTimeUnit":600000,"mWalkTime":4669,"runStep":0,"walkStep":7},{"distance":22.63,"mCalorie":0.94,"mOthersTime":0,"mRunTime":0,"mStartTime":67200000,"mTimeUnit":600000,"mWalkTime":19343,"runStep":0,"walkStep":29},{"distance":20.48,"mCalorie":1.09,"mOthersTime":0,"mRunTime":0,"mStartTime":67800000,"mTimeUnit":600000,"mWalkTime":18676,"runStep":0,"walkStep":28},{"distance":53.54,"mCalorie":3.1000001,"mOthersTime":0,"mRunTime":6000,"mStartTime":68400000,"mTimeUnit":600000,"mWalkTime":36018,"runStep":15,"walkStep":54},{"distance":9.21,"mCalorie":0.5,"mOthersTime":0,"mRunTime":0,"mStartTime":69000000,"mTimeUnit":600000,"mWalkTime":8671,"runStep":0,"walkStep":13},{"distance":6.77,"mCalorie":0.42,"mOthersTime":0,"mRunTime":0,"mStartTime":69600000,"mTimeUnit":600000,"mWalkTime":6670,"runStep":0,"walkStep":10},{"distance":82.72,"mCalorie":4.12,"mOthersTime":0,"mRunTime":1200,"mStartTime":70200000,"mTimeUnit":600000,"mWalkTime":66033,"runStep":3,"walkStep":99},{"distance":88.659996,"mCalorie":5.11,"mOthersTime":0,"mRunTime":0,"mStartTime":70800000,"mTimeUnit":600000,"mWalkTime":94047,"runStep":0,"walkStep":141},{"distance":91.32001,"mCalorie":4.6600003,"mOthersTime":0,"mRunTime":0,"mStartTime":71400000,"mTimeUnit":600000,"mWalkTime":83375,"runStep":0,"walkStep":125},{"distance":6.4,"mCalorie":0.34,"mOthersTime":0,"mRunTime":0,"mStartTime":72600000,"mTimeUnit":600000,"mWalkTime":6003,"runStep":0,"walkStep":9},{"distance":31.739998,"mCalorie":1.65,"mOthersTime":0,"mRunTime":0,"mStartTime":74400000,"mTimeUnit":600000,"mWalkTime":29348,"runStep":0,"walkStep":44},{"distance":45.54,"mCalorie":2.4299998,"mOthersTime":0,"mRunTime":0,"mStartTime":75000000,"mTimeUnit":600000,"mWalkTime":42688,"runStep":0,"walkStep":64},{"distance":12.36,"mCalorie":0.66,"mOthersTime":0,"mRunTime":0,"mStartTime":75600000,"mTimeUnit":600000,"mWalkTime":11339,"runStep":0,"walkStep":17},{"distance":8.95,"mCalorie":0.47,"mOthersTime":0,"mRunTime":0,"mStartTime":76800000,"mTimeUnit":600000,"mWalkTime":8671,"runStep":0,"walkStep":13},{"distance":29.73,"mCalorie":1.48,"mOthersTime":0,"mRunTime":0,"mStartTime":78000000,"mTimeUnit":600000,"mWalkTime":27347,"runStep":0,"walkStep":41}],"version":1}