{"mActivityList":[{"mActiveTime":700320,"mActiveTimeType":2,"mCalorie":68.39,"mCategory":204,"mDetailInfoId":"0cd2c980-9d9b-b703-1b0d-58c115b81809","mDistance":0.0,"mDuration":700320,"mEndTime":50922389,"mStartTime":50222069,"mType":11007},{"mActiveTime":644000,"mActiveTimeType":2,"mCalorie":74.19,"mCategory":204,"mDetailInfoId":"34fa5501-84e3-a7f3-96d2-9231605ff14d","mDistance":0.0,"mDuration":644000,"mEndTime":53186068,"mStartTime":52542068,"mType":11007}],"mAdaptiveGoal":0,"mIsGoalAchieved":false,"mIsMostActiveAchieved":false,"mMostActiveMinutes":0,"mStreakDayCount":0,"mUnitDataList":[{"distance":24.6,"mCalorie":1.29,"mOthersTime":0,"mRunTime":0,"mStartTime":1200000,"mTimeUnit":600000,"mWalkTime":21344,"runStep":0,"walkStep":32},{"distance":45.16,"mCalorie":2.34,"mOthersTime":0,"mRunTime":400,"mStartTime":11400000,"mTimeUnit":600000,"mWalkTime":37352,"runStep":1,"walkStep":56},{"distance":24.79,"mCalorie":1.15,"mOthersTime":0,"mRunTime":0,"mStartTime":12000000,"mTimeUnit":600000,"mWalkTime":20677,"runStep":0,"walkStep":31},{"distance":8.98,"mCalorie":0.58,"mOthersTime":0,"mRunTime":400,"mStartTime":13800000,"mTimeUnit":600000,"mWalkTime":6670,"runStep":1,"walkStep":10},{"distance":10.43,"mCalorie":0.52,"mOthersTime":0,"mRunTime":0,"mStartTime":16200000,"mTimeUnit":600000,"mWalkTime":9338,"runStep":0,"walkStep":14},{"distance":56.86,"mCalorie":2.94,"mOthersTime":0,"mRunTime":800,"mStartTime":17400000,"mTimeUnit":600000,"mWalkTime":48691,"runStep":2,"walkStep":73},{"distance":10.25,"mCalorie":0.52,"mOthersTime":0,"mRunTime":0,"mStartTime":26400000,"mTimeUnit":600000,"mWalkTime":9338,"runStep":0,"walkStep":14},{"distance":7.97,"mCalorie":0.26,"mOthersTime":0,"mRunTime":0,"mStartTime":27000000,"mTimeUnit":600000,"mWalkTime":6670,"runStep":0,"walkStep":10},{"distance":21.69,"mCalorie":1.47,"mOthersTime":0,"mRunTime":2400,"mStartTime":36600000,"mTimeUnit":600000,"mWalkTime":13340,"runStep":6,"walkStep":20},{"distance":11.53,"mCalorie":0.6,"mOthersTime":0,"mRunTime":0,"mStartTime":37200000,"mTimeUnit":600000,"mWalkTime":10672,"runStep":0,"walkStep":16},{"distance":31.009998,"mCalorie":1.53,"mOthersTime":0,"mRunTime":0,"mStartTime":39000000,"mTimeUnit":600000,"mWalkTime":28681,"runStep":0,"walkStep":43},{"distance":53.391,"mCalorie":2.57,"mOthersTime":0,"mRunTime":400,"mStartTime":40800000,"mTimeUnit":600000,"mWalkTime":44689,"runStep":1,"walkStep":67},{"distance":76.61,"mCalorie":4.49,"mOthersTime":0,"mRunTime":0,"mStartTime":41400000,"mTimeUnit":600000,"mWalkTime":81374,"runStep":0,"walkStep":122},{"distance":77.06,"mCalorie":4.21,"mOthersTime":0,"mRunTime":0,"mStartTime":42000000,"mTimeUnit":600000,"mWalkTime":69338,"runStep":0,"walkStep":106},{"distance":213.779,"mCalorie":12.25,"mOthersTime":0,"mRunTime":0,"mStartTime":42600000,"mTimeUnit":600000,"mWalkTime":203435,"runStep":0,"walkStep":305},{"distance":198.47,"mCalorie":10.23,"mOthersTime":0,"mRunTime":0,"mStartTime":43200000,"mTimeUnit":600000,"mWalkTime":182758,"runStep":0,"walkStep":274},{"distance":174.0,"mCalorie":9.46,"mOthersTime":0,"mRunTime":0,"mStartTime":43800000,"mTimeUnit":600000,"mWalkTime":162081,"runStep":0,"walkStep":243},{"distance":114.079994,"mCalorie":6.21,"mOthersTime":0,"mRunTime":0,"mStartTime":44400000,"mTimeUnit":600000,"mWalkTime":105386,"runStep":0,"walkStep":158},{"distance":16.84,"mCalorie":0.86,"mOthersTime":0,"mRunTime":0,"mStartTime":45000000,"mTimeUnit":600000,"mWalkTime":15341,"runStep":0,"walkStep":23},{"distance":55.28,"mCalorie":3.25,"mOthersTime":0,"mRunTime":0,"mStartTime":45600000,"mTimeUnit":600000,"mWalkTime":52693,"runStep":0,"walkStep":79},{"distance":33.059998,"mCalorie":1.9300001,"mOthersTime":0,"mRunTime":1600,"mStartTime":48000000,"mTimeUnit":600000,"mWalkTime":28681,"runStep":4,"walkStep":43},{"distance":117.35655,"mCalorie":23.599022,"mOthersTime":177931,"mRunTime":0,"mStartTime":49800000,"mTimeUnit":600000,"mWalkTime":117760,"runStep":0,"walkStep":383},{"distance":37.739243,"mCalorie":52.882652,"mOthersTime":522389,"mRunTime":0,"mStartTime":50400000,"mTimeUnit":600000,"mWalkTime":33286,"runStep":0,"walkStep":549},{"distance":75.46,"mCalorie":3.8799999,"mOthersTime":0,"mRunTime":0,"mStartTime":51000000,"mTimeUnit":600000,"mWalkTime":70035,"runStep":0,"walkStep":105},{"distance":12.51,"mCalorie":0.63,"mOthersTime":0,"mRunTime":0,"mStartTime":51600000,"mTimeUnit":600000,"mWalkTime":11339,"runStep":0,"walkStep":17},{"distance":45.88758,"mCalorie":32.01595,"mOthersTime":257932,"mRunTime":0,"mStartTime":52200000,"mTimeUnit":600000,"mWalkTime":42250,"runStep":0,"walkStep":214},{"distance":0.0,"mCalorie":44.475754,"mOthersTime":386067,"mRunTime":0,"mStartTime":52800000,"mTimeUnit":600000,"mWalkTime":0,"runStep":0,"walkStep":206},{"distance":74.52,"mCalorie":3.8899996,"mOthersTime":0,"mRunTime":0,"mStartTime":53400000,"mTimeUnit":600000,"mWalkTime":68034,"runStep":0,"walkStep":102},{"distance":172.31,"mCalorie":9.39,"mOthersTime":0,"mRunTime":0,"mStartTime":54000000,"mTimeUnit":600000,"mWalkTime":154714,"runStep":0,"walkStep":238},{"distance":436.78003,"mCalorie":22.52,"mOthersTime":0,"mRunTime":0,"mStartTime":54600000,"mTimeUnit":600000,"mWalkTime":362758,"runStep":0,"walkStep":587},{"distance":276.43,"mCalorie":13.82,"mOthersTime":0,"mRunTime":0,"mStartTime":55200000,"mTimeUnit":600000,"mWalkTime":230692,"runStep":0,"walkStep":377},{"distance":139.97,"mCalorie":7.94,"mOthersTime":0,"mRunTime":0,"mStartTime":55800000,"mTimeUnit":600000,"mWalkTime":130065,"runStep":0,"walkStep":195},{"distance":34.48,"mCalorie":1.87,"mOthersTime":0,"mRunTime":800,"mStartTime":56400000,"mTimeUnit":600000,"mWalkTime":30015,"runStep":2,"walkStep":45},{"distance":10.02,"mCalorie":0.48,"mOthersTime":0,"mRunTime":0,"mStartTime":58200000,"mTimeUnit":600000,"mWalkTime":9338,"runStep":0,"walkStep":14},{"distance":19.06,"mCalorie":0.94,"mOthersTime":0,"mRunTime":0,"mStartTime":59400000,"mTimeUnit":600000,"mWalkTime":17342,"runStep":0,"walkStep":26},{"distance":36.03,"mCalorie":1.8599999,"mOthersTime":0,"mRunTime":1200,"mStartTime":60600000,"mTimeUnit":600000,"mWalkTime":28681,"runStep":3,"walkStep":43},{"distance":8.28,"mCalorie":0.48,"mOthersTime":0,"mRunTime":0,"mStartTime":61800000,"mTimeUnit":600000,"mWalkTime":8004,"runStep":0,"walkStep":12},{"distance":39.461998,"mCalorie":1.8299999,"mOthersTime":0,"mRunTime":0,"mStartTime":62400000,"mTimeUnit":600000,"mWalkTime":36018,"runStep":0,"walkStep":54},{"distance":8.24,"mCalorie":0.28,"mOthersTime":0,"mRunTime":0,"mStartTime":63600000,"mTimeUnit":600000,"mWalkTime":6670,"runStep":0,"walkStep":10},{"distance":126.64099,"mCalorie":7.5600004,"mOthersTime":0,"mRunTime":13200,"mStartTime":64200000,"mTimeUnit":600000,"mWalkTime":83375,"runStep":33,"walkStep":125},{"distance":47.54,"mCalorie":2.6,"mOthersTime":0,"mRunTime":4000,"mStartTime":64800000,"mTimeUnit":600000,"mWalkTime":35351,"runStep":10,"walkStep":53},{"distance":20.511,"mCalorie":1.04,"mOthersTime":0,"mRunTime":0,"mStartTime":66000000,"mTimeUnit":600000,"mWalkTime":19343,"runStep":0,"walkStep":29},{"distance":10.91,"mCalorie":0.64,"mOthersTime":0,"mRunTime":0,"mStartTime":67800000,"mTimeUnit":600000,"mWalkTime":10672,"runStep":0,"walkStep":16},{"distance":8.67,"mCalorie":0.41,"mOthersTime":0,"mRunTime":0,"mStartTime":68400000,"mTimeUnit":600000,"mWalkTime":8004,"runStep":0,"walkStep":12},{"distance":57.89,"mCalorie":2.76,"mOthersTime":0,"mRunTime":0,"mStartTime":71400000,"mTimeUnit":600000,"mWalkTime":51359,"runStep":0,"walkStep":77},{"distance":68.36,"mCalorie":3.6599998,"mOthersTime":0,"mRunTime":2000,"mStartTime":72000000,"mTimeUnit":600000,"mWalkTime":65366,"runStep":5,"walkStep":98},{"distance":123.670006,"mCalorie":6.57,"mOthersTime":0,"mRunTime":0,"mStartTime":72600000,"mTimeUnit":600000,"mWalkTime":116725,"runStep":0,"walkStep":175},{"distance":34.06,"mCalorie":1.73,"mOthersTime":0,"mRunTime":0,"mStartTime":73200000,"mTimeUnit":600000,"mWalkTime":31349,"runStep":0,"walkStep":47},{"distance":27.03,"mCalorie":1.33,"mOthersTime":0,"mRunTime":0,"mStartTime":75000000,"mTimeUnit":600000,"mWalkTime":24012,"runStep":0,"walkStep":36},{"distance":14.93,"mCalorie":0.79,"mOthersTime":0,"mRunTime":0,"mStartTime":76800000,"mTimeUnit":600000,"mWalkTime":14007,"runStep":0,"walkStep":21},{"distance":9.72,"mCalorie":0.39,"mOthersTime":0,"mRunTime":0,"mStartTime":79200000,"mTimeUnit":600000,"mWalkTime":8004,"runStep":0,"walkStep":12},{"distance":20.46,"mCalorie":1.04,"mOthersTime":0,"mRunTime":0,"mStartTime":79800000,"mTimeUnit":600000,"mWalkTime":18009,"runStep":0,"walkStep":27},{"distance":94.520004,"mCalorie":4.96,"mOthersTime":0,"mRunTime":0,"mStartTime":80400000,"mTimeUnit":600000,"mWalkTime":84709,"runStep":0,"walkStep":127},{"distance":65.87,"mCalorie":3.19,"mOthersTime":0,"mRunTime":0,"mStartTime":81000000,"mTimeUnit":600000,"mWalkTime":58029,"runStep":0,"walkStep":87},{"distance":20.01,"mCalorie":0.92,"mOthersTime":0,"mRunTime":0,"mStartTime":84000000,"mTimeUnit":600000,"mWalkTime":18009,"runStep":0,"walkStep":27}],"version":1}