{"mActivityList":[{"mActiveTime":2137237,"mActiveTimeType":0,"mCalorie":186.0,"mCategory":204,"mDetailInfoId":"8a5939a2-553c-31e8-e8d9-8c6ad86359f9","mDistance":2553.854,"mDuration":2137237,"mEndTime":41479037,"mStartTime":39341800,"mType":1001},{"mActiveTime":2313516,"mActiveTimeType":0,"mCalorie":160.0,"mCategory":204,"mDetailInfoId":"70039258-3105-0652-6f05-ef9bfa5c628a","mDistance":2690.643,"mDuration":2313516,"mEndTime":45532245,"mStartTime":43218729,"mType":1001},{"mActiveTime":2583154,"mActiveTimeType":0,"mCalorie":173.11,"mCategory":204,"mDetailInfoId":"e99b98ce-f655-4232-b076-a2279d22b484","mDistance":3213.52,"mDuration":2583000,"mEndTime":77583000,"mStartTime":75000000,"mType":1001}],"mAdaptiveGoal":0,"mIsGoalAchieved":true,"mIsMostActiveAchieved":true,"mMostActiveMinutes":159,"mStreakDayCount":0,"mUnitDataList":[{"distance":25.25,"mCalorie":1.23,"mOthersTime":0,"mRunTime":0,"mStartTime":5400000,"mTimeUnit":600000,"mWalkTime":22011,"runStep":0,"walkStep":33},{"distance":24.709,"mCalorie":1.36,"mOthersTime":0,"mRunTime":400,"mStartTime":19800000,"mTimeUnit":600000,"mWalkTime":21344,"runStep":1,"walkStep":32},{"distance":6.95,"mCalorie":0.37,"mOthersTime":0,"mRunTime":0,"mStartTime":21000000,"mTimeUnit":600000,"mWalkTime":6670,"runStep":0,"walkStep":10},{"distance":19.77,"mCalorie":1.48,"mOthersTime":0,"mRunTime":1600,"mStartTime":34200000,"mTimeUnit":600000,"mWalkTime":14007,"runStep":4,"walkStep":21},{"distance":27.929,"mCalorie":1.42,"mOthersTime":0,"mRunTime":0,"mStartTime":34800000,"mTimeUnit":600000,"mWalkTime":25346,"runStep":0,"walkStep":38},{"distance":12.54,"mCalorie":0.64,"mOthersTime":0,"mRunTime":0,"mStartTime":36600000,"mTimeUnit":600000,"mWalkTime":11339,"runStep":0,"walkStep":17},{"distance":48.069,"mCalorie":2.391,"mOthersTime":0,"mRunTime":0,"mStartTime":38400000,"mTimeUnit":600000,"mWalkTime":43355,"runStep":0,"walkStep":65},{"distance":406.7746,"mCalorie":27.734596,"mOthersTime":0,"mRunTime":1600,"mStartTime":39000000,"mTimeUnit":600000,"mWalkTime":343787,"runStep":4,"walkStep":583},{"distance":716.95953,"mCalorie":52.21695,"mOthersTime":0,"mRunTime":0,"mStartTime":39600000,"mTimeUnit":600000,"mWalkTime":600000,"runStep":0,"walkStep":1055},{"distance":716.95953,"mCalorie":52.21695,"mOthersTime":0,"mRunTime":0,"mStartTime":40200000,"mTimeUnit":600000,"mWalkTime":600000,"runStep":0,"walkStep":1039},{"distance":716.95953,"mCalorie":52.21695,"mOthersTime":0,"mRunTime":0,"mStartTime":40800000,"mTimeUnit":600000,"mWalkTime":600000,"runStep":0,"walkStep":932},{"distance":289.77103,"mCalorie":16.642303,"mOthersTime":0,"mRunTime":0,"mStartTime":41400000,"mTimeUnit":600000,"mWalkTime":247155,"runStep":0,"walkStep":297},{"distance":70.0,"mCalorie":4.0,"mOthersTime":0,"mRunTime":400,"mStartTime":42600000,"mTimeUnit":600000,"mWalkTime":62698,"runStep":1,"walkStep":94},{"distance":687.2741,"mCalorie":40.82743,"mOthersTime":0,"mRunTime":0,"mStartTime":43200000,"mTimeUnit":600000,"mWalkTime":591889,"runStep":0,"walkStep":886},{"distance":697.80615,"mCalorie":41.49528,"mOthersTime":0,"mRunTime":0,"mStartTime":43800000,"mTimeUnit":600000,"mWalkTime":599999,"runStep":0,"walkStep":1044},{"distance":697.80615,"mCalorie":41.49528,"mOthersTime":0,"mRunTime":0,"mStartTime":44400000,"mTimeUnit":600000,"mWalkTime":599999,"runStep":0,"walkStep":1023},{"distance":620.40106,"mCalorie":36.880516,"mOthersTime":0,"mRunTime":0,"mStartTime":45000000,"mTimeUnit":600000,"mWalkTime":533538,"runStep":0,"walkStep":760},{"distance":104.25001,"mCalorie":5.4300003,"mOthersTime":0,"mRunTime":0,"mStartTime":45600000,"mTimeUnit":600000,"mWalkTime":98716,"runStep":0,"walkStep":148},{"distance":30.85,"mCalorie":1.61,"mOthersTime":0,"mRunTime":0,"mStartTime":46200000,"mTimeUnit":600000,"mWalkTime":28681,"runStep":0,"walkStep":43},{"distance":15.889999,"mCalorie":0.79,"mOthersTime":0,"mRunTime":0,"mStartTime":46800000,"mTimeUnit":600000,"mWalkTime":14674,"runStep":0,"walkStep":22},{"distance":13.64,"mCalorie":0.69000006,"mOthersTime":0,"mRunTime":0,"mStartTime":47400000,"mTimeUnit":600000,"mWalkTime":12006,"runStep":0,"walkStep":18},{"distance":58.709995,"mCalorie":2.6299999,"mOthersTime":0,"mRunTime":0,"mStartTime":48000000,"mTimeUnit":600000,"mWalkTime":51359,"runStep":0,"walkStep":77},{"distance":12.1,"mCalorie":0.63,"mOthersTime":0,"mRunTime":0,"mStartTime":49200000,"mTimeUnit":600000,"mWalkTime":11339,"runStep":0,"walkStep":17},{"distance":46.149998,"mCalorie":2.2099998,"mOthersTime":0,"mRunTime":0,"mStartTime":49800000,"mTimeUnit":600000,"mWalkTime":41354,"runStep":0,"walkStep":62},{"distance":52.04,"mCalorie":2.6899998,"mOthersTime":0,"mRunTime":0,"mStartTime":50400000,"mTimeUnit":600000,"mWalkTime":48024,"runStep":0,"walkStep":72},{"distance":5.84,"mCalorie":0.29,"mOthersTime":0,"mRunTime":0,"mStartTime":52200000,"mTimeUnit":600000,"mWalkTime":5336,"runStep":0,"walkStep":8},{"distance":99.923004,"mCalorie":5.09,"mOthersTime":0,"mRunTime":0,"mStartTime":52800000,"mTimeUnit":600000,"mWalkTime":98049,"runStep":0,"walkStep":147},{"distance":68.869995,"mCalorie":3.5400002,"mOthersTime":0,"mRunTime":0,"mStartTime":54600000,"mTimeUnit":600000,"mWalkTime":62031,"runStep":0,"walkStep":93},{"distance":39.489998,"mCalorie":1.85,"mOthersTime":0,"mRunTime":0,"mStartTime":55200000,"mTimeUnit":600000,"mWalkTime":34684,"runStep":0,"walkStep":52},{"distance":35.11,"mCalorie":1.67,"mOthersTime":0,"mRunTime":0,"mStartTime":56400000,"mTimeUnit":600000,"mWalkTime":32016,"runStep":0,"walkStep":48},{"distance":95.10999,"mCalorie":4.96,"mOthersTime":0,"mRunTime":0,"mStartTime":57000000,"mTimeUnit":600000,"mWalkTime":91379,"runStep":0,"walkStep":137},{"distance":45.43,"mCalorie":2.3400002,"mOthersTime":0,"mRunTime":0,"mStartTime":57600000,"mTimeUnit":600000,"mWalkTime":42021,"runStep":0,"walkStep":63},{"distance":8.57,"mCalorie":0.38,"mOthersTime":0,"mRunTime":0,"mStartTime":61800000,"mTimeUnit":600000,"mWalkTime":8004,"runStep":0,"walkStep":12},{"distance":117.72,"mCalorie":6.01,"mOthersTime":0,"mRunTime":800,"mStartTime":63000000,"mTimeUnit":600000,"mWalkTime":109388,"runStep":2,"walkStep":164},{"distance":58.12,"mCalorie":2.6200001,"mOthersTime":0,"mRunTime":0,"mStartTime":63600000,"mTimeUnit":600000,"mWalkTime":52026,"runStep":0,"walkStep":78},{"distance":7.11,"mCalorie":0.32,"mOthersTime":0,"mRunTime":0,"mStartTime":64200000,"mTimeUnit":600000,"mWalkTime":6670,"runStep":0,"walkStep":10},{"distance":10.16,"mCalorie":0.59,"mOthersTime":0,"mRunTime":0,"mStartTime":64800000,"mTimeUnit":600000,"mWalkTime":10005,"runStep":0,"walkStep":15},{"distance":168.88,"mCalorie":8.2,"mOthersTime":0,"mRunTime":800,"mStartTime":65400000,"mTimeUnit":600000,"mWalkTime":148074,"runStep":2,"walkStep":222},{"distance":160.6,"mCalorie":9.059999,"mOthersTime":0,"mRunTime":18000,"mStartTime":66000000,"mTimeUnit":600000,"mWalkTime":102718,"runStep":45,"walkStep":154},{"distance":10.67,"mCalorie":0.55,"mOthersTime":0,"mRunTime":0,"mStartTime":67200000,"mTimeUnit":600000,"mWalkTime":10005,"runStep":0,"walkStep":15},{"distance":44.12,"mCalorie":2.2600002,"mOthersTime":0,"mRunTime":0,"mStartTime":70200000,"mTimeUnit":600000,"mWalkTime":40020,"runStep":0,"walkStep":60},{"distance":34.86,"mCalorie":1.79,"mOthersTime":0,"mRunTime":0,"mStartTime":72000000,"mTimeUnit":600000,"mWalkTime":32016,"runStep":0,"walkStep":48},{"distance":6.8,"mCalorie":0.4,"mOthersTime":0,"mRunTime":0,"mStartTime":72600000,"mTimeUnit":600000,"mWalkTime":5336,"runStep":0,"walkStep":8},{"distance":17.74,"mCalorie":0.9,"mOthersTime":0,"mRunTime":0,"mStartTime":73200000,"mTimeUnit":600000,"mWalkTime":16008,"runStep":0,"walkStep":24},{"distance":283.64,"mCalorie":15.110001,"mOthersTime":0,"mRunTime":0,"mStartTime":73800000,"mTimeUnit":600000,"mWalkTime":245396,"runStep":0,"walkStep":388},{"distance":649.14,"mCalorie":34.829998,"mOthersTime":0,"mRunTime":0,"mStartTime":74400000,"mTimeUnit":600000,"mWalkTime":550762,"runStep":0,"walkStep":876},{"distance":746.4178,"mCalorie":40.208984,"mOthersTime":0,"mRunTime":0,"mStartTime":75000000,"mTimeUnit":600000,"mWalkTime":600000,"runStep":0,"walkStep":1025},{"distance":746.4178,"mCalorie":40.208984,"mOthersTime":0,"mRunTime":0,"mStartTime":75600000,"mTimeUnit":600000,"mWalkTime":600000,"runStep":0,"walkStep":977},{"distance":746.4178,"mCalorie":40.208984,"mOthersTime":0,"mRunTime":0,"mStartTime":76200000,"mTimeUnit":600000,"mWalkTime":600000,"runStep":0,"walkStep":984},{"distance":746.4178,"mCalorie":40.208984,"mOthersTime":0,"mRunTime":0,"mStartTime":76800000,"mTimeUnit":600000,"mWalkTime":600000,"runStep":0,"walkStep":1022},{"distance":269.59497,"mCalorie":14.47406,"mOthersTime":0,"mRunTime":0,"mStartTime":77400000,"mTimeUnit":600000,"mWalkTime":221673,"runStep":0,"walkStep":360},{"distance":24.720001,"mCalorie":1.28,"mOthersTime":0,"mRunTime":0,"mStartTime":78000000,"mTimeUnit":600000,"mWalkTime":22678,"runStep":0,"walkStep":34},{"distance":14.81,"mCalorie":0.73,"mOthersTime":0,"mRunTime":0,"mStartTime":78600000,"mTimeUnit":600000,"mWalkTime":13340,"runStep":0,"walkStep":20}],"version":1}