{"mActivityList":[{"mActiveTime":608286,"mActiveTimeType":2,"mCalorie":64.0,"mCategory":204,"mDetailInfoId":"937c743d-beab-aefb-2f9d-b98dd3a48404","mDistance":0.0,"mDuration":608286,"mEndTime":41900608,"mStartTime":41292322,"mType":0},{"mActiveTime":600000,"mActiveTimeType":2,"mCalorie":55.3,"mCategory":204,"mDetailInfoId":"38b28818-541e-ac95-4e29-2c60e576c155","mDistance":0.0,"mDuration":600000,"mEndTime":46867113,"mStartTime":46267113,"mType":11007},{"mActiveTime":600000,"mActiveTimeType":2,"mCalorie":58.51,"mCategory":204,"mDetailInfoId":"02c26c55-e927-2809-36c6-ea0da6b081c2","mDistance":0.0,"mDuration":600000,"mEndTime":50679043,"mStartTime":50079043,"mType":11007},{"mActiveTime":649120,"mActiveTimeType":2,"mCalorie":86.45,"mCategory":204,"mDetailInfoId":"dbef87ae-026b-cb7a-d740-8da196110d97","mDistance":0.0,"mDuration":649120,"mEndTime":63196160,"mStartTime":62547040,"mType":11007},{"mActiveTime":600000,"mActiveTimeType":2,"mCalorie":75.92,"mCategory":204,"mDetailInfoId":"fb3ff4f8-3bad-717f-4a98-05094b80b90f","mDistance":0.0,"mDuration":600000,"mEndTime":65492032,"mStartTime":64892032,"mType":11007}],"mAdaptiveGoal":0,"mIsGoalAchieved":false,"mIsMostActiveAchieved":false,"mMostActiveMinutes":0,"mStreakDayCount":0,"mUnitDataList":[{"distance":31.01,"mCalorie":1.75,"mOthersTime":0,"mRunTime":400,"mStartTime":6600000,"mTimeUnit":600000,"mWalkTime":28681,"runStep":1,"walkStep":43},{"distance":24.59,"mCalorie":1.3199999,"mOthersTime":0,"mRunTime":0,"mStartTime":14400000,"mTimeUnit":600000,"mWalkTime":22011,"runStep":0,"walkStep":33},{"distance":86.83,"mCalorie":4.9300003,"mOthersTime":0,"mRunTime":1200,"mStartTime":15000000,"mTimeUnit":600000,"mWalkTime":84709,"runStep":3,"walkStep":127},{"distance":49.68,"mCalorie":2.45,"mOthersTime":0,"mRunTime":0,"mStartTime":15600000,"mTimeUnit":600000,"mWalkTime":44022,"runStep":0,"walkStep":66},{"distance":8.57,"mCalorie":0.42,"mOthersTime":0,"mRunTime":0,"mStartTime":16200000,"mTimeUnit":600000,"mWalkTime":8004,"runStep":0,"walkStep":12},{"distance":41.19,"mCalorie":1.85,"mOthersTime":0,"mRunTime":0,"mStartTime":17400000,"mTimeUnit":600000,"mWalkTime":34017,"runStep":0,"walkStep":51},{"distance":48.129997,"mCalorie":2.49,"mOthersTime":0,"mRunTime":800,"mStartTime":18000000,"mTimeUnit":600000,"mWalkTime":39353,"runStep":2,"walkStep":59},{"distance":86.84,"mCalorie":3.94,"mOthersTime":0,"mRunTime":0,"mStartTime":18600000,"mTimeUnit":600000,"mWalkTime":74704,"runStep":0,"walkStep":112},{"distance":45.84,"mCalorie":2.08,"mOthersTime":0,"mRunTime":0,"mStartTime":19200000,"mTimeUnit":600000,"mWalkTime":39353,"runStep":0,"walkStep":59},{"distance":9.93,"mCalorie":0.49,"mOthersTime":0,"mRunTime":0,"mStartTime":27600000,"mTimeUnit":600000,"mWalkTime":9338,"runStep":0,"walkStep":14},{"distance":21.399,"mCalorie":1.12,"mOthersTime":0,"mRunTime":0,"mStartTime":28200000,"mTimeUnit":600000,"mWalkTime":20010,"runStep":0,"walkStep":30},{"distance":7.62,"mCalorie":0.39,"mOthersTime":0,"mRunTime":0,"mStartTime":33000000,"mTimeUnit":600000,"mWalkTime":6670,"runStep":0,"walkStep":10},{"distance":50.620003,"mCalorie":2.68,"mOthersTime":0,"mRunTime":0,"mStartTime":33600000,"mTimeUnit":600000,"mWalkTime":46023,"runStep":0,"walkStep":69},{"distance":14.35,"mCalorie":0.81,"mOthersTime":0,"mRunTime":0,"mStartTime":34200000,"mTimeUnit":600000,"mWalkTime":13340,"runStep":0,"walkStep":20},{"distance":22.1,"mCalorie":1.03,"mOthersTime":0,"mRunTime":0,"mStartTime":34800000,"mTimeUnit":600000,"mWalkTime":20010,"runStep":0,"walkStep":30},{"distance":136.189,"mCalorie":6.8900003,"mOthersTime":0,"mRunTime":3600,"mStartTime":35400000,"mTimeUnit":600000,"mWalkTime":117392,"runStep":9,"walkStep":176},{"distance":59.510998,"mCalorie":3.37,"mOthersTime":0,"mRunTime":0,"mStartTime":36000000,"mTimeUnit":600000,"mWalkTime":61364,"runStep":0,"walkStep":92},{"distance":31.420002,"mCalorie":1.45,"mOthersTime":0,"mRunTime":0,"mStartTime":36600000,"mTimeUnit":600000,"mWalkTime":28014,"runStep":0,"walkStep":42},{"distance":23.189999,"mCalorie":1.12,"mOthersTime":0,"mRunTime":0,"mStartTime":37200000,"mTimeUnit":600000,"mWalkTime":21344,"runStep":0,"walkStep":32},{"distance":165.98999,"mCalorie":8.35,"mOthersTime":0,"mRunTime":0,"mStartTime":37800000,"mTimeUnit":600000,"mWalkTime":150075,"runStep":0,"walkStep":225},{"distance":129.37,"mCalorie":6.32,"mOthersTime":0,"mRunTime":0,"mStartTime":38400000,"mTimeUnit":600000,"mWalkTime":118059,"runStep":0,"walkStep":177},{"distance":69.06,"mCalorie":3.3600001,"mOthersTime":0,"mRunTime":0,"mStartTime":39000000,"mTimeUnit":600000,"mWalkTime":62031,"runStep":0,"walkStep":93},{"distance":106.28,"mCalorie":6.08,"mOthersTime":0,"mRunTime":8800,"mStartTime":39600000,"mTimeUnit":600000,"mWalkTime":68701,"runStep":22,"walkStep":103},{"distance":9.5,"mCalorie":0.47,"mOthersTime":0,"mRunTime":0,"mStartTime":40200000,"mTimeUnit":600000,"mWalkTime":8671,"runStep":0,"walkStep":13},{"distance":7.88,"mCalorie":11.729197,"mOthersTime":107678,"mRunTime":0,"mStartTime":40800000,"mTimeUnit":600000,"mWalkTime":7337,"runStep":0,"walkStep":32},{"distance":3.7947628,"mCalorie":52.894024,"mOthersTime":500608,"mRunTime":0,"mStartTime":41400000,"mTimeUnit":600000,"mWalkTime":3503,"runStep":27,"walkStep":114},{"distance":45.42,"mCalorie":2.28,"mOthersTime":0,"mRunTime":0,"mStartTime":42000000,"mTimeUnit":600000,"mWalkTime":41354,"runStep":0,"walkStep":62},{"distance":68.74,"mCalorie":3.45,"mOthersTime":0,"mRunTime":800,"mStartTime":42600000,"mTimeUnit":600000,"mWalkTime":58696,"runStep":2,"walkStep":88},{"distance":42.15,"mCalorie":2.0,"mOthersTime":0,"mRunTime":0,"mStartTime":43200000,"mTimeUnit":600000,"mWalkTime":36685,"runStep":0,"walkStep":55},{"distance":6.78,"mCalorie":0.45,"mOthersTime":0,"mRunTime":0,"mStartTime":43800000,"mTimeUnit":600000,"mWalkTime":6670,"runStep":0,"walkStep":10},{"distance":25.38,"mCalorie":1.12,"mOthersTime":0,"mRunTime":0,"mStartTime":44400000,"mTimeUnit":600000,"mWalkTime":22678,"runStep":0,"walkStep":34},{"distance":48.090004,"mCalorie":2.1799998,"mOthersTime":0,"mRunTime":0,"mStartTime":45000000,"mTimeUnit":600000,"mWalkTime":42021,"runStep":0,"walkStep":63},{"distance":121.47001,"mCalorie":6.41,"mOthersTime":0,"mRunTime":0,"mStartTime":45600000,"mTimeUnit":600000,"mWalkTime":117392,"runStep":0,"walkStep":176},{"distance":33.206146,"mCalorie":51.05682,"mOthersTime":532887,"mRunTime":0,"mStartTime":46200000,"mTimeUnit":600000,"mWalkTime":31197,"runStep":0,"walkStep":466},{"distance":250.59592,"mCalorie":19.903835,"mOthersTime":67113,"mRunTime":0,"mStartTime":46800000,"mTimeUnit":600000,"mWalkTime":231586,"runStep":0,"walkStep":410},{"distance":20.99,"mCalorie":1.01,"mOthersTime":0,"mRunTime":0,"mStartTime":47400000,"mTimeUnit":600000,"mWalkTime":18676,"runStep":0,"walkStep":28},{"distance":78.02634,"mCalorie":35.175545,"mOthersTime":320957,"mRunTime":0,"mStartTime":49800000,"mTimeUnit":600000,"mWalkTime":70350,"runStep":0,"walkStep":376},{"distance":20.548634,"mCalorie":28.26412,"mOthersTime":279043,"mRunTime":0,"mStartTime":50400000,"mTimeUnit":600000,"mWalkTime":18730,"runStep":0,"walkStep":310},{"distance":20.1,"mCalorie":1.05,"mOthersTime":0,"mRunTime":0,"mStartTime":51000000,"mTimeUnit":600000,"mWalkTime":17342,"runStep":0,"walkStep":26},{"distance":90.31,"mCalorie":4.3500004,"mOthersTime":0,"mRunTime":0,"mStartTime":51600000,"mTimeUnit":600000,"mWalkTime":80707,"runStep":0,"walkStep":121},{"distance":63.87,"mCalorie":3.3,"mOthersTime":0,"mRunTime":0,"mStartTime":52200000,"mTimeUnit":600000,"mWalkTime":59363,"runStep":0,"walkStep":89},{"distance":19.16,"mCalorie":0.85,"mOthersTime":0,"mRunTime":0,"mStartTime":54600000,"mTimeUnit":600000,"mWalkTime":17342,"runStep":0,"walkStep":26},{"distance":30.871,"mCalorie":1.3599999,"mOthersTime":0,"mRunTime":0,"mStartTime":55200000,"mTimeUnit":600000,"mWalkTime":27347,"runStep":0,"walkStep":41},{"distance":74.020996,"mCalorie":3.94,"mOthersTime":0,"mRunTime":5600,"mStartTime":55800000,"mTimeUnit":600000,"mWalkTime":56695,"runStep":14,"walkStep":85},{"distance":281.12,"mCalorie":13.190001,"mOthersTime":0,"mRunTime":0,"mStartTime":56400000,"mTimeUnit":600000,"mWalkTime":217382,"runStep":0,"walkStep":372},{"distance":200.26999,"mCalorie":10.380001,"mOthersTime":0,"mRunTime":0,"mStartTime":57000000,"mTimeUnit":600000,"mWalkTime":182091,"runStep":0,"walkStep":273},{"distance":231.949,"mCalorie":11.75,"mOthersTime":0,"mRunTime":0,"mStartTime":57600000,"mTimeUnit":600000,"mWalkTime":211439,"runStep":0,"walkStep":317},{"distance":122.31999,"mCalorie":6.01,"mOthersTime":0,"mRunTime":0,"mStartTime":58200000,"mTimeUnit":600000,"mWalkTime":109388,"runStep":0,"walkStep":164},{"distance":275.11,"mCalorie":14.44,"mOthersTime":0,"mRunTime":0,"mStartTime":58800000,"mTimeUnit":600000,"mWalkTime":252793,"runStep":0,"walkStep":379},{"distance":417.11996,"mCalorie":22.59,"mOthersTime":0,"mRunTime":0,"mStartTime":59400000,"mTimeUnit":600000,"mWalkTime":377462,"runStep":0,"walkStep":573},{"distance":76.89001,"mCalorie":3.94,"mOthersTime":0,"mRunTime":0,"mStartTime":60000000,"mTimeUnit":600000,"mWalkTime":70035,"runStep":0,"walkStep":105},{"distance":23.279999,"mCalorie":1.1600001,"mOthersTime":0,"mRunTime":0,"mStartTime":60600000,"mTimeUnit":600000,"mWalkTime":21344,"runStep":0,"walkStep":32},{"distance":54.499,"mCalorie":2.4699998,"mOthersTime":0,"mRunTime":0,"mStartTime":61800000,"mTimeUnit":600000,"mWalkTime":48691,"runStep":0,"walkStep":73},{"distance":102.720215,"mCalorie":66.00284,"mOthersTime":452960,"mRunTime":5200,"mStartTime":62400000,"mTimeUnit":600000,"mWalkTime":84040,"runStep":13,"walkStep":810},{"distance":72.00715,"mCalorie":30.532486,"mOthersTime":196160,"mRunTime":0,"mStartTime":63000000,"mTimeUnit":600000,"mWalkTime":69544,"runStep":0,"walkStep":394},{"distance":11.15,"mCalorie":0.46,"mOthersTime":0,"mRunTime":0,"mStartTime":63600000,"mTimeUnit":600000,"mWalkTime":9338,"runStep":0,"walkStep":14},{"distance":35.62,"mCalorie":1.85,"mOthersTime":0,"mRunTime":0,"mStartTime":64200000,"mTimeUnit":600000,"mWalkTime":32683,"runStep":0,"walkStep":49},{"distance":42.49,"mCalorie":66.81489,"mOthersTime":507968,"mRunTime":0,"mStartTime":64800000,"mTimeUnit":600000,"mWalkTime":42688,"runStep":0,"walkStep":666},{"distance":68.648926,"mCalorie":15.2045555,"mOthersTime":92032,"mRunTime":1200,"mStartTime":65400000,"mTimeUnit":600000,"mWalkTime":57752,"runStep":3,"walkStep":169},{"distance":4.23,"mCalorie":0.22,"mOthersTime":0,"mRunTime":0,"mStartTime":66600000,"mTimeUnit":600000,"mWalkTime":4002,"runStep":0,"walkStep":6},{"distance":19.27,"mCalorie":0.96,"mOthersTime":0,"mRunTime":0,"mStartTime":67200000,"mTimeUnit":600000,"mWalkTime":17342,"runStep":0,"walkStep":26},{"distance":27.919996,"mCalorie":1.4899999,"mOthersTime":0,"mRunTime":0,"mStartTime":67800000,"mTimeUnit":600000,"mWalkTime":26013,"runStep":0,"walkStep":39},{"distance":30.279999,"mCalorie":1.54,"mOthersTime":0,"mRunTime":0,"mStartTime":68400000,"mTimeUnit":600000,"mWalkTime":26680,"runStep":0,"walkStep":40},{"distance":172.98,"mCalorie":9.17,"mOthersTime":0,"mRunTime":0,"mStartTime":69000000,"mTimeUnit":600000,"mWalkTime":164082,"runStep":0,"walkStep":246},{"distance":5.36,"mCalorie":0.25,"mOthersTime":0,"mRunTime":0,"mStartTime":69600000,"mTimeUnit":600000,"mWalkTime":4669,"runStep":0,"walkStep":7},{"distance":70.83,"mCalorie":3.52,"mOthersTime":0,"mRunTime":0,"mStartTime":70800000,"mTimeUnit":600000,"mWalkTime":66033,"runStep":0,"walkStep":99},{"distance":355.71,"mCalorie":20.730001,"mOthersTime":0,"mRunTime":800,"mStartTime":71400000,"mTimeUnit":600000,"mWalkTime":342171,"runStep":2,"walkStep":513},{"distance":182.1,"mCalorie":10.4,"mOthersTime":0,"mRunTime":800,"mStartTime":72000000,"mTimeUnit":600000,"mWalkTime":168084,"runStep":2,"walkStep":252},{"distance":31.39,"mCalorie":1.62,"mOthersTime":0,"mRunTime":0,"mStartTime":72600000,"mTimeUnit":600000,"mWalkTime":28681,"runStep":0,"walkStep":43},{"distance":137.62,"mCalorie":8.55,"mOthersTime":0,"mRunTime":3200,"mStartTime":73200000,"mTimeUnit":600000,"mWalkTime":118726,"runStep":8,"walkStep":178},{"distance":57.800003,"mCalorie":2.85,"mOthersTime":0,"mRunTime":0,"mStartTime":73800000,"mTimeUnit":600000,"mWalkTime":52026,"runStep":0,"walkStep":78},{"distance":26.49,"mCalorie":1.4100001,"mOthersTime":0,"mRunTime":0,"mStartTime":74400000,"mTimeUnit":600000,"mWalkTime":24679,"runStep":0,"walkStep":37},{"distance":73.350006,"mCalorie":3.96,"mOthersTime":0,"mRunTime":0,"mStartTime":75000000,"mTimeUnit":600000,"mWalkTime":64699,"runStep":0,"walkStep":97},{"distance":132.859,"mCalorie":8.22,"mOthersTime":0,"mRunTime":0,"mStartTime":75600000,"mTimeUnit":600000,"mWalkTime":133370,"runStep":0,"walkStep":206},{"distance":263.41,"mCalorie":13.239999,"mOthersTime":0,"mRunTime":0,"mStartTime":76200000,"mTimeUnit":600000,"mWalkTime":222051,"runStep":0,"walkStep":353},{"distance":8.25,"mCalorie":0.41,"mOthersTime":0,"mRunTime":0,"mStartTime":76800000,"mTimeUnit":600000,"mWalkTime":7337,"runStep":0,"walkStep":11},{"distance":16.7,"mCalorie":0.9,"mOthersTime":0,"mRunTime":0,"mStartTime":77400000,"mTimeUnit":600000,"mWalkTime":15341,"runStep":0,"walkStep":23},{"distance":240.86,"mCalorie":12.21,"mOthersTime":0,"mRunTime":0,"mStartTime":78000000,"mTimeUnit":600000,"mWalkTime":208711,"runStep":0,"walkStep":326},{"distance":337.31003,"mCalorie":16.970001,"mOthersTime":0,"mRunTime":0,"mStartTime":78600000,"mTimeUnit":600000,"mWalkTime":282081,"runStep":0,"walkStep":451},{"distance":37.53,"mCalorie":1.88,"mOthersTime":0,"mRunTime":0,"mStartTime":79200000,"mTimeUnit":600000,"mWalkTime":34017,"runStep":0,"walkStep":51},{"distance":380.442,"mCalorie":19.83,"mOthersTime":0,"mRunTime":11600,"mStartTime":79800000,"mTimeUnit":600000,"mWalkTime":310125,"runStep":29,"walkStep":474},{"distance":125.729996,"mCalorie":6.2699995,"mOthersTime":0,"mRunTime":0,"mStartTime":80400000,"mTimeUnit":600000,"mWalkTime":113390,"runStep":0,"walkStep":170},{"distance":55.29,"mCalorie":2.82,"mOthersTime":0,"mRunTime":0,"mStartTime":82200000,"mTimeUnit":600000,"mWalkTime":50692,"runStep":0,"walkStep":76},{"distance":13.83,"mCalorie":0.7199999,"mOthersTime":0,"mRunTime":0,"mStartTime":84000000,"mTimeUnit":600000,"mWalkTime":12673,"runStep":0,"walkStep":19},{"distance":82.28999,"mCalorie":4.28,"mOthersTime":0,"mRunTime":1600,"mStartTime":84600000,"mTimeUnit":600000,"mWalkTime":70702,"runStep":4,"walkStep":106},{"distance":47.42,"mCalorie":2.1799998,"mOthersTime":0,"mRunTime":0,"mStartTime":85200000,"mTimeUnit":600000,"mWalkTime":41354,"runStep":0,"walkStep":62}],"version":1}