{"mActivityList":[{"mActiveTime":806599,"mActiveTimeType":2,"mCalorie":99.0,"mCategory":204,"mDetailInfoId":"325ffe45-a9b9-6d7b-daac-bb436630e6c3","mDistance":0.0,"mDuration":806599,"mEndTime":69108765,"mStartTime":68302166,"mType":0},{"mActiveTime":361373,"mActiveTimeType":2,"mCalorie":49.54424,"mCategory":204,"mDetailInfoId":"a0cc3d4f-080e-2af9-eea0-7a75fea9f810","mDistance":0.0,"mDuration":361373,"mEndTime":69470138,"mStartTime":69108765,"mType":11007}],"mAdaptiveGoal":0,"mIsGoalAchieved":false,"mIsMostActiveAchieved":false,"mMostActiveMinutes":0,"mStreakDayCount":0,"mUnitDataList":[{"distance":8.7,"mCalorie":0.39,"mOthersTime":0,"mRunTime":0,"mStartTime":6000000,"mTimeUnit":600000,"mWalkTime":7337,"runStep":0,"walkStep":11},{"distance":17.28,"mCalorie":1.13,"mOthersTime":0,"mRunTime":3200,"mStartTime":13200000,"mTimeUnit":600000,"mWalkTime":6670,"runStep":8,"walkStep":10},{"distance":35.67,"mCalorie":1.78,"mOthersTime":0,"mRunTime":0,"mStartTime":16200000,"mTimeUnit":600000,"mWalkTime":32683,"runStep":0,"walkStep":49},{"distance":114.21,"mCalorie":5.99,"mOthersTime":0,"mRunTime":7200,"mStartTime":16800000,"mTimeUnit":600000,"mWalkTime":75371,"runStep":18,"walkStep":113},{"distance":271.5,"mCalorie":15.77,"mOthersTime":0,"mRunTime":0,"mStartTime":17400000,"mTimeUnit":600000,"mWalkTime":250065,"runStep":0,"walkStep":403},{"distance":304.57,"mCalorie":15.599999,"mOthersTime":0,"mRunTime":400,"mStartTime":18000000,"mTimeUnit":600000,"mWalkTime":245396,"runStep":1,"walkStep":401},{"distance":9.75,"mCalorie":0.47,"mOthersTime":0,"mRunTime":0,"mStartTime":18600000,"mTimeUnit":600000,"mWalkTime":8671,"runStep":0,"walkStep":13},{"distance":35.73,"mCalorie":1.69,"mOthersTime":0,"mRunTime":0,"mStartTime":19200000,"mTimeUnit":600000,"mWalkTime":32016,"runStep":0,"walkStep":48},{"distance":7.74,"mCalorie":0.39,"mOthersTime":0,"mRunTime":0,"mStartTime":19800000,"mTimeUnit":600000,"mWalkTime":7337,"runStep":0,"walkStep":11},{"distance":8.9,"mCalorie":0.41,"mOthersTime":0,"mRunTime":0,"mStartTime":21000000,"mTimeUnit":600000,"mWalkTime":7337,"runStep":0,"walkStep":11},{"distance":15.84,"mCalorie":0.78,"mOthersTime":0,"mRunTime":0,"mStartTime":21600000,"mTimeUnit":600000,"mWalkTime":14674,"runStep":0,"walkStep":22},{"distance":10.28,"mCalorie":0.51,"mOthersTime":0,"mRunTime":0,"mStartTime":22200000,"mTimeUnit":600000,"mWalkTime":9338,"runStep":0,"walkStep":14},{"distance":9.51,"mCalorie":0.46,"mOthersTime":0,"mRunTime":0,"mStartTime":24000000,"mTimeUnit":600000,"mWalkTime":8671,"runStep":0,"walkStep":13},{"distance":6.77,"mCalorie":0.42,"mOthersTime":0,"mRunTime":0,"mStartTime":24600000,"mTimeUnit":600000,"mWalkTime":6670,"runStep":0,"walkStep":10},{"distance":21.07,"mCalorie":1.19,"mOthersTime":0,"mRunTime":1200,"mStartTime":25200000,"mTimeUnit":600000,"mWalkTime":14674,"runStep":3,"walkStep":22},{"distance":368.34,"mCalorie":18.79,"mOthersTime":0,"mRunTime":0,"mStartTime":25800000,"mTimeUnit":600000,"mWalkTime":312733,"runStep":0,"walkStep":502},{"distance":189.90001,"mCalorie":11.48,"mOthersTime":0,"mRunTime":0,"mStartTime":26400000,"mTimeUnit":600000,"mWalkTime":159353,"runStep":0,"walkStep":275},{"distance":73.42,"mCalorie":3.67,"mOthersTime":0,"mRunTime":0,"mStartTime":27000000,"mTimeUnit":600000,"mWalkTime":68034,"runStep":0,"walkStep":102},{"distance":12.03,"mCalorie":0.57,"mOthersTime":0,"mRunTime":0,"mStartTime":31800000,"mTimeUnit":600000,"mWalkTime":10672,"runStep":0,"walkStep":16},{"distance":40.41,"mCalorie":1.96,"mOthersTime":0,"mRunTime":0,"mStartTime":32400000,"mTimeUnit":600000,"mWalkTime":36685,"runStep":0,"walkStep":55},{"distance":51.9,"mCalorie":2.68,"mOthersTime":0,"mRunTime":0,"mStartTime":33000000,"mTimeUnit":600000,"mWalkTime":47357,"runStep":0,"walkStep":71},{"distance":21.26,"mCalorie":1.01,"mOthersTime":0,"mRunTime":0,"mStartTime":33600000,"mTimeUnit":600000,"mWalkTime":19343,"runStep":0,"walkStep":29},{"distance":241.36,"mCalorie":12.080001,"mOthersTime":0,"mRunTime":0,"mStartTime":34200000,"mTimeUnit":600000,"mWalkTime":222111,"runStep":0,"walkStep":333},{"distance":70.93,"mCalorie":3.5700002,"mOthersTime":0,"mRunTime":0,"mStartTime":34800000,"mTimeUnit":600000,"mWalkTime":67367,"runStep":0,"walkStep":101},{"distance":311.0,"mCalorie":17.55,"mOthersTime":0,"mRunTime":0,"mStartTime":35400000,"mTimeUnit":600000,"mWalkTime":283385,"runStep":0,"walkStep":438},{"distance":373.1,"mCalorie":20.399998,"mOthersTime":0,"mRunTime":0,"mStartTime":36000000,"mTimeUnit":600000,"mWalkTime":330742,"runStep":0,"walkStep":523},{"distance":156.93,"mCalorie":7.73,"mOthersTime":0,"mRunTime":0,"mStartTime":37800000,"mTimeUnit":600000,"mWalkTime":137372,"runStep":0,"walkStep":213},{"distance":54.59,"mCalorie":2.93,"mOthersTime":0,"mRunTime":0,"mStartTime":38400000,"mTimeUnit":600000,"mWalkTime":51359,"runStep":0,"walkStep":77},{"distance":84.799995,"mCalorie":4.5999994,"mOthersTime":0,"mRunTime":0,"mStartTime":39000000,"mTimeUnit":600000,"mWalkTime":79373,"runStep":0,"walkStep":119},{"distance":154.65,"mCalorie":8.389999,"mOthersTime":0,"mRunTime":0,"mStartTime":39600000,"mTimeUnit":600000,"mWalkTime":140040,"runStep":0,"walkStep":215},{"distance":392.50998,"mCalorie":20.37,"mOthersTime":0,"mRunTime":0,"mStartTime":40200000,"mTimeUnit":600000,"mWalkTime":340080,"runStep":0,"walkStep":537},{"distance":156.6,"mCalorie":8.18,"mOthersTime":0,"mRunTime":0,"mStartTime":40800000,"mTimeUnit":600000,"mWalkTime":144042,"runStep":0,"walkStep":220},{"distance":383.35,"mCalorie":19.929998,"mOthersTime":0,"mRunTime":0,"mStartTime":41400000,"mTimeUnit":600000,"mWalkTime":329438,"runStep":0,"walkStep":519},{"distance":96.94,"mCalorie":4.84,"mOthersTime":0,"mRunTime":0,"mStartTime":42000000,"mTimeUnit":600000,"mWalkTime":88044,"runStep":0,"walkStep":132},{"distance":113.310005,"mCalorie":5.98,"mOthersTime":0,"mRunTime":0,"mStartTime":42600000,"mTimeUnit":600000,"mWalkTime":106053,"runStep":0,"walkStep":159},{"distance":137.82,"mCalorie":7.05,"mOthersTime":0,"mRunTime":0,"mStartTime":43200000,"mTimeUnit":600000,"mWalkTime":124729,"runStep":0,"walkStep":187},{"distance":59.74,"mCalorie":2.9899998,"mOthersTime":0,"mRunTime":0,"mStartTime":44400000,"mTimeUnit":600000,"mWalkTime":54694,"runStep":0,"walkStep":82},{"distance":96.84999,"mCalorie":5.41,"mOthersTime":0,"mRunTime":1600,"mStartTime":45000000,"mTimeUnit":600000,"mWalkTime":85376,"runStep":4,"walkStep":128},{"distance":9.27,"mCalorie":0.5,"mOthersTime":0,"mRunTime":0,"mStartTime":45600000,"mTimeUnit":600000,"mWalkTime":8671,"runStep":0,"walkStep":13},{"distance":80.64,"mCalorie":4.21,"mOthersTime":0,"mRunTime":2000,"mStartTime":46200000,"mTimeUnit":600000,"mWalkTime":66033,"runStep":5,"walkStep":99},{"distance":304.6,"mCalorie":16.91,"mOthersTime":0,"mRunTime":0,"mStartTime":46800000,"mTimeUnit":600000,"mWalkTime":281444,"runStep":0,"walkStep":426},{"distance":189.84999,"mCalorie":11.33,"mOthersTime":0,"mRunTime":0,"mStartTime":47400000,"mTimeUnit":600000,"mWalkTime":180757,"runStep":0,"walkStep":271},{"distance":15.64,"mCalorie":0.93,"mOthersTime":0,"mRunTime":400,"mStartTime":49200000,"mTimeUnit":600000,"mWalkTime":12006,"runStep":1,"walkStep":18},{"distance":350.38,"mCalorie":18.6,"mOthersTime":0,"mRunTime":0,"mStartTime":51000000,"mTimeUnit":600000,"mWalkTime":319463,"runStep":0,"walkStep":486},{"distance":320.37997,"mCalorie":16.97,"mOthersTime":0,"mRunTime":2400,"mStartTime":51600000,"mTimeUnit":600000,"mWalkTime":285476,"runStep":6,"walkStep":428},{"distance":130.40999,"mCalorie":6.4900002,"mOthersTime":0,"mRunTime":0,"mStartTime":52200000,"mTimeUnit":600000,"mWalkTime":118059,"runStep":0,"walkStep":177},{"distance":72.87,"mCalorie":3.6599998,"mOthersTime":0,"mRunTime":0,"mStartTime":52800000,"mTimeUnit":600000,"mWalkTime":67367,"runStep":0,"walkStep":101},{"distance":189.37,"mCalorie":9.96,"mOthersTime":0,"mRunTime":0,"mStartTime":53400000,"mTimeUnit":600000,"mWalkTime":150682,"runStep":0,"walkStep":254},{"distance":149.87001,"mCalorie":7.8,"mOthersTime":0,"mRunTime":0,"mStartTime":54000000,"mTimeUnit":600000,"mWalkTime":141404,"runStep":0,"walkStep":212},{"distance":107.479,"mCalorie":5.7,"mOthersTime":0,"mRunTime":0,"mStartTime":54600000,"mTimeUnit":600000,"mWalkTime":102051,"runStep":0,"walkStep":153},{"distance":176.79001,"mCalorie":8.99,"mOthersTime":0,"mRunTime":0,"mStartTime":55800000,"mTimeUnit":600000,"mWalkTime":148681,"runStep":0,"walkStep":239},{"distance":181.309,"mCalorie":9.83,"mOthersTime":0,"mRunTime":3200,"mStartTime":56400000,"mTimeUnit":600000,"mWalkTime":160747,"runStep":8,"walkStep":241},{"distance":138.70001,"mCalorie":7.58,"mOthersTime":0,"mRunTime":0,"mStartTime":57000000,"mTimeUnit":600000,"mWalkTime":130065,"runStep":0,"walkStep":195},{"distance":83.57001,"mCalorie":4.4800005,"mOthersTime":0,"mRunTime":0,"mStartTime":57600000,"mTimeUnit":600000,"mWalkTime":77372,"runStep":0,"walkStep":116},{"distance":46.65,"mCalorie":2.4499998,"mOthersTime":0,"mRunTime":0,"mStartTime":58200000,"mTimeUnit":600000,"mWalkTime":42688,"runStep":0,"walkStep":64},{"distance":25.96,"mCalorie":1.36,"mOthersTime":0,"mRunTime":0,"mStartTime":58800000,"mTimeUnit":600000,"mWalkTime":24012,"runStep":0,"walkStep":36},{"distance":68.59,"mCalorie":3.65,"mOthersTime":0,"mRunTime":0,"mStartTime":59400000,"mTimeUnit":600000,"mWalkTime":63365,"runStep":0,"walkStep":95},{"distance":29.03,"mCalorie":1.45,"mOthersTime":0,"mRunTime":0,"mStartTime":60600000,"mTimeUnit":600000,"mWalkTime":26680,"runStep":0,"walkStep":40},{"distance":126.79,"mCalorie":6.6,"mOthersTime":0,"mRunTime":4400,"mStartTime":61800000,"mTimeUnit":600000,"mWalkTime":105386,"runStep":11,"walkStep":158},{"distance":140.07,"mCalorie":7.0,"mOthersTime":0,"mRunTime":800,"mStartTime":62400000,"mTimeUnit":600000,"mWalkTime":116725,"runStep":2,"walkStep":175},{"distance":23.57,"mCalorie":1.13,"mOthersTime":0,"mRunTime":0,"mStartTime":63000000,"mTimeUnit":600000,"mWalkTime":21344,"runStep":0,"walkStep":32},{"distance":26.65,"mCalorie":1.16,"mOthersTime":0,"mRunTime":400,"mStartTime":64200000,"mTimeUnit":600000,"mWalkTime":22011,"runStep":1,"walkStep":33},{"distance":85.36,"mCalorie":4.1400003,"mOthersTime":0,"mRunTime":0,"mStartTime":64800000,"mTimeUnit":600000,"mWalkTime":76705,"runStep":0,"walkStep":115},{"distance":57.2,"mCalorie":3.0500002,"mOthersTime":0,"mRunTime":0,"mStartTime":65400000,"mTimeUnit":600000,"mWalkTime":54027,"runStep":0,"walkStep":81},{"distance":54.1,"mCalorie":2.53,"mOthersTime":0,"mRunTime":0,"mStartTime":66000000,"mTimeUnit":600000,"mWalkTime":49358,"runStep":0,"walkStep":74},{"distance":46.09906,"mCalorie":14.194851,"mOthersTime":97834,"mRunTime":0,"mStartTime":67800000,"mTimeUnit":600000,"mWalkTime":42760,"runStep":5,"walkStep":101},{"distance":0.0,"mCalorie":73.64254,"mOthersTime":600000,"mRunTime":0,"mStartTime":68400000,"mTimeUnit":600000,"mWalkTime":0,"runStep":0,"walkStep":64},{"distance":18.197517,"mCalorie":63.761185,"mOthersTime":470138,"mRunTime":0,"mStartTime":69000000,"mTimeUnit":600000,"mWalkTime":16656,"runStep":0,"walkStep":48},{"distance":53.42,"mCalorie":2.5300002,"mOthersTime":0,"mRunTime":0,"mStartTime":69600000,"mTimeUnit":600000,"mWalkTime":46023,"runStep":0,"walkStep":69},{"distance":50.03,"mCalorie":2.5,"mOthersTime":0,"mRunTime":0,"mStartTime":70200000,"mTimeUnit":600000,"mWalkTime":45356,"runStep":0,"walkStep":68},{"distance":31.11,"mCalorie":1.5900002,"mOthersTime":0,"mRunTime":0,"mStartTime":71400000,"mTimeUnit":600000,"mWalkTime":28014,"runStep":0,"walkStep":42},{"distance":6.02,"mCalorie":0.29,"mOthersTime":0,"mRunTime":0,"mStartTime":72000000,"mTimeUnit":600000,"mWalkTime":5336,"runStep":0,"walkStep":8},{"distance":19.72,"mCalorie":0.93,"mOthersTime":0,"mRunTime":0,"mStartTime":73800000,"mTimeUnit":600000,"mWalkTime":17342,"runStep":0,"walkStep":26},{"distance":121.75101,"mCalorie":6.7200003,"mOthersTime":0,"mRunTime":10800,"mStartTime":74400000,"mTimeUnit":600000,"mWalkTime":80707,"runStep":27,"walkStep":121},{"distance":56.039997,"mCalorie":2.41,"mOthersTime":0,"mRunTime":0,"mStartTime":75000000,"mTimeUnit":600000,"mWalkTime":48691,"runStep":0,"walkStep":73},{"distance":23.76,"mCalorie":1.06,"mOthersTime":0,"mRunTime":0,"mStartTime":75600000,"mTimeUnit":600000,"mWalkTime":20677,"runStep":0,"walkStep":31},{"distance":40.25,"mCalorie":1.97,"mOthersTime":0,"mRunTime":0,"mStartTime":76800000,"mTimeUnit":600000,"mWalkTime":36018,"runStep":0,"walkStep":54},{"distance":162.20001,"mCalorie":8.12,"mOthersTime":0,"mRunTime":5200,"mStartTime":77400000,"mTimeUnit":600000,"mWalkTime":130732,"runStep":13,"walkStep":196},{"distance":94.91,"mCalorie":4.77,"mOthersTime":0,"mRunTime":2800,"mStartTime":78000000,"mTimeUnit":600000,"mWalkTime":77372,"runStep":7,"walkStep":116},{"distance":23.28,"mCalorie":1.29,"mOthersTime":0,"mRunTime":2800,"mStartTime":78600000,"mTimeUnit":600000,"mWalkTime":16008,"runStep":7,"walkStep":24},{"distance":4.38,"mCalorie":0.22,"mOthersTime":0,"mRunTime":0,"mStartTime":79200000,"mTimeUnit":600000,"mWalkTime":4002,"runStep":0,"walkStep":6},{"distance":45.079002,"mCalorie":2.3000002,"mOthersTime":0,"mRunTime":800,"mStartTime":80400000,"mTimeUnit":600000,"mWalkTime":36018,"runStep":2,"walkStep":54},{"distance":91.88899,"mCalorie":4.8099995,"mOthersTime":0,"mRunTime":2800,"mStartTime":81000000,"mTimeUnit":600000,"mWalkTime":75371,"runStep":7,"walkStep":113},{"distance":7.08,"mCalorie":0.36,"mOthersTime":0,"mRunTime":0,"mStartTime":82200000,"mTimeUnit":600000,"mWalkTime":6670,"runStep":0,"walkStep":10},{"distance":51.26,"mCalorie":2.49,"mOthersTime":0,"mRunTime":0,"mStartTime":82800000,"mTimeUnit":600000,"mWalkTime":48024,"runStep":0,"walkStep":72},{"distance":68.01,"mCalorie":3.39,"mOthersTime":0,"mRunTime":800,"mStartTime":83400000,"mTimeUnit":600000,"mWalkTime":57362,"runStep":2,"walkStep":86},{"distance":125.08,"mCalorie":6.9600005,"mOthersTime":0,"mRunTime":6400,"mStartTime":84000000,"mTimeUnit":600000,"mWalkTime":101384,"runStep":16,"walkStep":152}],"version":1}