{"mActivityList":[{"mActiveTime":600000,"mActiveTimeType":2,"mCalorie":108.92,"mCategory":204,"mDetailInfoId":"4ba45f68-f72c-e185-4336-d3acec754e51","mDistance":0.0,"mDuration":600000,"mEndTime":66519119,"mStartTime":65919119,"mType":11007},{"mActiveTime":679840,"mActiveTimeType":2,"mCalorie":72.6,"mCategory":204,"mDetailInfoId":"78d6f1b0-5ad5-7fad-af89-8a496e2a6af9","mDistance":0.0,"mDuration":679840,"mEndTime":70558914,"mStartTime":69879074,"mType":11007}],"mAdaptiveGoal":0,"mIsGoalAchieved":false,"mIsMostActiveAchieved":false,"mMostActiveMinutes":0,"mStreakDayCount":0,"mUnitDataList":[{"distance":19.94,"mCalorie":1.01,"mOthersTime":0,"mRunTime":0,"mStartTime":10800000,"mTimeUnit":600000,"mWalkTime":18009,"runStep":0,"walkStep":27},{"distance":7.9,"mCalorie":0.42,"mOthersTime":0,"mRunTime":0,"mStartTime":15600000,"mTimeUnit":600000,"mWalkTime":7337,"runStep":0,"walkStep":11},{"distance":6.22,"mCalorie":0.28,"mOthersTime":0,"mRunTime":0,"mStartTime":16800000,"mTimeUnit":600000,"mWalkTime":5336,"runStep":0,"walkStep":8},{"distance":37.200005,"mCalorie":2.2499995,"mOthersTime":0,"mRunTime":0,"mStartTime":35400000,"mTimeUnit":600000,"mWalkTime":37352,"runStep":0,"walkStep":56},{"distance":7.71,"mCalorie":0.42,"mOthersTime":0,"mRunTime":0,"mStartTime":37200000,"mTimeUnit":600000,"mWalkTime":7337,"runStep":0,"walkStep":11},{"distance":12.629999,"mCalorie":0.67999995,"mOthersTime":0,"mRunTime":0,"mStartTime":37800000,"mTimeUnit":600000,"mWalkTime":12006,"runStep":0,"walkStep":18},{"distance":122.94,"mCalorie":6.6000004,"mOthersTime":0,"mRunTime":0,"mStartTime":40800000,"mTimeUnit":600000,"mWalkTime":119393,"runStep":0,"walkStep":179},{"distance":46.931,"mCalorie":2.23,"mOthersTime":0,"mRunTime":1600,"mStartTime":41400000,"mTimeUnit":600000,"mWalkTime":30015,"runStep":4,"walkStep":45},{"distance":299.999,"mCalorie":18.869001,"mOthersTime":0,"mRunTime":0,"mStartTime":42000000,"mTimeUnit":600000,"mWalkTime":285476,"runStep":0,"walkStep":428},{"distance":211.181,"mCalorie":10.12,"mOthersTime":0,"mRunTime":0,"mStartTime":42600000,"mTimeUnit":600000,"mWalkTime":188094,"runStep":0,"walkStep":282},{"distance":70.770004,"mCalorie":4.229,"mOthersTime":0,"mRunTime":0,"mStartTime":43200000,"mTimeUnit":600000,"mWalkTime":67367,"runStep":0,"walkStep":101},{"distance":104.15,"mCalorie":5.9099994,"mOthersTime":0,"mRunTime":0,"mStartTime":43800000,"mTimeUnit":600000,"mWalkTime":101384,"runStep":0,"walkStep":152},{"distance":54.07,"mCalorie":2.9499998,"mOthersTime":0,"mRunTime":0,"mStartTime":44400000,"mTimeUnit":600000,"mWalkTime":51359,"runStep":0,"walkStep":77},{"distance":115.11,"mCalorie":5.62,"mOthersTime":0,"mRunTime":0,"mStartTime":45000000,"mTimeUnit":600000,"mWalkTime":104719,"runStep":0,"walkStep":157},{"distance":159.162,"mCalorie":9.11,"mOthersTime":0,"mRunTime":0,"mStartTime":45600000,"mTimeUnit":600000,"mWalkTime":150075,"runStep":0,"walkStep":225},{"distance":15.33,"mCalorie":0.82,"mOthersTime":0,"mRunTime":0,"mStartTime":47400000,"mTimeUnit":600000,"mWalkTime":14674,"runStep":0,"walkStep":22},{"distance":17.47,"mCalorie":0.91,"mOthersTime":0,"mRunTime":0,"mStartTime":48000000,"mTimeUnit":600000,"mWalkTime":14007,"runStep":0,"walkStep":21},{"distance":8.56,"mCalorie":0.37,"mOthersTime":0,"mRunTime":0,"mStartTime":48600000,"mTimeUnit":600000,"mWalkTime":7337,"runStep":0,"walkStep":11},{"distance":10.89,"mCalorie":0.49,"mOthersTime":0,"mRunTime":0,"mStartTime":49200000,"mTimeUnit":600000,"mWalkTime":9338,"runStep":0,"walkStep":14},{"distance":131.0,"mCalorie":6.25,"mOthersTime":0,"mRunTime":1600,"mStartTime":49800000,"mTimeUnit":600000,"mWalkTime":114724,"runStep":4,"walkStep":172},{"distance":71.45,"mCalorie":3.7000003,"mOthersTime":0,"mRunTime":0,"mStartTime":50400000,"mTimeUnit":600000,"mWalkTime":68034,"runStep":0,"walkStep":102},{"distance":357.38898,"mCalorie":17.849998,"mOthersTime":0,"mRunTime":11200,"mStartTime":51000000,"mTimeUnit":600000,"mWalkTime":288811,"runStep":28,"walkStep":433},{"distance":285.531,"mCalorie":13.990001,"mOthersTime":0,"mRunTime":0,"mStartTime":51600000,"mTimeUnit":600000,"mWalkTime":255461,"runStep":0,"walkStep":383},{"distance":114.42,"mCalorie":5.9799995,"mOthersTime":0,"mRunTime":0,"mStartTime":52200000,"mTimeUnit":600000,"mWalkTime":105386,"runStep":0,"walkStep":158},{"distance":80.48,"mCalorie":5.57,"mOthersTime":0,"mRunTime":0,"mStartTime":52800000,"mTimeUnit":600000,"mWalkTime":79373,"runStep":0,"walkStep":119},{"distance":120.240005,"mCalorie":6.3,"mOthersTime":0,"mRunTime":0,"mStartTime":53400000,"mTimeUnit":600000,"mWalkTime":109388,"runStep":0,"walkStep":164},{"distance":76.89,"mCalorie":3.8,"mOthersTime":0,"mRunTime":0,"mStartTime":54000000,"mTimeUnit":600000,"mWalkTime":68701,"runStep":0,"walkStep":103},{"distance":59.05,"mCalorie":3.1,"mOthersTime":0,"mRunTime":0,"mStartTime":55200000,"mTimeUnit":600000,"mWalkTime":55361,"runStep":0,"walkStep":83},{"distance":18.768,"mCalorie":1.03,"mOthersTime":0,"mRunTime":0,"mStartTime":62400000,"mTimeUnit":600000,"mWalkTime":17342,"runStep":0,"walkStep":26},{"distance":8.0,"mCalorie":0.37,"mOthersTime":0,"mRunTime":0,"mStartTime":63000000,"mTimeUnit":600000,"mWalkTime":7337,"runStep":0,"walkStep":11},{"distance":109.37536,"mCalorie":21.648151,"mOthersTime":80881,"mRunTime":0,"mStartTime":65400000,"mTimeUnit":600000,"mWalkTime":112658,"runStep":0,"walkStep":198},{"distance":48.201702,"mCalorie":96.81413,"mOthersTime":519119,"mRunTime":0,"mStartTime":66000000,"mTimeUnit":600000,"mWalkTime":44083,"runStep":0,"walkStep":462},{"distance":68.939995,"mCalorie":3.4399998,"mOthersTime":0,"mRunTime":0,"mStartTime":66600000,"mTimeUnit":600000,"mWalkTime":62698,"runStep":0,"walkStep":94},{"distance":57.969997,"mCalorie":3.0,"mOthersTime":0,"mRunTime":0,"mStartTime":67200000,"mTimeUnit":600000,"mWalkTime":54027,"runStep":0,"walkStep":81},{"distance":85.007996,"mCalorie":3.9700003,"mOthersTime":0,"mRunTime":0,"mStartTime":67800000,"mTimeUnit":600000,"mWalkTime":76705,"runStep":0,"walkStep":115},{"distance":100.090004,"mCalorie":4.96,"mOthersTime":0,"mRunTime":0,"mStartTime":68400000,"mTimeUnit":600000,"mWalkTime":91379,"runStep":0,"walkStep":137},{"distance":93.32,"mCalorie":4.73,"mOthersTime":0,"mRunTime":0,"mStartTime":69000000,"mTimeUnit":600000,"mWalkTime":84709,"runStep":0,"walkStep":127},{"distance":92.90724,"mCalorie":38.990425,"mOthersTime":320926,"mRunTime":0,"mStartTime":69600000,"mTimeUnit":600000,"mWalkTime":84231,"runStep":0,"walkStep":305},{"distance":67.546585,"mCalorie":42.426147,"mOthersTime":358913,"mRunTime":0,"mStartTime":70200000,"mTimeUnit":600000,"mWalkTime":64828,"runStep":0,"walkStep":379},{"distance":16.869999,"mCalorie":0.91999996,"mOthersTime":0,"mRunTime":0,"mStartTime":70800000,"mTimeUnit":600000,"mWalkTime":16008,"runStep":0,"walkStep":24},{"distance":13.64,"mCalorie":0.87,"mOthersTime":0,"mRunTime":0,"mStartTime":71400000,"mTimeUnit":600000,"mWalkTime":13340,"runStep":0,"walkStep":20},{"distance":8.84,"mCalorie":0.74,"mOthersTime":0,"mRunTime":0,"mStartTime":72000000,"mTimeUnit":600000,"mWalkTime":8671,"runStep":0,"walkStep":13},{"distance":84.43,"mCalorie":3.9699998,"mOthersTime":0,"mRunTime":0,"mStartTime":75000000,"mTimeUnit":600000,"mWalkTime":70702,"runStep":0,"walkStep":106},{"distance":17.1,"mCalorie":0.92,"mOthersTime":0,"mRunTime":0,"mStartTime":76800000,"mTimeUnit":600000,"mWalkTime":16008,"runStep":0,"walkStep":24},{"distance":34.04,"mCalorie":1.6800001,"mOthersTime":0,"mRunTime":0,"mStartTime":79800000,"mTimeUnit":600000,"mWalkTime":30015,"runStep":0,"walkStep":45},{"distance":32.309998,"mCalorie":1.79,"mOthersTime":0,"mRunTime":0,"mStartTime":80400000,"mTimeUnit":600000,"mWalkTime":30015,"runStep":0,"walkStep":45},{"distance":7.32,"mCalorie":0.36999997,"mOthersTime":0,"mRunTime":0,"mStartTime":81000000,"mTimeUnit":600000,"mWalkTime":6670,"runStep":0,"walkStep":10},{"distance":37.56,"mCalorie":2.2,"mOthersTime":0,"mRunTime":4400,"mStartTime":83400000,"mTimeUnit":600000,"mWalkTime":26013,"runStep":11,"walkStep":39},{"distance":46.691,"mCalorie":2.31,"mOthersTime":0,"mRunTime":0,"mStartTime":84000000,"mTimeUnit":600000,"mWalkTime":41354,"runStep":0,"walkStep":62}],"version":1}