{"mAdaptiveGoal":0,"mIsGoalAchieved":true,"mIsMostActiveAchieved":false,"mMostActiveMinutes":159,"mStreakDayCount":0,"mUnitDataList":[{"distance":17.95,"mCalorie":0.92,"mOthersTime":0,"mRunTime":0,"mStartTime":19200000,"mTimeUnit":600000,"mWalkTime":16675,"runStep":0,"walkStep":25},{"distance":4.93,"mCalorie":0.26,"mOthersTime":0,"mRunTime":0,"mStartTime":19800000,"mTimeUnit":600000,"mWalkTime":4669,"runStep":0,"walkStep":7},{"distance":7.05,"mCalorie":0.38,"mOthersTime":0,"mRunTime":0,"mStartTime":33600000,"mTimeUnit":600000,"mWalkTime":6670,"runStep":0,"walkStep":10},{"distance":10.988,"mCalorie":0.52,"mOthersTime":0,"mRunTime":0,"mStartTime":39600000,"mTimeUnit":600000,"mWalkTime":10005,"runStep":0,"walkStep":15},{"distance":127.08301,"mCalorie":6.16,"mOthersTime":0,"mRunTime":0,"mStartTime":40200000,"mTimeUnit":600000,"mWalkTime":111389,"runStep":0,"walkStep":167},{"distance":72.039,"mCalorie":3.44,"mOthersTime":0,"mRunTime":0,"mStartTime":40800000,"mTimeUnit":600000,"mWalkTime":62698,"runStep":0,"walkStep":94},{"distance":154.302,"mCalorie":7.9900002,"mOthersTime":0,"mRunTime":800,"mStartTime":41400000,"mTimeUnit":600000,"mWalkTime":138069,"runStep":2,"walkStep":207},{"distance":13.94,"mCalorie":0.7,"mOthersTime":0,"mRunTime":0,"mStartTime":42000000,"mTimeUnit":600000,"mWalkTime":12673,"runStep":0,"walkStep":19},{"distance":62.139996,"mCalorie":3.08,"mOthersTime":0,"mRunTime":0,"mStartTime":42600000,"mTimeUnit":600000,"mWalkTime":56695,"runStep":0,"walkStep":85},{"distance":15.12,"mCalorie":0.88,"mOthersTime":0,"mRunTime":0,"mStartTime":43200000,"mTimeUnit":600000,"mWalkTime":14674,"runStep":0,"walkStep":22},{"distance":186.39,"mCalorie":9.219999,"mOthersTime":0,"mRunTime":2000,"mStartTime":43800000,"mTimeUnit":600000,"mWalkTime":161414,"runStep":5,"walkStep":242},{"distance":20.73,"mCalorie":1.02,"mOthersTime":0,"mRunTime":0,"mStartTime":44400000,"mTimeUnit":600000,"mWalkTime":19343,"runStep":0,"walkStep":29},{"distance":25.57,"mCalorie":1.21,"mOthersTime":0,"mRunTime":800,"mStartTime":45000000,"mTimeUnit":600000,"mWalkTime":20677,"runStep":2,"walkStep":31},{"distance":67.173004,"mCalorie":3.72,"mOthersTime":0,"mRunTime":800,"mStartTime":48000000,"mTimeUnit":600000,"mWalkTime":59363,"runStep":2,"walkStep":89},{"distance":34.46,"mCalorie":1.5699999,"mOthersTime":0,"mRunTime":0,"mStartTime":49200000,"mTimeUnit":600000,"mWalkTime":30015,"runStep":0,"walkStep":45},{"distance":45.436,"mCalorie":2.6100001,"mOthersTime":0,"mRunTime":4000,"mStartTime":49800000,"mTimeUnit":600000,"mWalkTime":20010,"runStep":10,"walkStep":30},{"distance":149.98,"mCalorie":7.58,"mOthersTime":0,"mRunTime":4400,"mStartTime":50400000,"mTimeUnit":600000,"mWalkTime":129398,"runStep":11,"walkStep":194},{"distance":310.18002,"mCalorie":19.1,"mOthersTime":0,"mRunTime":0,"mStartTime":51000000,"mTimeUnit":600000,"mWalkTime":293480,"runStep":0,"walkStep":440},{"distance":184.883,"mCalorie":9.860001,"mOthersTime":0,"mRunTime":0,"mStartTime":51600000,"mTimeUnit":600000,"mWalkTime":169388,"runStep":0,"walkStep":256},{"distance":220.379,"mCalorie":10.89,"mOthersTime":0,"mRunTime":0,"mStartTime":52200000,"mTimeUnit":600000,"mWalkTime":196068,"runStep":0,"walkStep":295},{"distance":195.254,"mCalorie":9.96,"mOthersTime":0,"mRunTime":0,"mStartTime":52800000,"mTimeUnit":600000,"mWalkTime":173420,"runStep":0,"walkStep":260},{"distance":143.07,"mCalorie":7.49,"mOthersTime":0,"mRunTime":0,"mStartTime":53400000,"mTimeUnit":600000,"mWalkTime":128731,"runStep":0,"walkStep":193},{"distance":270.37003,"mCalorie":14.59,"mOthersTime":0,"mRunTime":0,"mStartTime":54000000,"mTimeUnit":600000,"mWalkTime":244122,"runStep":0,"walkStep":366},{"distance":98.52,"mCalorie":4.36,"mOthersTime":0,"mRunTime":0,"mStartTime":54600000,"mTimeUnit":600000,"mWalkTime":86710,"runStep":0,"walkStep":130},{"distance":331.80002,"mCalorie":17.66,"mOthersTime":0,"mRunTime":0,"mStartTime":55200000,"mTimeUnit":600000,"mWalkTime":308154,"runStep":0,"walkStep":462},{"distance":143.274,"mCalorie":6.9410005,"mOthersTime":0,"mRunTime":0,"mStartTime":55800000,"mTimeUnit":600000,"mWalkTime":126730,"runStep":0,"walkStep":190},{"distance":120.485985,"mCalorie":5.979999,"mOthersTime":0,"mRunTime":0,"mStartTime":56400000,"mTimeUnit":600000,"mWalkTime":115391,"runStep":0,"walkStep":173},{"distance":230.851,"mCalorie":11.23,"mOthersTime":0,"mRunTime":0,"mStartTime":57000000,"mTimeUnit":600000,"mWalkTime":188731,"runStep":0,"walkStep":308},{"distance":71.69,"mCalorie":3.9,"mOthersTime":0,"mRunTime":0,"mStartTime":57600000,"mTimeUnit":600000,"mWalkTime":65336,"runStep":0,"walkStep":99},{"distance":11.62,"mCalorie":0.54,"mOthersTime":0,"mRunTime":0,"mStartTime":58200000,"mTimeUnit":600000,"mWalkTime":10005,"runStep":0,"walkStep":15},{"distance":10.58,"mCalorie":0.5,"mOthersTime":0,"mRunTime":0,"mStartTime":60000000,"mTimeUnit":600000,"mWalkTime":9338,"runStep":0,"walkStep":14},{"distance":181.56,"mCalorie":10.03,"mOthersTime":0,"mRunTime":0,"mStartTime":60600000,"mTimeUnit":600000,"mWalkTime":165386,"runStep":0,"walkStep":250},{"distance":68.47,"mCalorie":3.4899998,"mOthersTime":0,"mRunTime":0,"mStartTime":61200000,"mTimeUnit":600000,"mWalkTime":62698,"runStep":0,"walkStep":94},{"distance":10.599999,"mCalorie":0.52,"mOthersTime":0,"mRunTime":0,"mStartTime":61800000,"mTimeUnit":600000,"mWalkTime":10005,"runStep":0,"walkStep":15},{"distance":35.08,"mCalorie":1.76,"mOthersTime":0,"mRunTime":0,"mStartTime":63000000,"mTimeUnit":600000,"mWalkTime":32016,"runStep":0,"walkStep":48},{"distance":189.4,"mCalorie":10.190001,"mOthersTime":0,"mRunTime":0,"mStartTime":64200000,"mTimeUnit":600000,"mWalkTime":182091,"runStep":0,"walkStep":273},{"distance":34.86,"mCalorie":1.5600001,"mOthersTime":0,"mRunTime":0,"mStartTime":64800000,"mTimeUnit":600000,"mWalkTime":30682,"runStep":0,"walkStep":46},{"distance":235.20999,"mCalorie":11.51,"mOthersTime":0,"mRunTime":0,"mStartTime":65400000,"mTimeUnit":600000,"mWalkTime":211439,"runStep":0,"walkStep":317},{"distance":169.43,"mCalorie":8.62,"mOthersTime":0,"mRunTime":0,"mStartTime":66000000,"mTimeUnit":600000,"mWalkTime":152743,"runStep":0,"walkStep":229},{"distance":61.54,"mCalorie":2.97,"mOthersTime":0,"mRunTime":0,"mStartTime":66600000,"mTimeUnit":600000,"mWalkTime":55361,"runStep":0,"walkStep":83},{"distance":19.619999,"mCalorie":0.86,"mOthersTime":0,"mRunTime":0,"mStartTime":67800000,"mTimeUnit":600000,"mWalkTime":17342,"runStep":0,"walkStep":26},{"distance":24.15,"mCalorie":1.22,"mOthersTime":0,"mRunTime":0,"mStartTime":68400000,"mTimeUnit":600000,"mWalkTime":20677,"runStep":0,"walkStep":31},{"distance":67.52,"mCalorie":3.39,"mOthersTime":0,"mRunTime":0,"mStartTime":69000000,"mTimeUnit":600000,"mWalkTime":61364,"runStep":0,"walkStep":92},{"distance":182.23999,"mCalorie":9.08,"mOthersTime":0,"mRunTime":800,"mStartTime":69600000,"mTimeUnit":600000,"mWalkTime":162081,"runStep":2,"walkStep":243},{"distance":71.71,"mCalorie":3.6799998,"mOthersTime":0,"mRunTime":2000,"mStartTime":70200000,"mTimeUnit":600000,"mWalkTime":58029,"runStep":5,"walkStep":87},{"distance":239.19702,"mCalorie":12.439,"mOthersTime":0,"mRunTime":8400,"mStartTime":70800000,"mTimeUnit":600000,"mWalkTime":192096,"runStep":21,"walkStep":288},{"distance":345.196,"mCalorie":15.51,"mOthersTime":0,"mRunTime":0,"mStartTime":71400000,"mTimeUnit":600000,"mWalkTime":284112,"runStep":0,"walkStep":450},{"distance":116.43701,"mCalorie":5.9290004,"mOthersTime":0,"mRunTime":3600,"mStartTime":72600000,"mTimeUnit":600000,"mWalkTime":96048,"runStep":9,"walkStep":144},{"distance":34.98,"mCalorie":1.8399999,"mOthersTime":0,"mRunTime":0,"mStartTime":74400000,"mTimeUnit":600000,"mWalkTime":33350,"runStep":0,"walkStep":50},{"distance":8.82,"mCalorie":0.55,"mOthersTime":0,"mRunTime":0,"mStartTime":76800000,"mTimeUnit":600000,"mWalkTime":8671,"runStep":0,"walkStep":13},{"distance":38.26,"mCalorie":2.0,"mOthersTime":0,"mRunTime":0,"mStartTime":78600000,"mTimeUnit":600000,"mWalkTime":35351,"runStep":0,"walkStep":53},{"distance":25.453,"mCalorie":1.27,"mOthersTime":0,"mRunTime":400,"mStartTime":79200000,"mTimeUnit":600000,"mWalkTime":20010,"runStep":1,"walkStep":30},{"distance":47.79,"mCalorie":2.61,"mOthersTime":0,"mRunTime":3600,"mStartTime":81600000,"mTimeUnit":600000,"mWalkTime":36685,"runStep":9,"walkStep":55},{"distance":49.949,"mCalorie":2.821,"mOthersTime":0,"mRunTime":6400,"mStartTime":82200000,"mTimeUnit":600000,"mWalkTime":27347,"runStep":16,"walkStep":41}],"version":1}