{"mActivityList":[{"mActiveTime":743235,"mActiveTimeType":2,"mCalorie":43.0,"mCategory":204,"mDetailInfoId":"e2747ce2-1521-8614-5d8b-9a23ba15cb2c","mDistance":0.0,"mDuration":743235,"mEndTime":50297106,"mStartTime":49553871,"mType":0},{"mActiveTime":753954,"mActiveTimeType":2,"mCalorie":71.0,"mCategory":204,"mDetailInfoId":"77e7f5d9-8fd8-f3f2-fef6-82d5e669d7dd","mDistance":0.0,"mDuration":753954,"mEndTime":62720572,"mStartTime":61966618,"mType":0}],"mAdaptiveGoal":0,"mIsGoalAchieved":false,"mIsMostActiveAchieved":false,"mMostActiveMinutes":0,"mStreakDayCount":0,"mUnitDataList":[{"distance":9.79,"mCalorie":0.45999998,"mOthersTime":0,"mRunTime":0,"mStartTime":16200000,"mTimeUnit":600000,"mWalkTime":8671,"runStep":0,"walkStep":13},{"distance":19.29,"mCalorie":0.87,"mOthersTime":0,"mRunTime":0,"mStartTime":17400000,"mTimeUnit":600000,"mWalkTime":16675,"runStep":0,"walkStep":25},{"distance":27.72,"mCalorie":1.52,"mOthersTime":0,"mRunTime":0,"mStartTime":26400000,"mTimeUnit":600000,"mWalkTime":25346,"runStep":0,"walkStep":38},{"distance":41.088997,"mCalorie":1.9200001,"mOthersTime":0,"mRunTime":0,"mStartTime":27000000,"mTimeUnit":600000,"mWalkTime":35351,"runStep":0,"walkStep":53},{"distance":55.920002,"mCalorie":2.8000002,"mOthersTime":0,"mRunTime":0,"mStartTime":27600000,"mTimeUnit":600000,"mWalkTime":48691,"runStep":0,"walkStep":73},{"distance":25.539997,"mCalorie":1.26,"mOthersTime":0,"mRunTime":0,"mStartTime":28200000,"mTimeUnit":600000,"mWalkTime":23345,"runStep":0,"walkStep":35},{"distance":80.229996,"mCalorie":4.74,"mOthersTime":0,"mRunTime":0,"mStartTime":28800000,"mTimeUnit":600000,"mWalkTime":84042,"runStep":0,"walkStep":126},{"distance":184.34,"mCalorie":9.58,"mOthersTime":0,"mRunTime":0,"mStartTime":29400000,"mTimeUnit":600000,"mWalkTime":156018,"runStep":0,"walkStep":247},{"distance":266.33,"mCalorie":14.07,"mOthersTime":0,"mRunTime":0,"mStartTime":30000000,"mTimeUnit":600000,"mWalkTime":234087,"runStep":0,"walkStep":365},{"distance":123.2,"mCalorie":6.1400003,"mOthersTime":0,"mRunTime":0,"mStartTime":30600000,"mTimeUnit":600000,"mWalkTime":108691,"runStep":0,"walkStep":166},{"distance":26.610003,"mCalorie":1.25,"mOthersTime":0,"mRunTime":0,"mStartTime":31800000,"mTimeUnit":600000,"mWalkTime":22678,"runStep":0,"walkStep":34},{"distance":264.00897,"mCalorie":13.3,"mOthersTime":0,"mRunTime":0,"mStartTime":32400000,"mTimeUnit":600000,"mWalkTime":240787,"runStep":0,"walkStep":361},{"distance":296.4,"mCalorie":15.02,"mOthersTime":0,"mRunTime":0,"mStartTime":33000000,"mTimeUnit":600000,"mWalkTime":259433,"runStep":0,"walkStep":404},{"distance":21.62,"mCalorie":1.08,"mOthersTime":0,"mRunTime":0,"mStartTime":34200000,"mTimeUnit":600000,"mWalkTime":20010,"runStep":0,"walkStep":30},{"distance":100.200005,"mCalorie":4.89,"mOthersTime":0,"mRunTime":0,"mStartTime":35400000,"mTimeUnit":600000,"mWalkTime":89378,"runStep":0,"walkStep":134},{"distance":77.270004,"mCalorie":3.65,"mOthersTime":0,"mRunTime":1600,"mStartTime":36000000,"mTimeUnit":600000,"mWalkTime":64032,"runStep":4,"walkStep":96},{"distance":208.34999,"mCalorie":10.47,"mOthersTime":0,"mRunTime":0,"mStartTime":36600000,"mTimeUnit":600000,"mWalkTime":186760,"runStep":0,"walkStep":280},{"distance":16.1,"mCalorie":0.85,"mOthersTime":0,"mRunTime":0,"mStartTime":37200000,"mTimeUnit":600000,"mWalkTime":14674,"runStep":0,"walkStep":22},{"distance":161.42099,"mCalorie":8.599999,"mOthersTime":0,"mRunTime":0,"mStartTime":39000000,"mTimeUnit":600000,"mWalkTime":148074,"runStep":0,"walkStep":222},{"distance":245.94,"mCalorie":12.22,"mOthersTime":0,"mRunTime":0,"mStartTime":39600000,"mTimeUnit":600000,"mWalkTime":208074,"runStep":0,"walkStep":332},{"distance":87.72,"mCalorie":4.39,"mOthersTime":0,"mRunTime":0,"mStartTime":40200000,"mTimeUnit":600000,"mWalkTime":79373,"runStep":0,"walkStep":119},{"distance":87.869995,"mCalorie":4.48,"mOthersTime":0,"mRunTime":0,"mStartTime":40800000,"mTimeUnit":600000,"mWalkTime":81374,"runStep":0,"walkStep":122},{"distance":290.779,"mCalorie":15.110001,"mOthersTime":0,"mRunTime":2000,"mStartTime":41400000,"mTimeUnit":600000,"mWalkTime":240060,"runStep":5,"walkStep":386},{"distance":138.92,"mCalorie":6.67,"mOthersTime":0,"mRunTime":0,"mStartTime":42000000,"mTimeUnit":600000,"mWalkTime":122728,"runStep":0,"walkStep":184},{"distance":81.46,"mCalorie":4.34,"mOthersTime":0,"mRunTime":0,"mStartTime":42600000,"mTimeUnit":600000,"mWalkTime":76038,"runStep":0,"walkStep":114},{"distance":205.27,"mCalorie":11.539999,"mOthersTime":0,"mRunTime":0,"mStartTime":43200000,"mTimeUnit":600000,"mWalkTime":196098,"runStep":0,"walkStep":294},{"distance":168.39001,"mCalorie":8.929999,"mOthersTime":0,"mRunTime":400,"mStartTime":43800000,"mTimeUnit":600000,"mWalkTime":146043,"runStep":1,"walkStep":227},{"distance":78.509,"mCalorie":3.81,"mOthersTime":0,"mRunTime":0,"mStartTime":44400000,"mTimeUnit":600000,"mWalkTime":68701,"runStep":0,"walkStep":103},{"distance":28.121,"mCalorie":1.4300001,"mOthersTime":0,"mRunTime":0,"mStartTime":45600000,"mTimeUnit":600000,"mWalkTime":24679,"runStep":0,"walkStep":37},{"distance":39.83,"mCalorie":2.1399999,"mOthersTime":0,"mRunTime":400,"mStartTime":46200000,"mTimeUnit":600000,"mWalkTime":33350,"runStep":1,"walkStep":50},{"distance":8.68,"mCalorie":0.44,"mOthersTime":0,"mRunTime":0,"mStartTime":46800000,"mTimeUnit":600000,"mWalkTime":8004,"runStep":0,"walkStep":12},{"distance":49.21,"mCalorie":2.45,"mOthersTime":0,"mRunTime":0,"mStartTime":47400000,"mTimeUnit":600000,"mWalkTime":44022,"runStep":0,"walkStep":66},{"distance":58.29,"mCalorie":3.28,"mOthersTime":0,"mRunTime":3200,"mStartTime":48000000,"mTimeUnit":600000,"mWalkTime":44689,"runStep":8,"walkStep":67},{"distance":12.48,"mCalorie":0.63,"mOthersTime":0,"mRunTime":0,"mStartTime":48600000,"mTimeUnit":600000,"mWalkTime":11339,"runStep":0,"walkStep":17},{"distance":94.10351,"mCalorie":19.450916,"mOthersTime":246129,"mRunTime":0,"mStartTime":49200000,"mTimeUnit":600000,"mWalkTime":84257,"runStep":0,"walkStep":285},{"distance":83.59012,"mCalorie":33.307022,"mOthersTime":497106,"mRunTime":1429,"mStartTime":49800000,"mTimeUnit":600000,"mWalkTime":72527,"runStep":13,"walkStep":627},{"distance":412.61996,"mCalorie":21.330002,"mOthersTime":0,"mRunTime":7200,"mStartTime":50400000,"mTimeUnit":600000,"mWalkTime":356845,"runStep":18,"walkStep":535},{"distance":365.589,"mCalorie":18.49,"mOthersTime":0,"mRunTime":0,"mStartTime":51000000,"mTimeUnit":600000,"mWalkTime":326830,"runStep":0,"walkStep":490},{"distance":281.961,"mCalorie":13.849999,"mOthersTime":0,"mRunTime":0,"mStartTime":51600000,"mTimeUnit":600000,"mWalkTime":257462,"runStep":0,"walkStep":386},{"distance":154.279,"mCalorie":8.31,"mOthersTime":0,"mRunTime":1600,"mStartTime":52200000,"mTimeUnit":600000,"mWalkTime":137402,"runStep":4,"walkStep":206},{"distance":145.59,"mCalorie":8.05,"mOthersTime":0,"mRunTime":1200,"mStartTime":52800000,"mTimeUnit":600000,"mWalkTime":134734,"runStep":3,"walkStep":202},{"distance":119.36,"mCalorie":6.1899996,"mOthersTime":0,"mRunTime":4000,"mStartTime":53400000,"mTimeUnit":600000,"mWalkTime":96715,"runStep":10,"walkStep":145},{"distance":125.321,"mCalorie":6.28,"mOthersTime":0,"mRunTime":0,"mStartTime":55200000,"mTimeUnit":600000,"mWalkTime":116725,"runStep":0,"walkStep":175},{"distance":131.41,"mCalorie":6.13,"mOthersTime":0,"mRunTime":0,"mStartTime":55800000,"mTimeUnit":600000,"mWalkTime":103355,"runStep":0,"walkStep":174},{"distance":147.58,"mCalorie":7.54,"mOthersTime":0,"mRunTime":0,"mStartTime":56400000,"mTimeUnit":600000,"mWalkTime":130732,"runStep":0,"walkStep":196},{"distance":41.06,"mCalorie":1.9,"mOthersTime":0,"mRunTime":0,"mStartTime":57000000,"mTimeUnit":600000,"mWalkTime":36018,"runStep":0,"walkStep":54},{"distance":73.622,"mCalorie":4.12,"mOthersTime":0,"mRunTime":8400,"mStartTime":57600000,"mTimeUnit":600000,"mWalkTime":42688,"runStep":21,"walkStep":64},{"distance":42.141,"mCalorie":2.5,"mOthersTime":0,"mRunTime":2000,"mStartTime":58200000,"mTimeUnit":600000,"mWalkTime":27347,"runStep":5,"walkStep":41},{"distance":18.14,"mCalorie":0.84000003,"mOthersTime":0,"mRunTime":0,"mStartTime":58800000,"mTimeUnit":600000,"mWalkTime":16008,"runStep":0,"walkStep":24},{"distance":30.14,"mCalorie":1.83,"mOthersTime":0,"mRunTime":3600,"mStartTime":59400000,"mTimeUnit":600000,"mWalkTime":13340,"runStep":9,"walkStep":20},{"distance":13.67,"mCalorie":0.67,"mOthersTime":0,"mRunTime":0,"mStartTime":60000000,"mTimeUnit":600000,"mWalkTime":12006,"runStep":0,"walkStep":18},{"distance":16.2,"mCalorie":0.84000003,"mOthersTime":0,"mRunTime":0,"mStartTime":60600000,"mTimeUnit":600000,"mWalkTime":14674,"runStep":0,"walkStep":22},{"distance":8.67,"mCalorie":0.36,"mOthersTime":0,"mRunTime":0,"mStartTime":61200000,"mTimeUnit":600000,"mWalkTime":7337,"runStep":0,"walkStep":11},{"distance":39.18,"mCalorie":42.751667,"mOthersTime":433381,"mRunTime":0,"mStartTime":61800000,"mTimeUnit":600000,"mWalkTime":36018,"runStep":13,"walkStep":188},{"distance":30.387741,"mCalorie":31.606604,"mOthersTime":320572,"mRunTime":0,"mStartTime":62400000,"mTimeUnit":600000,"mWalkTime":26679,"runStep":0,"walkStep":140},{"distance":132.009,"mCalorie":6.21,"mOthersTime":0,"mRunTime":2000,"mStartTime":63000000,"mTimeUnit":600000,"mWalkTime":110722,"runStep":5,"walkStep":166},{"distance":70.059,"mCalorie":3.29,"mOthersTime":0,"mRunTime":0,"mStartTime":63600000,"mTimeUnit":600000,"mWalkTime":60000,"runStep":0,"walkStep":91},{"distance":70.979996,"mCalorie":3.51,"mOthersTime":0,"mRunTime":0,"mStartTime":64200000,"mTimeUnit":600000,"mWalkTime":60697,"runStep":0,"walkStep":91},{"distance":92.01,"mCalorie":4.38,"mOthersTime":0,"mRunTime":0,"mStartTime":64800000,"mTimeUnit":600000,"mWalkTime":82708,"runStep":0,"walkStep":124},{"distance":67.13,"mCalorie":3.01,"mOthersTime":0,"mRunTime":0,"mStartTime":65400000,"mTimeUnit":600000,"mWalkTime":58696,"runStep":0,"walkStep":88},{"distance":91.28999,"mCalorie":4.7099996,"mOthersTime":0,"mRunTime":0,"mStartTime":66000000,"mTimeUnit":600000,"mWalkTime":81374,"runStep":0,"walkStep":122},{"distance":51.8,"mCalorie":2.5500002,"mOthersTime":0,"mRunTime":0,"mStartTime":67200000,"mTimeUnit":600000,"mWalkTime":46690,"runStep":0,"walkStep":70},{"distance":31.279999,"mCalorie":1.75,"mOthersTime":0,"mRunTime":800,"mStartTime":67800000,"mTimeUnit":600000,"mWalkTime":24679,"runStep":2,"walkStep":37},{"distance":12.2,"mCalorie":0.63,"mOthersTime":0,"mRunTime":0,"mStartTime":69000000,"mTimeUnit":600000,"mWalkTime":11339,"runStep":0,"walkStep":17},{"distance":9.0,"mCalorie":0.4,"mOthersTime":0,"mRunTime":0,"mStartTime":69600000,"mTimeUnit":600000,"mWalkTime":8004,"runStep":0,"walkStep":12},{"distance":17.73,"mCalorie":0.89,"mOthersTime":0,"mRunTime":0,"mStartTime":71400000,"mTimeUnit":600000,"mWalkTime":16675,"runStep":0,"walkStep":25},{"distance":39.289997,"mCalorie":1.92,"mOthersTime":0,"mRunTime":0,"mStartTime":72000000,"mTimeUnit":600000,"mWalkTime":34684,"runStep":0,"walkStep":52},{"distance":20.65,"mCalorie":1.0,"mOthersTime":0,"mRunTime":0,"mStartTime":73800000,"mTimeUnit":600000,"mWalkTime":18676,"runStep":0,"walkStep":28},{"distance":47.620003,"mCalorie":2.4499998,"mOthersTime":0,"mRunTime":1200,"mStartTime":76200000,"mTimeUnit":600000,"mWalkTime":32683,"runStep":3,"walkStep":49},{"distance":42.53,"mCalorie":2.06,"mOthersTime":0,"mRunTime":0,"mStartTime":76800000,"mTimeUnit":600000,"mWalkTime":36685,"runStep":0,"walkStep":55},{"distance":52.209003,"mCalorie":2.57,"mOthersTime":0,"mRunTime":0,"mStartTime":77400000,"mTimeUnit":600000,"mWalkTime":47357,"runStep":0,"walkStep":71},{"distance":72.71,"mCalorie":4.04,"mOthersTime":0,"mRunTime":7600,"mStartTime":78000000,"mTimeUnit":600000,"mWalkTime":50025,"runStep":19,"walkStep":75},{"distance":4.32,"mCalorie":0.22,"mOthersTime":0,"mRunTime":0,"mStartTime":78600000,"mTimeUnit":600000,"mWalkTime":4002,"runStep":0,"walkStep":6},{"distance":66.87,"mCalorie":3.38,"mOthersTime":0,"mRunTime":3200,"mStartTime":81600000,"mTimeUnit":600000,"mWalkTime":52693,"runStep":8,"walkStep":79},{"distance":12.29,"mCalorie":0.54,"mOthersTime":0,"mRunTime":0,"mStartTime":82800000,"mTimeUnit":600000,"mWalkTime":10672,"runStep":0,"walkStep":16},{"distance":87.938995,"mCalorie":4.71,"mOthersTime":0,"mRunTime":3200,"mStartTime":83400000,"mTimeUnit":600000,"mWalkTime":68701,"runStep":8,"walkStep":103}],"version":1}