{"mActivityList":[{"mActiveTime":838352,"mActiveTimeType":2,"mCalorie":109.0,"mCategory":204,"mDetailInfoId":"1aa593ab-0b53-c91b-4049-496893da324a","mDistance":0.0,"mDuration":838352,"mEndTime":50502369,"mStartTime":49664017,"mType":0}],"mAdaptiveGoal":0,"mIsGoalAchieved":false,"mIsMostActiveAchieved":false,"mMostActiveMinutes":0,"mStreakDayCount":0,"mUnitDataList":[{"distance":49.96,"mCalorie":2.59,"mOthersTime":0,"mRunTime":1600,"mStartTime":13800000,"mTimeUnit":600000,"mWalkTime":40020,"runStep":4,"walkStep":60},{"distance":16.26,"mCalorie":0.53,"mOthersTime":0,"mRunTime":0,"mStartTime":15600000,"mTimeUnit":600000,"mWalkTime":7337,"runStep":0,"walkStep":11},{"distance":63.39,"mCalorie":2.7399998,"mOthersTime":0,"mRunTime":0,"mStartTime":22800000,"mTimeUnit":600000,"mWalkTime":55361,"runStep":0,"walkStep":83},{"distance":129.14001,"mCalorie":7.09,"mOthersTime":0,"mRunTime":400,"mStartTime":23400000,"mTimeUnit":600000,"mWalkTime":128731,"runStep":1,"walkStep":193},{"distance":43.06,"mCalorie":2.25,"mOthersTime":0,"mRunTime":0,"mStartTime":24000000,"mTimeUnit":600000,"mWalkTime":39353,"runStep":0,"walkStep":59},{"distance":96.920006,"mCalorie":5.0,"mOthersTime":0,"mRunTime":0,"mStartTime":24600000,"mTimeUnit":600000,"mWalkTime":86710,"runStep":0,"walkStep":130},{"distance":134.93001,"mCalorie":6.9699993,"mOthersTime":0,"mRunTime":0,"mStartTime":27000000,"mTimeUnit":600000,"mWalkTime":120727,"runStep":0,"walkStep":181},{"distance":38.54,"mCalorie":1.8,"mOthersTime":0,"mRunTime":0,"mStartTime":27600000,"mTimeUnit":600000,"mWalkTime":35351,"runStep":0,"walkStep":53},{"distance":46.28,"mCalorie":2.6399999,"mOthersTime":0,"mRunTime":0,"mStartTime":28200000,"mTimeUnit":600000,"mWalkTime":48691,"runStep":0,"walkStep":73},{"distance":167.95001,"mCalorie":9.179999,"mOthersTime":0,"mRunTime":0,"mStartTime":29400000,"mTimeUnit":600000,"mWalkTime":156745,"runStep":0,"walkStep":235},{"distance":43.53,"mCalorie":2.3,"mOthersTime":0,"mRunTime":0,"mStartTime":30000000,"mTimeUnit":600000,"mWalkTime":40687,"runStep":0,"walkStep":61},{"distance":18.349998,"mCalorie":0.9599999,"mOthersTime":0,"mRunTime":0,"mStartTime":31200000,"mTimeUnit":600000,"mWalkTime":17342,"runStep":0,"walkStep":26},{"distance":20.89,"mCalorie":1.1,"mOthersTime":0,"mRunTime":0,"mStartTime":31800000,"mTimeUnit":600000,"mWalkTime":19343,"runStep":0,"walkStep":29},{"distance":178.76999,"mCalorie":9.519999,"mOthersTime":0,"mRunTime":0,"mStartTime":32400000,"mTimeUnit":600000,"mWalkTime":164749,"runStep":0,"walkStep":247},{"distance":76.91,"mCalorie":4.02,"mOthersTime":0,"mRunTime":0,"mStartTime":33600000,"mTimeUnit":600000,"mWalkTime":71369,"runStep":0,"walkStep":107},{"distance":368.86,"mCalorie":19.07,"mOthersTime":0,"mRunTime":0,"mStartTime":34200000,"mTimeUnit":600000,"mWalkTime":335501,"runStep":0,"walkStep":503},{"distance":128.83,"mCalorie":6.6600003,"mOthersTime":0,"mRunTime":0,"mStartTime":34800000,"mTimeUnit":600000,"mWalkTime":116725,"runStep":0,"walkStep":175},{"distance":175.88,"mCalorie":8.84,"mOthersTime":0,"mRunTime":0,"mStartTime":36000000,"mTimeUnit":600000,"mWalkTime":158079,"runStep":0,"walkStep":237},{"distance":63.89,"mCalorie":3.09,"mOthersTime":0,"mRunTime":0,"mStartTime":36600000,"mTimeUnit":600000,"mWalkTime":56695,"runStep":0,"walkStep":85},{"distance":20.89,"mCalorie":1.06,"mOthersTime":0,"mRunTime":0,"mStartTime":37200000,"mTimeUnit":600000,"mWalkTime":17342,"runStep":0,"walkStep":26},{"distance":34.91,"mCalorie":1.63,"mOthersTime":0,"mRunTime":0,"mStartTime":37800000,"mTimeUnit":600000,"mWalkTime":30015,"runStep":0,"walkStep":45},{"distance":51.730003,"mCalorie":2.6599998,"mOthersTime":0,"mRunTime":0,"mStartTime":38400000,"mTimeUnit":600000,"mWalkTime":45356,"runStep":0,"walkStep":68},{"distance":137.65999,"mCalorie":6.9399996,"mOthersTime":0,"mRunTime":0,"mStartTime":39000000,"mTimeUnit":600000,"mWalkTime":126063,"runStep":0,"walkStep":189},{"distance":33.0,"mCalorie":1.58,"mOthersTime":0,"mRunTime":0,"mStartTime":39600000,"mTimeUnit":600000,"mWalkTime":30015,"runStep":0,"walkStep":45},{"distance":13.86,"mCalorie":0.69,"mOthersTime":0,"mRunTime":0,"mStartTime":40200000,"mTimeUnit":600000,"mWalkTime":12673,"runStep":0,"walkStep":19},{"distance":27.95,"mCalorie":1.33,"mOthersTime":0,"mRunTime":0,"mStartTime":40800000,"mTimeUnit":600000,"mWalkTime":23345,"runStep":0,"walkStep":35},{"distance":114.630005,"mCalorie":6.21,"mOthersTime":0,"mRunTime":6400,"mStartTime":41400000,"mTimeUnit":600000,"mWalkTime":90712,"runStep":16,"walkStep":136},{"distance":94.39001,"mCalorie":5.59,"mOthersTime":0,"mRunTime":0,"mStartTime":42000000,"mTimeUnit":600000,"mWalkTime":100050,"runStep":0,"walkStep":150},{"distance":243.21997,"mCalorie":12.179999,"mOthersTime":0,"mRunTime":0,"mStartTime":42600000,"mTimeUnit":600000,"mWalkTime":215381,"runStep":0,"walkStep":332},{"distance":55.15,"mCalorie":2.8700001,"mOthersTime":0,"mRunTime":0,"mStartTime":45000000,"mTimeUnit":600000,"mWalkTime":48691,"runStep":0,"walkStep":73},{"distance":135.65002,"mCalorie":6.9299984,"mOthersTime":0,"mRunTime":0,"mStartTime":45600000,"mTimeUnit":600000,"mWalkTime":122031,"runStep":0,"walkStep":184},{"distance":11.69,"mCalorie":0.52,"mOthersTime":0,"mRunTime":0,"mStartTime":46200000,"mTimeUnit":600000,"mWalkTime":6670,"runStep":0,"walkStep":10},{"distance":113.86,"mCalorie":6.01,"mOthersTime":0,"mRunTime":0,"mStartTime":47400000,"mTimeUnit":600000,"mWalkTime":104719,"runStep":0,"walkStep":157},{"distance":190.93001,"mCalorie":9.28,"mOthersTime":0,"mRunTime":0,"mStartTime":48000000,"mTimeUnit":600000,"mWalkTime":155381,"runStep":0,"walkStep":255},{"distance":156.24,"mCalorie":8.55,"mOthersTime":0,"mRunTime":0,"mStartTime":48600000,"mTimeUnit":600000,"mWalkTime":147407,"runStep":0,"walkStep":221},{"distance":149.769,"mCalorie":25.0301,"mOthersTime":135983,"mRunTime":0,"mStartTime":49200000,"mTimeUnit":600000,"mWalkTime":137402,"runStep":0,"walkStep":240},{"distance":0.0,"mCalorie":78.01019,"mOthersTime":600000,"mRunTime":0,"mStartTime":49800000,"mTimeUnit":600000,"mWalkTime":0,"runStep":5,"walkStep":341},{"distance":97.40001,"mCalorie":18.24971,"mOthersTime":102369,"mRunTime":0,"mStartTime":50400000,"mTimeUnit":600000,"mWalkTime":87377,"runStep":0,"walkStep":161},{"distance":142.72,"mCalorie":7.17,"mOthersTime":0,"mRunTime":800,"mStartTime":51000000,"mTimeUnit":600000,"mWalkTime":126730,"runStep":2,"walkStep":190},{"distance":389.04004,"mCalorie":21.1,"mOthersTime":0,"mRunTime":0,"mStartTime":51600000,"mTimeUnit":600000,"mWalkTime":354147,"runStep":0,"walkStep":542},{"distance":235.73,"mCalorie":12.21,"mOthersTime":0,"mRunTime":0,"mStartTime":52200000,"mTimeUnit":600000,"mWalkTime":219443,"runStep":0,"walkStep":329},{"distance":50.999996,"mCalorie":2.6399999,"mOthersTime":0,"mRunTime":0,"mStartTime":52800000,"mTimeUnit":600000,"mWalkTime":47357,"runStep":0,"walkStep":71},{"distance":23.14,"mCalorie":1.22,"mOthersTime":0,"mRunTime":0,"mStartTime":54000000,"mTimeUnit":600000,"mWalkTime":22011,"runStep":0,"walkStep":33},{"distance":26.82,"mCalorie":1.0799999,"mOthersTime":0,"mRunTime":0,"mStartTime":54600000,"mTimeUnit":600000,"mWalkTime":22678,"runStep":0,"walkStep":34},{"distance":34.23,"mCalorie":2.0900002,"mOthersTime":0,"mRunTime":400,"mStartTime":56400000,"mTimeUnit":600000,"mWalkTime":30015,"runStep":1,"walkStep":45},{"distance":70.63,"mCalorie":3.4299998,"mOthersTime":0,"mRunTime":0,"mStartTime":57000000,"mTimeUnit":600000,"mWalkTime":60030,"runStep":0,"walkStep":90},{"distance":13.85,"mCalorie":0.71,"mOthersTime":0,"mRunTime":0,"mStartTime":57600000,"mTimeUnit":600000,"mWalkTime":13340,"runStep":0,"walkStep":20},{"distance":56.4,"mCalorie":3.0500002,"mOthersTime":0,"mRunTime":800,"mStartTime":59400000,"mTimeUnit":600000,"mWalkTime":50692,"runStep":2,"walkStep":76},{"distance":13.1,"mCalorie":0.68,"mOthersTime":0,"mRunTime":0,"mStartTime":60000000,"mTimeUnit":600000,"mWalkTime":12006,"runStep":0,"walkStep":18},{"distance":20.33,"mCalorie":0.97,"mOthersTime":0,"mRunTime":0,"mStartTime":60600000,"mTimeUnit":600000,"mWalkTime":18009,"runStep":0,"walkStep":27},{"distance":27.18,"mCalorie":1.43,"mOthersTime":0,"mRunTime":0,"mStartTime":63000000,"mTimeUnit":600000,"mWalkTime":24679,"runStep":0,"walkStep":37},{"distance":10.27,"mCalorie":0.64,"mOthersTime":0,"mRunTime":0,"mStartTime":64200000,"mTimeUnit":600000,"mWalkTime":10005,"runStep":0,"walkStep":15},{"distance":29.18,"mCalorie":1.5699999,"mOthersTime":0,"mRunTime":0,"mStartTime":65400000,"mTimeUnit":600000,"mWalkTime":27347,"runStep":0,"walkStep":41},{"distance":30.51,"mCalorie":1.42,"mOthersTime":0,"mRunTime":0,"mStartTime":66000000,"mTimeUnit":600000,"mWalkTime":27347,"runStep":0,"walkStep":41},{"distance":16.93,"mCalorie":0.97,"mOthersTime":0,"mRunTime":400,"mStartTime":66600000,"mTimeUnit":600000,"mWalkTime":14007,"runStep":1,"walkStep":21},{"distance":109.649994,"mCalorie":5.64,"mOthersTime":0,"mRunTime":400,"mStartTime":67800000,"mTimeUnit":600000,"mWalkTime":93380,"runStep":1,"walkStep":140},{"distance":59.57,"mCalorie":3.6200001,"mOthersTime":0,"mRunTime":0,"mStartTime":68400000,"mTimeUnit":600000,"mWalkTime":65366,"runStep":0,"walkStep":98},{"distance":269.34,"mCalorie":13.66,"mOthersTime":0,"mRunTime":0,"mStartTime":69000000,"mTimeUnit":600000,"mWalkTime":227387,"runStep":0,"walkStep":365},{"distance":11.74,"mCalorie":0.61,"mOthersTime":0,"mRunTime":0,"mStartTime":69600000,"mTimeUnit":600000,"mWalkTime":11339,"runStep":0,"walkStep":17},{"distance":10.18,"mCalorie":0.38,"mOthersTime":0,"mRunTime":0,"mStartTime":70200000,"mTimeUnit":600000,"mWalkTime":8671,"runStep":0,"walkStep":13},{"distance":21.35,"mCalorie":1.04,"mOthersTime":0,"mRunTime":800,"mStartTime":71400000,"mTimeUnit":600000,"mWalkTime":16675,"runStep":2,"walkStep":25},{"distance":49.31,"mCalorie":2.52,"mOthersTime":0,"mRunTime":0,"mStartTime":72000000,"mTimeUnit":600000,"mWalkTime":45356,"runStep":0,"walkStep":68},{"distance":21.25,"mCalorie":1.07,"mOthersTime":0,"mRunTime":0,"mStartTime":72600000,"mTimeUnit":600000,"mWalkTime":19343,"runStep":0,"walkStep":29},{"distance":212.88,"mCalorie":11.44,"mOthersTime":0,"mRunTime":0,"mStartTime":73200000,"mTimeUnit":600000,"mWalkTime":196098,"runStep":0,"walkStep":294},{"distance":34.43,"mCalorie":1.5600001,"mOthersTime":0,"mRunTime":0,"mStartTime":73800000,"mTimeUnit":600000,"mWalkTime":31349,"runStep":0,"walkStep":47},{"distance":27.73,"mCalorie":1.5799999,"mOthersTime":0,"mRunTime":0,"mStartTime":74400000,"mTimeUnit":600000,"mWalkTime":26680,"runStep":0,"walkStep":40},{"distance":22.731,"mCalorie":1.08,"mOthersTime":0,"mRunTime":0,"mStartTime":75000000,"mTimeUnit":600000,"mWalkTime":19343,"runStep":0,"walkStep":29},{"distance":65.319,"mCalorie":2.93,"mOthersTime":0,"mRunTime":0,"mStartTime":75600000,"mTimeUnit":600000,"mWalkTime":56695,"runStep":0,"walkStep":85},{"distance":26.359999,"mCalorie":1.33,"mOthersTime":0,"mRunTime":0,"mStartTime":77400000,"mTimeUnit":600000,"mWalkTime":24012,"runStep":0,"walkStep":36},{"distance":44.9,"mCalorie":2.22,"mOthersTime":0,"mRunTime":0,"mStartTime":79800000,"mTimeUnit":600000,"mWalkTime":40020,"runStep":0,"walkStep":60}],"version":1}