{"mAdaptiveGoal":0,"mIsGoalAchieved":false,"mIsMostActiveAchieved":false,"mMostActiveMinutes":0,"mStreakDayCount":0,"mUnitDataList":[{"distance":54.97,"mCalorie":3.0300002,"mOthersTime":0,"mRunTime":3200,"mStartTime":6600000,"mTimeUnit":600000,"mWalkTime":38686,"runStep":8,"walkStep":58},{"distance":16.12,"mCalorie":0.67,"mOthersTime":0,"mRunTime":0,"mStartTime":22200000,"mTimeUnit":600000,"mWalkTime":13340,"runStep":0,"walkStep":20},{"distance":48.16,"mCalorie":2.75,"mOthersTime":0,"mRunTime":1600,"mStartTime":23400000,"mTimeUnit":600000,"mWalkTime":38019,"runStep":4,"walkStep":57},{"distance":22.29,"mCalorie":1.27,"mOthersTime":0,"mRunTime":0,"mStartTime":24000000,"mTimeUnit":600000,"mWalkTime":20677,"runStep":0,"walkStep":31},{"distance":129.91,"mCalorie":7.079999,"mOthersTime":0,"mRunTime":0,"mStartTime":24600000,"mTimeUnit":600000,"mWalkTime":132066,"runStep":0,"walkStep":198},{"distance":7.21,"mCalorie":0.32,"mOthersTime":0,"mRunTime":0,"mStartTime":25200000,"mTimeUnit":600000,"mWalkTime":6670,"runStep":0,"walkStep":10},{"distance":190.28,"mCalorie":10.04,"mOthersTime":0,"mRunTime":0,"mStartTime":25800000,"mTimeUnit":600000,"mWalkTime":164052,"runStep":0,"walkStep":257},{"distance":30.99,"mCalorie":1.5,"mOthersTime":0,"mRunTime":0,"mStartTime":27600000,"mTimeUnit":600000,"mWalkTime":27347,"runStep":0,"walkStep":41},{"distance":90.909996,"mCalorie":4.21,"mOthersTime":0,"mRunTime":0,"mStartTime":28200000,"mTimeUnit":600000,"mWalkTime":79373,"runStep":0,"walkStep":119},{"distance":104.15,"mCalorie":5.26,"mOthersTime":0,"mRunTime":0,"mStartTime":28800000,"mTimeUnit":600000,"mWalkTime":90712,"runStep":0,"walkStep":136},{"distance":191.16,"mCalorie":10.04,"mOthersTime":0,"mRunTime":0,"mStartTime":29400000,"mTimeUnit":600000,"mWalkTime":178756,"runStep":0,"walkStep":268},{"distance":259.9,"mCalorie":16.179998,"mOthersTime":0,"mRunTime":0,"mStartTime":30000000,"mTimeUnit":600000,"mWalkTime":254127,"runStep":0,"walkStep":381},{"distance":63.010002,"mCalorie":2.99,"mOthersTime":0,"mRunTime":0,"mStartTime":30600000,"mTimeUnit":600000,"mWalkTime":49358,"runStep":0,"walkStep":74},{"distance":36.86,"mCalorie":1.9000001,"mOthersTime":0,"mRunTime":0,"mStartTime":31200000,"mTimeUnit":600000,"mWalkTime":34017,"runStep":0,"walkStep":51},{"distance":72.009995,"mCalorie":3.94,"mOthersTime":0,"mRunTime":0,"mStartTime":31800000,"mTimeUnit":600000,"mWalkTime":65366,"runStep":0,"walkStep":98},{"distance":38.760002,"mCalorie":1.95,"mOthersTime":0,"mRunTime":0,"mStartTime":33600000,"mTimeUnit":600000,"mWalkTime":34684,"runStep":0,"walkStep":52},{"distance":200.03,"mCalorie":10.4,"mOthersTime":0,"mRunTime":0,"mStartTime":34200000,"mTimeUnit":600000,"mWalkTime":175391,"runStep":0,"walkStep":282},{"distance":391.18198,"mCalorie":20.289999,"mOthersTime":0,"mRunTime":0,"mStartTime":34800000,"mTimeUnit":600000,"mWalkTime":341444,"runStep":0,"walkStep":528},{"distance":155.98,"mCalorie":8.34,"mOthersTime":0,"mRunTime":400,"mStartTime":35400000,"mTimeUnit":600000,"mWalkTime":127367,"runStep":1,"walkStep":207},{"distance":122.399994,"mCalorie":6.1,"mOthersTime":0,"mRunTime":1200,"mStartTime":36000000,"mTimeUnit":600000,"mWalkTime":106720,"runStep":3,"walkStep":160},{"distance":121.56,"mCalorie":6.3199997,"mOthersTime":0,"mRunTime":0,"mStartTime":36600000,"mTimeUnit":600000,"mWalkTime":112723,"runStep":0,"walkStep":169},{"distance":319.93997,"mCalorie":14.960001,"mOthersTime":0,"mRunTime":0,"mStartTime":37200000,"mTimeUnit":600000,"mWalkTime":282808,"runStep":0,"walkStep":424},{"distance":113.35,"mCalorie":5.61,"mOthersTime":0,"mRunTime":400,"mStartTime":37800000,"mTimeUnit":600000,"mWalkTime":98049,"runStep":1,"walkStep":147},{"distance":117.329994,"mCalorie":5.5899997,"mOthersTime":0,"mRunTime":0,"mStartTime":38400000,"mTimeUnit":600000,"mWalkTime":102051,"runStep":0,"walkStep":153},{"distance":73.42,"mCalorie":3.6999998,"mOthersTime":0,"mRunTime":0,"mStartTime":39000000,"mTimeUnit":600000,"mWalkTime":66700,"runStep":0,"walkStep":100},{"distance":416.79,"mCalorie":19.509998,"mOthersTime":0,"mRunTime":6674,"mStartTime":39600000,"mTimeUnit":600000,"mWalkTime":340104,"runStep":17,"walkStep":534},{"distance":151.06999,"mCalorie":7.3900003,"mOthersTime":0,"mRunTime":0,"mStartTime":40200000,"mTimeUnit":600000,"mWalkTime":134734,"runStep":0,"walkStep":202},{"distance":42.229996,"mCalorie":2.13,"mOthersTime":0,"mRunTime":0,"mStartTime":40800000,"mTimeUnit":600000,"mWalkTime":38686,"runStep":0,"walkStep":58},{"distance":61.969997,"mCalorie":3.0300002,"mOthersTime":0,"mRunTime":0,"mStartTime":41400000,"mTimeUnit":600000,"mWalkTime":54027,"runStep":0,"walkStep":81},{"distance":166.01001,"mCalorie":8.92,"mOthersTime":0,"mRunTime":6400,"mStartTime":42000000,"mTimeUnit":600000,"mWalkTime":130732,"runStep":16,"walkStep":196},{"distance":50.780003,"mCalorie":2.5300002,"mOthersTime":0,"mRunTime":0,"mStartTime":43200000,"mTimeUnit":600000,"mWalkTime":46023,"runStep":0,"walkStep":69},{"distance":121.350006,"mCalorie":5.96,"mOthersTime":0,"mRunTime":3200,"mStartTime":43800000,"mTimeUnit":600000,"mWalkTime":102051,"runStep":8,"walkStep":153},{"distance":236.7,"mCalorie":12.309999,"mOthersTime":0,"mRunTime":0,"mStartTime":44400000,"mTimeUnit":600000,"mWalkTime":198039,"runStep":0,"walkStep":318},{"distance":180.21,"mCalorie":9.22,"mOthersTime":0,"mRunTime":0,"mStartTime":46200000,"mTimeUnit":600000,"mWalkTime":164082,"runStep":0,"walkStep":246},{"distance":41.73,"mCalorie":2.24,"mOthersTime":0,"mRunTime":1200,"mStartTime":46800000,"mTimeUnit":600000,"mWalkTime":34017,"runStep":3,"walkStep":51},{"distance":94.61,"mCalorie":5.0899997,"mOthersTime":0,"mRunTime":4000,"mStartTime":47400000,"mTimeUnit":600000,"mWalkTime":73370,"runStep":10,"walkStep":110},{"distance":113.3,"mCalorie":5.2799997,"mOthersTime":0,"mRunTime":0,"mStartTime":48000000,"mTimeUnit":600000,"mWalkTime":100717,"runStep":0,"walkStep":151},{"distance":70.64,"mCalorie":3.3700001,"mOthersTime":0,"mRunTime":1200,"mStartTime":48600000,"mTimeUnit":600000,"mWalkTime":58029,"runStep":3,"walkStep":87},{"distance":45.99,"mCalorie":2.37,"mOthersTime":0,"mRunTime":0,"mStartTime":49200000,"mTimeUnit":600000,"mWalkTime":42021,"runStep":0,"walkStep":63},{"distance":117.42,"mCalorie":5.63,"mOthersTime":0,"mRunTime":0,"mStartTime":49800000,"mTimeUnit":600000,"mWalkTime":106053,"runStep":0,"walkStep":159},{"distance":114.33999,"mCalorie":6.0499997,"mOthersTime":0,"mRunTime":9200,"mStartTime":50400000,"mTimeUnit":600000,"mWalkTime":78039,"runStep":23,"walkStep":117},{"distance":94.62,"mCalorie":5.0,"mOthersTime":0,"mRunTime":800,"mStartTime":51000000,"mTimeUnit":600000,"mWalkTime":82708,"runStep":2,"walkStep":124},{"distance":198.33698,"mCalorie":9.940001,"mOthersTime":0,"mRunTime":2800,"mStartTime":51600000,"mTimeUnit":600000,"mWalkTime":172086,"runStep":7,"walkStep":258},{"distance":24.77,"mCalorie":1.18,"mOthersTime":0,"mRunTime":0,"mStartTime":52200000,"mTimeUnit":600000,"mWalkTime":21344,"runStep":0,"walkStep":32},{"distance":15.79,"mCalorie":0.87,"mOthersTime":0,"mRunTime":0,"mStartTime":52800000,"mTimeUnit":600000,"mWalkTime":14674,"runStep":0,"walkStep":22},{"distance":75.78999,"mCalorie":3.8799999,"mOthersTime":0,"mRunTime":0,"mStartTime":53400000,"mTimeUnit":600000,"mWalkTime":67367,"runStep":0,"walkStep":101},{"distance":36.3,"mCalorie":1.72,"mOthersTime":0,"mRunTime":0,"mStartTime":54000000,"mTimeUnit":600000,"mWalkTime":32683,"runStep":0,"walkStep":49},{"distance":61.310005,"mCalorie":2.96,"mOthersTime":0,"mRunTime":0,"mStartTime":54600000,"mTimeUnit":600000,"mWalkTime":56028,"runStep":0,"walkStep":84},{"distance":33.87,"mCalorie":1.5999999,"mOthersTime":0,"mRunTime":0,"mStartTime":58200000,"mTimeUnit":600000,"mWalkTime":30682,"runStep":0,"walkStep":46},{"distance":9.34,"mCalorie":0.54,"mOthersTime":0,"mRunTime":400,"mStartTime":58800000,"mTimeUnit":600000,"mWalkTime":6670,"runStep":1,"walkStep":10},{"distance":9.17,"mCalorie":0.49999997,"mOthersTime":0,"mRunTime":0,"mStartTime":59400000,"mTimeUnit":600000,"mWalkTime":8671,"runStep":0,"walkStep":13},{"distance":18.369999,"mCalorie":0.93,"mOthersTime":0,"mRunTime":0,"mStartTime":60600000,"mTimeUnit":600000,"mWalkTime":16008,"runStep":0,"walkStep":24},{"distance":16.07,"mCalorie":0.78,"mOthersTime":0,"mRunTime":0,"mStartTime":61800000,"mTimeUnit":600000,"mWalkTime":14674,"runStep":0,"walkStep":22},{"distance":5.6099997,"mCalorie":0.29999998,"mOthersTime":0,"mRunTime":0,"mStartTime":62400000,"mTimeUnit":600000,"mWalkTime":5336,"runStep":0,"walkStep":8},{"distance":50.17,"mCalorie":2.73,"mOthersTime":0,"mRunTime":0,"mStartTime":63600000,"mTimeUnit":600000,"mWalkTime":46023,"runStep":0,"walkStep":69},{"distance":5.25,"mCalorie":0.24,"mOthersTime":0,"mRunTime":0,"mStartTime":64200000,"mTimeUnit":600000,"mWalkTime":4669,"runStep":0,"walkStep":7},{"distance":5.26,"mCalorie":0.25,"mOthersTime":0,"mRunTime":0,"mStartTime":64800000,"mTimeUnit":600000,"mWalkTime":4669,"runStep":0,"walkStep":7},{"distance":36.61,"mCalorie":1.8299999,"mOthersTime":0,"mRunTime":0,"mStartTime":65400000,"mTimeUnit":600000,"mWalkTime":33350,"runStep":0,"walkStep":50},{"distance":126.4,"mCalorie":6.7799997,"mOthersTime":0,"mRunTime":0,"mStartTime":66000000,"mTimeUnit":600000,"mWalkTime":130065,"runStep":0,"walkStep":195},{"distance":39.06,"mCalorie":2.06,"mOthersTime":0,"mRunTime":1600,"mStartTime":66600000,"mTimeUnit":600000,"mWalkTime":30015,"runStep":4,"walkStep":45},{"distance":188.38,"mCalorie":9.35,"mOthersTime":0,"mRunTime":0,"mStartTime":67200000,"mTimeUnit":600000,"mWalkTime":170752,"runStep":0,"walkStep":256},{"distance":21.939999,"mCalorie":1.13,"mOthersTime":0,"mRunTime":0,"mStartTime":67800000,"mTimeUnit":600000,"mWalkTime":20677,"runStep":0,"walkStep":31},{"distance":37.68,"mCalorie":1.9699999,"mOthersTime":0,"mRunTime":0,"mStartTime":68400000,"mTimeUnit":600000,"mWalkTime":34017,"runStep":0,"walkStep":51},{"distance":9.37,"mCalorie":0.34,"mOthersTime":0,"mRunTime":0,"mStartTime":69000000,"mTimeUnit":600000,"mWalkTime":7337,"runStep":0,"walkStep":11},{"distance":72.54,"mCalorie":3.69,"mOthersTime":0,"mRunTime":400,"mStartTime":69600000,"mTimeUnit":600000,"mWalkTime":64699,"runStep":1,"walkStep":97},{"distance":85.200005,"mCalorie":4.35,"mOthersTime":0,"mRunTime":0,"mStartTime":70200000,"mTimeUnit":600000,"mWalkTime":76705,"runStep":0,"walkStep":115},{"distance":66.97,"mCalorie":3.5800002,"mOthersTime":0,"mRunTime":2800,"mStartTime":70800000,"mTimeUnit":600000,"mWalkTime":52693,"runStep":7,"walkStep":79},{"distance":20.28,"mCalorie":0.93,"mOthersTime":0,"mRunTime":0,"mStartTime":72000000,"mTimeUnit":600000,"mWalkTime":18009,"runStep":0,"walkStep":27},{"distance":10.65,"mCalorie":0.53,"mOthersTime":0,"mRunTime":0,"mStartTime":76200000,"mTimeUnit":600000,"mWalkTime":10005,"runStep":0,"walkStep":15},{"distance":41.929996,"mCalorie":1.8399999,"mOthersTime":0,"mRunTime":2000,"mStartTime":77400000,"mTimeUnit":600000,"mWalkTime":30015,"runStep":5,"walkStep":45},{"distance":31.640003,"mCalorie":1.3899999,"mOthersTime":0,"mRunTime":0,"mStartTime":79200000,"mTimeUnit":600000,"mWalkTime":24679,"runStep":0,"walkStep":37},{"distance":28.330002,"mCalorie":1.36,"mOthersTime":0,"mRunTime":0,"mStartTime":79800000,"mTimeUnit":600000,"mWalkTime":24679,"runStep":0,"walkStep":37},{"distance":29.52,"mCalorie":1.69,"mOthersTime":0,"mRunTime":0,"mStartTime":80400000,"mTimeUnit":600000,"mWalkTime":28014,"runStep":0,"walkStep":42},{"distance":43.28,"mCalorie":2.26,"mOthersTime":0,"mRunTime":0,"mStartTime":81000000,"mTimeUnit":600000,"mWalkTime":40020,"runStep":0,"walkStep":60},{"distance":12.31,"mCalorie":0.45,"mOthersTime":0,"mRunTime":0,"mStartTime":82800000,"mTimeUnit":600000,"mWalkTime":10005,"runStep":0,"walkStep":15},{"distance":44.09,"mCalorie":2.15,"mOthersTime":0,"mRunTime":2000,"mStartTime":83400000,"mTimeUnit":600000,"mWalkTime":34017,"runStep":5,"walkStep":51},{"distance":37.32,"mCalorie":2.02,"mOthersTime":0,"mRunTime":0,"mStartTime":84000000,"mTimeUnit":600000,"mWalkTime":34684,"runStep":0,"walkStep":52}],"version":1}