{"mActivityList":[{"mActiveTime":636667,"mActiveTimeType":2,"mCalorie":23.0,"mCategory":204,"mDetailInfoId":"0eb66b16-8475-e97c-ef1f-0016c644f5be","mDistance":0.0,"mDuration":636667,"mEndTime":38313406,"mStartTime":37676739,"mType":0}],"mAdaptiveGoal":0,"mIsGoalAchieved":false,"mIsMostActiveAchieved":false,"mMostActiveMinutes":0,"mStreakDayCount":0,"mUnitDataList":[{"distance":12.47,"mCalorie":0.7,"mOthersTime":0,"mRunTime":0,"mStartTime":3000000,"mTimeUnit":600000,"mWalkTime":10672,"runStep":0,"walkStep":16},{"distance":20.04,"mCalorie":1.0,"mOthersTime":0,"mRunTime":0,"mStartTime":18000000,"mTimeUnit":600000,"mWalkTime":18676,"runStep":0,"walkStep":28},{"distance":6.77,"mCalorie":0.37,"mOthersTime":0,"mRunTime":0,"mStartTime":19200000,"mTimeUnit":600000,"mWalkTime":6670,"runStep":0,"walkStep":10},{"distance":58.02,"mCalorie":3.2699997,"mOthersTime":0,"mRunTime":1200,"mStartTime":19800000,"mTimeUnit":600000,"mWalkTime":49358,"runStep":3,"walkStep":74},{"distance":9.07,"mCalorie":0.33,"mOthersTime":0,"mRunTime":0,"mStartTime":21600000,"mTimeUnit":600000,"mWalkTime":7337,"runStep":0,"walkStep":11},{"distance":13.97,"mCalorie":0.95000005,"mOthersTime":0,"mRunTime":0,"mStartTime":28800000,"mTimeUnit":600000,"mWalkTime":12006,"runStep":0,"walkStep":18},{"distance":43.170002,"mCalorie":2.02,"mOthersTime":0,"mRunTime":0,"mStartTime":29400000,"mTimeUnit":600000,"mWalkTime":38019,"runStep":0,"walkStep":57},{"distance":96.450005,"mCalorie":4.56,"mOthersTime":0,"mRunTime":0,"mStartTime":30000000,"mTimeUnit":600000,"mWalkTime":86710,"runStep":0,"walkStep":130},{"distance":28.84,"mCalorie":1.71,"mOthersTime":0,"mRunTime":400,"mStartTime":30600000,"mTimeUnit":600000,"mWalkTime":26013,"runStep":1,"walkStep":39},{"distance":26.7,"mCalorie":1.39,"mOthersTime":0,"mRunTime":0,"mStartTime":32400000,"mTimeUnit":600000,"mWalkTime":24012,"runStep":0,"walkStep":36},{"distance":130.34001,"mCalorie":6.3999996,"mOthersTime":0,"mRunTime":0,"mStartTime":34200000,"mTimeUnit":600000,"mWalkTime":118059,"runStep":0,"walkStep":177},{"distance":382.461,"mCalorie":18.26,"mOthersTime":0,"mRunTime":0,"mStartTime":34800000,"mTimeUnit":600000,"mWalkTime":338806,"runStep":0,"walkStep":520},{"distance":51.928997,"mCalorie":2.62,"mOthersTime":0,"mRunTime":0,"mStartTime":35400000,"mTimeUnit":600000,"mWalkTime":48691,"runStep":0,"walkStep":73},{"distance":7.97,"mCalorie":0.28,"mOthersTime":0,"mRunTime":0,"mStartTime":36000000,"mTimeUnit":600000,"mWalkTime":6670,"runStep":0,"walkStep":10},{"distance":82.97,"mCalorie":5.0,"mOthersTime":0,"mRunTime":0,"mStartTime":36600000,"mTimeUnit":600000,"mWalkTime":80707,"runStep":0,"walkStep":121},{"distance":184.69,"mCalorie":13.762881,"mOthersTime":123261,"mRunTime":0,"mStartTime":37200000,"mTimeUnit":600000,"mWalkTime":169418,"runStep":0,"walkStep":254},{"distance":18.922333,"mCalorie":19.96867,"mOthersTime":513406,"mRunTime":3064,"mStartTime":37800000,"mTimeUnit":600000,"mWalkTime":13765,"runStep":50,"walkStep":266},{"distance":179.43001,"mCalorie":9.2300005,"mOthersTime":0,"mRunTime":2000,"mStartTime":38400000,"mTimeUnit":600000,"mWalkTime":156745,"runStep":5,"walkStep":235},{"distance":145.78,"mCalorie":8.0,"mOthersTime":0,"mRunTime":10800,"mStartTime":39000000,"mTimeUnit":600000,"mWalkTime":98716,"runStep":27,"walkStep":148},{"distance":162.62999,"mCalorie":7.7799993,"mOthersTime":0,"mRunTime":0,"mStartTime":39600000,"mTimeUnit":600000,"mWalkTime":146740,"runStep":0,"walkStep":220},{"distance":101.16,"mCalorie":5.26,"mOthersTime":0,"mRunTime":0,"mStartTime":40200000,"mTimeUnit":600000,"mWalkTime":98049,"runStep":0,"walkStep":147},{"distance":183.221,"mCalorie":9.039999,"mOthersTime":0,"mRunTime":400,"mStartTime":40800000,"mTimeUnit":600000,"mWalkTime":158079,"runStep":1,"walkStep":237},{"distance":127.781006,"mCalorie":6.3599997,"mOthersTime":0,"mRunTime":1200,"mStartTime":41400000,"mTimeUnit":600000,"mWalkTime":106053,"runStep":3,"walkStep":159},{"distance":79.631,"mCalorie":3.67,"mOthersTime":0,"mRunTime":400,"mStartTime":42000000,"mTimeUnit":600000,"mWalkTime":70035,"runStep":1,"walkStep":105},{"distance":20.22,"mCalorie":0.97,"mOthersTime":0,"mRunTime":0,"mStartTime":44400000,"mTimeUnit":600000,"mWalkTime":18009,"runStep":0,"walkStep":27},{"distance":39.96,"mCalorie":2.26,"mOthersTime":0,"mRunTime":4000,"mStartTime":45000000,"mTimeUnit":600000,"mWalkTime":24679,"runStep":10,"walkStep":37},{"distance":22.3,"mCalorie":1.14,"mOthersTime":0,"mRunTime":0,"mStartTime":45600000,"mTimeUnit":600000,"mWalkTime":19343,"runStep":0,"walkStep":29},{"distance":25.689,"mCalorie":1.12,"mOthersTime":0,"mRunTime":0,"mStartTime":46800000,"mTimeUnit":600000,"mWalkTime":22678,"runStep":0,"walkStep":34},{"distance":92.06,"mCalorie":4.15,"mOthersTime":0,"mRunTime":0,"mStartTime":48000000,"mTimeUnit":600000,"mWalkTime":82708,"runStep":0,"walkStep":124},{"distance":6.91,"mCalorie":0.39,"mOthersTime":0,"mRunTime":0,"mStartTime":48600000,"mTimeUnit":600000,"mWalkTime":6670,"runStep":0,"walkStep":10},{"distance":166.6,"mCalorie":7.88,"mOthersTime":0,"mRunTime":0,"mStartTime":49200000,"mTimeUnit":600000,"mWalkTime":152076,"runStep":0,"walkStep":228},{"distance":31.79,"mCalorie":1.6100001,"mOthersTime":0,"mRunTime":0,"mStartTime":49800000,"mTimeUnit":600000,"mWalkTime":29348,"runStep":0,"walkStep":44},{"distance":16.77,"mCalorie":0.86,"mOthersTime":0,"mRunTime":0,"mStartTime":50400000,"mTimeUnit":600000,"mWalkTime":15341,"runStep":0,"walkStep":23},{"distance":314.77902,"mCalorie":16.970001,"mOthersTime":0,"mRunTime":19200,"mStartTime":51000000,"mTimeUnit":600000,"mWalkTime":220080,"runStep":48,"walkStep":338},{"distance":312.53,"mCalorie":14.63,"mOthersTime":0,"mRunTime":1600,"mStartTime":51600000,"mTimeUnit":600000,"mWalkTime":252036,"runStep":4,"walkStep":408},{"distance":29.04,"mCalorie":1.4300001,"mOthersTime":0,"mRunTime":0,"mStartTime":52200000,"mTimeUnit":600000,"mWalkTime":26013,"runStep":0,"walkStep":39},{"distance":56.8,"mCalorie":2.64,"mOthersTime":0,"mRunTime":0,"mStartTime":52800000,"mTimeUnit":600000,"mWalkTime":49358,"runStep":0,"walkStep":74},{"distance":94.92,"mCalorie":5.16,"mOthersTime":0,"mRunTime":0,"mStartTime":53400000,"mTimeUnit":600000,"mWalkTime":88711,"runStep":0,"walkStep":133},{"distance":22.86,"mCalorie":1.04,"mOthersTime":0,"mRunTime":0,"mStartTime":54000000,"mTimeUnit":600000,"mWalkTime":20010,"runStep":0,"walkStep":30},{"distance":17.7,"mCalorie":0.76,"mOthersTime":0,"mRunTime":0,"mStartTime":54600000,"mTimeUnit":600000,"mWalkTime":15341,"runStep":0,"walkStep":23},{"distance":93.53,"mCalorie":4.5499997,"mOthersTime":0,"mRunTime":0,"mStartTime":55200000,"mTimeUnit":600000,"mWalkTime":83375,"runStep":0,"walkStep":125},{"distance":21.0,"mCalorie":1.23,"mOthersTime":0,"mRunTime":0,"mStartTime":57000000,"mTimeUnit":600000,"mWalkTime":19343,"runStep":0,"walkStep":29},{"distance":16.47,"mCalorie":0.85,"mOthersTime":0,"mRunTime":0,"mStartTime":57600000,"mTimeUnit":600000,"mWalkTime":15341,"runStep":0,"walkStep":23},{"distance":41.47,"mCalorie":2.36,"mOthersTime":0,"mRunTime":800,"mStartTime":58200000,"mTimeUnit":600000,"mWalkTime":34017,"runStep":2,"walkStep":51},{"distance":21.369,"mCalorie":1.34,"mOthersTime":0,"mRunTime":0,"mStartTime":58800000,"mTimeUnit":600000,"mWalkTime":20010,"runStep":0,"walkStep":30},{"distance":64.67,"mCalorie":3.21,"mOthersTime":0,"mRunTime":0,"mStartTime":59400000,"mTimeUnit":600000,"mWalkTime":60030,"runStep":0,"walkStep":90},{"distance":11.02,"mCalorie":0.63,"mOthersTime":0,"mRunTime":400,"mStartTime":60000000,"mTimeUnit":600000,"mWalkTime":8004,"runStep":1,"walkStep":12},{"distance":8.12,"mCalorie":0.39,"mOthersTime":0,"mRunTime":0,"mStartTime":64800000,"mTimeUnit":600000,"mWalkTime":7337,"runStep":0,"walkStep":11},{"distance":68.301,"mCalorie":3.4900002,"mOthersTime":0,"mRunTime":800,"mStartTime":65400000,"mTimeUnit":600000,"mWalkTime":58029,"runStep":2,"walkStep":87},{"distance":104.850006,"mCalorie":5.31,"mOthersTime":0,"mRunTime":3200,"mStartTime":66000000,"mTimeUnit":600000,"mWalkTime":85376,"runStep":8,"walkStep":128},{"distance":59.079998,"mCalorie":2.9199998,"mOthersTime":0,"mRunTime":400,"mStartTime":66600000,"mTimeUnit":600000,"mWalkTime":51359,"runStep":1,"walkStep":77},{"distance":12.17,"mCalorie":0.6,"mOthersTime":0,"mRunTime":0,"mStartTime":67200000,"mTimeUnit":600000,"mWalkTime":10672,"runStep":0,"walkStep":16},{"distance":45.63,"mCalorie":2.37,"mOthersTime":0,"mRunTime":0,"mStartTime":67800000,"mTimeUnit":600000,"mWalkTime":40687,"runStep":0,"walkStep":61},{"distance":43.22,"mCalorie":2.27,"mOthersTime":0,"mRunTime":2000,"mStartTime":69000000,"mTimeUnit":600000,"mWalkTime":34684,"runStep":5,"walkStep":52},{"distance":18.63,"mCalorie":0.82,"mOthersTime":0,"mRunTime":0,"mStartTime":69600000,"mTimeUnit":600000,"mWalkTime":16675,"runStep":0,"walkStep":25},{"distance":14.96,"mCalorie":0.68,"mOthersTime":0,"mRunTime":0,"mStartTime":70200000,"mTimeUnit":600000,"mWalkTime":13340,"runStep":0,"walkStep":20},{"distance":19.9,"mCalorie":1.29,"mOthersTime":0,"mRunTime":1200,"mStartTime":73200000,"mTimeUnit":600000,"mWalkTime":14674,"runStep":3,"walkStep":22},{"distance":60.900005,"mCalorie":2.75,"mOthersTime":0,"mRunTime":0,"mStartTime":77400000,"mTimeUnit":600000,"mWalkTime":53360,"runStep":0,"walkStep":80},{"distance":48.14,"mCalorie":2.65,"mOthersTime":0,"mRunTime":2000,"mStartTime":78000000,"mTimeUnit":600000,"mWalkTime":35351,"runStep":5,"walkStep":53},{"distance":19.380001,"mCalorie":1.17,"mOthersTime":0,"mRunTime":0,"mStartTime":78600000,"mTimeUnit":600000,"mWalkTime":16008,"runStep":0,"walkStep":24},{"distance":57.42,"mCalorie":2.8,"mOthersTime":0,"mRunTime":800,"mStartTime":80400000,"mTimeUnit":600000,"mWalkTime":49358,"runStep":2,"walkStep":74},{"distance":28.651001,"mCalorie":1.29,"mOthersTime":0,"mRunTime":1600,"mStartTime":81000000,"mTimeUnit":600000,"mWalkTime":21344,"runStep":4,"walkStep":32}],"version":1}