{"mActivityList":[{"mActiveTime":628640,"mActiveTimeType":2,"mCalorie":81.39,"mCategory":204,"mDetailInfoId":"fea0065b-9ae8-e532-56d9-957d19654399","mDistance":0.0,"mDuration":628640,"mEndTime":63459664,"mStartTime":62831024,"mType":11007}],"mAdaptiveGoal":0,"mIsGoalAchieved":false,"mIsMostActiveAchieved":false,"mMostActiveMinutes":0,"mStreakDayCount":0,"mUnitDataList":[{"distance":43.048,"mCalorie":1.94,"mOthersTime":0,"mRunTime":400,"mStartTime":600000,"mTimeUnit":600000,"mWalkTime":36685,"runStep":1,"walkStep":55},{"distance":7.53,"mCalorie":0.45,"mOthersTime":0,"mRunTime":0,"mStartTime":7800000,"mTimeUnit":600000,"mWalkTime":7337,"runStep":0,"walkStep":11},{"distance":55.18,"mCalorie":3.3700001,"mOthersTime":0,"mRunTime":2400,"mStartTime":19200000,"mTimeUnit":600000,"mWalkTime":42688,"runStep":6,"walkStep":64},{"distance":69.83,"mCalorie":4.03,"mOthersTime":0,"mRunTime":0,"mStartTime":19800000,"mTimeUnit":600000,"mWalkTime":76705,"runStep":0,"walkStep":115},{"distance":81.259995,"mCalorie":4.15,"mOthersTime":0,"mRunTime":0,"mStartTime":20400000,"mTimeUnit":600000,"mWalkTime":74037,"runStep":0,"walkStep":111},{"distance":83.15,"mCalorie":4.33,"mOthersTime":0,"mRunTime":0,"mStartTime":22800000,"mTimeUnit":600000,"mWalkTime":77372,"runStep":0,"walkStep":116},{"distance":30.960001,"mCalorie":1.5999999,"mOthersTime":0,"mRunTime":0,"mStartTime":23400000,"mTimeUnit":600000,"mWalkTime":28681,"runStep":0,"walkStep":43},{"distance":62.198997,"mCalorie":3.21,"mOthersTime":0,"mRunTime":0,"mStartTime":24000000,"mTimeUnit":600000,"mWalkTime":54027,"runStep":0,"walkStep":81},{"distance":90.98999,"mCalorie":4.58,"mOthersTime":0,"mRunTime":800,"mStartTime":30600000,"mTimeUnit":600000,"mWalkTime":76038,"runStep":2,"walkStep":114},{"distance":7.71,"mCalorie":0.41,"mOthersTime":0,"mRunTime":0,"mStartTime":31800000,"mTimeUnit":600000,"mWalkTime":7337,"runStep":0,"walkStep":11},{"distance":140.87,"mCalorie":7.429,"mOthersTime":0,"mRunTime":4000,"mStartTime":33000000,"mTimeUnit":600000,"mWalkTime":111389,"runStep":10,"walkStep":167},{"distance":65.729996,"mCalorie":3.5699997,"mOthersTime":0,"mRunTime":0,"mStartTime":33600000,"mTimeUnit":600000,"mWalkTime":62698,"runStep":0,"walkStep":94},{"distance":141.81,"mCalorie":7.14,"mOthersTime":0,"mRunTime":400,"mStartTime":34200000,"mTimeUnit":600000,"mWalkTime":125396,"runStep":1,"walkStep":188},{"distance":124.990005,"mCalorie":6.57,"mOthersTime":0,"mRunTime":0,"mStartTime":34800000,"mTimeUnit":600000,"mWalkTime":112056,"runStep":0,"walkStep":168},{"distance":24.63,"mCalorie":1.17,"mOthersTime":0,"mRunTime":0,"mStartTime":37200000,"mTimeUnit":600000,"mWalkTime":22011,"runStep":0,"walkStep":33},{"distance":298.221,"mCalorie":15.339999,"mOthersTime":0,"mRunTime":400,"mStartTime":38400000,"mTimeUnit":600000,"mWalkTime":267437,"runStep":1,"walkStep":401},{"distance":219.57999,"mCalorie":10.839999,"mOthersTime":0,"mRunTime":0,"mStartTime":39000000,"mTimeUnit":600000,"mWalkTime":196068,"runStep":0,"walkStep":294},{"distance":161.85999,"mCalorie":7.94,"mOthersTime":0,"mRunTime":0,"mStartTime":40200000,"mTimeUnit":600000,"mWalkTime":146740,"runStep":0,"walkStep":220},{"distance":12.43,"mCalorie":0.62,"mOthersTime":0,"mRunTime":0,"mStartTime":40800000,"mTimeUnit":600000,"mWalkTime":11339,"runStep":0,"walkStep":17},{"distance":8.52,"mCalorie":0.41,"mOthersTime":0,"mRunTime":0,"mStartTime":43200000,"mTimeUnit":600000,"mWalkTime":8004,"runStep":0,"walkStep":12},{"distance":21.68,"mCalorie":1.01,"mOthersTime":0,"mRunTime":0,"mStartTime":44400000,"mTimeUnit":600000,"mWalkTime":19343,"runStep":0,"walkStep":29},{"distance":67.099,"mCalorie":3.7699997,"mOthersTime":0,"mRunTime":2000,"mStartTime":45000000,"mTimeUnit":600000,"mWalkTime":50025,"runStep":5,"walkStep":75},{"distance":299.392,"mCalorie":16.650002,"mOthersTime":0,"mRunTime":1944,"mStartTime":45600000,"mTimeUnit":600000,"mWalkTime":267760,"runStep":5,"walkStep":416},{"distance":123.03999,"mCalorie":6.75,"mOthersTime":0,"mRunTime":0,"mStartTime":46200000,"mTimeUnit":600000,"mWalkTime":113390,"runStep":0,"walkStep":170},{"distance":70.49,"mCalorie":3.5700002,"mOthersTime":0,"mRunTime":400,"mStartTime":46800000,"mTimeUnit":600000,"mWalkTime":58696,"runStep":1,"walkStep":88},{"distance":4.61,"mCalorie":0.21,"mOthersTime":0,"mRunTime":0,"mStartTime":47400000,"mTimeUnit":600000,"mWalkTime":4002,"runStep":0,"walkStep":6},{"distance":16.99,"mCalorie":0.8,"mOthersTime":0,"mRunTime":0,"mStartTime":48000000,"mTimeUnit":600000,"mWalkTime":15341,"runStep":0,"walkStep":23},{"distance":8.23,"mCalorie":0.51,"mOthersTime":0,"mRunTime":0,"mStartTime":48600000,"mTimeUnit":600000,"mWalkTime":8004,"runStep":0,"walkStep":12},{"distance":101.779,"mCalorie":5.2,"mOthersTime":0,"mRunTime":0,"mStartTime":49800000,"mTimeUnit":600000,"mWalkTime":92713,"runStep":0,"walkStep":139},{"distance":86.12,"mCalorie":4.35,"mOthersTime":0,"mRunTime":0,"mStartTime":50400000,"mTimeUnit":600000,"mWalkTime":77372,"runStep":0,"walkStep":116},{"distance":220.59001,"mCalorie":11.89,"mOthersTime":0,"mRunTime":0,"mStartTime":51000000,"mTimeUnit":600000,"mWalkTime":205436,"runStep":0,"walkStep":308},{"distance":81.770004,"mCalorie":4.12,"mOthersTime":0,"mRunTime":0,"mStartTime":51600000,"mTimeUnit":600000,"mWalkTime":76038,"runStep":0,"walkStep":114},{"distance":50.510002,"mCalorie":2.6999998,"mOthersTime":0,"mRunTime":0,"mStartTime":52200000,"mTimeUnit":600000,"mWalkTime":46690,"runStep":0,"walkStep":70},{"distance":112.71001,"mCalorie":6.1400003,"mOthersTime":0,"mRunTime":0,"mStartTime":52800000,"mTimeUnit":600000,"mWalkTime":110055,"runStep":0,"walkStep":165},{"distance":58.31,"mCalorie":2.9299998,"mOthersTime":0,"mRunTime":0,"mStartTime":54600000,"mTimeUnit":600000,"mWalkTime":54027,"runStep":0,"walkStep":81},{"distance":199.94,"mCalorie":11.5,"mOthersTime":0,"mRunTime":0,"mStartTime":55200000,"mTimeUnit":600000,"mWalkTime":192096,"runStep":0,"walkStep":288},{"distance":27.470001,"mCalorie":1.61,"mOthersTime":0,"mRunTime":400,"mStartTime":55800000,"mTimeUnit":600000,"mWalkTime":23345,"runStep":1,"walkStep":35},{"distance":159.68,"mCalorie":9.109999,"mOthersTime":0,"mRunTime":0,"mStartTime":58800000,"mTimeUnit":600000,"mWalkTime":150742,"runStep":0,"walkStep":226},{"distance":249.71,"mCalorie":13.139999,"mOthersTime":0,"mRunTime":0,"mStartTime":59400000,"mTimeUnit":600000,"mWalkTime":226780,"runStep":0,"walkStep":340},{"distance":202.68001,"mCalorie":10.58,"mOthersTime":0,"mRunTime":0,"mStartTime":60000000,"mTimeUnit":600000,"mWalkTime":181424,"runStep":0,"walkStep":272},{"distance":114.13,"mCalorie":5.97,"mOthersTime":0,"mRunTime":800,"mStartTime":60600000,"mTimeUnit":600000,"mWalkTime":101384,"runStep":2,"walkStep":152},{"distance":210.86746,"mCalorie":32.7743,"mOthersTime":168976,"mRunTime":400,"mStartTime":62400000,"mTimeUnit":600000,"mWalkTime":177744,"runStep":1,"walkStep":566},{"distance":60.452824,"mCalorie":62.653934,"mOthersTime":459664,"mRunTime":0,"mStartTime":63000000,"mTimeUnit":600000,"mWalkTime":57778,"runStep":0,"walkStep":476},{"distance":89.32901,"mCalorie":4.66,"mOthersTime":0,"mRunTime":0,"mStartTime":63600000,"mTimeUnit":600000,"mWalkTime":82708,"runStep":0,"walkStep":124},{"distance":78.141,"mCalorie":3.9899998,"mOthersTime":0,"mRunTime":0,"mStartTime":64200000,"mTimeUnit":600000,"mWalkTime":68701,"runStep":0,"walkStep":103},{"distance":14.68,"mCalorie":0.85,"mOthersTime":0,"mRunTime":0,"mStartTime":69600000,"mTimeUnit":600000,"mWalkTime":14007,"runStep":0,"walkStep":21},{"distance":84.08,"mCalorie":4.27,"mOthersTime":0,"mRunTime":800,"mStartTime":70200000,"mTimeUnit":600000,"mWalkTime":74037,"runStep":2,"walkStep":111},{"distance":45.89,"mCalorie":2.33,"mOthersTime":0,"mRunTime":0,"mStartTime":70800000,"mTimeUnit":600000,"mWalkTime":40687,"runStep":0,"walkStep":61},{"distance":48.460003,"mCalorie":2.27,"mOthersTime":0,"mRunTime":0,"mStartTime":71400000,"mTimeUnit":600000,"mWalkTime":44022,"runStep":0,"walkStep":66},{"distance":24.939999,"mCalorie":1.2,"mOthersTime":0,"mRunTime":0,"mStartTime":72600000,"mTimeUnit":600000,"mWalkTime":22678,"runStep":0,"walkStep":34},{"distance":187.99,"mCalorie":11.440001,"mOthersTime":0,"mRunTime":0,"mStartTime":75600000,"mTimeUnit":600000,"mWalkTime":186760,"runStep":0,"walkStep":280},{"distance":167.56,"mCalorie":10.27,"mOthersTime":0,"mRunTime":800,"mStartTime":76200000,"mTimeUnit":600000,"mWalkTime":154744,"runStep":2,"walkStep":232},{"distance":91.07,"mCalorie":4.88,"mOthersTime":0,"mRunTime":4400,"mStartTime":76800000,"mTimeUnit":600000,"mWalkTime":67367,"runStep":11,"walkStep":101},{"distance":34.309,"mCalorie":1.9499999,"mOthersTime":0,"mRunTime":1200,"mStartTime":77400000,"mTimeUnit":600000,"mWalkTime":26680,"runStep":3,"walkStep":40},{"distance":7.07,"mCalorie":0.36,"mOthersTime":0,"mRunTime":0,"mStartTime":78600000,"mTimeUnit":600000,"mWalkTime":6670,"runStep":0,"walkStep":10},{"distance":120.09,"mCalorie":6.17,"mOthersTime":0,"mRunTime":0,"mStartTime":79200000,"mTimeUnit":600000,"mWalkTime":110055,"runStep":0,"walkStep":165},{"distance":158.379,"mCalorie":8.37,"mOthersTime":0,"mRunTime":0,"mStartTime":79800000,"mTimeUnit":600000,"mWalkTime":145406,"runStep":0,"walkStep":218},{"distance":18.49,"mCalorie":0.77,"mOthersTime":0,"mRunTime":0,"mStartTime":80400000,"mTimeUnit":600000,"mWalkTime":15341,"runStep":0,"walkStep":23}],"version":1}