{"mAdaptiveGoal":0,"mIsGoalAchieved":false,"mIsMostActiveAchieved":false,"mMostActiveMinutes":0,"mStreakDayCount":0,"mUnitDataList":[{"distance":19.26,"mCalorie":1.06,"mOthersTime":0,"mRunTime":800,"mStartTime":16800000,"mTimeUnit":600000,"mWalkTime":14007,"runStep":2,"walkStep":21},{"distance":40.16,"mCalorie":2.1100001,"mOthersTime":0,"mRunTime":2400,"mStartTime":23400000,"mTimeUnit":600000,"mWalkTime":26013,"runStep":6,"walkStep":39},{"distance":7.26,"mCalorie":0.4,"mOthersTime":0,"mRunTime":0,"mStartTime":24000000,"mTimeUnit":600000,"mWalkTime":6670,"runStep":0,"walkStep":10},{"distance":80.84,"mCalorie":4.69,"mOthersTime":0,"mRunTime":400,"mStartTime":24600000,"mTimeUnit":600000,"mWalkTime":84709,"runStep":1,"walkStep":127},{"distance":146.93001,"mCalorie":7.2,"mOthersTime":0,"mRunTime":0,"mStartTime":25200000,"mTimeUnit":600000,"mWalkTime":127367,"runStep":0,"walkStep":202},{"distance":9.09,"mCalorie":0.43,"mOthersTime":0,"mRunTime":0,"mStartTime":25800000,"mTimeUnit":600000,"mWalkTime":8004,"runStep":0,"walkStep":12},{"distance":40.190002,"mCalorie":2.0700002,"mOthersTime":0,"mRunTime":0,"mStartTime":26400000,"mTimeUnit":600000,"mWalkTime":36685,"runStep":0,"walkStep":55},{"distance":57.670002,"mCalorie":2.81,"mOthersTime":0,"mRunTime":800,"mStartTime":27600000,"mTimeUnit":600000,"mWalkTime":47357,"runStep":2,"walkStep":71},{"distance":281.71,"mCalorie":13.1,"mOthersTime":0,"mRunTime":0,"mStartTime":28200000,"mTimeUnit":600000,"mWalkTime":244092,"runStep":0,"walkStep":385},{"distance":75.01,"mCalorie":3.9,"mOthersTime":0,"mRunTime":0,"mStartTime":28800000,"mTimeUnit":600000,"mWalkTime":70702,"runStep":0,"walkStep":106},{"distance":25.24,"mCalorie":1.04,"mOthersTime":0,"mRunTime":0,"mStartTime":29400000,"mTimeUnit":600000,"mWalkTime":22011,"runStep":0,"walkStep":33},{"distance":50.8,"mCalorie":2.13,"mOthersTime":0,"mRunTime":0,"mStartTime":30600000,"mTimeUnit":600000,"mWalkTime":42688,"runStep":0,"walkStep":64},{"distance":102.54,"mCalorie":5.3900003,"mOthersTime":0,"mRunTime":0,"mStartTime":31200000,"mTimeUnit":600000,"mWalkTime":92713,"runStep":0,"walkStep":139},{"distance":43.34,"mCalorie":2.1399999,"mOthersTime":0,"mRunTime":0,"mStartTime":31800000,"mTimeUnit":600000,"mWalkTime":40020,"runStep":0,"walkStep":60},{"distance":58.36,"mCalorie":3.02,"mOthersTime":0,"mRunTime":0,"mStartTime":32400000,"mTimeUnit":600000,"mWalkTime":53360,"runStep":0,"walkStep":80},{"distance":75.308,"mCalorie":3.4,"mOthersTime":0,"mRunTime":0,"mStartTime":33000000,"mTimeUnit":600000,"mWalkTime":66033,"runStep":0,"walkStep":99},{"distance":43.620003,"mCalorie":2.26,"mOthersTime":0,"mRunTime":1200,"mStartTime":33600000,"mTimeUnit":600000,"mWalkTime":34684,"runStep":3,"walkStep":52},{"distance":29.970001,"mCalorie":1.3399999,"mOthersTime":0,"mRunTime":0,"mStartTime":34200000,"mTimeUnit":600000,"mWalkTime":26013,"runStep":0,"walkStep":39},{"distance":102.689995,"mCalorie":5.77,"mOthersTime":0,"mRunTime":800,"mStartTime":34800000,"mTimeUnit":600000,"mWalkTime":89378,"runStep":2,"walkStep":134},{"distance":35.53,"mCalorie":1.9300001,"mOthersTime":0,"mRunTime":0,"mStartTime":35400000,"mTimeUnit":600000,"mWalkTime":32683,"runStep":0,"walkStep":49},{"distance":28.719,"mCalorie":1.23,"mOthersTime":0,"mRunTime":0,"mStartTime":36000000,"mTimeUnit":600000,"mWalkTime":25346,"runStep":0,"walkStep":38},{"distance":25.510002,"mCalorie":1.3,"mOthersTime":0,"mRunTime":0,"mStartTime":36600000,"mTimeUnit":600000,"mWalkTime":22678,"runStep":0,"walkStep":34},{"distance":12.49,"mCalorie":0.52,"mOthersTime":0,"mRunTime":0,"mStartTime":37200000,"mTimeUnit":600000,"mWalkTime":10672,"runStep":0,"walkStep":16},{"distance":11.67,"mCalorie":0.54,"mOthersTime":0,"mRunTime":0,"mStartTime":38400000,"mTimeUnit":600000,"mWalkTime":10672,"runStep":0,"walkStep":16},{"distance":9.97,"mCalorie":0.45,"mOthersTime":0,"mRunTime":0,"mStartTime":39600000,"mTimeUnit":600000,"mWalkTime":8671,"runStep":0,"walkStep":13},{"distance":8.903,"mCalorie":0.33,"mOthersTime":0,"mRunTime":0,"mStartTime":40800000,"mTimeUnit":600000,"mWalkTime":8004,"runStep":0,"walkStep":12},{"distance":9.1,"mCalorie":0.4,"mOthersTime":0,"mRunTime":0,"mStartTime":41400000,"mTimeUnit":600000,"mWalkTime":8004,"runStep":0,"walkStep":12},{"distance":12.71,"mCalorie":0.61,"mOthersTime":0,"mRunTime":0,"mStartTime":42000000,"mTimeUnit":600000,"mWalkTime":11339,"runStep":0,"walkStep":17},{"distance":121.270004,"mCalorie":5.9,"mOthersTime":0,"mRunTime":0,"mStartTime":42600000,"mTimeUnit":600000,"mWalkTime":107387,"runStep":0,"walkStep":161},{"distance":35.459,"mCalorie":1.72,"mOthersTime":0,"mRunTime":0,"mStartTime":43200000,"mTimeUnit":600000,"mWalkTime":31349,"runStep":0,"walkStep":47},{"distance":555.61,"mCalorie":29.24,"mOthersTime":0,"mRunTime":0,"mStartTime":43800000,"mTimeUnit":600000,"mWalkTime":485426,"runStep":0,"walkStep":774},{"distance":38.260002,"mCalorie":1.98,"mOthersTime":0,"mRunTime":0,"mStartTime":44400000,"mTimeUnit":600000,"mWalkTime":34684,"runStep":0,"walkStep":52},{"distance":10.04,"mCalorie":0.47,"mOthersTime":0,"mRunTime":0,"mStartTime":45000000,"mTimeUnit":600000,"mWalkTime":8671,"runStep":0,"walkStep":13},{"distance":7.37,"mCalorie":0.35,"mOthersTime":0,"mRunTime":0,"mStartTime":45600000,"mTimeUnit":600000,"mWalkTime":6670,"runStep":0,"walkStep":10},{"distance":369.76,"mCalorie":20.999998,"mOthersTime":0,"mRunTime":2800,"mStartTime":46200000,"mTimeUnit":600000,"mWalkTime":298726,"runStep":7,"walkStep":507},{"distance":102.68,"mCalorie":5.01,"mOthersTime":0,"mRunTime":0,"mStartTime":46800000,"mTimeUnit":600000,"mWalkTime":92713,"runStep":0,"walkStep":139},{"distance":11.67,"mCalorie":0.58,"mOthersTime":0,"mRunTime":0,"mStartTime":47400000,"mTimeUnit":600000,"mWalkTime":10672,"runStep":0,"walkStep":16},{"distance":11.059,"mCalorie":0.48,"mOthersTime":0,"mRunTime":800,"mStartTime":49200000,"mTimeUnit":600000,"mWalkTime":7337,"runStep":2,"walkStep":11},{"distance":14.42,"mCalorie":0.94,"mOthersTime":0,"mRunTime":2400,"mStartTime":53400000,"mTimeUnit":600000,"mWalkTime":6670,"runStep":6,"walkStep":10},{"distance":54.9,"mCalorie":2.72,"mOthersTime":0,"mRunTime":0,"mStartTime":54000000,"mTimeUnit":600000,"mWalkTime":50025,"runStep":0,"walkStep":75},{"distance":63.699997,"mCalorie":3.14,"mOthersTime":0,"mRunTime":0,"mStartTime":54600000,"mTimeUnit":600000,"mWalkTime":57362,"runStep":0,"walkStep":86},{"distance":82.5,"mCalorie":4.21,"mOthersTime":0,"mRunTime":0,"mStartTime":55800000,"mTimeUnit":600000,"mWalkTime":77372,"runStep":0,"walkStep":116},{"distance":10.24,"mCalorie":0.67,"mOthersTime":0,"mRunTime":0,"mStartTime":57600000,"mTimeUnit":600000,"mWalkTime":10005,"runStep":0,"walkStep":15},{"distance":30.28,"mCalorie":1.471,"mOthersTime":0,"mRunTime":0,"mStartTime":58200000,"mTimeUnit":600000,"mWalkTime":27347,"runStep":0,"walkStep":41},{"distance":121.240005,"mCalorie":6.41,"mOthersTime":0,"mRunTime":400,"mStartTime":58800000,"mTimeUnit":600000,"mWalkTime":116058,"runStep":1,"walkStep":174},{"distance":77.78999,"mCalorie":4.36,"mOthersTime":0,"mRunTime":0,"mStartTime":59400000,"mTimeUnit":600000,"mWalkTime":74704,"runStep":0,"walkStep":112},{"distance":145.75,"mCalorie":8.5,"mOthersTime":0,"mRunTime":23600,"mStartTime":60000000,"mTimeUnit":600000,"mWalkTime":74037,"runStep":59,"walkStep":111},{"distance":158.634,"mCalorie":8.499,"mOthersTime":0,"mRunTime":1600,"mStartTime":61200000,"mTimeUnit":600000,"mWalkTime":134037,"runStep":4,"walkStep":212},{"distance":186.01,"mCalorie":10.070001,"mOthersTime":0,"mRunTime":0,"mStartTime":61800000,"mTimeUnit":600000,"mWalkTime":169388,"runStep":0,"walkStep":255},{"distance":35.29,"mCalorie":1.71,"mOthersTime":0,"mRunTime":0,"mStartTime":62400000,"mTimeUnit":600000,"mWalkTime":32683,"runStep":0,"walkStep":49},{"distance":31.859999,"mCalorie":1.6899999,"mOthersTime":0,"mRunTime":0,"mStartTime":63000000,"mTimeUnit":600000,"mWalkTime":30682,"runStep":0,"walkStep":46},{"distance":33.059998,"mCalorie":1.6,"mOthersTime":0,"mRunTime":0,"mStartTime":63600000,"mTimeUnit":600000,"mWalkTime":30015,"runStep":0,"walkStep":45},{"distance":17.96,"mCalorie":0.86,"mOthersTime":0,"mRunTime":0,"mStartTime":65400000,"mTimeUnit":600000,"mWalkTime":16008,"runStep":0,"walkStep":24},{"distance":59.469997,"mCalorie":3.85,"mOthersTime":0,"mRunTime":0,"mStartTime":66600000,"mTimeUnit":600000,"mWalkTime":66033,"runStep":0,"walkStep":99},{"distance":121.132,"mCalorie":5.731,"mOthersTime":0,"mRunTime":0,"mStartTime":67800000,"mTimeUnit":600000,"mWalkTime":109388,"runStep":0,"walkStep":164},{"distance":7.65,"mCalorie":0.45,"mOthersTime":0,"mRunTime":0,"mStartTime":69000000,"mTimeUnit":600000,"mWalkTime":7337,"runStep":0,"walkStep":11},{"distance":60.16,"mCalorie":3.19,"mOthersTime":0,"mRunTime":4800,"mStartTime":69600000,"mTimeUnit":600000,"mWalkTime":38686,"runStep":12,"walkStep":58},{"distance":67.232,"mCalorie":3.3500004,"mOthersTime":0,"mRunTime":0,"mStartTime":70200000,"mTimeUnit":600000,"mWalkTime":61364,"runStep":0,"walkStep":92},{"distance":11.72,"mCalorie":0.56,"mOthersTime":0,"mRunTime":0,"mStartTime":70800000,"mTimeUnit":600000,"mWalkTime":10672,"runStep":0,"walkStep":16},{"distance":30.79,"mCalorie":1.58,"mOthersTime":0,"mRunTime":0,"mStartTime":71400000,"mTimeUnit":600000,"mWalkTime":28681,"runStep":0,"walkStep":43},{"distance":72.311,"mCalorie":3.8899999,"mOthersTime":0,"mRunTime":2800,"mStartTime":78600000,"mTimeUnit":600000,"mWalkTime":56695,"runStep":7,"walkStep":85},{"distance":10.84,"mCalorie":0.6,"mOthersTime":0,"mRunTime":0,"mStartTime":79200000,"mTimeUnit":600000,"mWalkTime":10005,"runStep":0,"walkStep":15}],"version":1}