{"mActivityList":[{"mActiveTime":600000,"mActiveTimeType":2,"mCalorie":50.24,"mCategory":204,"mDetailInfoId":"5330f6cd-8b38-5e87-6285-22bdc10695d4","mDistance":0.0,"mDuration":600000,"mEndTime":79228028,"mStartTime":78628028,"mType":11007}],"mAdaptiveGoal":0,"mIsGoalAchieved":false,"mIsMostActiveAchieved":false,"mMostActiveMinutes":0,"mStreakDayCount":0,"mUnitDataList":[{"distance":11.8,"mCalorie":0.57,"mOthersTime":0,"mRunTime":0,"mStartTime":32400000,"mTimeUnit":600000,"mWalkTime":10672,"runStep":0,"walkStep":16},{"distance":112.46,"mCalorie":5.79,"mOthersTime":0,"mRunTime":0,"mStartTime":33600000,"mTimeUnit":600000,"mWalkTime":103385,"runStep":0,"walkStep":155},{"distance":24.509998,"mCalorie":1.23,"mOthersTime":0,"mRunTime":0,"mStartTime":34200000,"mTimeUnit":600000,"mWalkTime":22011,"runStep":0,"walkStep":33},{"distance":56.86,"mCalorie":2.85,"mOthersTime":0,"mRunTime":0,"mStartTime":35400000,"mTimeUnit":600000,"mWalkTime":52026,"runStep":0,"walkStep":78},{"distance":113.11,"mCalorie":5.0,"mOthersTime":0,"mRunTime":0,"mStartTime":36000000,"mTimeUnit":600000,"mWalkTime":99383,"runStep":0,"walkStep":149},{"distance":98.10999,"mCalorie":4.19,"mOthersTime":0,"mRunTime":0,"mStartTime":36600000,"mTimeUnit":600000,"mWalkTime":81344,"runStep":0,"walkStep":127},{"distance":133.16,"mCalorie":7.05,"mOthersTime":0,"mRunTime":0,"mStartTime":38400000,"mTimeUnit":600000,"mWalkTime":118029,"runStep":0,"walkStep":177},{"distance":349.05,"mCalorie":19.34,"mOthersTime":0,"mRunTime":0,"mStartTime":39000000,"mTimeUnit":600000,"mWalkTime":302728,"runStep":0,"walkStep":484},{"distance":141.29001,"mCalorie":7.589999,"mOthersTime":0,"mRunTime":0,"mStartTime":39600000,"mTimeUnit":600000,"mWalkTime":130065,"runStep":0,"walkStep":195},{"distance":336.29,"mCalorie":19.13,"mOthersTime":0,"mRunTime":0,"mStartTime":40200000,"mTimeUnit":600000,"mWalkTime":274714,"runStep":0,"walkStep":463},{"distance":61.19,"mCalorie":3.0899997,"mOthersTime":0,"mRunTime":0,"mStartTime":40800000,"mTimeUnit":600000,"mWalkTime":55361,"runStep":0,"walkStep":83},{"distance":50.42,"mCalorie":2.52,"mOthersTime":0,"mRunTime":0,"mStartTime":41400000,"mTimeUnit":600000,"mWalkTime":45356,"runStep":0,"walkStep":68},{"distance":154.73001,"mCalorie":8.720001,"mOthersTime":0,"mRunTime":0,"mStartTime":42000000,"mTimeUnit":600000,"mWalkTime":142738,"runStep":0,"walkStep":214},{"distance":4.66,"mCalorie":0.21,"mOthersTime":0,"mRunTime":0,"mStartTime":44400000,"mTimeUnit":600000,"mWalkTime":4002,"runStep":0,"walkStep":6},{"distance":27.58,"mCalorie":1.38,"mOthersTime":0,"mRunTime":0,"mStartTime":45000000,"mTimeUnit":600000,"mWalkTime":24679,"runStep":0,"walkStep":37},{"distance":200.202,"mCalorie":12.7,"mOthersTime":0,"mRunTime":4000,"mStartTime":45600000,"mTimeUnit":600000,"mWalkTime":188731,"runStep":10,"walkStep":287},{"distance":254.65,"mCalorie":14.57,"mOthersTime":0,"mRunTime":0,"mStartTime":46200000,"mTimeUnit":600000,"mWalkTime":212016,"runStep":0,"walkStep":360},{"distance":160.93,"mCalorie":8.3499975,"mOthersTime":0,"mRunTime":0,"mStartTime":46800000,"mTimeUnit":600000,"mWalkTime":146740,"runStep":0,"walkStep":220},{"distance":9.211,"mCalorie":0.2,"mOthersTime":0,"mRunTime":0,"mStartTime":47400000,"mTimeUnit":600000,"mWalkTime":7337,"runStep":0,"walkStep":11},{"distance":11.49,"mCalorie":0.55,"mOthersTime":0,"mRunTime":0,"mStartTime":48000000,"mTimeUnit":600000,"mWalkTime":10672,"runStep":0,"walkStep":16},{"distance":9.12,"mCalorie":0.29,"mOthersTime":0,"mRunTime":0,"mStartTime":48600000,"mTimeUnit":600000,"mWalkTime":7337,"runStep":0,"walkStep":11},{"distance":49.890003,"mCalorie":2.4400003,"mOthersTime":0,"mRunTime":0,"mStartTime":49200000,"mTimeUnit":600000,"mWalkTime":44689,"runStep":0,"walkStep":67},{"distance":404.38,"mCalorie":21.150002,"mOthersTime":0,"mRunTime":0,"mStartTime":49800000,"mTimeUnit":600000,"mWalkTime":336745,"runStep":0,"walkStep":558},{"distance":57.079998,"mCalorie":2.9399998,"mOthersTime":0,"mRunTime":0,"mStartTime":50400000,"mTimeUnit":600000,"mWalkTime":52693,"runStep":0,"walkStep":79},{"distance":297.48,"mCalorie":14.64,"mOthersTime":0,"mRunTime":0,"mStartTime":51600000,"mTimeUnit":600000,"mWalkTime":262768,"runStep":0,"walkStep":405},{"distance":64.47,"mCalorie":3.3600001,"mOthersTime":0,"mRunTime":0,"mStartTime":52200000,"mTimeUnit":600000,"mWalkTime":58696,"runStep":0,"walkStep":88},{"distance":12.01,"mCalorie":0.58000004,"mOthersTime":0,"mRunTime":0,"mStartTime":54000000,"mTimeUnit":600000,"mWalkTime":10672,"runStep":0,"walkStep":16},{"distance":5.0,"mCalorie":0.26,"mOthersTime":0,"mRunTime":0,"mStartTime":56400000,"mTimeUnit":600000,"mWalkTime":4669,"runStep":0,"walkStep":7},{"distance":15.85,"mCalorie":0.77,"mOthersTime":0,"mRunTime":0,"mStartTime":58800000,"mTimeUnit":600000,"mWalkTime":14007,"runStep":0,"walkStep":21},{"distance":5.82,"mCalorie":0.29999998,"mOthersTime":0,"mRunTime":0,"mStartTime":60000000,"mTimeUnit":600000,"mWalkTime":5336,"runStep":0,"walkStep":8},{"distance":21.999996,"mCalorie":1.1200001,"mOthersTime":0,"mRunTime":0,"mStartTime":60600000,"mTimeUnit":600000,"mWalkTime":20010,"runStep":0,"walkStep":30},{"distance":14.050001,"mCalorie":0.68000007,"mOthersTime":0,"mRunTime":0,"mStartTime":61200000,"mTimeUnit":600000,"mWalkTime":12673,"runStep":0,"walkStep":19},{"distance":14.77,"mCalorie":0.8,"mOthersTime":0,"mRunTime":0,"mStartTime":61800000,"mTimeUnit":600000,"mWalkTime":14007,"runStep":0,"walkStep":21},{"distance":149.46,"mCalorie":7.6599994,"mOthersTime":0,"mRunTime":0,"mStartTime":65400000,"mTimeUnit":600000,"mWalkTime":134734,"runStep":0,"walkStep":202},{"distance":276.84,"mCalorie":13.839999,"mOthersTime":0,"mRunTime":0,"mStartTime":66000000,"mTimeUnit":600000,"mWalkTime":231389,"runStep":0,"walkStep":373},{"distance":159.75002,"mCalorie":8.299999,"mOthersTime":0,"mRunTime":0,"mStartTime":67200000,"mTimeUnit":600000,"mWalkTime":140737,"runStep":0,"walkStep":211},{"distance":9.83,"mCalorie":0.44,"mOthersTime":0,"mRunTime":0,"mStartTime":68400000,"mTimeUnit":600000,"mWalkTime":8671,"runStep":0,"walkStep":13},{"distance":21.131,"mCalorie":1.38,"mOthersTime":0,"mRunTime":2000,"mStartTime":69000000,"mTimeUnit":600000,"mWalkTime":14007,"runStep":5,"walkStep":21},{"distance":11.709999,"mCalorie":0.57,"mOthersTime":0,"mRunTime":0,"mStartTime":70200000,"mTimeUnit":600000,"mWalkTime":10672,"runStep":0,"walkStep":16},{"distance":7.31,"mCalorie":0.36,"mOthersTime":0,"mRunTime":0,"mStartTime":72000000,"mTimeUnit":600000,"mWalkTime":6670,"runStep":0,"walkStep":10},{"distance":236.96,"mCalorie":12.4,"mOthersTime":0,"mRunTime":9200,"mStartTime":75600000,"mTimeUnit":600000,"mWalkTime":192733,"runStep":23,"walkStep":294},{"distance":442.0,"mCalorie":24.869999,"mOthersTime":0,"mRunTime":0,"mStartTime":76200000,"mTimeUnit":600000,"mWalkTime":390105,"runStep":0,"walkStep":611},{"distance":109.06999,"mCalorie":5.21,"mOthersTime":0,"mRunTime":0,"mStartTime":76800000,"mTimeUnit":600000,"mWalkTime":99383,"runStep":0,"walkStep":149},{"distance":126.229996,"mCalorie":5.9300003,"mOthersTime":0,"mRunTime":0,"mStartTime":78000000,"mTimeUnit":600000,"mWalkTime":111359,"runStep":0,"walkStep":169},{"distance":4.5031657,"mCalorie":48.12202,"mOthersTime":571972,"mRunTime":0,"mStartTime":78600000,"mTimeUnit":600000,"mWalkTime":4050,"runStep":0,"walkStep":161},{"distance":64.34598,"mCalorie":5.646738,"mOthersTime":28028,"mRunTime":0,"mStartTime":79200000,"mTimeUnit":600000,"mWalkTime":59582,"runStep":0,"walkStep":94},{"distance":13.92,"mCalorie":0.7,"mOthersTime":0,"mRunTime":0,"mStartTime":79800000,"mTimeUnit":600000,"mWalkTime":12673,"runStep":0,"walkStep":19},{"distance":108.560005,"mCalorie":6.21,"mOthersTime":0,"mRunTime":400,"mStartTime":81000000,"mTimeUnit":600000,"mWalkTime":108721,"runStep":1,"walkStep":163},{"distance":423.17807,"mCalorie":22.699995,"mOthersTime":0,"mRunTime":0,"mStartTime":81600000,"mTimeUnit":600000,"mWalkTime":349358,"runStep":0,"walkStep":578},{"distance":33.39,"mCalorie":1.54,"mOthersTime":0,"mRunTime":0,"mStartTime":82200000,"mTimeUnit":600000,"mWalkTime":28014,"runStep":0,"walkStep":42},{"distance":405.82004,"mCalorie":23.099998,"mOthersTime":0,"mRunTime":0,"mStartTime":84600000,"mTimeUnit":600000,"mWalkTime":333380,"runStep":0,"walkStep":563},{"distance":23.13,"mCalorie":1.09,"mOthersTime":0,"mRunTime":0,"mStartTime":85200000,"mTimeUnit":600000,"mWalkTime":20677,"runStep":0,"walkStep":31},{"distance":75.079,"mCalorie":3.56,"mOthersTime":0,"mRunTime":0,"mStartTime":85800000,"mTimeUnit":600000,"mWalkTime":67367,"runStep":0,"walkStep":101}],"version":1}