{"mAdaptiveGoal":0,"mIsGoalAchieved":false,"mIsMostActiveAchieved":false,"mMostActiveMinutes":0,"mStreakDayCount":0,"mUnitDataList":[{"distance":14.94,"mCalorie":0.74,"mOthersTime":0,"mRunTime":0,"mStartTime":18000000,"mTimeUnit":600000,"mWalkTime":13340,"runStep":0,"walkStep":20},{"distance":88.83,"mCalorie":5.46,"mOthersTime":0,"mRunTime":0,"mStartTime":18600000,"mTimeUnit":600000,"mWalkTime":95381,"runStep":0,"walkStep":143},{"distance":63.160004,"mCalorie":3.33,"mOthersTime":0,"mRunTime":0,"mStartTime":19200000,"mTimeUnit":600000,"mWalkTime":58029,"runStep":0,"walkStep":87},{"distance":32.86,"mCalorie":1.73,"mOthersTime":0,"mRunTime":0,"mStartTime":20400000,"mTimeUnit":600000,"mWalkTime":28681,"runStep":0,"walkStep":43},{"distance":59.239998,"mCalorie":3.12,"mOthersTime":0,"mRunTime":0,"mStartTime":21600000,"mTimeUnit":600000,"mWalkTime":54027,"runStep":0,"walkStep":81},{"distance":20.2,"mCalorie":1.06,"mOthersTime":0,"mRunTime":0,"mStartTime":22200000,"mTimeUnit":600000,"mWalkTime":18676,"runStep":0,"walkStep":28},{"distance":33.24,"mCalorie":1.56,"mOthersTime":0,"mRunTime":0,"mStartTime":33600000,"mTimeUnit":600000,"mWalkTime":30015,"runStep":0,"walkStep":45},{"distance":50.25,"mCalorie":2.6,"mOthersTime":0,"mRunTime":0,"mStartTime":34200000,"mTimeUnit":600000,"mWalkTime":46023,"runStep":0,"walkStep":69},{"distance":64.66,"mCalorie":3.16,"mOthersTime":0,"mRunTime":0,"mStartTime":34800000,"mTimeUnit":600000,"mWalkTime":58029,"runStep":0,"walkStep":87},{"distance":51.91,"mCalorie":2.44,"mOthersTime":0,"mRunTime":0,"mStartTime":35400000,"mTimeUnit":600000,"mWalkTime":46690,"runStep":0,"walkStep":70},{"distance":36.989998,"mCalorie":1.94,"mOthersTime":0,"mRunTime":0,"mStartTime":36600000,"mTimeUnit":600000,"mWalkTime":34017,"runStep":0,"walkStep":51},{"distance":85.16,"mCalorie":4.13,"mOthersTime":0,"mRunTime":0,"mStartTime":37800000,"mTimeUnit":600000,"mWalkTime":76038,"runStep":0,"walkStep":114},{"distance":51.25,"mCalorie":2.9,"mOthersTime":0,"mRunTime":2800,"mStartTime":38400000,"mTimeUnit":600000,"mWalkTime":39353,"runStep":7,"walkStep":59},{"distance":132.16,"mCalorie":6.61,"mOthersTime":0,"mRunTime":0,"mStartTime":39000000,"mTimeUnit":600000,"mWalkTime":118059,"runStep":0,"walkStep":177},{"distance":83.67999,"mCalorie":4.48,"mOthersTime":0,"mRunTime":0,"mStartTime":39600000,"mTimeUnit":600000,"mWalkTime":76705,"runStep":0,"walkStep":115},{"distance":392.19,"mCalorie":19.98,"mOthersTime":0,"mRunTime":0,"mStartTime":40200000,"mTimeUnit":600000,"mWalkTime":329438,"runStep":0,"walkStep":529},{"distance":270.49002,"mCalorie":17.58,"mOthersTime":0,"mRunTime":1200,"mStartTime":40800000,"mTimeUnit":600000,"mWalkTime":236088,"runStep":3,"walkStep":367},{"distance":25.23,"mCalorie":1.24,"mOthersTime":0,"mRunTime":0,"mStartTime":41400000,"mTimeUnit":600000,"mWalkTime":22678,"runStep":0,"walkStep":34},{"distance":13.87,"mCalorie":0.67999995,"mOthersTime":0,"mRunTime":0,"mStartTime":42000000,"mTimeUnit":600000,"mWalkTime":12673,"runStep":0,"walkStep":19},{"distance":45.440002,"mCalorie":2.35,"mOthersTime":0,"mRunTime":400,"mStartTime":43200000,"mTimeUnit":600000,"mWalkTime":39353,"runStep":1,"walkStep":59},{"distance":55.61,"mCalorie":2.8799999,"mOthersTime":0,"mRunTime":1600,"mStartTime":43800000,"mTimeUnit":600000,"mWalkTime":46023,"runStep":4,"walkStep":69},{"distance":112.29,"mCalorie":6.21,"mOthersTime":0,"mRunTime":3600,"mStartTime":44400000,"mTimeUnit":600000,"mWalkTime":92046,"runStep":9,"walkStep":138},{"distance":53.3,"mCalorie":3.34,"mOthersTime":0,"mRunTime":11600,"mStartTime":45000000,"mTimeUnit":600000,"mWalkTime":23345,"runStep":29,"walkStep":35},{"distance":46.309998,"mCalorie":3.0900002,"mOthersTime":0,"mRunTime":7200,"mStartTime":45600000,"mTimeUnit":600000,"mWalkTime":22678,"runStep":18,"walkStep":34},{"distance":124.81,"mCalorie":7.07,"mOthersTime":0,"mRunTime":1200,"mStartTime":46200000,"mTimeUnit":600000,"mWalkTime":116058,"runStep":3,"walkStep":174},{"distance":379.77,"mCalorie":21.319998,"mOthersTime":0,"mRunTime":0,"mStartTime":46800000,"mTimeUnit":600000,"mWalkTime":337472,"runStep":0,"walkStep":523},{"distance":301.66,"mCalorie":14.37,"mOthersTime":0,"mRunTime":0,"mStartTime":47400000,"mTimeUnit":600000,"mWalkTime":241394,"runStep":0,"walkStep":399},{"distance":26.21,"mCalorie":1.37,"mOthersTime":0,"mRunTime":0,"mStartTime":49200000,"mTimeUnit":600000,"mWalkTime":24012,"runStep":0,"walkStep":36},{"distance":309.51,"mCalorie":15.51,"mOthersTime":0,"mRunTime":0,"mStartTime":49800000,"mTimeUnit":600000,"mWalkTime":280140,"runStep":0,"walkStep":420},{"distance":119.1,"mCalorie":5.8199997,"mOthersTime":0,"mRunTime":0,"mStartTime":50400000,"mTimeUnit":600000,"mWalkTime":108054,"runStep":0,"walkStep":162},{"distance":299.98,"mCalorie":13.92,"mOthersTime":0,"mRunTime":0,"mStartTime":52800000,"mTimeUnit":600000,"mWalkTime":243395,"runStep":0,"walkStep":388},{"distance":171.0,"mCalorie":8.530001,"mOthersTime":0,"mRunTime":0,"mStartTime":53400000,"mTimeUnit":600000,"mWalkTime":146710,"runStep":0,"walkStep":225},{"distance":22.21,"mCalorie":1.1,"mOthersTime":0,"mRunTime":0,"mStartTime":57000000,"mTimeUnit":600000,"mWalkTime":20010,"runStep":0,"walkStep":30},{"distance":147.17,"mCalorie":7.97,"mOthersTime":0,"mRunTime":0,"mStartTime":57600000,"mTimeUnit":600000,"mWalkTime":142738,"runStep":0,"walkStep":214},{"distance":125.69,"mCalorie":5.6099997,"mOthersTime":0,"mRunTime":0,"mStartTime":58200000,"mTimeUnit":600000,"mWalkTime":98019,"runStep":0,"walkStep":165},{"distance":470.50098,"mCalorie":22.86,"mOthersTime":0,"mRunTime":0,"mStartTime":58800000,"mTimeUnit":600000,"mWalkTime":387377,"runStep":0,"walkStep":648},{"distance":387.18997,"mCalorie":19.34,"mOthersTime":0,"mRunTime":0,"mStartTime":59400000,"mTimeUnit":600000,"mWalkTime":314037,"runStep":0,"walkStep":536},{"distance":268.37994,"mCalorie":13.659996,"mOthersTime":0,"mRunTime":0,"mStartTime":60000000,"mTimeUnit":600000,"mWalkTime":244062,"runStep":0,"walkStep":367},{"distance":466.83994,"mCalorie":24.319988,"mOthersTime":0,"mRunTime":0,"mStartTime":60600000,"mTimeUnit":600000,"mWalkTime":384072,"runStep":0,"walkStep":635},{"distance":159.08005,"mCalorie":8.129997,"mOthersTime":0,"mRunTime":0,"mStartTime":63000000,"mTimeUnit":600000,"mWalkTime":136038,"runStep":0,"walkStep":214},{"distance":276.85,"mCalorie":14.74,"mOthersTime":0,"mRunTime":0,"mStartTime":63600000,"mTimeUnit":600000,"mWalkTime":231359,"runStep":0,"walkStep":389},{"distance":100.03,"mCalorie":5.14,"mOthersTime":0,"mRunTime":0,"mStartTime":64200000,"mTimeUnit":600000,"mWalkTime":91379,"runStep":0,"walkStep":137},{"distance":4.45,"mCalorie":0.21,"mOthersTime":0,"mRunTime":0,"mStartTime":64800000,"mTimeUnit":600000,"mWalkTime":4002,"runStep":0,"walkStep":6},{"distance":8.19,"mCalorie":0.37,"mOthersTime":0,"mRunTime":0,"mStartTime":66600000,"mTimeUnit":600000,"mWalkTime":7337,"runStep":0,"walkStep":11},{"distance":50.35,"mCalorie":2.63,"mOthersTime":0,"mRunTime":0,"mStartTime":67200000,"mTimeUnit":600000,"mWalkTime":47357,"runStep":0,"walkStep":71},{"distance":24.02,"mCalorie":1.1899999,"mOthersTime":0,"mRunTime":0,"mStartTime":67800000,"mTimeUnit":600000,"mWalkTime":21344,"runStep":0,"walkStep":32},{"distance":15.540001,"mCalorie":0.72,"mOthersTime":0,"mRunTime":0,"mStartTime":68400000,"mTimeUnit":600000,"mWalkTime":14007,"runStep":0,"walkStep":21},{"distance":15.710001,"mCalorie":0.78,"mOthersTime":0,"mRunTime":0,"mStartTime":69000000,"mTimeUnit":600000,"mWalkTime":14674,"runStep":0,"walkStep":22},{"distance":18.82,"mCalorie":0.79,"mOthersTime":0,"mRunTime":0,"mStartTime":70200000,"mTimeUnit":600000,"mWalkTime":16008,"runStep":0,"walkStep":24},{"distance":9.36,"mCalorie":0.42,"mOthersTime":0,"mRunTime":0,"mStartTime":73800000,"mTimeUnit":600000,"mWalkTime":8004,"runStep":0,"walkStep":12},{"distance":41.48,"mCalorie":1.9900001,"mOthersTime":0,"mRunTime":1200,"mStartTime":74400000,"mTimeUnit":600000,"mWalkTime":30015,"runStep":3,"walkStep":45},{"distance":77.03,"mCalorie":3.78,"mOthersTime":0,"mRunTime":0,"mStartTime":75000000,"mTimeUnit":600000,"mWalkTime":68701,"runStep":0,"walkStep":103},{"distance":32.3,"mCalorie":1.5,"mOthersTime":0,"mRunTime":0,"mStartTime":76200000,"mTimeUnit":600000,"mWalkTime":28681,"runStep":0,"walkStep":43},{"distance":74.69,"mCalorie":4.51,"mOthersTime":0,"mRunTime":0,"mStartTime":76800000,"mTimeUnit":600000,"mWalkTime":80040,"runStep":0,"walkStep":120},{"distance":241.42,"mCalorie":14.29,"mOthersTime":0,"mRunTime":400,"mStartTime":77400000,"mTimeUnit":600000,"mWalkTime":224112,"runStep":1,"walkStep":336},{"distance":114.18,"mCalorie":5.95,"mOthersTime":0,"mRunTime":0,"mStartTime":78000000,"mTimeUnit":600000,"mWalkTime":105386,"runStep":0,"walkStep":158},{"distance":33.32,"mCalorie":1.78,"mOthersTime":0,"mRunTime":0,"mStartTime":78600000,"mTimeUnit":600000,"mWalkTime":30682,"runStep":0,"walkStep":46},{"distance":57.559998,"mCalorie":2.81,"mOthersTime":0,"mRunTime":0,"mStartTime":80400000,"mTimeUnit":600000,"mWalkTime":48691,"runStep":0,"walkStep":73},{"distance":231.32999,"mCalorie":12.68,"mOthersTime":0,"mRunTime":0,"mStartTime":81000000,"mTimeUnit":600000,"mWalkTime":216108,"runStep":0,"walkStep":324},{"distance":133.79001,"mCalorie":6.88,"mOthersTime":0,"mRunTime":0,"mStartTime":81600000,"mTimeUnit":600000,"mWalkTime":121394,"runStep":0,"walkStep":182}],"version":1}