{"mAdaptiveGoal":0,"mIsGoalAchieved":false,"mIsMostActiveAchieved":false,"mMostActiveMinutes":0,"mStreakDayCount":0,"mUnitDataList":[{"distance":9.51,"mCalorie":0.51,"mOthersTime":0,"mRunTime":0,"mStartTime":0,"mTimeUnit":600000,"mWalkTime":6670,"runStep":0,"walkStep":10},{"distance":35.41,"mCalorie":1.6600001,"mOthersTime":0,"mRunTime":0,"mStartTime":600000,"mTimeUnit":600000,"mWalkTime":31349,"runStep":0,"walkStep":47},{"distance":9.64,"mCalorie":0.42,"mOthersTime":0,"mRunTime":0,"mStartTime":8400000,"mTimeUnit":600000,"mWalkTime":8004,"runStep":0,"walkStep":12},{"distance":15.54,"mCalorie":0.71,"mOthersTime":0,"mRunTime":0,"mStartTime":9000000,"mTimeUnit":600000,"mWalkTime":14007,"runStep":0,"walkStep":21},{"distance":36.52,"mCalorie":2.0,"mOthersTime":0,"mRunTime":4400,"mStartTime":19200000,"mTimeUnit":600000,"mWalkTime":22678,"runStep":11,"walkStep":34},{"distance":10.36,"mCalorie":0.55,"mOthersTime":0,"mRunTime":0,"mStartTime":19800000,"mTimeUnit":600000,"mWalkTime":9338,"runStep":0,"walkStep":14},{"distance":8.23,"mCalorie":0.4,"mOthersTime":0,"mRunTime":0,"mStartTime":20400000,"mTimeUnit":600000,"mWalkTime":7337,"runStep":0,"walkStep":11},{"distance":9.53,"mCalorie":0.35,"mOthersTime":0,"mRunTime":0,"mStartTime":21000000,"mTimeUnit":600000,"mWalkTime":8004,"runStep":0,"walkStep":12},{"distance":14.98,"mCalorie":0.78999996,"mOthersTime":0,"mRunTime":0,"mStartTime":29400000,"mTimeUnit":600000,"mWalkTime":14674,"runStep":0,"walkStep":22},{"distance":8.81,"mCalorie":0.54,"mOthersTime":0,"mRunTime":0,"mStartTime":30000000,"mTimeUnit":600000,"mWalkTime":8671,"runStep":0,"walkStep":13},{"distance":64.83,"mCalorie":2.8799999,"mOthersTime":0,"mRunTime":0,"mStartTime":33000000,"mTimeUnit":600000,"mWalkTime":58696,"runStep":0,"walkStep":88},{"distance":109.87,"mCalorie":5.5200005,"mOthersTime":0,"mRunTime":0,"mStartTime":33600000,"mTimeUnit":600000,"mWalkTime":104719,"runStep":0,"walkStep":157},{"distance":62.800003,"mCalorie":3.75,"mOthersTime":0,"mRunTime":400,"mStartTime":34200000,"mTimeUnit":600000,"mWalkTime":54027,"runStep":1,"walkStep":81},{"distance":90.5,"mCalorie":4.82,"mOthersTime":0,"mRunTime":1200,"mStartTime":34800000,"mTimeUnit":600000,"mWalkTime":82041,"runStep":3,"walkStep":123},{"distance":42.57,"mCalorie":2.21,"mOthersTime":0,"mRunTime":0,"mStartTime":35400000,"mTimeUnit":600000,"mWalkTime":39353,"runStep":0,"walkStep":59},{"distance":86.36,"mCalorie":4.1800003,"mOthersTime":0,"mRunTime":2800,"mStartTime":36000000,"mTimeUnit":600000,"mWalkTime":70035,"runStep":7,"walkStep":105},{"distance":19.59,"mCalorie":1.06,"mOthersTime":0,"mRunTime":0,"mStartTime":42000000,"mTimeUnit":600000,"mWalkTime":18676,"runStep":0,"walkStep":28},{"distance":7.63,"mCalorie":0.38,"mOthersTime":0,"mRunTime":0,"mStartTime":43200000,"mTimeUnit":600000,"mWalkTime":7337,"runStep":0,"walkStep":11},{"distance":16.32,"mCalorie":0.91999996,"mOthersTime":0,"mRunTime":0,"mStartTime":43800000,"mTimeUnit":600000,"mWalkTime":16008,"runStep":0,"walkStep":24},{"distance":8.02,"mCalorie":0.34,"mOthersTime":0,"mRunTime":0,"mStartTime":44400000,"mTimeUnit":600000,"mWalkTime":7337,"runStep":0,"walkStep":11},{"distance":21.62,"mCalorie":1.02,"mOthersTime":0,"mRunTime":0,"mStartTime":45000000,"mTimeUnit":600000,"mWalkTime":18009,"runStep":0,"walkStep":27},{"distance":8.05,"mCalorie":0.42,"mOthersTime":0,"mRunTime":0,"mStartTime":47400000,"mTimeUnit":600000,"mWalkTime":7337,"runStep":0,"walkStep":11},{"distance":21.95,"mCalorie":1.17,"mOthersTime":0,"mRunTime":0,"mStartTime":49800000,"mTimeUnit":600000,"mWalkTime":20677,"runStep":0,"walkStep":31},{"distance":15.31,"mCalorie":0.79,"mOthersTime":0,"mRunTime":0,"mStartTime":53400000,"mTimeUnit":600000,"mWalkTime":14674,"runStep":0,"walkStep":22},{"distance":15.700001,"mCalorie":0.76,"mOthersTime":0,"mRunTime":0,"mStartTime":55800000,"mTimeUnit":600000,"mWalkTime":14007,"runStep":0,"walkStep":21},{"distance":8.44,"mCalorie":0.3,"mOthersTime":0,"mRunTime":0,"mStartTime":57000000,"mTimeUnit":600000,"mWalkTime":7337,"runStep":0,"walkStep":11},{"distance":21.92,"mCalorie":1.11,"mOthersTime":0,"mRunTime":0,"mStartTime":61800000,"mTimeUnit":600000,"mWalkTime":20010,"runStep":0,"walkStep":30},{"distance":16.45,"mCalorie":0.85,"mOthersTime":0,"mRunTime":1600,"mStartTime":63000000,"mTimeUnit":600000,"mWalkTime":9338,"runStep":4,"walkStep":14},{"distance":8.13,"mCalorie":0.47,"mOthersTime":0,"mRunTime":0,"mStartTime":63600000,"mTimeUnit":600000,"mWalkTime":8004,"runStep":0,"walkStep":12},{"distance":19.09,"mCalorie":1.15,"mOthersTime":0,"mRunTime":0,"mStartTime":64200000,"mTimeUnit":600000,"mWalkTime":18009,"runStep":0,"walkStep":27},{"distance":38.379997,"mCalorie":2.19,"mOthersTime":0,"mRunTime":400,"mStartTime":64800000,"mTimeUnit":600000,"mWalkTime":34017,"runStep":1,"walkStep":51},{"distance":46.2,"mCalorie":1.97,"mOthersTime":0,"mRunTime":0,"mStartTime":65400000,"mTimeUnit":600000,"mWalkTime":41354,"runStep":0,"walkStep":62},{"distance":16.75,"mCalorie":0.72999996,"mOthersTime":0,"mRunTime":0,"mStartTime":68400000,"mTimeUnit":600000,"mWalkTime":14674,"runStep":0,"walkStep":22},{"distance":62.979996,"mCalorie":3.9300003,"mOthersTime":0,"mRunTime":5600,"mStartTime":69000000,"mTimeUnit":600000,"mWalkTime":43355,"runStep":14,"walkStep":65},{"distance":10.34,"mCalorie":0.53,"mOthersTime":0,"mRunTime":0,"mStartTime":70800000,"mTimeUnit":600000,"mWalkTime":10005,"runStep":0,"walkStep":15},{"distance":11.8,"mCalorie":0.51,"mOthersTime":0,"mRunTime":0,"mStartTime":81600000,"mTimeUnit":600000,"mWalkTime":10672,"runStep":0,"walkStep":16},{"distance":6.85,"mCalorie":0.36,"mOthersTime":0,"mRunTime":0,"mStartTime":82200000,"mTimeUnit":600000,"mWalkTime":6670,"runStep":0,"walkStep":10},{"distance":100.45,"mCalorie":5.3,"mOthersTime":0,"mRunTime":4800,"mStartTime":82800000,"mTimeUnit":600000,"mWalkTime":80040,"runStep":12,"walkStep":120}],"version":1}