{"mActivityList":[{"mActiveTime":1576231,"mActiveTimeType":0,"mCalorie":181.0,"mCategory":204,"mDetailInfoId":"ed1fccfe-150a-127f-6471-56fbd68a5f03","mDistance":1815.096,"mDuration":1576231,"mEndTime":74925893,"mStartTime":73349662,"mType":1001},{"mActiveTime":879098,"mActiveTimeType":0,"mCalorie":102.0,"mCategory":204,"mDetailInfoId":"80b0a2d8-d152-d5ba-6f34-8fa6b2157eca","mDistance":838.136,"mDuration":879098,"mEndTime":79227223,"mStartTime":78348125,"mType":1001}],"mAdaptiveGoal":0,"mIsGoalAchieved":false,"mIsMostActiveAchieved":false,"mMostActiveMinutes":0,"mStreakDayCount":0,"mUnitDataList":[{"distance":34.21,"mCalorie":1.59,"mOthersTime":0,"mRunTime":0,"mStartTime":4200000,"mTimeUnit":600000,"mWalkTime":30682,"runStep":0,"walkStep":46},{"distance":10.411,"mCalorie":0.51,"mOthersTime":0,"mRunTime":0,"mStartTime":11400000,"mTimeUnit":600000,"mWalkTime":9338,"runStep":0,"walkStep":14},{"distance":17.75,"mCalorie":1.05,"mOthersTime":0,"mRunTime":400,"mStartTime":13800000,"mTimeUnit":600000,"mWalkTime":14674,"runStep":1,"walkStep":22},{"distance":10.95,"mCalorie":0.5,"mOthersTime":0,"mRunTime":0,"mStartTime":15000000,"mTimeUnit":600000,"mWalkTime":10005,"runStep":0,"walkStep":15},{"distance":120.621,"mCalorie":6.58,"mOthersTime":0,"mRunTime":0,"mStartTime":15600000,"mTimeUnit":600000,"mWalkTime":123395,"runStep":0,"walkStep":185},{"distance":127.618,"mCalorie":6.04,"mOthersTime":0,"mRunTime":0,"mStartTime":16800000,"mTimeUnit":600000,"mWalkTime":116725,"runStep":0,"walkStep":175},{"distance":98.64101,"mCalorie":4.7599998,"mOthersTime":0,"mRunTime":0,"mStartTime":18600000,"mTimeUnit":600000,"mWalkTime":89378,"runStep":0,"walkStep":134},{"distance":26.05,"mCalorie":1.2,"mOthersTime":0,"mRunTime":800,"mStartTime":19200000,"mTimeUnit":600000,"mWalkTime":20010,"runStep":2,"walkStep":30},{"distance":31.038002,"mCalorie":1.49,"mOthersTime":0,"mRunTime":0,"mStartTime":19800000,"mTimeUnit":600000,"mWalkTime":28014,"runStep":0,"walkStep":42},{"distance":11.18,"mCalorie":0.62,"mOthersTime":0,"mRunTime":0,"mStartTime":24000000,"mTimeUnit":600000,"mWalkTime":7337,"runStep":0,"walkStep":11},{"distance":35.18,"mCalorie":2.4,"mOthersTime":0,"mRunTime":3600,"mStartTime":28800000,"mTimeUnit":600000,"mWalkTime":28681,"runStep":9,"walkStep":43},{"distance":30.309,"mCalorie":1.6489999,"mOthersTime":0,"mRunTime":0,"mStartTime":31800000,"mTimeUnit":600000,"mWalkTime":28014,"runStep":0,"walkStep":42},{"distance":18.01,"mCalorie":0.75,"mOthersTime":0,"mRunTime":0,"mStartTime":32400000,"mTimeUnit":600000,"mWalkTime":15341,"runStep":0,"walkStep":23},{"distance":41.92,"mCalorie":1.95,"mOthersTime":0,"mRunTime":0,"mStartTime":33000000,"mTimeUnit":600000,"mWalkTime":37352,"runStep":0,"walkStep":56},{"distance":44.412,"mCalorie":2.69,"mOthersTime":0,"mRunTime":7200,"mStartTime":33600000,"mTimeUnit":600000,"mWalkTime":28014,"runStep":18,"walkStep":42},{"distance":53.89,"mCalorie":2.65,"mOthersTime":0,"mRunTime":400,"mStartTime":34200000,"mTimeUnit":600000,"mWalkTime":45356,"runStep":1,"walkStep":68},{"distance":81.539,"mCalorie":3.85,"mOthersTime":0,"mRunTime":0,"mStartTime":34800000,"mTimeUnit":600000,"mWalkTime":72703,"runStep":0,"walkStep":109},{"distance":48.21,"mCalorie":2.54,"mOthersTime":0,"mRunTime":0,"mStartTime":35400000,"mTimeUnit":600000,"mWalkTime":45356,"runStep":0,"walkStep":68},{"distance":7.56,"mCalorie":0.38,"mOthersTime":0,"mRunTime":0,"mStartTime":36000000,"mTimeUnit":600000,"mWalkTime":6670,"runStep":0,"walkStep":10},{"distance":30.189999,"mCalorie":1.3599999,"mOthersTime":0,"mRunTime":0,"mStartTime":36600000,"mTimeUnit":600000,"mWalkTime":26680,"runStep":0,"walkStep":40},{"distance":69.86,"mCalorie":3.65,"mOthersTime":0,"mRunTime":0,"mStartTime":37200000,"mTimeUnit":600000,"mWalkTime":64699,"runStep":0,"walkStep":97},{"distance":24.0,"mCalorie":1.1600001,"mOthersTime":0,"mRunTime":0,"mStartTime":37800000,"mTimeUnit":600000,"mWalkTime":21344,"runStep":0,"walkStep":32},{"distance":34.440002,"mCalorie":1.76,"mOthersTime":0,"mRunTime":400,"mStartTime":38400000,"mTimeUnit":600000,"mWalkTime":27347,"runStep":1,"walkStep":41},{"distance":27.150002,"mCalorie":1.5,"mOthersTime":0,"mRunTime":1200,"mStartTime":39000000,"mTimeUnit":600000,"mWalkTime":22678,"runStep":3,"walkStep":34},{"distance":50.892,"mCalorie":2.69,"mOthersTime":0,"mRunTime":0,"mStartTime":39600000,"mTimeUnit":600000,"mWalkTime":45356,"runStep":0,"walkStep":68},{"distance":30.870998,"mCalorie":1.6500001,"mOthersTime":0,"mRunTime":0,"mStartTime":40200000,"mTimeUnit":600000,"mWalkTime":28014,"runStep":0,"walkStep":42},{"distance":24.39,"mCalorie":1.3199999,"mOthersTime":0,"mRunTime":400,"mStartTime":41400000,"mTimeUnit":600000,"mWalkTime":21344,"runStep":1,"walkStep":32},{"distance":46.23,"mCalorie":2.51,"mOthersTime":0,"mRunTime":0,"mStartTime":42000000,"mTimeUnit":600000,"mWalkTime":44689,"runStep":0,"walkStep":67},{"distance":10.15,"mCalorie":0.39,"mOthersTime":0,"mRunTime":0,"mStartTime":43200000,"mTimeUnit":600000,"mWalkTime":8671,"runStep":0,"walkStep":13},{"distance":51.719,"mCalorie":2.66,"mOthersTime":0,"mRunTime":0,"mStartTime":43800000,"mTimeUnit":600000,"mWalkTime":48691,"runStep":0,"walkStep":73},{"distance":23.310001,"mCalorie":1.14,"mOthersTime":0,"mRunTime":0,"mStartTime":44400000,"mTimeUnit":600000,"mWalkTime":20677,"runStep":0,"walkStep":31},{"distance":114.841995,"mCalorie":5.75,"mOthersTime":0,"mRunTime":3600,"mStartTime":45000000,"mTimeUnit":600000,"mWalkTime":87377,"runStep":9,"walkStep":131},{"distance":289.96997,"mCalorie":16.479998,"mOthersTime":0,"mRunTime":400,"mStartTime":45600000,"mTimeUnit":600000,"mWalkTime":256068,"runStep":1,"walkStep":412},{"distance":484.52997,"mCalorie":27.41,"mOthersTime":0,"mRunTime":0,"mStartTime":46200000,"mTimeUnit":600000,"mWalkTime":408114,"runStep":0,"walkStep":665},{"distance":309.22998,"mCalorie":16.43,"mOthersTime":0,"mRunTime":0,"mStartTime":46800000,"mTimeUnit":600000,"mWalkTime":284112,"runStep":0,"walkStep":426},{"distance":14.129999,"mCalorie":0.71000004,"mOthersTime":0,"mRunTime":0,"mStartTime":47400000,"mTimeUnit":600000,"mWalkTime":12673,"runStep":0,"walkStep":19},{"distance":328.81,"mCalorie":17.63,"mOthersTime":0,"mRunTime":400,"mStartTime":49800000,"mTimeUnit":600000,"mWalkTime":300817,"runStep":1,"walkStep":451},{"distance":214.15001,"mCalorie":11.7,"mOthersTime":0,"mRunTime":2703,"mStartTime":50400000,"mTimeUnit":600000,"mWalkTime":187362,"runStep":7,"walkStep":284},{"distance":244.24,"mCalorie":13.16,"mOthersTime":0,"mRunTime":0,"mStartTime":52200000,"mTimeUnit":600000,"mWalkTime":203405,"runStep":0,"walkStep":334},{"distance":372.37997,"mCalorie":18.699999,"mOthersTime":0,"mRunTime":0,"mStartTime":52800000,"mTimeUnit":600000,"mWalkTime":336138,"runStep":0,"walkStep":506},{"distance":34.67,"mCalorie":1.64,"mOthersTime":0,"mRunTime":0,"mStartTime":53400000,"mTimeUnit":600000,"mWalkTime":32016,"runStep":0,"walkStep":48},{"distance":9.8,"mCalorie":0.47,"mOthersTime":0,"mRunTime":0,"mStartTime":54000000,"mTimeUnit":600000,"mWalkTime":8671,"runStep":0,"walkStep":13},{"distance":117.48999,"mCalorie":5.4800005,"mOthersTime":0,"mRunTime":0,"mStartTime":54600000,"mTimeUnit":600000,"mWalkTime":105386,"runStep":0,"walkStep":158},{"distance":17.95,"mCalorie":0.99,"mOthersTime":0,"mRunTime":0,"mStartTime":55200000,"mTimeUnit":600000,"mWalkTime":17342,"runStep":0,"walkStep":26},{"distance":333.44,"mCalorie":17.5,"mOthersTime":0,"mRunTime":0,"mStartTime":55800000,"mTimeUnit":600000,"mWalkTime":296755,"runStep":0,"walkStep":461},{"distance":52.163998,"mCalorie":3.0299997,"mOthersTime":0,"mRunTime":1200,"mStartTime":56400000,"mTimeUnit":600000,"mWalkTime":45356,"runStep":3,"walkStep":68},{"distance":46.409,"mCalorie":2.33,"mOthersTime":0,"mRunTime":0,"mStartTime":57000000,"mTimeUnit":600000,"mWalkTime":42021,"runStep":0,"walkStep":63},{"distance":338.94,"mCalorie":16.78,"mOthersTime":0,"mRunTime":400,"mStartTime":57600000,"mTimeUnit":600000,"mWalkTime":296785,"runStep":1,"walkStep":455},{"distance":175.75,"mCalorie":9.06,"mOthersTime":0,"mRunTime":0,"mStartTime":58200000,"mTimeUnit":600000,"mWalkTime":147377,"runStep":0,"walkStep":234},{"distance":80.94,"mCalorie":4.08,"mOthersTime":0,"mRunTime":0,"mStartTime":60600000,"mTimeUnit":600000,"mWalkTime":71369,"runStep":0,"walkStep":107},{"distance":125.379005,"mCalorie":6.6400003,"mOthersTime":0,"mRunTime":1600,"mStartTime":61200000,"mTimeUnit":600000,"mWalkTime":111389,"runStep":4,"walkStep":167},{"distance":79.880005,"mCalorie":3.74,"mOthersTime":0,"mRunTime":0,"mStartTime":63000000,"mTimeUnit":600000,"mWalkTime":71369,"runStep":0,"walkStep":107},{"distance":12.65,"mCalorie":0.66,"mOthersTime":0,"mRunTime":0,"mStartTime":63600000,"mTimeUnit":600000,"mWalkTime":12006,"runStep":0,"walkStep":18},{"distance":38.64,"mCalorie":2.22,"mOthersTime":0,"mRunTime":3200,"mStartTime":64200000,"mTimeUnit":600000,"mWalkTime":25346,"runStep":8,"walkStep":38},{"distance":86.43,"mCalorie":4.31,"mOthersTime":0,"mRunTime":0,"mStartTime":64800000,"mTimeUnit":600000,"mWalkTime":79373,"runStep":0,"walkStep":119},{"distance":43.64,"mCalorie":2.17,"mOthersTime":0,"mRunTime":0,"mStartTime":66000000,"mTimeUnit":600000,"mWalkTime":40687,"runStep":0,"walkStep":61},{"distance":84.54,"mCalorie":4.07,"mOthersTime":0,"mRunTime":0,"mStartTime":67200000,"mTimeUnit":600000,"mWalkTime":78039,"runStep":0,"walkStep":117},{"distance":153.13199,"mCalorie":7.9500003,"mOthersTime":0,"mRunTime":9600,"mStartTime":67800000,"mTimeUnit":600000,"mWalkTime":108054,"runStep":24,"walkStep":162},{"distance":30.54,"mCalorie":1.56,"mOthersTime":0,"mRunTime":0,"mStartTime":68400000,"mTimeUnit":600000,"mWalkTime":26680,"runStep":0,"walkStep":40},{"distance":44.36,"mCalorie":2.1,"mOthersTime":0,"mRunTime":0,"mStartTime":69000000,"mTimeUnit":600000,"mWalkTime":39353,"runStep":0,"walkStep":59},{"distance":25.661,"mCalorie":1.28,"mOthersTime":0,"mRunTime":0,"mStartTime":69600000,"mTimeUnit":600000,"mWalkTime":22678,"runStep":0,"walkStep":34},{"distance":209.349,"mCalorie":11.221,"mOthersTime":0,"mRunTime":10400,"mStartTime":70200000,"mTimeUnit":600000,"mWalkTime":162081,"runStep":26,"walkStep":243},{"distance":121.36,"mCalorie":6.72,"mOthersTime":0,"mRunTime":12000,"mStartTime":70800000,"mTimeUnit":600000,"mWalkTime":83375,"runStep":30,"walkStep":125},{"distance":243.48999,"mCalorie":12.14,"mOthersTime":0,"mRunTime":0,"mStartTime":71400000,"mTimeUnit":600000,"mWalkTime":202041,"runStep":0,"walkStep":330},{"distance":66.479996,"mCalorie":3.1,"mOthersTime":0,"mRunTime":0,"mStartTime":72000000,"mTimeUnit":600000,"mWalkTime":58696,"runStep":0,"walkStep":88},{"distance":122.399994,"mCalorie":6.0199995,"mOthersTime":0,"mRunTime":0,"mStartTime":72600000,"mTimeUnit":600000,"mWalkTime":112723,"runStep":0,"walkStep":169},{"distance":643.0351,"mCalorie":59.73629,"mOthersTime":0,"mRunTime":30800,"mStartTime":73200000,"mTimeUnit":600000,"mWalkTime":489241,"runStep":77,"walkStep":649},{"distance":690.9251,"mCalorie":68.89853,"mOthersTime":0,"mRunTime":0,"mStartTime":73800000,"mTimeUnit":600000,"mWalkTime":600000,"runStep":0,"walkStep":1054},{"distance":609.5519,"mCalorie":60.588608,"mOthersTime":0,"mRunTime":0,"mStartTime":74400000,"mTimeUnit":600000,"mWalkTime":529499,"runStep":0,"walkStep":879},{"distance":39.862,"mCalorie":1.9100001,"mOthersTime":0,"mRunTime":0,"mStartTime":75000000,"mTimeUnit":600000,"mWalkTime":36018,"runStep":0,"walkStep":54},{"distance":97.190025,"mCalorie":5.1399994,"mOthersTime":0,"mRunTime":0,"mStartTime":75600000,"mTimeUnit":600000,"mWalkTime":82678,"runStep":0,"walkStep":136},{"distance":82.881,"mCalorie":3.85,"mOthersTime":0,"mRunTime":0,"mStartTime":76200000,"mTimeUnit":600000,"mWalkTime":74037,"runStep":0,"walkStep":111},{"distance":11.3,"mCalorie":0.58,"mOthersTime":0,"mRunTime":0,"mStartTime":77400000,"mTimeUnit":600000,"mWalkTime":10672,"runStep":0,"walkStep":16},{"distance":336.38095,"mCalorie":34.177788,"mOthersTime":0,"mRunTime":0,"mStartTime":78000000,"mTimeUnit":600000,"mWalkTime":334638,"runStep":0,"walkStep":444},{"distance":572.0427,"mCalorie":69.61681,"mOthersTime":0,"mRunTime":0,"mStartTime":78600000,"mTimeUnit":600000,"mWalkTime":600000,"runStep":0,"walkStep":830},{"distance":461.28552,"mCalorie":25.598629,"mOthersTime":0,"mRunTime":0,"mStartTime":79200000,"mTimeUnit":600000,"mWalkTime":430031,"runStep":0,"walkStep":611},{"distance":83.759995,"mCalorie":4.45,"mOthersTime":0,"mRunTime":0,"mStartTime":79800000,"mTimeUnit":600000,"mWalkTime":76038,"runStep":0,"walkStep":114},{"distance":151.819,"mCalorie":8.11,"mOthersTime":0,"mRunTime":0,"mStartTime":81000000,"mTimeUnit":600000,"mWalkTime":142071,"runStep":0,"walkStep":213},{"distance":99.850006,"mCalorie":5.12,"mOthersTime":0,"mRunTime":0,"mStartTime":81600000,"mTimeUnit":600000,"mWalkTime":92713,"runStep":0,"walkStep":139},{"distance":19.72,"mCalorie":1.01,"mOthersTime":0,"mRunTime":0,"mStartTime":82200000,"mTimeUnit":600000,"mWalkTime":18009,"runStep":0,"walkStep":27},{"distance":150.84999,"mCalorie":7.8500004,"mOthersTime":0,"mRunTime":0,"mStartTime":84000000,"mTimeUnit":600000,"mWalkTime":134037,"runStep":0,"walkStep":206},{"distance":72.3,"mCalorie":3.59,"mOthersTime":0,"mRunTime":0,"mStartTime":84600000,"mTimeUnit":600000,"mWalkTime":66700,"runStep":0,"walkStep":100},{"distance":119.770004,"mCalorie":6.3,"mOthersTime":0,"mRunTime":6000,"mStartTime":85200000,"mTimeUnit":600000,"mWalkTime":99383,"runStep":15,"walkStep":149},{"distance":35.989,"mCalorie":1.74,"mOthersTime":0,"mRunTime":0,"mStartTime":85800000,"mTimeUnit":600000,"mWalkTime":32016,"runStep":0,"walkStep":48}],"version":1}