{"mActivityList":[{"mActiveTime":903342,"mActiveTimeType":2,"mCalorie":135.0,"mCategory":204,"mDetailInfoId":"faaf1a32-a659-87e0-1abb-8064f18a07a8","mDistance":0.0,"mDuration":903342,"mEndTime":42140756,"mStartTime":41237414,"mType":0}],"mAdaptiveGoal":0,"mIsGoalAchieved":false,"mIsMostActiveAchieved":false,"mMostActiveMinutes":0,"mStreakDayCount":0,"mUnitDataList":[{"distance":7.95,"mCalorie":0.45,"mOthersTime":0,"mRunTime":0,"mStartTime":4200000,"mTimeUnit":600000,"mWalkTime":6670,"runStep":0,"walkStep":10},{"distance":20.24,"mCalorie":1.15,"mOthersTime":0,"mRunTime":1600,"mStartTime":13800000,"mTimeUnit":600000,"mWalkTime":14007,"runStep":4,"walkStep":21},{"distance":32.54,"mCalorie":1.55,"mOthersTime":0,"mRunTime":0,"mStartTime":14400000,"mTimeUnit":600000,"mWalkTime":30015,"runStep":0,"walkStep":45},{"distance":20.64,"mCalorie":0.99,"mOthersTime":0,"mRunTime":0,"mStartTime":18000000,"mTimeUnit":600000,"mWalkTime":18009,"runStep":0,"walkStep":27},{"distance":52.060005,"mCalorie":2.6999998,"mOthersTime":0,"mRunTime":1200,"mStartTime":18600000,"mTimeUnit":600000,"mWalkTime":40687,"runStep":3,"walkStep":61},{"distance":95.979004,"mCalorie":4.9399996,"mOthersTime":0,"mRunTime":0,"mStartTime":19200000,"mTimeUnit":600000,"mWalkTime":88044,"runStep":0,"walkStep":132},{"distance":54.03,"mCalorie":2.83,"mOthersTime":0,"mRunTime":0,"mStartTime":19800000,"mTimeUnit":600000,"mWalkTime":50692,"runStep":0,"walkStep":76},{"distance":104.0,"mCalorie":5.38,"mOthersTime":0,"mRunTime":0,"mStartTime":21600000,"mTimeUnit":600000,"mWalkTime":94047,"runStep":0,"walkStep":141},{"distance":56.891,"mCalorie":2.66,"mOthersTime":0,"mRunTime":0,"mStartTime":22200000,"mTimeUnit":600000,"mWalkTime":50025,"runStep":0,"walkStep":75},{"distance":103.84,"mCalorie":5.37,"mOthersTime":0,"mRunTime":0,"mStartTime":22800000,"mTimeUnit":600000,"mWalkTime":96715,"runStep":0,"walkStep":145},{"distance":13.56,"mCalorie":0.75,"mOthersTime":0,"mRunTime":0,"mStartTime":23400000,"mTimeUnit":600000,"mWalkTime":13340,"runStep":0,"walkStep":20},{"distance":35.88,"mCalorie":1.96,"mOthersTime":0,"mRunTime":0,"mStartTime":31200000,"mTimeUnit":600000,"mWalkTime":33350,"runStep":0,"walkStep":50},{"distance":29.68,"mCalorie":1.5300001,"mOthersTime":0,"mRunTime":0,"mStartTime":31800000,"mTimeUnit":600000,"mWalkTime":27347,"runStep":0,"walkStep":41},{"distance":63.86,"mCalorie":3.26,"mOthersTime":0,"mRunTime":0,"mStartTime":33000000,"mTimeUnit":600000,"mWalkTime":60030,"runStep":0,"walkStep":90},{"distance":79.82,"mCalorie":4.9,"mOthersTime":0,"mRunTime":0,"mStartTime":34200000,"mTimeUnit":600000,"mWalkTime":85376,"runStep":0,"walkStep":128},{"distance":182.01001,"mCalorie":9.320001,"mOthersTime":0,"mRunTime":0,"mStartTime":34800000,"mTimeUnit":600000,"mWalkTime":166083,"runStep":0,"walkStep":249},{"distance":67.16,"mCalorie":3.29,"mOthersTime":0,"mRunTime":0,"mStartTime":35400000,"mTimeUnit":600000,"mWalkTime":60697,"runStep":0,"walkStep":91},{"distance":80.64,"mCalorie":4.0,"mOthersTime":0,"mRunTime":0,"mStartTime":36000000,"mTimeUnit":600000,"mWalkTime":72703,"runStep":0,"walkStep":109},{"distance":16.86,"mCalorie":0.73,"mOthersTime":0,"mRunTime":0,"mStartTime":36600000,"mTimeUnit":600000,"mWalkTime":14674,"runStep":0,"walkStep":22},{"distance":43.71,"mCalorie":2.79,"mOthersTime":0,"mRunTime":5200,"mStartTime":37200000,"mTimeUnit":600000,"mWalkTime":15341,"runStep":13,"walkStep":23},{"distance":52.299995,"mCalorie":2.25,"mOthersTime":0,"mRunTime":0,"mStartTime":37800000,"mTimeUnit":600000,"mWalkTime":46023,"runStep":0,"walkStep":69},{"distance":68.61,"mCalorie":3.25,"mOthersTime":0,"mRunTime":0,"mStartTime":38400000,"mTimeUnit":600000,"mWalkTime":61364,"runStep":0,"walkStep":92},{"distance":133.27101,"mCalorie":6.0399995,"mOthersTime":0,"mRunTime":0,"mStartTime":39000000,"mTimeUnit":600000,"mWalkTime":114724,"runStep":0,"walkStep":172},{"distance":227.36899,"mCalorie":11.150001,"mOthersTime":0,"mRunTime":0,"mStartTime":39600000,"mTimeUnit":600000,"mWalkTime":202768,"runStep":0,"walkStep":304},{"distance":24.099998,"mCalorie":1.27,"mOthersTime":0,"mRunTime":0,"mStartTime":40200000,"mTimeUnit":600000,"mWalkTime":22678,"runStep":0,"walkStep":34},{"distance":59.4588,"mCalorie":27.207937,"mOthersTime":162586,"mRunTime":116,"mStartTime":40800000,"mTimeUnit":600000,"mWalkTime":52821,"runStep":4,"walkStep":120},{"distance":0.0,"mCalorie":89.66703,"mOthersTime":600000,"mRunTime":0,"mStartTime":41400000,"mTimeUnit":600000,"mWalkTime":0,"runStep":29,"walkStep":157},{"distance":2.7601612,"mCalorie":21.179184,"mOthersTime":140756,"mRunTime":0,"mStartTime":42000000,"mTimeUnit":600000,"mWalkTime":2617,"runStep":0,"walkStep":42},{"distance":9.37,"mCalorie":0.48,"mOthersTime":0,"mRunTime":0,"mStartTime":42600000,"mTimeUnit":600000,"mWalkTime":8671,"runStep":0,"walkStep":13},{"distance":14.191,"mCalorie":0.74,"mOthersTime":0,"mRunTime":0,"mStartTime":43800000,"mTimeUnit":600000,"mWalkTime":13340,"runStep":0,"walkStep":20},{"distance":36.119,"mCalorie":1.98,"mOthersTime":0,"mRunTime":0,"mStartTime":45000000,"mTimeUnit":600000,"mWalkTime":32016,"runStep":0,"walkStep":48},{"distance":131.002,"mCalorie":7.39,"mOthersTime":0,"mRunTime":2400,"mStartTime":45600000,"mTimeUnit":600000,"mWalkTime":116058,"runStep":6,"walkStep":174},{"distance":79.18,"mCalorie":4.13,"mOthersTime":0,"mRunTime":0,"mStartTime":46200000,"mTimeUnit":600000,"mWalkTime":68671,"runStep":0,"walkStep":107},{"distance":195.31,"mCalorie":10.02,"mOthersTime":0,"mRunTime":0,"mStartTime":46800000,"mTimeUnit":600000,"mWalkTime":168721,"runStep":0,"walkStep":265},{"distance":9.57,"mCalorie":0.4,"mOthersTime":0,"mRunTime":0,"mStartTime":47400000,"mTimeUnit":600000,"mWalkTime":8004,"runStep":0,"walkStep":12},{"distance":10.27,"mCalorie":0.42,"mOthersTime":0,"mRunTime":0,"mStartTime":49800000,"mTimeUnit":600000,"mWalkTime":8671,"runStep":0,"walkStep":13},{"distance":200.98999,"mCalorie":10.47,"mOthersTime":0,"mRunTime":0,"mStartTime":50400000,"mTimeUnit":600000,"mWalkTime":171389,"runStep":0,"walkStep":272},{"distance":138.519,"mCalorie":6.3999996,"mOthersTime":0,"mRunTime":0,"mStartTime":51000000,"mTimeUnit":600000,"mWalkTime":122728,"runStep":0,"walkStep":184},{"distance":15.71,"mCalorie":0.77,"mOthersTime":0,"mRunTime":0,"mStartTime":51600000,"mTimeUnit":600000,"mWalkTime":14007,"runStep":0,"walkStep":21},{"distance":75.46001,"mCalorie":3.5,"mOthersTime":0,"mRunTime":2000,"mStartTime":52200000,"mTimeUnit":600000,"mWalkTime":58696,"runStep":5,"walkStep":88},{"distance":58.690998,"mCalorie":3.1399999,"mOthersTime":0,"mRunTime":3200,"mStartTime":52800000,"mTimeUnit":600000,"mWalkTime":46023,"runStep":8,"walkStep":69},{"distance":99.75,"mCalorie":4.9500003,"mOthersTime":0,"mRunTime":0,"mStartTime":53400000,"mTimeUnit":600000,"mWalkTime":89378,"runStep":0,"walkStep":134},{"distance":14.36,"mCalorie":0.75,"mOthersTime":0,"mRunTime":0,"mStartTime":54000000,"mTimeUnit":600000,"mWalkTime":13340,"runStep":0,"walkStep":20},{"distance":14.92,"mCalorie":0.73,"mOthersTime":0,"mRunTime":0,"mStartTime":55800000,"mTimeUnit":600000,"mWalkTime":13340,"runStep":0,"walkStep":20},{"distance":11.94,"mCalorie":0.48,"mOthersTime":0,"mRunTime":0,"mStartTime":56400000,"mTimeUnit":600000,"mWalkTime":8671,"runStep":0,"walkStep":13},{"distance":159.78,"mCalorie":8.65,"mOthersTime":0,"mRunTime":2400,"mStartTime":57000000,"mTimeUnit":600000,"mWalkTime":148074,"runStep":6,"walkStep":222},{"distance":180.679,"mCalorie":10.12,"mOthersTime":0,"mRunTime":0,"mStartTime":57600000,"mTimeUnit":600000,"mWalkTime":169418,"runStep":0,"walkStep":254},{"distance":278.26,"mCalorie":14.62,"mOthersTime":0,"mRunTime":0,"mStartTime":58200000,"mTimeUnit":600000,"mWalkTime":254764,"runStep":0,"walkStep":387},{"distance":62.29,"mCalorie":3.34,"mOthersTime":0,"mRunTime":0,"mStartTime":60600000,"mTimeUnit":600000,"mWalkTime":56695,"runStep":0,"walkStep":85},{"distance":190.48999,"mCalorie":10.53,"mOthersTime":0,"mRunTime":4000,"mStartTime":61200000,"mTimeUnit":600000,"mWalkTime":164082,"runStep":10,"walkStep":246},{"distance":29.03,"mCalorie":1.52,"mOthersTime":0,"mRunTime":0,"mStartTime":61800000,"mTimeUnit":600000,"mWalkTime":26680,"runStep":0,"walkStep":40},{"distance":159.04099,"mCalorie":7.9300003,"mOthersTime":0,"mRunTime":0,"mStartTime":63000000,"mTimeUnit":600000,"mWalkTime":140040,"runStep":0,"walkStep":211},{"distance":299.48,"mCalorie":15.790001,"mOthersTime":0,"mRunTime":0,"mStartTime":63600000,"mTimeUnit":600000,"mWalkTime":267407,"runStep":0,"walkStep":406},{"distance":290.02002,"mCalorie":15.58,"mOthersTime":0,"mRunTime":0,"mStartTime":64200000,"mTimeUnit":600000,"mWalkTime":271469,"runStep":0,"walkStep":407},{"distance":71.259995,"mCalorie":3.77,"mOthersTime":0,"mRunTime":0,"mStartTime":64800000,"mTimeUnit":600000,"mWalkTime":66033,"runStep":0,"walkStep":99},{"distance":27.39,"mCalorie":1.4399999,"mOthersTime":0,"mRunTime":0,"mStartTime":67200000,"mTimeUnit":600000,"mWalkTime":25346,"runStep":0,"walkStep":38},{"distance":15.68,"mCalorie":0.80999994,"mOthersTime":0,"mRunTime":0,"mStartTime":67800000,"mTimeUnit":600000,"mWalkTime":14674,"runStep":0,"walkStep":22},{"distance":25.73,"mCalorie":1.27,"mOthersTime":0,"mRunTime":0,"mStartTime":69600000,"mTimeUnit":600000,"mWalkTime":24679,"runStep":0,"walkStep":37},{"distance":22.99,"mCalorie":1.02,"mOthersTime":0,"mRunTime":0,"mStartTime":70200000,"mTimeUnit":600000,"mWalkTime":20010,"runStep":0,"walkStep":30},{"distance":184.16,"mCalorie":9.54,"mOthersTime":0,"mRunTime":0,"mStartTime":71400000,"mTimeUnit":600000,"mWalkTime":177422,"runStep":0,"walkStep":266},{"distance":71.919,"mCalorie":3.68,"mOthersTime":0,"mRunTime":800,"mStartTime":72000000,"mTimeUnit":600000,"mWalkTime":62698,"runStep":2,"walkStep":94},{"distance":290.79102,"mCalorie":16.53,"mOthersTime":0,"mRunTime":4000,"mStartTime":72600000,"mTimeUnit":600000,"mWalkTime":258129,"runStep":10,"walkStep":387},{"distance":233.90001,"mCalorie":12.26,"mOthersTime":0,"mRunTime":2800,"mStartTime":73200000,"mTimeUnit":600000,"mWalkTime":204769,"runStep":7,"walkStep":307},{"distance":17.98,"mCalorie":0.78,"mOthersTime":0,"mRunTime":0,"mStartTime":73800000,"mTimeUnit":600000,"mWalkTime":16008,"runStep":0,"walkStep":24},{"distance":48.33,"mCalorie":2.4299998,"mOthersTime":0,"mRunTime":0,"mStartTime":74400000,"mTimeUnit":600000,"mWalkTime":43355,"runStep":0,"walkStep":65},{"distance":294.769,"mCalorie":17.97,"mOthersTime":0,"mRunTime":2400,"mStartTime":75000000,"mTimeUnit":600000,"mWalkTime":268134,"runStep":6,"walkStep":402},{"distance":54.449997,"mCalorie":2.52,"mOthersTime":0,"mRunTime":0,"mStartTime":76200000,"mTimeUnit":600000,"mWalkTime":48691,"runStep":0,"walkStep":73},{"distance":58.401,"mCalorie":2.7700002,"mOthersTime":0,"mRunTime":400,"mStartTime":76800000,"mTimeUnit":600000,"mWalkTime":50692,"runStep":1,"walkStep":76},{"distance":210.28899,"mCalorie":11.37,"mOthersTime":0,"mRunTime":800,"mStartTime":77400000,"mTimeUnit":600000,"mWalkTime":188094,"runStep":2,"walkStep":282},{"distance":105.03,"mCalorie":5.61,"mOthersTime":0,"mRunTime":0,"mStartTime":78000000,"mTimeUnit":600000,"mWalkTime":97382,"runStep":0,"walkStep":146},{"distance":35.06,"mCalorie":1.9000001,"mOthersTime":0,"mRunTime":0,"mStartTime":80400000,"mTimeUnit":600000,"mWalkTime":32683,"runStep":0,"walkStep":49},{"distance":237.721,"mCalorie":12.529999,"mOthersTime":0,"mRunTime":400,"mStartTime":81000000,"mTimeUnit":600000,"mWalkTime":215441,"runStep":1,"walkStep":323},{"distance":118.07,"mCalorie":6.21,"mOthersTime":0,"mRunTime":800,"mStartTime":81600000,"mTimeUnit":600000,"mWalkTime":104719,"runStep":2,"walkStep":157},{"distance":10.93,"mCalorie":0.47,"mOthersTime":0,"mRunTime":0,"mStartTime":84000000,"mTimeUnit":600000,"mWalkTime":9338,"runStep":0,"walkStep":14}],"version":1}