{"mAdaptiveGoal":0,"mIsGoalAchieved":false,"mIsMostActiveAchieved":false,"mMostActiveMinutes":0,"mStreakDayCount":0,"mUnitDataList":[{"distance":23.130001,"mCalorie":1.3599999,"mOthersTime":0,"mRunTime":2800,"mStartTime":16800000,"mTimeUnit":600000,"mWalkTime":13340,"runStep":7,"walkStep":20},{"distance":7.84,"mCalorie":0.34,"mOthersTime":0,"mRunTime":0,"mStartTime":24000000,"mTimeUnit":600000,"mWalkTime":6670,"runStep":0,"walkStep":10},{"distance":106.05,"mCalorie":5.39,"mOthersTime":0,"mRunTime":800,"mStartTime":24600000,"mTimeUnit":600000,"mWalkTime":94714,"runStep":2,"walkStep":142},{"distance":63.45,"mCalorie":3.04,"mOthersTime":0,"mRunTime":0,"mStartTime":25200000,"mTimeUnit":600000,"mWalkTime":57362,"runStep":0,"walkStep":86},{"distance":125.53999,"mCalorie":5.67,"mOthersTime":0,"mRunTime":0,"mStartTime":25800000,"mTimeUnit":600000,"mWalkTime":95351,"runStep":0,"walkStep":165},{"distance":17.01,"mCalorie":0.7,"mOthersTime":0,"mRunTime":0,"mStartTime":27000000,"mTimeUnit":600000,"mWalkTime":12673,"runStep":0,"walkStep":19},{"distance":149.4,"mCalorie":7.21,"mOthersTime":0,"mRunTime":0,"mStartTime":28200000,"mTimeUnit":600000,"mWalkTime":120000,"runStep":0,"walkStep":203},{"distance":42.83,"mCalorie":2.07,"mOthersTime":0,"mRunTime":0,"mStartTime":28800000,"mTimeUnit":600000,"mWalkTime":38686,"runStep":0,"walkStep":58},{"distance":164.14,"mCalorie":8.139999,"mOthersTime":0,"mRunTime":0,"mStartTime":29400000,"mTimeUnit":600000,"mWalkTime":150742,"runStep":0,"walkStep":226},{"distance":82.18,"mCalorie":3.94,"mOthersTime":0,"mRunTime":0,"mStartTime":30000000,"mTimeUnit":600000,"mWalkTime":74704,"runStep":0,"walkStep":112},{"distance":36.04,"mCalorie":2.08,"mOthersTime":0,"mRunTime":2800,"mStartTime":30600000,"mTimeUnit":600000,"mWalkTime":26013,"runStep":7,"walkStep":39},{"distance":27.060001,"mCalorie":1.39,"mOthersTime":0,"mRunTime":0,"mStartTime":31200000,"mTimeUnit":600000,"mWalkTime":25346,"runStep":0,"walkStep":38},{"distance":7.25,"mCalorie":0.36,"mOthersTime":0,"mRunTime":0,"mStartTime":31800000,"mTimeUnit":600000,"mWalkTime":6670,"runStep":0,"walkStep":10},{"distance":35.21,"mCalorie":1.8000001,"mOthersTime":0,"mRunTime":400,"mStartTime":33600000,"mTimeUnit":600000,"mWalkTime":28681,"runStep":1,"walkStep":43},{"distance":57.51,"mCalorie":2.88,"mOthersTime":0,"mRunTime":400,"mStartTime":34200000,"mTimeUnit":600000,"mWalkTime":47357,"runStep":1,"walkStep":71},{"distance":32.85,"mCalorie":1.7199999,"mOthersTime":0,"mRunTime":800,"mStartTime":34800000,"mTimeUnit":600000,"mWalkTime":28014,"runStep":2,"walkStep":42},{"distance":60.31,"mCalorie":3.43,"mOthersTime":0,"mRunTime":1600,"mStartTime":35400000,"mTimeUnit":600000,"mWalkTime":50692,"runStep":4,"walkStep":76},{"distance":40.57,"mCalorie":2.14,"mOthersTime":0,"mRunTime":0,"mStartTime":36000000,"mTimeUnit":600000,"mWalkTime":38019,"runStep":0,"walkStep":57},{"distance":70.68,"mCalorie":4.07,"mOthersTime":0,"mRunTime":3200,"mStartTime":39600000,"mTimeUnit":600000,"mWalkTime":58029,"runStep":8,"walkStep":87},{"distance":52.25,"mCalorie":2.61,"mOthersTime":0,"mRunTime":0,"mStartTime":40200000,"mTimeUnit":600000,"mWalkTime":47357,"runStep":0,"walkStep":71},{"distance":17.689999,"mCalorie":0.89,"mOthersTime":0,"mRunTime":0,"mStartTime":40800000,"mTimeUnit":600000,"mWalkTime":16675,"runStep":0,"walkStep":25},{"distance":44.65,"mCalorie":2.5,"mOthersTime":0,"mRunTime":1600,"mStartTime":41400000,"mTimeUnit":600000,"mWalkTime":34017,"runStep":4,"walkStep":51},{"distance":55.539997,"mCalorie":2.55,"mOthersTime":0,"mRunTime":0,"mStartTime":42000000,"mTimeUnit":600000,"mWalkTime":50025,"runStep":0,"walkStep":75},{"distance":240.8,"mCalorie":13.639999,"mOthersTime":0,"mRunTime":0,"mStartTime":42600000,"mTimeUnit":600000,"mWalkTime":231449,"runStep":0,"walkStep":347},{"distance":148.73,"mCalorie":7.66,"mOthersTime":0,"mRunTime":0,"mStartTime":43200000,"mTimeUnit":600000,"mWalkTime":127367,"runStep":0,"walkStep":201},{"distance":125.67,"mCalorie":5.92,"mOthersTime":0,"mRunTime":0,"mStartTime":43800000,"mTimeUnit":600000,"mWalkTime":110055,"runStep":0,"walkStep":165},{"distance":10.2,"mCalorie":0.49,"mOthersTime":0,"mRunTime":400,"mStartTime":44400000,"mTimeUnit":600000,"mWalkTime":6670,"runStep":1,"walkStep":10},{"distance":15.850002,"mCalorie":0.80000013,"mOthersTime":0,"mRunTime":0,"mStartTime":46200000,"mTimeUnit":600000,"mWalkTime":14674,"runStep":0,"walkStep":22},{"distance":299.8,"mCalorie":15.76,"mOthersTime":0,"mRunTime":0,"mStartTime":46800000,"mTimeUnit":600000,"mWalkTime":274774,"runStep":0,"walkStep":417},{"distance":318.31,"mCalorie":16.019999,"mOthersTime":0,"mRunTime":0,"mStartTime":47400000,"mTimeUnit":600000,"mWalkTime":266710,"runStep":0,"walkStep":431},{"distance":252.26,"mCalorie":13.48,"mOthersTime":0,"mRunTime":0,"mStartTime":48000000,"mTimeUnit":600000,"mWalkTime":212046,"runStep":0,"walkStep":344},{"distance":103.65,"mCalorie":5.24,"mOthersTime":0,"mRunTime":0,"mStartTime":48600000,"mTimeUnit":600000,"mWalkTime":96048,"runStep":0,"walkStep":144},{"distance":17.06,"mCalorie":0.87,"mOthersTime":0,"mRunTime":0,"mStartTime":49200000,"mTimeUnit":600000,"mWalkTime":15341,"runStep":0,"walkStep":23},{"distance":44.969994,"mCalorie":2.3400002,"mOthersTime":0,"mRunTime":0,"mStartTime":49800000,"mTimeUnit":600000,"mWalkTime":41354,"runStep":0,"walkStep":62},{"distance":14.43,"mCalorie":0.74,"mOthersTime":0,"mRunTime":0,"mStartTime":51600000,"mTimeUnit":600000,"mWalkTime":13340,"runStep":0,"walkStep":20},{"distance":432.66998,"mCalorie":23.07,"mOthersTime":0,"mRunTime":0,"mStartTime":52200000,"mTimeUnit":600000,"mWalkTime":371369,"runStep":0,"walkStep":601},{"distance":36.86,"mCalorie":1.8399999,"mOthersTime":0,"mRunTime":0,"mStartTime":52800000,"mTimeUnit":600000,"mWalkTime":34017,"runStep":0,"walkStep":51},{"distance":76.92999,"mCalorie":4.3599997,"mOthersTime":0,"mRunTime":800,"mStartTime":53400000,"mTimeUnit":600000,"mWalkTime":66033,"runStep":2,"walkStep":99},{"distance":26.580002,"mCalorie":1.5699999,"mOthersTime":0,"mRunTime":0,"mStartTime":54000000,"mTimeUnit":600000,"mWalkTime":24679,"runStep":0,"walkStep":37},{"distance":14.25,"mCalorie":0.74,"mOthersTime":0,"mRunTime":0,"mStartTime":54600000,"mTimeUnit":600000,"mWalkTime":13340,"runStep":0,"walkStep":20},{"distance":7.68,"mCalorie":0.41,"mOthersTime":0,"mRunTime":0,"mStartTime":55200000,"mTimeUnit":600000,"mWalkTime":7337,"runStep":0,"walkStep":11},{"distance":41.280003,"mCalorie":1.7699997,"mOthersTime":0,"mRunTime":0,"mStartTime":55800000,"mTimeUnit":600000,"mWalkTime":36018,"runStep":0,"walkStep":54},{"distance":80.479996,"mCalorie":3.96,"mOthersTime":0,"mRunTime":0,"mStartTime":58200000,"mTimeUnit":600000,"mWalkTime":71369,"runStep":0,"walkStep":107},{"distance":59.68,"mCalorie":3.1799998,"mOthersTime":0,"mRunTime":0,"mStartTime":58800000,"mTimeUnit":600000,"mWalkTime":65366,"runStep":0,"walkStep":98},{"distance":207.91998,"mCalorie":11.139999,"mOthersTime":0,"mRunTime":1200,"mStartTime":59400000,"mTimeUnit":600000,"mWalkTime":181394,"runStep":3,"walkStep":277},{"distance":59.83,"mCalorie":2.9,"mOthersTime":0,"mRunTime":0,"mStartTime":60000000,"mTimeUnit":600000,"mWalkTime":53360,"runStep":0,"walkStep":80},{"distance":81.52,"mCalorie":4.18,"mOthersTime":0,"mRunTime":0,"mStartTime":60600000,"mTimeUnit":600000,"mWalkTime":74037,"runStep":0,"walkStep":111},{"distance":246.38,"mCalorie":13.37,"mOthersTime":0,"mRunTime":0,"mStartTime":61200000,"mTimeUnit":600000,"mWalkTime":195341,"runStep":0,"walkStep":345},{"distance":213.12,"mCalorie":10.869999,"mOthersTime":0,"mRunTime":0,"mStartTime":61800000,"mTimeUnit":600000,"mWalkTime":184729,"runStep":0,"walkStep":290},{"distance":7.76,"mCalorie":0.57,"mOthersTime":0,"mRunTime":0,"mStartTime":62400000,"mTimeUnit":600000,"mWalkTime":8004,"runStep":0,"walkStep":12},{"distance":68.29,"mCalorie":3.33,"mOthersTime":0,"mRunTime":0,"mStartTime":63000000,"mTimeUnit":600000,"mWalkTime":61364,"runStep":0,"walkStep":92},{"distance":385.38998,"mCalorie":21.85,"mOthersTime":0,"mRunTime":0,"mStartTime":63600000,"mTimeUnit":600000,"mWalkTime":309338,"runStep":0,"walkStep":533},{"distance":73.58,"mCalorie":3.8899999,"mOthersTime":0,"mRunTime":0,"mStartTime":64200000,"mTimeUnit":600000,"mWalkTime":68701,"runStep":0,"walkStep":103},{"distance":24.189999,"mCalorie":1.46,"mOthersTime":0,"mRunTime":2000,"mStartTime":67200000,"mTimeUnit":600000,"mWalkTime":17342,"runStep":5,"walkStep":26},{"distance":12.3,"mCalorie":0.52,"mOthersTime":0,"mRunTime":0,"mStartTime":67800000,"mTimeUnit":600000,"mWalkTime":10672,"runStep":0,"walkStep":16},{"distance":7.96,"mCalorie":0.37,"mOthersTime":0,"mRunTime":0,"mStartTime":69600000,"mTimeUnit":600000,"mWalkTime":7337,"runStep":0,"walkStep":11},{"distance":80.729996,"mCalorie":4.0600004,"mOthersTime":0,"mRunTime":0,"mStartTime":70200000,"mTimeUnit":600000,"mWalkTime":71369,"runStep":0,"walkStep":107},{"distance":100.82,"mCalorie":5.84,"mOthersTime":0,"mRunTime":0,"mStartTime":70800000,"mTimeUnit":600000,"mWalkTime":103385,"runStep":0,"walkStep":155},{"distance":85.73,"mCalorie":4.92,"mOthersTime":0,"mRunTime":0,"mStartTime":71400000,"mTimeUnit":600000,"mWalkTime":74674,"runStep":0,"walkStep":116},{"distance":136.81999,"mCalorie":7.6099997,"mOthersTime":0,"mRunTime":0,"mStartTime":73200000,"mTimeUnit":600000,"mWalkTime":130065,"runStep":0,"walkStep":195},{"distance":69.32,"mCalorie":3.57,"mOthersTime":0,"mRunTime":0,"mStartTime":73800000,"mTimeUnit":600000,"mWalkTime":62698,"runStep":0,"walkStep":94},{"distance":25.51,"mCalorie":1.33,"mOthersTime":0,"mRunTime":0,"mStartTime":75000000,"mTimeUnit":600000,"mWalkTime":22011,"runStep":0,"walkStep":33},{"distance":31.52,"mCalorie":1.56,"mOthersTime":0,"mRunTime":0,"mStartTime":75600000,"mTimeUnit":600000,"mWalkTime":29348,"runStep":0,"walkStep":44},{"distance":24.13,"mCalorie":1.54,"mOthersTime":0,"mRunTime":0,"mStartTime":80400000,"mTimeUnit":600000,"mWalkTime":22678,"runStep":0,"walkStep":34},{"distance":36.63,"mCalorie":1.9999999,"mOthersTime":0,"mRunTime":400,"mStartTime":81000000,"mTimeUnit":600000,"mWalkTime":31349,"runStep":1,"walkStep":47}],"version":1}