{"mAdaptiveGoal":0,"mIsGoalAchieved":false,"mIsMostActiveAchieved":false,"mMostActiveMinutes":0,"mStreakDayCount":0,"mUnitDataList":[{"distance":10.79,"mCalorie":0.75,"mOthersTime":0,"mRunTime":1600,"mStartTime":10200000,"mTimeUnit":600000,"mWalkTime":6670,"runStep":4,"walkStep":10},{"distance":21.838,"mCalorie":1.33,"mOthersTime":0,"mRunTime":2000,"mStartTime":10800000,"mTimeUnit":600000,"mWalkTime":14007,"runStep":5,"walkStep":21},{"distance":41.880005,"mCalorie":2.08,"mOthersTime":0,"mRunTime":0,"mStartTime":22200000,"mTimeUnit":600000,"mWalkTime":38019,"runStep":0,"walkStep":57},{"distance":9.96,"mCalorie":0.58,"mOthersTime":0,"mRunTime":800,"mStartTime":24000000,"mTimeUnit":600000,"mWalkTime":6670,"runStep":2,"walkStep":10},{"distance":10.33,"mCalorie":0.57,"mOthersTime":0,"mRunTime":0,"mStartTime":26400000,"mTimeUnit":600000,"mWalkTime":9338,"runStep":0,"walkStep":14},{"distance":27.29,"mCalorie":1.27,"mOthersTime":0,"mRunTime":0,"mStartTime":29400000,"mTimeUnit":600000,"mWalkTime":24679,"runStep":0,"walkStep":37},{"distance":30.05,"mCalorie":1.7,"mOthersTime":0,"mRunTime":1200,"mStartTime":30000000,"mTimeUnit":600000,"mWalkTime":23345,"runStep":3,"walkStep":35},{"distance":27.55,"mCalorie":1.5999999,"mOthersTime":0,"mRunTime":0,"mStartTime":30600000,"mTimeUnit":600000,"mWalkTime":26680,"runStep":0,"walkStep":40},{"distance":37.730003,"mCalorie":1.8299999,"mOthersTime":0,"mRunTime":800,"mStartTime":33000000,"mTimeUnit":600000,"mWalkTime":32016,"runStep":2,"walkStep":48},{"distance":74.479996,"mCalorie":3.8600001,"mOthersTime":0,"mRunTime":0,"mStartTime":33600000,"mTimeUnit":600000,"mWalkTime":67367,"runStep":0,"walkStep":101},{"distance":179.087,"mCalorie":9.650001,"mOthersTime":0,"mRunTime":3600,"mStartTime":34200000,"mTimeUnit":600000,"mWalkTime":149378,"runStep":9,"walkStep":235},{"distance":10.25,"mCalorie":0.42,"mOthersTime":0,"mRunTime":0,"mStartTime":34800000,"mTimeUnit":600000,"mWalkTime":8671,"runStep":0,"walkStep":13},{"distance":225.63101,"mCalorie":13.44,"mOthersTime":0,"mRunTime":0,"mStartTime":35400000,"mTimeUnit":600000,"mWalkTime":220110,"runStep":0,"walkStep":330},{"distance":31.469997,"mCalorie":1.65,"mOthersTime":0,"mRunTime":0,"mStartTime":36000000,"mTimeUnit":600000,"mWalkTime":29348,"runStep":0,"walkStep":44},{"distance":25.11,"mCalorie":1.17,"mOthersTime":0,"mRunTime":0,"mStartTime":39000000,"mTimeUnit":600000,"mWalkTime":22011,"runStep":0,"walkStep":33},{"distance":87.11,"mCalorie":5.0699997,"mOthersTime":0,"mRunTime":0,"mStartTime":39600000,"mTimeUnit":600000,"mWalkTime":88044,"runStep":0,"walkStep":132},{"distance":35.98,"mCalorie":2.05,"mOthersTime":0,"mRunTime":2800,"mStartTime":40200000,"mTimeUnit":600000,"mWalkTime":25346,"runStep":7,"walkStep":38},{"distance":24.380001,"mCalorie":1.27,"mOthersTime":0,"mRunTime":0,"mStartTime":40800000,"mTimeUnit":600000,"mWalkTime":22011,"runStep":0,"walkStep":33},{"distance":110.46001,"mCalorie":6.6200004,"mOthersTime":0,"mRunTime":0,"mStartTime":41400000,"mTimeUnit":600000,"mWalkTime":104719,"runStep":0,"walkStep":157},{"distance":71.130005,"mCalorie":3.87,"mOthersTime":0,"mRunTime":4400,"mStartTime":42000000,"mTimeUnit":600000,"mWalkTime":54027,"runStep":11,"walkStep":81},{"distance":122.913,"mCalorie":6.3900003,"mOthersTime":0,"mRunTime":0,"mStartTime":42600000,"mTimeUnit":600000,"mWalkTime":114057,"runStep":0,"walkStep":171},{"distance":181.57,"mCalorie":10.03,"mOthersTime":0,"mRunTime":0,"mStartTime":43200000,"mTimeUnit":600000,"mWalkTime":166053,"runStep":0,"walkStep":252},{"distance":37.42,"mCalorie":1.98,"mOthersTime":0,"mRunTime":0,"mStartTime":43800000,"mTimeUnit":600000,"mWalkTime":34684,"runStep":0,"walkStep":52},{"distance":47.600006,"mCalorie":1.9499997,"mOthersTime":0,"mRunTime":0,"mStartTime":44400000,"mTimeUnit":600000,"mWalkTime":40687,"runStep":0,"walkStep":61},{"distance":14.419999,"mCalorie":0.74,"mOthersTime":0,"mRunTime":0,"mStartTime":45000000,"mTimeUnit":600000,"mWalkTime":13340,"runStep":0,"walkStep":20},{"distance":21.21,"mCalorie":1.16,"mOthersTime":0,"mRunTime":0,"mStartTime":46200000,"mTimeUnit":600000,"mWalkTime":20010,"runStep":0,"walkStep":30},{"distance":211.45999,"mCalorie":10.9,"mOthersTime":0,"mRunTime":0,"mStartTime":46800000,"mTimeUnit":600000,"mWalkTime":188731,"runStep":0,"walkStep":294},{"distance":169.11,"mCalorie":8.34,"mOthersTime":0,"mRunTime":0,"mStartTime":47400000,"mTimeUnit":600000,"mWalkTime":138039,"runStep":0,"walkStep":225},{"distance":62.980003,"mCalorie":3.13,"mOthersTime":0,"mRunTime":0,"mStartTime":48000000,"mTimeUnit":600000,"mWalkTime":57362,"runStep":0,"walkStep":86},{"distance":30.829998,"mCalorie":1.59,"mOthersTime":0,"mRunTime":400,"mStartTime":49200000,"mTimeUnit":600000,"mWalkTime":26680,"runStep":1,"walkStep":40},{"distance":263.34003,"mCalorie":15.7699995,"mOthersTime":0,"mRunTime":0,"mStartTime":49800000,"mTimeUnit":600000,"mWalkTime":260130,"runStep":0,"walkStep":390},{"distance":180.10002,"mCalorie":8.72,"mOthersTime":0,"mRunTime":0,"mStartTime":50400000,"mTimeUnit":600000,"mWalkTime":149378,"runStep":0,"walkStep":239},{"distance":57.410004,"mCalorie":2.8,"mOthersTime":0,"mRunTime":0,"mStartTime":51000000,"mTimeUnit":600000,"mWalkTime":51359,"runStep":0,"walkStep":77},{"distance":41.68,"mCalorie":2.16,"mOthersTime":0,"mRunTime":0,"mStartTime":51600000,"mTimeUnit":600000,"mWalkTime":37352,"runStep":0,"walkStep":56},{"distance":252.49998,"mCalorie":13.93,"mOthersTime":0,"mRunTime":0,"mStartTime":52200000,"mTimeUnit":600000,"mWalkTime":228721,"runStep":0,"walkStep":358},{"distance":62.880005,"mCalorie":3.05,"mOthersTime":0,"mRunTime":0,"mStartTime":52800000,"mTimeUnit":600000,"mWalkTime":55361,"runStep":0,"walkStep":83},{"distance":37.34,"mCalorie":1.9,"mOthersTime":0,"mRunTime":0,"mStartTime":55800000,"mTimeUnit":600000,"mWalkTime":34017,"runStep":0,"walkStep":51},{"distance":7.18,"mCalorie":0.35,"mOthersTime":0,"mRunTime":0,"mStartTime":56400000,"mTimeUnit":600000,"mWalkTime":6670,"runStep":0,"walkStep":10},{"distance":132.85,"mCalorie":7.2599998,"mOthersTime":0,"mRunTime":0,"mStartTime":57000000,"mTimeUnit":600000,"mWalkTime":132066,"runStep":0,"walkStep":198},{"distance":88.0,"mCalorie":4.72,"mOthersTime":0,"mRunTime":0,"mStartTime":57600000,"mTimeUnit":600000,"mWalkTime":84709,"runStep":0,"walkStep":127},{"distance":129.11,"mCalorie":6.87,"mOthersTime":0,"mRunTime":0,"mStartTime":58200000,"mTimeUnit":600000,"mWalkTime":120060,"runStep":0,"walkStep":180},{"distance":110.34,"mCalorie":5.799999,"mOthersTime":0,"mRunTime":0,"mStartTime":58800000,"mTimeUnit":600000,"mWalkTime":102718,"runStep":0,"walkStep":154},{"distance":171.57999,"mCalorie":8.69,"mOthersTime":0,"mRunTime":0,"mStartTime":59400000,"mTimeUnit":600000,"mWalkTime":158716,"runStep":0,"walkStep":239},{"distance":7.04,"mCalorie":0.36,"mOthersTime":0,"mRunTime":0,"mStartTime":60000000,"mTimeUnit":600000,"mWalkTime":6670,"runStep":0,"walkStep":10},{"distance":159.93999,"mCalorie":8.29,"mOthersTime":0,"mRunTime":0,"mStartTime":60600000,"mTimeUnit":600000,"mWalkTime":148741,"runStep":0,"walkStep":223},{"distance":29.16,"mCalorie":1.5,"mOthersTime":0,"mRunTime":0,"mStartTime":61200000,"mTimeUnit":600000,"mWalkTime":27347,"runStep":0,"walkStep":41},{"distance":87.09,"mCalorie":5.3,"mOthersTime":0,"mRunTime":0,"mStartTime":61800000,"mTimeUnit":600000,"mWalkTime":84709,"runStep":0,"walkStep":127},{"distance":69.8,"mCalorie":3.2299998,"mOthersTime":0,"mRunTime":0,"mStartTime":62400000,"mTimeUnit":600000,"mWalkTime":62031,"runStep":0,"walkStep":93},{"distance":20.93,"mCalorie":1.04,"mOthersTime":0,"mRunTime":0,"mStartTime":63600000,"mTimeUnit":600000,"mWalkTime":19343,"runStep":0,"walkStep":29},{"distance":56.79,"mCalorie":2.75,"mOthersTime":0,"mRunTime":0,"mStartTime":67800000,"mTimeUnit":600000,"mWalkTime":50692,"runStep":0,"walkStep":76},{"distance":74.26299,"mCalorie":4.5,"mOthersTime":0,"mRunTime":800,"mStartTime":68400000,"mTimeUnit":600000,"mWalkTime":75371,"runStep":2,"walkStep":113},{"distance":42.85,"mCalorie":2.3899996,"mOthersTime":0,"mRunTime":0,"mStartTime":69000000,"mTimeUnit":600000,"mWalkTime":40687,"runStep":0,"walkStep":61},{"distance":210.16,"mCalorie":11.079999,"mOthersTime":0,"mRunTime":0,"mStartTime":69600000,"mTimeUnit":600000,"mWalkTime":185396,"runStep":0,"walkStep":279},{"distance":39.11,"mCalorie":2.1399999,"mOthersTime":0,"mRunTime":0,"mStartTime":70200000,"mTimeUnit":600000,"mWalkTime":36018,"runStep":0,"walkStep":54},{"distance":19.55,"mCalorie":0.84,"mOthersTime":0,"mRunTime":0,"mStartTime":70800000,"mTimeUnit":600000,"mWalkTime":16008,"runStep":0,"walkStep":24},{"distance":373.74002,"mCalorie":19.82,"mOthersTime":0,"mRunTime":0,"mStartTime":72600000,"mTimeUnit":600000,"mWalkTime":345476,"runStep":0,"walkStep":520},{"distance":2.82,"mCalorie":0.16,"mOthersTime":0,"mRunTime":0,"mStartTime":73200000,"mTimeUnit":600000,"mWalkTime":2668,"runStep":0,"walkStep":4},{"distance":234.018,"mCalorie":12.29,"mOthersTime":0,"mRunTime":0,"mStartTime":78000000,"mTimeUnit":600000,"mWalkTime":196705,"runStep":0,"walkStep":317},{"distance":5.0,"mCalorie":0.26,"mOthersTime":0,"mRunTime":0,"mStartTime":78600000,"mTimeUnit":600000,"mWalkTime":4669,"runStep":0,"walkStep":7},{"distance":157.82101,"mCalorie":7.95,"mOthersTime":0,"mRunTime":0,"mStartTime":79200000,"mTimeUnit":600000,"mWalkTime":138039,"runStep":0,"walkStep":219},{"distance":48.07,"mCalorie":2.2399998,"mOthersTime":0,"mRunTime":0,"mStartTime":79800000,"mTimeUnit":600000,"mWalkTime":42688,"runStep":0,"walkStep":64},{"distance":72.67,"mCalorie":3.81,"mOthersTime":0,"mRunTime":0,"mStartTime":80400000,"mTimeUnit":600000,"mWalkTime":66700,"runStep":0,"walkStep":100},{"distance":16.81,"mCalorie":0.67,"mOthersTime":0,"mRunTime":0,"mStartTime":81000000,"mTimeUnit":600000,"mWalkTime":14007,"runStep":0,"walkStep":21},{"distance":46.84,"mCalorie":2.46,"mOthersTime":0,"mRunTime":1600,"mStartTime":81600000,"mTimeUnit":600000,"mWalkTime":36018,"runStep":4,"walkStep":54}],"version":1}