{"mActivityList":[{"mActiveTime":1100501,"mActiveTimeType":0,"mCalorie":95.0,"mCategory":204,"mDetailInfoId":"2f5f2b34-c9d3-d7e7-b8ac-86f3a220c75d","mDistance":1206.955,"mDuration":1100501,"mEndTime":35950965,"mStartTime":34850464,"mType":1001},{"mActiveTime":1115328,"mActiveTimeType":0,"mCalorie":92.0,"mCategory":204,"mDetailInfoId":"91c1d4bd-37f9-6055-c813-8d76ac5a27a2","mDistance":1123.982,"mDuration":1115328,"mEndTime":40633212,"mStartTime":39517884,"mType":1001},{"mActiveTime":600000,"mActiveTimeType":2,"mCalorie":65.31,"mCategory":204,"mDetailInfoId":"4e31ecbb-f13a-0425-193b-5355f4332988","mDistance":0.0,"mDuration":600000,"mEndTime":47283038,"mStartTime":46683038,"mType":11007},{"mActiveTime":600000,"mActiveTimeType":2,"mCalorie":64.44,"mCategory":204,"mDetailInfoId":"4e4a509e-3e52-c22f-ba4f-a2390f64495a","mDistance":0.0,"mDuration":600000,"mEndTime":50754031,"mStartTime":50154031,"mType":11007}],"mAdaptiveGoal":0,"mIsGoalAchieved":false,"mIsMostActiveAchieved":false,"mMostActiveMinutes":0,"mStreakDayCount":0,"mUnitDataList":[{"distance":19.69,"mCalorie":0.94000006,"mOthersTime":0,"mRunTime":0,"mStartTime":10200000,"mTimeUnit":600000,"mWalkTime":18009,"runStep":0,"walkStep":27},{"distance":8.12,"mCalorie":0.36,"mOthersTime":0,"mRunTime":0,"mStartTime":10800000,"mTimeUnit":600000,"mWalkTime":6670,"runStep":0,"walkStep":10},{"distance":10.6,"mCalorie":0.58,"mOthersTime":0,"mRunTime":400,"mStartTime":11400000,"mTimeUnit":600000,"mWalkTime":6670,"runStep":1,"walkStep":10},{"distance":63.72,"mCalorie":3.3899999,"mOthersTime":0,"mRunTime":1200,"mStartTime":14400000,"mTimeUnit":600000,"mWalkTime":56028,"runStep":3,"walkStep":84},{"distance":147.83,"mCalorie":7.08,"mOthersTime":0,"mRunTime":0,"mStartTime":15000000,"mTimeUnit":600000,"mWalkTime":136068,"runStep":0,"walkStep":204},{"distance":40.489998,"mCalorie":1.94,"mOthersTime":0,"mRunTime":0,"mStartTime":15600000,"mTimeUnit":600000,"mWalkTime":36018,"runStep":0,"walkStep":54},{"distance":49.559998,"mCalorie":2.25,"mOthersTime":0,"mRunTime":0,"mStartTime":18000000,"mTimeUnit":600000,"mWalkTime":42688,"runStep":0,"walkStep":64},{"distance":132.83,"mCalorie":6.5899997,"mOthersTime":0,"mRunTime":0,"mStartTime":18600000,"mTimeUnit":600000,"mWalkTime":125396,"runStep":0,"walkStep":188},{"distance":10.19,"mCalorie":0.49,"mOthersTime":0,"mRunTime":0,"mStartTime":19200000,"mTimeUnit":600000,"mWalkTime":9338,"runStep":0,"walkStep":14},{"distance":27.05,"mCalorie":1.1489999,"mOthersTime":0,"mRunTime":0,"mStartTime":30600000,"mTimeUnit":600000,"mWalkTime":24012,"runStep":0,"walkStep":36},{"distance":29.618,"mCalorie":1.6,"mOthersTime":0,"mRunTime":400,"mStartTime":31200000,"mTimeUnit":600000,"mWalkTime":24679,"runStep":1,"walkStep":37},{"distance":54.489998,"mCalorie":2.79,"mOthersTime":0,"mRunTime":0,"mStartTime":33000000,"mTimeUnit":600000,"mWalkTime":48691,"runStep":0,"walkStep":73},{"distance":39.588,"mCalorie":2.05,"mOthersTime":0,"mRunTime":1200,"mStartTime":33600000,"mTimeUnit":600000,"mWalkTime":31349,"runStep":3,"walkStep":47},{"distance":73.333,"mCalorie":4.04,"mOthersTime":0,"mRunTime":400,"mStartTime":34200000,"mTimeUnit":600000,"mWalkTime":63365,"runStep":1,"walkStep":95},{"distance":622.00476,"mCalorie":48.79244,"mOthersTime":0,"mRunTime":0,"mStartTime":34800000,"mTimeUnit":600000,"mWalkTime":574780,"runStep":0,"walkStep":906},{"distance":604.2611,"mCalorie":47.56168,"mOthersTime":0,"mRunTime":0,"mStartTime":35400000,"mTimeUnit":600000,"mWalkTime":550965,"runStep":0,"walkStep":779},{"distance":204.439,"mCalorie":10.070001,"mOthersTime":0,"mRunTime":0,"mStartTime":36000000,"mTimeUnit":600000,"mWalkTime":185426,"runStep":0,"walkStep":278},{"distance":61.5,"mCalorie":3.1000001,"mOthersTime":0,"mRunTime":0,"mStartTime":36600000,"mTimeUnit":600000,"mWalkTime":55361,"runStep":0,"walkStep":83},{"distance":8.97,"mCalorie":0.31,"mOthersTime":0,"mRunTime":0,"mStartTime":37200000,"mTimeUnit":600000,"mWalkTime":7337,"runStep":0,"walkStep":11},{"distance":56.54,"mCalorie":3.02,"mOthersTime":0,"mRunTime":0,"mStartTime":37800000,"mTimeUnit":600000,"mWalkTime":52026,"runStep":0,"walkStep":78},{"distance":196.81558,"mCalorie":12.902714,"mOthersTime":0,"mRunTime":0,"mStartTime":39000000,"mTimeUnit":600000,"mWalkTime":188831,"runStep":0,"walkStep":276},{"distance":604.6555,"mCalorie":49.492165,"mOthersTime":0,"mRunTime":0,"mStartTime":39600000,"mTimeUnit":600000,"mWalkTime":600000,"runStep":0,"walkStep":1044},{"distance":470.96338,"mCalorie":37.444332,"mOthersTime":0,"mRunTime":0,"mStartTime":40200000,"mTimeUnit":600000,"mWalkTime":464561,"runStep":0,"walkStep":422},{"distance":140.55,"mCalorie":7.9399996,"mOthersTime":0,"mRunTime":0,"mStartTime":40800000,"mTimeUnit":600000,"mWalkTime":140070,"runStep":0,"walkStep":210},{"distance":44.37,"mCalorie":2.3000002,"mOthersTime":0,"mRunTime":0,"mStartTime":41400000,"mTimeUnit":600000,"mWalkTime":42021,"runStep":0,"walkStep":63},{"distance":38.140003,"mCalorie":1.86,"mOthersTime":0,"mRunTime":0,"mStartTime":42000000,"mTimeUnit":600000,"mWalkTime":34684,"runStep":0,"walkStep":52},{"distance":34.45,"mCalorie":1.51,"mOthersTime":0,"mRunTime":0,"mStartTime":42600000,"mTimeUnit":600000,"mWalkTime":30015,"runStep":0,"walkStep":45},{"distance":7.33,"mCalorie":0.43,"mOthersTime":0,"mRunTime":0,"mStartTime":43200000,"mTimeUnit":600000,"mWalkTime":6670,"runStep":0,"walkStep":10},{"distance":21.84,"mCalorie":1.1500001,"mOthersTime":0,"mRunTime":0,"mStartTime":43800000,"mTimeUnit":600000,"mWalkTime":20010,"runStep":0,"walkStep":30},{"distance":22.23,"mCalorie":1.14,"mOthersTime":0,"mRunTime":0,"mStartTime":44400000,"mTimeUnit":600000,"mWalkTime":20010,"runStep":0,"walkStep":30},{"distance":17.210001,"mCalorie":0.89000005,"mOthersTime":0,"mRunTime":0,"mStartTime":45000000,"mTimeUnit":600000,"mWalkTime":16008,"runStep":0,"walkStep":24},{"distance":50.767998,"mCalorie":2.56,"mOthersTime":0,"mRunTime":400,"mStartTime":45600000,"mTimeUnit":600000,"mWalkTime":44022,"runStep":1,"walkStep":66},{"distance":102.63115,"mCalorie":18.956123,"mOthersTime":116962,"mRunTime":0,"mStartTime":46200000,"mTimeUnit":600000,"mWalkTime":105267,"runStep":0,"walkStep":196},{"distance":26.41,"mCalorie":53.99868,"mOthersTime":483037,"mRunTime":0,"mStartTime":46800000,"mTimeUnit":600000,"mWalkTime":24679,"runStep":0,"walkStep":223},{"distance":86.259995,"mCalorie":4.37,"mOthersTime":0,"mRunTime":0,"mStartTime":47400000,"mTimeUnit":600000,"mWalkTime":78706,"runStep":0,"walkStep":118},{"distance":35.19,"mCalorie":1.57,"mOthersTime":0,"mRunTime":0,"mStartTime":48000000,"mTimeUnit":600000,"mWalkTime":30015,"runStep":0,"walkStep":45},{"distance":23.37,"mCalorie":1.27,"mOthersTime":0,"mRunTime":0,"mStartTime":49200000,"mTimeUnit":600000,"mWalkTime":22011,"runStep":0,"walkStep":33},{"distance":42.03501,"mCalorie":28.517742,"mOthersTime":245968,"mRunTime":0,"mStartTime":49800000,"mTimeUnit":600000,"mWalkTime":37763,"runStep":0,"walkStep":218},{"distance":68.5082,"mCalorie":41.50681,"mOthersTime":354031,"mRunTime":0,"mStartTime":50400000,"mTimeUnit":600000,"mWalkTime":61161,"runStep":0,"walkStep":284},{"distance":88.479996,"mCalorie":4.62,"mOthersTime":0,"mRunTime":0,"mStartTime":51000000,"mTimeUnit":600000,"mWalkTime":78706,"runStep":0,"walkStep":118},{"distance":26.11,"mCalorie":1.19,"mOthersTime":0,"mRunTime":0,"mStartTime":51600000,"mTimeUnit":600000,"mWalkTime":23345,"runStep":0,"walkStep":35},{"distance":274.923,"mCalorie":13.669999,"mOthersTime":0,"mRunTime":0,"mStartTime":52200000,"mTimeUnit":600000,"mWalkTime":216685,"runStep":0,"walkStep":369},{"distance":41.149998,"mCalorie":2.1000001,"mOthersTime":0,"mRunTime":400,"mStartTime":52800000,"mTimeUnit":600000,"mWalkTime":35351,"runStep":1,"walkStep":53},{"distance":73.068,"mCalorie":3.8199997,"mOthersTime":0,"mRunTime":4400,"mStartTime":53400000,"mTimeUnit":600000,"mWalkTime":44022,"runStep":11,"walkStep":66},{"distance":32.84,"mCalorie":1.53,"mOthersTime":0,"mRunTime":0,"mStartTime":54000000,"mTimeUnit":600000,"mWalkTime":28681,"runStep":0,"walkStep":43},{"distance":21.349998,"mCalorie":1.03,"mOthersTime":0,"mRunTime":0,"mStartTime":54600000,"mTimeUnit":600000,"mWalkTime":18676,"runStep":0,"walkStep":28},{"distance":31.039001,"mCalorie":1.3,"mOthersTime":0,"mRunTime":0,"mStartTime":55200000,"mTimeUnit":600000,"mWalkTime":27347,"runStep":0,"walkStep":41},{"distance":62.48,"mCalorie":3.0299997,"mOthersTime":0,"mRunTime":0,"mStartTime":56400000,"mTimeUnit":600000,"mWalkTime":58696,"runStep":0,"walkStep":88},{"distance":75.490005,"mCalorie":3.8899999,"mOthersTime":0,"mRunTime":2400,"mStartTime":57000000,"mTimeUnit":600000,"mWalkTime":62031,"runStep":6,"walkStep":93},{"distance":8.01,"mCalorie":0.44,"mOthersTime":0,"mRunTime":0,"mStartTime":57600000,"mTimeUnit":600000,"mWalkTime":6670,"runStep":0,"walkStep":10},{"distance":11.5,"mCalorie":0.59,"mOthersTime":0,"mRunTime":0,"mStartTime":58200000,"mTimeUnit":600000,"mWalkTime":11339,"runStep":0,"walkStep":17},{"distance":8.8,"mCalorie":0.59,"mOthersTime":0,"mRunTime":0,"mStartTime":58800000,"mTimeUnit":600000,"mWalkTime":6670,"runStep":0,"walkStep":10},{"distance":291.22,"mCalorie":15.160001,"mOthersTime":0,"mRunTime":0,"mStartTime":59400000,"mTimeUnit":600000,"mWalkTime":266103,"runStep":0,"walkStep":400},{"distance":388.72998,"mCalorie":20.02,"mOthersTime":0,"mRunTime":0,"mStartTime":60000000,"mTimeUnit":600000,"mWalkTime":351449,"runStep":0,"walkStep":535},{"distance":53.439,"mCalorie":2.48,"mOthersTime":0,"mRunTime":0,"mStartTime":60600000,"mTimeUnit":600000,"mWalkTime":47357,"runStep":0,"walkStep":71},{"distance":24.938002,"mCalorie":1.17,"mOthersTime":0,"mRunTime":0,"mStartTime":61200000,"mTimeUnit":600000,"mWalkTime":21344,"runStep":0,"walkStep":32},{"distance":107.959,"mCalorie":5.72,"mOthersTime":0,"mRunTime":0,"mStartTime":61800000,"mTimeUnit":600000,"mWalkTime":96715,"runStep":0,"walkStep":145},{"distance":131.931,"mCalorie":6.52,"mOthersTime":0,"mRunTime":800,"mStartTime":62400000,"mTimeUnit":600000,"mWalkTime":118059,"runStep":2,"walkStep":177},{"distance":66.63,"mCalorie":3.3199997,"mOthersTime":0,"mRunTime":0,"mStartTime":63000000,"mTimeUnit":600000,"mWalkTime":60030,"runStep":0,"walkStep":90},{"distance":67.071,"mCalorie":3.1399999,"mOthersTime":0,"mRunTime":0,"mStartTime":63600000,"mTimeUnit":600000,"mWalkTime":58696,"runStep":0,"walkStep":88},{"distance":78.38999,"mCalorie":3.8199997,"mOthersTime":0,"mRunTime":0,"mStartTime":64200000,"mTimeUnit":600000,"mWalkTime":71369,"runStep":0,"walkStep":107},{"distance":171.84,"mCalorie":8.37,"mOthersTime":0,"mRunTime":2000,"mStartTime":64800000,"mTimeUnit":600000,"mWalkTime":147407,"runStep":5,"walkStep":221},{"distance":213.98001,"mCalorie":11.189998,"mOthersTime":0,"mRunTime":0,"mStartTime":65400000,"mTimeUnit":600000,"mWalkTime":191369,"runStep":0,"walkStep":293},{"distance":58.49,"mCalorie":2.79,"mOthersTime":0,"mRunTime":0,"mStartTime":66000000,"mTimeUnit":600000,"mWalkTime":52693,"runStep":0,"walkStep":79},{"distance":105.34998,"mCalorie":5.5200005,"mOthersTime":0,"mRunTime":0,"mStartTime":66600000,"mTimeUnit":600000,"mWalkTime":96715,"runStep":0,"walkStep":145},{"distance":9.27,"mCalorie":0.35,"mOthersTime":0,"mRunTime":0,"mStartTime":67200000,"mTimeUnit":600000,"mWalkTime":7337,"runStep":0,"walkStep":11},{"distance":39.881,"mCalorie":1.93,"mOthersTime":0,"mRunTime":1600,"mStartTime":67800000,"mTimeUnit":600000,"mWalkTime":30015,"runStep":4,"walkStep":45},{"distance":8.1,"mCalorie":0.39,"mOthersTime":0,"mRunTime":0,"mStartTime":68400000,"mTimeUnit":600000,"mWalkTime":7337,"runStep":0,"walkStep":11},{"distance":24.419,"mCalorie":1.14,"mOthersTime":0,"mRunTime":0,"mStartTime":69000000,"mTimeUnit":600000,"mWalkTime":22011,"runStep":0,"walkStep":33},{"distance":22.347,"mCalorie":1.0799999,"mOthersTime":0,"mRunTime":0,"mStartTime":69600000,"mTimeUnit":600000,"mWalkTime":20677,"runStep":0,"walkStep":31},{"distance":4.41,"mCalorie":0.21,"mOthersTime":0,"mRunTime":0,"mStartTime":70200000,"mTimeUnit":600000,"mWalkTime":4002,"runStep":0,"walkStep":6},{"distance":4.47,"mCalorie":0.21,"mOthersTime":0,"mRunTime":0,"mStartTime":72600000,"mTimeUnit":600000,"mWalkTime":4002,"runStep":0,"walkStep":6},{"distance":15.06,"mCalorie":0.74,"mOthersTime":0,"mRunTime":0,"mStartTime":73800000,"mTimeUnit":600000,"mWalkTime":14007,"runStep":0,"walkStep":21},{"distance":17.28,"mCalorie":0.88,"mOthersTime":0,"mRunTime":0,"mStartTime":74400000,"mTimeUnit":600000,"mWalkTime":16008,"runStep":0,"walkStep":24},{"distance":205.037,"mCalorie":12.1900015,"mOthersTime":0,"mRunTime":8400,"mStartTime":75600000,"mTimeUnit":600000,"mWalkTime":181424,"runStep":21,"walkStep":272},{"distance":537.99,"mCalorie":30.440002,"mOthersTime":0,"mRunTime":0,"mStartTime":76200000,"mTimeUnit":600000,"mWalkTime":480090,"runStep":0,"walkStep":754},{"distance":95.079994,"mCalorie":5.07,"mOthersTime":0,"mRunTime":0,"mStartTime":76800000,"mTimeUnit":600000,"mWalkTime":84012,"runStep":0,"walkStep":130},{"distance":10.911,"mCalorie":0.44,"mOthersTime":0,"mRunTime":0,"mStartTime":77400000,"mTimeUnit":600000,"mWalkTime":10005,"runStep":0,"walkStep":15},{"distance":56.77,"mCalorie":2.8300002,"mOthersTime":0,"mRunTime":0,"mStartTime":78000000,"mTimeUnit":600000,"mWalkTime":50692,"runStep":0,"walkStep":76},{"distance":242.65999,"mCalorie":12.54,"mOthersTime":0,"mRunTime":0,"mStartTime":78600000,"mTimeUnit":600000,"mWalkTime":218776,"runStep":0,"walkStep":328},{"distance":138.93001,"mCalorie":7.4700003,"mOthersTime":0,"mRunTime":0,"mStartTime":79200000,"mTimeUnit":600000,"mWalkTime":128064,"runStep":0,"walkStep":192},{"distance":75.59,"mCalorie":4.73,"mOthersTime":0,"mRunTime":0,"mStartTime":81000000,"mTimeUnit":600000,"mWalkTime":82708,"runStep":0,"walkStep":124},{"distance":367.19098,"mCalorie":20.05,"mOthersTime":0,"mRunTime":0,"mStartTime":81600000,"mTimeUnit":600000,"mWalkTime":297362,"runStep":0,"walkStep":503},{"distance":40.869995,"mCalorie":2.14,"mOthersTime":0,"mRunTime":0,"mStartTime":82200000,"mTimeUnit":600000,"mWalkTime":37352,"runStep":0,"walkStep":56},{"distance":397.1,"mCalorie":21.55,"mOthersTime":0,"mRunTime":0,"mStartTime":84600000,"mTimeUnit":600000,"mWalkTime":324709,"runStep":0,"walkStep":542},{"distance":67.211,"mCalorie":3.2600002,"mOthersTime":0,"mRunTime":0,"mStartTime":85200000,"mTimeUnit":600000,"mWalkTime":60697,"runStep":0,"walkStep":91},{"distance":2.37,"mCalorie":0.11,"mOthersTime":0,"mRunTime":0,"mStartTime":85800000,"mTimeUnit":600000,"mWalkTime":2001,"runStep":0,"walkStep":3}],"version":1}