{"mActivityList":[{"mActiveTime":2737639,"mActiveTimeType":0,"mCalorie":308.0,"mCategory":204,"mDetailInfoId":"c423380e-4a14-7925-f4bc-5c89c285e17e","mDistance":3224.556,"mDuration":2737639,"mEndTime":61600423,"mStartTime":58862784,"mType":1001}],"mAdaptiveGoal":0,"mIsGoalAchieved":false,"mIsMostActiveAchieved":false,"mMostActiveMinutes":0,"mStreakDayCount":0,"mUnitDataList":[{"distance":16.23,"mCalorie":0.77,"mOthersTime":0,"mRunTime":0,"mStartTime":4200000,"mTimeUnit":600000,"mWalkTime":14674,"runStep":0,"walkStep":22},{"distance":9.19,"mCalorie":0.4,"mOthersTime":0,"mRunTime":0,"mStartTime":4800000,"mTimeUnit":600000,"mWalkTime":8004,"runStep":0,"walkStep":12},{"distance":7.96,"mCalorie":0.34,"mOthersTime":0,"mRunTime":0,"mStartTime":5400000,"mTimeUnit":600000,"mWalkTime":6670,"runStep":0,"walkStep":10},{"distance":33.9,"mCalorie":1.6199999,"mOthersTime":0,"mRunTime":800,"mStartTime":15600000,"mTimeUnit":600000,"mWalkTime":26013,"runStep":2,"walkStep":39},{"distance":29.759998,"mCalorie":1.5799999,"mOthersTime":0,"mRunTime":0,"mStartTime":21000000,"mTimeUnit":600000,"mWalkTime":22011,"runStep":0,"walkStep":33},{"distance":78.711,"mCalorie":4.48,"mOthersTime":0,"mRunTime":1200,"mStartTime":21600000,"mTimeUnit":600000,"mWalkTime":64699,"runStep":3,"walkStep":97},{"distance":8.99,"mCalorie":0.31,"mOthersTime":0,"mRunTime":0,"mStartTime":22200000,"mTimeUnit":600000,"mWalkTime":7337,"runStep":0,"walkStep":11},{"distance":26.12,"mCalorie":1.24,"mOthersTime":0,"mRunTime":0,"mStartTime":24000000,"mTimeUnit":600000,"mWalkTime":24012,"runStep":0,"walkStep":36},{"distance":13.859,"mCalorie":0.82,"mOthersTime":0,"mRunTime":1200,"mStartTime":24600000,"mTimeUnit":600000,"mWalkTime":6670,"runStep":3,"walkStep":10},{"distance":9.31,"mCalorie":0.57,"mOthersTime":0,"mRunTime":0,"mStartTime":28200000,"mTimeUnit":600000,"mWalkTime":8671,"runStep":0,"walkStep":13},{"distance":48.3,"mCalorie":2.47,"mOthersTime":0,"mRunTime":0,"mStartTime":31800000,"mTimeUnit":600000,"mWalkTime":44022,"runStep":0,"walkStep":66},{"distance":34.279,"mCalorie":1.8699999,"mOthersTime":0,"mRunTime":1200,"mStartTime":32400000,"mTimeUnit":600000,"mWalkTime":28681,"runStep":3,"walkStep":43},{"distance":5.18,"mCalorie":0.25,"mOthersTime":0,"mRunTime":0,"mStartTime":33000000,"mTimeUnit":600000,"mWalkTime":4669,"runStep":0,"walkStep":7},{"distance":94.53,"mCalorie":4.93,"mOthersTime":0,"mRunTime":0,"mStartTime":33600000,"mTimeUnit":600000,"mWalkTime":87377,"runStep":0,"walkStep":131},{"distance":97.041,"mCalorie":4.7599998,"mOthersTime":0,"mRunTime":0,"mStartTime":34200000,"mTimeUnit":600000,"mWalkTime":86710,"runStep":0,"walkStep":130},{"distance":284.03,"mCalorie":15.06,"mOthersTime":0,"mRunTime":400,"mStartTime":34800000,"mTimeUnit":600000,"mWalkTime":256765,"runStep":1,"walkStep":385},{"distance":154.72,"mCalorie":7.3900003,"mOthersTime":0,"mRunTime":0,"mStartTime":35400000,"mTimeUnit":600000,"mWalkTime":138736,"runStep":0,"walkStep":208},{"distance":119.01001,"mCalorie":5.8999996,"mOthersTime":0,"mRunTime":0,"mStartTime":36000000,"mTimeUnit":600000,"mWalkTime":108054,"runStep":0,"walkStep":162},{"distance":147.73,"mCalorie":7.62,"mOthersTime":0,"mRunTime":0,"mStartTime":36600000,"mTimeUnit":600000,"mWalkTime":136705,"runStep":0,"walkStep":207},{"distance":26.56,"mCalorie":1.39,"mOthersTime":0,"mRunTime":0,"mStartTime":37200000,"mTimeUnit":600000,"mWalkTime":24679,"runStep":0,"walkStep":37},{"distance":7.2,"mCalorie":0.3,"mOthersTime":0,"mRunTime":0,"mStartTime":37800000,"mTimeUnit":600000,"mWalkTime":6670,"runStep":0,"walkStep":10},{"distance":8.8,"mCalorie":0.54,"mOthersTime":0,"mRunTime":0,"mStartTime":39600000,"mTimeUnit":600000,"mWalkTime":8671,"runStep":0,"walkStep":13},{"distance":18.45,"mCalorie":1.11,"mOthersTime":0,"mRunTime":0,"mStartTime":40200000,"mTimeUnit":600000,"mWalkTime":16675,"runStep":0,"walkStep":25},{"distance":36.920002,"mCalorie":2.02,"mOthersTime":0,"mRunTime":0,"mStartTime":40800000,"mTimeUnit":600000,"mWalkTime":35351,"runStep":0,"walkStep":53},{"distance":90.56,"mCalorie":5.0000005,"mOthersTime":0,"mRunTime":3600,"mStartTime":42000000,"mTimeUnit":600000,"mWalkTime":73370,"runStep":9,"walkStep":110},{"distance":52.980003,"mCalorie":2.7400002,"mOthersTime":0,"mRunTime":800,"mStartTime":42600000,"mTimeUnit":600000,"mWalkTime":44689,"runStep":2,"walkStep":67},{"distance":70.41,"mCalorie":3.67,"mOthersTime":0,"mRunTime":0,"mStartTime":43200000,"mTimeUnit":600000,"mWalkTime":65366,"runStep":0,"walkStep":98},{"distance":160.22,"mCalorie":8.71,"mOthersTime":0,"mRunTime":0,"mStartTime":43800000,"mTimeUnit":600000,"mWalkTime":142708,"runStep":0,"walkStep":223},{"distance":58.16,"mCalorie":3.0,"mOthersTime":0,"mRunTime":0,"mStartTime":44400000,"mTimeUnit":600000,"mWalkTime":54027,"runStep":0,"walkStep":81},{"distance":31.210001,"mCalorie":1.62,"mOthersTime":0,"mRunTime":0,"mStartTime":46200000,"mTimeUnit":600000,"mWalkTime":28681,"runStep":0,"walkStep":43},{"distance":177.74,"mCalorie":9.650001,"mOthersTime":0,"mRunTime":0,"mStartTime":46800000,"mTimeUnit":600000,"mWalkTime":162718,"runStep":0,"walkStep":245},{"distance":143.48,"mCalorie":6.9900002,"mOthersTime":0,"mRunTime":0,"mStartTime":47400000,"mTimeUnit":600000,"mWalkTime":112693,"runStep":0,"walkStep":190},{"distance":164.80899,"mCalorie":8.34,"mOthersTime":0,"mRunTime":2800,"mStartTime":48000000,"mTimeUnit":600000,"mWalkTime":134037,"runStep":7,"walkStep":206},{"distance":106.67999,"mCalorie":5.95,"mOthersTime":0,"mRunTime":0,"mStartTime":48600000,"mTimeUnit":600000,"mWalkTime":99383,"runStep":0,"walkStep":149},{"distance":274.61002,"mCalorie":16.13,"mOthersTime":0,"mRunTime":800,"mStartTime":49200000,"mTimeUnit":600000,"mWalkTime":255431,"runStep":2,"walkStep":399},{"distance":125.04,"mCalorie":6.47,"mOthersTime":0,"mRunTime":0,"mStartTime":49800000,"mTimeUnit":600000,"mWalkTime":116058,"runStep":0,"walkStep":174},{"distance":48.550003,"mCalorie":2.4,"mOthersTime":0,"mRunTime":0,"mStartTime":51000000,"mTimeUnit":600000,"mWalkTime":42688,"runStep":0,"walkStep":64},{"distance":97.649994,"mCalorie":5.19,"mOthersTime":0,"mRunTime":0,"mStartTime":51600000,"mTimeUnit":600000,"mWalkTime":86710,"runStep":0,"walkStep":130},{"distance":40.940002,"mCalorie":2.07,"mOthersTime":0,"mRunTime":0,"mStartTime":52200000,"mTimeUnit":600000,"mWalkTime":38019,"runStep":0,"walkStep":57},{"distance":35.27,"mCalorie":1.62,"mOthersTime":0,"mRunTime":0,"mStartTime":52800000,"mTimeUnit":600000,"mWalkTime":31349,"runStep":0,"walkStep":47},{"distance":17.19,"mCalorie":0.87,"mOthersTime":0,"mRunTime":0,"mStartTime":55200000,"mTimeUnit":600000,"mWalkTime":16008,"runStep":0,"walkStep":24},{"distance":13.11,"mCalorie":0.63,"mOthersTime":0,"mRunTime":0,"mStartTime":55800000,"mTimeUnit":600000,"mWalkTime":12006,"runStep":0,"walkStep":18},{"distance":16.07,"mCalorie":0.83,"mOthersTime":0,"mRunTime":0,"mStartTime":56400000,"mTimeUnit":600000,"mWalkTime":14674,"runStep":0,"walkStep":22},{"distance":69.02,"mCalorie":3.35,"mOthersTime":0,"mRunTime":0,"mStartTime":58200000,"mTimeUnit":600000,"mWalkTime":60697,"runStep":0,"walkStep":91},{"distance":672.16113,"mCalorie":62.50442,"mOthersTime":0,"mRunTime":0,"mStartTime":58800000,"mTimeUnit":600000,"mWalkTime":572887,"runStep":0,"walkStep":876},{"distance":706.71606,"mCalorie":67.50342,"mOthersTime":0,"mRunTime":0,"mStartTime":59400000,"mTimeUnit":600000,"mWalkTime":600000,"runStep":0,"walkStep":1052},{"distance":706.71606,"mCalorie":67.50342,"mOthersTime":0,"mRunTime":0,"mStartTime":60000000,"mTimeUnit":600000,"mWalkTime":600000,"runStep":0,"walkStep":1027},{"distance":706.71606,"mCalorie":67.50342,"mOthersTime":0,"mRunTime":0,"mStartTime":60600000,"mTimeUnit":600000,"mWalkTime":600000,"runStep":0,"walkStep":1030},{"distance":474.5854,"mCalorie":45.20649,"mOthersTime":0,"mRunTime":0,"mStartTime":61200000,"mTimeUnit":600000,"mWalkTime":403252,"runStep":0,"walkStep":572},{"distance":24.560001,"mCalorie":1.29,"mOthersTime":0,"mRunTime":0,"mStartTime":61800000,"mTimeUnit":600000,"mWalkTime":23345,"runStep":0,"walkStep":35},{"distance":22.17,"mCalorie":1.11,"mOthersTime":0,"mRunTime":0,"mStartTime":62400000,"mTimeUnit":600000,"mWalkTime":20010,"runStep":0,"walkStep":30},{"distance":241.212,"mCalorie":13.73,"mOthersTime":0,"mRunTime":800,"mStartTime":63000000,"mTimeUnit":600000,"mWalkTime":232116,"runStep":2,"walkStep":348},{"distance":216.37999,"mCalorie":11.98,"mOthersTime":0,"mRunTime":0,"mStartTime":63600000,"mTimeUnit":600000,"mWalkTime":203435,"runStep":0,"walkStep":305},{"distance":151.77,"mCalorie":7.8600006,"mOthersTime":0,"mRunTime":0,"mStartTime":64200000,"mTimeUnit":600000,"mWalkTime":139403,"runStep":0,"walkStep":209},{"distance":19.351,"mCalorie":1.08,"mOthersTime":0,"mRunTime":1200,"mStartTime":65400000,"mTimeUnit":600000,"mWalkTime":13340,"runStep":3,"walkStep":20},{"distance":117.59,"mCalorie":5.941,"mOthersTime":0,"mRunTime":800,"mStartTime":66000000,"mTimeUnit":600000,"mWalkTime":100717,"runStep":2,"walkStep":151},{"distance":35.81,"mCalorie":1.8399999,"mOthersTime":0,"mRunTime":0,"mStartTime":66600000,"mTimeUnit":600000,"mWalkTime":32683,"runStep":0,"walkStep":49},{"distance":12.88,"mCalorie":0.6,"mOthersTime":0,"mRunTime":0,"mStartTime":67800000,"mTimeUnit":600000,"mWalkTime":12006,"runStep":0,"walkStep":18},{"distance":9.49,"mCalorie":0.44,"mOthersTime":0,"mRunTime":0,"mStartTime":68400000,"mTimeUnit":600000,"mWalkTime":8671,"runStep":0,"walkStep":13},{"distance":106.79,"mCalorie":5.33,"mOthersTime":0,"mRunTime":0,"mStartTime":69000000,"mTimeUnit":600000,"mWalkTime":102688,"runStep":0,"walkStep":154},{"distance":135.43,"mCalorie":6.79,"mOthersTime":0,"mRunTime":0,"mStartTime":69600000,"mTimeUnit":600000,"mWalkTime":124062,"runStep":0,"walkStep":186},{"distance":15.47,"mCalorie":0.84,"mOthersTime":0,"mRunTime":0,"mStartTime":70200000,"mTimeUnit":600000,"mWalkTime":14674,"runStep":0,"walkStep":22},{"distance":154.19899,"mCalorie":7.6400003,"mOthersTime":0,"mRunTime":0,"mStartTime":72000000,"mTimeUnit":600000,"mWalkTime":140737,"runStep":0,"walkStep":211},{"distance":92.740005,"mCalorie":4.6800003,"mOthersTime":0,"mRunTime":0,"mStartTime":72600000,"mTimeUnit":600000,"mWalkTime":84042,"runStep":0,"walkStep":126},{"distance":54.287994,"mCalorie":2.5100002,"mOthersTime":0,"mRunTime":0,"mStartTime":73200000,"mTimeUnit":600000,"mWalkTime":49358,"runStep":0,"walkStep":74},{"distance":46.43,"mCalorie":2.49,"mOthersTime":0,"mRunTime":1200,"mStartTime":78600000,"mTimeUnit":600000,"mWalkTime":37352,"runStep":3,"walkStep":56},{"distance":121.02,"mCalorie":5.64,"mOthersTime":0,"mRunTime":0,"mStartTime":79200000,"mTimeUnit":600000,"mWalkTime":100020,"runStep":0,"walkStep":159}],"version":1}