{"mActivityList":[{"mActiveTime":2794654,"mActiveTimeType":0,"mCalorie":317.0,"mCategory":204,"mDetailInfoId":"f269c70d-455c-a93b-63f4-5a61d6af76ae","mDistance":3244.493,"mDuration":2794654,"mEndTime":72945963,"mStartTime":70151309,"mType":1001}],"mAdaptiveGoal":0,"mIsGoalAchieved":false,"mIsMostActiveAchieved":false,"mMostActiveMinutes":0,"mStreakDayCount":0,"mUnitDataList":[{"distance":60.704006,"mCalorie":2.99,"mOthersTime":0,"mRunTime":800,"mStartTime":12600000,"mTimeUnit":600000,"mWalkTime":50692,"runStep":2,"walkStep":76},{"distance":6.781,"mCalorie":0.4,"mOthersTime":0,"mRunTime":0,"mStartTime":13800000,"mTimeUnit":600000,"mWalkTime":6670,"runStep":0,"walkStep":10},{"distance":17.555,"mCalorie":0.91,"mOthersTime":0,"mRunTime":0,"mStartTime":15000000,"mTimeUnit":600000,"mWalkTime":15341,"runStep":0,"walkStep":23},{"distance":8.812,"mCalorie":0.38,"mOthersTime":0,"mRunTime":0,"mStartTime":16800000,"mTimeUnit":600000,"mWalkTime":8004,"runStep":0,"walkStep":12},{"distance":19.869999,"mCalorie":0.96000004,"mOthersTime":0,"mRunTime":0,"mStartTime":17400000,"mTimeUnit":600000,"mWalkTime":18009,"runStep":0,"walkStep":27},{"distance":8.76,"mCalorie":0.46,"mOthersTime":0,"mRunTime":0,"mStartTime":18000000,"mTimeUnit":600000,"mWalkTime":8004,"runStep":0,"walkStep":12},{"distance":18.06,"mCalorie":0.84,"mOthersTime":0,"mRunTime":0,"mStartTime":18600000,"mTimeUnit":600000,"mWalkTime":16675,"runStep":0,"walkStep":25},{"distance":7.383,"mCalorie":0.3,"mOthersTime":0,"mRunTime":0,"mStartTime":28800000,"mTimeUnit":600000,"mWalkTime":6670,"runStep":0,"walkStep":10},{"distance":54.29,"mCalorie":2.6799998,"mOthersTime":0,"mRunTime":1600,"mStartTime":36000000,"mTimeUnit":600000,"mWalkTime":43355,"runStep":4,"walkStep":65},{"distance":22.751999,"mCalorie":1.36,"mOthersTime":0,"mRunTime":1200,"mStartTime":36600000,"mTimeUnit":600000,"mWalkTime":16008,"runStep":3,"walkStep":24},{"distance":5.62,"mCalorie":0.3,"mOthersTime":0,"mRunTime":0,"mStartTime":39000000,"mTimeUnit":600000,"mWalkTime":5336,"runStep":0,"walkStep":8},{"distance":5.58,"mCalorie":0.24,"mOthersTime":0,"mRunTime":0,"mStartTime":40200000,"mTimeUnit":600000,"mWalkTime":4669,"runStep":0,"walkStep":7},{"distance":22.18,"mCalorie":1.16,"mOthersTime":0,"mRunTime":0,"mStartTime":40800000,"mTimeUnit":600000,"mWalkTime":20677,"runStep":0,"walkStep":31},{"distance":63.199997,"mCalorie":3.1599998,"mOthersTime":0,"mRunTime":0,"mStartTime":41400000,"mTimeUnit":600000,"mWalkTime":58696,"runStep":0,"walkStep":88},{"distance":43.932,"mCalorie":2.1799998,"mOthersTime":0,"mRunTime":0,"mStartTime":42000000,"mTimeUnit":600000,"mWalkTime":39353,"runStep":0,"walkStep":59},{"distance":68.549,"mCalorie":3.4499998,"mOthersTime":0,"mRunTime":3200,"mStartTime":42600000,"mTimeUnit":600000,"mWalkTime":53360,"runStep":8,"walkStep":80},{"distance":90.147,"mCalorie":4.8900003,"mOthersTime":0,"mRunTime":0,"mStartTime":43200000,"mTimeUnit":600000,"mWalkTime":89378,"runStep":0,"walkStep":134},{"distance":55.86,"mCalorie":2.9499998,"mOthersTime":0,"mRunTime":0,"mStartTime":43800000,"mTimeUnit":600000,"mWalkTime":52026,"runStep":0,"walkStep":78},{"distance":16.35,"mCalorie":0.81,"mOthersTime":0,"mRunTime":0,"mStartTime":44400000,"mTimeUnit":600000,"mWalkTime":15341,"runStep":0,"walkStep":23},{"distance":79.979004,"mCalorie":4.25,"mOthersTime":0,"mRunTime":0,"mStartTime":45000000,"mTimeUnit":600000,"mWalkTime":75371,"runStep":0,"walkStep":113},{"distance":79.29,"mCalorie":4.04,"mOthersTime":0,"mRunTime":0,"mStartTime":45600000,"mTimeUnit":600000,"mWalkTime":74037,"runStep":0,"walkStep":111},{"distance":56.86,"mCalorie":3.0700002,"mOthersTime":0,"mRunTime":0,"mStartTime":46200000,"mTimeUnit":600000,"mWalkTime":53360,"runStep":0,"walkStep":80},{"distance":242.36801,"mCalorie":12.4,"mOthersTime":0,"mRunTime":0,"mStartTime":46800000,"mTimeUnit":600000,"mWalkTime":216048,"runStep":0,"walkStep":330},{"distance":238.46501,"mCalorie":12.62,"mOthersTime":0,"mRunTime":0,"mStartTime":47400000,"mTimeUnit":600000,"mWalkTime":211409,"runStep":0,"walkStep":326},{"distance":64.477005,"mCalorie":3.211,"mOthersTime":0,"mRunTime":0,"mStartTime":48000000,"mTimeUnit":600000,"mWalkTime":58696,"runStep":0,"walkStep":88},{"distance":39.07,"mCalorie":2.0200002,"mOthersTime":0,"mRunTime":0,"mStartTime":48600000,"mTimeUnit":600000,"mWalkTime":36018,"runStep":0,"walkStep":54},{"distance":14.959,"mCalorie":0.61,"mOthersTime":0,"mRunTime":0,"mStartTime":49200000,"mTimeUnit":600000,"mWalkTime":13340,"runStep":0,"walkStep":20},{"distance":21.07,"mCalorie":1.0899999,"mOthersTime":0,"mRunTime":0,"mStartTime":50400000,"mTimeUnit":600000,"mWalkTime":19343,"runStep":0,"walkStep":29},{"distance":14.450001,"mCalorie":0.75,"mOthersTime":0,"mRunTime":0,"mStartTime":51600000,"mTimeUnit":600000,"mWalkTime":13340,"runStep":0,"walkStep":20},{"distance":20.26,"mCalorie":1.04,"mOthersTime":0,"mRunTime":0,"mStartTime":52200000,"mTimeUnit":600000,"mWalkTime":18676,"runStep":0,"walkStep":28},{"distance":132.324,"mCalorie":7.0099998,"mOthersTime":0,"mRunTime":1200,"mStartTime":52800000,"mTimeUnit":600000,"mWalkTime":117392,"runStep":3,"walkStep":176},{"distance":16.754002,"mCalorie":0.74,"mOthersTime":0,"mRunTime":0,"mStartTime":53400000,"mTimeUnit":600000,"mWalkTime":14674,"runStep":0,"walkStep":22},{"distance":318.15,"mCalorie":16.319998,"mOthersTime":0,"mRunTime":0,"mStartTime":54000000,"mTimeUnit":600000,"mWalkTime":266740,"runStep":0,"walkStep":425},{"distance":131.73999,"mCalorie":6.4399996,"mOthersTime":0,"mRunTime":0,"mStartTime":54600000,"mTimeUnit":600000,"mWalkTime":118726,"runStep":0,"walkStep":178},{"distance":38.55,"mCalorie":1.7800001,"mOthersTime":0,"mRunTime":0,"mStartTime":55200000,"mTimeUnit":600000,"mWalkTime":33350,"runStep":0,"walkStep":50},{"distance":102.02,"mCalorie":5.2400002,"mOthersTime":0,"mRunTime":800,"mStartTime":55800000,"mTimeUnit":600000,"mWalkTime":78706,"runStep":2,"walkStep":118},{"distance":92.22,"mCalorie":4.66,"mOthersTime":0,"mRunTime":400,"mStartTime":56400000,"mTimeUnit":600000,"mWalkTime":82708,"runStep":1,"walkStep":124},{"distance":62.68,"mCalorie":3.27,"mOthersTime":0,"mRunTime":0,"mStartTime":57000000,"mTimeUnit":600000,"mWalkTime":57362,"runStep":0,"walkStep":86},{"distance":106.53,"mCalorie":5.33,"mOthersTime":0,"mRunTime":0,"mStartTime":57600000,"mTimeUnit":600000,"mWalkTime":96715,"runStep":0,"walkStep":145},{"distance":285.15802,"mCalorie":14.969998,"mOthersTime":0,"mRunTime":0,"mStartTime":58200000,"mTimeUnit":600000,"mWalkTime":241394,"runStep":0,"walkStep":387},{"distance":8.28,"mCalorie":0.39,"mOthersTime":0,"mRunTime":0,"mStartTime":58800000,"mTimeUnit":600000,"mWalkTime":7337,"runStep":0,"walkStep":11},{"distance":153.811,"mCalorie":7.6600003,"mOthersTime":0,"mRunTime":400,"mStartTime":59400000,"mTimeUnit":600000,"mWalkTime":138736,"runStep":1,"walkStep":208},{"distance":17.67,"mCalorie":0.91,"mOthersTime":0,"mRunTime":0,"mStartTime":60000000,"mTimeUnit":600000,"mWalkTime":16008,"runStep":0,"walkStep":24},{"distance":13.73,"mCalorie":0.79,"mOthersTime":0,"mRunTime":0,"mStartTime":60600000,"mTimeUnit":600000,"mWalkTime":12673,"runStep":0,"walkStep":19},{"distance":12.68,"mCalorie":0.68,"mOthersTime":0,"mRunTime":0,"mStartTime":61200000,"mTimeUnit":600000,"mWalkTime":12006,"runStep":0,"walkStep":18},{"distance":24.05,"mCalorie":1.23,"mOthersTime":0,"mRunTime":0,"mStartTime":62400000,"mTimeUnit":600000,"mWalkTime":22678,"runStep":0,"walkStep":34},{"distance":14.941,"mCalorie":0.76,"mOthersTime":0,"mRunTime":0,"mStartTime":63600000,"mTimeUnit":600000,"mWalkTime":13340,"runStep":0,"walkStep":20},{"distance":7.34,"mCalorie":0.39,"mOthersTime":0,"mRunTime":0,"mStartTime":64800000,"mTimeUnit":600000,"mWalkTime":6670,"runStep":0,"walkStep":10},{"distance":17.51,"mCalorie":0.89,"mOthersTime":0,"mRunTime":0,"mStartTime":65400000,"mTimeUnit":600000,"mWalkTime":16675,"runStep":0,"walkStep":25},{"distance":6.24,"mCalorie":0.27,"mOthersTime":0,"mRunTime":0,"mStartTime":66000000,"mTimeUnit":600000,"mWalkTime":5336,"runStep":0,"walkStep":8},{"distance":81.29816,"mCalorie":6.814267,"mOthersTime":0,"mRunTime":0,"mStartTime":69600000,"mTimeUnit":600000,"mWalkTime":71505,"runStep":0,"walkStep":48},{"distance":696.5784,"mCalorie":68.05852,"mOthersTime":0,"mRunTime":0,"mStartTime":70200000,"mTimeUnit":600000,"mWalkTime":600000,"runStep":0,"walkStep":888},{"distance":696.5784,"mCalorie":68.05852,"mOthersTime":0,"mRunTime":0,"mStartTime":70800000,"mTimeUnit":600000,"mWalkTime":600000,"runStep":0,"walkStep":1060},{"distance":696.5784,"mCalorie":68.05852,"mOthersTime":0,"mRunTime":0,"mStartTime":71400000,"mTimeUnit":600000,"mWalkTime":600000,"runStep":0,"walkStep":1044},{"distance":696.5784,"mCalorie":68.05852,"mOthersTime":0,"mRunTime":0,"mStartTime":72000000,"mTimeUnit":600000,"mWalkTime":600000,"runStep":0,"walkStep":1024},{"distance":420.7377,"mCalorie":40.35279,"mOthersTime":0,"mRunTime":0,"mStartTime":72600000,"mTimeUnit":600000,"mWalkTime":362381,"runStep":0,"walkStep":484},{"distance":84.340004,"mCalorie":4.29,"mOthersTime":0,"mRunTime":0,"mStartTime":73200000,"mTimeUnit":600000,"mWalkTime":77372,"runStep":0,"walkStep":116},{"distance":25.66,"mCalorie":1.27,"mOthersTime":0,"mRunTime":0,"mStartTime":73800000,"mTimeUnit":600000,"mWalkTime":24012,"runStep":0,"walkStep":36},{"distance":8.61,"mCalorie":0.35,"mOthersTime":0,"mRunTime":0,"mStartTime":75000000,"mTimeUnit":600000,"mWalkTime":7337,"runStep":0,"walkStep":11},{"distance":23.890001,"mCalorie":1.22,"mOthersTime":0,"mRunTime":0,"mStartTime":79200000,"mTimeUnit":600000,"mWalkTime":22678,"runStep":0,"walkStep":34},{"distance":9.65,"mCalorie":0.51,"mOthersTime":0,"mRunTime":0,"mStartTime":79800000,"mTimeUnit":600000,"mWalkTime":9338,"runStep":0,"walkStep":14},{"distance":14.84,"mCalorie":0.81,"mOthersTime":0,"mRunTime":0,"mStartTime":82200000,"mTimeUnit":600000,"mWalkTime":14007,"runStep":0,"walkStep":21},{"distance":75.313,"mCalorie":4.18,"mOthersTime":0,"mRunTime":8400,"mStartTime":82800000,"mTimeUnit":600000,"mWalkTime":46690,"runStep":21,"walkStep":70}],"version":1}