{"mActivityList":[{"mActiveTime":600000,"mActiveTimeType":2,"mCalorie":67.43,"mCategory":204,"mDetailInfoId":"9e899f93-b2b0-2260-016f-0d07d40cfd35","mDistance":0.0,"mDuration":600000,"mEndTime":74496162,"mStartTime":73896162,"mType":11007}],"mAdaptiveGoal":0,"mIsGoalAchieved":false,"mIsMostActiveAchieved":false,"mMostActiveMinutes":0,"mStreakDayCount":0,"mUnitDataList":[{"distance":57.94,"mCalorie":2.82,"mOthersTime":0,"mRunTime":0,"mStartTime":14400000,"mTimeUnit":600000,"mWalkTime":48691,"runStep":0,"walkStep":73},{"distance":77.83,"mCalorie":4.17,"mOthersTime":0,"mRunTime":0,"mStartTime":15000000,"mTimeUnit":600000,"mWalkTime":77372,"runStep":0,"walkStep":116},{"distance":23.46,"mCalorie":1.1,"mOthersTime":0,"mRunTime":0,"mStartTime":15600000,"mTimeUnit":600000,"mWalkTime":20677,"runStep":0,"walkStep":31},{"distance":60.14,"mCalorie":2.94,"mOthersTime":0,"mRunTime":0,"mStartTime":16200000,"mTimeUnit":600000,"mWalkTime":54694,"runStep":0,"walkStep":82},{"distance":7.8,"mCalorie":0.34,"mOthersTime":0,"mRunTime":0,"mStartTime":16800000,"mTimeUnit":600000,"mWalkTime":6670,"runStep":0,"walkStep":10},{"distance":68.69,"mCalorie":3.19,"mOthersTime":0,"mRunTime":0,"mStartTime":18000000,"mTimeUnit":600000,"mWalkTime":62031,"runStep":0,"walkStep":93},{"distance":42.07,"mCalorie":2.0500002,"mOthersTime":0,"mRunTime":0,"mStartTime":18600000,"mTimeUnit":600000,"mWalkTime":38686,"runStep":0,"walkStep":58},{"distance":23.830002,"mCalorie":1.29,"mOthersTime":0,"mRunTime":800,"mStartTime":33600000,"mTimeUnit":600000,"mWalkTime":20677,"runStep":2,"walkStep":31},{"distance":43.14,"mCalorie":2.1599998,"mOthersTime":0,"mRunTime":0,"mStartTime":34800000,"mTimeUnit":600000,"mWalkTime":39353,"runStep":0,"walkStep":59},{"distance":102.850006,"mCalorie":5.04,"mOthersTime":0,"mRunTime":0,"mStartTime":35400000,"mTimeUnit":600000,"mWalkTime":92713,"runStep":0,"walkStep":139},{"distance":194.261,"mCalorie":10.990001,"mOthersTime":0,"mRunTime":400,"mStartTime":36000000,"mTimeUnit":600000,"mWalkTime":190762,"runStep":1,"walkStep":286},{"distance":7.37,"mCalorie":0.36,"mOthersTime":0,"mRunTime":0,"mStartTime":36600000,"mTimeUnit":600000,"mWalkTime":6670,"runStep":0,"walkStep":10},{"distance":8.07,"mCalorie":0.4,"mOthersTime":0,"mRunTime":0,"mStartTime":37200000,"mTimeUnit":600000,"mWalkTime":7337,"runStep":0,"walkStep":11},{"distance":6.85,"mCalorie":0.36,"mOthersTime":0,"mRunTime":0,"mStartTime":38400000,"mTimeUnit":600000,"mWalkTime":6670,"runStep":0,"walkStep":10},{"distance":62.640003,"mCalorie":3.13,"mOthersTime":0,"mRunTime":0,"mStartTime":39600000,"mTimeUnit":600000,"mWalkTime":58029,"runStep":0,"walkStep":87},{"distance":75.98,"mCalorie":3.96,"mOthersTime":0,"mRunTime":0,"mStartTime":40200000,"mTimeUnit":600000,"mWalkTime":70702,"runStep":0,"walkStep":106},{"distance":16.56,"mCalorie":0.86,"mOthersTime":0,"mRunTime":0,"mStartTime":40800000,"mTimeUnit":600000,"mWalkTime":15341,"runStep":0,"walkStep":23},{"distance":7.7,"mCalorie":0.35,"mOthersTime":0,"mRunTime":0,"mStartTime":41400000,"mTimeUnit":600000,"mWalkTime":6670,"runStep":0,"walkStep":10},{"distance":91.53,"mCalorie":4.94,"mOthersTime":0,"mRunTime":0,"mStartTime":42600000,"mTimeUnit":600000,"mWalkTime":84709,"runStep":0,"walkStep":127},{"distance":6.77,"mCalorie":0.57,"mOthersTime":0,"mRunTime":0,"mStartTime":43200000,"mTimeUnit":600000,"mWalkTime":6670,"runStep":0,"walkStep":10},{"distance":70.53,"mCalorie":3.54,"mOthersTime":0,"mRunTime":0,"mStartTime":43800000,"mTimeUnit":600000,"mWalkTime":62698,"runStep":0,"walkStep":94},{"distance":42.61,"mCalorie":1.98,"mOthersTime":0,"mRunTime":0,"mStartTime":46200000,"mTimeUnit":600000,"mWalkTime":37352,"runStep":0,"walkStep":56},{"distance":367.82,"mCalorie":20.99,"mOthersTime":0,"mRunTime":9200,"mStartTime":46800000,"mTimeUnit":600000,"mWalkTime":316158,"runStep":23,"walkStep":474},{"distance":384.29,"mCalorie":20.499996,"mOthersTime":0,"mRunTime":0,"mStartTime":47400000,"mTimeUnit":600000,"mWalkTime":344142,"runStep":0,"walkStep":526},{"distance":290.50998,"mCalorie":15.66,"mOthersTime":0,"mRunTime":0,"mStartTime":49800000,"mTimeUnit":600000,"mWalkTime":264799,"runStep":0,"walkStep":397},{"distance":319.33,"mCalorie":15.87,"mOthersTime":0,"mRunTime":0,"mStartTime":50400000,"mTimeUnit":600000,"mWalkTime":280777,"runStep":0,"walkStep":426},{"distance":44.63,"mCalorie":2.3600001,"mOthersTime":0,"mRunTime":0,"mStartTime":51000000,"mTimeUnit":600000,"mWalkTime":41354,"runStep":0,"walkStep":62},{"distance":12.2,"mCalorie":0.63,"mOthersTime":0,"mRunTime":0,"mStartTime":52200000,"mTimeUnit":600000,"mWalkTime":11339,"runStep":0,"walkStep":17},{"distance":17.06,"mCalorie":0.89,"mOthersTime":0,"mRunTime":0,"mStartTime":57000000,"mTimeUnit":600000,"mWalkTime":16008,"runStep":0,"walkStep":24},{"distance":58.77,"mCalorie":2.78,"mOthersTime":0,"mRunTime":0,"mStartTime":57600000,"mTimeUnit":600000,"mWalkTime":52693,"runStep":0,"walkStep":79},{"distance":106.259995,"mCalorie":5.37,"mOthersTime":0,"mRunTime":0,"mStartTime":58200000,"mTimeUnit":600000,"mWalkTime":96715,"runStep":0,"walkStep":145},{"distance":143.75,"mCalorie":7.04,"mOthersTime":0,"mRunTime":0,"mStartTime":58800000,"mTimeUnit":600000,"mWalkTime":128064,"runStep":0,"walkStep":192},{"distance":93.91,"mCalorie":5.13,"mOthersTime":0,"mRunTime":0,"mStartTime":59400000,"mTimeUnit":600000,"mWalkTime":88711,"runStep":0,"walkStep":133},{"distance":136.67,"mCalorie":6.82,"mOthersTime":0,"mRunTime":0,"mStartTime":60000000,"mTimeUnit":600000,"mWalkTime":122728,"runStep":0,"walkStep":184},{"distance":148.94,"mCalorie":7.48,"mOthersTime":0,"mRunTime":0,"mStartTime":60600000,"mTimeUnit":600000,"mWalkTime":135401,"runStep":0,"walkStep":203},{"distance":79.97,"mCalorie":4.35,"mOthersTime":0,"mRunTime":2400,"mStartTime":61200000,"mTimeUnit":600000,"mWalkTime":70035,"runStep":6,"walkStep":105},{"distance":183.82901,"mCalorie":9.75,"mOthersTime":0,"mRunTime":800,"mStartTime":61800000,"mTimeUnit":600000,"mWalkTime":164749,"runStep":2,"walkStep":247},{"distance":252.59999,"mCalorie":13.33,"mOthersTime":0,"mRunTime":0,"mStartTime":62400000,"mTimeUnit":600000,"mWalkTime":232783,"runStep":0,"walkStep":349},{"distance":262.91,"mCalorie":14.339999,"mOthersTime":0,"mRunTime":0,"mStartTime":63000000,"mTimeUnit":600000,"mWalkTime":237422,"runStep":0,"walkStep":362},{"distance":143.921,"mCalorie":7.46,"mOthersTime":0,"mRunTime":0,"mStartTime":63600000,"mTimeUnit":600000,"mWalkTime":134734,"runStep":0,"walkStep":202},{"distance":122.43,"mCalorie":6.14,"mOthersTime":0,"mRunTime":400,"mStartTime":64200000,"mTimeUnit":600000,"mWalkTime":108721,"runStep":1,"walkStep":163},{"distance":229.48001,"mCalorie":11.56,"mOthersTime":0,"mRunTime":0,"mStartTime":64800000,"mTimeUnit":600000,"mWalkTime":209408,"runStep":0,"walkStep":315},{"distance":30.75,"mCalorie":1.5999999,"mOthersTime":0,"mRunTime":0,"mStartTime":65400000,"mTimeUnit":600000,"mWalkTime":28681,"runStep":0,"walkStep":43},{"distance":227.79999,"mCalorie":12.36,"mOthersTime":0,"mRunTime":0,"mStartTime":66000000,"mTimeUnit":600000,"mWalkTime":210105,"runStep":0,"walkStep":315},{"distance":66.03,"mCalorie":3.5099998,"mOthersTime":0,"mRunTime":0,"mStartTime":66600000,"mTimeUnit":600000,"mWalkTime":61364,"runStep":0,"walkStep":92},{"distance":301.95996,"mCalorie":15.97,"mOthersTime":0,"mRunTime":0,"mStartTime":67200000,"mTimeUnit":600000,"mWalkTime":282141,"runStep":0,"walkStep":423},{"distance":252.99998,"mCalorie":13.320001,"mOthersTime":0,"mRunTime":0,"mStartTime":67800000,"mTimeUnit":600000,"mWalkTime":229418,"runStep":0,"walkStep":346},{"distance":24.150002,"mCalorie":1.1199999,"mOthersTime":0,"mRunTime":0,"mStartTime":69000000,"mTimeUnit":600000,"mWalkTime":21344,"runStep":0,"walkStep":32},{"distance":67.25,"mCalorie":3.3000002,"mOthersTime":0,"mRunTime":0,"mStartTime":69600000,"mTimeUnit":600000,"mWalkTime":60697,"runStep":0,"walkStep":91},{"distance":26.5,"mCalorie":1.17,"mOthersTime":0,"mRunTime":0,"mStartTime":70800000,"mTimeUnit":600000,"mWalkTime":23345,"runStep":0,"walkStep":35},{"distance":54.378998,"mCalorie":2.68,"mOthersTime":0,"mRunTime":0,"mStartTime":71400000,"mTimeUnit":600000,"mWalkTime":50025,"runStep":0,"walkStep":75},{"distance":170.8,"mCalorie":8.87,"mOthersTime":0,"mRunTime":8000,"mStartTime":73200000,"mTimeUnit":600000,"mWalkTime":134734,"runStep":20,"walkStep":202},{"distance":14.579313,"mCalorie":57.695805,"mOthersTime":503838,"mRunTime":0,"mStartTime":73800000,"mTimeUnit":600000,"mWalkTime":14874,"runStep":20,"walkStep":773},{"distance":61.56103,"mCalorie":13.958367,"mOthersTime":96162,"mRunTime":0,"mStartTime":74400000,"mTimeUnit":600000,"mWalkTime":55481,"runStep":0,"walkStep":185},{"distance":92.97,"mCalorie":4.7599998,"mOthersTime":0,"mRunTime":0,"mStartTime":75000000,"mTimeUnit":600000,"mWalkTime":84042,"runStep":0,"walkStep":126},{"distance":187.49,"mCalorie":9.429999,"mOthersTime":0,"mRunTime":1200,"mStartTime":75600000,"mTimeUnit":600000,"mWalkTime":165416,"runStep":3,"walkStep":248},{"distance":302.51,"mCalorie":13.99,"mOthersTime":0,"mRunTime":0,"mStartTime":76200000,"mTimeUnit":600000,"mWalkTime":248701,"runStep":0,"walkStep":407},{"distance":38.059998,"mCalorie":1.92,"mOthersTime":0,"mRunTime":0,"mStartTime":76800000,"mTimeUnit":600000,"mWalkTime":34684,"runStep":0,"walkStep":52},{"distance":173.76001,"mCalorie":9.0,"mOthersTime":0,"mRunTime":0,"mStartTime":78000000,"mTimeUnit":600000,"mWalkTime":157412,"runStep":0,"walkStep":236},{"distance":261.85,"mCalorie":12.120001,"mOthersTime":0,"mRunTime":0,"mStartTime":78600000,"mTimeUnit":600000,"mWalkTime":224749,"runStep":0,"walkStep":348},{"distance":7.71,"mCalorie":0.42,"mOthersTime":0,"mRunTime":0,"mStartTime":80400000,"mTimeUnit":600000,"mWalkTime":7337,"runStep":0,"walkStep":11},{"distance":77.46,"mCalorie":4.78,"mOthersTime":0,"mRunTime":0,"mStartTime":81000000,"mTimeUnit":600000,"mWalkTime":82041,"runStep":0,"walkStep":123},{"distance":424.53998,"mCalorie":23.509998,"mOthersTime":0,"mRunTime":0,"mStartTime":81600000,"mTimeUnit":600000,"mWalkTime":367367,"runStep":0,"walkStep":594},{"distance":8.09,"mCalorie":0.29,"mOthersTime":0,"mRunTime":0,"mStartTime":82800000,"mTimeUnit":600000,"mWalkTime":6670,"runStep":0,"walkStep":10},{"distance":32.739998,"mCalorie":1.59,"mOthersTime":0,"mRunTime":0,"mStartTime":84000000,"mTimeUnit":600000,"mWalkTime":29348,"runStep":0,"walkStep":44},{"distance":411.85098,"mCalorie":22.16,"mOthersTime":0,"mRunTime":0,"mStartTime":84600000,"mTimeUnit":600000,"mWalkTime":354724,"runStep":0,"walkStep":566},{"distance":25.229996,"mCalorie":1.2900002,"mOthersTime":0,"mRunTime":0,"mStartTime":85200000,"mTimeUnit":600000,"mWalkTime":23345,"runStep":0,"walkStep":35},{"distance":39.88,"mCalorie":2.0600002,"mOthersTime":0,"mRunTime":0,"mStartTime":85800000,"mTimeUnit":600000,"mWalkTime":35351,"runStep":0,"walkStep":53}],"version":1}