{"mAdaptiveGoal":0,"mIsGoalAchieved":false,"mIsMostActiveAchieved":false,"mMostActiveMinutes":0,"mStreakDayCount":0,"mUnitDataList":[{"distance":21.161,"mCalorie":1.01,"mOthersTime":0,"mRunTime":0,"mStartTime":7800000,"mTimeUnit":600000,"mWalkTime":18009,"runStep":0,"walkStep":27},{"distance":15.759,"mCalorie":0.96,"mOthersTime":0,"mRunTime":2800,"mStartTime":14400000,"mTimeUnit":600000,"mWalkTime":6670,"runStep":7,"walkStep":10},{"distance":77.66,"mCalorie":4.1800003,"mOthersTime":0,"mRunTime":400,"mStartTime":15000000,"mTimeUnit":600000,"mWalkTime":78706,"runStep":1,"walkStep":118},{"distance":48.031,"mCalorie":2.21,"mOthersTime":0,"mRunTime":0,"mStartTime":15600000,"mTimeUnit":600000,"mWalkTime":44022,"runStep":0,"walkStep":66},{"distance":32.2,"mCalorie":1.8399999,"mOthersTime":0,"mRunTime":0,"mStartTime":16200000,"mTimeUnit":600000,"mWalkTime":30682,"runStep":0,"walkStep":46},{"distance":21.470001,"mCalorie":1.13,"mOthersTime":0,"mRunTime":0,"mStartTime":16800000,"mTimeUnit":600000,"mWalkTime":20677,"runStep":0,"walkStep":31},{"distance":45.11,"mCalorie":2.3600001,"mOthersTime":0,"mRunTime":800,"mStartTime":18000000,"mTimeUnit":600000,"mWalkTime":40687,"runStep":2,"walkStep":61},{"distance":78.06,"mCalorie":3.9099998,"mOthersTime":0,"mRunTime":0,"mStartTime":18600000,"mTimeUnit":600000,"mWalkTime":70702,"runStep":0,"walkStep":106},{"distance":46.399998,"mCalorie":2.3600001,"mOthersTime":0,"mRunTime":0,"mStartTime":31200000,"mTimeUnit":600000,"mWalkTime":42688,"runStep":0,"walkStep":64},{"distance":46.85,"mCalorie":2.3799999,"mOthersTime":0,"mRunTime":0,"mStartTime":31800000,"mTimeUnit":600000,"mWalkTime":42688,"runStep":0,"walkStep":64},{"distance":48.64,"mCalorie":2.36,"mOthersTime":0,"mRunTime":0,"mStartTime":32400000,"mTimeUnit":600000,"mWalkTime":44689,"runStep":0,"walkStep":67},{"distance":87.6,"mCalorie":4.6699996,"mOthersTime":0,"mRunTime":6400,"mStartTime":33000000,"mTimeUnit":600000,"mWalkTime":62698,"runStep":16,"walkStep":94},{"distance":48.129997,"mCalorie":2.3899999,"mOthersTime":0,"mRunTime":0,"mStartTime":33600000,"mTimeUnit":600000,"mWalkTime":43355,"runStep":0,"walkStep":65},{"distance":71.17,"mCalorie":3.86,"mOthersTime":0,"mRunTime":0,"mStartTime":34200000,"mTimeUnit":600000,"mWalkTime":72703,"runStep":0,"walkStep":109},{"distance":37.8,"mCalorie":2.0,"mOthersTime":0,"mRunTime":0,"mStartTime":34800000,"mTimeUnit":600000,"mWalkTime":34684,"runStep":0,"walkStep":52},{"distance":93.619995,"mCalorie":4.6800003,"mOthersTime":0,"mRunTime":0,"mStartTime":36000000,"mTimeUnit":600000,"mWalkTime":84709,"runStep":0,"walkStep":127},{"distance":251.6,"mCalorie":14.85,"mOthersTime":0,"mRunTime":0,"mStartTime":36600000,"mTimeUnit":600000,"mWalkTime":239453,"runStep":0,"walkStep":359},{"distance":148.24901,"mCalorie":7.47,"mOthersTime":0,"mRunTime":0,"mStartTime":37200000,"mTimeUnit":600000,"mWalkTime":134067,"runStep":0,"walkStep":201},{"distance":7.56,"mCalorie":0.33,"mOthersTime":0,"mRunTime":0,"mStartTime":37800000,"mTimeUnit":600000,"mWalkTime":6670,"runStep":0,"walkStep":10},{"distance":346.87997,"mCalorie":16.36,"mOthersTime":0,"mRunTime":0,"mStartTime":39000000,"mTimeUnit":600000,"mWalkTime":303425,"runStep":0,"walkStep":468},{"distance":286.22,"mCalorie":13.29,"mOthersTime":0,"mRunTime":0,"mStartTime":39600000,"mTimeUnit":600000,"mWalkTime":220687,"runStep":0,"walkStep":376},{"distance":319.43,"mCalorie":16.019997,"mOthersTime":0,"mRunTime":0,"mStartTime":40800000,"mTimeUnit":600000,"mWalkTime":265376,"runStep":0,"walkStep":426},{"distance":10.000001,"mCalorie":0.53999996,"mOthersTime":0,"mRunTime":0,"mStartTime":41400000,"mTimeUnit":600000,"mWalkTime":9338,"runStep":0,"walkStep":14},{"distance":496.99,"mCalorie":24.13,"mOthersTime":0,"mRunTime":0,"mStartTime":42000000,"mTimeUnit":600000,"mWalkTime":389378,"runStep":0,"walkStep":657},{"distance":48.01,"mCalorie":2.25,"mOthersTime":0,"mRunTime":0,"mStartTime":43800000,"mTimeUnit":600000,"mWalkTime":43355,"runStep":0,"walkStep":65},{"distance":29.11,"mCalorie":1.43,"mOthersTime":0,"mRunTime":0,"mStartTime":44400000,"mTimeUnit":600000,"mWalkTime":26013,"runStep":0,"walkStep":39},{"distance":167.15001,"mCalorie":8.97,"mOthersTime":0,"mRunTime":2800,"mStartTime":45000000,"mTimeUnit":600000,"mWalkTime":155411,"runStep":7,"walkStep":233},{"distance":347.30002,"mCalorie":20.11,"mOthersTime":0,"mRunTime":0,"mStartTime":45600000,"mTimeUnit":600000,"mWalkTime":325496,"runStep":0,"walkStep":488},{"distance":241.56,"mCalorie":12.69,"mOthersTime":0,"mRunTime":0,"mStartTime":46200000,"mTimeUnit":600000,"mWalkTime":210075,"runStep":0,"walkStep":322},{"distance":105.04,"mCalorie":4.88,"mOthersTime":0,"mRunTime":0,"mStartTime":46800000,"mTimeUnit":600000,"mWalkTime":86680,"runStep":0,"walkStep":143},{"distance":75.6,"mCalorie":3.94,"mOthersTime":0,"mRunTime":0,"mStartTime":47400000,"mTimeUnit":600000,"mWalkTime":68034,"runStep":0,"walkStep":102},{"distance":42.600002,"mCalorie":2.25,"mOthersTime":0,"mRunTime":0,"mStartTime":48000000,"mTimeUnit":600000,"mWalkTime":38686,"runStep":0,"walkStep":58},{"distance":258.78003,"mCalorie":14.789999,"mOthersTime":0,"mRunTime":0,"mStartTime":49800000,"mTimeUnit":600000,"mWalkTime":240787,"runStep":0,"walkStep":361},{"distance":177.58,"mCalorie":9.16,"mOthersTime":0,"mRunTime":0,"mStartTime":50400000,"mTimeUnit":600000,"mWalkTime":161414,"runStep":0,"walkStep":242},{"distance":66.18,"mCalorie":3.4699998,"mOthersTime":0,"mRunTime":0,"mStartTime":51000000,"mTimeUnit":600000,"mWalkTime":60030,"runStep":0,"walkStep":90},{"distance":89.0,"mCalorie":4.21,"mOthersTime":0,"mRunTime":0,"mStartTime":51600000,"mTimeUnit":600000,"mWalkTime":78706,"runStep":0,"walkStep":118},{"distance":43.139,"mCalorie":1.9,"mOthersTime":0,"mRunTime":0,"mStartTime":52200000,"mTimeUnit":600000,"mWalkTime":37352,"runStep":0,"walkStep":56},{"distance":71.009995,"mCalorie":3.4399998,"mOthersTime":0,"mRunTime":0,"mStartTime":52800000,"mTimeUnit":600000,"mWalkTime":64032,"runStep":0,"walkStep":96},{"distance":72.910995,"mCalorie":3.48,"mOthersTime":0,"mRunTime":0,"mStartTime":53400000,"mTimeUnit":600000,"mWalkTime":67367,"runStep":0,"walkStep":101},{"distance":67.16,"mCalorie":3.34,"mOthersTime":0,"mRunTime":0,"mStartTime":54000000,"mTimeUnit":600000,"mWalkTime":59363,"runStep":0,"walkStep":89},{"distance":61.91,"mCalorie":3.06,"mOthersTime":0,"mRunTime":0,"mStartTime":54600000,"mTimeUnit":600000,"mWalkTime":54027,"runStep":0,"walkStep":81},{"distance":88.369995,"mCalorie":4.5399995,"mOthersTime":0,"mRunTime":0,"mStartTime":55200000,"mTimeUnit":600000,"mWalkTime":81374,"runStep":0,"walkStep":122},{"distance":201.289,"mCalorie":9.420001,"mOthersTime":0,"mRunTime":0,"mStartTime":55800000,"mTimeUnit":600000,"mWalkTime":172723,"runStep":0,"walkStep":265},{"distance":254.28,"mCalorie":13.75,"mOthersTime":0,"mRunTime":0,"mStartTime":56400000,"mTimeUnit":600000,"mWalkTime":236118,"runStep":0,"walkStep":354},{"distance":296.26,"mCalorie":16.740002,"mOthersTime":0,"mRunTime":0,"mStartTime":57000000,"mTimeUnit":600000,"mWalkTime":273470,"runStep":0,"walkStep":410},{"distance":100.038994,"mCalorie":5.0,"mOthersTime":0,"mRunTime":0,"mStartTime":57600000,"mTimeUnit":600000,"mWalkTime":89378,"runStep":0,"walkStep":134},{"distance":22.73,"mCalorie":0.99,"mOthersTime":0,"mRunTime":0,"mStartTime":61200000,"mTimeUnit":600000,"mWalkTime":19343,"runStep":0,"walkStep":29},{"distance":37.010002,"mCalorie":1.85,"mOthersTime":0,"mRunTime":0,"mStartTime":61800000,"mTimeUnit":600000,"mWalkTime":33350,"runStep":0,"walkStep":50},{"distance":13.379999,"mCalorie":0.65999997,"mOthersTime":0,"mRunTime":0,"mStartTime":63000000,"mTimeUnit":600000,"mWalkTime":12006,"runStep":0,"walkStep":18},{"distance":23.22,"mCalorie":1.16,"mOthersTime":0,"mRunTime":0,"mStartTime":63600000,"mTimeUnit":600000,"mWalkTime":20677,"runStep":0,"walkStep":31},{"distance":16.91,"mCalorie":0.87,"mOthersTime":0,"mRunTime":0,"mStartTime":64200000,"mTimeUnit":600000,"mWalkTime":15341,"runStep":0,"walkStep":23},{"distance":57.590004,"mCalorie":2.76,"mOthersTime":0,"mRunTime":0,"mStartTime":65400000,"mTimeUnit":600000,"mWalkTime":50692,"runStep":0,"walkStep":76},{"distance":186.74,"mCalorie":9.57,"mOthersTime":0,"mRunTime":0,"mStartTime":66000000,"mTimeUnit":600000,"mWalkTime":170085,"runStep":0,"walkStep":255},{"distance":18.099998,"mCalorie":0.92999995,"mOthersTime":0,"mRunTime":0,"mStartTime":68400000,"mTimeUnit":600000,"mWalkTime":16675,"runStep":0,"walkStep":25},{"distance":5.28,"mCalorie":0.25,"mOthersTime":0,"mRunTime":0,"mStartTime":70800000,"mTimeUnit":600000,"mWalkTime":4669,"runStep":0,"walkStep":7},{"distance":146.96,"mCalorie":9.43,"mOthersTime":0,"mRunTime":0,"mStartTime":71400000,"mTimeUnit":600000,"mWalkTime":152076,"runStep":0,"walkStep":228},{"distance":465.62003,"mCalorie":27.58,"mOthersTime":0,"mRunTime":800,"mStartTime":72000000,"mTimeUnit":600000,"mWalkTime":426850,"runStep":2,"walkStep":643},{"distance":92.45,"mCalorie":4.66,"mOthersTime":0,"mRunTime":0,"mStartTime":72600000,"mTimeUnit":600000,"mWalkTime":83375,"runStep":0,"walkStep":125},{"distance":78.87,"mCalorie":3.97,"mOthersTime":0,"mRunTime":0,"mStartTime":73200000,"mTimeUnit":600000,"mWalkTime":70702,"runStep":0,"walkStep":106},{"distance":68.52,"mCalorie":3.43,"mOthersTime":0,"mRunTime":0,"mStartTime":73800000,"mTimeUnit":600000,"mWalkTime":62698,"runStep":0,"walkStep":94},{"distance":138.45001,"mCalorie":7.26,"mOthersTime":0,"mRunTime":0,"mStartTime":74400000,"mTimeUnit":600000,"mWalkTime":124062,"runStep":0,"walkStep":186},{"distance":249.84,"mCalorie":10.68,"mOthersTime":0,"mRunTime":0,"mStartTime":75000000,"mTimeUnit":600000,"mWalkTime":201404,"runStep":0,"walkStep":321},{"distance":93.07,"mCalorie":4.96,"mOthersTime":0,"mRunTime":0,"mStartTime":76200000,"mTimeUnit":600000,"mWalkTime":86043,"runStep":0,"walkStep":129},{"distance":13.73,"mCalorie":0.64,"mOthersTime":0,"mRunTime":0,"mStartTime":76800000,"mTimeUnit":600000,"mWalkTime":12006,"runStep":0,"walkStep":18},{"distance":19.76,"mCalorie":1.02,"mOthersTime":0,"mRunTime":0,"mStartTime":77400000,"mTimeUnit":600000,"mWalkTime":18009,"runStep":0,"walkStep":27},{"distance":100.56,"mCalorie":5.0299997,"mOthersTime":0,"mRunTime":0,"mStartTime":78000000,"mTimeUnit":600000,"mWalkTime":91379,"runStep":0,"walkStep":137},{"distance":361.16998,"mCalorie":15.17,"mOthersTime":0,"mRunTime":0,"mStartTime":78600000,"mTimeUnit":600000,"mWalkTime":283385,"runStep":0,"walkStep":465},{"distance":61.670998,"mCalorie":3.46,"mOthersTime":0,"mRunTime":0,"mStartTime":81000000,"mTimeUnit":600000,"mWalkTime":66033,"runStep":0,"walkStep":99},{"distance":350.57,"mCalorie":18.17,"mOthersTime":0,"mRunTime":0,"mStartTime":81600000,"mTimeUnit":600000,"mWalkTime":326770,"runStep":0,"walkStep":496},{"distance":9.16,"mCalorie":0.45,"mOthersTime":0,"mRunTime":0,"mStartTime":84000000,"mTimeUnit":600000,"mWalkTime":7337,"runStep":0,"walkStep":11},{"distance":414.061,"mCalorie":20.41,"mOthersTime":0,"mRunTime":0,"mStartTime":84600000,"mTimeUnit":600000,"mWalkTime":364092,"runStep":0,"walkStep":565},{"distance":71.13,"mCalorie":3.2800002,"mOthersTime":0,"mRunTime":0,"mStartTime":85200000,"mTimeUnit":600000,"mWalkTime":62031,"runStep":0,"walkStep":93},{"distance":66.89,"mCalorie":3.4499998,"mOthersTime":0,"mRunTime":0,"mStartTime":85800000,"mTimeUnit":600000,"mWalkTime":60697,"runStep":0,"walkStep":91}],"version":1}