{"mActivityList":[{"mActiveTime":1986072,"mActiveTimeType":0,"mCalorie":164.0,"mCategory":204,"mDetailInfoId":"d0b7d0ed-7a52-5563-83d4-20cacb776d8c","mDistance":2479.329,"mDuration":1986072,"mEndTime":65849807,"mStartTime":63863735,"mType":1001},{"mActiveTime":1385873,"mActiveTimeType":0,"mCalorie":55.0,"mCategory":204,"mDetailInfoId":"24d53812-0566-1aa8-a035-844b0e202e93","mDistance":1629.508,"mDuration":1385873,"mEndTime":67485629,"mStartTime":66099756,"mType":1001}],"mAdaptiveGoal":0,"mIsGoalAchieved":false,"mIsMostActiveAchieved":false,"mMostActiveMinutes":0,"mStreakDayCount":0,"mUnitDataList":[{"distance":43.67,"mCalorie":1.94,"mOthersTime":0,"mRunTime":0,"mStartTime":3600000,"mTimeUnit":600000,"mWalkTime":36685,"runStep":0,"walkStep":55},{"distance":7.41,"mCalorie":0.36,"mOthersTime":0,"mRunTime":0,"mStartTime":19800000,"mTimeUnit":600000,"mWalkTime":6670,"runStep":0,"walkStep":10},{"distance":46.71,"mCalorie":2.12,"mOthersTime":0,"mRunTime":0,"mStartTime":21600000,"mTimeUnit":600000,"mWalkTime":39353,"runStep":0,"walkStep":59},{"distance":12.62,"mCalorie":0.65,"mOthersTime":0,"mRunTime":0,"mStartTime":22200000,"mTimeUnit":600000,"mWalkTime":12006,"runStep":0,"walkStep":18},{"distance":8.5,"mCalorie":0.48,"mOthersTime":0,"mRunTime":0,"mStartTime":33000000,"mTimeUnit":600000,"mWalkTime":8004,"runStep":0,"walkStep":12},{"distance":23.88,"mCalorie":1.31,"mOthersTime":0,"mRunTime":1200,"mStartTime":33600000,"mTimeUnit":600000,"mWalkTime":18009,"runStep":3,"walkStep":27},{"distance":8.13,"mCalorie":0.55,"mOthersTime":0,"mRunTime":0,"mStartTime":34200000,"mTimeUnit":600000,"mWalkTime":8004,"runStep":0,"walkStep":12},{"distance":51.78,"mCalorie":2.3600001,"mOthersTime":0,"mRunTime":0,"mStartTime":34800000,"mTimeUnit":600000,"mWalkTime":45356,"runStep":0,"walkStep":68},{"distance":33.96,"mCalorie":1.8599999,"mOthersTime":0,"mRunTime":0,"mStartTime":35400000,"mTimeUnit":600000,"mWalkTime":32016,"runStep":0,"walkStep":48},{"distance":80.399994,"mCalorie":4.1099997,"mOthersTime":0,"mRunTime":0,"mStartTime":39000000,"mTimeUnit":600000,"mWalkTime":74704,"runStep":0,"walkStep":112},{"distance":174.979,"mCalorie":8.93,"mOthersTime":0,"mRunTime":0,"mStartTime":39600000,"mTimeUnit":600000,"mWalkTime":164082,"runStep":0,"walkStep":246},{"distance":254.501,"mCalorie":12.6,"mOthersTime":0,"mRunTime":0,"mStartTime":40200000,"mTimeUnit":600000,"mWalkTime":234117,"runStep":0,"walkStep":351},{"distance":27.64,"mCalorie":1.72,"mOthersTime":0,"mRunTime":0,"mStartTime":40800000,"mTimeUnit":600000,"mWalkTime":26680,"runStep":0,"walkStep":40},{"distance":61.19,"mCalorie":3.0100002,"mOthersTime":0,"mRunTime":1600,"mStartTime":41400000,"mTimeUnit":600000,"mWalkTime":49358,"runStep":4,"walkStep":74},{"distance":20.0,"mCalorie":1.1,"mOthersTime":0,"mRunTime":400,"mStartTime":44400000,"mTimeUnit":600000,"mWalkTime":14674,"runStep":1,"walkStep":22},{"distance":12.06,"mCalorie":0.51,"mOthersTime":0,"mRunTime":0,"mStartTime":45600000,"mTimeUnit":600000,"mWalkTime":10672,"runStep":0,"walkStep":16},{"distance":49.039997,"mCalorie":2.1899998,"mOthersTime":0,"mRunTime":0,"mStartTime":46200000,"mTimeUnit":600000,"mWalkTime":42688,"runStep":0,"walkStep":64},{"distance":38.059998,"mCalorie":1.9499999,"mOthersTime":0,"mRunTime":0,"mStartTime":46800000,"mTimeUnit":600000,"mWalkTime":35351,"runStep":0,"walkStep":53},{"distance":17.89,"mCalorie":0.72,"mOthersTime":0,"mRunTime":0,"mStartTime":48000000,"mTimeUnit":600000,"mWalkTime":15341,"runStep":0,"walkStep":23},{"distance":8.01,"mCalorie":0.34,"mOthersTime":0,"mRunTime":0,"mStartTime":48600000,"mTimeUnit":600000,"mWalkTime":6670,"runStep":0,"walkStep":10},{"distance":18.810001,"mCalorie":0.93,"mOthersTime":0,"mRunTime":0,"mStartTime":62400000,"mTimeUnit":600000,"mWalkTime":17342,"runStep":0,"walkStep":26},{"distance":44.768997,"mCalorie":2.15,"mOthersTime":0,"mRunTime":0,"mStartTime":63000000,"mTimeUnit":600000,"mWalkTime":40020,"runStep":0,"walkStep":60},{"distance":502.9499,"mCalorie":31.517181,"mOthersTime":0,"mRunTime":0,"mStartTime":63600000,"mTimeUnit":600000,"mWalkTime":407655,"runStep":0,"walkStep":602},{"distance":749.01483,"mCalorie":49.545033,"mOthersTime":0,"mRunTime":0,"mStartTime":64200000,"mTimeUnit":600000,"mWalkTime":600000,"runStep":0,"walkStep":1062},{"distance":749.01483,"mCalorie":49.545033,"mOthersTime":0,"mRunTime":0,"mStartTime":64800000,"mTimeUnit":600000,"mWalkTime":600000,"runStep":0,"walkStep":1043},{"distance":561.5202,"mCalorie":37.142838,"mOthersTime":0,"mRunTime":0,"mStartTime":65400000,"mTimeUnit":600000,"mWalkTime":449807,"runStep":0,"walkStep":706},{"distance":617.3341,"mCalorie":21.23098,"mOthersTime":0,"mRunTime":0,"mStartTime":66000000,"mTimeUnit":600000,"mWalkTime":526760,"runStep":0,"walkStep":881},{"distance":705.4794,"mCalorie":23.811705,"mOthersTime":0,"mRunTime":0,"mStartTime":66600000,"mTimeUnit":600000,"mWalkTime":600000,"runStep":0,"walkStep":987},{"distance":375.169,"mCalorie":13.150667,"mOthersTime":0,"mRunTime":0,"mStartTime":67200000,"mTimeUnit":600000,"mWalkTime":319797,"runStep":0,"walkStep":383},{"distance":19.96,"mCalorie":1.16,"mOthersTime":0,"mRunTime":0,"mStartTime":67800000,"mTimeUnit":600000,"mWalkTime":19343,"runStep":0,"walkStep":29},{"distance":36.732,"mCalorie":1.7,"mOthersTime":0,"mRunTime":0,"mStartTime":70200000,"mTimeUnit":600000,"mWalkTime":32683,"runStep":0,"walkStep":49},{"distance":7.79,"mCalorie":0.3,"mOthersTime":0,"mRunTime":0,"mStartTime":71400000,"mTimeUnit":600000,"mWalkTime":6670,"runStep":0,"walkStep":10},{"distance":8.81,"mCalorie":0.37,"mOthersTime":0,"mRunTime":0,"mStartTime":72000000,"mTimeUnit":600000,"mWalkTime":8004,"runStep":0,"walkStep":12},{"distance":60.44,"mCalorie":3.0200002,"mOthersTime":0,"mRunTime":800,"mStartTime":73200000,"mTimeUnit":600000,"mWalkTime":50025,"runStep":2,"walkStep":75},{"distance":6.77,"mCalorie":0.37,"mOthersTime":0,"mRunTime":0,"mStartTime":74400000,"mTimeUnit":600000,"mWalkTime":6670,"runStep":0,"walkStep":10},{"distance":10.94,"mCalorie":0.67,"mOthersTime":0,"mRunTime":0,"mStartTime":77400000,"mTimeUnit":600000,"mWalkTime":10005,"runStep":0,"walkStep":15},{"distance":52.65,"mCalorie":2.85,"mOthersTime":0,"mRunTime":1600,"mStartTime":79200000,"mTimeUnit":600000,"mWalkTime":42021,"runStep":4,"walkStep":63},{"distance":37.269,"mCalorie":2.04,"mOthersTime":0,"mRunTime":1600,"mStartTime":81600000,"mTimeUnit":600000,"mWalkTime":31349,"runStep":4,"walkStep":47}],"version":1}