{"mActivityList":[{"mActiveTime":1249545,"mActiveTimeType":0,"mCalorie":131.0,"mCategory":204,"mDetailInfoId":"4f83eb14-7b9f-f50f-ea3d-79295775df9c","mDistance":1628.499,"mDuration":1249545,"mEndTime":25656521,"mStartTime":24406976,"mType":1001},{"mActiveTime":1542170,"mActiveTimeType":0,"mCalorie":198.0,"mCategory":204,"mDetailInfoId":"262ee4c3-a345-2161-4b59-fb9fdbc7a1d0","mDistance":1721.7,"mDuration":1542170,"mEndTime":29272821,"mStartTime":27730651,"mType":1001}],"mAdaptiveGoal":0,"mIsGoalAchieved":false,"mIsMostActiveAchieved":false,"mMostActiveMinutes":0,"mStreakDayCount":0,"mUnitDataList":[{"distance":15.8,"mCalorie":1.02,"mOthersTime":0,"mRunTime":2000,"mStartTime":9600000,"mTimeUnit":600000,"mWalkTime":8671,"runStep":5,"walkStep":13},{"distance":26.52,"mCalorie":1.4,"mOthersTime":0,"mRunTime":400,"mStartTime":10200000,"mTimeUnit":600000,"mWalkTime":21344,"runStep":1,"walkStep":32},{"distance":7.79,"mCalorie":0.36,"mOthersTime":0,"mRunTime":0,"mStartTime":12600000,"mTimeUnit":600000,"mWalkTime":6670,"runStep":0,"walkStep":10},{"distance":25.310001,"mCalorie":1.39,"mOthersTime":0,"mRunTime":0,"mStartTime":19200000,"mTimeUnit":600000,"mWalkTime":22678,"runStep":0,"walkStep":34},{"distance":36.55,"mCalorie":2.01,"mOthersTime":0,"mRunTime":800,"mStartTime":23400000,"mTimeUnit":600000,"mWalkTime":29348,"runStep":2,"walkStep":44},{"distance":319.7077,"mCalorie":23.449366,"mOthersTime":0,"mRunTime":0,"mStartTime":24000000,"mTimeUnit":600000,"mWalkTime":254832,"runStep":0,"walkStep":412},{"distance":781.9642,"mCalorie":62.902897,"mOthersTime":0,"mRunTime":0,"mStartTime":24600000,"mTimeUnit":600000,"mWalkTime":600000,"runStep":0,"walkStep":1141},{"distance":628.8876,"mCalorie":49.653,"mOthersTime":0,"mRunTime":0,"mStartTime":25200000,"mTimeUnit":600000,"mWalkTime":488102,"runStep":0,"walkStep":800},{"distance":12.03,"mCalorie":0.62,"mOthersTime":0,"mRunTime":0,"mStartTime":25800000,"mTimeUnit":600000,"mWalkTime":11339,"runStep":0,"walkStep":17},{"distance":37.509003,"mCalorie":1.81,"mOthersTime":0,"mRunTime":0,"mStartTime":27000000,"mTimeUnit":600000,"mWalkTime":34017,"runStep":0,"walkStep":51},{"distance":544.68536,"mCalorie":61.192863,"mOthersTime":0,"mRunTime":0,"mStartTime":27600000,"mTimeUnit":600000,"mWalkTime":486670,"runStep":0,"walkStep":698},{"distance":669.8483,"mCalorie":77.03431,"mOthersTime":0,"mRunTime":0,"mStartTime":28200000,"mTimeUnit":600000,"mWalkTime":600000,"runStep":0,"walkStep":1030},{"distance":535.10724,"mCalorie":61.055042,"mOthersTime":0,"mRunTime":0,"mStartTime":28800000,"mTimeUnit":600000,"mWalkTime":479245,"runStep":0,"walkStep":708},{"distance":30.28,"mCalorie":1.46,"mOthersTime":0,"mRunTime":0,"mStartTime":29400000,"mTimeUnit":600000,"mWalkTime":27347,"runStep":0,"walkStep":41},{"distance":7.65,"mCalorie":0.37,"mOthersTime":0,"mRunTime":0,"mStartTime":30000000,"mTimeUnit":600000,"mWalkTime":6670,"runStep":0,"walkStep":10},{"distance":70.420006,"mCalorie":3.74,"mOthersTime":0,"mRunTime":400,"mStartTime":33000000,"mTimeUnit":600000,"mWalkTime":63365,"runStep":1,"walkStep":95},{"distance":65.089005,"mCalorie":3.1000001,"mOthersTime":0,"mRunTime":0,"mStartTime":33600000,"mTimeUnit":600000,"mWalkTime":55361,"runStep":0,"walkStep":83},{"distance":64.66901,"mCalorie":3.32,"mOthersTime":0,"mRunTime":0,"mStartTime":34200000,"mTimeUnit":600000,"mWalkTime":57362,"runStep":0,"walkStep":86},{"distance":42.440002,"mCalorie":2.13,"mOthersTime":0,"mRunTime":0,"mStartTime":34800000,"mTimeUnit":600000,"mWalkTime":38686,"runStep":0,"walkStep":58},{"distance":88.51,"mCalorie":4.3500004,"mOthersTime":0,"mRunTime":0,"mStartTime":35400000,"mTimeUnit":600000,"mWalkTime":80707,"runStep":0,"walkStep":121},{"distance":10.65,"mCalorie":0.76,"mOthersTime":0,"mRunTime":800,"mStartTime":36000000,"mTimeUnit":600000,"mWalkTime":6670,"runStep":2,"walkStep":10},{"distance":16.56,"mCalorie":0.89,"mOthersTime":0,"mRunTime":400,"mStartTime":37800000,"mTimeUnit":600000,"mWalkTime":13340,"runStep":1,"walkStep":20},{"distance":141.91,"mCalorie":7.16,"mOthersTime":0,"mRunTime":0,"mStartTime":38400000,"mTimeUnit":600000,"mWalkTime":133400,"runStep":0,"walkStep":200},{"distance":177.63199,"mCalorie":9.4,"mOthersTime":0,"mRunTime":12000,"mStartTime":39000000,"mTimeUnit":600000,"mWalkTime":131399,"runStep":30,"walkStep":197},{"distance":23.2,"mCalorie":1.39,"mOthersTime":0,"mRunTime":400,"mStartTime":39600000,"mTimeUnit":600000,"mWalkTime":20010,"runStep":1,"walkStep":30},{"distance":92.801,"mCalorie":4.44,"mOthersTime":0,"mRunTime":0,"mStartTime":42000000,"mTimeUnit":600000,"mWalkTime":85376,"runStep":0,"walkStep":128},{"distance":16.46,"mCalorie":0.75,"mOthersTime":0,"mRunTime":0,"mStartTime":42600000,"mTimeUnit":600000,"mWalkTime":14007,"runStep":0,"walkStep":21},{"distance":17.619999,"mCalorie":0.9,"mOthersTime":0,"mRunTime":0,"mStartTime":43200000,"mTimeUnit":600000,"mWalkTime":15341,"runStep":0,"walkStep":23},{"distance":52.128998,"mCalorie":3.2099998,"mOthersTime":0,"mRunTime":8000,"mStartTime":44400000,"mTimeUnit":600000,"mWalkTime":28014,"runStep":20,"walkStep":42},{"distance":48.899998,"mCalorie":2.41,"mOthersTime":0,"mRunTime":1600,"mStartTime":45000000,"mTimeUnit":600000,"mWalkTime":35351,"runStep":4,"walkStep":53},{"distance":109.09899,"mCalorie":5.74,"mOthersTime":0,"mRunTime":4800,"mStartTime":45600000,"mTimeUnit":600000,"mWalkTime":88044,"runStep":12,"walkStep":132},{"distance":501.31,"mCalorie":25.73,"mOthersTime":0,"mRunTime":0,"mStartTime":46800000,"mTimeUnit":600000,"mWalkTime":427427,"runStep":0,"walkStep":680},{"distance":33.8,"mCalorie":1.6899999,"mOthersTime":0,"mRunTime":0,"mStartTime":47400000,"mTimeUnit":600000,"mWalkTime":31349,"runStep":0,"walkStep":47},{"distance":20.96,"mCalorie":0.86,"mOthersTime":0,"mRunTime":0,"mStartTime":49800000,"mTimeUnit":600000,"mWalkTime":18009,"runStep":0,"walkStep":27},{"distance":42.07,"mCalorie":2.06,"mOthersTime":0,"mRunTime":0,"mStartTime":50400000,"mTimeUnit":600000,"mWalkTime":38686,"runStep":0,"walkStep":58},{"distance":15.21,"mCalorie":0.77,"mOthersTime":0,"mRunTime":0,"mStartTime":51000000,"mTimeUnit":600000,"mWalkTime":14007,"runStep":0,"walkStep":21},{"distance":199.4,"mCalorie":8.690001,"mOthersTime":0,"mRunTime":0,"mStartTime":52200000,"mTimeUnit":600000,"mWalkTime":162021,"runStep":0,"walkStep":260},{"distance":68.14,"mCalorie":3.12,"mOthersTime":0,"mRunTime":0,"mStartTime":52800000,"mTimeUnit":600000,"mWalkTime":59363,"runStep":0,"walkStep":89},{"distance":107.52,"mCalorie":5.68,"mOthersTime":0,"mRunTime":3600,"mStartTime":53400000,"mTimeUnit":600000,"mWalkTime":88044,"runStep":9,"walkStep":132},{"distance":59.809998,"mCalorie":3.1,"mOthersTime":0,"mRunTime":0,"mStartTime":54600000,"mTimeUnit":600000,"mWalkTime":54027,"runStep":0,"walkStep":81},{"distance":12.48,"mCalorie":0.52,"mOthersTime":0,"mRunTime":0,"mStartTime":57600000,"mTimeUnit":600000,"mWalkTime":10672,"runStep":0,"walkStep":16},{"distance":288.189,"mCalorie":15.620001,"mOthersTime":0,"mRunTime":0,"mStartTime":58200000,"mTimeUnit":600000,"mWalkTime":262131,"runStep":0,"walkStep":393},{"distance":304.02,"mCalorie":18.46,"mOthersTime":0,"mRunTime":0,"mStartTime":58800000,"mTimeUnit":600000,"mWalkTime":285446,"runStep":0,"walkStep":429},{"distance":284.55,"mCalorie":13.98,"mOthersTime":0,"mRunTime":0,"mStartTime":59400000,"mTimeUnit":600000,"mWalkTime":241424,"runStep":0,"walkStep":376},{"distance":102.39,"mCalorie":5.09,"mOthersTime":0,"mRunTime":0,"mStartTime":60600000,"mTimeUnit":600000,"mWalkTime":92046,"runStep":0,"walkStep":138},{"distance":340.66998,"mCalorie":19.600002,"mOthersTime":0,"mRunTime":0,"mStartTime":61200000,"mTimeUnit":600000,"mWalkTime":286053,"runStep":0,"walkStep":471},{"distance":99.687996,"mCalorie":5.46,"mOthersTime":0,"mRunTime":4800,"mStartTime":61800000,"mTimeUnit":600000,"mWalkTime":80040,"runStep":12,"walkStep":120},{"distance":20.52,"mCalorie":0.91,"mOthersTime":0,"mRunTime":0,"mStartTime":62400000,"mTimeUnit":600000,"mWalkTime":17342,"runStep":0,"walkStep":26},{"distance":7.12,"mCalorie":0.51,"mOthersTime":0,"mRunTime":0,"mStartTime":63000000,"mTimeUnit":600000,"mWalkTime":6670,"runStep":0,"walkStep":10},{"distance":11.37,"mCalorie":0.59,"mOthersTime":0,"mRunTime":0,"mStartTime":67800000,"mTimeUnit":600000,"mWalkTime":10672,"runStep":0,"walkStep":16},{"distance":117.56,"mCalorie":6.0299997,"mOthersTime":0,"mRunTime":0,"mStartTime":68400000,"mTimeUnit":600000,"mWalkTime":115391,"runStep":0,"walkStep":173},{"distance":91.381996,"mCalorie":4.3500004,"mOthersTime":0,"mRunTime":0,"mStartTime":69600000,"mTimeUnit":600000,"mWalkTime":80707,"runStep":0,"walkStep":121},{"distance":18.09,"mCalorie":0.9,"mOthersTime":0,"mRunTime":0,"mStartTime":70200000,"mTimeUnit":600000,"mWalkTime":16008,"runStep":0,"walkStep":24},{"distance":8.43,"mCalorie":0.45999998,"mOthersTime":0,"mRunTime":0,"mStartTime":70800000,"mTimeUnit":600000,"mWalkTime":8004,"runStep":0,"walkStep":12},{"distance":11.27,"mCalorie":0.47,"mOthersTime":0,"mRunTime":0,"mStartTime":71400000,"mTimeUnit":600000,"mWalkTime":8671,"runStep":0,"walkStep":13},{"distance":93.68,"mCalorie":4.9300003,"mOthersTime":0,"mRunTime":0,"mStartTime":72000000,"mTimeUnit":600000,"mWalkTime":86043,"runStep":0,"walkStep":129},{"distance":70.39,"mCalorie":3.47,"mOthersTime":0,"mRunTime":0,"mStartTime":72600000,"mTimeUnit":600000,"mWalkTime":64032,"runStep":0,"walkStep":96},{"distance":72.52,"mCalorie":3.81,"mOthersTime":0,"mRunTime":0,"mStartTime":73800000,"mTimeUnit":600000,"mWalkTime":67367,"runStep":0,"walkStep":101},{"distance":15.459997,"mCalorie":0.7700001,"mOthersTime":0,"mRunTime":0,"mStartTime":75600000,"mTimeUnit":600000,"mWalkTime":14007,"runStep":0,"walkStep":21},{"distance":21.0,"mCalorie":0.87,"mOthersTime":0,"mRunTime":0,"mStartTime":78000000,"mTimeUnit":600000,"mWalkTime":18009,"runStep":0,"walkStep":27},{"distance":41.7,"mCalorie":1.94,"mOthersTime":0,"mRunTime":0,"mStartTime":78600000,"mTimeUnit":600000,"mWalkTime":37352,"runStep":0,"walkStep":56}],"version":1}