{"mActivityList":[{"mActiveTime":2142468,"mActiveTimeType":0,"mCalorie":209.0,"mCategory":204,"mDetailInfoId":"9d76983f-e2c9-e5fe-9540-fab65094c070","mDistance":2464.66,"mDuration":2142468,"mEndTime":48326458,"mStartTime":46183990,"mType":1001},{"mActiveTime":600000,"mActiveTimeType":2,"mCalorie":72.15,"mCategory":204,"mDetailInfoId":"9af16cd6-8a4c-ea0f-a598-4a3e5b5e8cd4","mDistance":0.0,"mDuration":600000,"mEndTime":66244104,"mStartTime":65644104,"mType":11007},{"mActiveTime":600000,"mActiveTimeType":2,"mCalorie":65.21,"mCategory":204,"mDetailInfoId":"de2d1af3-357d-f8d2-fd55-7cdd27e68750","mDistance":0.0,"mDuration":600000,"mEndTime":71650086,"mStartTime":71050086,"mType":11007}],"mAdaptiveGoal":0,"mIsGoalAchieved":false,"mIsMostActiveAchieved":false,"mMostActiveMinutes":0,"mStreakDayCount":0,"mUnitDataList":[{"distance":7.56,"mCalorie":0.44,"mOthersTime":0,"mRunTime":0,"mStartTime":10800000,"mTimeUnit":600000,"mWalkTime":7337,"runStep":0,"walkStep":11},{"distance":49.739998,"mCalorie":2.3,"mOthersTime":0,"mRunTime":0,"mStartTime":11400000,"mTimeUnit":600000,"mWalkTime":44022,"runStep":0,"walkStep":66},{"distance":20.439999,"mCalorie":1.02,"mOthersTime":0,"mRunTime":0,"mStartTime":12000000,"mTimeUnit":600000,"mWalkTime":18676,"runStep":0,"walkStep":28},{"distance":0.75,"mCalorie":0.04,"mOthersTime":0,"mRunTime":0,"mStartTime":12600000,"mTimeUnit":600000,"mWalkTime":667,"runStep":0,"walkStep":1},{"distance":17.970001,"mCalorie":0.93999994,"mOthersTime":0,"mRunTime":0,"mStartTime":13800000,"mTimeUnit":600000,"mWalkTime":16675,"runStep":0,"walkStep":25},{"distance":19.429998,"mCalorie":1.0,"mOthersTime":0,"mRunTime":0,"mStartTime":16800000,"mTimeUnit":600000,"mWalkTime":18009,"runStep":0,"walkStep":27},{"distance":121.29,"mCalorie":6.43,"mOthersTime":0,"mRunTime":5200,"mStartTime":18000000,"mTimeUnit":600000,"mWalkTime":98049,"runStep":13,"walkStep":147},{"distance":30.2,"mCalorie":1.56,"mOthersTime":0,"mRunTime":2400,"mStartTime":23400000,"mTimeUnit":600000,"mWalkTime":21344,"runStep":6,"walkStep":32},{"distance":12.39,"mCalorie":0.77,"mOthersTime":0,"mRunTime":400,"mStartTime":30600000,"mTimeUnit":600000,"mWalkTime":8671,"runStep":1,"walkStep":13},{"distance":61.370003,"mCalorie":3.05,"mOthersTime":0,"mRunTime":0,"mStartTime":39600000,"mTimeUnit":600000,"mWalkTime":55361,"runStep":0,"walkStep":83},{"distance":72.11,"mCalorie":4.19,"mOthersTime":0,"mRunTime":6000,"mStartTime":40200000,"mTimeUnit":600000,"mWalkTime":51359,"runStep":15,"walkStep":77},{"distance":26.1,"mCalorie":1.34,"mOthersTime":0,"mRunTime":0,"mStartTime":41400000,"mTimeUnit":600000,"mWalkTime":24012,"runStep":0,"walkStep":36},{"distance":85.8,"mCalorie":4.5099998,"mOthersTime":0,"mRunTime":400,"mStartTime":42000000,"mTimeUnit":600000,"mWalkTime":76038,"runStep":1,"walkStep":114},{"distance":175.96,"mCalorie":10.05,"mOthersTime":0,"mRunTime":0,"mStartTime":43800000,"mTimeUnit":600000,"mWalkTime":166750,"runStep":0,"walkStep":250},{"distance":111.409996,"mCalorie":5.85,"mOthersTime":0,"mRunTime":400,"mStartTime":44400000,"mTimeUnit":600000,"mWalkTime":103385,"runStep":1,"walkStep":155},{"distance":73.71,"mCalorie":4.26,"mOthersTime":0,"mRunTime":5200,"mStartTime":45000000,"mTimeUnit":600000,"mWalkTime":53360,"runStep":13,"walkStep":80},{"distance":129.70901,"mCalorie":7.293587,"mOthersTime":0,"mRunTime":0,"mStartTime":45600000,"mTimeUnit":600000,"mWalkTime":121703,"runStep":0,"walkStep":167},{"distance":690.2301,"mCalorie":58.53063,"mOthersTime":0,"mRunTime":0,"mStartTime":46200000,"mTimeUnit":600000,"mWalkTime":600000,"runStep":0,"walkStep":876},{"distance":690.2301,"mCalorie":58.53063,"mOthersTime":0,"mRunTime":0,"mStartTime":46800000,"mTimeUnit":600000,"mWalkTime":600000,"runStep":0,"walkStep":982},{"distance":690.2301,"mCalorie":58.53063,"mOthersTime":0,"mRunTime":0,"mStartTime":47400000,"mTimeUnit":600000,"mWalkTime":600000,"runStep":0,"walkStep":1041},{"distance":429.4619,"mCalorie":34.946323,"mOthersTime":0,"mRunTime":2400,"mStartTime":48000000,"mTimeUnit":600000,"mWalkTime":363810,"runStep":6,"walkStep":553},{"distance":27.51,"mCalorie":1.38,"mOthersTime":0,"mRunTime":0,"mStartTime":48600000,"mTimeUnit":600000,"mWalkTime":25346,"runStep":0,"walkStep":38},{"distance":21.800001,"mCalorie":1.08,"mOthersTime":0,"mRunTime":0,"mStartTime":49800000,"mTimeUnit":600000,"mWalkTime":19343,"runStep":0,"walkStep":29},{"distance":141.43001,"mCalorie":7.7400002,"mOthersTime":0,"mRunTime":800,"mStartTime":50400000,"mTimeUnit":600000,"mWalkTime":143405,"runStep":2,"walkStep":215},{"distance":97.0,"mCalorie":4.57,"mOthersTime":0,"mRunTime":1600,"mStartTime":51000000,"mTimeUnit":600000,"mWalkTime":81374,"runStep":4,"walkStep":122},{"distance":122.65001,"mCalorie":6.2,"mOthersTime":0,"mRunTime":0,"mStartTime":51600000,"mTimeUnit":600000,"mWalkTime":96685,"runStep":0,"walkStep":162},{"distance":221.62,"mCalorie":11.32,"mOthersTime":0,"mRunTime":0,"mStartTime":52200000,"mTimeUnit":600000,"mWalkTime":184699,"runStep":0,"walkStep":299},{"distance":26.35,"mCalorie":1.23,"mOthersTime":0,"mRunTime":0,"mStartTime":52800000,"mTimeUnit":600000,"mWalkTime":23345,"runStep":0,"walkStep":35},{"distance":263.66,"mCalorie":14.05,"mOthersTime":0,"mRunTime":0,"mStartTime":53400000,"mTimeUnit":600000,"mWalkTime":228054,"runStep":0,"walkStep":358},{"distance":107.9,"mCalorie":5.54,"mOthersTime":0,"mRunTime":0,"mStartTime":54000000,"mTimeUnit":600000,"mWalkTime":96715,"runStep":0,"walkStep":145},{"distance":135.42001,"mCalorie":6.74,"mOthersTime":0,"mRunTime":0,"mStartTime":54600000,"mTimeUnit":600000,"mWalkTime":121394,"runStep":0,"walkStep":182},{"distance":90.100006,"mCalorie":4.4399996,"mOthersTime":0,"mRunTime":0,"mStartTime":55200000,"mTimeUnit":600000,"mWalkTime":82041,"runStep":0,"walkStep":123},{"distance":75.87001,"mCalorie":4.11,"mOthersTime":0,"mRunTime":0,"mStartTime":58800000,"mTimeUnit":600000,"mWalkTime":69368,"runStep":0,"walkStep":104},{"distance":23.68,"mCalorie":1.3299999,"mOthersTime":0,"mRunTime":1200,"mStartTime":59400000,"mTimeUnit":600000,"mWalkTime":16675,"runStep":3,"walkStep":25},{"distance":14.69,"mCalorie":0.78999996,"mOthersTime":0,"mRunTime":0,"mStartTime":60000000,"mTimeUnit":600000,"mWalkTime":14007,"runStep":0,"walkStep":21},{"distance":115.41,"mCalorie":5.95,"mOthersTime":0,"mRunTime":800,"mStartTime":60600000,"mTimeUnit":600000,"mWalkTime":101384,"runStep":2,"walkStep":152},{"distance":19.87,"mCalorie":0.98,"mOthersTime":0,"mRunTime":0,"mStartTime":61200000,"mTimeUnit":600000,"mWalkTime":18009,"runStep":0,"walkStep":27},{"distance":129.31,"mCalorie":6.32,"mOthersTime":0,"mRunTime":0,"mStartTime":61800000,"mTimeUnit":600000,"mWalkTime":117392,"runStep":0,"walkStep":176},{"distance":85.840004,"mCalorie":4.28,"mOthersTime":0,"mRunTime":0,"mStartTime":62400000,"mTimeUnit":600000,"mWalkTime":77372,"runStep":0,"walkStep":116},{"distance":5.01,"mCalorie":0.26,"mOthersTime":0,"mRunTime":0,"mStartTime":63600000,"mTimeUnit":600000,"mWalkTime":4669,"runStep":0,"walkStep":7},{"distance":4.97,"mCalorie":0.26,"mOthersTime":0,"mRunTime":0,"mStartTime":64200000,"mTimeUnit":600000,"mWalkTime":4669,"runStep":0,"walkStep":7},{"distance":163.92,"mCalorie":8.849999,"mOthersTime":0,"mRunTime":2400,"mStartTime":64800000,"mTimeUnit":600000,"mWalkTime":156078,"runStep":6,"walkStep":234},{"distance":123.08053,"mCalorie":50.517944,"mOthersTime":355895,"mRunTime":0,"mStartTime":65400000,"mTimeUnit":600000,"mWalkTime":118675,"runStep":0,"walkStep":476},{"distance":26.62136,"mCalorie":30.740839,"mOthersTime":244104,"mRunTime":0,"mStartTime":66000000,"mTimeUnit":600000,"mWalkTime":24433,"runStep":0,"walkStep":226},{"distance":52.809998,"mCalorie":2.7599998,"mOthersTime":0,"mRunTime":400,"mStartTime":66600000,"mTimeUnit":600000,"mWalkTime":46690,"runStep":1,"walkStep":70},{"distance":9.3,"mCalorie":0.43,"mOthersTime":0,"mRunTime":0,"mStartTime":67200000,"mTimeUnit":600000,"mWalkTime":8004,"runStep":0,"walkStep":12},{"distance":18.0,"mCalorie":0.94000006,"mOthersTime":0,"mRunTime":400,"mStartTime":67800000,"mTimeUnit":600000,"mWalkTime":14007,"runStep":1,"walkStep":21},{"distance":25.2,"mCalorie":1.27,"mOthersTime":0,"mRunTime":0,"mStartTime":68400000,"mTimeUnit":600000,"mWalkTime":22011,"runStep":0,"walkStep":33},{"distance":39.07,"mCalorie":1.97,"mOthersTime":0,"mRunTime":0,"mStartTime":69000000,"mTimeUnit":600000,"mWalkTime":36018,"runStep":0,"walkStep":54},{"distance":106.54001,"mCalorie":5.3700004,"mOthersTime":0,"mRunTime":0,"mStartTime":69600000,"mTimeUnit":600000,"mWalkTime":96715,"runStep":0,"walkStep":145},{"distance":149.42,"mCalorie":7.7199993,"mOthersTime":0,"mRunTime":1600,"mStartTime":70200000,"mTimeUnit":600000,"mWalkTime":129398,"runStep":4,"walkStep":194},{"distance":134.3734,"mCalorie":45.2443,"mOthersTime":349914,"mRunTime":0,"mStartTime":70800000,"mTimeUnit":600000,"mWalkTime":124303,"runStep":0,"walkStep":410},{"distance":37.927677,"mCalorie":29.287294,"mOthersTime":250086,"mRunTime":0,"mStartTime":71400000,"mTimeUnit":600000,"mWalkTime":32329,"runStep":0,"walkStep":201},{"distance":86.07,"mCalorie":4.3999996,"mOthersTime":0,"mRunTime":0,"mStartTime":72000000,"mTimeUnit":600000,"mWalkTime":78706,"runStep":0,"walkStep":118},{"distance":60.35,"mCalorie":3.1100001,"mOthersTime":0,"mRunTime":0,"mStartTime":72600000,"mTimeUnit":600000,"mWalkTime":56028,"runStep":0,"walkStep":84},{"distance":63.95,"mCalorie":3.3199997,"mOthersTime":0,"mRunTime":0,"mStartTime":73200000,"mTimeUnit":600000,"mWalkTime":58696,"runStep":0,"walkStep":88},{"distance":50.13,"mCalorie":2.63,"mOthersTime":0,"mRunTime":0,"mStartTime":74400000,"mTimeUnit":600000,"mWalkTime":47357,"runStep":0,"walkStep":71},{"distance":49.77,"mCalorie":2.51,"mOthersTime":0,"mRunTime":2400,"mStartTime":75000000,"mTimeUnit":600000,"mWalkTime":37352,"runStep":6,"walkStep":56},{"distance":18.04,"mCalorie":1.06,"mOthersTime":0,"mRunTime":0,"mStartTime":75600000,"mTimeUnit":600000,"mWalkTime":17342,"runStep":0,"walkStep":26},{"distance":21.18,"mCalorie":1.0,"mOthersTime":0,"mRunTime":0,"mStartTime":76800000,"mTimeUnit":600000,"mWalkTime":19343,"runStep":0,"walkStep":29},{"distance":31.920002,"mCalorie":1.3100001,"mOthersTime":0,"mRunTime":0,"mStartTime":79800000,"mTimeUnit":600000,"mWalkTime":26680,"runStep":0,"walkStep":40},{"distance":49.260002,"mCalorie":2.51,"mOthersTime":0,"mRunTime":0,"mStartTime":80400000,"mTimeUnit":600000,"mWalkTime":44689,"runStep":0,"walkStep":67},{"distance":27.64,"mCalorie":1.4300001,"mOthersTime":0,"mRunTime":0,"mStartTime":82800000,"mTimeUnit":600000,"mWalkTime":24679,"runStep":0,"walkStep":37},{"distance":28.01,"mCalorie":1.46,"mOthersTime":0,"mRunTime":0,"mStartTime":83400000,"mTimeUnit":600000,"mWalkTime":26013,"runStep":0,"walkStep":39}],"version":1}