{"mActivityList":[{"mActiveTime":600000,"mActiveTimeType":2,"mCalorie":49.49,"mCategory":204,"mDetailInfoId":"7a69b54e-2df6-b5ef-bce0-5db9694a6678","mDistance":0.0,"mDuration":600000,"mEndTime":25633195,"mStartTime":25033195,"mType":11007}],"mAdaptiveGoal":0,"mIsGoalAchieved":false,"mIsMostActiveAchieved":false,"mMostActiveMinutes":0,"mStreakDayCount":0,"mUnitDataList":[{"distance":15.58,"mCalorie":0.81,"mOthersTime":0,"mRunTime":0,"mStartTime":20400000,"mTimeUnit":600000,"mWalkTime":14007,"runStep":0,"walkStep":21},{"distance":88.100006,"mCalorie":4.84,"mOthersTime":0,"mRunTime":0,"mStartTime":21000000,"mTimeUnit":600000,"mWalkTime":90045,"runStep":0,"walkStep":135},{"distance":367.74,"mCalorie":19.21,"mOthersTime":0,"mRunTime":0,"mStartTime":21600000,"mTimeUnit":600000,"mWalkTime":337502,"runStep":0,"walkStep":506},{"distance":65.689995,"mCalorie":3.32,"mOthersTime":0,"mRunTime":0,"mStartTime":22200000,"mTimeUnit":600000,"mWalkTime":61364,"runStep":0,"walkStep":92},{"distance":15.93,"mCalorie":0.85,"mOthersTime":0,"mRunTime":0,"mStartTime":22800000,"mTimeUnit":600000,"mWalkTime":14674,"runStep":0,"walkStep":22},{"distance":134.4,"mCalorie":20.868633,"mOthersTime":166805,"mRunTime":0,"mStartTime":24600000,"mTimeUnit":600000,"mWalkTime":118059,"runStep":0,"walkStep":295},{"distance":30.039999,"mCalorie":37.321365,"mOthersTime":433195,"mRunTime":0,"mStartTime":25200000,"mTimeUnit":600000,"mWalkTime":27347,"runStep":0,"walkStep":375},{"distance":52.2,"mCalorie":2.88,"mOthersTime":0,"mRunTime":4000,"mStartTime":25800000,"mTimeUnit":600000,"mWalkTime":40020,"runStep":10,"walkStep":60},{"distance":16.04,"mCalorie":0.87,"mOthersTime":0,"mRunTime":400,"mStartTime":31800000,"mTimeUnit":600000,"mWalkTime":14007,"runStep":1,"walkStep":21},{"distance":27.34,"mCalorie":1.5699999,"mOthersTime":0,"mRunTime":0,"mStartTime":33000000,"mTimeUnit":600000,"mWalkTime":26013,"runStep":0,"walkStep":39},{"distance":106.31999,"mCalorie":5.1499996,"mOthersTime":0,"mRunTime":0,"mStartTime":34800000,"mTimeUnit":600000,"mWalkTime":96715,"runStep":0,"walkStep":145},{"distance":10.849999,"mCalorie":0.71999997,"mOthersTime":0,"mRunTime":800,"mStartTime":35400000,"mTimeUnit":600000,"mWalkTime":6670,"runStep":2,"walkStep":10},{"distance":31.470001,"mCalorie":1.7299999,"mOthersTime":0,"mRunTime":0,"mStartTime":36600000,"mTimeUnit":600000,"mWalkTime":27347,"runStep":0,"walkStep":41},{"distance":110.17,"mCalorie":5.6399994,"mOthersTime":0,"mRunTime":800,"mStartTime":37200000,"mTimeUnit":600000,"mWalkTime":98049,"runStep":2,"walkStep":147},{"distance":20.83,"mCalorie":1.13,"mOthersTime":0,"mRunTime":0,"mStartTime":37800000,"mTimeUnit":600000,"mWalkTime":17342,"runStep":0,"walkStep":26},{"distance":16.45,"mCalorie":0.84000003,"mOthersTime":0,"mRunTime":0,"mStartTime":38400000,"mTimeUnit":600000,"mWalkTime":15341,"runStep":0,"walkStep":23},{"distance":9.21,"mCalorie":0.53,"mOthersTime":0,"mRunTime":0,"mStartTime":39000000,"mTimeUnit":600000,"mWalkTime":6670,"runStep":0,"walkStep":10},{"distance":19.64,"mCalorie":0.9,"mOthersTime":0,"mRunTime":0,"mStartTime":39600000,"mTimeUnit":600000,"mWalkTime":16008,"runStep":0,"walkStep":24},{"distance":16.93,"mCalorie":1.03,"mOthersTime":0,"mRunTime":1200,"mStartTime":40200000,"mTimeUnit":600000,"mWalkTime":14007,"runStep":3,"walkStep":21},{"distance":28.9,"mCalorie":1.74,"mOthersTime":0,"mRunTime":1200,"mStartTime":40800000,"mTimeUnit":600000,"mWalkTime":22678,"runStep":3,"walkStep":34},{"distance":59.969997,"mCalorie":3.1699998,"mOthersTime":0,"mRunTime":2800,"mStartTime":41400000,"mTimeUnit":600000,"mWalkTime":44689,"runStep":7,"walkStep":67},{"distance":24.46,"mCalorie":1.59,"mOthersTime":0,"mRunTime":1200,"mStartTime":42000000,"mTimeUnit":600000,"mWalkTime":20010,"runStep":3,"walkStep":30},{"distance":22.09,"mCalorie":1.19,"mOthersTime":0,"mRunTime":0,"mStartTime":43200000,"mTimeUnit":600000,"mWalkTime":21344,"runStep":0,"walkStep":32},{"distance":20.54,"mCalorie":0.96000004,"mOthersTime":0,"mRunTime":0,"mStartTime":44400000,"mTimeUnit":600000,"mWalkTime":18009,"runStep":0,"walkStep":27},{"distance":139.68,"mCalorie":6.9100003,"mOthersTime":0,"mRunTime":3200,"mStartTime":45600000,"mTimeUnit":600000,"mWalkTime":118059,"runStep":8,"walkStep":177},{"distance":5.76,"mCalorie":0.3,"mOthersTime":0,"mRunTime":0,"mStartTime":46200000,"mTimeUnit":600000,"mWalkTime":5336,"runStep":0,"walkStep":8},{"distance":295.97,"mCalorie":15.319998,"mOthersTime":0,"mRunTime":0,"mStartTime":46800000,"mTimeUnit":600000,"mWalkTime":250732,"runStep":0,"walkStep":400},{"distance":55.65,"mCalorie":2.8600001,"mOthersTime":0,"mRunTime":0,"mStartTime":47400000,"mTimeUnit":600000,"mWalkTime":50692,"runStep":0,"walkStep":76},{"distance":47.840004,"mCalorie":2.34,"mOthersTime":0,"mRunTime":0,"mStartTime":48600000,"mTimeUnit":600000,"mWalkTime":41354,"runStep":0,"walkStep":62},{"distance":306.11,"mCalorie":15.609998,"mOthersTime":0,"mRunTime":0,"mStartTime":49200000,"mTimeUnit":600000,"mWalkTime":271469,"runStep":0,"walkStep":407},{"distance":113.96,"mCalorie":5.98,"mOthersTime":0,"mRunTime":0,"mStartTime":49800000,"mTimeUnit":600000,"mWalkTime":101384,"runStep":0,"walkStep":152},{"distance":109.31999,"mCalorie":5.53,"mOthersTime":0,"mRunTime":0,"mStartTime":50400000,"mTimeUnit":600000,"mWalkTime":100717,"runStep":0,"walkStep":151},{"distance":193.54999,"mCalorie":10.490001,"mOthersTime":0,"mRunTime":0,"mStartTime":51000000,"mTimeUnit":600000,"mWalkTime":182091,"runStep":0,"walkStep":273},{"distance":158.82,"mCalorie":8.2,"mOthersTime":0,"mRunTime":0,"mStartTime":51600000,"mTimeUnit":600000,"mWalkTime":148074,"runStep":0,"walkStep":222},{"distance":97.479996,"mCalorie":4.98,"mOthersTime":0,"mRunTime":0,"mStartTime":52200000,"mTimeUnit":600000,"mWalkTime":90045,"runStep":0,"walkStep":135},{"distance":45.829998,"mCalorie":2.2,"mOthersTime":0,"mRunTime":0,"mStartTime":52800000,"mTimeUnit":600000,"mWalkTime":40687,"runStep":0,"walkStep":61},{"distance":20.49,"mCalorie":1.06,"mOthersTime":0,"mRunTime":0,"mStartTime":54000000,"mTimeUnit":600000,"mWalkTime":19343,"runStep":0,"walkStep":29},{"distance":46.73,"mCalorie":3.16,"mOthersTime":0,"mRunTime":10000,"mStartTime":54600000,"mTimeUnit":600000,"mWalkTime":26680,"runStep":25,"walkStep":40},{"distance":10.83,"mCalorie":0.6,"mOthersTime":0,"mRunTime":0,"mStartTime":55200000,"mTimeUnit":600000,"mWalkTime":10672,"runStep":0,"walkStep":16},{"distance":40.43,"mCalorie":2.24,"mOthersTime":0,"mRunTime":0,"mStartTime":55800000,"mTimeUnit":600000,"mWalkTime":36018,"runStep":0,"walkStep":54},{"distance":17.45,"mCalorie":0.83,"mOthersTime":0,"mRunTime":0,"mStartTime":56400000,"mTimeUnit":600000,"mWalkTime":15341,"runStep":0,"walkStep":23},{"distance":7.45,"mCalorie":0.4,"mOthersTime":0,"mRunTime":0,"mStartTime":57000000,"mTimeUnit":600000,"mWalkTime":7337,"runStep":0,"walkStep":11},{"distance":59.53,"mCalorie":3.1699998,"mOthersTime":0,"mRunTime":1600,"mStartTime":57600000,"mTimeUnit":600000,"mWalkTime":48691,"runStep":4,"walkStep":73},{"distance":268.53,"mCalorie":15.129999,"mOthersTime":0,"mRunTime":11097,"mStartTime":58800000,"mTimeUnit":600000,"mWalkTime":222960,"runStep":28,"walkStep":335},{"distance":318.56003,"mCalorie":17.06,"mOthersTime":0,"mRunTime":0,"mStartTime":59400000,"mTimeUnit":600000,"mWalkTime":289478,"runStep":0,"walkStep":434},{"distance":9.3,"mCalorie":0.44,"mOthersTime":0,"mRunTime":0,"mStartTime":60000000,"mTimeUnit":600000,"mWalkTime":8671,"runStep":0,"walkStep":13},{"distance":32.97,"mCalorie":1.72,"mOthersTime":0,"mRunTime":0,"mStartTime":60600000,"mTimeUnit":600000,"mWalkTime":30682,"runStep":0,"walkStep":46},{"distance":435.97998,"mCalorie":19.14,"mOthersTime":0,"mRunTime":1200,"mStartTime":61200000,"mTimeUnit":600000,"mWalkTime":333470,"runStep":3,"walkStep":551},{"distance":194.45,"mCalorie":10.25,"mOthersTime":0,"mRunTime":0,"mStartTime":61800000,"mTimeUnit":600000,"mWalkTime":179423,"runStep":0,"walkStep":269},{"distance":49.339996,"mCalorie":2.82,"mOthersTime":0,"mRunTime":1200,"mStartTime":62400000,"mTimeUnit":600000,"mWalkTime":40020,"runStep":3,"walkStep":60},{"distance":24.43,"mCalorie":1.3,"mOthersTime":0,"mRunTime":0,"mStartTime":63000000,"mTimeUnit":600000,"mWalkTime":22678,"runStep":0,"walkStep":34},{"distance":5.84,"mCalorie":0.29,"mOthersTime":0,"mRunTime":0,"mStartTime":64200000,"mTimeUnit":600000,"mWalkTime":5336,"runStep":0,"walkStep":8},{"distance":64.08,"mCalorie":3.28,"mOthersTime":0,"mRunTime":0,"mStartTime":64800000,"mTimeUnit":600000,"mWalkTime":58029,"runStep":0,"walkStep":87},{"distance":47.0,"mCalorie":2.22,"mOthersTime":0,"mRunTime":0,"mStartTime":65400000,"mTimeUnit":600000,"mWalkTime":42688,"runStep":0,"walkStep":64},{"distance":6.76,"mCalorie":0.43,"mOthersTime":0,"mRunTime":0,"mStartTime":66000000,"mTimeUnit":600000,"mWalkTime":6670,"runStep":0,"walkStep":10},{"distance":21.08,"mCalorie":1.16,"mOthersTime":0,"mRunTime":0,"mStartTime":66600000,"mTimeUnit":600000,"mWalkTime":20010,"runStep":0,"walkStep":30},{"distance":46.63,"mCalorie":2.0800002,"mOthersTime":0,"mRunTime":0,"mStartTime":67200000,"mTimeUnit":600000,"mWalkTime":39353,"runStep":0,"walkStep":59},{"distance":138.849,"mCalorie":7.04,"mOthersTime":0,"mRunTime":4800,"mStartTime":67800000,"mTimeUnit":600000,"mWalkTime":104052,"runStep":12,"walkStep":156},{"distance":28.4,"mCalorie":1.3399999,"mOthersTime":0,"mRunTime":0,"mStartTime":68400000,"mTimeUnit":600000,"mWalkTime":26013,"runStep":0,"walkStep":39},{"distance":57.36,"mCalorie":2.7,"mOthersTime":0,"mRunTime":0,"mStartTime":69000000,"mTimeUnit":600000,"mWalkTime":51359,"runStep":0,"walkStep":77},{"distance":57.38,"mCalorie":2.71,"mOthersTime":0,"mRunTime":0,"mStartTime":69600000,"mTimeUnit":600000,"mWalkTime":50025,"runStep":0,"walkStep":75},{"distance":17.53,"mCalorie":0.94,"mOthersTime":0,"mRunTime":0,"mStartTime":70200000,"mTimeUnit":600000,"mWalkTime":16675,"runStep":0,"walkStep":25},{"distance":91.2,"mCalorie":4.6899996,"mOthersTime":0,"mRunTime":0,"mStartTime":73800000,"mTimeUnit":600000,"mWalkTime":88711,"runStep":0,"walkStep":133},{"distance":154.93,"mCalorie":8.3,"mOthersTime":0,"mRunTime":0,"mStartTime":74400000,"mTimeUnit":600000,"mWalkTime":132036,"runStep":0,"walkStep":207},{"distance":30.09,"mCalorie":1.54,"mOthersTime":0,"mRunTime":0,"mStartTime":75000000,"mTimeUnit":600000,"mWalkTime":27347,"runStep":0,"walkStep":41},{"distance":134.42,"mCalorie":7.2200003,"mOthersTime":0,"mRunTime":0,"mStartTime":76800000,"mTimeUnit":600000,"mWalkTime":122061,"runStep":0,"walkStep":183},{"distance":39.77,"mCalorie":2.05,"mOthersTime":0,"mRunTime":0,"mStartTime":77400000,"mTimeUnit":600000,"mWalkTime":36685,"runStep":0,"walkStep":55},{"distance":62.0,"mCalorie":3.07,"mOthersTime":0,"mRunTime":0,"mStartTime":78000000,"mTimeUnit":600000,"mWalkTime":55361,"runStep":0,"walkStep":83},{"distance":22.0,"mCalorie":1.1,"mOthersTime":0,"mRunTime":400,"mStartTime":78600000,"mTimeUnit":600000,"mWalkTime":17342,"runStep":1,"walkStep":26}],"version":1}