{"mActivityList":[{"mActiveTime":735974,"mActiveTimeType":2,"mCalorie":87.0,"mCategory":204,"mDetailInfoId":"1dcac32b-736d-35a6-07c3-00d232886c9b","mDistance":0.0,"mDuration":735974,"mEndTime":56253500,"mStartTime":55517526,"mType":0}],"mAdaptiveGoal":0,"mIsGoalAchieved":false,"mIsMostActiveAchieved":false,"mMostActiveMinutes":0,"mStreakDayCount":0,"mUnitDataList":[{"distance":26.07,"mCalorie":1.48,"mOthersTime":0,"mRunTime":2400,"mStartTime":3000000,"mTimeUnit":600000,"mWalkTime":15341,"runStep":6,"walkStep":23},{"distance":7.33,"mCalorie":0.4,"mOthersTime":0,"mRunTime":0,"mStartTime":4200000,"mTimeUnit":600000,"mWalkTime":6670,"runStep":0,"walkStep":10},{"distance":8.79,"mCalorie":0.36,"mOthersTime":0,"mRunTime":0,"mStartTime":11400000,"mTimeUnit":600000,"mWalkTime":7337,"runStep":0,"walkStep":11},{"distance":7.38,"mCalorie":0.34,"mOthersTime":0,"mRunTime":0,"mStartTime":13200000,"mTimeUnit":600000,"mWalkTime":6670,"runStep":0,"walkStep":10},{"distance":15.68,"mCalorie":0.84,"mOthersTime":0,"mRunTime":0,"mStartTime":13800000,"mTimeUnit":600000,"mWalkTime":14007,"runStep":0,"walkStep":21},{"distance":20.99,"mCalorie":1.29,"mOthersTime":0,"mRunTime":400,"mStartTime":24000000,"mTimeUnit":600000,"mWalkTime":15341,"runStep":1,"walkStep":23},{"distance":74.3,"mCalorie":3.9,"mOthersTime":0,"mRunTime":0,"mStartTime":24600000,"mTimeUnit":600000,"mWalkTime":68701,"runStep":0,"walkStep":103},{"distance":66.0,"mCalorie":3.38,"mOthersTime":0,"mRunTime":0,"mStartTime":25200000,"mTimeUnit":600000,"mWalkTime":68701,"runStep":0,"walkStep":103},{"distance":240.11002,"mCalorie":11.26,"mOthersTime":0,"mRunTime":0,"mStartTime":25800000,"mTimeUnit":600000,"mWalkTime":206073,"runStep":0,"walkStep":324},{"distance":26.62,"mCalorie":1.36,"mOthersTime":0,"mRunTime":0,"mStartTime":26400000,"mTimeUnit":600000,"mWalkTime":24679,"runStep":0,"walkStep":37},{"distance":101.93001,"mCalorie":5.2200003,"mOthersTime":0,"mRunTime":2400,"mStartTime":27600000,"mTimeUnit":600000,"mWalkTime":84042,"runStep":6,"walkStep":126},{"distance":278.24,"mCalorie":12.839999,"mOthersTime":0,"mRunTime":0,"mStartTime":28200000,"mTimeUnit":600000,"mWalkTime":238059,"runStep":0,"walkStep":379},{"distance":26.650002,"mCalorie":1.4300001,"mOthersTime":0,"mRunTime":0,"mStartTime":28800000,"mTimeUnit":600000,"mWalkTime":24679,"runStep":0,"walkStep":37},{"distance":35.699997,"mCalorie":1.75,"mOthersTime":0,"mRunTime":0,"mStartTime":29400000,"mTimeUnit":600000,"mWalkTime":33350,"runStep":0,"walkStep":50},{"distance":16.689999,"mCalorie":0.94,"mOthersTime":0,"mRunTime":0,"mStartTime":30000000,"mTimeUnit":600000,"mWalkTime":16008,"runStep":0,"walkStep":24},{"distance":127.270004,"mCalorie":6.58,"mOthersTime":0,"mRunTime":2800,"mStartTime":30600000,"mTimeUnit":600000,"mWalkTime":107387,"runStep":7,"walkStep":161},{"distance":29.96,"mCalorie":1.45,"mOthersTime":0,"mRunTime":0,"mStartTime":31800000,"mTimeUnit":600000,"mWalkTime":25346,"runStep":0,"walkStep":38},{"distance":20.44,"mCalorie":1.0699999,"mOthersTime":0,"mRunTime":0,"mStartTime":33600000,"mTimeUnit":600000,"mWalkTime":18676,"runStep":0,"walkStep":28},{"distance":55.520004,"mCalorie":2.74,"mOthersTime":0,"mRunTime":0,"mStartTime":34800000,"mTimeUnit":600000,"mWalkTime":50025,"runStep":0,"walkStep":75},{"distance":6.89,"mCalorie":0.38,"mOthersTime":0,"mRunTime":0,"mStartTime":36600000,"mTimeUnit":600000,"mWalkTime":6670,"runStep":0,"walkStep":10},{"distance":35.93,"mCalorie":2.1,"mOthersTime":0,"mRunTime":4400,"mStartTime":37200000,"mTimeUnit":600000,"mWalkTime":20010,"runStep":11,"walkStep":30},{"distance":65.26,"mCalorie":3.3899999,"mOthersTime":0,"mRunTime":0,"mStartTime":37800000,"mTimeUnit":600000,"mWalkTime":59363,"runStep":0,"walkStep":89},{"distance":26.489998,"mCalorie":1.3300002,"mOthersTime":0,"mRunTime":0,"mStartTime":38400000,"mTimeUnit":600000,"mWalkTime":24012,"runStep":0,"walkStep":36},{"distance":94.64,"mCalorie":5.5,"mOthersTime":0,"mRunTime":0,"mStartTime":39600000,"mTimeUnit":600000,"mWalkTime":96048,"runStep":0,"walkStep":144},{"distance":74.35,"mCalorie":3.96,"mOthersTime":0,"mRunTime":1600,"mStartTime":40200000,"mTimeUnit":600000,"mWalkTime":62698,"runStep":4,"walkStep":94},{"distance":31.66,"mCalorie":1.7099999,"mOthersTime":0,"mRunTime":0,"mStartTime":40800000,"mTimeUnit":600000,"mWalkTime":28681,"runStep":0,"walkStep":43},{"distance":15.85,"mCalorie":0.74,"mOthersTime":0,"mRunTime":0,"mStartTime":41400000,"mTimeUnit":600000,"mWalkTime":14007,"runStep":0,"walkStep":21},{"distance":8.77,"mCalorie":0.45,"mOthersTime":0,"mRunTime":0,"mStartTime":42000000,"mTimeUnit":600000,"mWalkTime":8004,"runStep":0,"walkStep":12},{"distance":15.79,"mCalorie":0.72,"mOthersTime":0,"mRunTime":0,"mStartTime":42600000,"mTimeUnit":600000,"mWalkTime":14674,"runStep":0,"walkStep":22},{"distance":132.5,"mCalorie":6.56,"mOthersTime":0,"mRunTime":0,"mStartTime":43200000,"mTimeUnit":600000,"mWalkTime":121394,"runStep":0,"walkStep":182},{"distance":44.97,"mCalorie":2.08,"mOthersTime":0,"mRunTime":0,"mStartTime":43800000,"mTimeUnit":600000,"mWalkTime":40687,"runStep":0,"walkStep":61},{"distance":302.84,"mCalorie":14.549999,"mOthersTime":0,"mRunTime":0,"mStartTime":44400000,"mTimeUnit":600000,"mWalkTime":259403,"runStep":0,"walkStep":410},{"distance":26.29,"mCalorie":1.29,"mOthersTime":0,"mRunTime":0,"mStartTime":46200000,"mTimeUnit":600000,"mWalkTime":24012,"runStep":0,"walkStep":36},{"distance":219.15,"mCalorie":10.13,"mOthersTime":0,"mRunTime":0,"mStartTime":46800000,"mTimeUnit":600000,"mWalkTime":193430,"runStep":0,"walkStep":290},{"distance":56.480003,"mCalorie":2.6399999,"mOthersTime":0,"mRunTime":0,"mStartTime":47400000,"mTimeUnit":600000,"mWalkTime":50692,"runStep":0,"walkStep":76},{"distance":82.76,"mCalorie":4.06,"mOthersTime":0,"mRunTime":0,"mStartTime":48000000,"mTimeUnit":600000,"mWalkTime":74037,"runStep":0,"walkStep":111},{"distance":41.58,"mCalorie":2.03,"mOthersTime":0,"mRunTime":0,"mStartTime":48600000,"mTimeUnit":600000,"mWalkTime":36018,"runStep":0,"walkStep":54},{"distance":22.75,"mCalorie":1.01,"mOthersTime":0,"mRunTime":0,"mStartTime":49800000,"mTimeUnit":600000,"mWalkTime":20010,"runStep":0,"walkStep":30},{"distance":34.18,"mCalorie":1.77,"mOthersTime":0,"mRunTime":0,"mStartTime":51600000,"mTimeUnit":600000,"mWalkTime":32016,"runStep":0,"walkStep":48},{"distance":8.67,"mCalorie":0.36,"mOthersTime":0,"mRunTime":0,"mStartTime":52200000,"mTimeUnit":600000,"mWalkTime":7337,"runStep":0,"walkStep":11},{"distance":37.0,"mCalorie":1.7900001,"mOthersTime":0,"mRunTime":0,"mStartTime":53400000,"mTimeUnit":600000,"mWalkTime":33350,"runStep":0,"walkStep":50},{"distance":178.21002,"mCalorie":9.39,"mOthersTime":0,"mRunTime":1200,"mStartTime":54600000,"mTimeUnit":600000,"mWalkTime":166750,"runStep":3,"walkStep":250},{"distance":212.30095,"mCalorie":44.16063,"mOthersTime":282474,"mRunTime":0,"mStartTime":55200000,"mTimeUnit":600000,"mWalkTime":184848,"runStep":0,"walkStep":457},{"distance":45.553665,"mCalorie":55.75688,"mOthersTime":453500,"mRunTime":0,"mStartTime":55800000,"mTimeUnit":600000,"mWalkTime":40247,"runStep":10,"walkStep":232},{"distance":312.25,"mCalorie":16.06,"mOthersTime":0,"mRunTime":3200,"mStartTime":56400000,"mTimeUnit":600000,"mWalkTime":274137,"runStep":8,"walkStep":411},{"distance":208.611,"mCalorie":10.089999,"mOthersTime":0,"mRunTime":400,"mStartTime":57000000,"mTimeUnit":600000,"mWalkTime":182091,"runStep":1,"walkStep":273},{"distance":52.66,"mCalorie":2.52,"mOthersTime":0,"mRunTime":0,"mStartTime":57600000,"mTimeUnit":600000,"mWalkTime":47357,"runStep":0,"walkStep":71},{"distance":15.030001,"mCalorie":0.72,"mOthersTime":0,"mRunTime":0,"mStartTime":58200000,"mTimeUnit":600000,"mWalkTime":13340,"runStep":0,"walkStep":20},{"distance":18.89,"mCalorie":0.73,"mOthersTime":0,"mRunTime":0,"mStartTime":59400000,"mTimeUnit":600000,"mWalkTime":16008,"runStep":0,"walkStep":24},{"distance":4.58,"mCalorie":0.21,"mOthersTime":0,"mRunTime":0,"mStartTime":60000000,"mTimeUnit":600000,"mWalkTime":4002,"runStep":0,"walkStep":6},{"distance":9.49,"mCalorie":0.53,"mOthersTime":0,"mRunTime":0,"mStartTime":61200000,"mTimeUnit":600000,"mWalkTime":9338,"runStep":0,"walkStep":14},{"distance":7.45,"mCalorie":0.43,"mOthersTime":0,"mRunTime":0,"mStartTime":61800000,"mTimeUnit":600000,"mWalkTime":7337,"runStep":0,"walkStep":11},{"distance":13.44,"mCalorie":0.68,"mOthersTime":0,"mRunTime":0,"mStartTime":62400000,"mTimeUnit":600000,"mWalkTime":12673,"runStep":0,"walkStep":19},{"distance":14.2,"mCalorie":0.8,"mOthersTime":0,"mRunTime":0,"mStartTime":63600000,"mTimeUnit":600000,"mWalkTime":13340,"runStep":0,"walkStep":20},{"distance":8.131,"mCalorie":0.48,"mOthersTime":0,"mRunTime":0,"mStartTime":64200000,"mTimeUnit":600000,"mWalkTime":8004,"runStep":0,"walkStep":12},{"distance":154.449,"mCalorie":7.94,"mOthersTime":0,"mRunTime":6800,"mStartTime":66600000,"mTimeUnit":600000,"mWalkTime":122728,"runStep":17,"walkStep":184},{"distance":105.94,"mCalorie":5.19,"mOthersTime":0,"mRunTime":1200,"mStartTime":67800000,"mTimeUnit":600000,"mWalkTime":92713,"runStep":3,"walkStep":139},{"distance":8.46,"mCalorie":0.34,"mOthersTime":0,"mRunTime":0,"mStartTime":70200000,"mTimeUnit":600000,"mWalkTime":7337,"runStep":0,"walkStep":11},{"distance":94.22,"mCalorie":4.8199997,"mOthersTime":0,"mRunTime":0,"mStartTime":70800000,"mTimeUnit":600000,"mWalkTime":85376,"runStep":0,"walkStep":128},{"distance":101.14,"mCalorie":5.0699997,"mOthersTime":0,"mRunTime":0,"mStartTime":71400000,"mTimeUnit":600000,"mWalkTime":92713,"runStep":0,"walkStep":139},{"distance":152.45001,"mCalorie":7.46,"mOthersTime":0,"mRunTime":0,"mStartTime":72000000,"mTimeUnit":600000,"mWalkTime":137402,"runStep":0,"walkStep":206},{"distance":37.08,"mCalorie":1.86,"mOthersTime":0,"mRunTime":0,"mStartTime":72600000,"mTimeUnit":600000,"mWalkTime":34017,"runStep":0,"walkStep":51},{"distance":5.05,"mCalorie":0.26,"mOthersTime":0,"mRunTime":0,"mStartTime":76800000,"mTimeUnit":600000,"mWalkTime":4669,"runStep":0,"walkStep":7},{"distance":39.8,"mCalorie":2.1,"mOthersTime":0,"mRunTime":0,"mStartTime":77400000,"mTimeUnit":600000,"mWalkTime":37352,"runStep":0,"walkStep":56},{"distance":54.57,"mCalorie":3.3999999,"mOthersTime":0,"mRunTime":5600,"mStartTime":79800000,"mTimeUnit":600000,"mWalkTime":31349,"runStep":14,"walkStep":47},{"distance":28.699001,"mCalorie":1.44,"mOthersTime":0,"mRunTime":0,"mStartTime":80400000,"mTimeUnit":600000,"mWalkTime":26013,"runStep":0,"walkStep":39}],"version":1}