{"mAdaptiveGoal":0,"mIsGoalAchieved":false,"mIsMostActiveAchieved":false,"mMostActiveMinutes":0,"mStreakDayCount":0,"mUnitDataList":[{"distance":9.32,"mCalorie":0.44,"mOthersTime":0,"mRunTime":0,"mStartTime":4200000,"mTimeUnit":600000,"mWalkTime":8004,"runStep":0,"walkStep":12},{"distance":12.96,"mCalorie":0.85,"mOthersTime":0,"mRunTime":1200,"mStartTime":19800000,"mTimeUnit":600000,"mWalkTime":10005,"runStep":3,"walkStep":15},{"distance":59.489998,"mCalorie":3.19,"mOthersTime":0,"mRunTime":1200,"mStartTime":21000000,"mTimeUnit":600000,"mWalkTime":46023,"runStep":3,"walkStep":69},{"distance":30.34,"mCalorie":1.84,"mOthersTime":0,"mRunTime":5200,"mStartTime":21600000,"mTimeUnit":600000,"mWalkTime":15341,"runStep":13,"walkStep":23},{"distance":6.96,"mCalorie":0.46,"mOthersTime":0,"mRunTime":0,"mStartTime":22200000,"mTimeUnit":600000,"mWalkTime":6670,"runStep":0,"walkStep":10},{"distance":16.21,"mCalorie":0.84,"mOthersTime":0,"mRunTime":0,"mStartTime":22800000,"mTimeUnit":600000,"mWalkTime":15341,"runStep":0,"walkStep":23},{"distance":8.8,"mCalorie":0.44,"mOthersTime":0,"mRunTime":0,"mStartTime":25200000,"mTimeUnit":600000,"mWalkTime":8004,"runStep":0,"walkStep":12},{"distance":42.27,"mCalorie":2.08,"mOthersTime":0,"mRunTime":0,"mStartTime":29400000,"mTimeUnit":600000,"mWalkTime":37352,"runStep":0,"walkStep":56},{"distance":41.26,"mCalorie":1.8499999,"mOthersTime":0,"mRunTime":0,"mStartTime":36000000,"mTimeUnit":600000,"mWalkTime":34684,"runStep":0,"walkStep":52},{"distance":14.41,"mCalorie":0.65,"mOthersTime":0,"mRunTime":0,"mStartTime":37200000,"mTimeUnit":600000,"mWalkTime":12006,"runStep":0,"walkStep":18},{"distance":9.51,"mCalorie":0.4,"mOthersTime":0,"mRunTime":0,"mStartTime":37800000,"mTimeUnit":600000,"mWalkTime":8671,"runStep":0,"walkStep":13},{"distance":20.84,"mCalorie":1.2,"mOthersTime":0,"mRunTime":800,"mStartTime":39600000,"mTimeUnit":600000,"mWalkTime":16675,"runStep":2,"walkStep":25},{"distance":14.57,"mCalorie":0.81,"mOthersTime":0,"mRunTime":400,"mStartTime":40200000,"mTimeUnit":600000,"mWalkTime":11339,"runStep":1,"walkStep":17},{"distance":27.619999,"mCalorie":1.24,"mOthersTime":0,"mRunTime":0,"mStartTime":40800000,"mTimeUnit":600000,"mWalkTime":24679,"runStep":0,"walkStep":37},{"distance":23.01,"mCalorie":1.21,"mOthersTime":0,"mRunTime":0,"mStartTime":41400000,"mTimeUnit":600000,"mWalkTime":21344,"runStep":0,"walkStep":32},{"distance":21.73,"mCalorie":1.19,"mOthersTime":0,"mRunTime":0,"mStartTime":42000000,"mTimeUnit":600000,"mWalkTime":18676,"runStep":0,"walkStep":28},{"distance":55.87,"mCalorie":2.9,"mOthersTime":0,"mRunTime":400,"mStartTime":42600000,"mTimeUnit":600000,"mWalkTime":49358,"runStep":1,"walkStep":74},{"distance":30.199999,"mCalorie":1.53,"mOthersTime":0,"mRunTime":0,"mStartTime":43200000,"mTimeUnit":600000,"mWalkTime":27347,"runStep":0,"walkStep":41},{"distance":17.43,"mCalorie":1.01,"mOthersTime":0,"mRunTime":0,"mStartTime":44400000,"mTimeUnit":600000,"mWalkTime":16675,"runStep":0,"walkStep":25},{"distance":31.23,"mCalorie":1.57,"mOthersTime":0,"mRunTime":0,"mStartTime":47400000,"mTimeUnit":600000,"mWalkTime":28681,"runStep":0,"walkStep":43},{"distance":7.51,"mCalorie":0.43,"mOthersTime":0,"mRunTime":0,"mStartTime":48000000,"mTimeUnit":600000,"mWalkTime":6670,"runStep":0,"walkStep":10},{"distance":6.85,"mCalorie":0.46,"mOthersTime":0,"mRunTime":0,"mStartTime":49200000,"mTimeUnit":600000,"mWalkTime":6670,"runStep":0,"walkStep":10},{"distance":17.65,"mCalorie":0.86,"mOthersTime":0,"mRunTime":0,"mStartTime":49800000,"mTimeUnit":600000,"mWalkTime":16008,"runStep":0,"walkStep":24},{"distance":23.640001,"mCalorie":1.18,"mOthersTime":0,"mRunTime":0,"mStartTime":50400000,"mTimeUnit":600000,"mWalkTime":22011,"runStep":0,"walkStep":33},{"distance":27.68,"mCalorie":1.35,"mOthersTime":0,"mRunTime":0,"mStartTime":51000000,"mTimeUnit":600000,"mWalkTime":24679,"runStep":0,"walkStep":37},{"distance":55.640003,"mCalorie":2.55,"mOthersTime":0,"mRunTime":800,"mStartTime":52200000,"mTimeUnit":600000,"mWalkTime":47357,"runStep":2,"walkStep":71},{"distance":38.309998,"mCalorie":1.9300001,"mOthersTime":0,"mRunTime":0,"mStartTime":52800000,"mTimeUnit":600000,"mWalkTime":36685,"runStep":0,"walkStep":55},{"distance":36.63,"mCalorie":1.68,"mOthersTime":0,"mRunTime":0,"mStartTime":53400000,"mTimeUnit":600000,"mWalkTime":32683,"runStep":0,"walkStep":49},{"distance":8.13,"mCalorie":0.56,"mOthersTime":0,"mRunTime":0,"mStartTime":54000000,"mTimeUnit":600000,"mWalkTime":8004,"runStep":0,"walkStep":12},{"distance":178.94,"mCalorie":9.58,"mOthersTime":0,"mRunTime":0,"mStartTime":54600000,"mTimeUnit":600000,"mWalkTime":143345,"runStep":0,"walkStep":245},{"distance":449.44003,"mCalorie":20.849998,"mOthersTime":0,"mRunTime":0,"mStartTime":55200000,"mTimeUnit":600000,"mWalkTime":374734,"runStep":0,"walkStep":604},{"distance":216.68001,"mCalorie":10.83,"mOthersTime":0,"mRunTime":0,"mStartTime":55800000,"mTimeUnit":600000,"mWalkTime":184729,"runStep":0,"walkStep":301},{"distance":58.54,"mCalorie":5.1,"mOthersTime":0,"mRunTime":0,"mStartTime":56400000,"mTimeUnit":600000,"mWalkTime":66700,"runStep":0,"walkStep":100},{"distance":24.66,"mCalorie":1.1,"mOthersTime":0,"mRunTime":0,"mStartTime":58800000,"mTimeUnit":600000,"mWalkTime":22011,"runStep":0,"walkStep":33},{"distance":122.54,"mCalorie":6.39,"mOthersTime":0,"mRunTime":0,"mStartTime":59400000,"mTimeUnit":600000,"mWalkTime":130065,"runStep":0,"walkStep":195},{"distance":24.03,"mCalorie":1.43,"mOthersTime":0,"mRunTime":2000,"mStartTime":60000000,"mTimeUnit":600000,"mWalkTime":17342,"runStep":5,"walkStep":26},{"distance":22.27,"mCalorie":1.15,"mOthersTime":0,"mRunTime":0,"mStartTime":61200000,"mTimeUnit":600000,"mWalkTime":20677,"runStep":0,"walkStep":31},{"distance":11.66,"mCalorie":0.73,"mOthersTime":0,"mRunTime":1200,"mStartTime":61800000,"mTimeUnit":600000,"mWalkTime":6670,"runStep":3,"walkStep":10},{"distance":12.79,"mCalorie":0.57,"mOthersTime":0,"mRunTime":0,"mStartTime":63000000,"mTimeUnit":600000,"mWalkTime":10672,"runStep":0,"walkStep":16},{"distance":21.880001,"mCalorie":1.22,"mOthersTime":0,"mRunTime":0,"mStartTime":63600000,"mTimeUnit":600000,"mWalkTime":20010,"runStep":0,"walkStep":30},{"distance":14.72,"mCalorie":0.69,"mOthersTime":0,"mRunTime":0,"mStartTime":64800000,"mTimeUnit":600000,"mWalkTime":13340,"runStep":0,"walkStep":20},{"distance":9.0,"mCalorie":0.47,"mOthersTime":0,"mRunTime":0,"mStartTime":69000000,"mTimeUnit":600000,"mWalkTime":8671,"runStep":0,"walkStep":13},{"distance":19.47,"mCalorie":1.24,"mOthersTime":0,"mRunTime":0,"mStartTime":70800000,"mTimeUnit":600000,"mWalkTime":17342,"runStep":0,"walkStep":26},{"distance":19.279999,"mCalorie":1.01,"mOthersTime":0,"mRunTime":800,"mStartTime":71400000,"mTimeUnit":600000,"mWalkTime":16008,"runStep":2,"walkStep":24},{"distance":82.729996,"mCalorie":4.0199995,"mOthersTime":0,"mRunTime":2400,"mStartTime":72000000,"mTimeUnit":600000,"mWalkTime":71369,"runStep":6,"walkStep":107},{"distance":19.57,"mCalorie":1.01,"mOthersTime":0,"mRunTime":0,"mStartTime":72600000,"mTimeUnit":600000,"mWalkTime":18009,"runStep":0,"walkStep":27},{"distance":94.86001,"mCalorie":4.9900002,"mOthersTime":0,"mRunTime":2000,"mStartTime":73200000,"mTimeUnit":600000,"mWalkTime":80707,"runStep":5,"walkStep":121},{"distance":31.93,"mCalorie":1.5799999,"mOthersTime":0,"mRunTime":0,"mStartTime":73800000,"mTimeUnit":600000,"mWalkTime":30015,"runStep":0,"walkStep":45},{"distance":25.42,"mCalorie":1.35,"mOthersTime":0,"mRunTime":2400,"mStartTime":77400000,"mTimeUnit":600000,"mWalkTime":16675,"runStep":6,"walkStep":25},{"distance":11.88,"mCalorie":0.64,"mOthersTime":0,"mRunTime":0,"mStartTime":78000000,"mTimeUnit":600000,"mWalkTime":11339,"runStep":0,"walkStep":17},{"distance":22.7,"mCalorie":1.1,"mOthersTime":0,"mRunTime":0,"mStartTime":79200000,"mTimeUnit":600000,"mWalkTime":20010,"runStep":0,"walkStep":30},{"distance":35.66,"mCalorie":1.7,"mOthersTime":0,"mRunTime":0,"mStartTime":79800000,"mTimeUnit":600000,"mWalkTime":31349,"runStep":0,"walkStep":47},{"distance":12.76,"mCalorie":0.65,"mOthersTime":0,"mRunTime":0,"mStartTime":81600000,"mTimeUnit":600000,"mWalkTime":11339,"runStep":0,"walkStep":17},{"distance":58.55,"mCalorie":3.2,"mOthersTime":0,"mRunTime":4400,"mStartTime":82200000,"mTimeUnit":600000,"mWalkTime":39353,"runStep":11,"walkStep":59},{"distance":78.85,"mCalorie":3.93,"mOthersTime":0,"mRunTime":2400,"mStartTime":82800000,"mTimeUnit":600000,"mWalkTime":67367,"runStep":6,"walkStep":101}],"version":1}