{"mActivityList":[{"mActiveTime":690021,"mActiveTimeType":2,"mCalorie":67.0,"mCategory":204,"mDetailInfoId":"59f76716-18fa-93a8-b53f-b53414a30982","mDistance":0.0,"mDuration":690021,"mEndTime":61031829,"mStartTime":60341808,"mType":0},{"mActiveTime":741401,"mActiveTimeType":2,"mCalorie":89.0,"mCategory":204,"mDetailInfoId":"d1697262-56f0-59f9-443a-95c58fafbd94","mDistance":0.0,"mDuration":741401,"mEndTime":69933904,"mStartTime":69192503,"mType":0}],"mAdaptiveGoal":0,"mIsGoalAchieved":false,"mIsMostActiveAchieved":false,"mMostActiveMinutes":0,"mStreakDayCount":0,"mUnitDataList":[{"distance":19.23,"mCalorie":0.83,"mOthersTime":0,"mRunTime":0,"mStartTime":18600000,"mTimeUnit":600000,"mWalkTime":16008,"runStep":0,"walkStep":24},{"distance":7.772,"mCalorie":0.5,"mOthersTime":0,"mRunTime":0,"mStartTime":21000000,"mTimeUnit":600000,"mWalkTime":7337,"runStep":0,"walkStep":11},{"distance":31.76,"mCalorie":1.35,"mOthersTime":0,"mRunTime":0,"mStartTime":30000000,"mTimeUnit":600000,"mWalkTime":27347,"runStep":0,"walkStep":41},{"distance":24.91,"mCalorie":1.27,"mOthersTime":0,"mRunTime":0,"mStartTime":30600000,"mTimeUnit":600000,"mWalkTime":23345,"runStep":0,"walkStep":35},{"distance":8.76,"mCalorie":0.43,"mOthersTime":0,"mRunTime":0,"mStartTime":31200000,"mTimeUnit":600000,"mWalkTime":8004,"runStep":0,"walkStep":12},{"distance":57.949997,"mCalorie":2.8399997,"mOthersTime":0,"mRunTime":0,"mStartTime":31800000,"mTimeUnit":600000,"mWalkTime":53360,"runStep":0,"walkStep":80},{"distance":39.54,"mCalorie":1.99,"mOthersTime":0,"mRunTime":0,"mStartTime":32400000,"mTimeUnit":600000,"mWalkTime":36018,"runStep":0,"walkStep":54},{"distance":63.8,"mCalorie":3.25,"mOthersTime":0,"mRunTime":0,"mStartTime":33000000,"mTimeUnit":600000,"mWalkTime":57362,"runStep":0,"walkStep":86},{"distance":34.789,"mCalorie":1.6899999,"mOthersTime":0,"mRunTime":0,"mStartTime":33600000,"mTimeUnit":600000,"mWalkTime":31349,"runStep":0,"walkStep":47},{"distance":320.261,"mCalorie":15.429999,"mOthersTime":0,"mRunTime":0,"mStartTime":34200000,"mTimeUnit":600000,"mWalkTime":279413,"runStep":0,"walkStep":436},{"distance":83.5,"mCalorie":4.79,"mOthersTime":0,"mRunTime":0,"mStartTime":34800000,"mTimeUnit":600000,"mWalkTime":64002,"runStep":0,"walkStep":115},{"distance":66.29,"mCalorie":3.1599998,"mOthersTime":0,"mRunTime":0,"mStartTime":35400000,"mTimeUnit":600000,"mWalkTime":60030,"runStep":0,"walkStep":90},{"distance":44.93,"mCalorie":2.03,"mOthersTime":0,"mRunTime":0,"mStartTime":37800000,"mTimeUnit":600000,"mWalkTime":39353,"runStep":0,"walkStep":59},{"distance":9.52,"mCalorie":0.39,"mOthersTime":0,"mRunTime":0,"mStartTime":39000000,"mTimeUnit":600000,"mWalkTime":6670,"runStep":0,"walkStep":10},{"distance":11.49,"mCalorie":0.58,"mOthersTime":0,"mRunTime":0,"mStartTime":40200000,"mTimeUnit":600000,"mWalkTime":10672,"runStep":0,"walkStep":16},{"distance":136.34999,"mCalorie":7.04,"mOthersTime":0,"mRunTime":400,"mStartTime":40800000,"mTimeUnit":600000,"mWalkTime":120727,"runStep":1,"walkStep":181},{"distance":275.13202,"mCalorie":14.969999,"mOthersTime":0,"mRunTime":0,"mStartTime":41400000,"mTimeUnit":600000,"mWalkTime":252793,"runStep":0,"walkStep":379},{"distance":34.77,"mCalorie":1.8,"mOthersTime":0,"mRunTime":0,"mStartTime":42000000,"mTimeUnit":600000,"mWalkTime":32016,"runStep":0,"walkStep":48},{"distance":7.0,"mCalorie":0.44,"mOthersTime":0,"mRunTime":0,"mStartTime":43200000,"mTimeUnit":600000,"mWalkTime":6670,"runStep":0,"walkStep":10},{"distance":8.14,"mCalorie":0.47,"mOthersTime":0,"mRunTime":0,"mStartTime":43800000,"mTimeUnit":600000,"mWalkTime":8004,"runStep":0,"walkStep":12},{"distance":16.97,"mCalorie":0.91999996,"mOthersTime":0,"mRunTime":400,"mStartTime":44400000,"mTimeUnit":600000,"mWalkTime":14007,"runStep":1,"walkStep":21},{"distance":87.751,"mCalorie":4.25,"mOthersTime":0,"mRunTime":0,"mStartTime":45600000,"mTimeUnit":600000,"mWalkTime":79373,"runStep":0,"walkStep":119},{"distance":221.32101,"mCalorie":12.919999,"mOthersTime":0,"mRunTime":0,"mStartTime":46200000,"mTimeUnit":600000,"mWalkTime":219443,"runStep":0,"walkStep":329},{"distance":362.97,"mCalorie":18.95,"mOthersTime":0,"mRunTime":0,"mStartTime":46800000,"mTimeUnit":600000,"mWalkTime":319463,"runStep":0,"walkStep":497},{"distance":307.23,"mCalorie":15.88,"mOthersTime":0,"mRunTime":0,"mStartTime":47400000,"mTimeUnit":600000,"mWalkTime":275471,"runStep":0,"walkStep":413},{"distance":35.190002,"mCalorie":1.76,"mOthersTime":0,"mRunTime":0,"mStartTime":48000000,"mTimeUnit":600000,"mWalkTime":32016,"runStep":0,"walkStep":48},{"distance":54.621002,"mCalorie":2.81,"mOthersTime":0,"mRunTime":1200,"mStartTime":49200000,"mTimeUnit":600000,"mWalkTime":48024,"runStep":3,"walkStep":72},{"distance":268.0,"mCalorie":15.360001,"mOthersTime":0,"mRunTime":0,"mStartTime":49800000,"mTimeUnit":600000,"mWalkTime":251459,"runStep":0,"walkStep":377},{"distance":77.399994,"mCalorie":3.8799999,"mOthersTime":0,"mRunTime":400,"mStartTime":50400000,"mTimeUnit":600000,"mWalkTime":67367,"runStep":1,"walkStep":101},{"distance":254.30798,"mCalorie":12.38,"mOthersTime":0,"mRunTime":0,"mStartTime":51000000,"mTimeUnit":600000,"mWalkTime":204709,"runStep":0,"walkStep":342},{"distance":106.001,"mCalorie":4.7599998,"mOthersTime":0,"mRunTime":1200,"mStartTime":51600000,"mTimeUnit":600000,"mWalkTime":86710,"runStep":3,"walkStep":130},{"distance":56.651,"mCalorie":2.84,"mOthersTime":0,"mRunTime":0,"mStartTime":52200000,"mTimeUnit":600000,"mWalkTime":52693,"runStep":0,"walkStep":79},{"distance":14.71,"mCalorie":0.94,"mOthersTime":0,"mRunTime":0,"mStartTime":52800000,"mTimeUnit":600000,"mWalkTime":14007,"runStep":0,"walkStep":21},{"distance":23.128,"mCalorie":1.03,"mOthersTime":0,"mRunTime":0,"mStartTime":53400000,"mTimeUnit":600000,"mWalkTime":20010,"runStep":0,"walkStep":30},{"distance":192.711,"mCalorie":9.510001,"mOthersTime":0,"mRunTime":0,"mStartTime":54000000,"mTimeUnit":600000,"mWalkTime":176088,"runStep":0,"walkStep":264},{"distance":95.968,"mCalorie":4.63,"mOthersTime":0,"mRunTime":0,"mStartTime":54600000,"mTimeUnit":600000,"mWalkTime":86710,"runStep":0,"walkStep":130},{"distance":10.171,"mCalorie":0.59,"mOthersTime":0,"mRunTime":0,"mStartTime":55200000,"mTimeUnit":600000,"mWalkTime":10005,"runStep":0,"walkStep":15},{"distance":97.15,"mCalorie":4.65,"mOthersTime":0,"mRunTime":0,"mStartTime":55800000,"mTimeUnit":600000,"mWalkTime":88044,"runStep":0,"walkStep":132},{"distance":28.48,"mCalorie":1.4399999,"mOthersTime":0,"mRunTime":0,"mStartTime":57000000,"mTimeUnit":600000,"mWalkTime":26013,"runStep":0,"walkStep":39},{"distance":35.64,"mCalorie":1.69,"mOthersTime":0,"mRunTime":0,"mStartTime":57600000,"mTimeUnit":600000,"mWalkTime":32016,"runStep":0,"walkStep":48},{"distance":35.66,"mCalorie":2.29,"mOthersTime":0,"mRunTime":1200,"mStartTime":58200000,"mTimeUnit":600000,"mWalkTime":27347,"runStep":3,"walkStep":41},{"distance":31.33,"mCalorie":1.51,"mOthersTime":0,"mRunTime":0,"mStartTime":58800000,"mTimeUnit":600000,"mWalkTime":28681,"runStep":0,"walkStep":43},{"distance":153.09799,"mCalorie":7.799999,"mOthersTime":0,"mRunTime":4400,"mStartTime":59400000,"mTimeUnit":600000,"mWalkTime":122728,"runStep":11,"walkStep":184},{"distance":93.47326,"mCalorie":29.78872,"mOthersTime":258192,"mRunTime":0,"mStartTime":60000000,"mTimeUnit":600000,"mWalkTime":83797,"runStep":0,"walkStep":143},{"distance":45.870647,"mCalorie":43.917,"mOthersTime":431829,"mRunTime":0,"mStartTime":60600000,"mTimeUnit":600000,"mWalkTime":39109,"runStep":12,"walkStep":203},{"distance":60.199997,"mCalorie":3.31,"mOthersTime":0,"mRunTime":0,"mStartTime":61200000,"mTimeUnit":600000,"mWalkTime":53360,"runStep":0,"walkStep":80},{"distance":21.68,"mCalorie":0.97,"mOthersTime":0,"mRunTime":0,"mStartTime":61800000,"mTimeUnit":600000,"mWalkTime":18676,"runStep":0,"walkStep":28},{"distance":118.467995,"mCalorie":5.410001,"mOthersTime":0,"mRunTime":400,"mStartTime":62400000,"mTimeUnit":600000,"mWalkTime":99383,"runStep":1,"walkStep":149},{"distance":77.639,"mCalorie":3.72,"mOthersTime":0,"mRunTime":0,"mStartTime":63000000,"mTimeUnit":600000,"mWalkTime":70035,"runStep":0,"walkStep":105},{"distance":21.68,"mCalorie":1.1500001,"mOthersTime":0,"mRunTime":0,"mStartTime":63600000,"mTimeUnit":600000,"mWalkTime":20010,"runStep":0,"walkStep":30},{"distance":93.859,"mCalorie":4.35,"mOthersTime":0,"mRunTime":0,"mStartTime":64200000,"mTimeUnit":600000,"mWalkTime":86043,"runStep":0,"walkStep":129},{"distance":134.94,"mCalorie":6.8,"mOthersTime":0,"mRunTime":400,"mStartTime":64800000,"mTimeUnit":600000,"mWalkTime":116725,"runStep":1,"walkStep":175},{"distance":159.87401,"mCalorie":7.5499997,"mOthersTime":0,"mRunTime":0,"mStartTime":65400000,"mTimeUnit":600000,"mWalkTime":143405,"runStep":0,"walkStep":215},{"distance":133.46,"mCalorie":6.5,"mOthersTime":0,"mRunTime":400,"mStartTime":66000000,"mTimeUnit":600000,"mWalkTime":117392,"runStep":1,"walkStep":176},{"distance":272.478,"mCalorie":13.240999,"mOthersTime":0,"mRunTime":400,"mStartTime":66600000,"mTimeUnit":600000,"mWalkTime":238089,"runStep":1,"walkStep":366},{"distance":7.48,"mCalorie":0.43,"mOthersTime":0,"mRunTime":0,"mStartTime":67200000,"mTimeUnit":600000,"mWalkTime":7337,"runStep":0,"walkStep":11},{"distance":87.99,"mCalorie":4.27,"mOthersTime":0,"mRunTime":0,"mStartTime":67800000,"mTimeUnit":600000,"mWalkTime":77372,"runStep":0,"walkStep":116},{"distance":297.28,"mCalorie":15.820002,"mOthersTime":0,"mRunTime":0,"mStartTime":68400000,"mTimeUnit":600000,"mWalkTime":276108,"runStep":0,"walkStep":417},{"distance":56.302948,"mCalorie":51.630936,"mOthersTime":407497,"mRunTime":0,"mStartTime":69000000,"mTimeUnit":600000,"mWalkTime":51025,"runStep":18,"walkStep":207},{"distance":0.0,"mCalorie":40.08284,"mOthersTime":333904,"mRunTime":0,"mStartTime":69600000,"mTimeUnit":600000,"mWalkTime":0,"runStep":13,"walkStep":77},{"distance":8.64,"mCalorie":0.42,"mOthersTime":0,"mRunTime":0,"mStartTime":70200000,"mTimeUnit":600000,"mWalkTime":7337,"runStep":0,"walkStep":11},{"distance":23.14,"mCalorie":1.08,"mOthersTime":0,"mRunTime":0,"mStartTime":71400000,"mTimeUnit":600000,"mWalkTime":21344,"runStep":0,"walkStep":32},{"distance":8.31,"mCalorie":0.36,"mOthersTime":0,"mRunTime":0,"mStartTime":73800000,"mTimeUnit":600000,"mWalkTime":7337,"runStep":0,"walkStep":11},{"distance":58.559998,"mCalorie":2.959,"mOthersTime":0,"mRunTime":0,"mStartTime":74400000,"mTimeUnit":600000,"mWalkTime":53360,"runStep":0,"walkStep":80},{"distance":60.918,"mCalorie":2.81,"mOthersTime":0,"mRunTime":1200,"mStartTime":75000000,"mTimeUnit":600000,"mWalkTime":50025,"runStep":3,"walkStep":75},{"distance":24.07,"mCalorie":1.2,"mOthersTime":0,"mRunTime":0,"mStartTime":75600000,"mTimeUnit":600000,"mWalkTime":22011,"runStep":0,"walkStep":33}],"version":1}