{"mAdaptiveGoal":0,"mIsGoalAchieved":false,"mIsMostActiveAchieved":false,"mMostActiveMinutes":0,"mStreakDayCount":0,"mUnitDataList":[{"distance":10.43,"mCalorie":0.48,"mOthersTime":0,"mRunTime":0,"mStartTime":600000,"mTimeUnit":600000,"mWalkTime":9338,"runStep":0,"walkStep":14},{"distance":7.389,"mCalorie":0.48,"mOthersTime":0,"mRunTime":400,"mStartTime":6600000,"mTimeUnit":600000,"mWalkTime":4669,"runStep":1,"walkStep":7},{"distance":8.59,"mCalorie":0.64,"mOthersTime":0,"mRunTime":0,"mStartTime":7200000,"mTimeUnit":600000,"mWalkTime":6670,"runStep":0,"walkStep":10},{"distance":8.66,"mCalorie":0.37,"mOthersTime":0,"mRunTime":0,"mStartTime":13800000,"mTimeUnit":600000,"mWalkTime":8004,"runStep":0,"walkStep":12},{"distance":6.91,"mCalorie":0.43,"mOthersTime":0,"mRunTime":0,"mStartTime":14400000,"mTimeUnit":600000,"mWalkTime":6670,"runStep":0,"walkStep":10},{"distance":42.519,"mCalorie":1.95,"mOthersTime":0,"mRunTime":0,"mStartTime":16800000,"mTimeUnit":600000,"mWalkTime":34684,"runStep":0,"walkStep":52},{"distance":8.78,"mCalorie":0.36,"mOthersTime":0,"mRunTime":0,"mStartTime":18000000,"mTimeUnit":600000,"mWalkTime":7337,"runStep":0,"walkStep":11},{"distance":9.62,"mCalorie":0.64,"mOthersTime":0,"mRunTime":0,"mStartTime":26400000,"mTimeUnit":600000,"mWalkTime":6670,"runStep":0,"walkStep":10},{"distance":50.139,"mCalorie":2.1799998,"mOthersTime":0,"mRunTime":0,"mStartTime":31800000,"mTimeUnit":600000,"mWalkTime":42021,"runStep":0,"walkStep":63},{"distance":51.8,"mCalorie":2.51,"mOthersTime":0,"mRunTime":0,"mStartTime":32400000,"mTimeUnit":600000,"mWalkTime":45356,"runStep":0,"walkStep":68},{"distance":31.591,"mCalorie":1.45,"mOthersTime":0,"mRunTime":400,"mStartTime":33600000,"mTimeUnit":600000,"mWalkTime":25346,"runStep":1,"walkStep":38},{"distance":149.7,"mCalorie":7.3,"mOthersTime":0,"mRunTime":0,"mStartTime":34200000,"mTimeUnit":600000,"mWalkTime":134734,"runStep":0,"walkStep":202},{"distance":69.740005,"mCalorie":3.52,"mOthersTime":0,"mRunTime":0,"mStartTime":34800000,"mTimeUnit":600000,"mWalkTime":64032,"runStep":0,"walkStep":96},{"distance":15.43,"mCalorie":0.82,"mOthersTime":0,"mRunTime":0,"mStartTime":36000000,"mTimeUnit":600000,"mWalkTime":14674,"runStep":0,"walkStep":22},{"distance":21.95,"mCalorie":1.14,"mOthersTime":0,"mRunTime":0,"mStartTime":36600000,"mTimeUnit":600000,"mWalkTime":20010,"runStep":0,"walkStep":30},{"distance":35.59,"mCalorie":1.7299999,"mOthersTime":0,"mRunTime":0,"mStartTime":37200000,"mTimeUnit":600000,"mWalkTime":32016,"runStep":0,"walkStep":48},{"distance":77.92,"mCalorie":3.8999999,"mOthersTime":0,"mRunTime":400,"mStartTime":37800000,"mTimeUnit":600000,"mWalkTime":67367,"runStep":1,"walkStep":101},{"distance":26.39,"mCalorie":1.26,"mOthersTime":0,"mRunTime":0,"mStartTime":38400000,"mTimeUnit":600000,"mWalkTime":23345,"runStep":0,"walkStep":35},{"distance":387.36,"mCalorie":20.050001,"mOthersTime":0,"mRunTime":0,"mStartTime":40200000,"mTimeUnit":600000,"mWalkTime":319433,"runStep":0,"walkStep":535},{"distance":174.32,"mCalorie":8.88,"mOthersTime":0,"mRunTime":0,"mStartTime":40800000,"mTimeUnit":600000,"mWalkTime":153380,"runStep":0,"walkStep":234},{"distance":7.45,"mCalorie":0.44,"mOthersTime":0,"mRunTime":0,"mStartTime":41400000,"mTimeUnit":600000,"mWalkTime":7337,"runStep":0,"walkStep":11},{"distance":153.84,"mCalorie":7.7200003,"mOthersTime":0,"mRunTime":1600,"mStartTime":44400000,"mTimeUnit":600000,"mWalkTime":132733,"runStep":4,"walkStep":199},{"distance":231.82999,"mCalorie":11.11,"mOthersTime":0,"mRunTime":0,"mStartTime":45000000,"mTimeUnit":600000,"mWalkTime":193370,"runStep":0,"walkStep":307},{"distance":533.76,"mCalorie":25.74,"mOthersTime":0,"mRunTime":0,"mStartTime":45600000,"mTimeUnit":600000,"mWalkTime":454137,"runStep":0,"walkStep":715},{"distance":160.25002,"mCalorie":8.059999,"mOthersTime":0,"mRunTime":400,"mStartTime":46200000,"mTimeUnit":600000,"mWalkTime":146073,"runStep":1,"walkStep":219},{"distance":84.579994,"mCalorie":4.6499996,"mOthersTime":0,"mRunTime":400,"mStartTime":47400000,"mTimeUnit":600000,"mWalkTime":76705,"runStep":1,"walkStep":115},{"distance":55.64,"mCalorie":2.77,"mOthersTime":0,"mRunTime":0,"mStartTime":48000000,"mTimeUnit":600000,"mWalkTime":51359,"runStep":0,"walkStep":77},{"distance":14.16,"mCalorie":0.72,"mOthersTime":0,"mRunTime":0,"mStartTime":49800000,"mTimeUnit":600000,"mWalkTime":12673,"runStep":0,"walkStep":19},{"distance":160.66,"mCalorie":8.48,"mOthersTime":0,"mRunTime":0,"mStartTime":50400000,"mTimeUnit":600000,"mWalkTime":155411,"runStep":0,"walkStep":233},{"distance":207.70001,"mCalorie":10.49,"mOthersTime":0,"mRunTime":0,"mStartTime":51000000,"mTimeUnit":600000,"mWalkTime":186093,"runStep":0,"walkStep":279},{"distance":43.07,"mCalorie":2.2,"mOthersTime":0,"mRunTime":0,"mStartTime":51600000,"mTimeUnit":600000,"mWalkTime":38019,"runStep":0,"walkStep":57},{"distance":82.96001,"mCalorie":5.35,"mOthersTime":0,"mRunTime":0,"mStartTime":52200000,"mTimeUnit":600000,"mWalkTime":79373,"runStep":0,"walkStep":119},{"distance":214.06999,"mCalorie":11.150001,"mOthersTime":0,"mRunTime":1200,"mStartTime":52800000,"mTimeUnit":600000,"mWalkTime":189428,"runStep":3,"walkStep":284},{"distance":176.5,"mCalorie":8.36,"mOthersTime":0,"mRunTime":0,"mStartTime":53400000,"mTimeUnit":600000,"mWalkTime":140677,"runStep":0,"walkStep":233},{"distance":137.38,"mCalorie":6.75,"mOthersTime":0,"mRunTime":0,"mStartTime":54000000,"mTimeUnit":600000,"mWalkTime":124729,"runStep":0,"walkStep":187},{"distance":82.88,"mCalorie":4.6000004,"mOthersTime":0,"mRunTime":6400,"mStartTime":54600000,"mTimeUnit":600000,"mWalkTime":56695,"runStep":16,"walkStep":85},{"distance":33.84,"mCalorie":1.6100001,"mOthersTime":0,"mRunTime":400,"mStartTime":55200000,"mTimeUnit":600000,"mWalkTime":26013,"runStep":1,"walkStep":39},{"distance":33.59,"mCalorie":1.93,"mOthersTime":0,"mRunTime":0,"mStartTime":55800000,"mTimeUnit":600000,"mWalkTime":31349,"runStep":0,"walkStep":47},{"distance":51.98,"mCalorie":2.56,"mOthersTime":0,"mRunTime":0,"mStartTime":56400000,"mTimeUnit":600000,"mWalkTime":46690,"runStep":0,"walkStep":70},{"distance":34.68,"mCalorie":1.74,"mOthersTime":0,"mRunTime":0,"mStartTime":57000000,"mTimeUnit":600000,"mWalkTime":31349,"runStep":0,"walkStep":47},{"distance":21.509998,"mCalorie":1.1,"mOthersTime":0,"mRunTime":0,"mStartTime":57600000,"mTimeUnit":600000,"mWalkTime":20010,"runStep":0,"walkStep":30},{"distance":33.48,"mCalorie":1.73,"mOthersTime":0,"mRunTime":400,"mStartTime":58200000,"mTimeUnit":600000,"mWalkTime":26013,"runStep":1,"walkStep":39},{"distance":59.98,"mCalorie":2.8399997,"mOthersTime":0,"mRunTime":0,"mStartTime":58800000,"mTimeUnit":600000,"mWalkTime":52026,"runStep":0,"walkStep":78},{"distance":42.86,"mCalorie":2.15,"mOthersTime":0,"mRunTime":1200,"mStartTime":59400000,"mTimeUnit":600000,"mWalkTime":37352,"runStep":3,"walkStep":56},{"distance":87.31,"mCalorie":4.49,"mOthersTime":0,"mRunTime":4000,"mStartTime":60000000,"mTimeUnit":600000,"mWalkTime":68701,"runStep":10,"walkStep":103},{"distance":62.489998,"mCalorie":3.27,"mOthersTime":0,"mRunTime":0,"mStartTime":60600000,"mTimeUnit":600000,"mWalkTime":57362,"runStep":0,"walkStep":86},{"distance":113.829994,"mCalorie":5.7500005,"mOthersTime":0,"mRunTime":0,"mStartTime":61200000,"mTimeUnit":600000,"mWalkTime":99383,"runStep":0,"walkStep":149},{"distance":143.29001,"mCalorie":6.67,"mOthersTime":0,"mRunTime":0,"mStartTime":61800000,"mTimeUnit":600000,"mWalkTime":126730,"runStep":0,"walkStep":190},{"distance":167.02,"mCalorie":7.3499994,"mOthersTime":0,"mRunTime":0,"mStartTime":62400000,"mTimeUnit":600000,"mWalkTime":128701,"runStep":0,"walkStep":217},{"distance":36.87,"mCalorie":1.86,"mOthersTime":0,"mRunTime":0,"mStartTime":63000000,"mTimeUnit":600000,"mWalkTime":33350,"runStep":0,"walkStep":50},{"distance":111.850006,"mCalorie":5.85,"mOthersTime":0,"mRunTime":1600,"mStartTime":63600000,"mTimeUnit":600000,"mWalkTime":94714,"runStep":4,"walkStep":142},{"distance":11.23,"mCalorie":0.56,"mOthersTime":0,"mRunTime":0,"mStartTime":64800000,"mTimeUnit":600000,"mWalkTime":10005,"runStep":0,"walkStep":15},{"distance":30.189999,"mCalorie":1.52,"mOthersTime":0,"mRunTime":0,"mStartTime":65400000,"mTimeUnit":600000,"mWalkTime":27347,"runStep":0,"walkStep":41},{"distance":12.97,"mCalorie":0.6,"mOthersTime":0,"mRunTime":0,"mStartTime":66000000,"mTimeUnit":600000,"mWalkTime":12006,"runStep":0,"walkStep":18},{"distance":9.64,"mCalorie":0.4,"mOthersTime":0,"mRunTime":0,"mStartTime":68400000,"mTimeUnit":600000,"mWalkTime":8004,"runStep":0,"walkStep":12},{"distance":32.051003,"mCalorie":1.76,"mOthersTime":0,"mRunTime":0,"mStartTime":69000000,"mTimeUnit":600000,"mWalkTime":30015,"runStep":0,"walkStep":45},{"distance":26.369999,"mCalorie":1.21,"mOthersTime":0,"mRunTime":0,"mStartTime":70200000,"mTimeUnit":600000,"mWalkTime":23345,"runStep":0,"walkStep":35},{"distance":25.15,"mCalorie":1.25,"mOthersTime":0,"mRunTime":0,"mStartTime":71400000,"mTimeUnit":600000,"mWalkTime":22678,"runStep":0,"walkStep":34},{"distance":4.25,"mCalorie":0.22,"mOthersTime":0,"mRunTime":0,"mStartTime":72000000,"mTimeUnit":600000,"mWalkTime":4002,"runStep":0,"walkStep":6},{"distance":12.82,"mCalorie":0.67999995,"mOthersTime":0,"mRunTime":0,"mStartTime":73200000,"mTimeUnit":600000,"mWalkTime":12006,"runStep":0,"walkStep":18},{"distance":8.47,"mCalorie":0.43,"mOthersTime":0,"mRunTime":0,"mStartTime":75600000,"mTimeUnit":600000,"mWalkTime":8004,"runStep":0,"walkStep":12},{"distance":18.779999,"mCalorie":0.91,"mOthersTime":0,"mRunTime":0,"mStartTime":76200000,"mTimeUnit":600000,"mWalkTime":16675,"runStep":0,"walkStep":25},{"distance":37.190002,"mCalorie":1.7800001,"mOthersTime":0,"mRunTime":0,"mStartTime":76800000,"mTimeUnit":600000,"mWalkTime":33350,"runStep":0,"walkStep":50},{"distance":8.81,"mCalorie":0.49,"mOthersTime":0,"mRunTime":0,"mStartTime":81000000,"mTimeUnit":600000,"mWalkTime":8671,"runStep":0,"walkStep":13},{"distance":40.16,"mCalorie":2.02,"mOthersTime":0,"mRunTime":0,"mStartTime":81600000,"mTimeUnit":600000,"mWalkTime":34684,"runStep":0,"walkStep":52},{"distance":22.63,"mCalorie":1.27,"mOthersTime":0,"mRunTime":4000,"mStartTime":82800000,"mTimeUnit":600000,"mWalkTime":8004,"runStep":10,"walkStep":12}],"version":1}