{"mActivityList":[{"mActiveTime":897578,"mActiveTimeType":2,"mCalorie":117.0,"mCategory":204,"mDetailInfoId":"e7a5d2cc-38a3-5a61-74c9-3d01a21ced71","mDistance":0.0,"mDuration":897578,"mEndTime":36323325,"mStartTime":35425747,"mType":0}],"mAdaptiveGoal":0,"mIsGoalAchieved":false,"mIsMostActiveAchieved":false,"mMostActiveMinutes":0,"mStreakDayCount":0,"mUnitDataList":[{"distance":17.78,"mCalorie":1.16,"mOthersTime":0,"mRunTime":4000,"mStartTime":4800000,"mTimeUnit":600000,"mWalkTime":6670,"runStep":10,"walkStep":10},{"distance":7.51,"mCalorie":0.39,"mOthersTime":0,"mRunTime":0,"mStartTime":12000000,"mTimeUnit":600000,"mWalkTime":6670,"runStep":0,"walkStep":10},{"distance":9.34,"mCalorie":0.59,"mOthersTime":0,"mRunTime":0,"mStartTime":16800000,"mTimeUnit":600000,"mWalkTime":6670,"runStep":0,"walkStep":10},{"distance":15.55,"mCalorie":0.89,"mOthersTime":0,"mRunTime":2400,"mStartTime":17400000,"mTimeUnit":600000,"mWalkTime":8004,"runStep":6,"walkStep":12},{"distance":9.4,"mCalorie":0.5,"mOthersTime":0,"mRunTime":0,"mStartTime":24000000,"mTimeUnit":600000,"mWalkTime":8671,"runStep":0,"walkStep":13},{"distance":27.760002,"mCalorie":1.24,"mOthersTime":0,"mRunTime":0,"mStartTime":24600000,"mTimeUnit":600000,"mWalkTime":23345,"runStep":0,"walkStep":35},{"distance":28.26,"mCalorie":1.6,"mOthersTime":0,"mRunTime":0,"mStartTime":25200000,"mTimeUnit":600000,"mWalkTime":27347,"runStep":0,"walkStep":41},{"distance":40.85,"mCalorie":2.21,"mOthersTime":0,"mRunTime":0,"mStartTime":27000000,"mTimeUnit":600000,"mWalkTime":38686,"runStep":0,"walkStep":58},{"distance":41.699997,"mCalorie":2.26,"mOthersTime":0,"mRunTime":0,"mStartTime":28200000,"mTimeUnit":600000,"mWalkTime":38019,"runStep":0,"walkStep":57},{"distance":27.08,"mCalorie":1.48,"mOthersTime":0,"mRunTime":0,"mStartTime":30000000,"mTimeUnit":600000,"mWalkTime":26013,"runStep":0,"walkStep":39},{"distance":27.4,"mCalorie":1.1899999,"mOthersTime":0,"mRunTime":0,"mStartTime":30600000,"mTimeUnit":600000,"mWalkTime":24679,"runStep":0,"walkStep":37},{"distance":44.2,"mCalorie":2.1,"mOthersTime":0,"mRunTime":0,"mStartTime":33600000,"mTimeUnit":600000,"mWalkTime":38686,"runStep":0,"walkStep":58},{"distance":473.74,"mCalorie":22.93,"mOthersTime":0,"mRunTime":7200,"mStartTime":34200000,"mTimeUnit":600000,"mWalkTime":373460,"runStep":18,"walkStep":599},{"distance":225.191,"mCalorie":11.379999,"mOthersTime":0,"mRunTime":4000,"mStartTime":34800000,"mTimeUnit":600000,"mWalkTime":192096,"runStep":10,"walkStep":288},{"distance":8.655283,"mCalorie":75.27057,"mOthersTime":574253,"mRunTime":0,"mStartTime":35400000,"mTimeUnit":600000,"mWalkTime":7727,"runStep":0,"walkStep":332},{"distance":42.57,"mCalorie":44.605667,"mOthersTime":323325,"mRunTime":2400,"mStartTime":36000000,"mTimeUnit":600000,"mWalkTime":31349,"runStep":6,"walkStep":195},{"distance":226.50002,"mCalorie":10.9,"mOthersTime":0,"mRunTime":400,"mStartTime":36600000,"mTimeUnit":600000,"mWalkTime":202768,"runStep":1,"walkStep":304},{"distance":315.58002,"mCalorie":17.08,"mOthersTime":0,"mRunTime":0,"mStartTime":37200000,"mTimeUnit":600000,"mWalkTime":296148,"runStep":0,"walkStep":444},{"distance":36.77,"mCalorie":1.98,"mOthersTime":0,"mRunTime":0,"mStartTime":37800000,"mTimeUnit":600000,"mWalkTime":34017,"runStep":0,"walkStep":51},{"distance":124.03001,"mCalorie":6.85,"mOthersTime":0,"mRunTime":4400,"mStartTime":38400000,"mTimeUnit":600000,"mWalkTime":105386,"runStep":11,"walkStep":158},{"distance":281.13,"mCalorie":14.58,"mOthersTime":0,"mRunTime":4400,"mStartTime":39000000,"mTimeUnit":600000,"mWalkTime":245456,"runStep":11,"walkStep":368},{"distance":212.05,"mCalorie":10.82,"mOthersTime":0,"mRunTime":0,"mStartTime":39600000,"mTimeUnit":600000,"mWalkTime":193430,"runStep":0,"walkStep":290},{"distance":5.92,"mCalorie":0.29,"mOthersTime":0,"mRunTime":0,"mStartTime":40200000,"mTimeUnit":600000,"mWalkTime":5336,"runStep":0,"walkStep":8},{"distance":10.2,"mCalorie":0.48,"mOthersTime":0,"mRunTime":0,"mStartTime":44400000,"mTimeUnit":600000,"mWalkTime":9338,"runStep":0,"walkStep":14},{"distance":7.59,"mCalorie":0.44,"mOthersTime":0,"mRunTime":0,"mStartTime":45000000,"mTimeUnit":600000,"mWalkTime":7337,"runStep":0,"walkStep":11},{"distance":10.7,"mCalorie":0.52,"mOthersTime":0,"mRunTime":0,"mStartTime":45600000,"mTimeUnit":600000,"mWalkTime":10005,"runStep":0,"walkStep":15},{"distance":44.07,"mCalorie":2.44,"mOthersTime":0,"mRunTime":0,"mStartTime":46200000,"mTimeUnit":600000,"mWalkTime":37352,"runStep":0,"walkStep":56},{"distance":105.91,"mCalorie":5.5299997,"mOthersTime":0,"mRunTime":0,"mStartTime":46800000,"mTimeUnit":600000,"mWalkTime":105356,"runStep":0,"walkStep":160},{"distance":159.37999,"mCalorie":8.16,"mOthersTime":0,"mRunTime":0,"mStartTime":48000000,"mTimeUnit":600000,"mWalkTime":138009,"runStep":0,"walkStep":216},{"distance":304.56,"mCalorie":16.12,"mOthersTime":0,"mRunTime":0,"mStartTime":48600000,"mTimeUnit":600000,"mWalkTime":269408,"runStep":0,"walkStep":417},{"distance":29.66,"mCalorie":1.54,"mOthersTime":0,"mRunTime":0,"mStartTime":49200000,"mTimeUnit":600000,"mWalkTime":27347,"runStep":0,"walkStep":41},{"distance":7.13,"mCalorie":0.41,"mOthersTime":0,"mRunTime":0,"mStartTime":49800000,"mTimeUnit":600000,"mWalkTime":6670,"runStep":0,"walkStep":10},{"distance":261.25003,"mCalorie":13.849999,"mOthersTime":0,"mRunTime":0,"mStartTime":51000000,"mTimeUnit":600000,"mWalkTime":222718,"runStep":0,"walkStep":352},{"distance":95.53,"mCalorie":5.17,"mOthersTime":0,"mRunTime":0,"mStartTime":51600000,"mTimeUnit":600000,"mWalkTime":86013,"runStep":0,"walkStep":131},{"distance":92.361,"mCalorie":4.7000003,"mOthersTime":0,"mRunTime":0,"mStartTime":52200000,"mTimeUnit":600000,"mWalkTime":73340,"runStep":0,"walkStep":124},{"distance":125.609,"mCalorie":6.6299996,"mOthersTime":0,"mRunTime":0,"mStartTime":52800000,"mTimeUnit":600000,"mWalkTime":114694,"runStep":0,"walkStep":172},{"distance":103.87,"mCalorie":5.29,"mOthersTime":0,"mRunTime":1600,"mStartTime":53400000,"mTimeUnit":600000,"mWalkTime":75341,"runStep":4,"walkStep":123},{"distance":381.67902,"mCalorie":18.890001,"mOthersTime":0,"mRunTime":0,"mStartTime":54000000,"mTimeUnit":600000,"mWalkTime":315371,"runStep":0,"walkStep":524},{"distance":19.609999,"mCalorie":0.87999994,"mOthersTime":0,"mRunTime":0,"mStartTime":57000000,"mTimeUnit":600000,"mWalkTime":17342,"runStep":0,"walkStep":26},{"distance":300.38,"mCalorie":15.7699995,"mOthersTime":0,"mRunTime":0,"mStartTime":57600000,"mTimeUnit":600000,"mWalkTime":246700,"runStep":0,"walkStep":414},{"distance":172.70999,"mCalorie":8.289999,"mOthersTime":0,"mRunTime":0,"mStartTime":59400000,"mTimeUnit":600000,"mWalkTime":146710,"runStep":0,"walkStep":227},{"distance":238.06998,"mCalorie":11.8099985,"mOthersTime":0,"mRunTime":0,"mStartTime":60000000,"mTimeUnit":600000,"mWalkTime":195401,"runStep":0,"walkStep":314},{"distance":91.920006,"mCalorie":4.41,"mOthersTime":0,"mRunTime":0,"mStartTime":60600000,"mTimeUnit":600000,"mWalkTime":82041,"runStep":0,"walkStep":123},{"distance":7.19,"mCalorie":0.39,"mOthersTime":0,"mRunTime":0,"mStartTime":61200000,"mTimeUnit":600000,"mWalkTime":6670,"runStep":0,"walkStep":10},{"distance":148.66998,"mCalorie":7.819997,"mOthersTime":0,"mRunTime":0,"mStartTime":62400000,"mTimeUnit":600000,"mWalkTime":125366,"runStep":0,"walkStep":201},{"distance":105.64,"mCalorie":5.23,"mOthersTime":0,"mRunTime":0,"mStartTime":63000000,"mTimeUnit":600000,"mWalkTime":79343,"runStep":0,"walkStep":140},{"distance":94.309,"mCalorie":4.76,"mOthersTime":0,"mRunTime":0,"mStartTime":63600000,"mTimeUnit":600000,"mWalkTime":86043,"runStep":0,"walkStep":129},{"distance":60.829998,"mCalorie":3.2399998,"mOthersTime":0,"mRunTime":2800,"mStartTime":67800000,"mTimeUnit":600000,"mWalkTime":43355,"runStep":7,"walkStep":65},{"distance":18.98,"mCalorie":1.03,"mOthersTime":0,"mRunTime":0,"mStartTime":68400000,"mTimeUnit":600000,"mWalkTime":18009,"runStep":0,"walkStep":27},{"distance":31.12,"mCalorie":1.65,"mOthersTime":0,"mRunTime":0,"mStartTime":69600000,"mTimeUnit":600000,"mWalkTime":29348,"runStep":0,"walkStep":44},{"distance":21.48,"mCalorie":1.03,"mOthersTime":0,"mRunTime":800,"mStartTime":70200000,"mTimeUnit":600000,"mWalkTime":16008,"runStep":2,"walkStep":24},{"distance":75.60901,"mCalorie":3.97,"mOthersTime":0,"mRunTime":4000,"mStartTime":81000000,"mTimeUnit":600000,"mWalkTime":56028,"runStep":10,"walkStep":84},{"distance":9.78,"mCalorie":0.58,"mOthersTime":0,"mRunTime":0,"mStartTime":81600000,"mTimeUnit":600000,"mWalkTime":9338,"runStep":0,"walkStep":14}],"version":1}