{"mActivityList":[{"mActiveTime":1849647,"mActiveTimeType":0,"mCalorie":166.0,"mCategory":204,"mDetailInfoId":"04518781-73be-ec66-f55a-ac5859b22196","mDistance":2432.975,"mDuration":1849647,"mEndTime":34745528,"mStartTime":32895881,"mType":1001},{"mActiveTime":1359920,"mActiveTimeType":0,"mCalorie":187.0,"mCategory":204,"mDetailInfoId":"c06c8169-183a-bfde-3618-c4d22583cc38","mDistance":1594.489,"mDuration":1359920,"mEndTime":37345024,"mStartTime":35985104,"mType":1001},{"mActiveTime":654240,"mActiveTimeType":2,"mCalorie":68.64,"mCategory":204,"mDetailInfoId":"861e9a29-f33e-d1d1-ebc0-bb1370fd278f","mDistance":0.0,"mDuration":654240,"mEndTime":65506522,"mStartTime":64852282,"mType":11007}],"mAdaptiveGoal":0,"mIsGoalAchieved":true,"mIsMostActiveAchieved":true,"mMostActiveMinutes":124,"mStreakDayCount":0,"mUnitDataList":[{"distance":36.690002,"mCalorie":1.97,"mOthersTime":0,"mRunTime":800,"mStartTime":29400000,"mTimeUnit":600000,"mWalkTime":30682,"runStep":2,"walkStep":46},{"distance":6.86,"mCalorie":0.36,"mOthersTime":0,"mRunTime":0,"mStartTime":30600000,"mTimeUnit":600000,"mWalkTime":6670,"runStep":0,"walkStep":10},{"distance":39.690002,"mCalorie":2.08,"mOthersTime":0,"mRunTime":0,"mStartTime":31800000,"mTimeUnit":600000,"mWalkTime":36018,"runStep":0,"walkStep":54},{"distance":220.9396,"mCalorie":13.550768,"mOthersTime":0,"mRunTime":0,"mStartTime":32400000,"mTimeUnit":600000,"mWalkTime":180469,"runStep":0,"walkStep":270},{"distance":789.2236,"mCalorie":53.84811,"mOthersTime":0,"mRunTime":0,"mStartTime":33000000,"mTimeUnit":600000,"mWalkTime":600000,"runStep":0,"walkStep":1093},{"distance":789.2236,"mCalorie":53.84811,"mOthersTime":0,"mRunTime":0,"mStartTime":33600000,"mTimeUnit":600000,"mWalkTime":600000,"runStep":0,"walkStep":1105},{"distance":717.5726,"mCalorie":48.95942,"mOthersTime":0,"mRunTime":0,"mStartTime":34200000,"mTimeUnit":600000,"mWalkTime":545528,"runStep":0,"walkStep":911},{"distance":17.73,"mCalorie":0.91999996,"mOthersTime":0,"mRunTime":0,"mStartTime":34800000,"mTimeUnit":600000,"mWalkTime":16675,"runStep":0,"walkStep":25},{"distance":95.605385,"mCalorie":6.083785,"mOthersTime":0,"mRunTime":0,"mStartTime":35400000,"mTimeUnit":600000,"mWalkTime":86982,"runStep":0,"walkStep":119},{"distance":703.49243,"mCalorie":82.50485,"mOthersTime":0,"mRunTime":0,"mStartTime":36000000,"mTimeUnit":600000,"mWalkTime":600000,"runStep":0,"walkStep":950},{"distance":703.49243,"mCalorie":82.50485,"mOthersTime":0,"mRunTime":0,"mStartTime":36600000,"mTimeUnit":600000,"mWalkTime":600000,"runStep":0,"walkStep":1043},{"distance":216.7688,"mCalorie":22.371971,"mOthersTime":0,"mRunTime":0,"mStartTime":37200000,"mTimeUnit":600000,"mWalkTime":187712,"runStep":0,"walkStep":260},{"distance":40.480003,"mCalorie":1.9300001,"mOthersTime":0,"mRunTime":0,"mStartTime":39600000,"mTimeUnit":600000,"mWalkTime":36018,"runStep":0,"walkStep":54},{"distance":18.11,"mCalorie":0.89,"mOthersTime":0,"mRunTime":0,"mStartTime":40200000,"mTimeUnit":600000,"mWalkTime":16675,"runStep":0,"walkStep":25},{"distance":29.64,"mCalorie":1.53,"mOthersTime":0,"mRunTime":0,"mStartTime":40800000,"mTimeUnit":600000,"mWalkTime":27347,"runStep":0,"walkStep":41},{"distance":95.21001,"mCalorie":4.8190002,"mOthersTime":0,"mRunTime":0,"mStartTime":41400000,"mTimeUnit":600000,"mWalkTime":89378,"runStep":0,"walkStep":134},{"distance":128.59,"mCalorie":6.43,"mOthersTime":0,"mRunTime":0,"mStartTime":42000000,"mTimeUnit":600000,"mWalkTime":118059,"runStep":0,"walkStep":177},{"distance":293.739,"mCalorie":14.09,"mOthersTime":0,"mRunTime":4000,"mStartTime":42600000,"mTimeUnit":600000,"mWalkTime":248761,"runStep":10,"walkStep":383},{"distance":75.86099,"mCalorie":3.6299999,"mOthersTime":0,"mRunTime":0,"mStartTime":43200000,"mTimeUnit":600000,"mWalkTime":68034,"runStep":0,"walkStep":102},{"distance":154.76,"mCalorie":8.540999,"mOthersTime":0,"mRunTime":5200,"mStartTime":43800000,"mTimeUnit":600000,"mWalkTime":132733,"runStep":13,"walkStep":199},{"distance":12.95,"mCalorie":0.6,"mOthersTime":0,"mRunTime":0,"mStartTime":44400000,"mTimeUnit":600000,"mWalkTime":11339,"runStep":0,"walkStep":17},{"distance":126.87799,"mCalorie":6.27,"mOthersTime":0,"mRunTime":0,"mStartTime":45600000,"mTimeUnit":600000,"mWalkTime":114724,"runStep":0,"walkStep":172},{"distance":6.78,"mCalorie":0.4,"mOthersTime":0,"mRunTime":0,"mStartTime":47400000,"mTimeUnit":600000,"mWalkTime":6670,"runStep":0,"walkStep":10},{"distance":7.23,"mCalorie":0.39,"mOthersTime":0,"mRunTime":0,"mStartTime":48000000,"mTimeUnit":600000,"mWalkTime":6670,"runStep":0,"walkStep":10},{"distance":5.46,"mCalorie":0.25,"mOthersTime":0,"mRunTime":0,"mStartTime":49200000,"mTimeUnit":600000,"mWalkTime":4669,"runStep":0,"walkStep":7},{"distance":5.25,"mCalorie":0.21,"mOthersTime":0,"mRunTime":0,"mStartTime":49800000,"mTimeUnit":600000,"mWalkTime":4002,"runStep":0,"walkStep":6},{"distance":17.4,"mCalorie":0.90000004,"mOthersTime":0,"mRunTime":0,"mStartTime":50400000,"mTimeUnit":600000,"mWalkTime":16008,"runStep":0,"walkStep":24},{"distance":68.68,"mCalorie":3.6200001,"mOthersTime":0,"mRunTime":0,"mStartTime":51000000,"mTimeUnit":600000,"mWalkTime":60697,"runStep":0,"walkStep":91},{"distance":54.238,"mCalorie":2.6399999,"mOthersTime":0,"mRunTime":400,"mStartTime":51600000,"mTimeUnit":600000,"mWalkTime":46023,"runStep":1,"walkStep":69},{"distance":29.7,"mCalorie":1.49,"mOthersTime":0,"mRunTime":0,"mStartTime":52200000,"mTimeUnit":600000,"mWalkTime":27347,"runStep":0,"walkStep":41},{"distance":51.021004,"mCalorie":2.46,"mOthersTime":0,"mRunTime":0,"mStartTime":52800000,"mTimeUnit":600000,"mWalkTime":48024,"runStep":0,"walkStep":72},{"distance":235.64,"mCalorie":11.780001,"mOthersTime":0,"mRunTime":0,"mStartTime":53400000,"mTimeUnit":600000,"mWalkTime":213440,"runStep":0,"walkStep":320},{"distance":192.43001,"mCalorie":9.62,"mOthersTime":0,"mRunTime":0,"mStartTime":54000000,"mTimeUnit":600000,"mWalkTime":173420,"runStep":0,"walkStep":260},{"distance":67.913,"mCalorie":3.2,"mOthersTime":0,"mRunTime":0,"mStartTime":54600000,"mTimeUnit":600000,"mWalkTime":62031,"runStep":0,"walkStep":93},{"distance":139.83,"mCalorie":8.09,"mOthersTime":0,"mRunTime":4400,"mStartTime":55200000,"mTimeUnit":600000,"mWalkTime":117392,"runStep":11,"walkStep":176},{"distance":39.41,"mCalorie":1.9599999,"mOthersTime":0,"mRunTime":0,"mStartTime":56400000,"mTimeUnit":600000,"mWalkTime":36685,"runStep":0,"walkStep":55},{"distance":7.8,"mCalorie":0.32,"mOthersTime":0,"mRunTime":0,"mStartTime":60600000,"mTimeUnit":600000,"mWalkTime":6670,"runStep":0,"walkStep":10},{"distance":15.54,"mCalorie":0.72,"mOthersTime":0,"mRunTime":0,"mStartTime":62400000,"mTimeUnit":600000,"mWalkTime":14007,"runStep":0,"walkStep":21},{"distance":8.264,"mCalorie":0.641,"mOthersTime":0,"mRunTime":1200,"mStartTime":63000000,"mTimeUnit":600000,"mWalkTime":6670,"runStep":3,"walkStep":10},{"distance":56.249996,"mCalorie":2.6100001,"mOthersTime":0,"mRunTime":0,"mStartTime":64200000,"mTimeUnit":600000,"mWalkTime":49358,"runStep":0,"walkStep":74},{"distance":22.516115,"mCalorie":58.63181,"mOthersTime":547718,"mRunTime":0,"mStartTime":64800000,"mTimeUnit":600000,"mWalkTime":20342,"runStep":0,"walkStep":649},{"distance":126.98275,"mCalorie":17.706684,"mOthersTime":106522,"mRunTime":0,"mStartTime":65400000,"mTimeUnit":600000,"mWalkTime":116130,"runStep":0,"walkStep":273},{"distance":166.12898,"mCalorie":8.04,"mOthersTime":0,"mRunTime":0,"mStartTime":66000000,"mTimeUnit":600000,"mWalkTime":150742,"runStep":0,"walkStep":226},{"distance":187.29901,"mCalorie":8.78,"mOthersTime":0,"mRunTime":400,"mStartTime":66600000,"mTimeUnit":600000,"mWalkTime":163415,"runStep":1,"walkStep":245},{"distance":172.39001,"mCalorie":8.620001,"mOthersTime":0,"mRunTime":6800,"mStartTime":67200000,"mTimeUnit":600000,"mWalkTime":136735,"runStep":17,"walkStep":205},{"distance":146.011,"mCalorie":8.54,"mOthersTime":0,"mRunTime":10800,"mStartTime":67800000,"mTimeUnit":600000,"mWalkTime":100717,"runStep":27,"walkStep":151},{"distance":280.76898,"mCalorie":13.44,"mOthersTime":0,"mRunTime":0,"mStartTime":68400000,"mTimeUnit":600000,"mWalkTime":242728,"runStep":0,"walkStep":368},{"distance":73.97,"mCalorie":3.74,"mOthersTime":0,"mRunTime":0,"mStartTime":69000000,"mTimeUnit":600000,"mWalkTime":68034,"runStep":0,"walkStep":102},{"distance":211.25,"mCalorie":11.63,"mOthersTime":0,"mRunTime":400,"mStartTime":69600000,"mTimeUnit":600000,"mWalkTime":193430,"runStep":1,"walkStep":290},{"distance":194.47,"mCalorie":10.940001,"mOthersTime":0,"mRunTime":800,"mStartTime":70200000,"mTimeUnit":600000,"mWalkTime":180757,"runStep":2,"walkStep":271},{"distance":48.3,"mCalorie":2.44,"mOthersTime":0,"mRunTime":0,"mStartTime":70800000,"mTimeUnit":600000,"mWalkTime":44022,"runStep":0,"walkStep":66},{"distance":8.01,"mCalorie":0.31,"mOthersTime":0,"mRunTime":0,"mStartTime":72000000,"mTimeUnit":600000,"mWalkTime":6670,"runStep":0,"walkStep":10},{"distance":15.639999,"mCalorie":0.65,"mOthersTime":0,"mRunTime":0,"mStartTime":72600000,"mTimeUnit":600000,"mWalkTime":13340,"runStep":0,"walkStep":20},{"distance":8.1,"mCalorie":0.26,"mOthersTime":0,"mRunTime":0,"mStartTime":73200000,"mTimeUnit":600000,"mWalkTime":6670,"runStep":0,"walkStep":10},{"distance":58.98,"mCalorie":2.79,"mOthersTime":0,"mRunTime":0,"mStartTime":73800000,"mTimeUnit":600000,"mWalkTime":54027,"runStep":0,"walkStep":81},{"distance":26.96,"mCalorie":1.67,"mOthersTime":0,"mRunTime":5200,"mStartTime":79800000,"mTimeUnit":600000,"mWalkTime":16008,"runStep":13,"walkStep":24},{"distance":8.8,"mCalorie":0.58,"mOthersTime":0,"mRunTime":0,"mStartTime":80400000,"mTimeUnit":600000,"mWalkTime":8671,"runStep":0,"walkStep":13},{"distance":72.699,"mCalorie":3.39,"mOthersTime":0,"mRunTime":0,"mStartTime":81000000,"mTimeUnit":600000,"mWalkTime":62031,"runStep":0,"walkStep":93}],"version":1}