{"mActivityList":[{"mActiveTime":2588503,"mActiveTimeType":0,"mCalorie":310.0,"mCategory":204,"mDetailInfoId":"18c6c31f-bdab-64d3-dc0d-882efd13ff1c","mDistance":2749.611,"mDuration":2588503,"mEndTime":61906954,"mStartTime":59318451,"mType":1001}],"mAdaptiveGoal":0,"mIsGoalAchieved":false,"mIsMostActiveAchieved":false,"mMostActiveMinutes":0,"mStreakDayCount":0,"mUnitDataList":[{"distance":24.629,"mCalorie":1.21,"mOthersTime":0,"mRunTime":0,"mStartTime":30600000,"mTimeUnit":600000,"mWalkTime":22678,"runStep":0,"walkStep":34},{"distance":25.09,"mCalorie":1.47,"mOthersTime":0,"mRunTime":0,"mStartTime":31200000,"mTimeUnit":600000,"mWalkTime":24012,"runStep":0,"walkStep":36},{"distance":58.385998,"mCalorie":2.6200001,"mOthersTime":0,"mRunTime":0,"mStartTime":31800000,"mTimeUnit":600000,"mWalkTime":52693,"runStep":0,"walkStep":79},{"distance":73.878,"mCalorie":3.5099998,"mOthersTime":0,"mRunTime":0,"mStartTime":32400000,"mTimeUnit":600000,"mWalkTime":68034,"runStep":0,"walkStep":102},{"distance":22.41,"mCalorie":1.0799999,"mOthersTime":0,"mRunTime":0,"mStartTime":33000000,"mTimeUnit":600000,"mWalkTime":20677,"runStep":0,"walkStep":31},{"distance":84.46,"mCalorie":4.4,"mOthersTime":0,"mRunTime":0,"mStartTime":33600000,"mTimeUnit":600000,"mWalkTime":77372,"runStep":0,"walkStep":116},{"distance":46.99,"mCalorie":2.6,"mOthersTime":0,"mRunTime":0,"mStartTime":34200000,"mTimeUnit":600000,"mWalkTime":42021,"runStep":0,"walkStep":63},{"distance":51.67,"mCalorie":2.7,"mOthersTime":0,"mRunTime":0,"mStartTime":34800000,"mTimeUnit":600000,"mWalkTime":47357,"runStep":0,"walkStep":71},{"distance":61.83,"mCalorie":2.8109999,"mOthersTime":0,"mRunTime":1600,"mStartTime":35400000,"mTimeUnit":600000,"mWalkTime":48691,"runStep":4,"walkStep":73},{"distance":103.801,"mCalorie":5.1,"mOthersTime":0,"mRunTime":0,"mStartTime":36000000,"mTimeUnit":600000,"mWalkTime":94714,"runStep":0,"walkStep":142},{"distance":71.86,"mCalorie":3.6690001,"mOthersTime":0,"mRunTime":0,"mStartTime":36600000,"mTimeUnit":600000,"mWalkTime":67367,"runStep":0,"walkStep":101},{"distance":87.077995,"mCalorie":4.72,"mOthersTime":0,"mRunTime":1600,"mStartTime":37200000,"mTimeUnit":600000,"mWalkTime":76705,"runStep":4,"walkStep":115},{"distance":11.15,"mCalorie":0.44,"mOthersTime":0,"mRunTime":0,"mStartTime":41400000,"mTimeUnit":600000,"mWalkTime":8671,"runStep":0,"walkStep":13},{"distance":158.472,"mCalorie":8.63,"mOthersTime":0,"mRunTime":10400,"mStartTime":42000000,"mTimeUnit":600000,"mWalkTime":115391,"runStep":26,"walkStep":173},{"distance":64.225,"mCalorie":3.09,"mOthersTime":0,"mRunTime":2400,"mStartTime":42600000,"mTimeUnit":600000,"mWalkTime":50025,"runStep":6,"walkStep":75},{"distance":65.13,"mCalorie":3.1200001,"mOthersTime":0,"mRunTime":0,"mStartTime":43200000,"mTimeUnit":600000,"mWalkTime":59363,"runStep":0,"walkStep":89},{"distance":25.127003,"mCalorie":1.3000001,"mOthersTime":0,"mRunTime":400,"mStartTime":46200000,"mTimeUnit":600000,"mWalkTime":20010,"runStep":1,"walkStep":30},{"distance":59.600002,"mCalorie":2.8899999,"mOthersTime":0,"mRunTime":0,"mStartTime":46800000,"mTimeUnit":600000,"mWalkTime":53360,"runStep":0,"walkStep":80},{"distance":141.269,"mCalorie":7.81,"mOthersTime":0,"mRunTime":0,"mStartTime":47400000,"mTimeUnit":600000,"mWalkTime":138069,"runStep":0,"walkStep":207},{"distance":62.371002,"mCalorie":3.03,"mOthersTime":0,"mRunTime":0,"mStartTime":48000000,"mTimeUnit":600000,"mWalkTime":56028,"runStep":0,"walkStep":84},{"distance":275.477,"mCalorie":15.009999,"mOthersTime":0,"mRunTime":0,"mStartTime":48600000,"mTimeUnit":600000,"mWalkTime":256795,"runStep":0,"walkStep":385},{"distance":85.428,"mCalorie":4.44,"mOthersTime":0,"mRunTime":0,"mStartTime":51600000,"mTimeUnit":600000,"mWalkTime":79373,"runStep":0,"walkStep":119},{"distance":181.91998,"mCalorie":9.58,"mOthersTime":0,"mRunTime":0,"mStartTime":52200000,"mTimeUnit":600000,"mWalkTime":153380,"runStep":0,"walkStep":246},{"distance":83.94,"mCalorie":4.57,"mOthersTime":0,"mRunTime":0,"mStartTime":52800000,"mTimeUnit":600000,"mWalkTime":80040,"runStep":0,"walkStep":120},{"distance":8.9,"mCalorie":0.49,"mOthersTime":0,"mRunTime":0,"mStartTime":54600000,"mTimeUnit":600000,"mWalkTime":8671,"runStep":0,"walkStep":13},{"distance":13.437,"mCalorie":0.56,"mOthersTime":0,"mRunTime":0,"mStartTime":55200000,"mTimeUnit":600000,"mWalkTime":11339,"runStep":0,"walkStep":17},{"distance":32.294,"mCalorie":1.22,"mOthersTime":0,"mRunTime":0,"mStartTime":55800000,"mTimeUnit":600000,"mWalkTime":28681,"runStep":0,"walkStep":43},{"distance":9.39,"mCalorie":0.5,"mOthersTime":0,"mRunTime":400,"mStartTime":57000000,"mTimeUnit":600000,"mWalkTime":6670,"runStep":1,"walkStep":10},{"distance":17.744999,"mCalorie":0.87,"mOthersTime":0,"mRunTime":0,"mStartTime":57600000,"mTimeUnit":600000,"mWalkTime":15341,"runStep":0,"walkStep":23},{"distance":163.28818,"mCalorie":14.269866,"mOthersTime":0,"mRunTime":0,"mStartTime":58800000,"mTimeUnit":600000,"mWalkTime":151851,"runStep":0,"walkStep":220},{"distance":637.34393,"mCalorie":71.8562,"mOthersTime":0,"mRunTime":0,"mStartTime":59400000,"mTimeUnit":600000,"mWalkTime":600000,"runStep":0,"walkStep":956},{"distance":637.34393,"mCalorie":71.8562,"mOthersTime":0,"mRunTime":0,"mStartTime":60000000,"mTimeUnit":600000,"mWalkTime":600000,"runStep":0,"walkStep":959},{"distance":637.34393,"mCalorie":71.8562,"mOthersTime":0,"mRunTime":0,"mStartTime":60600000,"mTimeUnit":600000,"mWalkTime":600000,"runStep":0,"walkStep":947},{"distance":637.34393,"mCalorie":71.8562,"mOthersTime":0,"mRunTime":0,"mStartTime":61200000,"mTimeUnit":600000,"mWalkTime":600000,"runStep":0,"walkStep":814},{"distance":127.4591,"mCalorie":13.539308,"mOthersTime":0,"mRunTime":261,"mStartTime":61800000,"mTimeUnit":600000,"mWalkTime":119076,"runStep":3,"walkStep":26},{"distance":27.348,"mCalorie":1.12,"mOthersTime":0,"mRunTime":0,"mStartTime":63000000,"mTimeUnit":600000,"mWalkTime":24012,"runStep":0,"walkStep":36},{"distance":91.996994,"mCalorie":4.8599997,"mOthersTime":0,"mRunTime":0,"mStartTime":66600000,"mTimeUnit":600000,"mWalkTime":91379,"runStep":0,"walkStep":137},{"distance":121.38,"mCalorie":7.57,"mOthersTime":0,"mRunTime":0,"mStartTime":67200000,"mTimeUnit":600000,"mWalkTime":112693,"runStep":0,"walkStep":174},{"distance":136.98,"mCalorie":7.0,"mOthersTime":0,"mRunTime":0,"mStartTime":67800000,"mTimeUnit":600000,"mWalkTime":124729,"runStep":0,"walkStep":187},{"distance":10.25,"mCalorie":0.58,"mOthersTime":0,"mRunTime":0,"mStartTime":68400000,"mTimeUnit":600000,"mWalkTime":10005,"runStep":0,"walkStep":15},{"distance":7.73,"mCalorie":0.34,"mOthersTime":0,"mRunTime":0,"mStartTime":69000000,"mTimeUnit":600000,"mWalkTime":6670,"runStep":0,"walkStep":10},{"distance":92.93,"mCalorie":4.6499996,"mOthersTime":0,"mRunTime":0,"mStartTime":70200000,"mTimeUnit":600000,"mWalkTime":84042,"runStep":0,"walkStep":126},{"distance":91.142,"mCalorie":4.83,"mOthersTime":0,"mRunTime":800,"mStartTime":70800000,"mTimeUnit":600000,"mWalkTime":80040,"runStep":2,"walkStep":120},{"distance":64.45,"mCalorie":2.9490001,"mOthersTime":0,"mRunTime":0,"mStartTime":71400000,"mTimeUnit":600000,"mWalkTime":56695,"runStep":0,"walkStep":85},{"distance":35.32,"mCalorie":1.84,"mOthersTime":0,"mRunTime":0,"mStartTime":72000000,"mTimeUnit":600000,"mWalkTime":33350,"runStep":0,"walkStep":50},{"distance":8.06,"mCalorie":0.38,"mOthersTime":0,"mRunTime":0,"mStartTime":78600000,"mTimeUnit":600000,"mWalkTime":7337,"runStep":0,"walkStep":11},{"distance":167.667,"mCalorie":8.21,"mOthersTime":0,"mRunTime":2000,"mStartTime":79200000,"mTimeUnit":600000,"mWalkTime":142738,"runStep":5,"walkStep":214},{"distance":9.922,"mCalorie":0.41,"mOthersTime":0,"mRunTime":0,"mStartTime":79800000,"mTimeUnit":600000,"mWalkTime":8671,"runStep":0,"walkStep":13}],"version":1}