{"mActivityList":[{"mActiveTime":1321407,"mActiveTimeType":0,"mCalorie":82.0,"mCategory":204,"mDetailInfoId":"2895d95d-967b-d103-902b-ea9a03b2035a","mDistance":1675.84,"mDuration":1321407,"mEndTime":61078453,"mStartTime":59757046,"mType":1001}],"mAdaptiveGoal":0,"mIsGoalAchieved":false,"mIsMostActiveAchieved":false,"mMostActiveMinutes":0,"mStreakDayCount":0,"mUnitDataList":[{"distance":7.87,"mCalorie":0.34,"mOthersTime":0,"mRunTime":0,"mStartTime":3600000,"mTimeUnit":600000,"mWalkTime":6670,"runStep":0,"walkStep":10},{"distance":6.82,"mCalorie":0.3,"mOthersTime":0,"mRunTime":0,"mStartTime":10200000,"mTimeUnit":600000,"mWalkTime":6670,"runStep":0,"walkStep":10},{"distance":25.45,"mCalorie":1.41,"mOthersTime":0,"mRunTime":0,"mStartTime":10800000,"mTimeUnit":600000,"mWalkTime":22678,"runStep":0,"walkStep":34},{"distance":16.380001,"mCalorie":0.81,"mOthersTime":0,"mRunTime":0,"mStartTime":21000000,"mTimeUnit":600000,"mWalkTime":15341,"runStep":0,"walkStep":23},{"distance":9.57,"mCalorie":0.56,"mOthersTime":0,"mRunTime":0,"mStartTime":21600000,"mTimeUnit":600000,"mWalkTime":9338,"runStep":0,"walkStep":14},{"distance":34.059998,"mCalorie":1.84,"mOthersTime":0,"mRunTime":1200,"mStartTime":22200000,"mTimeUnit":600000,"mWalkTime":26680,"runStep":3,"walkStep":40},{"distance":8.28,"mCalorie":0.4,"mOthersTime":0,"mRunTime":0,"mStartTime":22800000,"mTimeUnit":600000,"mWalkTime":7337,"runStep":0,"walkStep":11},{"distance":57.960003,"mCalorie":3.2099998,"mOthersTime":0,"mRunTime":3600,"mStartTime":31200000,"mTimeUnit":600000,"mWalkTime":44022,"runStep":9,"walkStep":66},{"distance":6.77,"mCalorie":0.34,"mOthersTime":0,"mRunTime":0,"mStartTime":31800000,"mTimeUnit":600000,"mWalkTime":6670,"runStep":0,"walkStep":10},{"distance":10.23,"mCalorie":0.43,"mOthersTime":0,"mRunTime":0,"mStartTime":32400000,"mTimeUnit":600000,"mWalkTime":8671,"runStep":0,"walkStep":13},{"distance":91.270004,"mCalorie":4.55,"mOthersTime":0,"mRunTime":0,"mStartTime":34200000,"mTimeUnit":600000,"mWalkTime":83375,"runStep":0,"walkStep":125},{"distance":100.45,"mCalorie":4.78,"mOthersTime":0,"mRunTime":0,"mStartTime":34800000,"mTimeUnit":600000,"mWalkTime":89378,"runStep":0,"walkStep":134},{"distance":188.42,"mCalorie":9.309999,"mOthersTime":0,"mRunTime":0,"mStartTime":35400000,"mTimeUnit":600000,"mWalkTime":170752,"runStep":0,"walkStep":256},{"distance":149.51999,"mCalorie":7.51,"mOthersTime":0,"mRunTime":0,"mStartTime":36000000,"mTimeUnit":600000,"mWalkTime":136735,"runStep":0,"walkStep":205},{"distance":72.350006,"mCalorie":3.85,"mOthersTime":0,"mRunTime":0,"mStartTime":36600000,"mTimeUnit":600000,"mWalkTime":66700,"runStep":0,"walkStep":100},{"distance":40.010002,"mCalorie":1.95,"mOthersTime":0,"mRunTime":0,"mStartTime":37200000,"mTimeUnit":600000,"mWalkTime":36018,"runStep":0,"walkStep":54},{"distance":70.07,"mCalorie":4.04,"mOthersTime":0,"mRunTime":3600,"mStartTime":37800000,"mTimeUnit":600000,"mWalkTime":56028,"runStep":9,"walkStep":84},{"distance":29.789999,"mCalorie":1.54,"mOthersTime":0,"mRunTime":0,"mStartTime":38400000,"mTimeUnit":600000,"mWalkTime":27347,"runStep":0,"walkStep":41},{"distance":181.54999,"mCalorie":8.910001,"mOthersTime":0,"mRunTime":0,"mStartTime":41400000,"mTimeUnit":600000,"mWalkTime":171419,"runStep":0,"walkStep":257},{"distance":30.460001,"mCalorie":1.6500001,"mOthersTime":0,"mRunTime":0,"mStartTime":42000000,"mTimeUnit":600000,"mWalkTime":28681,"runStep":0,"walkStep":43},{"distance":27.56,"mCalorie":1.4,"mOthersTime":0,"mRunTime":0,"mStartTime":43800000,"mTimeUnit":600000,"mWalkTime":25346,"runStep":0,"walkStep":38},{"distance":11.08,"mCalorie":0.33,"mOthersTime":0,"mRunTime":0,"mStartTime":44400000,"mTimeUnit":600000,"mWalkTime":9338,"runStep":0,"walkStep":14},{"distance":9.49,"mCalorie":0.66,"mOthersTime":0,"mRunTime":0,"mStartTime":45000000,"mTimeUnit":600000,"mWalkTime":9338,"runStep":0,"walkStep":14},{"distance":18.94,"mCalorie":0.87,"mOthersTime":0,"mRunTime":400,"mStartTime":46800000,"mTimeUnit":600000,"mWalkTime":14007,"runStep":1,"walkStep":21},{"distance":12.22,"mCalorie":0.73,"mOthersTime":0,"mRunTime":0,"mStartTime":47400000,"mTimeUnit":600000,"mWalkTime":10005,"runStep":0,"walkStep":15},{"distance":15.87,"mCalorie":0.80999994,"mOthersTime":0,"mRunTime":0,"mStartTime":48000000,"mTimeUnit":600000,"mWalkTime":14674,"runStep":0,"walkStep":22},{"distance":9.92,"mCalorie":0.36,"mOthersTime":0,"mRunTime":0,"mStartTime":48600000,"mTimeUnit":600000,"mWalkTime":8004,"runStep":0,"walkStep":12},{"distance":58.78,"mCalorie":2.72,"mOthersTime":0,"mRunTime":0,"mStartTime":49800000,"mTimeUnit":600000,"mWalkTime":52693,"runStep":0,"walkStep":79},{"distance":166.79,"mCalorie":9.3,"mOthersTime":0,"mRunTime":7200,"mStartTime":50400000,"mTimeUnit":600000,"mWalkTime":138069,"runStep":18,"walkStep":207},{"distance":43.47,"mCalorie":2.06,"mOthersTime":0,"mRunTime":0,"mStartTime":51000000,"mTimeUnit":600000,"mWalkTime":39353,"runStep":0,"walkStep":59},{"distance":60.57,"mCalorie":2.92,"mOthersTime":0,"mRunTime":400,"mStartTime":51600000,"mTimeUnit":600000,"mWalkTime":52026,"runStep":1,"walkStep":78},{"distance":44.26,"mCalorie":2.24,"mOthersTime":0,"mRunTime":0,"mStartTime":55800000,"mTimeUnit":600000,"mWalkTime":40687,"runStep":0,"walkStep":61},{"distance":23.210001,"mCalorie":1.35,"mOthersTime":0,"mRunTime":1200,"mStartTime":56400000,"mTimeUnit":600000,"mWalkTime":12673,"runStep":3,"walkStep":19},{"distance":409.90295,"mCalorie":19.706001,"mOthersTime":0,"mRunTime":800,"mStartTime":59400000,"mTimeUnit":600000,"mWalkTime":326404,"runStep":2,"walkStep":545},{"distance":760.9344,"mCalorie":37.23304,"mOthersTime":0,"mRunTime":0,"mStartTime":60000000,"mTimeUnit":600000,"mWalkTime":600000,"runStep":0,"walkStep":1050},{"distance":607.5392,"mCalorie":29.727304,"mOthersTime":0,"mRunTime":0,"mStartTime":60600000,"mTimeUnit":600000,"mWalkTime":479140,"runStep":0,"walkStep":757},{"distance":19.73,"mCalorie":1.03,"mOthersTime":0,"mRunTime":0,"mStartTime":61200000,"mTimeUnit":600000,"mWalkTime":18676,"runStep":0,"walkStep":28},{"distance":81.31,"mCalorie":3.89,"mOthersTime":0,"mRunTime":0,"mStartTime":63600000,"mTimeUnit":600000,"mWalkTime":72703,"runStep":0,"walkStep":109},{"distance":203.53001,"mCalorie":9.63,"mOthersTime":0,"mRunTime":0,"mStartTime":64800000,"mTimeUnit":600000,"mWalkTime":170055,"runStep":0,"walkStep":272},{"distance":16.56,"mCalorie":0.87,"mOthersTime":0,"mRunTime":0,"mStartTime":65400000,"mTimeUnit":600000,"mWalkTime":13340,"runStep":0,"walkStep":20},{"distance":100.77,"mCalorie":5.19,"mOthersTime":0,"mRunTime":0,"mStartTime":66000000,"mTimeUnit":600000,"mWalkTime":91379,"runStep":0,"walkStep":137},{"distance":254.16,"mCalorie":12.009999,"mOthersTime":0,"mRunTime":0,"mStartTime":66600000,"mTimeUnit":600000,"mWalkTime":214077,"runStep":0,"walkStep":338},{"distance":225.281,"mCalorie":11.13,"mOthersTime":0,"mRunTime":0,"mStartTime":67200000,"mTimeUnit":600000,"mWalkTime":181364,"runStep":0,"walkStep":303},{"distance":57.64,"mCalorie":2.93,"mOthersTime":0,"mRunTime":0,"mStartTime":67800000,"mTimeUnit":600000,"mWalkTime":52026,"runStep":0,"walkStep":78},{"distance":17.990002,"mCalorie":0.82,"mOthersTime":0,"mRunTime":0,"mStartTime":69000000,"mTimeUnit":600000,"mWalkTime":15341,"runStep":0,"walkStep":23},{"distance":8.13,"mCalorie":0.53000003,"mOthersTime":0,"mRunTime":0,"mStartTime":71400000,"mTimeUnit":600000,"mWalkTime":8004,"runStep":0,"walkStep":12},{"distance":51.630005,"mCalorie":2.46,"mOthersTime":0,"mRunTime":0,"mStartTime":72000000,"mTimeUnit":600000,"mWalkTime":44689,"runStep":0,"walkStep":67},{"distance":9.72,"mCalorie":0.47,"mOthersTime":0,"mRunTime":0,"mStartTime":73200000,"mTimeUnit":600000,"mWalkTime":8671,"runStep":0,"walkStep":13},{"distance":30.409998,"mCalorie":1.83,"mOthersTime":0,"mRunTime":400,"mStartTime":77400000,"mTimeUnit":600000,"mWalkTime":26013,"runStep":1,"walkStep":39},{"distance":78.850006,"mCalorie":3.77,"mOthersTime":0,"mRunTime":0,"mStartTime":79200000,"mTimeUnit":600000,"mWalkTime":70035,"runStep":0,"walkStep":105},{"distance":87.299,"mCalorie":4.44,"mOthersTime":0,"mRunTime":3600,"mStartTime":81600000,"mTimeUnit":600000,"mWalkTime":61364,"runStep":9,"walkStep":92}],"version":1}