{"mActivityList":[{"mActiveTime":600000,"mActiveTimeType":2,"mCalorie":58.84,"mCategory":204,"mDetailInfoId":"d8572915-8a71-7c6c-7f40-ac6c1f9924d8","mDistance":0.0,"mDuration":600000,"mEndTime":40509282,"mStartTime":39909282,"mType":11007},{"mActiveTime":724033,"mActiveTimeType":2,"mCalorie":55.0,"mCategory":204,"mDetailInfoId":"9804c9e5-2331-7f50-45f9-0f773afe8b50","mDistance":0.0,"mDuration":724033,"mEndTime":63462223,"mStartTime":62738190,"mType":0},{"mActiveTime":2594697,"mActiveTimeType":0,"mCalorie":285.0,"mCategory":204,"mDetailInfoId":"267f6cf1-dd3c-f7d5-d503-f7d74fac0c41","mDistance":3349.964,"mDuration":2594697,"mEndTime":77470869,"mStartTime":74876172,"mType":1001}],"mAdaptiveGoal":0,"mIsGoalAchieved":true,"mIsMostActiveAchieved":false,"mMostActiveMinutes":159,"mStreakDayCount":0,"mUnitDataList":[{"distance":9.57,"mCalorie":0.42,"mOthersTime":0,"mRunTime":0,"mStartTime":18600000,"mTimeUnit":600000,"mWalkTime":8004,"runStep":0,"walkStep":12},{"distance":25.029999,"mCalorie":1.29,"mOthersTime":0,"mRunTime":0,"mStartTime":19800000,"mTimeUnit":600000,"mWalkTime":23345,"runStep":0,"walkStep":35},{"distance":8.61,"mCalorie":0.39,"mOthersTime":0,"mRunTime":0,"mStartTime":21000000,"mTimeUnit":600000,"mWalkTime":7337,"runStep":0,"walkStep":11},{"distance":8.78,"mCalorie":0.6,"mOthersTime":0,"mRunTime":800,"mStartTime":27600000,"mTimeUnit":600000,"mWalkTime":6670,"runStep":2,"walkStep":10},{"distance":51.989002,"mCalorie":2.6799998,"mOthersTime":0,"mRunTime":1200,"mStartTime":33600000,"mTimeUnit":600000,"mWalkTime":43355,"runStep":3,"walkStep":65},{"distance":32.04,"mCalorie":1.77,"mOthersTime":0,"mRunTime":0,"mStartTime":34200000,"mTimeUnit":600000,"mWalkTime":30015,"runStep":0,"walkStep":45},{"distance":7.19,"mCalorie":0.36,"mOthersTime":0,"mRunTime":0,"mStartTime":34800000,"mTimeUnit":600000,"mWalkTime":6670,"runStep":0,"walkStep":10},{"distance":32.79,"mCalorie":1.62,"mOthersTime":0,"mRunTime":0,"mStartTime":36600000,"mTimeUnit":600000,"mWalkTime":27347,"runStep":0,"walkStep":41},{"distance":75.808,"mCalorie":3.6799998,"mOthersTime":0,"mRunTime":400,"mStartTime":37200000,"mTimeUnit":600000,"mWalkTime":66033,"runStep":1,"walkStep":99},{"distance":131.931,"mCalorie":7.12,"mOthersTime":0,"mRunTime":0,"mStartTime":37800000,"mTimeUnit":600000,"mWalkTime":125396,"runStep":0,"walkStep":188},{"distance":251.28001,"mCalorie":15.5199995,"mOthersTime":0,"mRunTime":800,"mStartTime":38400000,"mTimeUnit":600000,"mWalkTime":240120,"runStep":2,"walkStep":360},{"distance":101.96,"mCalorie":5.4300003,"mOthersTime":0,"mRunTime":0,"mStartTime":39000000,"mTimeUnit":600000,"mWalkTime":96715,"runStep":0,"walkStep":145},{"distance":98.20473,"mCalorie":33.73317,"mOthersTime":290718,"mRunTime":0,"mStartTime":39600000,"mTimeUnit":600000,"mWalkTime":88512,"runStep":0,"walkStep":289},{"distance":49.81,"mCalorie":32.600258,"mOthersTime":309282,"mRunTime":0,"mStartTime":40200000,"mTimeUnit":600000,"mWalkTime":44689,"runStep":0,"walkStep":158},{"distance":103.98,"mCalorie":5.49,"mOthersTime":0,"mRunTime":800,"mStartTime":40800000,"mTimeUnit":600000,"mWalkTime":92713,"runStep":2,"walkStep":139},{"distance":7.2,"mCalorie":0.35,"mOthersTime":0,"mRunTime":0,"mStartTime":43200000,"mTimeUnit":600000,"mWalkTime":6670,"runStep":0,"walkStep":10},{"distance":14.99,"mCalorie":0.58,"mOthersTime":0,"mRunTime":0,"mStartTime":43800000,"mTimeUnit":600000,"mWalkTime":12673,"runStep":0,"walkStep":19},{"distance":21.49,"mCalorie":0.94,"mOthersTime":0,"mRunTime":0,"mStartTime":44400000,"mTimeUnit":600000,"mWalkTime":18676,"runStep":0,"walkStep":28},{"distance":50.059998,"mCalorie":2.6100001,"mOthersTime":0,"mRunTime":0,"mStartTime":45600000,"mTimeUnit":600000,"mWalkTime":47357,"runStep":0,"walkStep":71},{"distance":9.14,"mCalorie":0.36,"mOthersTime":0,"mRunTime":0,"mStartTime":46200000,"mTimeUnit":600000,"mWalkTime":8004,"runStep":0,"walkStep":12},{"distance":25.96,"mCalorie":1.34,"mOthersTime":0,"mRunTime":0,"mStartTime":47400000,"mTimeUnit":600000,"mWalkTime":24012,"runStep":0,"walkStep":36},{"distance":65.4,"mCalorie":3.69,"mOthersTime":0,"mRunTime":0,"mStartTime":48000000,"mTimeUnit":600000,"mWalkTime":62031,"runStep":0,"walkStep":93},{"distance":17.34,"mCalorie":0.87,"mOthersTime":0,"mRunTime":0,"mStartTime":49200000,"mTimeUnit":600000,"mWalkTime":16008,"runStep":0,"walkStep":24},{"distance":71.46,"mCalorie":3.8399997,"mOthersTime":0,"mRunTime":0,"mStartTime":49800000,"mTimeUnit":600000,"mWalkTime":66033,"runStep":0,"walkStep":99},{"distance":311.08002,"mCalorie":18.61,"mOthersTime":0,"mRunTime":0,"mStartTime":50400000,"mTimeUnit":600000,"mWalkTime":292783,"runStep":0,"walkStep":442},{"distance":196.76001,"mCalorie":16.52,"mOthersTime":0,"mRunTime":0,"mStartTime":51000000,"mTimeUnit":600000,"mWalkTime":199433,"runStep":0,"walkStep":299},{"distance":179.20999,"mCalorie":9.63,"mOthersTime":0,"mRunTime":2000,"mStartTime":51600000,"mTimeUnit":600000,"mWalkTime":156078,"runStep":5,"walkStep":234},{"distance":50.690002,"mCalorie":3.1100001,"mOthersTime":0,"mRunTime":6800,"mStartTime":52800000,"mTimeUnit":600000,"mWalkTime":31349,"runStep":17,"walkStep":47},{"distance":24.35,"mCalorie":1.29,"mOthersTime":0,"mRunTime":0,"mStartTime":53400000,"mTimeUnit":600000,"mWalkTime":22678,"runStep":0,"walkStep":34},{"distance":45.52,"mCalorie":2.2,"mOthersTime":0,"mRunTime":0,"mStartTime":54600000,"mTimeUnit":600000,"mWalkTime":42021,"runStep":0,"walkStep":63},{"distance":130.116,"mCalorie":6.25,"mOthersTime":0,"mRunTime":1200,"mStartTime":55200000,"mTimeUnit":600000,"mWalkTime":113390,"runStep":3,"walkStep":170},{"distance":40.5,"mCalorie":2.03,"mOthersTime":0,"mRunTime":0,"mStartTime":55800000,"mTimeUnit":600000,"mWalkTime":34684,"runStep":0,"walkStep":52},{"distance":91.549995,"mCalorie":4.67,"mOthersTime":0,"mRunTime":1200,"mStartTime":56400000,"mTimeUnit":600000,"mWalkTime":78039,"runStep":3,"walkStep":117},{"distance":132.11,"mCalorie":6.9300003,"mOthersTime":0,"mRunTime":4000,"mStartTime":57000000,"mTimeUnit":600000,"mWalkTime":114057,"runStep":10,"walkStep":171},{"distance":45.012,"mCalorie":2.13,"mOthersTime":0,"mRunTime":0,"mStartTime":57600000,"mTimeUnit":600000,"mWalkTime":39353,"runStep":0,"walkStep":59},{"distance":36.83,"mCalorie":2.1200001,"mOthersTime":0,"mRunTime":4000,"mStartTime":58200000,"mTimeUnit":600000,"mWalkTime":22011,"runStep":10,"walkStep":33},{"distance":125.009995,"mCalorie":6.9100003,"mOthersTime":0,"mRunTime":8800,"mStartTime":58800000,"mTimeUnit":600000,"mWalkTime":78039,"runStep":22,"walkStep":117},{"distance":20.24,"mCalorie":1.27,"mOthersTime":0,"mRunTime":1600,"mStartTime":59400000,"mTimeUnit":600000,"mWalkTime":15341,"runStep":4,"walkStep":23},{"distance":50.37,"mCalorie":2.49,"mOthersTime":0,"mRunTime":0,"mStartTime":60000000,"mTimeUnit":600000,"mWalkTime":44689,"runStep":0,"walkStep":67},{"distance":133.663,"mCalorie":6.63,"mOthersTime":0,"mRunTime":400,"mStartTime":60600000,"mTimeUnit":600000,"mWalkTime":118726,"runStep":1,"walkStep":178},{"distance":311.501,"mCalorie":19.799,"mOthersTime":0,"mRunTime":56800,"mStartTime":61200000,"mTimeUnit":600000,"mWalkTime":144072,"runStep":142,"walkStep":216},{"distance":135.05,"mCalorie":6.4,"mOthersTime":0,"mRunTime":1600,"mStartTime":61800000,"mTimeUnit":600000,"mWalkTime":111389,"runStep":4,"walkStep":167},{"distance":67.31096,"mCalorie":23.319208,"mOthersTime":261810,"mRunTime":800,"mStartTime":62400000,"mTimeUnit":600000,"mWalkTime":56579,"runStep":2,"walkStep":279},{"distance":44.898262,"mCalorie":37.120888,"mOthersTime":462222,"mRunTime":0,"mStartTime":63000000,"mTimeUnit":600000,"mWalkTime":40686,"runStep":0,"walkStep":500},{"distance":63.097,"mCalorie":3.3,"mOthersTime":0,"mRunTime":2000,"mStartTime":63600000,"mTimeUnit":600000,"mWalkTime":52026,"runStep":5,"walkStep":78},{"distance":12.532,"mCalorie":0.86,"mOthersTime":0,"mRunTime":1600,"mStartTime":64200000,"mTimeUnit":600000,"mWalkTime":6670,"runStep":4,"walkStep":10},{"distance":40.2,"mCalorie":1.77,"mOthersTime":0,"mRunTime":0,"mStartTime":66600000,"mTimeUnit":600000,"mWalkTime":34684,"runStep":0,"walkStep":52},{"distance":7.02,"mCalorie":0.34,"mOthersTime":0,"mRunTime":0,"mStartTime":68400000,"mTimeUnit":600000,"mWalkTime":6670,"runStep":0,"walkStep":10},{"distance":18.814,"mCalorie":0.95,"mOthersTime":0,"mRunTime":400,"mStartTime":69600000,"mTimeUnit":600000,"mWalkTime":15341,"runStep":1,"walkStep":23},{"distance":17.44,"mCalorie":0.81,"mOthersTime":0,"mRunTime":0,"mStartTime":70200000,"mTimeUnit":600000,"mWalkTime":15341,"runStep":0,"walkStep":23},{"distance":77.164,"mCalorie":4.04,"mOthersTime":0,"mRunTime":1200,"mStartTime":70800000,"mTimeUnit":600000,"mWalkTime":65366,"runStep":3,"walkStep":98},{"distance":25.42,"mCalorie":1.28,"mOthersTime":0,"mRunTime":0,"mStartTime":71400000,"mTimeUnit":600000,"mWalkTime":22678,"runStep":0,"walkStep":34},{"distance":56.100002,"mCalorie":2.64,"mOthersTime":0,"mRunTime":0,"mStartTime":72000000,"mTimeUnit":600000,"mWalkTime":50025,"runStep":0,"walkStep":75},{"distance":28.330002,"mCalorie":1.3100001,"mOthersTime":0,"mRunTime":0,"mStartTime":72600000,"mTimeUnit":600000,"mWalkTime":25346,"runStep":0,"walkStep":38},{"distance":17.267,"mCalorie":0.65,"mOthersTime":0,"mRunTime":0,"mStartTime":73200000,"mTimeUnit":600000,"mWalkTime":14007,"runStep":0,"walkStep":21},{"distance":14.93,"mCalorie":0.73,"mOthersTime":0,"mRunTime":0,"mStartTime":73800000,"mTimeUnit":600000,"mWalkTime":14007,"runStep":0,"walkStep":21},{"distance":190.58511,"mCalorie":15.201639,"mOthersTime":0,"mRunTime":0,"mStartTime":74400000,"mTimeUnit":600000,"mWalkTime":152410,"runStep":0,"walkStep":136},{"distance":774.6486,"mCalorie":65.90365,"mOthersTime":0,"mRunTime":0,"mStartTime":75000000,"mTimeUnit":600000,"mWalkTime":600000,"runStep":0,"walkStep":1035},{"distance":774.6486,"mCalorie":65.90365,"mOthersTime":0,"mRunTime":0,"mStartTime":75600000,"mTimeUnit":600000,"mWalkTime":600000,"runStep":0,"walkStep":1104},{"distance":774.6486,"mCalorie":65.90365,"mOthersTime":0,"mRunTime":0,"mStartTime":76200000,"mTimeUnit":600000,"mWalkTime":600000,"runStep":0,"walkStep":1081},{"distance":774.6486,"mCalorie":65.90365,"mOthersTime":0,"mRunTime":0,"mStartTime":76800000,"mTimeUnit":600000,"mWalkTime":600000,"runStep":0,"walkStep":1043},{"distance":99.14763,"mCalorie":8.10421,"mOthersTime":0,"mRunTime":0,"mStartTime":77400000,"mTimeUnit":600000,"mWalkTime":77539,"runStep":0,"walkStep":73},{"distance":38.334,"mCalorie":1.9300001,"mOthersTime":0,"mRunTime":400,"mStartTime":80400000,"mTimeUnit":600000,"mWalkTime":33350,"runStep":1,"walkStep":50},{"distance":7.66,"mCalorie":0.35,"mOthersTime":0,"mRunTime":0,"mStartTime":83400000,"mTimeUnit":600000,"mWalkTime":6670,"runStep":0,"walkStep":10}],"version":1}