{"mAdaptiveGoal":0,"mIsGoalAchieved":false,"mIsMostActiveAchieved":false,"mMostActiveMinutes":0,"mStreakDayCount":0,"mUnitDataList":[{"distance":14.33,"mCalorie":0.70000005,"mOthersTime":0,"mRunTime":0,"mStartTime":10800000,"mTimeUnit":600000,"mWalkTime":12673,"runStep":0,"walkStep":19},{"distance":22.91,"mCalorie":1.14,"mOthersTime":0,"mRunTime":0,"mStartTime":11400000,"mTimeUnit":600000,"mWalkTime":20677,"runStep":0,"walkStep":31},{"distance":27.759998,"mCalorie":1.4200001,"mOthersTime":0,"mRunTime":0,"mStartTime":12600000,"mTimeUnit":600000,"mWalkTime":25346,"runStep":0,"walkStep":38},{"distance":7.76,"mCalorie":0.42,"mOthersTime":0,"mRunTime":0,"mStartTime":13200000,"mTimeUnit":600000,"mWalkTime":7337,"runStep":0,"walkStep":11},{"distance":47.05,"mCalorie":2.44,"mOthersTime":0,"mRunTime":5200,"mStartTime":33000000,"mTimeUnit":600000,"mWalkTime":28681,"runStep":13,"walkStep":43},{"distance":87.72,"mCalorie":4.1499996,"mOthersTime":0,"mRunTime":0,"mStartTime":33600000,"mTimeUnit":600000,"mWalkTime":78706,"runStep":0,"walkStep":118},{"distance":84.020004,"mCalorie":4.02,"mOthersTime":0,"mRunTime":0,"mStartTime":34200000,"mTimeUnit":600000,"mWalkTime":76705,"runStep":0,"walkStep":115},{"distance":28.029999,"mCalorie":1.5799999,"mOthersTime":0,"mRunTime":0,"mStartTime":34800000,"mTimeUnit":600000,"mWalkTime":27347,"runStep":0,"walkStep":41},{"distance":15.01,"mCalorie":1.07,"mOthersTime":0,"mRunTime":2400,"mStartTime":35400000,"mTimeUnit":600000,"mWalkTime":7337,"runStep":6,"walkStep":11},{"distance":68.17,"mCalorie":3.6,"mOthersTime":0,"mRunTime":0,"mStartTime":36000000,"mTimeUnit":600000,"mWalkTime":64699,"runStep":0,"walkStep":97},{"distance":52.120003,"mCalorie":2.56,"mOthersTime":0,"mRunTime":0,"mStartTime":36600000,"mTimeUnit":600000,"mWalkTime":48024,"runStep":0,"walkStep":72},{"distance":31.18,"mCalorie":1.35,"mOthersTime":0,"mRunTime":0,"mStartTime":37200000,"mTimeUnit":600000,"mWalkTime":26680,"runStep":0,"walkStep":40},{"distance":29.48,"mCalorie":1.4100001,"mOthersTime":0,"mRunTime":0,"mStartTime":37800000,"mTimeUnit":600000,"mWalkTime":26680,"runStep":0,"walkStep":40},{"distance":85.13,"mCalorie":4.39,"mOthersTime":0,"mRunTime":2000,"mStartTime":38400000,"mTimeUnit":600000,"mWalkTime":72703,"runStep":5,"walkStep":109},{"distance":17.89,"mCalorie":0.91,"mOthersTime":0,"mRunTime":0,"mStartTime":39000000,"mTimeUnit":600000,"mWalkTime":16675,"runStep":0,"walkStep":25},{"distance":11.42,"mCalorie":0.62,"mOthersTime":0,"mRunTime":0,"mStartTime":39600000,"mTimeUnit":600000,"mWalkTime":10672,"runStep":0,"walkStep":16},{"distance":112.83,"mCalorie":5.34,"mOthersTime":0,"mRunTime":0,"mStartTime":40200000,"mTimeUnit":600000,"mWalkTime":97382,"runStep":0,"walkStep":146},{"distance":7.14,"mCalorie":0.36,"mOthersTime":0,"mRunTime":0,"mStartTime":40800000,"mTimeUnit":600000,"mWalkTime":6670,"runStep":0,"walkStep":10},{"distance":86.67,"mCalorie":4.46,"mOthersTime":0,"mRunTime":0,"mStartTime":41400000,"mTimeUnit":600000,"mWalkTime":78039,"runStep":0,"walkStep":117},{"distance":23.06,"mCalorie":1.07,"mOthersTime":0,"mRunTime":0,"mStartTime":42000000,"mTimeUnit":600000,"mWalkTime":20010,"runStep":0,"walkStep":30},{"distance":141.4,"mCalorie":7.3700004,"mOthersTime":0,"mRunTime":0,"mStartTime":42600000,"mTimeUnit":600000,"mWalkTime":129398,"runStep":0,"walkStep":194},{"distance":32.36,"mCalorie":1.86,"mOthersTime":0,"mRunTime":1600,"mStartTime":43200000,"mTimeUnit":600000,"mWalkTime":24012,"runStep":4,"walkStep":36},{"distance":98.0,"mCalorie":5.09,"mOthersTime":0,"mRunTime":0,"mStartTime":43800000,"mTimeUnit":600000,"mWalkTime":90045,"runStep":0,"walkStep":135},{"distance":55.680004,"mCalorie":2.76,"mOthersTime":0,"mRunTime":0,"mStartTime":44400000,"mTimeUnit":600000,"mWalkTime":50692,"runStep":0,"walkStep":76},{"distance":41.11,"mCalorie":2.21,"mOthersTime":0,"mRunTime":0,"mStartTime":45000000,"mTimeUnit":600000,"mWalkTime":38686,"runStep":0,"walkStep":58},{"distance":68.95,"mCalorie":3.6799998,"mOthersTime":0,"mRunTime":0,"mStartTime":45600000,"mTimeUnit":600000,"mWalkTime":65366,"runStep":0,"walkStep":98},{"distance":133.22,"mCalorie":7.1000004,"mOthersTime":0,"mRunTime":0,"mStartTime":46200000,"mTimeUnit":600000,"mWalkTime":122728,"runStep":0,"walkStep":184},{"distance":171.36,"mCalorie":9.589999,"mOthersTime":0,"mRunTime":3200,"mStartTime":46800000,"mTimeUnit":600000,"mWalkTime":150045,"runStep":8,"walkStep":225},{"distance":14.26,"mCalorie":0.68,"mOthersTime":0,"mRunTime":0,"mStartTime":47400000,"mTimeUnit":600000,"mWalkTime":12673,"runStep":0,"walkStep":19},{"distance":121.82,"mCalorie":6.04,"mOthersTime":0,"mRunTime":0,"mStartTime":48600000,"mTimeUnit":600000,"mWalkTime":110055,"runStep":0,"walkStep":165},{"distance":22.23,"mCalorie":1.11,"mOthersTime":0,"mRunTime":0,"mStartTime":49200000,"mTimeUnit":600000,"mWalkTime":20677,"runStep":0,"walkStep":31},{"distance":28.55,"mCalorie":1.52,"mOthersTime":0,"mRunTime":0,"mStartTime":50400000,"mTimeUnit":600000,"mWalkTime":26013,"runStep":0,"walkStep":39},{"distance":46.41,"mCalorie":2.3600001,"mOthersTime":0,"mRunTime":0,"mStartTime":51600000,"mTimeUnit":600000,"mWalkTime":42688,"runStep":0,"walkStep":64},{"distance":10.63,"mCalorie":0.5,"mOthersTime":0,"mRunTime":0,"mStartTime":52200000,"mTimeUnit":600000,"mWalkTime":9338,"runStep":0,"walkStep":14},{"distance":215.98,"mCalorie":12.049999,"mOthersTime":0,"mRunTime":0,"mStartTime":52800000,"mTimeUnit":600000,"mWalkTime":202101,"runStep":0,"walkStep":303},{"distance":100.83,"mCalorie":5.1800003,"mOthersTime":0,"mRunTime":0,"mStartTime":53400000,"mTimeUnit":600000,"mWalkTime":94047,"runStep":0,"walkStep":141},{"distance":52.21,"mCalorie":2.67,"mOthersTime":0,"mRunTime":0,"mStartTime":54000000,"mTimeUnit":600000,"mWalkTime":50025,"runStep":0,"walkStep":75},{"distance":58.53,"mCalorie":3.25,"mOthersTime":0,"mRunTime":0,"mStartTime":54600000,"mTimeUnit":600000,"mWalkTime":57362,"runStep":0,"walkStep":86},{"distance":199.41,"mCalorie":9.96,"mOthersTime":0,"mRunTime":0,"mStartTime":55200000,"mTimeUnit":600000,"mWalkTime":178726,"runStep":0,"walkStep":276},{"distance":103.99,"mCalorie":4.94,"mOthersTime":0,"mRunTime":0,"mStartTime":55800000,"mTimeUnit":600000,"mWalkTime":94047,"runStep":0,"walkStep":141},{"distance":26.03,"mCalorie":1.14,"mOthersTime":0,"mRunTime":0,"mStartTime":56400000,"mTimeUnit":600000,"mWalkTime":22678,"runStep":0,"walkStep":34},{"distance":23.369999,"mCalorie":1.1,"mOthersTime":0,"mRunTime":0,"mStartTime":57000000,"mTimeUnit":600000,"mWalkTime":20677,"runStep":0,"walkStep":31},{"distance":19.27,"mCalorie":0.94,"mOthersTime":0,"mRunTime":0,"mStartTime":57600000,"mTimeUnit":600000,"mWalkTime":16675,"runStep":0,"walkStep":25},{"distance":17.560001,"mCalorie":0.86,"mOthersTime":0,"mRunTime":0,"mStartTime":58200000,"mTimeUnit":600000,"mWalkTime":14007,"runStep":0,"walkStep":21},{"distance":18.79,"mCalorie":1.21,"mOthersTime":0,"mRunTime":0,"mStartTime":58800000,"mTimeUnit":600000,"mWalkTime":14007,"runStep":0,"walkStep":21},{"distance":51.85,"mCalorie":2.81,"mOthersTime":0,"mRunTime":800,"mStartTime":59400000,"mTimeUnit":600000,"mWalkTime":44022,"runStep":2,"walkStep":66},{"distance":43.859997,"mCalorie":2.1899998,"mOthersTime":0,"mRunTime":0,"mStartTime":62400000,"mTimeUnit":600000,"mWalkTime":40687,"runStep":0,"walkStep":61},{"distance":16.06,"mCalorie":0.85999995,"mOthersTime":0,"mRunTime":0,"mStartTime":63000000,"mTimeUnit":600000,"mWalkTime":15341,"runStep":0,"walkStep":23},{"distance":18.32,"mCalorie":1.15,"mOthersTime":0,"mRunTime":0,"mStartTime":63600000,"mTimeUnit":600000,"mWalkTime":18009,"runStep":0,"walkStep":27},{"distance":26.6,"mCalorie":1.53,"mOthersTime":0,"mRunTime":1200,"mStartTime":64200000,"mTimeUnit":600000,"mWalkTime":20677,"runStep":3,"walkStep":31},{"distance":8.59,"mCalorie":0.39,"mOthersTime":0,"mRunTime":0,"mStartTime":64800000,"mTimeUnit":600000,"mWalkTime":7337,"runStep":0,"walkStep":11},{"distance":39.48,"mCalorie":2.54,"mOthersTime":0,"mRunTime":2400,"mStartTime":67800000,"mTimeUnit":600000,"mWalkTime":30682,"runStep":6,"walkStep":46},{"distance":20.58,"mCalorie":1.48,"mOthersTime":0,"mRunTime":4000,"mStartTime":68400000,"mTimeUnit":600000,"mWalkTime":8004,"runStep":10,"walkStep":12},{"distance":9.54,"mCalorie":0.58,"mOthersTime":0,"mRunTime":0,"mStartTime":69000000,"mTimeUnit":600000,"mWalkTime":7337,"runStep":0,"walkStep":11},{"distance":7.46,"mCalorie":0.35,"mOthersTime":0,"mRunTime":0,"mStartTime":69600000,"mTimeUnit":600000,"mWalkTime":6670,"runStep":0,"walkStep":10},{"distance":24.35,"mCalorie":1.27,"mOthersTime":0,"mRunTime":0,"mStartTime":75000000,"mTimeUnit":600000,"mWalkTime":22678,"runStep":0,"walkStep":34},{"distance":45.29,"mCalorie":2.46,"mOthersTime":0,"mRunTime":800,"mStartTime":75600000,"mTimeUnit":600000,"mWalkTime":38686,"runStep":2,"walkStep":58},{"distance":8.75,"mCalorie":0.43,"mOthersTime":0,"mRunTime":0,"mStartTime":76200000,"mTimeUnit":600000,"mWalkTime":8004,"runStep":0,"walkStep":12},{"distance":9.28,"mCalorie":0.52,"mOthersTime":0,"mRunTime":0,"mStartTime":76800000,"mTimeUnit":600000,"mWalkTime":8671,"runStep":0,"walkStep":13},{"distance":33.7,"mCalorie":1.76,"mOthersTime":0,"mRunTime":0,"mStartTime":77400000,"mTimeUnit":600000,"mWalkTime":32016,"runStep":0,"walkStep":48},{"distance":8.31,"mCalorie":0.4,"mOthersTime":0,"mRunTime":0,"mStartTime":78600000,"mTimeUnit":600000,"mWalkTime":7337,"runStep":0,"walkStep":11},{"distance":28.340002,"mCalorie":1.58,"mOthersTime":0,"mRunTime":1600,"mStartTime":81600000,"mTimeUnit":600000,"mWalkTime":20010,"runStep":4,"walkStep":30},{"distance":6.93,"mCalorie":0.37,"mOthersTime":0,"mRunTime":0,"mStartTime":82800000,"mTimeUnit":600000,"mWalkTime":6670,"runStep":0,"walkStep":10},{"distance":31.55,"mCalorie":1.4200001,"mOthersTime":0,"mRunTime":0,"mStartTime":83400000,"mTimeUnit":600000,"mWalkTime":28014,"runStep":0,"walkStep":42},{"distance":31.740002,"mCalorie":1.9,"mOthersTime":0,"mRunTime":2000,"mStartTime":84000000,"mTimeUnit":600000,"mWalkTime":23345,"runStep":5,"walkStep":35}],"version":1}