{"mAdaptiveGoal":0,"mIsGoalAchieved":false,"mIsMostActiveAchieved":false,"mMostActiveMinutes":0,"mStreakDayCount":0,"mUnitDataList":[{"distance":16.68,"mCalorie":0.84,"mOthersTime":0,"mRunTime":0,"mStartTime":9600000,"mTimeUnit":600000,"mWalkTime":15341,"runStep":0,"walkStep":23},{"distance":119.262,"mCalorie":5.7400002,"mOthersTime":0,"mRunTime":1200,"mStartTime":14400000,"mTimeUnit":600000,"mWalkTime":101384,"runStep":3,"walkStep":152},{"distance":154.209,"mCalorie":8.191,"mOthersTime":0,"mRunTime":1600,"mStartTime":15000000,"mTimeUnit":600000,"mWalkTime":151409,"runStep":4,"walkStep":227},{"distance":21.73,"mCalorie":1.14,"mOthersTime":0,"mRunTime":0,"mStartTime":15600000,"mTimeUnit":600000,"mWalkTime":20677,"runStep":0,"walkStep":31},{"distance":73.17,"mCalorie":3.73,"mOthersTime":0,"mRunTime":0,"mStartTime":16200000,"mTimeUnit":600000,"mWalkTime":66033,"runStep":0,"walkStep":99},{"distance":10.37,"mCalorie":0.51,"mOthersTime":0,"mRunTime":0,"mStartTime":17400000,"mTimeUnit":600000,"mWalkTime":10005,"runStep":0,"walkStep":15},{"distance":84.191,"mCalorie":3.9099998,"mOthersTime":0,"mRunTime":0,"mStartTime":18000000,"mTimeUnit":600000,"mWalkTime":74704,"runStep":0,"walkStep":112},{"distance":78.38,"mCalorie":3.6499999,"mOthersTime":0,"mRunTime":0,"mStartTime":18600000,"mTimeUnit":600000,"mWalkTime":68034,"runStep":0,"walkStep":102},{"distance":69.962006,"mCalorie":3.62,"mOthersTime":0,"mRunTime":2000,"mStartTime":19200000,"mTimeUnit":600000,"mWalkTime":58029,"runStep":5,"walkStep":87},{"distance":10.742,"mCalorie":0.52,"mOthersTime":0,"mRunTime":0,"mStartTime":20400000,"mTimeUnit":600000,"mWalkTime":8671,"runStep":0,"walkStep":13},{"distance":13.97,"mCalorie":0.6,"mOthersTime":0,"mRunTime":0,"mStartTime":21600000,"mTimeUnit":600000,"mWalkTime":12006,"runStep":0,"walkStep":18},{"distance":9.73,"mCalorie":0.55,"mOthersTime":0,"mRunTime":0,"mStartTime":24000000,"mTimeUnit":600000,"mWalkTime":8671,"runStep":0,"walkStep":13},{"distance":10.26,"mCalorie":0.44,"mOthersTime":0,"mRunTime":0,"mStartTime":24600000,"mTimeUnit":600000,"mWalkTime":8671,"runStep":0,"walkStep":13},{"distance":32.61,"mCalorie":1.74,"mOthersTime":0,"mRunTime":400,"mStartTime":25200000,"mTimeUnit":600000,"mWalkTime":30682,"runStep":1,"walkStep":46},{"distance":19.49,"mCalorie":0.9,"mOthersTime":0,"mRunTime":400,"mStartTime":30000000,"mTimeUnit":600000,"mWalkTime":14007,"runStep":1,"walkStep":21},{"distance":53.124,"mCalorie":2.3,"mOthersTime":0,"mRunTime":0,"mStartTime":30600000,"mTimeUnit":600000,"mWalkTime":45356,"runStep":0,"walkStep":68},{"distance":43.92,"mCalorie":2.35,"mOthersTime":0,"mRunTime":0,"mStartTime":31200000,"mTimeUnit":600000,"mWalkTime":39353,"runStep":0,"walkStep":59},{"distance":7.2,"mCalorie":0.36,"mOthersTime":0,"mRunTime":0,"mStartTime":32400000,"mTimeUnit":600000,"mWalkTime":6670,"runStep":0,"walkStep":10},{"distance":69.090004,"mCalorie":3.4099998,"mOthersTime":0,"mRunTime":0,"mStartTime":33000000,"mTimeUnit":600000,"mWalkTime":62031,"runStep":0,"walkStep":93},{"distance":95.94199,"mCalorie":4.8399997,"mOthersTime":0,"mRunTime":1600,"mStartTime":33600000,"mTimeUnit":600000,"mWalkTime":80707,"runStep":4,"walkStep":121},{"distance":82.229996,"mCalorie":4.82,"mOthersTime":0,"mRunTime":0,"mStartTime":34800000,"mTimeUnit":600000,"mWalkTime":77372,"runStep":0,"walkStep":116},{"distance":28.880001,"mCalorie":1.6299999,"mOthersTime":0,"mRunTime":0,"mStartTime":35400000,"mTimeUnit":600000,"mWalkTime":27347,"runStep":0,"walkStep":41},{"distance":65.82,"mCalorie":3.73,"mOthersTime":0,"mRunTime":2400,"mStartTime":36000000,"mTimeUnit":600000,"mWalkTime":53360,"runStep":6,"walkStep":80},{"distance":39.43,"mCalorie":2.04,"mOthersTime":0,"mRunTime":0,"mStartTime":36600000,"mTimeUnit":600000,"mWalkTime":36018,"runStep":0,"walkStep":54},{"distance":71.5,"mCalorie":3.7900002,"mOthersTime":0,"mRunTime":0,"mStartTime":37200000,"mTimeUnit":600000,"mWalkTime":66033,"runStep":0,"walkStep":99},{"distance":82.837006,"mCalorie":4.6099997,"mOthersTime":0,"mRunTime":4800,"mStartTime":37800000,"mTimeUnit":600000,"mWalkTime":68701,"runStep":12,"walkStep":103},{"distance":181.99,"mCalorie":9.09,"mOthersTime":0,"mRunTime":0,"mStartTime":38400000,"mTimeUnit":600000,"mWalkTime":160050,"runStep":0,"walkStep":246},{"distance":60.93,"mCalorie":3.22,"mOthersTime":0,"mRunTime":0,"mStartTime":39000000,"mTimeUnit":600000,"mWalkTime":57362,"runStep":0,"walkStep":86},{"distance":74.07,"mCalorie":3.54,"mOthersTime":0,"mRunTime":0,"mStartTime":39600000,"mTimeUnit":600000,"mWalkTime":65366,"runStep":0,"walkStep":98},{"distance":200.31,"mCalorie":10.49,"mOthersTime":0,"mRunTime":0,"mStartTime":40200000,"mTimeUnit":600000,"mWalkTime":184759,"runStep":0,"walkStep":277},{"distance":45.178,"mCalorie":2.3200002,"mOthersTime":0,"mRunTime":1200,"mStartTime":40800000,"mTimeUnit":600000,"mWalkTime":37352,"runStep":3,"walkStep":56},{"distance":69.75,"mCalorie":3.5000002,"mOthersTime":0,"mRunTime":0,"mStartTime":41400000,"mTimeUnit":600000,"mWalkTime":62698,"runStep":0,"walkStep":94},{"distance":142.409,"mCalorie":7.4999995,"mOthersTime":0,"mRunTime":0,"mStartTime":42000000,"mTimeUnit":600000,"mWalkTime":130732,"runStep":0,"walkStep":196},{"distance":18.68,"mCalorie":1.0699999,"mOthersTime":0,"mRunTime":0,"mStartTime":42600000,"mTimeUnit":600000,"mWalkTime":18009,"runStep":0,"walkStep":27},{"distance":23.82,"mCalorie":1.24,"mOthersTime":0,"mRunTime":0,"mStartTime":43200000,"mTimeUnit":600000,"mWalkTime":22011,"runStep":0,"walkStep":33},{"distance":13.32,"mCalorie":0.71999997,"mOthersTime":0,"mRunTime":0,"mStartTime":43800000,"mTimeUnit":600000,"mWalkTime":12673,"runStep":0,"walkStep":19},{"distance":191.15,"mCalorie":10.069,"mOthersTime":0,"mRunTime":0,"mStartTime":44400000,"mTimeUnit":600000,"mWalkTime":177422,"runStep":0,"walkStep":266},{"distance":197.01,"mCalorie":10.47,"mOthersTime":0,"mRunTime":0,"mStartTime":45000000,"mTimeUnit":600000,"mWalkTime":172723,"runStep":0,"walkStep":267},{"distance":40.77,"mCalorie":1.85,"mOthersTime":0,"mRunTime":0,"mStartTime":46200000,"mTimeUnit":600000,"mWalkTime":36685,"runStep":0,"walkStep":55},{"distance":120.54001,"mCalorie":5.5899997,"mOthersTime":0,"mRunTime":0,"mStartTime":46800000,"mTimeUnit":600000,"mWalkTime":107387,"runStep":0,"walkStep":161},{"distance":24.869999,"mCalorie":1.13,"mOthersTime":0,"mRunTime":0,"mStartTime":47400000,"mTimeUnit":600000,"mWalkTime":22011,"runStep":0,"walkStep":33},{"distance":111.79,"mCalorie":5.4100003,"mOthersTime":0,"mRunTime":2800,"mStartTime":48000000,"mTimeUnit":600000,"mWalkTime":91379,"runStep":7,"walkStep":137},{"distance":211.48401,"mCalorie":10.19,"mOthersTime":0,"mRunTime":0,"mStartTime":49200000,"mTimeUnit":600000,"mWalkTime":192096,"runStep":0,"walkStep":288},{"distance":85.1,"mCalorie":4.26,"mOthersTime":0,"mRunTime":400,"mStartTime":49800000,"mTimeUnit":600000,"mWalkTime":76705,"runStep":1,"walkStep":115},{"distance":22.31,"mCalorie":1.33,"mOthersTime":0,"mRunTime":0,"mStartTime":50400000,"mTimeUnit":600000,"mWalkTime":21344,"runStep":0,"walkStep":32},{"distance":78.809,"mCalorie":3.99,"mOthersTime":0,"mRunTime":400,"mStartTime":54600000,"mTimeUnit":600000,"mWalkTime":67367,"runStep":1,"walkStep":101},{"distance":187.74,"mCalorie":9.040001,"mOthersTime":0,"mRunTime":0,"mStartTime":55800000,"mTimeUnit":600000,"mWalkTime":155381,"runStep":0,"walkStep":252},{"distance":17.529999,"mCalorie":0.83,"mOthersTime":0,"mRunTime":0,"mStartTime":56400000,"mTimeUnit":600000,"mWalkTime":16008,"runStep":0,"walkStep":24},{"distance":36.8,"mCalorie":1.61,"mOthersTime":0,"mRunTime":400,"mStartTime":57000000,"mTimeUnit":600000,"mWalkTime":29348,"runStep":1,"walkStep":44},{"distance":211.431,"mCalorie":10.55,"mOthersTime":0,"mRunTime":0,"mStartTime":57600000,"mTimeUnit":600000,"mWalkTime":190732,"runStep":0,"walkStep":293},{"distance":9.77,"mCalorie":0.46,"mOthersTime":0,"mRunTime":0,"mStartTime":58200000,"mTimeUnit":600000,"mWalkTime":8671,"runStep":0,"walkStep":13},{"distance":40.059998,"mCalorie":2.05,"mOthersTime":0,"mRunTime":0,"mStartTime":58800000,"mTimeUnit":600000,"mWalkTime":37352,"runStep":0,"walkStep":56},{"distance":8.48,"mCalorie":0.42,"mOthersTime":0,"mRunTime":0,"mStartTime":59400000,"mTimeUnit":600000,"mWalkTime":8004,"runStep":0,"walkStep":12},{"distance":17.625,"mCalorie":0.82,"mOthersTime":0,"mRunTime":0,"mStartTime":60000000,"mTimeUnit":600000,"mWalkTime":16008,"runStep":0,"walkStep":24},{"distance":9.62,"mCalorie":0.38,"mOthersTime":0,"mRunTime":0,"mStartTime":64200000,"mTimeUnit":600000,"mWalkTime":8004,"runStep":0,"walkStep":12},{"distance":25.740002,"mCalorie":1.21,"mOthersTime":0,"mRunTime":0,"mStartTime":65400000,"mTimeUnit":600000,"mWalkTime":23345,"runStep":0,"walkStep":35},{"distance":71.84,"mCalorie":3.3600001,"mOthersTime":0,"mRunTime":0,"mStartTime":66000000,"mTimeUnit":600000,"mWalkTime":62031,"runStep":0,"walkStep":93},{"distance":49.102,"mCalorie":2.4,"mOthersTime":0,"mRunTime":0,"mStartTime":67200000,"mTimeUnit":600000,"mWalkTime":44022,"runStep":0,"walkStep":66},{"distance":24.490002,"mCalorie":1.29,"mOthersTime":0,"mRunTime":0,"mStartTime":68400000,"mTimeUnit":600000,"mWalkTime":22678,"runStep":0,"walkStep":34},{"distance":9.48,"mCalorie":0.51,"mOthersTime":0,"mRunTime":400,"mStartTime":69000000,"mTimeUnit":600000,"mWalkTime":6670,"runStep":1,"walkStep":10},{"distance":125.86,"mCalorie":6.33,"mOthersTime":0,"mRunTime":0,"mStartTime":69600000,"mTimeUnit":600000,"mWalkTime":116725,"runStep":0,"walkStep":175},{"distance":17.32,"mCalorie":0.84,"mOthersTime":0,"mRunTime":0,"mStartTime":72000000,"mTimeUnit":600000,"mWalkTime":16008,"runStep":0,"walkStep":24},{"distance":214.514,"mCalorie":10.54,"mOthersTime":0,"mRunTime":5600,"mStartTime":72600000,"mTimeUnit":600000,"mWalkTime":178756,"runStep":14,"walkStep":268},{"distance":177.35599,"mCalorie":8.63,"mOthersTime":0,"mRunTime":1200,"mStartTime":73200000,"mTimeUnit":600000,"mWalkTime":151409,"runStep":3,"walkStep":227},{"distance":95.009,"mCalorie":4.5600004,"mOthersTime":0,"mRunTime":0,"mStartTime":73800000,"mTimeUnit":600000,"mWalkTime":84709,"runStep":0,"walkStep":127},{"distance":7.52,"mCalorie":0.42,"mOthersTime":0,"mRunTime":0,"mStartTime":75000000,"mTimeUnit":600000,"mWalkTime":7337,"runStep":0,"walkStep":11},{"distance":64.520004,"mCalorie":3.1100001,"mOthersTime":0,"mRunTime":2400,"mStartTime":76800000,"mTimeUnit":600000,"mWalkTime":52026,"runStep":6,"walkStep":78},{"distance":21.57,"mCalorie":0.90999997,"mOthersTime":0,"mRunTime":0,"mStartTime":77400000,"mTimeUnit":600000,"mWalkTime":18009,"runStep":0,"walkStep":27},{"distance":1.52,"mCalorie":0.08,"mOthersTime":0,"mRunTime":0,"mStartTime":78000000,"mTimeUnit":600000,"mWalkTime":1334,"runStep":0,"walkStep":2},{"distance":11.079,"mCalorie":0.42,"mOthersTime":0,"mRunTime":0,"mStartTime":78600000,"mTimeUnit":600000,"mWalkTime":10005,"runStep":0,"walkStep":15},{"distance":97.271996,"mCalorie":4.52,"mOthersTime":0,"mRunTime":400,"mStartTime":80400000,"mTimeUnit":600000,"mWalkTime":83375,"runStep":1,"walkStep":125},{"distance":79.31,"mCalorie":3.9399998,"mOthersTime":0,"mRunTime":0,"mStartTime":81000000,"mTimeUnit":600000,"mWalkTime":70702,"runStep":0,"walkStep":106},{"distance":66.381,"mCalorie":3.2199998,"mOthersTime":0,"mRunTime":0,"mStartTime":81600000,"mTimeUnit":600000,"mWalkTime":59363,"runStep":0,"walkStep":89},{"distance":8.12,"mCalorie":0.49,"mOthersTime":0,"mRunTime":0,"mStartTime":82200000,"mTimeUnit":600000,"mWalkTime":8004,"runStep":0,"walkStep":12},{"distance":8.76,"mCalorie":0.38,"mOthersTime":0,"mRunTime":0,"mStartTime":82800000,"mTimeUnit":600000,"mWalkTime":8004,"runStep":0,"walkStep":12},{"distance":135.521,"mCalorie":6.8299994,"mOthersTime":0,"mRunTime":1600,"mStartTime":84000000,"mTimeUnit":600000,"mWalkTime":117392,"runStep":4,"walkStep":176},{"distance":84.337,"mCalorie":4.08,"mOthersTime":0,"mRunTime":0,"mStartTime":84600000,"mTimeUnit":600000,"mWalkTime":76038,"runStep":0,"walkStep":114},{"distance":56.587997,"mCalorie":3.1,"mOthersTime":0,"mRunTime":1200,"mStartTime":85200000,"mTimeUnit":600000,"mWalkTime":47357,"runStep":3,"walkStep":71}],"version":1}