{"mAdaptiveGoal":0,"mIsGoalAchieved":false,"mIsMostActiveAchieved":false,"mMostActiveMinutes":0,"mStreakDayCount":0,"mUnitDataList":[{"distance":8.42,"mCalorie":0.34,"mOthersTime":0,"mRunTime":0,"mStartTime":18600000,"mTimeUnit":600000,"mWalkTime":6670,"runStep":0,"walkStep":10},{"distance":13.499,"mCalorie":0.791,"mOthersTime":0,"mRunTime":2400,"mStartTime":19200000,"mTimeUnit":600000,"mWalkTime":7337,"runStep":6,"walkStep":11},{"distance":33.53,"mCalorie":1.74,"mOthersTime":0,"mRunTime":0,"mStartTime":22800000,"mTimeUnit":600000,"mWalkTime":28014,"runStep":0,"walkStep":42},{"distance":106.87599,"mCalorie":5.47,"mOthersTime":0,"mRunTime":0,"mStartTime":23400000,"mTimeUnit":600000,"mWalkTime":104719,"runStep":0,"walkStep":157},{"distance":91.7,"mCalorie":4.62,"mOthersTime":0,"mRunTime":0,"mStartTime":24000000,"mTimeUnit":600000,"mWalkTime":85376,"runStep":0,"walkStep":128},{"distance":25.6,"mCalorie":1.13,"mOthersTime":0,"mRunTime":0,"mStartTime":24600000,"mTimeUnit":600000,"mWalkTime":22678,"runStep":0,"walkStep":34},{"distance":26.85,"mCalorie":1.38,"mOthersTime":0,"mRunTime":0,"mStartTime":25800000,"mTimeUnit":600000,"mWalkTime":24679,"runStep":0,"walkStep":37},{"distance":136.58,"mCalorie":6.68,"mOthersTime":0,"mRunTime":0,"mStartTime":26400000,"mTimeUnit":600000,"mWalkTime":126730,"runStep":0,"walkStep":190},{"distance":72.37,"mCalorie":3.5900002,"mOthersTime":0,"mRunTime":0,"mStartTime":27000000,"mTimeUnit":600000,"mWalkTime":64699,"runStep":0,"walkStep":97},{"distance":75.25,"mCalorie":3.67,"mOthersTime":0,"mRunTime":0,"mStartTime":27600000,"mTimeUnit":600000,"mWalkTime":68034,"runStep":0,"walkStep":102},{"distance":33.906,"mCalorie":1.81,"mOthersTime":0,"mRunTime":400,"mStartTime":28200000,"mTimeUnit":600000,"mWalkTime":28681,"runStep":1,"walkStep":43},{"distance":11.99,"mCalorie":0.64,"mOthersTime":0,"mRunTime":0,"mStartTime":31800000,"mTimeUnit":600000,"mWalkTime":11339,"runStep":0,"walkStep":17},{"distance":31.15,"mCalorie":1.66,"mOthersTime":0,"mRunTime":0,"mStartTime":32400000,"mTimeUnit":600000,"mWalkTime":30015,"runStep":0,"walkStep":45},{"distance":24.59,"mCalorie":1.34,"mOthersTime":0,"mRunTime":0,"mStartTime":33000000,"mTimeUnit":600000,"mWalkTime":22678,"runStep":0,"walkStep":34},{"distance":34.7,"mCalorie":1.6,"mOthersTime":0,"mRunTime":0,"mStartTime":37200000,"mTimeUnit":600000,"mWalkTime":31349,"runStep":0,"walkStep":47},{"distance":8.01,"mCalorie":0.35,"mOthersTime":0,"mRunTime":0,"mStartTime":37800000,"mTimeUnit":600000,"mWalkTime":6670,"runStep":0,"walkStep":10},{"distance":37.300003,"mCalorie":2.35,"mOthersTime":0,"mRunTime":0,"mStartTime":38400000,"mTimeUnit":600000,"mWalkTime":36685,"runStep":0,"walkStep":55},{"distance":25.579998,"mCalorie":1.4200001,"mOthersTime":0,"mRunTime":0,"mStartTime":39000000,"mTimeUnit":600000,"mWalkTime":23345,"runStep":0,"walkStep":35},{"distance":46.901,"mCalorie":2.8899999,"mOthersTime":0,"mRunTime":4400,"mStartTime":42000000,"mTimeUnit":600000,"mWalkTime":33350,"runStep":11,"walkStep":50},{"distance":24.68,"mCalorie":1.1,"mOthersTime":0,"mRunTime":0,"mStartTime":42600000,"mTimeUnit":600000,"mWalkTime":22678,"runStep":0,"walkStep":34},{"distance":102.18,"mCalorie":5.35,"mOthersTime":0,"mRunTime":0,"mStartTime":43200000,"mTimeUnit":600000,"mWalkTime":95381,"runStep":0,"walkStep":143},{"distance":76.26,"mCalorie":4.12,"mOthersTime":0,"mRunTime":0,"mStartTime":43800000,"mTimeUnit":600000,"mWalkTime":71369,"runStep":0,"walkStep":107},{"distance":16.9,"mCalorie":0.94000006,"mOthersTime":0,"mRunTime":0,"mStartTime":44400000,"mTimeUnit":600000,"mWalkTime":16008,"runStep":0,"walkStep":24},{"distance":54.97,"mCalorie":2.81,"mOthersTime":0,"mRunTime":0,"mStartTime":45000000,"mTimeUnit":600000,"mWalkTime":50692,"runStep":0,"walkStep":76},{"distance":6.14,"mCalorie":0.42,"mOthersTime":0,"mRunTime":0,"mStartTime":45600000,"mTimeUnit":600000,"mWalkTime":6003,"runStep":0,"walkStep":9},{"distance":124.19,"mCalorie":6.2299995,"mOthersTime":0,"mRunTime":0,"mStartTime":46800000,"mTimeUnit":600000,"mWalkTime":113390,"runStep":0,"walkStep":170},{"distance":150.62999,"mCalorie":7.8999996,"mOthersTime":0,"mRunTime":0,"mStartTime":47400000,"mTimeUnit":600000,"mWalkTime":124699,"runStep":0,"walkStep":203},{"distance":38.96,"mCalorie":1.85,"mOthersTime":0,"mRunTime":0,"mStartTime":53400000,"mTimeUnit":600000,"mWalkTime":34017,"runStep":0,"walkStep":51},{"distance":8.27,"mCalorie":0.35,"mOthersTime":0,"mRunTime":0,"mStartTime":54600000,"mTimeUnit":600000,"mWalkTime":7337,"runStep":0,"walkStep":11},{"distance":74.72,"mCalorie":3.65,"mOthersTime":0,"mRunTime":800,"mStartTime":55200000,"mTimeUnit":600000,"mWalkTime":64699,"runStep":2,"walkStep":97},{"distance":30.43,"mCalorie":1.8399999,"mOthersTime":0,"mRunTime":1200,"mStartTime":55800000,"mTimeUnit":600000,"mWalkTime":24012,"runStep":3,"walkStep":36},{"distance":63.34,"mCalorie":3.1599998,"mOthersTime":0,"mRunTime":0,"mStartTime":56400000,"mTimeUnit":600000,"mWalkTime":53360,"runStep":0,"walkStep":80},{"distance":11.02,"mCalorie":0.47,"mOthersTime":0,"mRunTime":0,"mStartTime":57000000,"mTimeUnit":600000,"mWalkTime":9338,"runStep":0,"walkStep":14},{"distance":17.92,"mCalorie":0.96000004,"mOthersTime":0,"mRunTime":0,"mStartTime":59400000,"mTimeUnit":600000,"mWalkTime":16675,"runStep":0,"walkStep":25},{"distance":12.97,"mCalorie":0.64,"mOthersTime":0,"mRunTime":0,"mStartTime":60000000,"mTimeUnit":600000,"mWalkTime":12006,"runStep":0,"walkStep":18},{"distance":46.354,"mCalorie":2.15,"mOthersTime":0,"mRunTime":0,"mStartTime":60600000,"mTimeUnit":600000,"mWalkTime":40687,"runStep":0,"walkStep":61},{"distance":45.88,"mCalorie":2.22,"mOthersTime":0,"mRunTime":0,"mStartTime":61200000,"mTimeUnit":600000,"mWalkTime":40687,"runStep":0,"walkStep":61},{"distance":45.434,"mCalorie":2.8000002,"mOthersTime":0,"mRunTime":2400,"mStartTime":63000000,"mTimeUnit":600000,"mWalkTime":36685,"runStep":6,"walkStep":55},{"distance":21.099998,"mCalorie":0.98,"mOthersTime":0,"mRunTime":0,"mStartTime":63600000,"mTimeUnit":600000,"mWalkTime":19343,"runStep":0,"walkStep":29},{"distance":4.91,"mCalorie":0.26,"mOthersTime":0,"mRunTime":0,"mStartTime":64200000,"mTimeUnit":600000,"mWalkTime":4669,"runStep":0,"walkStep":7},{"distance":73.459,"mCalorie":3.6699998,"mOthersTime":0,"mRunTime":0,"mStartTime":64800000,"mTimeUnit":600000,"mWalkTime":66700,"runStep":0,"walkStep":100},{"distance":52.77,"mCalorie":2.82,"mOthersTime":0,"mRunTime":0,"mStartTime":65400000,"mTimeUnit":600000,"mWalkTime":50025,"runStep":0,"walkStep":75},{"distance":12.56,"mCalorie":0.88,"mOthersTime":0,"mRunTime":1200,"mStartTime":66000000,"mTimeUnit":600000,"mWalkTime":9338,"runStep":3,"walkStep":14},{"distance":73.98,"mCalorie":3.8799999,"mOthersTime":0,"mRunTime":400,"mStartTime":66600000,"mTimeUnit":600000,"mWalkTime":65366,"runStep":1,"walkStep":98},{"distance":140.87,"mCalorie":7.5699997,"mOthersTime":0,"mRunTime":0,"mStartTime":67200000,"mTimeUnit":600000,"mWalkTime":138069,"runStep":0,"walkStep":207},{"distance":64.90001,"mCalorie":3.1899998,"mOthersTime":0,"mRunTime":0,"mStartTime":67800000,"mTimeUnit":600000,"mWalkTime":58696,"runStep":0,"walkStep":88},{"distance":24.09,"mCalorie":1.3399999,"mOthersTime":0,"mRunTime":800,"mStartTime":68400000,"mTimeUnit":600000,"mWalkTime":18676,"runStep":2,"walkStep":28},{"distance":67.63,"mCalorie":3.58,"mOthersTime":0,"mRunTime":400,"mStartTime":70200000,"mTimeUnit":600000,"mWalkTime":59363,"runStep":1,"walkStep":89},{"distance":74.81,"mCalorie":3.61,"mOthersTime":0,"mRunTime":0,"mStartTime":70800000,"mTimeUnit":600000,"mWalkTime":68034,"runStep":0,"walkStep":102},{"distance":56.62,"mCalorie":2.7200003,"mOthersTime":0,"mRunTime":0,"mStartTime":71400000,"mTimeUnit":600000,"mWalkTime":50692,"runStep":0,"walkStep":76},{"distance":64.71,"mCalorie":3.52,"mOthersTime":0,"mRunTime":1200,"mStartTime":72000000,"mTimeUnit":600000,"mWalkTime":53360,"runStep":3,"walkStep":80},{"distance":28.5,"mCalorie":1.15,"mOthersTime":0,"mRunTime":0,"mStartTime":72600000,"mTimeUnit":600000,"mWalkTime":24012,"runStep":0,"walkStep":36},{"distance":18.45,"mCalorie":0.91,"mOthersTime":0,"mRunTime":0,"mStartTime":74400000,"mTimeUnit":600000,"mWalkTime":16675,"runStep":0,"walkStep":25},{"distance":5.34,"mCalorie":0.24,"mOthersTime":0,"mRunTime":0,"mStartTime":76200000,"mTimeUnit":600000,"mWalkTime":4669,"runStep":0,"walkStep":7},{"distance":37.850002,"mCalorie":2.02,"mOthersTime":0,"mRunTime":0,"mStartTime":79200000,"mTimeUnit":600000,"mWalkTime":34017,"runStep":0,"walkStep":51},{"distance":59.05,"mCalorie":2.95,"mOthersTime":0,"mRunTime":0,"mStartTime":79800000,"mTimeUnit":600000,"mWalkTime":52693,"runStep":0,"walkStep":79}],"version":1}