{"mAdaptiveGoal":0,"mIsGoalAchieved":false,"mIsMostActiveAchieved":false,"mMostActiveMinutes":0,"mStreakDayCount":0,"mUnitDataList":[{"distance":26.38,"mCalorie":1.29,"mOthersTime":0,"mRunTime":0,"mStartTime":31200000,"mTimeUnit":600000,"mWalkTime":24012,"runStep":0,"walkStep":36},{"distance":11.11,"mCalorie":0.51,"mOthersTime":0,"mRunTime":0,"mStartTime":33600000,"mTimeUnit":600000,"mWalkTime":10005,"runStep":0,"walkStep":15},{"distance":123.40001,"mCalorie":6.55,"mOthersTime":0,"mRunTime":0,"mStartTime":34200000,"mTimeUnit":600000,"mWalkTime":120727,"runStep":0,"walkStep":181},{"distance":35.55,"mCalorie":1.85,"mOthersTime":0,"mRunTime":0,"mStartTime":34800000,"mTimeUnit":600000,"mWalkTime":32016,"runStep":0,"walkStep":48},{"distance":63.410004,"mCalorie":3.0,"mOthersTime":0,"mRunTime":0,"mStartTime":38400000,"mTimeUnit":600000,"mWalkTime":56695,"runStep":0,"walkStep":85},{"distance":351.22,"mCalorie":18.0,"mOthersTime":0,"mRunTime":0,"mStartTime":39000000,"mTimeUnit":600000,"mWalkTime":298089,"runStep":0,"walkStep":475},{"distance":176.41998,"mCalorie":9.320001,"mOthersTime":0,"mRunTime":0,"mStartTime":39600000,"mTimeUnit":600000,"mWalkTime":156715,"runStep":0,"walkStep":237},{"distance":25.380001,"mCalorie":0.99,"mOthersTime":0,"mRunTime":0,"mStartTime":40200000,"mTimeUnit":600000,"mWalkTime":20010,"runStep":0,"walkStep":30},{"distance":21.38,"mCalorie":1.09,"mOthersTime":0,"mRunTime":0,"mStartTime":40800000,"mTimeUnit":600000,"mWalkTime":19343,"runStep":0,"walkStep":29},{"distance":17.849998,"mCalorie":0.87,"mOthersTime":0,"mRunTime":0,"mStartTime":41400000,"mTimeUnit":600000,"mWalkTime":16008,"runStep":0,"walkStep":24},{"distance":105.46001,"mCalorie":5.58,"mOthersTime":0,"mRunTime":1600,"mStartTime":42000000,"mTimeUnit":600000,"mWalkTime":88044,"runStep":4,"walkStep":132},{"distance":8.25,"mCalorie":0.47,"mOthersTime":0,"mRunTime":0,"mStartTime":42600000,"mTimeUnit":600000,"mWalkTime":8004,"runStep":0,"walkStep":12},{"distance":193.45999,"mCalorie":9.3,"mOthersTime":0,"mRunTime":400,"mStartTime":43200000,"mTimeUnit":600000,"mWalkTime":172056,"runStep":1,"walkStep":264},{"distance":122.44,"mCalorie":6.53,"mOthersTime":0,"mRunTime":0,"mStartTime":43800000,"mTimeUnit":600000,"mWalkTime":114724,"runStep":0,"walkStep":172},{"distance":210.88,"mCalorie":11.280001,"mOthersTime":0,"mRunTime":800,"mStartTime":44400000,"mTimeUnit":600000,"mWalkTime":190762,"runStep":2,"walkStep":286},{"distance":12.48,"mCalorie":0.62,"mOthersTime":0,"mRunTime":0,"mStartTime":46200000,"mTimeUnit":600000,"mWalkTime":11339,"runStep":0,"walkStep":17},{"distance":176.77,"mCalorie":9.03,"mOthersTime":0,"mRunTime":0,"mStartTime":46800000,"mTimeUnit":600000,"mWalkTime":160687,"runStep":0,"walkStep":245},{"distance":122.11,"mCalorie":7.9200006,"mOthersTime":0,"mRunTime":0,"mStartTime":47400000,"mTimeUnit":600000,"mWalkTime":116725,"runStep":0,"walkStep":175},{"distance":24.68,"mCalorie":1.3,"mOthersTime":0,"mRunTime":0,"mStartTime":48000000,"mTimeUnit":600000,"mWalkTime":22678,"runStep":0,"walkStep":34},{"distance":15.27,"mCalorie":0.78,"mOthersTime":0,"mRunTime":0,"mStartTime":51600000,"mTimeUnit":600000,"mWalkTime":14674,"runStep":0,"walkStep":22},{"distance":23.77,"mCalorie":0.96000004,"mOthersTime":0,"mRunTime":0,"mStartTime":52200000,"mTimeUnit":600000,"mWalkTime":20010,"runStep":0,"walkStep":30},{"distance":73.42,"mCalorie":3.71,"mOthersTime":0,"mRunTime":1200,"mStartTime":52800000,"mTimeUnit":600000,"mWalkTime":62031,"runStep":3,"walkStep":93},{"distance":37.719997,"mCalorie":2.33,"mOthersTime":0,"mRunTime":5200,"mStartTime":53400000,"mTimeUnit":600000,"mWalkTime":24679,"runStep":13,"walkStep":37},{"distance":19.7,"mCalorie":0.98,"mOthersTime":0,"mRunTime":0,"mStartTime":54000000,"mTimeUnit":600000,"mWalkTime":16675,"runStep":0,"walkStep":25},{"distance":27.529999,"mCalorie":1.3399999,"mOthersTime":0,"mRunTime":0,"mStartTime":55200000,"mTimeUnit":600000,"mWalkTime":24679,"runStep":0,"walkStep":37},{"distance":116.65,"mCalorie":5.7500005,"mOthersTime":0,"mRunTime":0,"mStartTime":55800000,"mTimeUnit":600000,"mWalkTime":105386,"runStep":0,"walkStep":158},{"distance":53.64,"mCalorie":2.72,"mOthersTime":0,"mRunTime":0,"mStartTime":56400000,"mTimeUnit":600000,"mWalkTime":48024,"runStep":0,"walkStep":72},{"distance":178.78001,"mCalorie":9.309999,"mOthersTime":0,"mRunTime":1600,"mStartTime":57000000,"mTimeUnit":600000,"mWalkTime":156078,"runStep":4,"walkStep":234},{"distance":21.630001,"mCalorie":1.0799999,"mOthersTime":0,"mRunTime":0,"mStartTime":57600000,"mTimeUnit":600000,"mWalkTime":20010,"runStep":0,"walkStep":30},{"distance":15.17,"mCalorie":0.79,"mOthersTime":0,"mRunTime":0,"mStartTime":58200000,"mTimeUnit":600000,"mWalkTime":14007,"runStep":0,"walkStep":21},{"distance":42.0,"mCalorie":2.1,"mOthersTime":0,"mRunTime":0,"mStartTime":58800000,"mTimeUnit":600000,"mWalkTime":38019,"runStep":0,"walkStep":57},{"distance":46.49,"mCalorie":2.29,"mOthersTime":0,"mRunTime":0,"mStartTime":59400000,"mTimeUnit":600000,"mWalkTime":42688,"runStep":0,"walkStep":64},{"distance":7.54,"mCalorie":0.39,"mOthersTime":0,"mRunTime":0,"mStartTime":60000000,"mTimeUnit":600000,"mWalkTime":7337,"runStep":0,"walkStep":11},{"distance":8.35,"mCalorie":0.36,"mOthersTime":0,"mRunTime":0,"mStartTime":60600000,"mTimeUnit":600000,"mWalkTime":7337,"runStep":0,"walkStep":11},{"distance":20.23,"mCalorie":1.05,"mOthersTime":0,"mRunTime":0,"mStartTime":61200000,"mTimeUnit":600000,"mWalkTime":18676,"runStep":0,"walkStep":28},{"distance":275.12,"mCalorie":13.94,"mOthersTime":0,"mRunTime":0,"mStartTime":61800000,"mTimeUnit":600000,"mWalkTime":251459,"runStep":0,"walkStep":377},{"distance":99.19,"mCalorie":4.89,"mOthersTime":0,"mRunTime":0,"mStartTime":62400000,"mTimeUnit":600000,"mWalkTime":90712,"runStep":0,"walkStep":136},{"distance":19.79,"mCalorie":0.93999994,"mOthersTime":0,"mRunTime":0,"mStartTime":64800000,"mTimeUnit":600000,"mWalkTime":16675,"runStep":0,"walkStep":25},{"distance":19.34,"mCalorie":0.91,"mOthersTime":0,"mRunTime":0,"mStartTime":65400000,"mTimeUnit":600000,"mWalkTime":17342,"runStep":0,"walkStep":26},{"distance":31.869999,"mCalorie":1.4300001,"mOthersTime":0,"mRunTime":0,"mStartTime":66000000,"mTimeUnit":600000,"mWalkTime":27347,"runStep":0,"walkStep":41},{"distance":38.329998,"mCalorie":1.76,"mOthersTime":0,"mRunTime":0,"mStartTime":66600000,"mTimeUnit":600000,"mWalkTime":33350,"runStep":0,"walkStep":50},{"distance":149.87,"mCalorie":7.8999996,"mOthersTime":0,"mRunTime":3600,"mStartTime":67200000,"mTimeUnit":600000,"mWalkTime":132733,"runStep":9,"walkStep":199},{"distance":120.75,"mCalorie":5.99,"mOthersTime":0,"mRunTime":0,"mStartTime":67800000,"mTimeUnit":600000,"mWalkTime":110722,"runStep":0,"walkStep":166},{"distance":33.59,"mCalorie":1.55,"mOthersTime":0,"mRunTime":0,"mStartTime":68400000,"mTimeUnit":600000,"mWalkTime":30682,"runStep":0,"walkStep":46},{"distance":21.02,"mCalorie":1.1,"mOthersTime":0,"mRunTime":0,"mStartTime":69000000,"mTimeUnit":600000,"mWalkTime":19343,"runStep":0,"walkStep":29},{"distance":9.78,"mCalorie":0.45,"mOthersTime":0,"mRunTime":0,"mStartTime":69600000,"mTimeUnit":600000,"mWalkTime":8671,"runStep":0,"walkStep":13},{"distance":9.67,"mCalorie":0.41,"mOthersTime":0,"mRunTime":0,"mStartTime":70200000,"mTimeUnit":600000,"mWalkTime":8004,"runStep":0,"walkStep":12},{"distance":120.97,"mCalorie":6.26,"mOthersTime":0,"mRunTime":0,"mStartTime":70800000,"mTimeUnit":600000,"mWalkTime":112056,"runStep":0,"walkStep":168},{"distance":83.689995,"mCalorie":4.06,"mOthersTime":0,"mRunTime":0,"mStartTime":71400000,"mTimeUnit":600000,"mWalkTime":76038,"runStep":0,"walkStep":114},{"distance":25.150002,"mCalorie":1.2700001,"mOthersTime":0,"mRunTime":0,"mStartTime":72000000,"mTimeUnit":600000,"mWalkTime":24012,"runStep":0,"walkStep":36},{"distance":7.96,"mCalorie":0.38,"mOthersTime":0,"mRunTime":0,"mStartTime":72600000,"mTimeUnit":600000,"mWalkTime":7337,"runStep":0,"walkStep":11},{"distance":34.73,"mCalorie":1.63,"mOthersTime":0,"mRunTime":0,"mStartTime":79800000,"mTimeUnit":600000,"mWalkTime":30682,"runStep":0,"walkStep":46},{"distance":26.14,"mCalorie":1.22,"mOthersTime":0,"mRunTime":0,"mStartTime":80400000,"mTimeUnit":600000,"mWalkTime":22678,"runStep":0,"walkStep":34}],"version":1}