{"mActivityList":[{"mActiveTime":1779933,"mActiveTimeType":0,"mCalorie":124.74,"mCategory":204,"mDetailInfoId":"d17815b1-225e-4e46-985b-02097d88868c","mDistance":2327.51,"mDuration":1779000,"mEndTime":41319000,"mStartTime":39540000,"mType":1001},{"mActiveTime":2282067,"mActiveTimeType":0,"mCalorie":156.43,"mCategory":204,"mDetailInfoId":"65c4e546-61a3-4bde-9942-760f86dcdb02","mDistance":2933.34,"mDuration":2282000,"mEndTime":46502000,"mStartTime":44220000,"mType":1001}],"mAdaptiveGoal":0,"mIsGoalAchieved":false,"mIsMostActiveAchieved":false,"mMostActiveMinutes":0,"mStreakDayCount":0,"mUnitDataList":[{"distance":10.75,"mCalorie":0.55,"mOthersTime":0,"mRunTime":0,"mStartTime":37800000,"mTimeUnit":600000,"mWalkTime":10005,"runStep":0,"walkStep":15},{"distance":344.69,"mCalorie":19.46,"mOthersTime":0,"mRunTime":0,"mStartTime":38400000,"mTimeUnit":600000,"mWalkTime":304092,"runStep":0,"walkStep":487},{"distance":635.63837,"mCalorie":34.204876,"mOthersTime":0,"mRunTime":0,"mStartTime":39000000,"mTimeUnit":600000,"mWalkTime":491369,"runStep":0,"walkStep":838},{"distance":784.58344,"mCalorie":42.04877,"mOthersTime":0,"mRunTime":0,"mStartTime":39600000,"mTimeUnit":600000,"mWalkTime":600000,"runStep":0,"walkStep":1079},{"distance":784.58344,"mCalorie":42.04877,"mOthersTime":0,"mRunTime":0,"mStartTime":40200000,"mTimeUnit":600000,"mWalkTime":600000,"runStep":0,"walkStep":1038},{"distance":695.80273,"mCalorie":37.305573,"mOthersTime":0,"mRunTime":0,"mStartTime":40800000,"mTimeUnit":600000,"mWalkTime":534406,"runStep":0,"walkStep":893},{"distance":11.14,"mCalorie":0.53999996,"mOthersTime":0,"mRunTime":0,"mStartTime":41400000,"mTimeUnit":600000,"mWalkTime":10005,"runStep":0,"walkStep":15},{"distance":28.86,"mCalorie":1.52,"mOthersTime":0,"mRunTime":0,"mStartTime":42000000,"mTimeUnit":600000,"mWalkTime":26680,"runStep":0,"walkStep":40},{"distance":249.65973,"mCalorie":13.27855,"mOthersTime":0,"mRunTime":0,"mStartTime":43800000,"mTimeUnit":600000,"mWalkTime":196675,"runStep":0,"walkStep":316},{"distance":771.2324,"mCalorie":41.1285,"mOthersTime":0,"mRunTime":0,"mStartTime":44400000,"mTimeUnit":600000,"mWalkTime":600000,"runStep":0,"walkStep":1052},{"distance":771.2324,"mCalorie":41.1285,"mOthersTime":0,"mRunTime":0,"mStartTime":45000000,"mTimeUnit":600000,"mWalkTime":600000,"runStep":0,"walkStep":1006},{"distance":771.2324,"mCalorie":41.1285,"mOthersTime":0,"mRunTime":0,"mStartTime":45600000,"mTimeUnit":600000,"mWalkTime":600000,"runStep":0,"walkStep":1060},{"distance":612.3234,"mCalorie":32.747936,"mOthersTime":0,"mRunTime":0,"mStartTime":46200000,"mTimeUnit":600000,"mWalkTime":491436,"runStep":0,"walkStep":823},{"distance":34.949997,"mCalorie":1.8,"mOthersTime":0,"mRunTime":0,"mStartTime":46800000,"mTimeUnit":600000,"mWalkTime":32016,"runStep":0,"walkStep":48},{"distance":58.11,"mCalorie":2.8,"mOthersTime":0,"mRunTime":0,"mStartTime":49800000,"mTimeUnit":600000,"mWalkTime":52693,"runStep":0,"walkStep":79},{"distance":143.76,"mCalorie":8.55,"mOthersTime":0,"mRunTime":1600,"mStartTime":50400000,"mTimeUnit":600000,"mWalkTime":137372,"runStep":4,"walkStep":213},{"distance":62.67,"mCalorie":3.91,"mOthersTime":0,"mRunTime":0,"mStartTime":51000000,"mTimeUnit":600000,"mWalkTime":63365,"runStep":0,"walkStep":95},{"distance":129.815,"mCalorie":6.93,"mOthersTime":0,"mRunTime":0,"mStartTime":52800000,"mTimeUnit":600000,"mWalkTime":118029,"runStep":0,"walkStep":185},{"distance":83.025,"mCalorie":4.3599997,"mOthersTime":0,"mRunTime":0,"mStartTime":53400000,"mTimeUnit":600000,"mWalkTime":74704,"runStep":0,"walkStep":112},{"distance":5.95,"mCalorie":0.29,"mOthersTime":0,"mRunTime":0,"mStartTime":54000000,"mTimeUnit":600000,"mWalkTime":5336,"runStep":0,"walkStep":8},{"distance":23.810001,"mCalorie":1.27,"mOthersTime":0,"mRunTime":0,"mStartTime":54600000,"mTimeUnit":600000,"mWalkTime":22011,"runStep":0,"walkStep":33},{"distance":15.98,"mCalorie":0.84,"mOthersTime":0,"mRunTime":0,"mStartTime":58200000,"mTimeUnit":600000,"mWalkTime":14674,"runStep":0,"walkStep":22},{"distance":29.14,"mCalorie":1.51,"mOthersTime":0,"mRunTime":0,"mStartTime":58800000,"mTimeUnit":600000,"mWalkTime":27347,"runStep":0,"walkStep":41},{"distance":37.71,"mCalorie":2.07,"mOthersTime":0,"mRunTime":800,"mStartTime":63600000,"mTimeUnit":600000,"mWalkTime":31349,"runStep":2,"walkStep":47},{"distance":41.123,"mCalorie":2.2089999,"mOthersTime":0,"mRunTime":0,"mStartTime":64200000,"mTimeUnit":600000,"mWalkTime":35351,"runStep":0,"walkStep":53},{"distance":70.34,"mCalorie":3.44,"mOthersTime":0,"mRunTime":0,"mStartTime":65400000,"mTimeUnit":600000,"mWalkTime":62698,"runStep":0,"walkStep":94},{"distance":286.485,"mCalorie":14.98,"mOthersTime":0,"mRunTime":0,"mStartTime":66600000,"mTimeUnit":600000,"mWalkTime":258766,"runStep":0,"walkStep":393},{"distance":80.340004,"mCalorie":3.7,"mOthersTime":0,"mRunTime":0,"mStartTime":67800000,"mTimeUnit":600000,"mWalkTime":70702,"runStep":0,"walkStep":106},{"distance":14.76,"mCalorie":0.63,"mOthersTime":0,"mRunTime":0,"mStartTime":68400000,"mTimeUnit":600000,"mWalkTime":12673,"runStep":0,"walkStep":19},{"distance":323.96002,"mCalorie":15.71,"mOthersTime":0,"mRunTime":0,"mStartTime":69000000,"mTimeUnit":600000,"mWalkTime":268741,"runStep":0,"walkStep":429},{"distance":106.356995,"mCalorie":5.179,"mOthersTime":0,"mRunTime":1200,"mStartTime":70200000,"mTimeUnit":600000,"mWalkTime":94047,"runStep":3,"walkStep":141},{"distance":67.75001,"mCalorie":3.4,"mOthersTime":0,"mRunTime":400,"mStartTime":70800000,"mTimeUnit":600000,"mWalkTime":57362,"runStep":1,"walkStep":86},{"distance":62.42,"mCalorie":2.85,"mOthersTime":0,"mRunTime":0,"mStartTime":73800000,"mTimeUnit":600000,"mWalkTime":54027,"runStep":0,"walkStep":81},{"distance":5.78,"mCalorie":0.29,"mOthersTime":0,"mRunTime":0,"mStartTime":74400000,"mTimeUnit":600000,"mWalkTime":5336,"runStep":0,"walkStep":8},{"distance":14.58,"mCalorie":0.62,"mOthersTime":0,"mRunTime":0,"mStartTime":75600000,"mTimeUnit":600000,"mWalkTime":10672,"runStep":0,"walkStep":16},{"distance":33.690002,"mCalorie":1.64,"mOthersTime":0,"mRunTime":0,"mStartTime":76200000,"mTimeUnit":600000,"mWalkTime":30682,"runStep":0,"walkStep":46},{"distance":12.68,"mCalorie":0.61,"mOthersTime":0,"mRunTime":0,"mStartTime":79200000,"mTimeUnit":600000,"mWalkTime":11339,"runStep":0,"walkStep":17},{"distance":14.89,"mCalorie":0.77,"mOthersTime":0,"mRunTime":0,"mStartTime":79800000,"mTimeUnit":600000,"mWalkTime":13340,"runStep":0,"walkStep":20},{"distance":19.45,"mCalorie":1.27,"mOthersTime":0,"mRunTime":2000,"mStartTime":82800000,"mTimeUnit":600000,"mWalkTime":13340,"runStep":5,"walkStep":20},{"distance":52.956997,"mCalorie":2.57,"mOthersTime":0,"mRunTime":400,"mStartTime":83400000,"mTimeUnit":600000,"mWalkTime":46023,"runStep":1,"walkStep":69}],"version":1}