{"mAdaptiveGoal":0,"mIsGoalAchieved":false,"mIsMostActiveAchieved":false,"mMostActiveMinutes":0,"mStreakDayCount":0,"mUnitDataList":[{"distance":7.87,"mCalorie":0.48,"mOthersTime":0,"mRunTime":0,"mStartTime":9600000,"mTimeUnit":600000,"mWalkTime":7337,"runStep":0,"walkStep":11},{"distance":34.66,"mCalorie":2.0,"mOthersTime":0,"mRunTime":2000,"mStartTime":24000000,"mTimeUnit":600000,"mWalkTime":25346,"runStep":5,"walkStep":38},{"distance":84.61,"mCalorie":4.56,"mOthersTime":0,"mRunTime":3600,"mStartTime":24600000,"mTimeUnit":600000,"mWalkTime":68034,"runStep":9,"walkStep":102},{"distance":179.95,"mCalorie":9.12,"mOthersTime":0,"mRunTime":0,"mStartTime":25200000,"mTimeUnit":600000,"mWalkTime":162051,"runStep":0,"walkStep":263},{"distance":320.55002,"mCalorie":15.7699995,"mOthersTime":0,"mRunTime":400,"mStartTime":25800000,"mTimeUnit":600000,"mWalkTime":260040,"runStep":1,"walkStep":432},{"distance":365.71997,"mCalorie":17.890001,"mOthersTime":0,"mRunTime":0,"mStartTime":27600000,"mTimeUnit":600000,"mWalkTime":302061,"runStep":0,"walkStep":501},{"distance":80.78,"mCalorie":5.7,"mOthersTime":0,"mRunTime":0,"mStartTime":28200000,"mTimeUnit":600000,"mWalkTime":74007,"runStep":0,"walkStep":121},{"distance":97.14,"mCalorie":4.84,"mOthersTime":0,"mRunTime":0,"mStartTime":28800000,"mTimeUnit":600000,"mWalkTime":88044,"runStep":0,"walkStep":132},{"distance":7.46,"mCalorie":0.47,"mOthersTime":0,"mRunTime":0,"mStartTime":29400000,"mTimeUnit":600000,"mWalkTime":7337,"runStep":0,"walkStep":11},{"distance":17.61,"mCalorie":0.90999997,"mOthersTime":0,"mRunTime":0,"mStartTime":30600000,"mTimeUnit":600000,"mWalkTime":16008,"runStep":0,"walkStep":24},{"distance":9.73,"mCalorie":0.5,"mOthersTime":0,"mRunTime":0,"mStartTime":31200000,"mTimeUnit":600000,"mWalkTime":9338,"runStep":0,"walkStep":14},{"distance":8.13,"mCalorie":0.52,"mOthersTime":0,"mRunTime":0,"mStartTime":31800000,"mTimeUnit":600000,"mWalkTime":8004,"runStep":0,"walkStep":12},{"distance":6.79,"mCalorie":0.36,"mOthersTime":0,"mRunTime":0,"mStartTime":32400000,"mTimeUnit":600000,"mWalkTime":6670,"runStep":0,"walkStep":10},{"distance":29.46,"mCalorie":1.47,"mOthersTime":0,"mRunTime":0,"mStartTime":33600000,"mTimeUnit":600000,"mWalkTime":27347,"runStep":0,"walkStep":41},{"distance":7.38,"mCalorie":0.37,"mOthersTime":0,"mRunTime":0,"mStartTime":34800000,"mTimeUnit":600000,"mWalkTime":6670,"runStep":0,"walkStep":10},{"distance":41.89,"mCalorie":2.13,"mOthersTime":0,"mRunTime":0,"mStartTime":35400000,"mTimeUnit":600000,"mWalkTime":38686,"runStep":0,"walkStep":58},{"distance":70.89,"mCalorie":3.78,"mOthersTime":0,"mRunTime":4000,"mStartTime":36000000,"mTimeUnit":600000,"mWalkTime":52026,"runStep":10,"walkStep":78},{"distance":76.36,"mCalorie":3.6299999,"mOthersTime":0,"mRunTime":0,"mStartTime":36600000,"mTimeUnit":600000,"mWalkTime":68701,"runStep":0,"walkStep":103},{"distance":7.39,"mCalorie":0.33,"mOthersTime":0,"mRunTime":0,"mStartTime":37200000,"mTimeUnit":600000,"mWalkTime":6670,"runStep":0,"walkStep":10},{"distance":140.75,"mCalorie":10.759999,"mOthersTime":0,"mRunTime":0,"mStartTime":37800000,"mTimeUnit":600000,"mWalkTime":140737,"runStep":0,"walkStep":211},{"distance":245.06,"mCalorie":12.689999,"mOthersTime":0,"mRunTime":0,"mStartTime":39600000,"mTimeUnit":600000,"mWalkTime":202708,"runStep":0,"walkStep":331},{"distance":275.37003,"mCalorie":15.749999,"mOthersTime":0,"mRunTime":0,"mStartTime":40200000,"mTimeUnit":600000,"mWalkTime":244729,"runStep":0,"walkStep":382},{"distance":97.08,"mCalorie":5.5,"mOthersTime":0,"mRunTime":6000,"mStartTime":42000000,"mTimeUnit":600000,"mWalkTime":73370,"runStep":15,"walkStep":110},{"distance":47.699997,"mCalorie":2.4699998,"mOthersTime":0,"mRunTime":0,"mStartTime":42600000,"mTimeUnit":600000,"mWalkTime":42688,"runStep":0,"walkStep":64},{"distance":76.770004,"mCalorie":3.99,"mOthersTime":0,"mRunTime":5200,"mStartTime":43200000,"mTimeUnit":600000,"mWalkTime":56028,"runStep":13,"walkStep":84},{"distance":75.60999,"mCalorie":4.09,"mOthersTime":0,"mRunTime":0,"mStartTime":43800000,"mTimeUnit":600000,"mWalkTime":76705,"runStep":0,"walkStep":115},{"distance":225.62,"mCalorie":11.31,"mOthersTime":0,"mRunTime":0,"mStartTime":44400000,"mTimeUnit":600000,"mWalkTime":176028,"runStep":0,"walkStep":301},{"distance":49.800003,"mCalorie":2.49,"mOthersTime":0,"mRunTime":0,"mStartTime":45000000,"mTimeUnit":600000,"mWalkTime":45356,"runStep":0,"walkStep":68},{"distance":209.23,"mCalorie":10.889999,"mOthersTime":0,"mRunTime":1200,"mStartTime":46800000,"mTimeUnit":600000,"mWalkTime":174057,"runStep":3,"walkStep":268},{"distance":52.62,"mCalorie":2.6299999,"mOthersTime":0,"mRunTime":0,"mStartTime":47400000,"mTimeUnit":600000,"mWalkTime":48691,"runStep":0,"walkStep":73},{"distance":64.54,"mCalorie":2.8600001,"mOthersTime":0,"mRunTime":0,"mStartTime":48000000,"mTimeUnit":600000,"mWalkTime":55361,"runStep":0,"walkStep":83},{"distance":26.02,"mCalorie":1.31,"mOthersTime":0,"mRunTime":0,"mStartTime":49800000,"mTimeUnit":600000,"mWalkTime":23345,"runStep":0,"walkStep":35},{"distance":16.92,"mCalorie":0.73,"mOthersTime":0,"mRunTime":0,"mStartTime":50400000,"mTimeUnit":600000,"mWalkTime":14674,"runStep":0,"walkStep":22},{"distance":17.71,"mCalorie":0.82,"mOthersTime":0,"mRunTime":0,"mStartTime":51000000,"mTimeUnit":600000,"mWalkTime":16008,"runStep":0,"walkStep":24},{"distance":30.27,"mCalorie":1.48,"mOthersTime":0,"mRunTime":0,"mStartTime":51600000,"mTimeUnit":600000,"mWalkTime":27347,"runStep":0,"walkStep":41},{"distance":46.91,"mCalorie":2.4099998,"mOthersTime":0,"mRunTime":0,"mStartTime":52200000,"mTimeUnit":600000,"mWalkTime":42688,"runStep":0,"walkStep":64},{"distance":28.48,"mCalorie":1.22,"mOthersTime":0,"mRunTime":0,"mStartTime":52800000,"mTimeUnit":600000,"mWalkTime":24679,"runStep":0,"walkStep":37},{"distance":82.14,"mCalorie":3.8700001,"mOthersTime":0,"mRunTime":0,"mStartTime":53400000,"mTimeUnit":600000,"mWalkTime":74037,"runStep":0,"walkStep":111},{"distance":11.05,"mCalorie":0.55,"mOthersTime":0,"mRunTime":0,"mStartTime":54000000,"mTimeUnit":600000,"mWalkTime":10005,"runStep":0,"walkStep":15},{"distance":26.630001,"mCalorie":1.25,"mOthersTime":0,"mRunTime":0,"mStartTime":55200000,"mTimeUnit":600000,"mWalkTime":23345,"runStep":0,"walkStep":35},{"distance":11.01,"mCalorie":0.61,"mOthersTime":0,"mRunTime":0,"mStartTime":57000000,"mTimeUnit":600000,"mWalkTime":10672,"runStep":0,"walkStep":16},{"distance":170.59001,"mCalorie":8.32,"mOthersTime":0,"mRunTime":0,"mStartTime":58800000,"mTimeUnit":600000,"mWalkTime":154744,"runStep":0,"walkStep":232},{"distance":17.49,"mCalorie":0.77,"mOthersTime":0,"mRunTime":0,"mStartTime":59400000,"mTimeUnit":600000,"mWalkTime":15341,"runStep":0,"walkStep":23},{"distance":8.35,"mCalorie":0.36,"mOthersTime":0,"mRunTime":0,"mStartTime":60000000,"mTimeUnit":600000,"mWalkTime":7337,"runStep":0,"walkStep":11},{"distance":59.49,"mCalorie":2.85,"mOthersTime":0,"mRunTime":0,"mStartTime":61800000,"mTimeUnit":600000,"mWalkTime":52693,"runStep":0,"walkStep":79},{"distance":18.900002,"mCalorie":0.91999996,"mOthersTime":0,"mRunTime":0,"mStartTime":62400000,"mTimeUnit":600000,"mWalkTime":17342,"runStep":0,"walkStep":26},{"distance":4.52,"mCalorie":0.21,"mOthersTime":0,"mRunTime":0,"mStartTime":64200000,"mTimeUnit":600000,"mWalkTime":4002,"runStep":0,"walkStep":6},{"distance":40.32,"mCalorie":2.2,"mOthersTime":0,"mRunTime":3600,"mStartTime":66000000,"mTimeUnit":600000,"mWalkTime":27347,"runStep":9,"walkStep":41},{"distance":123.051,"mCalorie":6.15,"mOthersTime":0,"mRunTime":0,"mStartTime":66600000,"mTimeUnit":600000,"mWalkTime":114057,"runStep":0,"walkStep":171},{"distance":275.02002,"mCalorie":14.080001,"mOthersTime":0,"mRunTime":0,"mStartTime":67200000,"mTimeUnit":600000,"mWalkTime":241394,"runStep":0,"walkStep":374},{"distance":27.33,"mCalorie":1.39,"mOthersTime":0,"mRunTime":0,"mStartTime":69600000,"mTimeUnit":600000,"mWalkTime":24012,"runStep":0,"walkStep":36},{"distance":220.76999,"mCalorie":11.38,"mOthersTime":0,"mRunTime":0,"mStartTime":70200000,"mTimeUnit":600000,"mWalkTime":202071,"runStep":0,"walkStep":303},{"distance":249.79,"mCalorie":12.2,"mOthersTime":0,"mRunTime":0,"mStartTime":70800000,"mTimeUnit":600000,"mWalkTime":194704,"runStep":0,"walkStep":331},{"distance":58.260002,"mCalorie":2.75,"mOthersTime":0,"mRunTime":0,"mStartTime":71400000,"mTimeUnit":600000,"mWalkTime":51359,"runStep":0,"walkStep":77},{"distance":38.39,"mCalorie":1.8399999,"mOthersTime":0,"mRunTime":0,"mStartTime":72000000,"mTimeUnit":600000,"mWalkTime":34684,"runStep":0,"walkStep":52},{"distance":61.210003,"mCalorie":3.17,"mOthersTime":0,"mRunTime":0,"mStartTime":72600000,"mTimeUnit":600000,"mWalkTime":58029,"runStep":0,"walkStep":87},{"distance":13.22,"mCalorie":0.7,"mOthersTime":0,"mRunTime":0,"mStartTime":73200000,"mTimeUnit":600000,"mWalkTime":12673,"runStep":0,"walkStep":19},{"distance":4.43,"mCalorie":0.21,"mOthersTime":0,"mRunTime":0,"mStartTime":74400000,"mTimeUnit":600000,"mWalkTime":4002,"runStep":0,"walkStep":6},{"distance":42.22,"mCalorie":2.1100001,"mOthersTime":0,"mRunTime":0,"mStartTime":76800000,"mTimeUnit":600000,"mWalkTime":38686,"runStep":0,"walkStep":58},{"distance":39.29,"mCalorie":2.05,"mOthersTime":0,"mRunTime":0,"mStartTime":77400000,"mTimeUnit":600000,"mWalkTime":34017,"runStep":0,"walkStep":51},{"distance":9.01,"mCalorie":0.44,"mOthersTime":0,"mRunTime":0,"mStartTime":78000000,"mTimeUnit":600000,"mWalkTime":8671,"runStep":0,"walkStep":13},{"distance":8.73,"mCalorie":0.45,"mOthersTime":0,"mRunTime":0,"mStartTime":80400000,"mTimeUnit":600000,"mWalkTime":8004,"runStep":0,"walkStep":12}],"version":1}