{"mAdaptiveGoal":0,"mIsGoalAchieved":false,"mIsMostActiveAchieved":false,"mMostActiveMinutes":0,"mStreakDayCount":0,"mUnitDataList":[{"distance":41.81,"mCalorie":2.04,"mOthersTime":0,"mRunTime":0,"mStartTime":17400000,"mTimeUnit":600000,"mWalkTime":36018,"runStep":0,"walkStep":54},{"distance":82.909996,"mCalorie":4.52,"mOthersTime":0,"mRunTime":400,"mStartTime":18000000,"mTimeUnit":600000,"mWalkTime":86710,"runStep":1,"walkStep":130},{"distance":285.833,"mCalorie":13.42,"mOthersTime":0,"mRunTime":0,"mStartTime":18600000,"mTimeUnit":600000,"mWalkTime":228721,"runStep":0,"walkStep":378},{"distance":219.03,"mCalorie":10.63,"mOthersTime":0,"mRunTime":0,"mStartTime":21000000,"mTimeUnit":600000,"mWalkTime":193400,"runStep":0,"walkStep":298},{"distance":263.40503,"mCalorie":13.320001,"mOthersTime":0,"mRunTime":0,"mStartTime":21600000,"mTimeUnit":600000,"mWalkTime":226750,"runStep":0,"walkStep":354},{"distance":74.89,"mCalorie":3.59,"mOthersTime":0,"mRunTime":0,"mStartTime":22200000,"mTimeUnit":600000,"mWalkTime":68034,"runStep":0,"walkStep":102},{"distance":6.98,"mCalorie":0.38,"mOthersTime":0,"mRunTime":0,"mStartTime":22800000,"mTimeUnit":600000,"mWalkTime":6670,"runStep":0,"walkStep":10},{"distance":49.269997,"mCalorie":2.46,"mOthersTime":0,"mRunTime":400,"mStartTime":24000000,"mTimeUnit":600000,"mWalkTime":44689,"runStep":1,"walkStep":67},{"distance":75.936,"mCalorie":4.34,"mOthersTime":0,"mRunTime":9200,"mStartTime":24600000,"mTimeUnit":600000,"mWalkTime":49358,"runStep":23,"walkStep":74},{"distance":250.408,"mCalorie":12.809999,"mOthersTime":0,"mRunTime":400,"mStartTime":25200000,"mTimeUnit":600000,"mWalkTime":209408,"runStep":1,"walkStep":334},{"distance":67.2,"mCalorie":3.3400002,"mOthersTime":0,"mRunTime":0,"mStartTime":25800000,"mTimeUnit":600000,"mWalkTime":60697,"runStep":0,"walkStep":91},{"distance":140.04599,"mCalorie":6.94,"mOthersTime":0,"mRunTime":0,"mStartTime":26400000,"mTimeUnit":600000,"mWalkTime":126063,"runStep":0,"walkStep":189},{"distance":51.54,"mCalorie":2.4589999,"mOthersTime":0,"mRunTime":0,"mStartTime":27000000,"mTimeUnit":600000,"mWalkTime":46023,"runStep":0,"walkStep":69},{"distance":9.21,"mCalorie":0.56,"mOthersTime":0,"mRunTime":0,"mStartTime":32400000,"mTimeUnit":600000,"mWalkTime":7337,"runStep":0,"walkStep":11},{"distance":19.52,"mCalorie":1.06,"mOthersTime":0,"mRunTime":0,"mStartTime":33000000,"mTimeUnit":600000,"mWalkTime":17342,"runStep":0,"walkStep":26},{"distance":17.06,"mCalorie":0.82,"mOthersTime":0,"mRunTime":0,"mStartTime":34200000,"mTimeUnit":600000,"mWalkTime":15341,"runStep":0,"walkStep":23},{"distance":21.05,"mCalorie":1.27,"mOthersTime":0,"mRunTime":400,"mStartTime":34800000,"mTimeUnit":600000,"mWalkTime":13340,"runStep":1,"walkStep":20},{"distance":30.220001,"mCalorie":1.62,"mOthersTime":0,"mRunTime":1600,"mStartTime":35400000,"mTimeUnit":600000,"mWalkTime":22678,"runStep":4,"walkStep":34},{"distance":32.53,"mCalorie":1.4599999,"mOthersTime":0,"mRunTime":400,"mStartTime":36000000,"mTimeUnit":600000,"mWalkTime":24012,"runStep":1,"walkStep":36},{"distance":65.571,"mCalorie":3.0809999,"mOthersTime":0,"mRunTime":0,"mStartTime":36600000,"mTimeUnit":600000,"mWalkTime":58029,"runStep":0,"walkStep":87},{"distance":25.7,"mCalorie":1.29,"mOthersTime":0,"mRunTime":0,"mStartTime":37200000,"mTimeUnit":600000,"mWalkTime":23345,"runStep":0,"walkStep":35},{"distance":88.83,"mCalorie":4.33,"mOthersTime":0,"mRunTime":0,"mStartTime":37800000,"mTimeUnit":600000,"mWalkTime":80040,"runStep":0,"walkStep":120},{"distance":92.880005,"mCalorie":4.73,"mOthersTime":0,"mRunTime":1200,"mStartTime":38400000,"mTimeUnit":600000,"mWalkTime":80040,"runStep":3,"walkStep":120},{"distance":242.97,"mCalorie":12.29,"mOthersTime":0,"mRunTime":0,"mStartTime":39000000,"mTimeUnit":600000,"mWalkTime":201344,"runStep":0,"walkStep":324},{"distance":89.08,"mCalorie":4.57,"mOthersTime":0,"mRunTime":0,"mStartTime":39600000,"mTimeUnit":600000,"mWalkTime":80040,"runStep":0,"walkStep":120},{"distance":99.770004,"mCalorie":4.87,"mOthersTime":0,"mRunTime":0,"mStartTime":40200000,"mTimeUnit":600000,"mWalkTime":90045,"runStep":0,"walkStep":135},{"distance":67.21,"mCalorie":3.4499998,"mOthersTime":0,"mRunTime":400,"mStartTime":40800000,"mTimeUnit":600000,"mWalkTime":57362,"runStep":1,"walkStep":86},{"distance":143.13101,"mCalorie":6.9600005,"mOthersTime":0,"mRunTime":0,"mStartTime":41400000,"mTimeUnit":600000,"mWalkTime":128731,"runStep":0,"walkStep":193},{"distance":60.528,"mCalorie":3.27,"mOthersTime":0,"mRunTime":2400,"mStartTime":42000000,"mTimeUnit":600000,"mWalkTime":46023,"runStep":6,"walkStep":69},{"distance":73.812004,"mCalorie":3.81,"mOthersTime":0,"mRunTime":1600,"mStartTime":42600000,"mTimeUnit":600000,"mWalkTime":60697,"runStep":4,"walkStep":91},{"distance":60.373,"mCalorie":3.06,"mOthersTime":0,"mRunTime":0,"mStartTime":43200000,"mTimeUnit":600000,"mWalkTime":55361,"runStep":0,"walkStep":83},{"distance":259.622,"mCalorie":13.19,"mOthersTime":0,"mRunTime":0,"mStartTime":43800000,"mTimeUnit":600000,"mWalkTime":212046,"runStep":0,"walkStep":346},{"distance":99.65,"mCalorie":5.35,"mOthersTime":0,"mRunTime":0,"mStartTime":44400000,"mTimeUnit":600000,"mWalkTime":94047,"runStep":0,"walkStep":141},{"distance":73.86,"mCalorie":3.7399998,"mOthersTime":0,"mRunTime":0,"mStartTime":45000000,"mTimeUnit":600000,"mWalkTime":67367,"runStep":0,"walkStep":101},{"distance":138.29001,"mCalorie":6.72,"mOthersTime":0,"mRunTime":1600,"mStartTime":45600000,"mTimeUnit":600000,"mWalkTime":116725,"runStep":4,"walkStep":175},{"distance":65.789,"mCalorie":3.1299999,"mOthersTime":0,"mRunTime":0,"mStartTime":46200000,"mTimeUnit":600000,"mWalkTime":58029,"runStep":0,"walkStep":87},{"distance":95.33,"mCalorie":4.8,"mOthersTime":0,"mRunTime":0,"mStartTime":46800000,"mTimeUnit":600000,"mWalkTime":86710,"runStep":0,"walkStep":130},{"distance":140.54,"mCalorie":7.32,"mOthersTime":0,"mRunTime":0,"mStartTime":47400000,"mTimeUnit":600000,"mWalkTime":111359,"runStep":0,"walkStep":186},{"distance":79.020004,"mCalorie":3.74,"mOthersTime":0,"mRunTime":0,"mStartTime":48000000,"mTimeUnit":600000,"mWalkTime":70702,"runStep":0,"walkStep":106},{"distance":226.91,"mCalorie":11.66,"mOthersTime":0,"mRunTime":0,"mStartTime":50400000,"mTimeUnit":600000,"mWalkTime":186700,"runStep":0,"walkStep":304},{"distance":253.56999,"mCalorie":12.68,"mOthersTime":0,"mRunTime":0,"mStartTime":51000000,"mTimeUnit":600000,"mWalkTime":210075,"runStep":0,"walkStep":340},{"distance":9.96,"mCalorie":0.46,"mOthersTime":0,"mRunTime":0,"mStartTime":51600000,"mTimeUnit":600000,"mWalkTime":8671,"runStep":0,"walkStep":13},{"distance":12.25,"mCalorie":0.55,"mOthersTime":0,"mRunTime":0,"mStartTime":52200000,"mTimeUnit":600000,"mWalkTime":10672,"runStep":0,"walkStep":16},{"distance":33.6,"mCalorie":1.74,"mOthersTime":0,"mRunTime":0,"mStartTime":54000000,"mTimeUnit":600000,"mWalkTime":31349,"runStep":0,"walkStep":47},{"distance":88.009995,"mCalorie":4.39,"mOthersTime":0,"mRunTime":0,"mStartTime":55200000,"mTimeUnit":600000,"mWalkTime":80707,"runStep":0,"walkStep":121},{"distance":14.761,"mCalorie":0.74,"mOthersTime":0,"mRunTime":0,"mStartTime":55800000,"mTimeUnit":600000,"mWalkTime":14007,"runStep":0,"walkStep":21},{"distance":233.22101,"mCalorie":11.859999,"mOthersTime":0,"mRunTime":0,"mStartTime":56400000,"mTimeUnit":600000,"mWalkTime":201404,"runStep":0,"walkStep":314},{"distance":108.801,"mCalorie":5.3389997,"mOthersTime":0,"mRunTime":0,"mStartTime":57000000,"mTimeUnit":600000,"mWalkTime":89348,"runStep":0,"walkStep":146},{"distance":90.33,"mCalorie":4.6000004,"mOthersTime":0,"mRunTime":0,"mStartTime":57600000,"mTimeUnit":600000,"mWalkTime":80040,"runStep":0,"walkStep":120},{"distance":45.48,"mCalorie":2.31,"mOthersTime":0,"mRunTime":400,"mStartTime":58800000,"mTimeUnit":600000,"mWalkTime":39353,"runStep":1,"walkStep":59},{"distance":1.49,"mCalorie":0.11,"mOthersTime":0,"mRunTime":800,"mStartTime":59400000,"mTimeUnit":600000,"mWalkTime":0,"runStep":2,"walkStep":0},{"distance":34.510002,"mCalorie":1.76,"mOthersTime":0,"mRunTime":0,"mStartTime":60000000,"mTimeUnit":600000,"mWalkTime":31349,"runStep":0,"walkStep":47},{"distance":105.23101,"mCalorie":5.73,"mOthersTime":0,"mRunTime":0,"mStartTime":60600000,"mTimeUnit":600000,"mWalkTime":108721,"runStep":0,"walkStep":163},{"distance":19.11,"mCalorie":0.98,"mOthersTime":0,"mRunTime":0,"mStartTime":61200000,"mTimeUnit":600000,"mWalkTime":17342,"runStep":0,"walkStep":26},{"distance":245.64,"mCalorie":12.929997,"mOthersTime":0,"mRunTime":0,"mStartTime":61800000,"mTimeUnit":600000,"mWalkTime":211349,"runStep":0,"walkStep":336},{"distance":94.282005,"mCalorie":5.2,"mOthersTime":0,"mRunTime":7200,"mStartTime":62400000,"mTimeUnit":600000,"mWalkTime":60030,"runStep":18,"walkStep":90},{"distance":46.699997,"mCalorie":2.42,"mOthersTime":0,"mRunTime":0,"mStartTime":63000000,"mTimeUnit":600000,"mWalkTime":42021,"runStep":0,"walkStep":63},{"distance":29.320002,"mCalorie":1.51,"mOthersTime":0,"mRunTime":0,"mStartTime":63600000,"mTimeUnit":600000,"mWalkTime":27347,"runStep":0,"walkStep":41},{"distance":13.639999,"mCalorie":0.71000004,"mOthersTime":0,"mRunTime":0,"mStartTime":64200000,"mTimeUnit":600000,"mWalkTime":12673,"runStep":0,"walkStep":19},{"distance":38.75,"mCalorie":2.02,"mOthersTime":0,"mRunTime":0,"mStartTime":65400000,"mTimeUnit":600000,"mWalkTime":36018,"runStep":0,"walkStep":54},{"distance":5.01,"mCalorie":0.26,"mOthersTime":0,"mRunTime":0,"mStartTime":66000000,"mTimeUnit":600000,"mWalkTime":4669,"runStep":0,"walkStep":7},{"distance":4.26,"mCalorie":0.22,"mOthersTime":0,"mRunTime":0,"mStartTime":66600000,"mTimeUnit":600000,"mWalkTime":4002,"runStep":0,"walkStep":6},{"distance":29.83,"mCalorie":1.59,"mOthersTime":0,"mRunTime":0,"mStartTime":67200000,"mTimeUnit":600000,"mWalkTime":28014,"runStep":0,"walkStep":42},{"distance":9.889999,"mCalorie":0.52,"mOthersTime":0,"mRunTime":0,"mStartTime":67800000,"mTimeUnit":600000,"mWalkTime":9338,"runStep":0,"walkStep":14},{"distance":29.199999,"mCalorie":1.5,"mOthersTime":0,"mRunTime":0,"mStartTime":70800000,"mTimeUnit":600000,"mWalkTime":27347,"runStep":0,"walkStep":41},{"distance":93.8,"mCalorie":4.6,"mOthersTime":0,"mRunTime":0,"mStartTime":71400000,"mTimeUnit":600000,"mWalkTime":86043,"runStep":0,"walkStep":129},{"distance":275.86,"mCalorie":12.990001,"mOthersTime":0,"mRunTime":0,"mStartTime":72000000,"mTimeUnit":600000,"mWalkTime":223385,"runStep":0,"walkStep":367},{"distance":98.920006,"mCalorie":5.21,"mOthersTime":0,"mRunTime":800,"mStartTime":72600000,"mTimeUnit":600000,"mWalkTime":84042,"runStep":2,"walkStep":126},{"distance":17.93,"mCalorie":0.9599999,"mOthersTime":0,"mRunTime":0,"mStartTime":73200000,"mTimeUnit":600000,"mWalkTime":16675,"runStep":0,"walkStep":25},{"distance":25.38,"mCalorie":1.3,"mOthersTime":0,"mRunTime":0,"mStartTime":74400000,"mTimeUnit":600000,"mWalkTime":23345,"runStep":0,"walkStep":35},{"distance":107.33101,"mCalorie":5.451,"mOthersTime":0,"mRunTime":0,"mStartTime":75000000,"mTimeUnit":600000,"mWalkTime":96048,"runStep":0,"walkStep":144},{"distance":322.63,"mCalorie":15.77,"mOthersTime":0,"mRunTime":0,"mStartTime":75600000,"mTimeUnit":600000,"mWalkTime":256068,"runStep":0,"walkStep":426},{"distance":251.85999,"mCalorie":12.609999,"mOthersTime":0,"mRunTime":0,"mStartTime":76200000,"mTimeUnit":600000,"mWalkTime":221414,"runStep":0,"walkStep":345},{"distance":362.23,"mCalorie":18.089998,"mOthersTime":0,"mRunTime":400,"mStartTime":76800000,"mTimeUnit":600000,"mWalkTime":291389,"runStep":1,"walkStep":486},{"distance":7.72,"mCalorie":0.38,"mOthersTime":0,"mRunTime":0,"mStartTime":77400000,"mTimeUnit":600000,"mWalkTime":7337,"runStep":0,"walkStep":11},{"distance":68.25,"mCalorie":3.7600002,"mOthersTime":0,"mRunTime":0,"mStartTime":78000000,"mTimeUnit":600000,"mWalkTime":54027,"runStep":0,"walkStep":81},{"distance":309.71,"mCalorie":15.870001,"mOthersTime":0,"mRunTime":0,"mStartTime":78600000,"mTimeUnit":600000,"mWalkTime":280747,"runStep":0,"walkStep":430},{"distance":121.11099,"mCalorie":5.8500004,"mOthersTime":0,"mRunTime":0,"mStartTime":79200000,"mTimeUnit":600000,"mWalkTime":108054,"runStep":0,"walkStep":162},{"distance":109.917,"mCalorie":5.17,"mOthersTime":0,"mRunTime":0,"mStartTime":81000000,"mTimeUnit":600000,"mWalkTime":99383,"runStep":0,"walkStep":149},{"distance":238.22202,"mCalorie":12.309999,"mOthersTime":0,"mRunTime":0,"mStartTime":81600000,"mTimeUnit":600000,"mWalkTime":208711,"runStep":0,"walkStep":334},{"distance":51.629,"mCalorie":2.5000002,"mOthersTime":0,"mRunTime":800,"mStartTime":82200000,"mTimeUnit":600000,"mWalkTime":43355,"runStep":2,"walkStep":65},{"distance":24.341,"mCalorie":1.45,"mOthersTime":0,"mRunTime":2000,"mStartTime":82800000,"mTimeUnit":600000,"mWalkTime":16675,"runStep":5,"walkStep":25},{"distance":10.46,"mCalorie":0.44,"mOthersTime":0,"mRunTime":0,"mStartTime":85800000,"mTimeUnit":600000,"mWalkTime":9338,"runStep":0,"walkStep":14}],"version":1}