{"mActivityList":[{"mActiveTime":659360,"mActiveTimeType":2,"mCalorie":54.03,"mCategory":204,"mDetailInfoId":"1250da04-44fc-f27c-cf90-506e7d65e983","mDistance":0.0,"mDuration":659360,"mEndTime":52354456,"mStartTime":51695096,"mType":11007},{"mActiveTime":669600,"mActiveTimeType":2,"mCalorie":86.45,"mCategory":204,"mDetailInfoId":"b9a1ff7b-31b9-7925-eafa-16955f17b67d","mDistance":0.0,"mDuration":669600,"mEndTime":59458635,"mStartTime":58789035,"mType":11007}],"mAdaptiveGoal":0,"mIsGoalAchieved":false,"mIsMostActiveAchieved":false,"mMostActiveMinutes":159,"mStreakDayCount":0,"mUnitDataList":[{"distance":11.9,"mCalorie":0.59,"mOthersTime":0,"mRunTime":0,"mStartTime":0,"mTimeUnit":600000,"mWalkTime":10672,"runStep":0,"walkStep":16},{"distance":10.48,"mCalorie":0.47,"mOthersTime":0,"mRunTime":0,"mStartTime":12600000,"mTimeUnit":600000,"mWalkTime":9338,"runStep":0,"walkStep":14},{"distance":22.41,"mCalorie":1.15,"mOthersTime":0,"mRunTime":0,"mStartTime":13200000,"mTimeUnit":600000,"mWalkTime":21344,"runStep":0,"walkStep":32},{"distance":10.69,"mCalorie":0.59,"mOthersTime":0,"mRunTime":800,"mStartTime":15000000,"mTimeUnit":600000,"mWalkTime":6670,"runStep":2,"walkStep":10},{"distance":26.41,"mCalorie":1.39,"mOthersTime":0,"mRunTime":0,"mStartTime":16200000,"mTimeUnit":600000,"mWalkTime":22678,"runStep":0,"walkStep":34},{"distance":26.19,"mCalorie":1.25,"mOthersTime":0,"mRunTime":0,"mStartTime":16800000,"mTimeUnit":600000,"mWalkTime":24012,"runStep":0,"walkStep":36},{"distance":35.107002,"mCalorie":1.97,"mOthersTime":0,"mRunTime":800,"mStartTime":18600000,"mTimeUnit":600000,"mWalkTime":30015,"runStep":2,"walkStep":45},{"distance":9.38,"mCalorie":0.44,"mOthersTime":0,"mRunTime":0,"mStartTime":31200000,"mTimeUnit":600000,"mWalkTime":8671,"runStep":0,"walkStep":13},{"distance":11.66,"mCalorie":0.51,"mOthersTime":0,"mRunTime":0,"mStartTime":36600000,"mTimeUnit":600000,"mWalkTime":10005,"runStep":0,"walkStep":15},{"distance":27.59,"mCalorie":1.1800001,"mOthersTime":0,"mRunTime":0,"mStartTime":37200000,"mTimeUnit":600000,"mWalkTime":23345,"runStep":0,"walkStep":35},{"distance":14.56,"mCalorie":0.68,"mOthersTime":0,"mRunTime":400,"mStartTime":40200000,"mTimeUnit":600000,"mWalkTime":10005,"runStep":1,"walkStep":15},{"distance":12.639999,"mCalorie":0.79,"mOthersTime":0,"mRunTime":0,"mStartTime":42600000,"mTimeUnit":600000,"mWalkTime":12006,"runStep":0,"walkStep":18},{"distance":53.98,"mCalorie":2.97,"mOthersTime":0,"mRunTime":0,"mStartTime":43200000,"mTimeUnit":600000,"mWalkTime":50025,"runStep":0,"walkStep":75},{"distance":33.46,"mCalorie":1.58,"mOthersTime":0,"mRunTime":0,"mStartTime":43800000,"mTimeUnit":600000,"mWalkTime":28014,"runStep":0,"walkStep":42},{"distance":16.58,"mCalorie":0.77,"mOthersTime":0,"mRunTime":0,"mStartTime":44400000,"mTimeUnit":600000,"mWalkTime":15341,"runStep":0,"walkStep":23},{"distance":8.35,"mCalorie":0.41,"mOthersTime":0,"mRunTime":0,"mStartTime":45000000,"mTimeUnit":600000,"mWalkTime":7337,"runStep":0,"walkStep":11},{"distance":55.438,"mCalorie":2.869,"mOthersTime":0,"mRunTime":0,"mStartTime":45600000,"mTimeUnit":600000,"mWalkTime":51359,"runStep":0,"walkStep":77},{"distance":74.69,"mCalorie":3.8400002,"mOthersTime":0,"mRunTime":400,"mStartTime":46200000,"mTimeUnit":600000,"mWalkTime":66700,"runStep":1,"walkStep":100},{"distance":57.59,"mCalorie":2.9699998,"mOthersTime":0,"mRunTime":400,"mStartTime":46800000,"mTimeUnit":600000,"mWalkTime":49358,"runStep":1,"walkStep":74},{"distance":43.64,"mCalorie":2.53,"mOthersTime":0,"mRunTime":400,"mStartTime":47400000,"mTimeUnit":600000,"mWalkTime":37352,"runStep":1,"walkStep":56},{"distance":19.731,"mCalorie":0.89,"mOthersTime":0,"mRunTime":0,"mStartTime":48000000,"mTimeUnit":600000,"mWalkTime":18009,"runStep":0,"walkStep":27},{"distance":44.819,"mCalorie":2.181,"mOthersTime":0,"mRunTime":400,"mStartTime":49800000,"mTimeUnit":600000,"mWalkTime":39353,"runStep":1,"walkStep":59},{"distance":65.1,"mCalorie":3.51,"mOthersTime":0,"mRunTime":800,"mStartTime":51000000,"mTimeUnit":600000,"mWalkTime":57362,"runStep":2,"walkStep":86},{"distance":18.483894,"mCalorie":42.911774,"mOthersTime":504904,"mRunTime":0,"mStartTime":51600000,"mTimeUnit":600000,"mWalkTime":19507,"runStep":0,"walkStep":437},{"distance":34.44,"mCalorie":14.606604,"mOthersTime":154456,"mRunTime":1600,"mStartTime":52200000,"mTimeUnit":600000,"mWalkTime":26680,"runStep":4,"walkStep":40},{"distance":49.29,"mCalorie":2.48,"mOthersTime":0,"mRunTime":0,"mStartTime":52800000,"mTimeUnit":600000,"mWalkTime":44022,"runStep":0,"walkStep":66},{"distance":45.63,"mCalorie":2.43,"mOthersTime":0,"mRunTime":0,"mStartTime":53400000,"mTimeUnit":600000,"mWalkTime":41354,"runStep":0,"walkStep":62},{"distance":19.61,"mCalorie":0.98,"mOthersTime":0,"mRunTime":0,"mStartTime":54000000,"mTimeUnit":600000,"mWalkTime":16675,"runStep":0,"walkStep":25},{"distance":7.4,"mCalorie":0.35999998,"mOthersTime":0,"mRunTime":0,"mStartTime":57000000,"mTimeUnit":600000,"mWalkTime":6670,"runStep":0,"walkStep":10},{"distance":168.18254,"mCalorie":10.699688,"mOthersTime":10965,"mRunTime":0,"mStartTime":58200000,"mTimeUnit":600000,"mWalkTime":156812,"runStep":0,"walkStep":251},{"distance":0.0,"mCalorie":77.46416,"mOthersTime":600000,"mRunTime":0,"mStartTime":58800000,"mTimeUnit":600000,"mWalkTime":0,"runStep":0,"walkStep":514},{"distance":106.564,"mCalorie":13.080185,"mOthersTime":58635,"mRunTime":800,"mStartTime":59400000,"mTimeUnit":600000,"mWalkTime":95381,"runStep":2,"walkStep":143},{"distance":25.793999,"mCalorie":1.2600001,"mOthersTime":0,"mRunTime":0,"mStartTime":60000000,"mTimeUnit":600000,"mWalkTime":23345,"runStep":0,"walkStep":35},{"distance":11.03,"mCalorie":0.59,"mOthersTime":0,"mRunTime":0,"mStartTime":61800000,"mTimeUnit":600000,"mWalkTime":10005,"runStep":0,"walkStep":15},{"distance":12.58,"mCalorie":0.61,"mOthersTime":0,"mRunTime":0,"mStartTime":62400000,"mTimeUnit":600000,"mWalkTime":11339,"runStep":0,"walkStep":17},{"distance":36.1,"mCalorie":1.98,"mOthersTime":0,"mRunTime":1200,"mStartTime":63000000,"mTimeUnit":600000,"mWalkTime":28014,"runStep":3,"walkStep":42},{"distance":38.89,"mCalorie":1.99,"mOthersTime":0,"mRunTime":0,"mStartTime":63600000,"mTimeUnit":600000,"mWalkTime":36018,"runStep":0,"walkStep":54},{"distance":41.489998,"mCalorie":1.9,"mOthersTime":0,"mRunTime":0,"mStartTime":64200000,"mTimeUnit":600000,"mWalkTime":36018,"runStep":0,"walkStep":54},{"distance":59.07,"mCalorie":3.1399999,"mOthersTime":0,"mRunTime":800,"mStartTime":64800000,"mTimeUnit":600000,"mWalkTime":51359,"runStep":2,"walkStep":77},{"distance":281.09,"mCalorie":14.97,"mOthersTime":0,"mRunTime":400,"mStartTime":66000000,"mTimeUnit":600000,"mWalkTime":235361,"runStep":1,"walkStep":373},{"distance":531.70996,"mCalorie":28.550001,"mOthersTime":0,"mRunTime":0,"mStartTime":66600000,"mTimeUnit":600000,"mWalkTime":461384,"runStep":0,"walkStep":736},{"distance":598.25,"mCalorie":30.289999,"mOthersTime":0,"mRunTime":0,"mStartTime":67200000,"mTimeUnit":600000,"mWalkTime":479363,"runStep":0,"walkStep":810},{"distance":24.8,"mCalorie":1.2,"mOthersTime":0,"mRunTime":0,"mStartTime":67800000,"mTimeUnit":600000,"mWalkTime":21344,"runStep":0,"walkStep":32},{"distance":41.15,"mCalorie":2.04,"mOthersTime":0,"mRunTime":0,"mStartTime":73200000,"mTimeUnit":600000,"mWalkTime":38686,"runStep":0,"walkStep":58},{"distance":36.2,"mCalorie":1.98,"mOthersTime":0,"mRunTime":0,"mStartTime":73800000,"mTimeUnit":600000,"mWalkTime":34017,"runStep":0,"walkStep":51},{"distance":83.60999,"mCalorie":4.2000003,"mOthersTime":0,"mRunTime":0,"mStartTime":75000000,"mTimeUnit":600000,"mWalkTime":77372,"runStep":0,"walkStep":116},{"distance":27.76,"mCalorie":1.3,"mOthersTime":0,"mRunTime":0,"mStartTime":75600000,"mTimeUnit":600000,"mWalkTime":24679,"runStep":0,"walkStep":37},{"distance":20.68,"mCalorie":1.15,"mOthersTime":0,"mRunTime":0,"mStartTime":76800000,"mTimeUnit":600000,"mWalkTime":20010,"runStep":0,"walkStep":30},{"distance":41.42,"mCalorie":2.07,"mOthersTime":0,"mRunTime":0,"mStartTime":78000000,"mTimeUnit":600000,"mWalkTime":36685,"runStep":0,"walkStep":55},{"distance":20.434,"mCalorie":0.88,"mOthersTime":0,"mRunTime":0,"mStartTime":78600000,"mTimeUnit":600000,"mWalkTime":16008,"runStep":0,"walkStep":24},{"distance":11.89,"mCalorie":0.58,"mOthersTime":0,"mRunTime":0,"mStartTime":79200000,"mTimeUnit":600000,"mWalkTime":10672,"runStep":0,"walkStep":16},{"distance":106.739,"mCalorie":5.539,"mOthersTime":0,"mRunTime":800,"mStartTime":82800000,"mTimeUnit":600000,"mWalkTime":88711,"runStep":2,"walkStep":133}],"version":1}