{"mActivityList":[{"mActiveTime":914873,"mActiveTimeType":2,"mCalorie":105.0,"mCategory":204,"mDetailInfoId":"324105ee-bdcd-73c7-2114-23208298941a","mDistance":0.0,"mDuration":914873,"mEndTime":41058272,"mStartTime":40143399,"mType":0}],"mAdaptiveGoal":0,"mIsGoalAchieved":false,"mIsMostActiveAchieved":false,"mMostActiveMinutes":0,"mStreakDayCount":0,"mUnitDataList":[{"distance":91.50001,"mCalorie":5.38,"mOthersTime":0,"mRunTime":0,"mStartTime":22200000,"mTimeUnit":600000,"mWalkTime":92046,"runStep":0,"walkStep":138},{"distance":96.82,"mCalorie":5.1400003,"mOthersTime":0,"mRunTime":0,"mStartTime":22800000,"mTimeUnit":600000,"mWalkTime":88711,"runStep":0,"walkStep":133},{"distance":19.44,"mCalorie":1.22,"mOthersTime":0,"mRunTime":400,"mStartTime":24600000,"mTimeUnit":600000,"mWalkTime":15341,"runStep":1,"walkStep":23},{"distance":86.64,"mCalorie":5.0,"mOthersTime":0,"mRunTime":3600,"mStartTime":25800000,"mTimeUnit":600000,"mWalkTime":70702,"runStep":9,"walkStep":106},{"distance":73.619995,"mCalorie":4.0099998,"mOthersTime":0,"mRunTime":0,"mStartTime":26400000,"mTimeUnit":600000,"mWalkTime":69368,"runStep":0,"walkStep":104},{"distance":7.75,"mCalorie":0.37,"mOthersTime":0,"mRunTime":0,"mStartTime":27000000,"mTimeUnit":600000,"mWalkTime":7337,"runStep":0,"walkStep":11},{"distance":61.229996,"mCalorie":3.19,"mOthersTime":0,"mRunTime":0,"mStartTime":27600000,"mTimeUnit":600000,"mWalkTime":56695,"runStep":0,"walkStep":85},{"distance":44.13,"mCalorie":2.32,"mOthersTime":0,"mRunTime":0,"mStartTime":28200000,"mTimeUnit":600000,"mWalkTime":40687,"runStep":0,"walkStep":61},{"distance":74.009995,"mCalorie":3.66,"mOthersTime":0,"mRunTime":0,"mStartTime":28800000,"mTimeUnit":600000,"mWalkTime":67367,"runStep":0,"walkStep":101},{"distance":77.27,"mCalorie":3.65,"mOthersTime":0,"mRunTime":0,"mStartTime":29400000,"mTimeUnit":600000,"mWalkTime":69368,"runStep":0,"walkStep":104},{"distance":32.37,"mCalorie":1.6399999,"mOthersTime":0,"mRunTime":0,"mStartTime":30000000,"mTimeUnit":600000,"mWalkTime":30015,"runStep":0,"walkStep":45},{"distance":103.380005,"mCalorie":5.43,"mOthersTime":0,"mRunTime":0,"mStartTime":30600000,"mTimeUnit":600000,"mWalkTime":93380,"runStep":0,"walkStep":140},{"distance":33.4,"mCalorie":1.6800001,"mOthersTime":0,"mRunTime":0,"mStartTime":31200000,"mTimeUnit":600000,"mWalkTime":30682,"runStep":0,"walkStep":46},{"distance":167.12,"mCalorie":8.969999,"mOthersTime":0,"mRunTime":0,"mStartTime":32400000,"mTimeUnit":600000,"mWalkTime":153410,"runStep":0,"walkStep":230},{"distance":10.13,"mCalorie":0.53,"mOthersTime":0,"mRunTime":0,"mStartTime":33000000,"mTimeUnit":600000,"mWalkTime":9338,"runStep":0,"walkStep":14},{"distance":38.98,"mCalorie":1.8100001,"mOthersTime":0,"mRunTime":0,"mStartTime":33600000,"mTimeUnit":600000,"mWalkTime":34017,"runStep":0,"walkStep":51},{"distance":231.31998,"mCalorie":12.549999,"mOthersTime":0,"mRunTime":0,"mStartTime":34200000,"mTimeUnit":600000,"mWalkTime":212046,"runStep":0,"walkStep":328},{"distance":17.42,"mCalorie":0.92999995,"mOthersTime":0,"mRunTime":0,"mStartTime":34800000,"mTimeUnit":600000,"mWalkTime":16008,"runStep":0,"walkStep":24},{"distance":314.03,"mCalorie":16.4,"mOthersTime":0,"mRunTime":0,"mStartTime":35400000,"mTimeUnit":600000,"mWalkTime":284112,"runStep":0,"walkStep":437},{"distance":124.3,"mCalorie":6.07,"mOthersTime":0,"mRunTime":0,"mStartTime":36600000,"mTimeUnit":600000,"mWalkTime":112723,"runStep":0,"walkStep":169},{"distance":28.19,"mCalorie":1.52,"mOthersTime":0,"mRunTime":0,"mStartTime":37200000,"mTimeUnit":600000,"mWalkTime":26013,"runStep":0,"walkStep":39},{"distance":21.7,"mCalorie":1.25,"mOthersTime":0,"mRunTime":0,"mStartTime":37800000,"mTimeUnit":600000,"mWalkTime":20677,"runStep":0,"walkStep":31},{"distance":43.81,"mCalorie":2.18,"mOthersTime":0,"mRunTime":0,"mStartTime":38400000,"mTimeUnit":600000,"mWalkTime":39353,"runStep":0,"walkStep":59},{"distance":97.08,"mCalorie":5.01,"mOthersTime":0,"mRunTime":2800,"mStartTime":39000000,"mTimeUnit":600000,"mWalkTime":82041,"runStep":7,"walkStep":123},{"distance":91.74304,"mCalorie":11.163142,"mOthersTime":56601,"mRunTime":0,"mStartTime":39600000,"mTimeUnit":600000,"mWalkTime":82847,"runStep":0,"walkStep":161},{"distance":0.0,"mCalorie":68.862015,"mOthersTime":600000,"mRunTime":0,"mStartTime":40200000,"mTimeUnit":600000,"mWalkTime":0,"runStep":0,"walkStep":153},{"distance":70.99,"mCalorie":33.281883,"mOthersTime":258272,"mRunTime":0,"mStartTime":40800000,"mTimeUnit":600000,"mWalkTime":67367,"runStep":0,"walkStep":101},{"distance":15.87,"mCalorie":0.71,"mOthersTime":0,"mRunTime":0,"mStartTime":41400000,"mTimeUnit":600000,"mWalkTime":13340,"runStep":0,"walkStep":20},{"distance":40.52,"mCalorie":1.9900001,"mOthersTime":0,"mRunTime":0,"mStartTime":42000000,"mTimeUnit":600000,"mWalkTime":36685,"runStep":0,"walkStep":55},{"distance":9.77,"mCalorie":0.41,"mOthersTime":0,"mRunTime":0,"mStartTime":42600000,"mTimeUnit":600000,"mWalkTime":8004,"runStep":0,"walkStep":12},{"distance":57.969994,"mCalorie":2.96,"mOthersTime":0,"mRunTime":0,"mStartTime":43200000,"mTimeUnit":600000,"mWalkTime":54027,"runStep":0,"walkStep":81},{"distance":94.0,"mCalorie":4.79,"mOthersTime":0,"mRunTime":2000,"mStartTime":43800000,"mTimeUnit":600000,"mWalkTime":76705,"runStep":5,"walkStep":115},{"distance":248.84,"mCalorie":14.31,"mOthersTime":0,"mRunTime":0,"mStartTime":44400000,"mTimeUnit":600000,"mWalkTime":233450,"runStep":0,"walkStep":350},{"distance":21.75,"mCalorie":1.27,"mOthersTime":0,"mRunTime":0,"mStartTime":45000000,"mTimeUnit":600000,"mWalkTime":16675,"runStep":0,"walkStep":25},{"distance":219.16,"mCalorie":11.76,"mOthersTime":0,"mRunTime":0,"mStartTime":45600000,"mTimeUnit":600000,"mWalkTime":196068,"runStep":0,"walkStep":303},{"distance":18.1,"mCalorie":0.99,"mOthersTime":0,"mRunTime":0,"mStartTime":46200000,"mTimeUnit":600000,"mWalkTime":17342,"runStep":0,"walkStep":26},{"distance":13.73,"mCalorie":0.73,"mOthersTime":0,"mRunTime":1600,"mStartTime":47400000,"mTimeUnit":600000,"mWalkTime":6670,"runStep":4,"walkStep":10},{"distance":58.370003,"mCalorie":2.77,"mOthersTime":0,"mRunTime":0,"mStartTime":49200000,"mTimeUnit":600000,"mWalkTime":53360,"runStep":0,"walkStep":80},{"distance":347.20996,"mCalorie":17.220001,"mOthersTime":0,"mRunTime":0,"mStartTime":49800000,"mTimeUnit":600000,"mWalkTime":296755,"runStep":0,"walkStep":478},{"distance":45.58,"mCalorie":2.23,"mOthersTime":0,"mRunTime":0,"mStartTime":50400000,"mTimeUnit":600000,"mWalkTime":42021,"runStep":0,"walkStep":63},{"distance":20.86,"mCalorie":1.03,"mOthersTime":0,"mRunTime":0,"mStartTime":51600000,"mTimeUnit":600000,"mWalkTime":18676,"runStep":0,"walkStep":28},{"distance":65.14001,"mCalorie":3.24,"mOthersTime":0,"mRunTime":0,"mStartTime":52800000,"mTimeUnit":600000,"mWalkTime":59363,"runStep":0,"walkStep":89},{"distance":69.23,"mCalorie":3.6899998,"mOthersTime":0,"mRunTime":2800,"mStartTime":53400000,"mTimeUnit":600000,"mWalkTime":54694,"runStep":7,"walkStep":82},{"distance":62.76,"mCalorie":3.12,"mOthersTime":0,"mRunTime":0,"mStartTime":54000000,"mTimeUnit":600000,"mWalkTime":55361,"runStep":0,"walkStep":83},{"distance":30.82,"mCalorie":1.74,"mOthersTime":0,"mRunTime":0,"mStartTime":54600000,"mTimeUnit":600000,"mWalkTime":29348,"runStep":0,"walkStep":44},{"distance":99.56,"mCalorie":5.33,"mOthersTime":0,"mRunTime":3600,"mStartTime":55200000,"mTimeUnit":600000,"mWalkTime":83375,"runStep":9,"walkStep":125},{"distance":202.12999,"mCalorie":10.439999,"mOthersTime":0,"mRunTime":0,"mStartTime":55800000,"mTimeUnit":600000,"mWalkTime":186093,"runStep":0,"walkStep":279},{"distance":272.75998,"mCalorie":13.6,"mOthersTime":0,"mRunTime":400,"mStartTime":56400000,"mTimeUnit":600000,"mWalkTime":233420,"runStep":1,"walkStep":364},{"distance":193.22,"mCalorie":9.57,"mOthersTime":0,"mRunTime":0,"mStartTime":57000000,"mTimeUnit":600000,"mWalkTime":176725,"runStep":0,"walkStep":266},{"distance":285.31998,"mCalorie":13.829999,"mOthersTime":0,"mRunTime":0,"mStartTime":57600000,"mTimeUnit":600000,"mWalkTime":256795,"runStep":0,"walkStep":385},{"distance":10.75,"mCalorie":0.51,"mOthersTime":0,"mRunTime":0,"mStartTime":59400000,"mTimeUnit":600000,"mWalkTime":10005,"runStep":0,"walkStep":15},{"distance":65.43,"mCalorie":3.3700001,"mOthersTime":0,"mRunTime":0,"mStartTime":60000000,"mTimeUnit":600000,"mWalkTime":60697,"runStep":0,"walkStep":91},{"distance":93.89,"mCalorie":4.4700003,"mOthersTime":0,"mRunTime":0,"mStartTime":60600000,"mTimeUnit":600000,"mWalkTime":84709,"runStep":0,"walkStep":127},{"distance":227.99,"mCalorie":10.749999,"mOthersTime":0,"mRunTime":0,"mStartTime":61200000,"mTimeUnit":600000,"mWalkTime":204102,"runStep":0,"walkStep":306},{"distance":130.60999,"mCalorie":6.32,"mOthersTime":0,"mRunTime":400,"mStartTime":61800000,"mTimeUnit":600000,"mWalkTime":116058,"runStep":1,"walkStep":174},{"distance":30.5,"mCalorie":1.51,"mOthersTime":0,"mRunTime":0,"mStartTime":64800000,"mTimeUnit":600000,"mWalkTime":27347,"runStep":0,"walkStep":41},{"distance":65.600006,"mCalorie":3.11,"mOthersTime":0,"mRunTime":0,"mStartTime":66000000,"mTimeUnit":600000,"mWalkTime":58029,"runStep":0,"walkStep":87},{"distance":76.0,"mCalorie":3.99,"mOthersTime":0,"mRunTime":400,"mStartTime":66600000,"mTimeUnit":600000,"mWalkTime":66033,"runStep":1,"walkStep":99},{"distance":20.55,"mCalorie":1.03,"mOthersTime":0,"mRunTime":0,"mStartTime":67800000,"mTimeUnit":600000,"mWalkTime":19343,"runStep":0,"walkStep":29},{"distance":14.09,"mCalorie":0.76,"mOthersTime":0,"mRunTime":0,"mStartTime":68400000,"mTimeUnit":600000,"mWalkTime":13340,"runStep":0,"walkStep":20},{"distance":11.85,"mCalorie":0.46,"mOthersTime":0,"mRunTime":0,"mStartTime":69000000,"mTimeUnit":600000,"mWalkTime":10005,"runStep":0,"walkStep":15},{"distance":50.739998,"mCalorie":2.57,"mOthersTime":0,"mRunTime":0,"mStartTime":70200000,"mTimeUnit":600000,"mWalkTime":47357,"runStep":0,"walkStep":71},{"distance":62.489998,"mCalorie":3.6599998,"mOthersTime":0,"mRunTime":0,"mStartTime":70800000,"mTimeUnit":600000,"mWalkTime":71369,"runStep":0,"walkStep":107},{"distance":65.18,"mCalorie":3.0000002,"mOthersTime":0,"mRunTime":0,"mStartTime":71400000,"mTimeUnit":600000,"mWalkTime":58696,"runStep":0,"walkStep":88},{"distance":149.43001,"mCalorie":7.6800003,"mOthersTime":0,"mRunTime":0,"mStartTime":72000000,"mTimeUnit":600000,"mWalkTime":123365,"runStep":0,"walkStep":205},{"distance":31.609999,"mCalorie":1.74,"mOthersTime":0,"mRunTime":0,"mStartTime":72600000,"mTimeUnit":600000,"mWalkTime":30015,"runStep":0,"walkStep":45},{"distance":5.9500003,"mCalorie":0.28,"mOthersTime":0,"mRunTime":0,"mStartTime":74400000,"mTimeUnit":600000,"mWalkTime":5336,"runStep":0,"walkStep":8},{"distance":191.57999,"mCalorie":9.9,"mOthersTime":0,"mRunTime":0,"mStartTime":75000000,"mTimeUnit":600000,"mWalkTime":159383,"runStep":0,"walkStep":255},{"distance":59.909996,"mCalorie":3.08,"mOthersTime":0,"mRunTime":0,"mStartTime":75600000,"mTimeUnit":600000,"mWalkTime":54694,"runStep":0,"walkStep":82},{"distance":13.190001,"mCalorie":0.65999997,"mOthersTime":0,"mRunTime":0,"mStartTime":79800000,"mTimeUnit":600000,"mWalkTime":12006,"runStep":0,"walkStep":18}],"version":1}