{"mAdaptiveGoal":0,"mIsGoalAchieved":false,"mIsMostActiveAchieved":false,"mMostActiveMinutes":0,"mStreakDayCount":0,"mUnitDataList":[{"distance":7.1,"mCalorie":0.36999997,"mOthersTime":0,"mRunTime":0,"mStartTime":31200000,"mTimeUnit":600000,"mWalkTime":6670,"runStep":0,"walkStep":10},{"distance":12.06,"mCalorie":0.66,"mOthersTime":0,"mRunTime":0,"mStartTime":36000000,"mTimeUnit":600000,"mWalkTime":11339,"runStep":0,"walkStep":17},{"distance":100.49,"mCalorie":5.83,"mOthersTime":0,"mRunTime":0,"mStartTime":37200000,"mTimeUnit":600000,"mWalkTime":101384,"runStep":0,"walkStep":152},{"distance":81.630005,"mCalorie":4.2000003,"mOthersTime":0,"mRunTime":0,"mStartTime":39000000,"mTimeUnit":600000,"mWalkTime":74037,"runStep":0,"walkStep":111},{"distance":44.73,"mCalorie":2.76,"mOthersTime":0,"mRunTime":0,"mStartTime":39600000,"mTimeUnit":600000,"mWalkTime":42021,"runStep":0,"walkStep":63},{"distance":35.43,"mCalorie":1.8299999,"mOthersTime":0,"mRunTime":0,"mStartTime":40200000,"mTimeUnit":600000,"mWalkTime":32683,"runStep":0,"walkStep":49},{"distance":10.719999,"mCalorie":0.56,"mOthersTime":0,"mRunTime":0,"mStartTime":40800000,"mTimeUnit":600000,"mWalkTime":10005,"runStep":0,"walkStep":15},{"distance":48.449997,"mCalorie":2.4899998,"mOthersTime":0,"mRunTime":0,"mStartTime":41400000,"mTimeUnit":600000,"mWalkTime":44022,"runStep":0,"walkStep":66},{"distance":11.25,"mCalorie":0.6,"mOthersTime":0,"mRunTime":0,"mStartTime":44400000,"mTimeUnit":600000,"mWalkTime":10672,"runStep":0,"walkStep":16},{"distance":48.82,"mCalorie":2.49,"mOthersTime":0,"mRunTime":0,"mStartTime":45000000,"mTimeUnit":600000,"mWalkTime":44689,"runStep":0,"walkStep":67},{"distance":10.94,"mCalorie":0.54,"mOthersTime":0,"mRunTime":0,"mStartTime":45600000,"mTimeUnit":600000,"mWalkTime":10005,"runStep":0,"walkStep":15},{"distance":258.03,"mCalorie":15.7,"mOthersTime":0,"mRunTime":2000,"mStartTime":46200000,"mTimeUnit":600000,"mWalkTime":244789,"runStep":5,"walkStep":367},{"distance":143.89,"mCalorie":7.78,"mOthersTime":0,"mRunTime":0,"mStartTime":46800000,"mTimeUnit":600000,"mWalkTime":132066,"runStep":0,"walkStep":198},{"distance":31.44,"mCalorie":1.72,"mOthersTime":0,"mRunTime":0,"mStartTime":47400000,"mTimeUnit":600000,"mWalkTime":29348,"runStep":0,"walkStep":44},{"distance":19.49,"mCalorie":1.02,"mOthersTime":0,"mRunTime":0,"mStartTime":48000000,"mTimeUnit":600000,"mWalkTime":18009,"runStep":0,"walkStep":27},{"distance":33.940002,"mCalorie":1.8,"mOthersTime":0,"mRunTime":0,"mStartTime":49200000,"mTimeUnit":600000,"mWalkTime":31349,"runStep":0,"walkStep":47},{"distance":296.84998,"mCalorie":15.920001,"mOthersTime":0,"mRunTime":800,"mStartTime":49800000,"mTimeUnit":600000,"mWalkTime":265466,"runStep":2,"walkStep":398},{"distance":66.84,"mCalorie":7.3400006,"mOthersTime":0,"mRunTime":0,"mStartTime":50400000,"mTimeUnit":600000,"mWalkTime":76705,"runStep":0,"walkStep":115},{"distance":28.260002,"mCalorie":1.4900001,"mOthersTime":0,"mRunTime":0,"mStartTime":51000000,"mTimeUnit":600000,"mWalkTime":26013,"runStep":0,"walkStep":39},{"distance":89.240005,"mCalorie":5.18,"mOthersTime":0,"mRunTime":0,"mStartTime":51600000,"mTimeUnit":600000,"mWalkTime":89378,"runStep":0,"walkStep":134},{"distance":215.93001,"mCalorie":11.68,"mOthersTime":0,"mRunTime":0,"mStartTime":52200000,"mTimeUnit":600000,"mWalkTime":192066,"runStep":0,"walkStep":295},{"distance":7.02,"mCalorie":0.38,"mOthersTime":0,"mRunTime":0,"mStartTime":52800000,"mTimeUnit":600000,"mWalkTime":6670,"runStep":0,"walkStep":10},{"distance":17.58,"mCalorie":0.87,"mOthersTime":0,"mRunTime":0,"mStartTime":57000000,"mTimeUnit":600000,"mWalkTime":16008,"runStep":0,"walkStep":24},{"distance":232.52,"mCalorie":12.789999,"mOthersTime":0,"mRunTime":0,"mStartTime":57600000,"mTimeUnit":600000,"mWalkTime":216108,"runStep":0,"walkStep":324},{"distance":26.52,"mCalorie":1.4000001,"mOthersTime":0,"mRunTime":0,"mStartTime":58200000,"mTimeUnit":600000,"mWalkTime":24679,"runStep":0,"walkStep":37},{"distance":12.29,"mCalorie":0.63,"mOthersTime":0,"mRunTime":0,"mStartTime":59400000,"mTimeUnit":600000,"mWalkTime":11339,"runStep":0,"walkStep":17},{"distance":26.77,"mCalorie":1.52,"mOthersTime":0,"mRunTime":0,"mStartTime":61200000,"mTimeUnit":600000,"mWalkTime":26680,"runStep":0,"walkStep":40},{"distance":47.92,"mCalorie":2.72,"mOthersTime":0,"mRunTime":0,"mStartTime":61800000,"mTimeUnit":600000,"mWalkTime":47357,"runStep":0,"walkStep":71},{"distance":10.46,"mCalorie":0.5,"mOthersTime":0,"mRunTime":0,"mStartTime":66000000,"mTimeUnit":600000,"mWalkTime":9338,"runStep":0,"walkStep":14},{"distance":52.970005,"mCalorie":2.78,"mOthersTime":0,"mRunTime":0,"mStartTime":66600000,"mTimeUnit":600000,"mWalkTime":49358,"runStep":0,"walkStep":74},{"distance":28.710001,"mCalorie":1.51,"mOthersTime":0,"mRunTime":0,"mStartTime":67200000,"mTimeUnit":600000,"mWalkTime":26680,"runStep":0,"walkStep":40},{"distance":20.19,"mCalorie":1.04,"mOthersTime":0,"mRunTime":0,"mStartTime":67800000,"mTimeUnit":600000,"mWalkTime":18676,"runStep":0,"walkStep":28},{"distance":15.49,"mCalorie":0.78,"mOthersTime":0,"mRunTime":0,"mStartTime":68400000,"mTimeUnit":600000,"mWalkTime":14007,"runStep":0,"walkStep":21},{"distance":181.51001,"mCalorie":10.789999,"mOthersTime":0,"mRunTime":0,"mStartTime":71400000,"mTimeUnit":600000,"mWalkTime":182091,"runStep":0,"walkStep":273},{"distance":189.56999,"mCalorie":12.179999,"mOthersTime":0,"mRunTime":2400,"mStartTime":72000000,"mTimeUnit":600000,"mWalkTime":162748,"runStep":6,"walkStep":244},{"distance":15.62,"mCalorie":0.84,"mOthersTime":0,"mRunTime":0,"mStartTime":72600000,"mTimeUnit":600000,"mWalkTime":14674,"runStep":0,"walkStep":22},{"distance":11.63,"mCalorie":0.59000003,"mOthersTime":0,"mRunTime":0,"mStartTime":73200000,"mTimeUnit":600000,"mWalkTime":10672,"runStep":0,"walkStep":16},{"distance":265.15997,"mCalorie":13.95,"mOthersTime":0,"mRunTime":0,"mStartTime":74400000,"mTimeUnit":600000,"mWalkTime":237422,"runStep":0,"walkStep":360},{"distance":278.68002,"mCalorie":15.200001,"mOthersTime":0,"mRunTime":0,"mStartTime":75000000,"mTimeUnit":600000,"mWalkTime":258796,"runStep":0,"walkStep":388},{"distance":33.33,"mCalorie":1.65,"mOthersTime":0,"mRunTime":0,"mStartTime":77400000,"mTimeUnit":600000,"mWalkTime":29348,"runStep":0,"walkStep":44},{"distance":371.87,"mCalorie":20.59,"mOthersTime":0,"mRunTime":1600,"mStartTime":78000000,"mTimeUnit":600000,"mWalkTime":340837,"runStep":4,"walkStep":511},{"distance":53.52,"mCalorie":2.9800003,"mOthersTime":0,"mRunTime":0,"mStartTime":78600000,"mTimeUnit":600000,"mWalkTime":50692,"runStep":0,"walkStep":76},{"distance":111.46,"mCalorie":6.17,"mOthersTime":0,"mRunTime":0,"mStartTime":80400000,"mTimeUnit":600000,"mWalkTime":94047,"runStep":0,"walkStep":141},{"distance":181.53,"mCalorie":9.950001,"mOthersTime":0,"mRunTime":1200,"mStartTime":81000000,"mTimeUnit":600000,"mWalkTime":164082,"runStep":3,"walkStep":246},{"distance":11.43,"mCalorie":0.6,"mOthersTime":0,"mRunTime":0,"mStartTime":81600000,"mTimeUnit":600000,"mWalkTime":10672,"runStep":0,"walkStep":16}],"version":1}