{"mActivityList":[{"mActiveTime":600000,"mActiveTimeType":2,"mCalorie":75.17,"mCategory":204,"mDetailInfoId":"a3c3ab92-a56a-f6c5-d7db-93d9b6077713","mDistance":0.0,"mDuration":600000,"mEndTime":43906087,"mStartTime":43306087,"mType":11007}],"mAdaptiveGoal":0,"mIsGoalAchieved":false,"mIsMostActiveAchieved":false,"mMostActiveMinutes":0,"mStreakDayCount":0,"mUnitDataList":[{"distance":53.23,"mCalorie":2.75,"mOthersTime":0,"mRunTime":3600,"mStartTime":5400000,"mTimeUnit":600000,"mWalkTime":38686,"runStep":9,"walkStep":58},{"distance":41.33,"mCalorie":2.45,"mOthersTime":0,"mRunTime":4800,"mStartTime":6000000,"mTimeUnit":600000,"mWalkTime":24679,"runStep":12,"walkStep":37},{"distance":24.03,"mCalorie":1.08,"mOthersTime":0,"mRunTime":0,"mStartTime":9600000,"mTimeUnit":600000,"mWalkTime":17342,"runStep":0,"walkStep":26},{"distance":12.27,"mCalorie":0.72,"mOthersTime":0,"mRunTime":400,"mStartTime":13800000,"mTimeUnit":600000,"mWalkTime":9338,"runStep":1,"walkStep":14},{"distance":147.07,"mCalorie":7.82,"mOthersTime":0,"mRunTime":1600,"mStartTime":14400000,"mTimeUnit":600000,"mWalkTime":127397,"runStep":4,"walkStep":191},{"distance":84.652,"mCalorie":4.5299997,"mOthersTime":0,"mRunTime":0,"mStartTime":15000000,"mTimeUnit":600000,"mWalkTime":86043,"runStep":0,"walkStep":129},{"distance":53.71,"mCalorie":2.8600001,"mOthersTime":0,"mRunTime":800,"mStartTime":15600000,"mTimeUnit":600000,"mWalkTime":46023,"runStep":2,"walkStep":69},{"distance":48.25,"mCalorie":2.49,"mOthersTime":0,"mRunTime":0,"mStartTime":18000000,"mTimeUnit":600000,"mWalkTime":45356,"runStep":0,"walkStep":68},{"distance":42.87,"mCalorie":2.4,"mOthersTime":0,"mRunTime":3600,"mStartTime":18600000,"mTimeUnit":600000,"mWalkTime":30682,"runStep":9,"walkStep":46},{"distance":43.18,"mCalorie":2.19,"mOthersTime":0,"mRunTime":800,"mStartTime":19200000,"mTimeUnit":600000,"mWalkTime":37352,"runStep":2,"walkStep":56},{"distance":60.47,"mCalorie":3.26,"mOthersTime":0,"mRunTime":800,"mStartTime":31800000,"mTimeUnit":600000,"mWalkTime":52026,"runStep":2,"walkStep":78},{"distance":30.69,"mCalorie":1.64,"mOthersTime":0,"mRunTime":0,"mStartTime":32400000,"mTimeUnit":600000,"mWalkTime":28681,"runStep":0,"walkStep":43},{"distance":36.61,"mCalorie":1.92,"mOthersTime":0,"mRunTime":0,"mStartTime":33000000,"mTimeUnit":600000,"mWalkTime":34684,"runStep":0,"walkStep":52},{"distance":49.34,"mCalorie":2.48,"mOthersTime":0,"mRunTime":0,"mStartTime":33600000,"mTimeUnit":600000,"mWalkTime":42688,"runStep":0,"walkStep":64},{"distance":6.06,"mCalorie":0.26999998,"mOthersTime":0,"mRunTime":0,"mStartTime":34800000,"mTimeUnit":600000,"mWalkTime":5336,"runStep":0,"walkStep":8},{"distance":27.529999,"mCalorie":1.24,"mOthersTime":0,"mRunTime":0,"mStartTime":35400000,"mTimeUnit":600000,"mWalkTime":24012,"runStep":0,"walkStep":36},{"distance":11.37,"mCalorie":0.54,"mOthersTime":0,"mRunTime":0,"mStartTime":37200000,"mTimeUnit":600000,"mWalkTime":10005,"runStep":0,"walkStep":15},{"distance":141.07999,"mCalorie":6.96,"mOthersTime":0,"mRunTime":0,"mStartTime":37800000,"mTimeUnit":600000,"mWalkTime":126730,"runStep":0,"walkStep":190},{"distance":659.39,"mCalorie":31.479998,"mOthersTime":0,"mRunTime":0,"mStartTime":38400000,"mTimeUnit":600000,"mWalkTime":496765,"runStep":0,"walkStep":865},{"distance":478.49997,"mCalorie":25.689999,"mOthersTime":0,"mRunTime":0,"mStartTime":39000000,"mTimeUnit":600000,"mWalkTime":416755,"runStep":0,"walkStep":670},{"distance":331.91998,"mCalorie":17.98,"mOthersTime":0,"mRunTime":0,"mStartTime":39600000,"mTimeUnit":600000,"mWalkTime":306820,"runStep":0,"walkStep":460},{"distance":64.28,"mCalorie":3.45,"mOthersTime":0,"mRunTime":0,"mStartTime":40200000,"mTimeUnit":600000,"mWalkTime":60697,"runStep":0,"walkStep":91},{"distance":127.729996,"mCalorie":7.3499994,"mOthersTime":0,"mRunTime":0,"mStartTime":40800000,"mTimeUnit":600000,"mWalkTime":125396,"runStep":0,"walkStep":188},{"distance":112.17,"mCalorie":5.4900002,"mOthersTime":0,"mRunTime":0,"mStartTime":41400000,"mTimeUnit":600000,"mWalkTime":100050,"runStep":0,"walkStep":150},{"distance":194.62997,"mCalorie":10.129999,"mOthersTime":0,"mRunTime":0,"mStartTime":42000000,"mTimeUnit":600000,"mWalkTime":178089,"runStep":0,"walkStep":267},{"distance":599.13,"mCalorie":25.8,"mOthersTime":0,"mRunTime":0,"mStartTime":42600000,"mTimeUnit":600000,"mWalkTime":467387,"runStep":0,"walkStep":782},{"distance":155.38614,"mCalorie":68.10747,"mOthersTime":493912,"mRunTime":0,"mStartTime":43200000,"mTimeUnit":600000,"mWalkTime":106087,"runStep":0,"walkStep":1131},{"distance":137.16576,"mCalorie":20.090933,"mOthersTime":106087,"mRunTime":93,"mStartTime":43800000,"mTimeUnit":600000,"mWalkTime":125908,"runStep":1,"walkStep":269},{"distance":19.43,"mCalorie":0.94,"mOthersTime":0,"mRunTime":0,"mStartTime":44400000,"mTimeUnit":600000,"mWalkTime":17342,"runStep":0,"walkStep":26},{"distance":31.82,"mCalorie":1.6099999,"mOthersTime":0,"mRunTime":0,"mStartTime":45000000,"mTimeUnit":600000,"mWalkTime":25346,"runStep":0,"walkStep":38},{"distance":121.950005,"mCalorie":6.46,"mOthersTime":0,"mRunTime":2000,"mStartTime":45600000,"mTimeUnit":600000,"mWalkTime":105386,"runStep":5,"walkStep":158},{"distance":78.049995,"mCalorie":4.47,"mOthersTime":0,"mRunTime":0,"mStartTime":46200000,"mTimeUnit":600000,"mWalkTime":84709,"runStep":0,"walkStep":127},{"distance":427.83,"mCalorie":22.129997,"mOthersTime":0,"mRunTime":0,"mStartTime":46800000,"mTimeUnit":600000,"mWalkTime":350085,"runStep":0,"walkStep":573},{"distance":17.21,"mCalorie":0.78999996,"mOthersTime":0,"mRunTime":0,"mStartTime":48000000,"mTimeUnit":600000,"mWalkTime":15341,"runStep":0,"walkStep":23},{"distance":27.98,"mCalorie":1.4499999,"mOthersTime":0,"mRunTime":0,"mStartTime":49200000,"mTimeUnit":600000,"mWalkTime":26013,"runStep":0,"walkStep":39},{"distance":380.87,"mCalorie":19.609999,"mOthersTime":0,"mRunTime":0,"mStartTime":49800000,"mTimeUnit":600000,"mWalkTime":299363,"runStep":0,"walkStep":510},{"distance":101.98,"mCalorie":5.8599997,"mOthersTime":0,"mRunTime":0,"mStartTime":50400000,"mTimeUnit":600000,"mWalkTime":95381,"runStep":0,"walkStep":143},{"distance":208.77002,"mCalorie":9.61,"mOthersTime":0,"mRunTime":0,"mStartTime":51000000,"mTimeUnit":600000,"mWalkTime":172723,"runStep":0,"walkStep":273},{"distance":200.98999,"mCalorie":10.08,"mOthersTime":0,"mRunTime":0,"mStartTime":51600000,"mTimeUnit":600000,"mWalkTime":178756,"runStep":0,"walkStep":268},{"distance":323.97998,"mCalorie":18.19,"mOthersTime":0,"mRunTime":0,"mStartTime":52200000,"mTimeUnit":600000,"mWalkTime":302091,"runStep":0,"walkStep":460},{"distance":118.97001,"mCalorie":6.01,"mOthersTime":0,"mRunTime":1600,"mStartTime":52800000,"mTimeUnit":600000,"mWalkTime":102718,"runStep":4,"walkStep":154},{"distance":206.48,"mCalorie":10.509999,"mOthersTime":0,"mRunTime":0,"mStartTime":54000000,"mTimeUnit":600000,"mWalkTime":188761,"runStep":0,"walkStep":283},{"distance":103.45,"mCalorie":5.41,"mOthersTime":0,"mRunTime":0,"mStartTime":54600000,"mTimeUnit":600000,"mWalkTime":94047,"runStep":0,"walkStep":141},{"distance":318.03,"mCalorie":16.52,"mOthersTime":0,"mRunTime":0,"mStartTime":55200000,"mTimeUnit":600000,"mWalkTime":279413,"runStep":0,"walkStep":432},{"distance":11.32,"mCalorie":0.39,"mOthersTime":0,"mRunTime":0,"mStartTime":55800000,"mTimeUnit":600000,"mWalkTime":9338,"runStep":0,"walkStep":14},{"distance":93.520004,"mCalorie":4.83,"mOthersTime":0,"mRunTime":400,"mStartTime":56400000,"mTimeUnit":600000,"mWalkTime":78706,"runStep":1,"walkStep":118},{"distance":7.72,"mCalorie":0.37,"mOthersTime":0,"mRunTime":0,"mStartTime":57000000,"mTimeUnit":600000,"mWalkTime":6670,"runStep":0,"walkStep":10},{"distance":48.88,"mCalorie":2.92,"mOthersTime":0,"mRunTime":6400,"mStartTime":58200000,"mTimeUnit":600000,"mWalkTime":29348,"runStep":16,"walkStep":44},{"distance":63.43,"mCalorie":3.1999998,"mOthersTime":0,"mRunTime":0,"mStartTime":58800000,"mTimeUnit":600000,"mWalkTime":58029,"runStep":0,"walkStep":87},{"distance":12.23,"mCalorie":0.66,"mOthersTime":0,"mRunTime":0,"mStartTime":59400000,"mTimeUnit":600000,"mWalkTime":11339,"runStep":0,"walkStep":17},{"distance":21.55,"mCalorie":1.01,"mOthersTime":0,"mRunTime":1600,"mStartTime":60600000,"mTimeUnit":600000,"mWalkTime":15341,"runStep":4,"walkStep":23},{"distance":29.470001,"mCalorie":1.4,"mOthersTime":0,"mRunTime":0,"mStartTime":61800000,"mTimeUnit":600000,"mWalkTime":26680,"runStep":0,"walkStep":40},{"distance":82.009995,"mCalorie":4.69,"mOthersTime":0,"mRunTime":6800,"mStartTime":62400000,"mTimeUnit":600000,"mWalkTime":58696,"runStep":17,"walkStep":88},{"distance":81.75,"mCalorie":4.16,"mOthersTime":0,"mRunTime":1200,"mStartTime":63000000,"mTimeUnit":600000,"mWalkTime":66700,"runStep":3,"walkStep":100},{"distance":40.920002,"mCalorie":1.99,"mOthersTime":0,"mRunTime":0,"mStartTime":64200000,"mTimeUnit":600000,"mWalkTime":38019,"runStep":0,"walkStep":57},{"distance":44.9,"mCalorie":2.21,"mOthersTime":0,"mRunTime":0,"mStartTime":65400000,"mTimeUnit":600000,"mWalkTime":40687,"runStep":0,"walkStep":61},{"distance":56.22,"mCalorie":3.05,"mOthersTime":0,"mRunTime":0,"mStartTime":66000000,"mTimeUnit":600000,"mWalkTime":52026,"runStep":0,"walkStep":78},{"distance":43.819,"mCalorie":2.5,"mOthersTime":0,"mRunTime":800,"mStartTime":67200000,"mTimeUnit":600000,"mWalkTime":38019,"runStep":2,"walkStep":57},{"distance":7.41,"mCalorie":0.34,"mOthersTime":0,"mRunTime":0,"mStartTime":68400000,"mTimeUnit":600000,"mWalkTime":6670,"runStep":0,"walkStep":10},{"distance":51.281,"mCalorie":2.5400002,"mOthersTime":0,"mRunTime":0,"mStartTime":69000000,"mTimeUnit":600000,"mWalkTime":46690,"runStep":0,"walkStep":70},{"distance":25.039,"mCalorie":1.4200001,"mOthersTime":0,"mRunTime":1200,"mStartTime":69600000,"mTimeUnit":600000,"mWalkTime":19343,"runStep":3,"walkStep":29},{"distance":18.82,"mCalorie":0.85,"mOthersTime":0,"mRunTime":0,"mStartTime":72600000,"mTimeUnit":600000,"mWalkTime":15341,"runStep":0,"walkStep":23},{"distance":37.07,"mCalorie":1.76,"mOthersTime":0,"mRunTime":0,"mStartTime":73200000,"mTimeUnit":600000,"mWalkTime":33350,"runStep":0,"walkStep":50},{"distance":205.16002,"mCalorie":11.29,"mOthersTime":0,"mRunTime":1200,"mStartTime":74400000,"mTimeUnit":600000,"mWalkTime":178726,"runStep":3,"walkStep":288},{"distance":28.34,"mCalorie":1.28,"mOthersTime":0,"mRunTime":0,"mStartTime":75000000,"mTimeUnit":600000,"mWalkTime":24679,"runStep":0,"walkStep":37},{"distance":76.5,"mCalorie":4.07,"mOthersTime":0,"mRunTime":0,"mStartTime":75600000,"mTimeUnit":600000,"mWalkTime":60000,"runStep":0,"walkStep":104},{"distance":28.509996,"mCalorie":1.4300001,"mOthersTime":0,"mRunTime":0,"mStartTime":76200000,"mTimeUnit":600000,"mWalkTime":26013,"runStep":0,"walkStep":39},{"distance":133.95999,"mCalorie":6.7200003,"mOthersTime":0,"mRunTime":0,"mStartTime":78000000,"mTimeUnit":600000,"mWalkTime":120727,"runStep":0,"walkStep":181},{"distance":126.90001,"mCalorie":6.53,"mOthersTime":0,"mRunTime":0,"mStartTime":78600000,"mTimeUnit":600000,"mWalkTime":115391,"runStep":0,"walkStep":173},{"distance":48.11,"mCalorie":2.58,"mOthersTime":0,"mRunTime":0,"mStartTime":80400000,"mTimeUnit":600000,"mWalkTime":42688,"runStep":0,"walkStep":64},{"distance":48.531,"mCalorie":2.15,"mOthersTime":0,"mRunTime":400,"mStartTime":81000000,"mTimeUnit":600000,"mWalkTime":42021,"runStep":1,"walkStep":63},{"distance":77.54,"mCalorie":3.7199998,"mOthersTime":0,"mRunTime":0,"mStartTime":81600000,"mTimeUnit":600000,"mWalkTime":70035,"runStep":0,"walkStep":105},{"distance":7.89,"mCalorie":0.36,"mOthersTime":0,"mRunTime":0,"mStartTime":82200000,"mTimeUnit":600000,"mWalkTime":7337,"runStep":0,"walkStep":11},{"distance":63.67,"mCalorie":2.9499998,"mOthersTime":0,"mRunTime":0,"mStartTime":84000000,"mTimeUnit":600000,"mWalkTime":56695,"runStep":0,"walkStep":85},{"distance":53.579998,"mCalorie":2.71,"mOthersTime":0,"mRunTime":0,"mStartTime":84600000,"mTimeUnit":600000,"mWalkTime":50692,"runStep":0,"walkStep":76},{"distance":88.5,"mCalorie":4.35,"mOthersTime":0,"mRunTime":0,"mStartTime":85200000,"mTimeUnit":600000,"mWalkTime":79373,"runStep":0,"walkStep":119}],"version":1}