{"mActivityList":[{"mActiveTime":600000,"mActiveTimeType":2,"mCalorie":57.09,"mCategory":204,"mDetailInfoId":"118030cf-a41a-71de-6a7d-455198eea90d","mDistance":0.0,"mDuration":600000,"mEndTime":23808035,"mStartTime":23208035,"mType":11007},{"mActiveTime":1464030,"mActiveTimeType":0,"mCalorie":117.0,"mCategory":204,"mDetailInfoId":"8aae353d-a075-c98d-a01e-d663c780aeab","mDistance":1814.129,"mDuration":1464030,"mEndTime":37383716,"mStartTime":35919686,"mType":1001},{"mActiveTime":1459311,"mActiveTimeType":0,"mCalorie":179.0,"mCategory":204,"mDetailInfoId":"b22c62a1-7543-5ad9-76a3-53a6aab999ab","mDistance":1847.03,"mDuration":1459311,"mEndTime":42650300,"mStartTime":41190989,"mType":1001}],"mAdaptiveGoal":0,"mIsGoalAchieved":false,"mIsMostActiveAchieved":false,"mMostActiveMinutes":0,"mStreakDayCount":0,"mUnitDataList":[{"distance":18.43,"mCalorie":0.94,"mOthersTime":0,"mRunTime":0,"mStartTime":3600000,"mTimeUnit":600000,"mWalkTime":17342,"runStep":0,"walkStep":26},{"distance":11.17,"mCalorie":0.53,"mOthersTime":0,"mRunTime":0,"mStartTime":14400000,"mTimeUnit":600000,"mWalkTime":10005,"runStep":0,"walkStep":15},{"distance":8.3,"mCalorie":0.41,"mOthersTime":0,"mRunTime":0,"mStartTime":16200000,"mTimeUnit":600000,"mWalkTime":8004,"runStep":0,"walkStep":12},{"distance":27.990002,"mCalorie":1.23,"mOthersTime":0,"mRunTime":0,"mStartTime":17400000,"mTimeUnit":600000,"mWalkTime":24679,"runStep":0,"walkStep":37},{"distance":15.68,"mCalorie":0.64,"mOthersTime":0,"mRunTime":0,"mStartTime":19200000,"mTimeUnit":600000,"mWalkTime":13340,"runStep":0,"walkStep":20},{"distance":221.29,"mCalorie":12.7,"mOthersTime":0,"mRunTime":0,"mStartTime":19800000,"mTimeUnit":600000,"mWalkTime":211439,"runStep":0,"walkStep":317},{"distance":189.78,"mCalorie":10.05,"mOthersTime":0,"mRunTime":0,"mStartTime":20400000,"mTimeUnit":600000,"mWalkTime":169388,"runStep":0,"walkStep":256},{"distance":16.09,"mCalorie":0.77,"mOthersTime":0,"mRunTime":0,"mStartTime":21600000,"mTimeUnit":600000,"mWalkTime":14674,"runStep":0,"walkStep":22},{"distance":185.02736,"mCalorie":27.582123,"mOthersTime":191965,"mRunTime":961,"mStartTime":22800000,"mTimeUnit":600000,"mWalkTime":164758,"runStep":3,"walkStep":368},{"distance":26.158587,"mCalorie":40.14005,"mOthersTime":408035,"mRunTime":0,"mStartTime":23400000,"mTimeUnit":600000,"mWalkTime":24270,"runStep":0,"walkStep":315},{"distance":10.19,"mCalorie":0.47,"mOthersTime":0,"mRunTime":0,"mStartTime":24000000,"mTimeUnit":600000,"mWalkTime":8671,"runStep":0,"walkStep":13},{"distance":8.78,"mCalorie":0.34,"mOthersTime":0,"mRunTime":0,"mStartTime":32400000,"mTimeUnit":600000,"mWalkTime":7337,"runStep":0,"walkStep":11},{"distance":33.25,"mCalorie":1.6,"mOthersTime":0,"mRunTime":0,"mStartTime":33000000,"mTimeUnit":600000,"mWalkTime":30682,"runStep":0,"walkStep":46},{"distance":33.4,"mCalorie":2.03,"mOthersTime":0,"mRunTime":0,"mStartTime":33600000,"mTimeUnit":600000,"mWalkTime":30015,"runStep":0,"walkStep":45},{"distance":20.04,"mCalorie":0.78,"mOthersTime":0,"mRunTime":0,"mStartTime":34800000,"mTimeUnit":600000,"mWalkTime":16675,"runStep":0,"walkStep":25},{"distance":204.34,"mCalorie":11.742303,"mOthersTime":0,"mRunTime":0,"mStartTime":35400000,"mTimeUnit":600000,"mWalkTime":173699,"runStep":0,"walkStep":270},{"distance":743.4803,"mCalorie":47.949837,"mOthersTime":0,"mRunTime":0,"mStartTime":36000000,"mTimeUnit":600000,"mWalkTime":600000,"runStep":0,"walkStep":1087},{"distance":743.4803,"mCalorie":47.949837,"mOthersTime":0,"mRunTime":0,"mStartTime":36600000,"mTimeUnit":600000,"mWalkTime":600000,"runStep":0,"walkStep":1037},{"distance":234.4587,"mCalorie":15.01192,"mOthersTime":0,"mRunTime":0,"mStartTime":37200000,"mTimeUnit":600000,"mWalkTime":189718,"runStep":0,"walkStep":187},{"distance":6.35,"mCalorie":0.27,"mOthersTime":0,"mRunTime":0,"mStartTime":39000000,"mTimeUnit":600000,"mWalkTime":5336,"runStep":0,"walkStep":8},{"distance":5.79,"mCalorie":0.29,"mOthersTime":0,"mRunTime":0,"mStartTime":39600000,"mTimeUnit":600000,"mWalkTime":5336,"runStep":0,"walkStep":8},{"distance":8.450001,"mCalorie":0.40999997,"mOthersTime":0,"mRunTime":0,"mStartTime":40200000,"mTimeUnit":600000,"mWalkTime":7337,"runStep":0,"walkStep":11},{"distance":437.4961,"mCalorie":35.023792,"mOthersTime":0,"mRunTime":0,"mStartTime":40800000,"mTimeUnit":600000,"mWalkTime":375129,"runStep":0,"walkStep":587},{"distance":759.4118,"mCalorie":73.596375,"mOthersTime":0,"mRunTime":0,"mStartTime":41400000,"mTimeUnit":600000,"mWalkTime":600000,"runStep":0,"walkStep":1112},{"distance":759.4118,"mCalorie":73.596375,"mOthersTime":0,"mRunTime":0,"mStartTime":42000000,"mTimeUnit":600000,"mWalkTime":600000,"runStep":0,"walkStep":1043},{"distance":154.268,"mCalorie":11.221379,"mOthersTime":0,"mRunTime":5200,"mStartTime":42600000,"mTimeUnit":600000,"mWalkTime":117605,"runStep":13,"walkStep":116},{"distance":78.3,"mCalorie":4.16,"mOthersTime":0,"mRunTime":0,"mStartTime":43200000,"mTimeUnit":600000,"mWalkTime":74704,"runStep":0,"walkStep":112},{"distance":248.57,"mCalorie":13.4,"mOthersTime":0,"mRunTime":0,"mStartTime":43800000,"mTimeUnit":600000,"mWalkTime":228751,"runStep":0,"walkStep":343},{"distance":74.801,"mCalorie":3.4599998,"mOthersTime":0,"mRunTime":0,"mStartTime":44400000,"mTimeUnit":600000,"mWalkTime":65366,"runStep":0,"walkStep":98},{"distance":49.310005,"mCalorie":2.46,"mOthersTime":0,"mRunTime":0,"mStartTime":45000000,"mTimeUnit":600000,"mWalkTime":41354,"runStep":0,"walkStep":62},{"distance":108.149994,"mCalorie":5.83,"mOthersTime":0,"mRunTime":0,"mStartTime":46200000,"mTimeUnit":600000,"mWalkTime":100050,"runStep":0,"walkStep":150},{"distance":267.34998,"mCalorie":14.28,"mOthersTime":0,"mRunTime":0,"mStartTime":46800000,"mTimeUnit":600000,"mWalkTime":240757,"runStep":0,"walkStep":366},{"distance":160.32,"mCalorie":8.75,"mOthersTime":0,"mRunTime":0,"mStartTime":47400000,"mTimeUnit":600000,"mWalkTime":143375,"runStep":0,"walkStep":222},{"distance":89.399994,"mCalorie":4.4900002,"mOthersTime":0,"mRunTime":0,"mStartTime":49800000,"mTimeUnit":600000,"mWalkTime":88044,"runStep":0,"walkStep":132},{"distance":52.95,"mCalorie":2.66,"mOthersTime":0,"mRunTime":0,"mStartTime":50400000,"mTimeUnit":600000,"mWalkTime":44689,"runStep":0,"walkStep":67},{"distance":243.89,"mCalorie":13.08,"mOthersTime":0,"mRunTime":0,"mStartTime":51600000,"mTimeUnit":600000,"mWalkTime":225416,"runStep":0,"walkStep":340},{"distance":165.02,"mCalorie":9.030001,"mOthersTime":0,"mRunTime":0,"mStartTime":52200000,"mTimeUnit":600000,"mWalkTime":154077,"runStep":0,"walkStep":231},{"distance":145.36,"mCalorie":7.81,"mOthersTime":0,"mRunTime":0,"mStartTime":52800000,"mTimeUnit":600000,"mWalkTime":138069,"runStep":0,"walkStep":207},{"distance":73.97,"mCalorie":3.8000002,"mOthersTime":0,"mRunTime":0,"mStartTime":53400000,"mTimeUnit":600000,"mWalkTime":68701,"runStep":0,"walkStep":103},{"distance":162.61,"mCalorie":9.090001,"mOthersTime":0,"mRunTime":0,"mStartTime":54000000,"mTimeUnit":600000,"mWalkTime":156078,"runStep":0,"walkStep":234},{"distance":7.5200005,"mCalorie":0.35999998,"mOthersTime":0,"mRunTime":0,"mStartTime":54600000,"mTimeUnit":600000,"mWalkTime":6670,"runStep":0,"walkStep":10},{"distance":61.03,"mCalorie":3.01,"mOthersTime":0,"mRunTime":0,"mStartTime":55200000,"mTimeUnit":600000,"mWalkTime":56028,"runStep":0,"walkStep":84},{"distance":11.79,"mCalorie":0.59,"mOthersTime":0,"mRunTime":0,"mStartTime":55800000,"mTimeUnit":600000,"mWalkTime":10672,"runStep":0,"walkStep":16},{"distance":68.881,"mCalorie":3.6599998,"mOthersTime":0,"mRunTime":400,"mStartTime":56400000,"mTimeUnit":600000,"mWalkTime":63365,"runStep":1,"walkStep":95},{"distance":57.239998,"mCalorie":2.82,"mOthersTime":0,"mRunTime":0,"mStartTime":57600000,"mTimeUnit":600000,"mWalkTime":51359,"runStep":0,"walkStep":77},{"distance":388.96002,"mCalorie":21.43,"mOthersTime":0,"mRunTime":6400,"mStartTime":58200000,"mTimeUnit":600000,"mWalkTime":306730,"runStep":16,"walkStep":508},{"distance":807.61993,"mCalorie":42.760002,"mOthersTime":0,"mRunTime":0,"mStartTime":58800000,"mTimeUnit":600000,"mWalkTime":600000,"runStep":0,"walkStep":1069},{"distance":676.99,"mCalorie":36.599995,"mOthersTime":0,"mRunTime":0,"mStartTime":59400000,"mTimeUnit":600000,"mWalkTime":544062,"runStep":0,"walkStep":907},{"distance":85.880005,"mCalorie":4.56,"mOthersTime":0,"mRunTime":0,"mStartTime":60000000,"mTimeUnit":600000,"mWalkTime":74674,"runStep":0,"walkStep":116},{"distance":247.15,"mCalorie":13.35,"mOthersTime":0,"mRunTime":0,"mStartTime":61200000,"mTimeUnit":600000,"mWalkTime":230782,"runStep":0,"walkStep":346},{"distance":55.400005,"mCalorie":3.0,"mOthersTime":0,"mRunTime":0,"mStartTime":61800000,"mTimeUnit":600000,"mWalkTime":52693,"runStep":0,"walkStep":79},{"distance":234.45001,"mCalorie":12.62,"mOthersTime":0,"mRunTime":0,"mStartTime":62400000,"mTimeUnit":600000,"mWalkTime":207407,"runStep":0,"walkStep":321},{"distance":480.99,"mCalorie":26.119999,"mOthersTime":0,"mRunTime":0,"mStartTime":63000000,"mTimeUnit":600000,"mWalkTime":422091,"runStep":0,"walkStep":657},{"distance":97.54,"mCalorie":5.29,"mOthersTime":0,"mRunTime":0,"mStartTime":63600000,"mTimeUnit":600000,"mWalkTime":89378,"runStep":0,"walkStep":134},{"distance":39.081,"mCalorie":2.01,"mOthersTime":0,"mRunTime":0,"mStartTime":64200000,"mTimeUnit":600000,"mWalkTime":37352,"runStep":0,"walkStep":56},{"distance":73.291,"mCalorie":3.5900002,"mOthersTime":0,"mRunTime":0,"mStartTime":64800000,"mTimeUnit":600000,"mWalkTime":67367,"runStep":0,"walkStep":101},{"distance":41.399998,"mCalorie":1.9499999,"mOthersTime":0,"mRunTime":0,"mStartTime":66000000,"mTimeUnit":600000,"mWalkTime":38019,"runStep":0,"walkStep":57},{"distance":62.020004,"mCalorie":2.88,"mOthersTime":0,"mRunTime":0,"mStartTime":67200000,"mTimeUnit":600000,"mWalkTime":54027,"runStep":0,"walkStep":81},{"distance":67.739,"mCalorie":3.5700002,"mOthersTime":0,"mRunTime":0,"mStartTime":67800000,"mTimeUnit":600000,"mWalkTime":62031,"runStep":0,"walkStep":93},{"distance":22.15,"mCalorie":1.1,"mOthersTime":0,"mRunTime":0,"mStartTime":69000000,"mTimeUnit":600000,"mWalkTime":20677,"runStep":0,"walkStep":31},{"distance":138.2,"mCalorie":8.08,"mOthersTime":0,"mRunTime":0,"mStartTime":70200000,"mTimeUnit":600000,"mWalkTime":134734,"runStep":0,"walkStep":202},{"distance":142.539,"mCalorie":7.54,"mOthersTime":0,"mRunTime":0,"mStartTime":70800000,"mTimeUnit":600000,"mWalkTime":132066,"runStep":0,"walkStep":198},{"distance":103.249,"mCalorie":4.88,"mOthersTime":0,"mRunTime":0,"mStartTime":73800000,"mTimeUnit":600000,"mWalkTime":93380,"runStep":0,"walkStep":140},{"distance":57.149994,"mCalorie":2.7699995,"mOthersTime":0,"mRunTime":0,"mStartTime":74400000,"mTimeUnit":600000,"mWalkTime":50025,"runStep":0,"walkStep":75},{"distance":17.98,"mCalorie":0.87,"mOthersTime":0,"mRunTime":0,"mStartTime":75000000,"mTimeUnit":600000,"mWalkTime":16675,"runStep":0,"walkStep":25},{"distance":23.66,"mCalorie":1.1800001,"mOthersTime":0,"mRunTime":0,"mStartTime":79200000,"mTimeUnit":600000,"mWalkTime":21344,"runStep":0,"walkStep":32},{"distance":63.13,"mCalorie":2.84,"mOthersTime":0,"mRunTime":0,"mStartTime":79800000,"mTimeUnit":600000,"mWalkTime":56028,"runStep":0,"walkStep":84}],"version":1}