{"mAdaptiveGoal":0,"mIsGoalAchieved":false,"mIsMostActiveAchieved":false,"mMostActiveMinutes":0,"mStreakDayCount":0,"mUnitDataList":[{"distance":9.58,"mCalorie":0.49,"mOthersTime":0,"mRunTime":0,"mStartTime":2400000,"mTimeUnit":600000,"mWalkTime":8671,"runStep":0,"walkStep":13},{"distance":11.1,"mCalorie":0.51,"mOthersTime":0,"mRunTime":0,"mStartTime":10200000,"mTimeUnit":600000,"mWalkTime":10005,"runStep":0,"walkStep":15},{"distance":37.58,"mCalorie":2.1100001,"mOthersTime":0,"mRunTime":400,"mStartTime":16800000,"mTimeUnit":600000,"mWalkTime":30015,"runStep":1,"walkStep":45},{"distance":30.97,"mCalorie":1.79,"mOthersTime":0,"mRunTime":0,"mStartTime":17400000,"mTimeUnit":600000,"mWalkTime":27347,"runStep":0,"walkStep":41},{"distance":15.55,"mCalorie":0.77,"mOthersTime":0,"mRunTime":0,"mStartTime":18000000,"mTimeUnit":600000,"mWalkTime":14007,"runStep":0,"walkStep":21},{"distance":285.52,"mCalorie":15.02,"mOthersTime":0,"mRunTime":0,"mStartTime":18600000,"mTimeUnit":600000,"mWalkTime":245396,"runStep":0,"walkStep":384},{"distance":12.4,"mCalorie":0.58,"mOthersTime":0,"mRunTime":0,"mStartTime":19200000,"mTimeUnit":600000,"mWalkTime":11339,"runStep":0,"walkStep":17},{"distance":23.78,"mCalorie":1.24,"mOthersTime":0,"mRunTime":0,"mStartTime":20400000,"mTimeUnit":600000,"mWalkTime":22011,"runStep":0,"walkStep":33},{"distance":316.99,"mCalorie":16.66,"mOthersTime":0,"mRunTime":0,"mStartTime":21000000,"mTimeUnit":600000,"mWalkTime":247367,"runStep":0,"walkStep":422},{"distance":235.65,"mCalorie":11.690001,"mOthersTime":0,"mRunTime":0,"mStartTime":21600000,"mTimeUnit":600000,"mWalkTime":212106,"runStep":0,"walkStep":318},{"distance":25.29,"mCalorie":1.14,"mOthersTime":0,"mRunTime":0,"mStartTime":22200000,"mTimeUnit":600000,"mWalkTime":22678,"runStep":0,"walkStep":34},{"distance":62.660004,"mCalorie":3.0099998,"mOthersTime":0,"mRunTime":0,"mStartTime":22800000,"mTimeUnit":600000,"mWalkTime":57362,"runStep":0,"walkStep":86},{"distance":57.59,"mCalorie":2.8600001,"mOthersTime":0,"mRunTime":0,"mStartTime":23400000,"mTimeUnit":600000,"mWalkTime":52693,"runStep":0,"walkStep":79},{"distance":110.6,"mCalorie":5.0,"mOthersTime":0,"mRunTime":1200,"mStartTime":24000000,"mTimeUnit":600000,"mWalkTime":92046,"runStep":3,"walkStep":138},{"distance":107.8,"mCalorie":5.3099995,"mOthersTime":0,"mRunTime":0,"mStartTime":24600000,"mTimeUnit":600000,"mWalkTime":96715,"runStep":0,"walkStep":145},{"distance":244.37,"mCalorie":12.25,"mOthersTime":0,"mRunTime":0,"mStartTime":25200000,"mTimeUnit":600000,"mWalkTime":204739,"runStep":0,"walkStep":327},{"distance":49.04,"mCalorie":2.4300003,"mOthersTime":0,"mRunTime":0,"mStartTime":26400000,"mTimeUnit":600000,"mWalkTime":44022,"runStep":0,"walkStep":66},{"distance":31.27,"mCalorie":1.75,"mOthersTime":0,"mRunTime":0,"mStartTime":33600000,"mTimeUnit":600000,"mWalkTime":28681,"runStep":0,"walkStep":43},{"distance":48.64,"mCalorie":2.5700002,"mOthersTime":0,"mRunTime":0,"mStartTime":34200000,"mTimeUnit":600000,"mWalkTime":45356,"runStep":0,"walkStep":68},{"distance":88.999,"mCalorie":4.3200006,"mOthersTime":0,"mRunTime":0,"mStartTime":35400000,"mTimeUnit":600000,"mWalkTime":80707,"runStep":0,"walkStep":121},{"distance":21.49,"mCalorie":1.06,"mOthersTime":0,"mRunTime":0,"mStartTime":36600000,"mTimeUnit":600000,"mWalkTime":20010,"runStep":0,"walkStep":30},{"distance":38.79,"mCalorie":1.79,"mOthersTime":0,"mRunTime":0,"mStartTime":37200000,"mTimeUnit":600000,"mWalkTime":34684,"runStep":0,"walkStep":52},{"distance":48.641,"mCalorie":2.44,"mOthersTime":0,"mRunTime":0,"mStartTime":37800000,"mTimeUnit":600000,"mWalkTime":45356,"runStep":0,"walkStep":68},{"distance":14.72,"mCalorie":0.73,"mOthersTime":0,"mRunTime":0,"mStartTime":38400000,"mTimeUnit":600000,"mWalkTime":13340,"runStep":0,"walkStep":20},{"distance":17.82,"mCalorie":0.88,"mOthersTime":0,"mRunTime":0,"mStartTime":39000000,"mTimeUnit":600000,"mWalkTime":16008,"runStep":0,"walkStep":24},{"distance":21.279999,"mCalorie":1.1,"mOthersTime":0,"mRunTime":0,"mStartTime":41400000,"mTimeUnit":600000,"mWalkTime":19343,"runStep":0,"walkStep":29},{"distance":7.08,"mCalorie":0.38,"mOthersTime":0,"mRunTime":0,"mStartTime":45600000,"mTimeUnit":600000,"mWalkTime":6670,"runStep":0,"walkStep":10},{"distance":81.340004,"mCalorie":4.5499997,"mOthersTime":0,"mRunTime":0,"mStartTime":46200000,"mTimeUnit":600000,"mWalkTime":80707,"runStep":0,"walkStep":121},{"distance":59.42,"mCalorie":3.17,"mOthersTime":0,"mRunTime":0,"mStartTime":46800000,"mTimeUnit":600000,"mWalkTime":56695,"runStep":0,"walkStep":85},{"distance":326.76,"mCalorie":16.7,"mOthersTime":0,"mRunTime":0,"mStartTime":47400000,"mTimeUnit":600000,"mWalkTime":273410,"runStep":0,"walkStep":439},{"distance":30.880001,"mCalorie":1.6099999,"mOthersTime":0,"mRunTime":0,"mStartTime":48000000,"mTimeUnit":600000,"mWalkTime":28014,"runStep":0,"walkStep":42},{"distance":13.88,"mCalorie":0.7,"mOthersTime":0,"mRunTime":0,"mStartTime":48600000,"mTimeUnit":600000,"mWalkTime":12673,"runStep":0,"walkStep":19},{"distance":260.46002,"mCalorie":13.3,"mOthersTime":0,"mRunTime":0,"mStartTime":49800000,"mTimeUnit":600000,"mWalkTime":237452,"runStep":0,"walkStep":356},{"distance":186.59001,"mCalorie":9.54,"mOthersTime":0,"mRunTime":0,"mStartTime":51600000,"mTimeUnit":600000,"mWalkTime":171419,"runStep":0,"walkStep":257},{"distance":176.03,"mCalorie":8.18,"mOthersTime":0,"mRunTime":0,"mStartTime":52800000,"mTimeUnit":600000,"mWalkTime":156715,"runStep":0,"walkStep":238},{"distance":288.50003,"mCalorie":14.139998,"mOthersTime":0,"mRunTime":0,"mStartTime":53400000,"mTimeUnit":600000,"mWalkTime":244092,"runStep":0,"walkStep":385},{"distance":48.91,"mCalorie":2.6100001,"mOthersTime":0,"mRunTime":400,"mStartTime":54000000,"mTimeUnit":600000,"mWalkTime":43355,"runStep":1,"walkStep":65},{"distance":11.780001,"mCalorie":0.58,"mOthersTime":0,"mRunTime":0,"mStartTime":54600000,"mTimeUnit":600000,"mWalkTime":10672,"runStep":0,"walkStep":16},{"distance":41.22,"mCalorie":2.01,"mOthersTime":0,"mRunTime":0,"mStartTime":55200000,"mTimeUnit":600000,"mWalkTime":37352,"runStep":0,"walkStep":56},{"distance":6.97,"mCalorie":0.39,"mOthersTime":0,"mRunTime":0,"mStartTime":55800000,"mTimeUnit":600000,"mWalkTime":6670,"runStep":0,"walkStep":10},{"distance":41.63,"mCalorie":2.1200001,"mOthersTime":0,"mRunTime":1200,"mStartTime":56400000,"mTimeUnit":600000,"mWalkTime":35351,"runStep":3,"walkStep":53},{"distance":9.93,"mCalorie":0.47,"mOthersTime":0,"mRunTime":0,"mStartTime":57000000,"mTimeUnit":600000,"mWalkTime":9338,"runStep":0,"walkStep":14},{"distance":74.57,"mCalorie":3.6599998,"mOthersTime":0,"mRunTime":0,"mStartTime":57600000,"mTimeUnit":600000,"mWalkTime":64699,"runStep":0,"walkStep":97},{"distance":61.18,"mCalorie":2.81,"mOthersTime":0,"mRunTime":400,"mStartTime":58200000,"mTimeUnit":600000,"mWalkTime":52693,"runStep":1,"walkStep":79},{"distance":50.33,"mCalorie":2.6999998,"mOthersTime":0,"mRunTime":4400,"mStartTime":58800000,"mTimeUnit":600000,"mWalkTime":34017,"runStep":11,"walkStep":51},{"distance":70.66,"mCalorie":4.07,"mOthersTime":0,"mRunTime":5200,"mStartTime":59400000,"mTimeUnit":600000,"mWalkTime":54694,"runStep":13,"walkStep":82},{"distance":258.16,"mCalorie":11.75,"mOthersTime":0,"mRunTime":705,"mStartTime":60000000,"mTimeUnit":600000,"mWalkTime":216677,"runStep":2,"walkStep":338},{"distance":89.65,"mCalorie":4.61,"mOthersTime":0,"mRunTime":400,"mStartTime":60600000,"mTimeUnit":600000,"mWalkTime":80040,"runStep":1,"walkStep":120},{"distance":309.84,"mCalorie":15.460001,"mOthersTime":0,"mRunTime":0,"mStartTime":61200000,"mTimeUnit":600000,"mWalkTime":267407,"runStep":0,"walkStep":410},{"distance":337.48,"mCalorie":16.82,"mOthersTime":0,"mRunTime":0,"mStartTime":61800000,"mTimeUnit":600000,"mWalkTime":302151,"runStep":0,"walkStep":453},{"distance":131.03,"mCalorie":6.6200004,"mOthersTime":0,"mRunTime":0,"mStartTime":62400000,"mTimeUnit":600000,"mWalkTime":116058,"runStep":0,"walkStep":174},{"distance":140.31,"mCalorie":7.5499997,"mOthersTime":0,"mRunTime":2800,"mStartTime":63600000,"mTimeUnit":600000,"mWalkTime":109358,"runStep":7,"walkStep":178},{"distance":96.03,"mCalorie":4.83,"mOthersTime":0,"mRunTime":0,"mStartTime":64200000,"mTimeUnit":600000,"mWalkTime":87377,"runStep":0,"walkStep":131},{"distance":40.230003,"mCalorie":2.0,"mOthersTime":0,"mRunTime":0,"mStartTime":64800000,"mTimeUnit":600000,"mWalkTime":37352,"runStep":0,"walkStep":56},{"distance":46.64,"mCalorie":2.1399999,"mOthersTime":0,"mRunTime":0,"mStartTime":68400000,"mTimeUnit":600000,"mWalkTime":38686,"runStep":0,"walkStep":58},{"distance":55.480003,"mCalorie":2.91,"mOthersTime":0,"mRunTime":0,"mStartTime":69000000,"mTimeUnit":600000,"mWalkTime":50692,"runStep":0,"walkStep":76},{"distance":49.760002,"mCalorie":2.48,"mOthersTime":0,"mRunTime":1200,"mStartTime":69600000,"mTimeUnit":600000,"mWalkTime":43355,"runStep":3,"walkStep":65},{"distance":13.379999,"mCalorie":0.65,"mOthersTime":0,"mRunTime":0,"mStartTime":70800000,"mTimeUnit":600000,"mWalkTime":12006,"runStep":0,"walkStep":18},{"distance":106.729996,"mCalorie":5.08,"mOthersTime":0,"mRunTime":0,"mStartTime":71400000,"mTimeUnit":600000,"mWalkTime":98049,"runStep":0,"walkStep":147},{"distance":4.28,"mCalorie":0.22,"mOthersTime":0,"mRunTime":0,"mStartTime":72600000,"mTimeUnit":600000,"mWalkTime":4002,"runStep":0,"walkStep":6},{"distance":35.77,"mCalorie":1.89,"mOthersTime":0,"mRunTime":400,"mStartTime":75000000,"mTimeUnit":600000,"mWalkTime":30682,"runStep":1,"walkStep":46},{"distance":36.730003,"mCalorie":1.99,"mOthersTime":0,"mRunTime":0,"mStartTime":75600000,"mTimeUnit":600000,"mWalkTime":34017,"runStep":0,"walkStep":51},{"distance":8.69,"mCalorie":0.37,"mOthersTime":0,"mRunTime":0,"mStartTime":76200000,"mTimeUnit":600000,"mWalkTime":7337,"runStep":0,"walkStep":11},{"distance":5.33,"mCalorie":0.25,"mOthersTime":0,"mRunTime":0,"mStartTime":76800000,"mTimeUnit":600000,"mWalkTime":4669,"runStep":0,"walkStep":7},{"distance":34.449997,"mCalorie":1.8199999,"mOthersTime":0,"mRunTime":0,"mStartTime":77400000,"mTimeUnit":600000,"mWalkTime":29348,"runStep":0,"walkStep":44},{"distance":144.4,"mCalorie":7.0,"mOthersTime":0,"mRunTime":0,"mStartTime":78000000,"mTimeUnit":600000,"mWalkTime":132733,"runStep":0,"walkStep":199},{"distance":435.97,"mCalorie":23.41,"mOthersTime":0,"mRunTime":0,"mStartTime":78600000,"mTimeUnit":600000,"mWalkTime":362031,"runStep":0,"walkStep":599},{"distance":80.85999,"mCalorie":3.8799999,"mOthersTime":0,"mRunTime":0,"mStartTime":79200000,"mTimeUnit":600000,"mWalkTime":73370,"runStep":0,"walkStep":110},{"distance":12.76,"mCalorie":0.61,"mOthersTime":0,"mRunTime":0,"mStartTime":79800000,"mTimeUnit":600000,"mWalkTime":11339,"runStep":0,"walkStep":17},{"distance":5.16,"mCalorie":0.25,"mOthersTime":0,"mRunTime":0,"mStartTime":80400000,"mTimeUnit":600000,"mWalkTime":4669,"runStep":0,"walkStep":7},{"distance":424.14,"mCalorie":23.7,"mOthersTime":0,"mRunTime":0,"mStartTime":81600000,"mTimeUnit":600000,"mWalkTime":352693,"runStep":0,"walkStep":582},{"distance":113.560005,"mCalorie":5.4300003,"mOthersTime":0,"mRunTime":800,"mStartTime":82200000,"mTimeUnit":600000,"mWalkTime":96048,"runStep":2,"walkStep":144},{"distance":45.350002,"mCalorie":2.03,"mOthersTime":0,"mRunTime":0,"mStartTime":82800000,"mTimeUnit":600000,"mWalkTime":38019,"runStep":0,"walkStep":57}],"version":1}