{"mActivityList":[{"mActiveTime":838560,"mActiveTimeType":2,"mCalorie":115.64,"mCategory":204,"mDetailInfoId":"e7aaefbf-cb16-8ecb-1430-b59592c63883","mDistance":0.0,"mDuration":838560,"mEndTime":34110344,"mStartTime":33271784,"mType":11007},{"mActiveTime":1056530,"mActiveTimeType":2,"mCalorie":114.0,"mCategory":204,"mDetailInfoId":"15890eca-2445-c75b-cfc9-206368540c5e","mDistance":0.0,"mDuration":1056530,"mEndTime":40420307,"mStartTime":39363777,"mType":0},{"mActiveTime":813017,"mActiveTimeType":2,"mCalorie":88.0,"mCategory":204,"mDetailInfoId":"ff0dbf58-d7de-57b3-d05d-2b15331822ea","mDistance":0.0,"mDuration":813017,"mEndTime":46444665,"mStartTime":45631648,"mType":0}],"mAdaptiveGoal":0,"mIsGoalAchieved":false,"mIsMostActiveAchieved":false,"mMostActiveMinutes":0,"mStreakDayCount":0,"mUnitDataList":[{"distance":17.91,"mCalorie":0.83000004,"mOthersTime":0,"mRunTime":0,"mStartTime":9600000,"mTimeUnit":600000,"mWalkTime":16008,"runStep":0,"walkStep":24},{"distance":9.71,"mCalorie":0.57,"mOthersTime":0,"mRunTime":0,"mStartTime":10800000,"mTimeUnit":600000,"mWalkTime":9338,"runStep":0,"walkStep":14},{"distance":7.89,"mCalorie":0.27,"mOthersTime":0,"mRunTime":0,"mStartTime":13800000,"mTimeUnit":600000,"mWalkTime":6670,"runStep":0,"walkStep":10},{"distance":83.039,"mCalorie":4.21,"mOthersTime":0,"mRunTime":0,"mStartTime":14400000,"mTimeUnit":600000,"mWalkTime":76705,"runStep":0,"walkStep":115},{"distance":9.86,"mCalorie":0.33,"mOthersTime":0,"mRunTime":0,"mStartTime":16200000,"mTimeUnit":600000,"mWalkTime":8004,"runStep":0,"walkStep":12},{"distance":9.27,"mCalorie":0.6,"mOthersTime":0,"mRunTime":0,"mStartTime":22800000,"mTimeUnit":600000,"mWalkTime":6670,"runStep":0,"walkStep":10},{"distance":7.24,"mCalorie":0.33,"mOthersTime":0,"mRunTime":0,"mStartTime":28200000,"mTimeUnit":600000,"mWalkTime":6670,"runStep":0,"walkStep":10},{"distance":73.060005,"mCalorie":3.46,"mOthersTime":0,"mRunTime":400,"mStartTime":30600000,"mTimeUnit":600000,"mWalkTime":59363,"runStep":1,"walkStep":89},{"distance":8.73,"mCalorie":0.35,"mOthersTime":0,"mRunTime":0,"mStartTime":31200000,"mTimeUnit":600000,"mWalkTime":6670,"runStep":0,"walkStep":10},{"distance":91.25,"mCalorie":5.37,"mOthersTime":0,"mRunTime":0,"mStartTime":31800000,"mTimeUnit":600000,"mWalkTime":94714,"runStep":0,"walkStep":142},{"distance":127.93,"mCalorie":7.38,"mOthersTime":0,"mRunTime":0,"mStartTime":32400000,"mTimeUnit":600000,"mWalkTime":120060,"runStep":0,"walkStep":180},{"distance":20.738304,"mCalorie":46.351562,"mOthersTime":328216,"mRunTime":0,"mStartTime":33000000,"mTimeUnit":600000,"mWalkTime":19267,"runStep":0,"walkStep":157},{"distance":4.329776,"mCalorie":70.600426,"mOthersTime":510344,"mRunTime":0,"mStartTime":33600000,"mTimeUnit":600000,"mWalkTime":3956,"runStep":0,"walkStep":284},{"distance":60.04,"mCalorie":3.04,"mOthersTime":0,"mRunTime":0,"mStartTime":34200000,"mTimeUnit":600000,"mWalkTime":55361,"runStep":0,"walkStep":83},{"distance":24.829998,"mCalorie":1.3499999,"mOthersTime":0,"mRunTime":0,"mStartTime":34800000,"mTimeUnit":600000,"mWalkTime":23345,"runStep":0,"walkStep":35},{"distance":73.53,"mCalorie":3.86,"mOthersTime":0,"mRunTime":0,"mStartTime":35400000,"mTimeUnit":600000,"mWalkTime":66700,"runStep":0,"walkStep":100},{"distance":97.84,"mCalorie":5.09,"mOthersTime":0,"mRunTime":0,"mStartTime":36000000,"mTimeUnit":600000,"mWalkTime":91379,"runStep":0,"walkStep":137},{"distance":43.909996,"mCalorie":2.78,"mOthersTime":0,"mRunTime":5600,"mStartTime":36600000,"mTimeUnit":600000,"mWalkTime":23345,"runStep":14,"walkStep":35},{"distance":28.07,"mCalorie":1.44,"mOthersTime":0,"mRunTime":0,"mStartTime":37200000,"mTimeUnit":600000,"mWalkTime":26013,"runStep":0,"walkStep":39},{"distance":8.58,"mCalorie":0.56,"mOthersTime":0,"mRunTime":0,"mStartTime":37800000,"mTimeUnit":600000,"mWalkTime":6670,"runStep":0,"walkStep":10},{"distance":20.27,"mCalorie":1.05,"mOthersTime":0,"mRunTime":0,"mStartTime":38400000,"mTimeUnit":600000,"mWalkTime":18676,"runStep":0,"walkStep":28},{"distance":0.0,"mCalorie":25.488554,"mOthersTime":236223,"mRunTime":0,"mStartTime":39000000,"mTimeUnit":600000,"mWalkTime":0,"runStep":0,"walkStep":0},{"distance":0.0,"mCalorie":64.740234,"mOthersTime":600000,"mRunTime":0,"mStartTime":39600000,"mTimeUnit":600000,"mWalkTime":0,"runStep":0,"walkStep":13},{"distance":11.65,"mCalorie":24.581211,"mOthersTime":220307,"mRunTime":1200,"mStartTime":40200000,"mTimeUnit":600000,"mWalkTime":6670,"runStep":3,"walkStep":10},{"distance":59.510002,"mCalorie":3.62,"mOthersTime":0,"mRunTime":4800,"mStartTime":42000000,"mTimeUnit":600000,"mWalkTime":42021,"runStep":12,"walkStep":63},{"distance":36.411,"mCalorie":2.01,"mOthersTime":0,"mRunTime":2400,"mStartTime":42600000,"mTimeUnit":600000,"mWalkTime":26013,"runStep":6,"walkStep":39},{"distance":111.542,"mCalorie":5.37,"mOthersTime":0,"mRunTime":800,"mStartTime":43200000,"mTimeUnit":600000,"mWalkTime":95381,"runStep":2,"walkStep":143},{"distance":54.22,"mCalorie":2.34,"mOthersTime":0,"mRunTime":0,"mStartTime":43800000,"mTimeUnit":600000,"mWalkTime":48024,"runStep":0,"walkStep":72},{"distance":50.11,"mCalorie":2.46,"mOthersTime":0,"mRunTime":800,"mStartTime":44400000,"mTimeUnit":600000,"mWalkTime":40687,"runStep":2,"walkStep":61},{"distance":49.68,"mCalorie":2.48,"mOthersTime":0,"mRunTime":0,"mStartTime":45000000,"mTimeUnit":600000,"mWalkTime":44689,"runStep":0,"walkStep":67},{"distance":8.239556,"mCalorie":62.103237,"mOthersTime":568352,"mRunTime":1266,"mStartTime":45600000,"mTimeUnit":600000,"mWalkTime":4221,"runStep":8,"walkStep":279},{"distance":132.32286,"mCalorie":33.33573,"mOthersTime":244665,"mRunTime":1600,"mStartTime":46200000,"mTimeUnit":600000,"mWalkTime":116859,"runStep":4,"walkStep":352},{"distance":195.37,"mCalorie":10.650001,"mOthersTime":0,"mRunTime":4000,"mStartTime":46800000,"mTimeUnit":600000,"mWalkTime":169418,"runStep":10,"walkStep":254},{"distance":196.99998,"mCalorie":10.919999,"mOthersTime":0,"mRunTime":1600,"mStartTime":47400000,"mTimeUnit":600000,"mWalkTime":180090,"runStep":4,"walkStep":270},{"distance":50.061,"mCalorie":2.57,"mOthersTime":0,"mRunTime":0,"mStartTime":48000000,"mTimeUnit":600000,"mWalkTime":44022,"runStep":0,"walkStep":66},{"distance":21.27,"mCalorie":1.1800001,"mOthersTime":0,"mRunTime":2400,"mStartTime":49200000,"mTimeUnit":600000,"mWalkTime":15341,"runStep":6,"walkStep":23},{"distance":167.89499,"mCalorie":9.400001,"mOthersTime":0,"mRunTime":15600,"mStartTime":49800000,"mTimeUnit":600000,"mWalkTime":115391,"runStep":39,"walkStep":173},{"distance":225.86697,"mCalorie":12.84,"mOthersTime":0,"mRunTime":5600,"mStartTime":50400000,"mTimeUnit":600000,"mWalkTime":190762,"runStep":14,"walkStep":286},{"distance":144.621,"mCalorie":7.2599998,"mOthersTime":0,"mRunTime":0,"mStartTime":51000000,"mTimeUnit":600000,"mWalkTime":127367,"runStep":0,"walkStep":197},{"distance":186.69,"mCalorie":9.32,"mOthersTime":0,"mRunTime":0,"mStartTime":51600000,"mTimeUnit":600000,"mWalkTime":169418,"runStep":0,"walkStep":254},{"distance":18.1,"mCalorie":0.81,"mOthersTime":0,"mRunTime":0,"mStartTime":52200000,"mTimeUnit":600000,"mWalkTime":16008,"runStep":0,"walkStep":24},{"distance":145.31001,"mCalorie":7.71,"mOthersTime":0,"mRunTime":400,"mStartTime":52800000,"mTimeUnit":600000,"mWalkTime":132733,"runStep":1,"walkStep":199},{"distance":183.32199,"mCalorie":9.690001,"mOthersTime":0,"mRunTime":0,"mStartTime":53400000,"mTimeUnit":600000,"mWalkTime":169418,"runStep":0,"walkStep":254},{"distance":95.29,"mCalorie":4.9,"mOthersTime":0,"mRunTime":0,"mStartTime":54000000,"mTimeUnit":600000,"mWalkTime":86710,"runStep":0,"walkStep":130},{"distance":6.77,"mCalorie":0.32999998,"mOthersTime":0,"mRunTime":0,"mStartTime":55200000,"mTimeUnit":600000,"mWalkTime":6003,"runStep":0,"walkStep":9},{"distance":23.820004,"mCalorie":1.17,"mOthersTime":0,"mRunTime":0,"mStartTime":57000000,"mTimeUnit":600000,"mWalkTime":21344,"runStep":0,"walkStep":32},{"distance":16.56,"mCalorie":0.87,"mOthersTime":0,"mRunTime":0,"mStartTime":61200000,"mTimeUnit":600000,"mWalkTime":15341,"runStep":0,"walkStep":23},{"distance":6.3099995,"mCalorie":0.33999997,"mOthersTime":0,"mRunTime":0,"mStartTime":64200000,"mTimeUnit":600000,"mWalkTime":6003,"runStep":0,"walkStep":9},{"distance":11.18,"mCalorie":0.57,"mOthersTime":0,"mRunTime":0,"mStartTime":66600000,"mTimeUnit":600000,"mWalkTime":10005,"runStep":0,"walkStep":15},{"distance":54.93,"mCalorie":2.82,"mOthersTime":0,"mRunTime":0,"mStartTime":67800000,"mTimeUnit":600000,"mWalkTime":50692,"runStep":0,"walkStep":76},{"distance":222.61,"mCalorie":13.57,"mOthersTime":0,"mRunTime":0,"mStartTime":68400000,"mTimeUnit":600000,"mWalkTime":218109,"runStep":0,"walkStep":327},{"distance":167.76,"mCalorie":8.68,"mOthersTime":0,"mRunTime":0,"mStartTime":69000000,"mTimeUnit":600000,"mWalkTime":150075,"runStep":0,"walkStep":225},{"distance":210.70001,"mCalorie":17.339998,"mOthersTime":0,"mRunTime":0,"mStartTime":69600000,"mTimeUnit":600000,"mWalkTime":209438,"runStep":0,"walkStep":314},{"distance":49.65,"mCalorie":2.5300002,"mOthersTime":0,"mRunTime":0,"mStartTime":70200000,"mTimeUnit":600000,"mWalkTime":45356,"runStep":0,"walkStep":68},{"distance":79.35,"mCalorie":3.94,"mOthersTime":0,"mRunTime":0,"mStartTime":70800000,"mTimeUnit":600000,"mWalkTime":72036,"runStep":0,"walkStep":108},{"distance":26.53,"mCalorie":1.31,"mOthersTime":0,"mRunTime":0,"mStartTime":71400000,"mTimeUnit":600000,"mWalkTime":24012,"runStep":0,"walkStep":36},{"distance":26.57,"mCalorie":1.31,"mOthersTime":0,"mRunTime":0,"mStartTime":72000000,"mTimeUnit":600000,"mWalkTime":24012,"runStep":0,"walkStep":36},{"distance":67.94,"mCalorie":3.34,"mOthersTime":0,"mRunTime":0,"mStartTime":72600000,"mTimeUnit":600000,"mWalkTime":60697,"runStep":0,"walkStep":91},{"distance":235.09001,"mCalorie":12.34,"mOthersTime":0,"mRunTime":0,"mStartTime":73200000,"mTimeUnit":600000,"mWalkTime":215441,"runStep":0,"walkStep":323},{"distance":157.78,"mCalorie":9.57,"mOthersTime":0,"mRunTime":0,"mStartTime":73800000,"mTimeUnit":600000,"mWalkTime":150075,"runStep":0,"walkStep":225},{"distance":39.0,"mCalorie":2.06,"mOthersTime":0,"mRunTime":0,"mStartTime":74400000,"mTimeUnit":600000,"mWalkTime":36018,"runStep":0,"walkStep":54},{"distance":6.79,"mCalorie":0.32,"mOthersTime":0,"mRunTime":0,"mStartTime":75000000,"mTimeUnit":600000,"mWalkTime":6003,"runStep":0,"walkStep":9},{"distance":47.899994,"mCalorie":2.4799998,"mOthersTime":0,"mRunTime":0,"mStartTime":81000000,"mTimeUnit":600000,"mWalkTime":44022,"runStep":0,"walkStep":66}],"version":1}