{"mAdaptiveGoal":0,"mIsGoalAchieved":false,"mIsMostActiveAchieved":false,"mMostActiveMinutes":0,"mStreakDayCount":0,"mUnitDataList":[{"distance":99.14,"mCalorie":4.76,"mOthersTime":0,"mRunTime":0,"mStartTime":24600000,"mTimeUnit":600000,"mWalkTime":88711,"runStep":0,"walkStep":133},{"distance":8.25,"mCalorie":0.25,"mOthersTime":0,"mRunTime":0,"mStartTime":25200000,"mTimeUnit":600000,"mWalkTime":6670,"runStep":0,"walkStep":10},{"distance":301.68,"mCalorie":15.49,"mOthersTime":0,"mRunTime":400,"mStartTime":25800000,"mTimeUnit":600000,"mWalkTime":250065,"runStep":1,"walkStep":402},{"distance":7.36,"mCalorie":0.37,"mOthersTime":0,"mRunTime":0,"mStartTime":26400000,"mTimeUnit":600000,"mWalkTime":6670,"runStep":0,"walkStep":10},{"distance":198.48999,"mCalorie":10.34,"mOthersTime":0,"mRunTime":0,"mStartTime":27600000,"mTimeUnit":600000,"mWalkTime":178059,"runStep":0,"walkStep":273},{"distance":21.87,"mCalorie":1.1800001,"mOthersTime":0,"mRunTime":0,"mStartTime":28200000,"mTimeUnit":600000,"mWalkTime":20677,"runStep":0,"walkStep":31},{"distance":7.23,"mCalorie":0.34,"mOthersTime":0,"mRunTime":0,"mStartTime":28800000,"mTimeUnit":600000,"mWalkTime":6670,"runStep":0,"walkStep":10},{"distance":35.47,"mCalorie":1.62,"mOthersTime":0,"mRunTime":0,"mStartTime":29400000,"mTimeUnit":600000,"mWalkTime":32016,"runStep":0,"walkStep":48},{"distance":60.92,"mCalorie":3.09,"mOthersTime":0,"mRunTime":0,"mStartTime":32400000,"mTimeUnit":600000,"mWalkTime":55361,"runStep":0,"walkStep":83},{"distance":116.67,"mCalorie":6.24,"mOthersTime":0,"mRunTime":0,"mStartTime":33000000,"mTimeUnit":600000,"mWalkTime":108054,"runStep":0,"walkStep":162},{"distance":11.96,"mCalorie":0.59,"mOthersTime":0,"mRunTime":0,"mStartTime":33600000,"mTimeUnit":600000,"mWalkTime":9338,"runStep":0,"walkStep":14},{"distance":108.82001,"mCalorie":5.4800005,"mOthersTime":0,"mRunTime":0,"mStartTime":34200000,"mTimeUnit":600000,"mWalkTime":99383,"runStep":0,"walkStep":149},{"distance":110.72,"mCalorie":5.1200004,"mOthersTime":0,"mRunTime":0,"mStartTime":34800000,"mTimeUnit":600000,"mWalkTime":96048,"runStep":0,"walkStep":144},{"distance":34.69,"mCalorie":1.54,"mOthersTime":0,"mRunTime":0,"mStartTime":35400000,"mTimeUnit":600000,"mWalkTime":30682,"runStep":0,"walkStep":46},{"distance":81.15,"mCalorie":4.34,"mOthersTime":0,"mRunTime":1600,"mStartTime":36000000,"mTimeUnit":600000,"mWalkTime":70035,"runStep":4,"walkStep":105},{"distance":8.07,"mCalorie":0.38,"mOthersTime":0,"mRunTime":0,"mStartTime":36600000,"mTimeUnit":600000,"mWalkTime":7337,"runStep":0,"walkStep":11},{"distance":26.54,"mCalorie":1.38,"mOthersTime":0,"mRunTime":0,"mStartTime":37200000,"mTimeUnit":600000,"mWalkTime":23345,"runStep":0,"walkStep":35},{"distance":22.06,"mCalorie":0.96,"mOthersTime":0,"mRunTime":0,"mStartTime":37800000,"mTimeUnit":600000,"mWalkTime":19343,"runStep":0,"walkStep":29},{"distance":17.12,"mCalorie":0.9,"mOthersTime":0,"mRunTime":0,"mStartTime":39000000,"mTimeUnit":600000,"mWalkTime":16008,"runStep":0,"walkStep":24},{"distance":24.39,"mCalorie":1.07,"mOthersTime":0,"mRunTime":0,"mStartTime":40200000,"mTimeUnit":600000,"mWalkTime":22011,"runStep":0,"walkStep":33},{"distance":39.170002,"mCalorie":1.9300001,"mOthersTime":0,"mRunTime":0,"mStartTime":40800000,"mTimeUnit":600000,"mWalkTime":36018,"runStep":0,"walkStep":54},{"distance":86.049995,"mCalorie":5.3,"mOthersTime":0,"mRunTime":6000,"mStartTime":41400000,"mTimeUnit":600000,"mWalkTime":57362,"runStep":15,"walkStep":86},{"distance":32.62,"mCalorie":1.63,"mOthersTime":0,"mRunTime":0,"mStartTime":42000000,"mTimeUnit":600000,"mWalkTime":30682,"runStep":0,"walkStep":46},{"distance":168.05002,"mCalorie":8.44,"mOthersTime":0,"mRunTime":0,"mStartTime":42600000,"mTimeUnit":600000,"mWalkTime":154077,"runStep":0,"walkStep":231},{"distance":138.31999,"mCalorie":6.74,"mOthersTime":0,"mRunTime":0,"mStartTime":43200000,"mTimeUnit":600000,"mWalkTime":119363,"runStep":0,"walkStep":185},{"distance":5.95,"mCalorie":0.29,"mOthersTime":0,"mRunTime":0,"mStartTime":43800000,"mTimeUnit":600000,"mWalkTime":5336,"runStep":0,"walkStep":8},{"distance":130.31999,"mCalorie":6.28,"mOthersTime":0,"mRunTime":0,"mStartTime":44400000,"mTimeUnit":600000,"mWalkTime":115361,"runStep":0,"walkStep":174},{"distance":19.14,"mCalorie":0.99,"mOthersTime":0,"mRunTime":0,"mStartTime":45000000,"mTimeUnit":600000,"mWalkTime":18009,"runStep":0,"walkStep":27},{"distance":7.91,"mCalorie":0.37,"mOthersTime":0,"mRunTime":0,"mStartTime":45600000,"mTimeUnit":600000,"mWalkTime":7337,"runStep":0,"walkStep":11},{"distance":43.089996,"mCalorie":2.04,"mOthersTime":0,"mRunTime":0,"mStartTime":46200000,"mTimeUnit":600000,"mWalkTime":38686,"runStep":0,"walkStep":58},{"distance":151.96,"mCalorie":8.12,"mOthersTime":0,"mRunTime":0,"mStartTime":46800000,"mTimeUnit":600000,"mWalkTime":128034,"runStep":0,"walkStep":205},{"distance":115.23001,"mCalorie":5.9300003,"mOthersTime":0,"mRunTime":0,"mStartTime":47400000,"mTimeUnit":600000,"mWalkTime":102718,"runStep":0,"walkStep":154},{"distance":9.99,"mCalorie":0.57,"mOthersTime":0,"mRunTime":0,"mStartTime":48000000,"mTimeUnit":600000,"mWalkTime":7337,"runStep":0,"walkStep":11},{"distance":14.01,"mCalorie":0.77,"mOthersTime":0,"mRunTime":0,"mStartTime":49200000,"mTimeUnit":600000,"mWalkTime":13340,"runStep":0,"walkStep":20},{"distance":31.16,"mCalorie":1.51,"mOthersTime":0,"mRunTime":0,"mStartTime":51000000,"mTimeUnit":600000,"mWalkTime":28014,"runStep":0,"walkStep":42},{"distance":174.35999,"mCalorie":9.219999,"mOthersTime":0,"mRunTime":0,"mStartTime":51600000,"mTimeUnit":600000,"mWalkTime":161384,"runStep":0,"walkStep":250},{"distance":81.19,"mCalorie":4.04,"mOthersTime":0,"mRunTime":0,"mStartTime":52200000,"mTimeUnit":600000,"mWalkTime":74037,"runStep":0,"walkStep":111},{"distance":129.64,"mCalorie":6.54,"mOthersTime":0,"mRunTime":400,"mStartTime":52800000,"mTimeUnit":600000,"mWalkTime":108721,"runStep":1,"walkStep":163},{"distance":189.94,"mCalorie":10.1,"mOthersTime":0,"mRunTime":1600,"mStartTime":53400000,"mTimeUnit":600000,"mWalkTime":169418,"runStep":4,"walkStep":254},{"distance":235.36,"mCalorie":12.51,"mOthersTime":0,"mRunTime":0,"mStartTime":54000000,"mTimeUnit":600000,"mWalkTime":218776,"runStep":0,"walkStep":328},{"distance":28.79,"mCalorie":1.21,"mOthersTime":0,"mRunTime":0,"mStartTime":54600000,"mTimeUnit":600000,"mWalkTime":24679,"runStep":0,"walkStep":37},{"distance":42.38,"mCalorie":2.23,"mOthersTime":0,"mRunTime":0,"mStartTime":55200000,"mTimeUnit":600000,"mWalkTime":40020,"runStep":0,"walkStep":60},{"distance":11.44,"mCalorie":0.44,"mOthersTime":0,"mRunTime":0,"mStartTime":57600000,"mTimeUnit":600000,"mWalkTime":6670,"runStep":0,"walkStep":10},{"distance":35.62,"mCalorie":2.15,"mOthersTime":0,"mRunTime":3200,"mStartTime":61800000,"mTimeUnit":600000,"mWalkTime":22011,"runStep":8,"walkStep":33},{"distance":16.45,"mCalorie":0.95,"mOthersTime":0,"mRunTime":0,"mStartTime":63000000,"mTimeUnit":600000,"mWalkTime":13340,"runStep":0,"walkStep":20},{"distance":7.85,"mCalorie":0.36,"mOthersTime":0,"mRunTime":0,"mStartTime":64200000,"mTimeUnit":600000,"mWalkTime":7337,"runStep":0,"walkStep":11},{"distance":11.17,"mCalorie":0.66,"mOthersTime":0,"mRunTime":800,"mStartTime":66000000,"mTimeUnit":600000,"mWalkTime":8671,"runStep":2,"walkStep":13},{"distance":103.490005,"mCalorie":5.93,"mOthersTime":0,"mRunTime":3200,"mStartTime":66600000,"mTimeUnit":600000,"mWalkTime":92713,"runStep":8,"walkStep":139},{"distance":162.71,"mCalorie":7.4,"mOthersTime":0,"mRunTime":0,"mStartTime":67200000,"mTimeUnit":600000,"mWalkTime":141374,"runStep":0,"walkStep":221},{"distance":8.72,"mCalorie":0.35,"mOthersTime":0,"mRunTime":0,"mStartTime":67800000,"mTimeUnit":600000,"mWalkTime":7337,"runStep":0,"walkStep":11},{"distance":7.63,"mCalorie":0.34,"mOthersTime":0,"mRunTime":0,"mStartTime":69000000,"mTimeUnit":600000,"mWalkTime":6670,"runStep":0,"walkStep":10},{"distance":10.08,"mCalorie":0.53,"mOthersTime":0,"mRunTime":0,"mStartTime":70800000,"mTimeUnit":600000,"mWalkTime":9338,"runStep":0,"walkStep":14},{"distance":157.92,"mCalorie":7.45,"mOthersTime":0,"mRunTime":0,"mStartTime":71400000,"mTimeUnit":600000,"mWalkTime":136705,"runStep":0,"walkStep":209},{"distance":24.510002,"mCalorie":1.12,"mOthersTime":0,"mRunTime":0,"mStartTime":73200000,"mTimeUnit":600000,"mWalkTime":21344,"runStep":0,"walkStep":32},{"distance":10.17,"mCalorie":0.58,"mOthersTime":0,"mRunTime":0,"mStartTime":76800000,"mTimeUnit":600000,"mWalkTime":10005,"runStep":0,"walkStep":15},{"distance":35.05,"mCalorie":1.57,"mOthersTime":0,"mRunTime":0,"mStartTime":81000000,"mTimeUnit":600000,"mWalkTime":31349,"runStep":0,"walkStep":47},{"distance":61.800003,"mCalorie":3.44,"mOthersTime":0,"mRunTime":1200,"mStartTime":81600000,"mTimeUnit":600000,"mWalkTime":50692,"runStep":3,"walkStep":76}],"version":1}