{"mActivityList":[{"mActiveTime":600000,"mActiveTimeType":2,"mCalorie":94.31,"mCategory":204,"mDetailInfoId":"23397170-2c82-1fa0-c6e6-90155e64c27c","mDistance":0.0,"mDuration":600000,"mEndTime":50888120,"mStartTime":50288120,"mType":11007},{"mActiveTime":608160,"mActiveTimeType":2,"mCalorie":88.13,"mCategory":204,"mDetailInfoId":"f9b0dfe4-67b6-fe4e-9c2d-a3b12d8e0de0","mDistance":0.0,"mDuration":608160,"mEndTime":51781242,"mStartTime":51173082,"mType":11007},{"mActiveTime":600000,"mActiveTimeType":2,"mCalorie":76.81,"mCategory":204,"mDetailInfoId":"a21b5702-5f67-20de-4e52-7b28d31ccf54","mDistance":0.0,"mDuration":600000,"mEndTime":58360083,"mStartTime":57760083,"mType":11007}],"mAdaptiveGoal":0,"mIsGoalAchieved":false,"mIsMostActiveAchieved":false,"mMostActiveMinutes":0,"mStreakDayCount":0,"mUnitDataList":[{"distance":11.14,"mCalorie":0.62,"mOthersTime":0,"mRunTime":0,"mStartTime":5400000,"mTimeUnit":600000,"mWalkTime":9338,"runStep":0,"walkStep":14},{"distance":31.38,"mCalorie":1.87,"mOthersTime":0,"mRunTime":1600,"mStartTime":14400000,"mTimeUnit":600000,"mWalkTime":22678,"runStep":4,"walkStep":34},{"distance":74.97,"mCalorie":4.0599995,"mOthersTime":0,"mRunTime":0,"mStartTime":15000000,"mTimeUnit":600000,"mWalkTime":78039,"runStep":0,"walkStep":117},{"distance":24.84,"mCalorie":1.2,"mOthersTime":0,"mRunTime":0,"mStartTime":15600000,"mTimeUnit":600000,"mWalkTime":22678,"runStep":0,"walkStep":34},{"distance":52.0,"mCalorie":2.4899998,"mOthersTime":0,"mRunTime":0,"mStartTime":18000000,"mTimeUnit":600000,"mWalkTime":48024,"runStep":0,"walkStep":72},{"distance":27.820002,"mCalorie":1.2800001,"mOthersTime":0,"mRunTime":0,"mStartTime":18600000,"mTimeUnit":600000,"mWalkTime":25346,"runStep":0,"walkStep":38},{"distance":46.7,"mCalorie":2.44,"mOthersTime":0,"mRunTime":400,"mStartTime":32400000,"mTimeUnit":600000,"mWalkTime":42688,"runStep":1,"walkStep":64},{"distance":166.81,"mCalorie":7.88,"mOthersTime":0,"mRunTime":0,"mStartTime":34800000,"mTimeUnit":600000,"mWalkTime":147407,"runStep":0,"walkStep":221},{"distance":13.071,"mCalorie":0.65,"mOthersTime":0,"mRunTime":0,"mStartTime":35400000,"mTimeUnit":600000,"mWalkTime":11339,"runStep":0,"walkStep":17},{"distance":21.51,"mCalorie":1.0,"mOthersTime":0,"mRunTime":0,"mStartTime":36000000,"mTimeUnit":600000,"mWalkTime":16675,"runStep":0,"walkStep":25},{"distance":17.95,"mCalorie":1.02,"mOthersTime":0,"mRunTime":800,"mStartTime":36600000,"mTimeUnit":600000,"mWalkTime":9338,"runStep":2,"walkStep":14},{"distance":8.6,"mCalorie":0.38,"mOthersTime":0,"mRunTime":0,"mStartTime":37200000,"mTimeUnit":600000,"mWalkTime":7337,"runStep":0,"walkStep":11},{"distance":40.199,"mCalorie":1.85,"mOthersTime":0,"mRunTime":0,"mStartTime":37800000,"mTimeUnit":600000,"mWalkTime":35351,"runStep":0,"walkStep":53},{"distance":7.45,"mCalorie":0.43,"mOthersTime":0,"mRunTime":0,"mStartTime":38400000,"mTimeUnit":600000,"mWalkTime":7337,"runStep":0,"walkStep":11},{"distance":38.390003,"mCalorie":1.9299998,"mOthersTime":0,"mRunTime":0,"mStartTime":40200000,"mTimeUnit":600000,"mWalkTime":34684,"runStep":0,"walkStep":52},{"distance":7.98,"mCalorie":0.41,"mOthersTime":0,"mRunTime":0,"mStartTime":40800000,"mTimeUnit":600000,"mWalkTime":7337,"runStep":0,"walkStep":11},{"distance":23.26,"mCalorie":1.08,"mOthersTime":0,"mRunTime":0,"mStartTime":42000000,"mTimeUnit":600000,"mWalkTime":21344,"runStep":0,"walkStep":32},{"distance":38.35,"mCalorie":1.62,"mOthersTime":0,"mRunTime":0,"mStartTime":42600000,"mTimeUnit":600000,"mWalkTime":33350,"runStep":0,"walkStep":50},{"distance":56.02,"mCalorie":2.76,"mOthersTime":0,"mRunTime":0,"mStartTime":43200000,"mTimeUnit":600000,"mWalkTime":50025,"runStep":0,"walkStep":75},{"distance":37.29,"mCalorie":1.71,"mOthersTime":0,"mRunTime":0,"mStartTime":43800000,"mTimeUnit":600000,"mWalkTime":32016,"runStep":0,"walkStep":48},{"distance":67.619995,"mCalorie":3.5500002,"mOthersTime":0,"mRunTime":0,"mStartTime":45600000,"mTimeUnit":600000,"mWalkTime":58696,"runStep":0,"walkStep":88},{"distance":193.69002,"mCalorie":11.48,"mOthersTime":0,"mRunTime":0,"mStartTime":46200000,"mTimeUnit":600000,"mWalkTime":192096,"runStep":0,"walkStep":288},{"distance":147.16,"mCalorie":8.66,"mOthersTime":0,"mRunTime":0,"mStartTime":46800000,"mTimeUnit":600000,"mWalkTime":136735,"runStep":0,"walkStep":205},{"distance":33.66,"mCalorie":1.74,"mOthersTime":0,"mRunTime":0,"mStartTime":47400000,"mTimeUnit":600000,"mWalkTime":30682,"runStep":0,"walkStep":46},{"distance":16.04,"mCalorie":0.78,"mOthersTime":0,"mRunTime":0,"mStartTime":48000000,"mTimeUnit":600000,"mWalkTime":14674,"runStep":0,"walkStep":22},{"distance":23.61,"mCalorie":1.13,"mOthersTime":0,"mRunTime":0,"mStartTime":49200000,"mTimeUnit":600000,"mWalkTime":20677,"runStep":0,"walkStep":31},{"distance":99.692085,"mCalorie":22.48559,"mOthersTime":111880,"mRunTime":0,"mStartTime":49800000,"mTimeUnit":600000,"mWalkTime":87813,"runStep":0,"walkStep":155},{"distance":5.16,"mCalorie":76.97433,"mOthersTime":488119,"mRunTime":0,"mStartTime":50400000,"mTimeUnit":600000,"mWalkTime":4669,"runStep":4,"walkStep":297},{"distance":64.56254,"mCalorie":65.504745,"mOthersTime":426918,"mRunTime":0,"mStartTime":51000000,"mTimeUnit":600000,"mWalkTime":59237,"runStep":0,"walkStep":354},{"distance":132.62263,"mCalorie":33.06586,"mOthersTime":181242,"mRunTime":0,"mStartTime":51600000,"mTimeUnit":600000,"mWalkTime":121080,"runStep":0,"walkStep":362},{"distance":19.66,"mCalorie":1.09,"mOthersTime":0,"mRunTime":0,"mStartTime":52200000,"mTimeUnit":600000,"mWalkTime":16675,"runStep":0,"walkStep":25},{"distance":52.089,"mCalorie":2.8200002,"mOthersTime":0,"mRunTime":2400,"mStartTime":52800000,"mTimeUnit":600000,"mWalkTime":42021,"runStep":6,"walkStep":63},{"distance":49.58,"mCalorie":2.49,"mOthersTime":0,"mRunTime":2400,"mStartTime":53400000,"mTimeUnit":600000,"mWalkTime":35351,"runStep":6,"walkStep":53},{"distance":112.479996,"mCalorie":5.59,"mOthersTime":0,"mRunTime":0,"mStartTime":55200000,"mTimeUnit":600000,"mWalkTime":101384,"runStep":0,"walkStep":152},{"distance":41.93,"mCalorie":1.77,"mOthersTime":0,"mRunTime":0,"mStartTime":55800000,"mTimeUnit":600000,"mWalkTime":34017,"runStep":0,"walkStep":51},{"distance":91.990005,"mCalorie":4.3999996,"mOthersTime":0,"mRunTime":0,"mStartTime":56400000,"mTimeUnit":600000,"mWalkTime":83375,"runStep":0,"walkStep":125},{"distance":127.529,"mCalorie":7.0399995,"mOthersTime":0,"mRunTime":4800,"mStartTime":57000000,"mTimeUnit":600000,"mWalkTime":101384,"runStep":12,"walkStep":152},{"distance":115.57673,"mCalorie":62.233555,"mOthersTime":439917,"mRunTime":0,"mStartTime":57600000,"mTimeUnit":600000,"mWalkTime":103634,"runStep":0,"walkStep":439},{"distance":156.81218,"mCalorie":28.120218,"mOthersTime":160083,"mRunTime":0,"mStartTime":58200000,"mTimeUnit":600000,"mWalkTime":144019,"runStep":0,"walkStep":343},{"distance":60.41,"mCalorie":2.8799999,"mOthersTime":0,"mRunTime":0,"mStartTime":58800000,"mTimeUnit":600000,"mWalkTime":54694,"runStep":0,"walkStep":82},{"distance":17.23,"mCalorie":0.69,"mOthersTime":0,"mRunTime":0,"mStartTime":60000000,"mTimeUnit":600000,"mWalkTime":14007,"runStep":0,"walkStep":21},{"distance":52.64,"mCalorie":2.71,"mOthersTime":0,"mRunTime":0,"mStartTime":60600000,"mTimeUnit":600000,"mWalkTime":48691,"runStep":0,"walkStep":73},{"distance":8.56,"mCalorie":0.37,"mOthersTime":0,"mRunTime":0,"mStartTime":63000000,"mTimeUnit":600000,"mWalkTime":7337,"runStep":0,"walkStep":11},{"distance":37.25,"mCalorie":1.86,"mOthersTime":0,"mRunTime":0,"mStartTime":63600000,"mTimeUnit":600000,"mWalkTime":32683,"runStep":0,"walkStep":49},{"distance":42.449997,"mCalorie":2.3400002,"mOthersTime":0,"mRunTime":800,"mStartTime":64200000,"mTimeUnit":600000,"mWalkTime":36018,"runStep":2,"walkStep":54},{"distance":28.82,"mCalorie":1.5,"mOthersTime":0,"mRunTime":0,"mStartTime":66000000,"mTimeUnit":600000,"mWalkTime":27347,"runStep":0,"walkStep":41},{"distance":29.920002,"mCalorie":1.47,"mOthersTime":0,"mRunTime":0,"mStartTime":68400000,"mTimeUnit":600000,"mWalkTime":26680,"runStep":0,"walkStep":40},{"distance":55.68,"mCalorie":2.99,"mOthersTime":0,"mRunTime":0,"mStartTime":69000000,"mTimeUnit":600000,"mWalkTime":50692,"runStep":0,"walkStep":76},{"distance":9.9,"mCalorie":0.53,"mOthersTime":0,"mRunTime":0,"mStartTime":69600000,"mTimeUnit":600000,"mWalkTime":9338,"runStep":0,"walkStep":14},{"distance":9.52,"mCalorie":0.38,"mOthersTime":0,"mRunTime":0,"mStartTime":70800000,"mTimeUnit":600000,"mWalkTime":8004,"runStep":0,"walkStep":12},{"distance":19.869999,"mCalorie":0.95000005,"mOthersTime":0,"mRunTime":0,"mStartTime":71400000,"mTimeUnit":600000,"mWalkTime":18009,"runStep":0,"walkStep":27},{"distance":46.469,"mCalorie":2.68,"mOthersTime":0,"mRunTime":0,"mStartTime":72600000,"mTimeUnit":600000,"mWalkTime":43355,"runStep":0,"walkStep":65},{"distance":23.131,"mCalorie":1.29,"mOthersTime":0,"mRunTime":0,"mStartTime":73200000,"mTimeUnit":600000,"mWalkTime":22011,"runStep":0,"walkStep":33},{"distance":29.02,"mCalorie":1.62,"mOthersTime":0,"mRunTime":1200,"mStartTime":75600000,"mTimeUnit":600000,"mWalkTime":22011,"runStep":3,"walkStep":33},{"distance":29.199,"mCalorie":1.63,"mOthersTime":0,"mRunTime":1200,"mStartTime":76800000,"mTimeUnit":600000,"mWalkTime":20677,"runStep":3,"walkStep":31},{"distance":9.39,"mCalorie":0.47,"mOthersTime":0,"mRunTime":0,"mStartTime":77400000,"mTimeUnit":600000,"mWalkTime":8671,"runStep":0,"walkStep":13},{"distance":6.77,"mCalorie":0.37,"mOthersTime":0,"mRunTime":0,"mStartTime":78000000,"mTimeUnit":600000,"mWalkTime":6670,"runStep":0,"walkStep":10},{"distance":73.99999,"mCalorie":4.8199997,"mOthersTime":0,"mRunTime":0,"mStartTime":80400000,"mTimeUnit":600000,"mWalkTime":84042,"runStep":0,"walkStep":126},{"distance":69.34,"mCalorie":3.33,"mOthersTime":0,"mRunTime":0,"mStartTime":81000000,"mTimeUnit":600000,"mWalkTime":62031,"runStep":0,"walkStep":93},{"distance":86.45,"mCalorie":4.6,"mOthersTime":0,"mRunTime":0,"mStartTime":81600000,"mTimeUnit":600000,"mWalkTime":80040,"runStep":0,"walkStep":120},{"distance":70.62,"mCalorie":3.81,"mOthersTime":0,"mRunTime":0,"mStartTime":84600000,"mTimeUnit":600000,"mWalkTime":64699,"runStep":0,"walkStep":97},{"distance":50.869995,"mCalorie":2.75,"mOthersTime":0,"mRunTime":0,"mStartTime":85200000,"mTimeUnit":600000,"mWalkTime":47357,"runStep":0,"walkStep":71}],"version":1}