{"mActivityList":[{"mActiveTime":3576889,"mActiveTimeType":0,"mCalorie":330.0,"mCategory":204,"mDetailInfoId":"f52970f6-c930-8d77-0f79-66f1a98189a9","mDistance":3414.099,"mDuration":3576889,"mEndTime":58028564,"mStartTime":54451675,"mType":1001},{"mActiveTime":2841145,"mActiveTimeType":0,"mCalorie":323.0,"mCategory":204,"mDetailInfoId":"788cc474-72ad-f102-161b-6cea988648a1","mDistance":2603.521,"mDuration":2841145,"mEndTime":63741338,"mStartTime":60900193,"mType":1001}],"mAdaptiveGoal":0,"mIsGoalAchieved":false,"mIsMostActiveAchieved":false,"mMostActiveMinutes":0,"mStreakDayCount":0,"mUnitDataList":[{"distance":50.489998,"mCalorie":2.7900002,"mOthersTime":0,"mRunTime":1200,"mStartTime":22200000,"mTimeUnit":600000,"mWalkTime":42021,"runStep":3,"walkStep":63},{"distance":19.33,"mCalorie":1.04,"mOthersTime":0,"mRunTime":0,"mStartTime":23400000,"mTimeUnit":600000,"mWalkTime":18676,"runStep":0,"walkStep":28},{"distance":40.4,"mCalorie":2.38,"mOthersTime":0,"mRunTime":3600,"mStartTime":34800000,"mTimeUnit":600000,"mWalkTime":27347,"runStep":9,"walkStep":41},{"distance":20.25,"mCalorie":1.01,"mOthersTime":0,"mRunTime":0,"mStartTime":37200000,"mTimeUnit":600000,"mWalkTime":18009,"runStep":0,"walkStep":27},{"distance":50.160004,"mCalorie":2.82,"mOthersTime":0,"mRunTime":4000,"mStartTime":37800000,"mTimeUnit":600000,"mWalkTime":36018,"runStep":10,"walkStep":54},{"distance":140.26999,"mCalorie":7.55,"mOthersTime":0,"mRunTime":0,"mStartTime":40200000,"mTimeUnit":600000,"mWalkTime":137402,"runStep":0,"walkStep":206},{"distance":20.11,"mCalorie":0.81,"mOthersTime":0,"mRunTime":800,"mStartTime":41400000,"mTimeUnit":600000,"mWalkTime":6670,"runStep":2,"walkStep":10},{"distance":8.21,"mCalorie":0.65,"mOthersTime":0,"mRunTime":1200,"mStartTime":42000000,"mTimeUnit":600000,"mWalkTime":6670,"runStep":3,"walkStep":10},{"distance":34.100002,"mCalorie":1.9899999,"mOthersTime":0,"mRunTime":2400,"mStartTime":42600000,"mTimeUnit":600000,"mWalkTime":24012,"runStep":6,"walkStep":36},{"distance":10.6,"mCalorie":0.5,"mOthersTime":0,"mRunTime":0,"mStartTime":43800000,"mTimeUnit":600000,"mWalkTime":10005,"runStep":0,"walkStep":15},{"distance":26.79,"mCalorie":1.37,"mOthersTime":0,"mRunTime":0,"mStartTime":45600000,"mTimeUnit":600000,"mWalkTime":24679,"runStep":0,"walkStep":37},{"distance":7.45,"mCalorie":0.53,"mOthersTime":0,"mRunTime":0,"mStartTime":46200000,"mTimeUnit":600000,"mWalkTime":7337,"runStep":0,"walkStep":11},{"distance":24.23,"mCalorie":1.44,"mOthersTime":0,"mRunTime":0,"mStartTime":46800000,"mTimeUnit":600000,"mWalkTime":23345,"runStep":0,"walkStep":35},{"distance":27.52,"mCalorie":1.14,"mOthersTime":0,"mRunTime":0,"mStartTime":48000000,"mTimeUnit":600000,"mWalkTime":24012,"runStep":0,"walkStep":36},{"distance":7.91,"mCalorie":0.38,"mOthersTime":0,"mRunTime":0,"mStartTime":49200000,"mTimeUnit":600000,"mWalkTime":7337,"runStep":0,"walkStep":11},{"distance":33.58,"mCalorie":1.8700001,"mOthersTime":0,"mRunTime":0,"mStartTime":52800000,"mTimeUnit":600000,"mWalkTime":31349,"runStep":0,"walkStep":47},{"distance":54.1,"mCalorie":2.51,"mOthersTime":0,"mRunTime":0,"mStartTime":53400000,"mTimeUnit":600000,"mWalkTime":46690,"runStep":0,"walkStep":70},{"distance":271.1865,"mCalorie":20.692326,"mOthersTime":0,"mRunTime":1200,"mStartTime":54000000,"mTimeUnit":600000,"mWalkTime":262923,"runStep":3,"walkStep":394},{"distance":572.69305,"mCalorie":55.355366,"mOthersTime":0,"mRunTime":0,"mStartTime":54600000,"mTimeUnit":600000,"mWalkTime":600000,"runStep":0,"walkStep":937},{"distance":572.69305,"mCalorie":55.355366,"mOthersTime":0,"mRunTime":0,"mStartTime":55200000,"mTimeUnit":600000,"mWalkTime":600000,"runStep":0,"walkStep":902},{"distance":572.69305,"mCalorie":55.355366,"mOthersTime":0,"mRunTime":0,"mStartTime":55800000,"mTimeUnit":600000,"mWalkTime":600000,"runStep":0,"walkStep":871},{"distance":572.69305,"mCalorie":55.355366,"mOthersTime":0,"mRunTime":0,"mStartTime":56400000,"mTimeUnit":600000,"mWalkTime":600000,"runStep":0,"walkStep":821},{"distance":572.69305,"mCalorie":55.355366,"mOthersTime":0,"mRunTime":0,"mStartTime":57000000,"mTimeUnit":600000,"mWalkTime":600000,"runStep":0,"walkStep":747},{"distance":409.05936,"mCalorie":39.53886,"mOthersTime":0,"mRunTime":0,"mStartTime":57600000,"mTimeUnit":600000,"mWalkTime":428564,"runStep":0,"walkStep":162},{"distance":105.439995,"mCalorie":5.09,"mOthersTime":0,"mRunTime":0,"mStartTime":58200000,"mTimeUnit":600000,"mWalkTime":94047,"runStep":0,"walkStep":141},{"distance":146.29,"mCalorie":7.8799996,"mOthersTime":0,"mRunTime":10800,"mStartTime":58800000,"mTimeUnit":600000,"mWalkTime":104719,"runStep":27,"walkStep":157},{"distance":228.13,"mCalorie":10.56,"mOthersTime":0,"mRunTime":0,"mStartTime":59400000,"mTimeUnit":600000,"mWalkTime":200767,"runStep":0,"walkStep":301},{"distance":130.18,"mCalorie":6.2299995,"mOthersTime":0,"mRunTime":0,"mStartTime":60000000,"mTimeUnit":600000,"mWalkTime":117392,"runStep":0,"walkStep":176},{"distance":303.76807,"mCalorie":35.493835,"mOthersTime":0,"mRunTime":800,"mStartTime":60600000,"mTimeUnit":600000,"mWalkTime":317331,"runStep":2,"walkStep":393},{"distance":549.818,"mCalorie":68.21194,"mOthersTime":0,"mRunTime":0,"mStartTime":61200000,"mTimeUnit":600000,"mWalkTime":600000,"runStep":0,"walkStep":941},{"distance":549.818,"mCalorie":68.21194,"mOthersTime":0,"mRunTime":0,"mStartTime":61800000,"mTimeUnit":600000,"mWalkTime":600000,"runStep":0,"walkStep":713},{"distance":549.818,"mCalorie":68.21194,"mOthersTime":0,"mRunTime":0,"mStartTime":62400000,"mTimeUnit":600000,"mWalkTime":600000,"runStep":2,"walkStep":661},{"distance":549.818,"mCalorie":68.21194,"mOthersTime":0,"mRunTime":0,"mStartTime":63000000,"mTimeUnit":600000,"mWalkTime":600000,"runStep":0,"walkStep":775},{"distance":129.51695,"mCalorie":16.068232,"mOthersTime":0,"mRunTime":0,"mStartTime":63600000,"mTimeUnit":600000,"mWalkTime":141338,"runStep":0,"walkStep":46},{"distance":10.31,"mCalorie":0.5,"mOthersTime":0,"mRunTime":0,"mStartTime":64800000,"mTimeUnit":600000,"mWalkTime":9338,"runStep":0,"walkStep":14},{"distance":17.42,"mCalorie":0.78,"mOthersTime":0,"mRunTime":0,"mStartTime":69000000,"mTimeUnit":600000,"mWalkTime":14674,"runStep":0,"walkStep":22},{"distance":17.81,"mCalorie":0.97,"mOthersTime":0,"mRunTime":0,"mStartTime":69600000,"mTimeUnit":600000,"mWalkTime":16675,"runStep":0,"walkStep":25},{"distance":8.06,"mCalorie":0.36,"mOthersTime":0,"mRunTime":0,"mStartTime":71400000,"mTimeUnit":600000,"mWalkTime":7337,"runStep":0,"walkStep":11},{"distance":8.45,"mCalorie":0.37,"mOthersTime":0,"mRunTime":0,"mStartTime":72600000,"mTimeUnit":600000,"mWalkTime":7337,"runStep":0,"walkStep":11},{"distance":8.41,"mCalorie":0.4,"mOthersTime":0,"mRunTime":0,"mStartTime":73200000,"mTimeUnit":600000,"mWalkTime":8004,"runStep":0,"walkStep":12},{"distance":9.2,"mCalorie":0.59,"mOthersTime":0,"mRunTime":0,"mStartTime":76800000,"mTimeUnit":600000,"mWalkTime":6670,"runStep":0,"walkStep":10},{"distance":10.93,"mCalorie":0.55,"mOthersTime":0,"mRunTime":0,"mStartTime":77400000,"mTimeUnit":600000,"mWalkTime":10005,"runStep":0,"walkStep":15},{"distance":21.27,"mCalorie":0.90999997,"mOthersTime":0,"mRunTime":0,"mStartTime":78600000,"mTimeUnit":600000,"mWalkTime":18676,"runStep":0,"walkStep":28},{"distance":54.529,"mCalorie":3.01,"mOthersTime":0,"mRunTime":4400,"mStartTime":80400000,"mTimeUnit":600000,"mWalkTime":35351,"runStep":11,"walkStep":53}],"version":1}