{"mActivityList":[{"mActiveTime":600000,"mActiveTimeType":2,"mCalorie":70.9,"mCategory":204,"mDetailInfoId":"5bdd3e06-5b53-e28d-6981-be3ab3acfebb","mDistance":0.0,"mDuration":600000,"mEndTime":49015148,"mStartTime":48415148,"mType":11007},{"mActiveTime":600000,"mActiveTimeType":2,"mCalorie":75.16,"mCategory":204,"mDetailInfoId":"7f5db378-2c1a-02eb-61ec-5a8d4be488f7","mDistance":0.0,"mDuration":600000,"mEndTime":58541034,"mStartTime":57941034,"mType":11007},{"mActiveTime":600000,"mActiveTimeType":2,"mCalorie":76.39,"mCategory":204,"mDetailInfoId":"ca872711-59cd-e4bb-47e5-3a97d8bcb818","mDistance":0.0,"mDuration":600000,"mEndTime":62457380,"mStartTime":61857380,"mType":15006}],"mAdaptiveGoal":0,"mIsGoalAchieved":false,"mIsMostActiveAchieved":false,"mMostActiveMinutes":0,"mStreakDayCount":0,"mUnitDataList":[{"distance":15.110001,"mCalorie":0.78,"mOthersTime":0,"mRunTime":0,"mStartTime":6000000,"mTimeUnit":600000,"mWalkTime":14007,"runStep":0,"walkStep":21},{"distance":26.34,"mCalorie":1.15,"mOthersTime":0,"mRunTime":0,"mStartTime":23400000,"mTimeUnit":600000,"mWalkTime":22678,"runStep":0,"walkStep":34},{"distance":39.949,"mCalorie":1.9000001,"mOthersTime":0,"mRunTime":0,"mStartTime":24600000,"mTimeUnit":600000,"mWalkTime":35351,"runStep":0,"walkStep":53},{"distance":38.731,"mCalorie":1.9599999,"mOthersTime":0,"mRunTime":0,"mStartTime":29400000,"mTimeUnit":600000,"mWalkTime":35351,"runStep":0,"walkStep":53},{"distance":11.05,"mCalorie":0.65,"mOthersTime":0,"mRunTime":0,"mStartTime":30000000,"mTimeUnit":600000,"mWalkTime":10672,"runStep":0,"walkStep":16},{"distance":109.939995,"mCalorie":6.0599995,"mOthersTime":0,"mRunTime":0,"mStartTime":30600000,"mTimeUnit":600000,"mWalkTime":115391,"runStep":0,"walkStep":173},{"distance":59.64,"mCalorie":3.24,"mOthersTime":0,"mRunTime":0,"mStartTime":31800000,"mTimeUnit":600000,"mWalkTime":55361,"runStep":0,"walkStep":83},{"distance":61.949997,"mCalorie":3.53,"mOthersTime":0,"mRunTime":0,"mStartTime":33600000,"mTimeUnit":600000,"mWalkTime":63365,"runStep":0,"walkStep":95},{"distance":60.97,"mCalorie":3.17,"mOthersTime":0,"mRunTime":0,"mStartTime":34200000,"mTimeUnit":600000,"mWalkTime":56028,"runStep":0,"walkStep":84},{"distance":13.88,"mCalorie":0.74,"mOthersTime":0,"mRunTime":0,"mStartTime":34800000,"mTimeUnit":600000,"mWalkTime":12673,"runStep":0,"walkStep":19},{"distance":35.71,"mCalorie":1.58,"mOthersTime":0,"mRunTime":0,"mStartTime":36600000,"mTimeUnit":600000,"mWalkTime":31349,"runStep":0,"walkStep":47},{"distance":176.66202,"mCalorie":9.549999,"mOthersTime":0,"mRunTime":8400,"mStartTime":37200000,"mTimeUnit":600000,"mWalkTime":134734,"runStep":21,"walkStep":202},{"distance":31.960001,"mCalorie":1.76,"mOthersTime":0,"mRunTime":0,"mStartTime":37800000,"mTimeUnit":600000,"mWalkTime":28014,"runStep":0,"walkStep":42},{"distance":13.63,"mCalorie":0.67,"mOthersTime":0,"mRunTime":0,"mStartTime":40200000,"mTimeUnit":600000,"mWalkTime":12006,"runStep":0,"walkStep":18},{"distance":33.38,"mCalorie":1.61,"mOthersTime":0,"mRunTime":0,"mStartTime":40800000,"mTimeUnit":600000,"mWalkTime":30015,"runStep":0,"walkStep":45},{"distance":159.94699,"mCalorie":8.6,"mOthersTime":0,"mRunTime":6000,"mStartTime":41400000,"mTimeUnit":600000,"mWalkTime":138069,"runStep":15,"walkStep":207},{"distance":114.03,"mCalorie":5.61,"mOthersTime":0,"mRunTime":0,"mStartTime":42000000,"mTimeUnit":600000,"mWalkTime":102718,"runStep":0,"walkStep":154},{"distance":41.68,"mCalorie":2.04,"mOthersTime":0,"mRunTime":0,"mStartTime":42600000,"mTimeUnit":600000,"mWalkTime":38019,"runStep":0,"walkStep":57},{"distance":7.49,"mCalorie":0.4,"mOthersTime":0,"mRunTime":0,"mStartTime":45000000,"mTimeUnit":600000,"mWalkTime":7337,"runStep":0,"walkStep":11},{"distance":260.629,"mCalorie":13.37,"mOthersTime":0,"mRunTime":355,"mStartTime":45600000,"mTimeUnit":600000,"mWalkTime":226365,"runStep":1,"walkStep":357},{"distance":69.8,"mCalorie":3.4699998,"mOthersTime":0,"mRunTime":0,"mStartTime":46200000,"mTimeUnit":600000,"mWalkTime":64032,"runStep":0,"walkStep":96},{"distance":35.190002,"mCalorie":1.8,"mOthersTime":0,"mRunTime":0,"mStartTime":47400000,"mTimeUnit":600000,"mWalkTime":32683,"runStep":0,"walkStep":49},{"distance":137.84729,"mCalorie":29.858002,"mOthersTime":184852,"mRunTime":0,"mStartTime":48000000,"mTimeUnit":600000,"mWalkTime":128628,"runStep":0,"walkStep":355},{"distance":93.24979,"mCalorie":54.012157,"mOthersTime":415147,"mRunTime":0,"mStartTime":48600000,"mTimeUnit":600000,"mWalkTime":85174,"runStep":0,"walkStep":346},{"distance":73.15,"mCalorie":3.51,"mOthersTime":0,"mRunTime":0,"mStartTime":49200000,"mTimeUnit":600000,"mWalkTime":66700,"runStep":0,"walkStep":100},{"distance":92.54,"mCalorie":4.42,"mOthersTime":0,"mRunTime":0,"mStartTime":50400000,"mTimeUnit":600000,"mWalkTime":81374,"runStep":0,"walkStep":122},{"distance":112.651,"mCalorie":5.63,"mOthersTime":0,"mRunTime":800,"mStartTime":51000000,"mTimeUnit":600000,"mWalkTime":98716,"runStep":2,"walkStep":148},{"distance":132.03,"mCalorie":6.5200005,"mOthersTime":0,"mRunTime":1600,"mStartTime":51600000,"mTimeUnit":600000,"mWalkTime":112723,"runStep":4,"walkStep":169},{"distance":126.369995,"mCalorie":6.48,"mOthersTime":0,"mRunTime":0,"mStartTime":52200000,"mTimeUnit":600000,"mWalkTime":112723,"runStep":0,"walkStep":169},{"distance":142.971,"mCalorie":7.3400006,"mOthersTime":0,"mRunTime":6400,"mStartTime":52800000,"mTimeUnit":600000,"mWalkTime":112056,"runStep":16,"walkStep":168},{"distance":74.821,"mCalorie":4.3100004,"mOthersTime":0,"mRunTime":2000,"mStartTime":53400000,"mTimeUnit":600000,"mWalkTime":56028,"runStep":5,"walkStep":84},{"distance":82.37,"mCalorie":4.1800003,"mOthersTime":0,"mRunTime":2800,"mStartTime":54000000,"mTimeUnit":600000,"mWalkTime":64699,"runStep":7,"walkStep":97},{"distance":90.35901,"mCalorie":5.06,"mOthersTime":0,"mRunTime":5200,"mStartTime":54600000,"mTimeUnit":600000,"mWalkTime":65366,"runStep":13,"walkStep":98},{"distance":102.649,"mCalorie":5.27,"mOthersTime":0,"mRunTime":4400,"mStartTime":55200000,"mTimeUnit":600000,"mWalkTime":81374,"runStep":11,"walkStep":122},{"distance":32.27,"mCalorie":1.51,"mOthersTime":0,"mRunTime":0,"mStartTime":55800000,"mTimeUnit":600000,"mWalkTime":28681,"runStep":0,"walkStep":43},{"distance":77.3,"mCalorie":4.0899997,"mOthersTime":0,"mRunTime":0,"mStartTime":56400000,"mTimeUnit":600000,"mWalkTime":69368,"runStep":0,"walkStep":104},{"distance":96.21,"mCalorie":5.17,"mOthersTime":0,"mRunTime":4400,"mStartTime":57000000,"mTimeUnit":600000,"mWalkTime":74037,"runStep":11,"walkStep":111},{"distance":152.32048,"mCalorie":40.360016,"mOthersTime":258966,"mRunTime":0,"mStartTime":57600000,"mTimeUnit":600000,"mWalkTime":138405,"runStep":0,"walkStep":357},{"distance":119.05027,"mCalorie":48.769455,"mOthersTime":341034,"mRunTime":0,"mStartTime":58200000,"mTimeUnit":600000,"mWalkTime":112868,"runStep":0,"walkStep":437},{"distance":69.42,"mCalorie":3.54,"mOthersTime":0,"mRunTime":800,"mStartTime":58800000,"mTimeUnit":600000,"mWalkTime":52693,"runStep":2,"walkStep":79},{"distance":29.59,"mCalorie":1.4,"mOthersTime":0,"mRunTime":0,"mStartTime":59400000,"mTimeUnit":600000,"mWalkTime":25346,"runStep":0,"walkStep":38},{"distance":42.27,"mCalorie":2.22,"mOthersTime":0,"mRunTime":1200,"mStartTime":60600000,"mTimeUnit":600000,"mWalkTime":34684,"runStep":3,"walkStep":52},{"distance":211.33801,"mCalorie":11.14,"mOthersTime":0,"mRunTime":0,"mStartTime":61200000,"mTimeUnit":600000,"mWalkTime":194734,"runStep":0,"walkStep":311},{"distance":70.20444,"mCalorie":72.10658,"mOthersTime":542620,"mRunTime":0,"mStartTime":61800000,"mTimeUnit":600000,"mWalkTime":57380,"runStep":0,"walkStep":976},{"distance":64.03779,"mCalorie":10.607217,"mOthersTime":57380,"mRunTime":0,"mStartTime":62400000,"mTimeUnit":600000,"mWalkTime":60096,"runStep":0,"walkStep":158},{"distance":17.650002,"mCalorie":0.95,"mOthersTime":0,"mRunTime":0,"mStartTime":63600000,"mTimeUnit":600000,"mWalkTime":16008,"runStep":0,"walkStep":24},{"distance":9.92,"mCalorie":0.47,"mOthersTime":0,"mRunTime":0,"mStartTime":64200000,"mTimeUnit":600000,"mWalkTime":8671,"runStep":0,"walkStep":13},{"distance":13.65,"mCalorie":0.7,"mOthersTime":0,"mRunTime":0,"mStartTime":64800000,"mTimeUnit":600000,"mWalkTime":12673,"runStep":0,"walkStep":19},{"distance":8.48,"mCalorie":0.46,"mOthersTime":0,"mRunTime":0,"mStartTime":66600000,"mTimeUnit":600000,"mWalkTime":8004,"runStep":0,"walkStep":12},{"distance":28.29,"mCalorie":1.56,"mOthersTime":0,"mRunTime":0,"mStartTime":67800000,"mTimeUnit":600000,"mWalkTime":26680,"runStep":0,"walkStep":40},{"distance":16.92,"mCalorie":0.85,"mOthersTime":0,"mRunTime":0,"mStartTime":69000000,"mTimeUnit":600000,"mWalkTime":16008,"runStep":0,"walkStep":24},{"distance":11.04,"mCalorie":0.72,"mOthersTime":0,"mRunTime":800,"mStartTime":72600000,"mTimeUnit":600000,"mWalkTime":7337,"runStep":2,"walkStep":11},{"distance":16.16,"mCalorie":0.86,"mOthersTime":0,"mRunTime":0,"mStartTime":76800000,"mTimeUnit":600000,"mWalkTime":14674,"runStep":0,"walkStep":22},{"distance":43.41,"mCalorie":1.9000001,"mOthersTime":0,"mRunTime":0,"mStartTime":77400000,"mTimeUnit":600000,"mWalkTime":36685,"runStep":0,"walkStep":55},{"distance":20.59,"mCalorie":0.99,"mOthersTime":0,"mRunTime":800,"mStartTime":78000000,"mTimeUnit":600000,"mWalkTime":14007,"runStep":2,"walkStep":21},{"distance":8.74,"mCalorie":0.7,"mOthersTime":0,"mRunTime":800,"mStartTime":79800000,"mTimeUnit":600000,"mWalkTime":6670,"runStep":2,"walkStep":10},{"distance":29.21,"mCalorie":1.45,"mOthersTime":0,"mRunTime":0,"mStartTime":80400000,"mTimeUnit":600000,"mWalkTime":24679,"runStep":0,"walkStep":37},{"distance":10.05,"mCalorie":0.41,"mOthersTime":0,"mRunTime":0,"mStartTime":81600000,"mTimeUnit":600000,"mWalkTime":8671,"runStep":0,"walkStep":13},{"distance":14.83,"mCalorie":0.83,"mOthersTime":0,"mRunTime":0,"mStartTime":82800000,"mTimeUnit":600000,"mWalkTime":12673,"runStep":0,"walkStep":19},{"distance":29.869999,"mCalorie":1.9300001,"mOthersTime":0,"mRunTime":2400,"mStartTime":83400000,"mTimeUnit":600000,"mWalkTime":22011,"runStep":6,"walkStep":33}],"version":1}