{"mAdaptiveGoal":0,"mIsGoalAchieved":false,"mIsMostActiveAchieved":false,"mMostActiveMinutes":0,"mStreakDayCount":0,"mUnitDataList":[{"distance":16.66,"mCalorie":0.58,"mOthersTime":0,"mRunTime":0,"mStartTime":2400000,"mTimeUnit":600000,"mWalkTime":13340,"runStep":0,"walkStep":20},{"distance":8.65,"mCalorie":0.42,"mOthersTime":0,"mRunTime":0,"mStartTime":22800000,"mTimeUnit":600000,"mWalkTime":8004,"runStep":0,"walkStep":12},{"distance":15.84,"mCalorie":0.76,"mOthersTime":0,"mRunTime":0,"mStartTime":24000000,"mTimeUnit":600000,"mWalkTime":14007,"runStep":0,"walkStep":21},{"distance":35.9,"mCalorie":1.94,"mOthersTime":0,"mRunTime":2400,"mStartTime":29400000,"mTimeUnit":600000,"mWalkTime":26013,"runStep":6,"walkStep":39},{"distance":38.460003,"mCalorie":2.6,"mOthersTime":0,"mRunTime":400,"mStartTime":30000000,"mTimeUnit":600000,"mWalkTime":32016,"runStep":1,"walkStep":48},{"distance":59.739998,"mCalorie":3.12,"mOthersTime":0,"mRunTime":0,"mStartTime":30600000,"mTimeUnit":600000,"mWalkTime":54694,"runStep":0,"walkStep":82},{"distance":11.8,"mCalorie":0.5,"mOthersTime":0,"mRunTime":0,"mStartTime":31200000,"mTimeUnit":600000,"mWalkTime":10005,"runStep":0,"walkStep":15},{"distance":19.57,"mCalorie":0.90999997,"mOthersTime":0,"mRunTime":0,"mStartTime":31800000,"mTimeUnit":600000,"mWalkTime":17342,"runStep":0,"walkStep":26},{"distance":69.87,"mCalorie":3.55,"mOthersTime":0,"mRunTime":0,"mStartTime":32400000,"mTimeUnit":600000,"mWalkTime":60697,"runStep":0,"walkStep":91},{"distance":92.16,"mCalorie":5.01,"mOthersTime":0,"mRunTime":3200,"mStartTime":33000000,"mTimeUnit":600000,"mWalkTime":72703,"runStep":8,"walkStep":109},{"distance":214.07,"mCalorie":10.58,"mOthersTime":0,"mRunTime":800,"mStartTime":33600000,"mTimeUnit":600000,"mWalkTime":192096,"runStep":2,"walkStep":288},{"distance":34.37,"mCalorie":1.82,"mOthersTime":0,"mRunTime":0,"mStartTime":34200000,"mTimeUnit":600000,"mWalkTime":32016,"runStep":0,"walkStep":48},{"distance":40.42,"mCalorie":1.87,"mOthersTime":0,"mRunTime":0,"mStartTime":34800000,"mTimeUnit":600000,"mWalkTime":36685,"runStep":0,"walkStep":55},{"distance":275.83002,"mCalorie":15.87,"mOthersTime":0,"mRunTime":0,"mStartTime":35400000,"mTimeUnit":600000,"mWalkTime":228024,"runStep":0,"walkStep":383},{"distance":138.06,"mCalorie":7.27,"mOthersTime":0,"mRunTime":0,"mStartTime":36000000,"mTimeUnit":600000,"mWalkTime":122728,"runStep":0,"walkStep":184},{"distance":316.25,"mCalorie":15.53,"mOthersTime":0,"mRunTime":0,"mStartTime":36600000,"mTimeUnit":600000,"mWalkTime":270075,"runStep":0,"walkStep":439},{"distance":261.77,"mCalorie":13.54,"mOthersTime":0,"mRunTime":400,"mStartTime":37200000,"mTimeUnit":600000,"mWalkTime":222748,"runStep":1,"walkStep":348},{"distance":128.43001,"mCalorie":6.6899996,"mOthersTime":0,"mRunTime":0,"mStartTime":37800000,"mTimeUnit":600000,"mWalkTime":118059,"runStep":0,"walkStep":177},{"distance":390.68997,"mCalorie":18.4,"mOthersTime":0,"mRunTime":6000,"mStartTime":38400000,"mTimeUnit":600000,"mWalkTime":304092,"runStep":15,"walkStep":486},{"distance":91.58,"mCalorie":6.07,"mOthersTime":0,"mRunTime":0,"mStartTime":39000000,"mTimeUnit":600000,"mWalkTime":88711,"runStep":0,"walkStep":133},{"distance":80.13,"mCalorie":4.11,"mOthersTime":0,"mRunTime":0,"mStartTime":39600000,"mTimeUnit":600000,"mWalkTime":72036,"runStep":0,"walkStep":108},{"distance":20.2,"mCalorie":1.04,"mOthersTime":0,"mRunTime":0,"mStartTime":40200000,"mTimeUnit":600000,"mWalkTime":18676,"runStep":0,"walkStep":28},{"distance":7.24,"mCalorie":0.38,"mOthersTime":0,"mRunTime":0,"mStartTime":40800000,"mTimeUnit":600000,"mWalkTime":6670,"runStep":0,"walkStep":10},{"distance":9.6,"mCalorie":0.33,"mOthersTime":0,"mRunTime":0,"mStartTime":41400000,"mTimeUnit":600000,"mWalkTime":8004,"runStep":0,"walkStep":12},{"distance":8.01,"mCalorie":0.27,"mOthersTime":0,"mRunTime":0,"mStartTime":42000000,"mTimeUnit":600000,"mWalkTime":6670,"runStep":0,"walkStep":10},{"distance":16.83,"mCalorie":0.76,"mOthersTime":0,"mRunTime":0,"mStartTime":43800000,"mTimeUnit":600000,"mWalkTime":14674,"runStep":0,"walkStep":22},{"distance":47.85,"mCalorie":2.56,"mOthersTime":0,"mRunTime":400,"mStartTime":44400000,"mTimeUnit":600000,"mWalkTime":41354,"runStep":1,"walkStep":62},{"distance":5.16,"mCalorie":0.25,"mOthersTime":0,"mRunTime":0,"mStartTime":45000000,"mTimeUnit":600000,"mWalkTime":4669,"runStep":0,"walkStep":7},{"distance":10.53,"mCalorie":0.55,"mOthersTime":0,"mRunTime":0,"mStartTime":46200000,"mTimeUnit":600000,"mWalkTime":10005,"runStep":0,"walkStep":15},{"distance":131.55,"mCalorie":7.580001,"mOthersTime":0,"mRunTime":0,"mStartTime":48000000,"mTimeUnit":600000,"mWalkTime":133400,"runStep":0,"walkStep":200},{"distance":70.119995,"mCalorie":3.1599998,"mOthersTime":0,"mRunTime":0,"mStartTime":48600000,"mTimeUnit":600000,"mWalkTime":61364,"runStep":0,"walkStep":92},{"distance":73.899994,"mCalorie":3.5899997,"mOthersTime":0,"mRunTime":0,"mStartTime":49200000,"mTimeUnit":600000,"mWalkTime":67367,"runStep":0,"walkStep":101},{"distance":77.03999,"mCalorie":3.87,"mOthersTime":0,"mRunTime":0,"mStartTime":49800000,"mTimeUnit":600000,"mWalkTime":70702,"runStep":0,"walkStep":106},{"distance":62.03,"mCalorie":3.25,"mOthersTime":0,"mRunTime":0,"mStartTime":50400000,"mTimeUnit":600000,"mWalkTime":56695,"runStep":0,"walkStep":85},{"distance":195.61,"mCalorie":10.309999,"mOthersTime":0,"mRunTime":0,"mStartTime":51000000,"mTimeUnit":600000,"mWalkTime":178089,"runStep":0,"walkStep":267},{"distance":27.54,"mCalorie":1.5,"mOthersTime":0,"mRunTime":0,"mStartTime":51600000,"mTimeUnit":600000,"mWalkTime":25346,"runStep":0,"walkStep":38},{"distance":296.65,"mCalorie":15.049999,"mOthersTime":0,"mRunTime":0,"mStartTime":52200000,"mTimeUnit":600000,"mWalkTime":247367,"runStep":0,"walkStep":402},{"distance":52.14,"mCalorie":2.7,"mOthersTime":0,"mRunTime":0,"mStartTime":53400000,"mTimeUnit":600000,"mWalkTime":47357,"runStep":0,"walkStep":71},{"distance":92.76101,"mCalorie":4.8900003,"mOthersTime":0,"mRunTime":2800,"mStartTime":54000000,"mTimeUnit":600000,"mWalkTime":78706,"runStep":7,"walkStep":118},{"distance":92.53,"mCalorie":4.4,"mOthersTime":0,"mRunTime":0,"mStartTime":54600000,"mTimeUnit":600000,"mWalkTime":84042,"runStep":0,"walkStep":126},{"distance":153.77,"mCalorie":7.3799996,"mOthersTime":0,"mRunTime":800,"mStartTime":55200000,"mTimeUnit":600000,"mWalkTime":135401,"runStep":2,"walkStep":203},{"distance":274.84,"mCalorie":15.14,"mOthersTime":0,"mRunTime":14400,"mStartTime":55800000,"mTimeUnit":600000,"mWalkTime":211439,"runStep":36,"walkStep":317},{"distance":274.75098,"mCalorie":13.740001,"mOthersTime":0,"mRunTime":0,"mStartTime":56400000,"mTimeUnit":600000,"mWalkTime":229388,"runStep":0,"walkStep":366},{"distance":6.83,"mCalorie":0.36,"mOthersTime":0,"mRunTime":0,"mStartTime":57000000,"mTimeUnit":600000,"mWalkTime":6670,"runStep":0,"walkStep":10},{"distance":141.18001,"mCalorie":6.93,"mOthersTime":0,"mRunTime":400,"mStartTime":57600000,"mTimeUnit":600000,"mWalkTime":124062,"runStep":1,"walkStep":186},{"distance":9.59,"mCalorie":0.46,"mOthersTime":0,"mRunTime":0,"mStartTime":58200000,"mTimeUnit":600000,"mWalkTime":8671,"runStep":0,"walkStep":13},{"distance":52.608997,"mCalorie":2.7700002,"mOthersTime":0,"mRunTime":0,"mStartTime":60000000,"mTimeUnit":600000,"mWalkTime":49358,"runStep":0,"walkStep":74},{"distance":108.399994,"mCalorie":5.2599998,"mOthersTime":0,"mRunTime":0,"mStartTime":60600000,"mTimeUnit":600000,"mWalkTime":96048,"runStep":0,"walkStep":144},{"distance":15.001,"mCalorie":0.93,"mOthersTime":0,"mRunTime":1600,"mStartTime":61800000,"mTimeUnit":600000,"mWalkTime":7337,"runStep":4,"walkStep":11},{"distance":7.88,"mCalorie":0.34,"mOthersTime":0,"mRunTime":0,"mStartTime":67200000,"mTimeUnit":600000,"mWalkTime":6670,"runStep":0,"walkStep":10},{"distance":45.36,"mCalorie":2.19,"mOthersTime":0,"mRunTime":0,"mStartTime":67800000,"mTimeUnit":600000,"mWalkTime":41354,"runStep":0,"walkStep":62},{"distance":4.73,"mCalorie":0.21,"mOthersTime":0,"mRunTime":0,"mStartTime":69600000,"mTimeUnit":600000,"mWalkTime":4002,"runStep":0,"walkStep":6}],"version":1}