{"mAdaptiveGoal":0,"mIsGoalAchieved":false,"mIsMostActiveAchieved":false,"mMostActiveMinutes":0,"mStreakDayCount":0,"mUnitDataList":[{"distance":25.59,"mCalorie":1.26,"mOthersTime":0,"mRunTime":0,"mStartTime":4200000,"mTimeUnit":600000,"mWalkTime":22678,"runStep":0,"walkStep":34},{"distance":21.031,"mCalorie":0.95,"mOthersTime":0,"mRunTime":0,"mStartTime":4800000,"mTimeUnit":600000,"mWalkTime":18009,"runStep":0,"walkStep":27},{"distance":53.239998,"mCalorie":2.6799998,"mOthersTime":0,"mRunTime":1600,"mStartTime":17400000,"mTimeUnit":600000,"mWalkTime":42021,"runStep":4,"walkStep":63},{"distance":244.72202,"mCalorie":12.09,"mOthersTime":0,"mRunTime":0,"mStartTime":18000000,"mTimeUnit":600000,"mWalkTime":214714,"runStep":0,"walkStep":348},{"distance":200.188,"mCalorie":9.330001,"mOthersTime":0,"mRunTime":0,"mStartTime":18600000,"mTimeUnit":600000,"mWalkTime":159353,"runStep":0,"walkStep":271},{"distance":12.03,"mCalorie":0.57,"mOthersTime":0,"mRunTime":0,"mStartTime":19800000,"mTimeUnit":600000,"mWalkTime":10005,"runStep":0,"walkStep":15},{"distance":7.59,"mCalorie":0.49,"mOthersTime":0,"mRunTime":0,"mStartTime":20400000,"mTimeUnit":600000,"mWalkTime":7337,"runStep":0,"walkStep":11},{"distance":161.151,"mCalorie":7.6800003,"mOthersTime":0,"mRunTime":0,"mStartTime":21000000,"mTimeUnit":600000,"mWalkTime":137372,"runStep":0,"walkStep":219},{"distance":277.939,"mCalorie":15.16,"mOthersTime":0,"mRunTime":0,"mStartTime":21600000,"mTimeUnit":600000,"mWalkTime":226023,"runStep":0,"walkStep":396},{"distance":48.4,"mCalorie":2.2399998,"mOthersTime":0,"mRunTime":0,"mStartTime":22200000,"mTimeUnit":600000,"mWalkTime":42688,"runStep":0,"walkStep":64},{"distance":8.24,"mCalorie":0.47,"mOthersTime":0,"mRunTime":0,"mStartTime":27600000,"mTimeUnit":600000,"mWalkTime":8004,"runStep":0,"walkStep":12},{"distance":17.380001,"mCalorie":0.77,"mOthersTime":0,"mRunTime":0,"mStartTime":28800000,"mTimeUnit":600000,"mWalkTime":15341,"runStep":0,"walkStep":23},{"distance":90.17,"mCalorie":4.9,"mOthersTime":0,"mRunTime":2800,"mStartTime":29400000,"mTimeUnit":600000,"mWalkTime":80040,"runStep":7,"walkStep":120},{"distance":58.842003,"mCalorie":3.62,"mOthersTime":0,"mRunTime":4000,"mStartTime":30000000,"mTimeUnit":600000,"mWalkTime":40687,"runStep":10,"walkStep":61},{"distance":36.72,"mCalorie":1.84,"mOthersTime":0,"mRunTime":400,"mStartTime":30600000,"mTimeUnit":600000,"mWalkTime":32016,"runStep":1,"walkStep":48},{"distance":8.16,"mCalorie":0.39,"mOthersTime":0,"mRunTime":0,"mStartTime":31800000,"mTimeUnit":600000,"mWalkTime":7337,"runStep":0,"walkStep":11},{"distance":8.43,"mCalorie":0.45,"mOthersTime":0,"mRunTime":0,"mStartTime":33000000,"mTimeUnit":600000,"mWalkTime":8004,"runStep":0,"walkStep":12},{"distance":24.42,"mCalorie":1.5500001,"mOthersTime":0,"mRunTime":0,"mStartTime":33600000,"mTimeUnit":600000,"mWalkTime":23345,"runStep":0,"walkStep":35},{"distance":64.517,"mCalorie":3.01,"mOthersTime":0,"mRunTime":0,"mStartTime":34200000,"mTimeUnit":600000,"mWalkTime":57362,"runStep":0,"walkStep":86},{"distance":6.48,"mCalorie":0.33,"mOthersTime":0,"mRunTime":0,"mStartTime":35400000,"mTimeUnit":600000,"mWalkTime":6003,"runStep":0,"walkStep":9},{"distance":7.18,"mCalorie":0.38,"mOthersTime":0,"mRunTime":0,"mStartTime":36000000,"mTimeUnit":600000,"mWalkTime":6670,"runStep":0,"walkStep":10},{"distance":38.0,"mCalorie":1.9,"mOthersTime":0,"mRunTime":0,"mStartTime":36600000,"mTimeUnit":600000,"mWalkTime":34684,"runStep":0,"walkStep":52},{"distance":18.83,"mCalorie":0.96999997,"mOthersTime":0,"mRunTime":0,"mStartTime":37800000,"mTimeUnit":600000,"mWalkTime":17342,"runStep":0,"walkStep":26},{"distance":40.66,"mCalorie":2.05,"mOthersTime":0,"mRunTime":0,"mStartTime":39000000,"mTimeUnit":600000,"mWalkTime":37352,"runStep":0,"walkStep":56},{"distance":112.46999,"mCalorie":6.15,"mOthersTime":0,"mRunTime":0,"mStartTime":39600000,"mTimeUnit":600000,"mWalkTime":110055,"runStep":0,"walkStep":165},{"distance":441.87897,"mCalorie":23.829998,"mOthersTime":0,"mRunTime":0,"mStartTime":40200000,"mTimeUnit":600000,"mWalkTime":363395,"runStep":0,"walkStep":606},{"distance":480.72998,"mCalorie":25.569998,"mOthersTime":0,"mRunTime":0,"mStartTime":40800000,"mTimeUnit":600000,"mWalkTime":404082,"runStep":0,"walkStep":652},{"distance":166.39098,"mCalorie":8.48,"mOthersTime":0,"mRunTime":4000,"mStartTime":41400000,"mTimeUnit":600000,"mWalkTime":135401,"runStep":10,"walkStep":203},{"distance":31.86,"mCalorie":1.62,"mOthersTime":0,"mRunTime":0,"mStartTime":42000000,"mTimeUnit":600000,"mWalkTime":28681,"runStep":0,"walkStep":43},{"distance":22.380001,"mCalorie":1.13,"mOthersTime":0,"mRunTime":0,"mStartTime":43200000,"mTimeUnit":600000,"mWalkTime":20677,"runStep":0,"walkStep":31},{"distance":33.831,"mCalorie":1.6400001,"mOthersTime":0,"mRunTime":0,"mStartTime":44400000,"mTimeUnit":600000,"mWalkTime":30682,"runStep":0,"walkStep":46},{"distance":100.995995,"mCalorie":4.8199997,"mOthersTime":0,"mRunTime":0,"mStartTime":45000000,"mTimeUnit":600000,"mWalkTime":91379,"runStep":0,"walkStep":137},{"distance":97.2,"mCalorie":5.3500004,"mOthersTime":0,"mRunTime":0,"mStartTime":45600000,"mTimeUnit":600000,"mWalkTime":100050,"runStep":0,"walkStep":150},{"distance":149.721,"mCalorie":6.9,"mOthersTime":0,"mRunTime":0,"mStartTime":46200000,"mTimeUnit":600000,"mWalkTime":132733,"runStep":0,"walkStep":199},{"distance":300.46005,"mCalorie":15.509998,"mOthersTime":0,"mRunTime":0,"mStartTime":46800000,"mTimeUnit":600000,"mWalkTime":264102,"runStep":0,"walkStep":407},{"distance":31.369999,"mCalorie":1.6100001,"mOthersTime":0,"mRunTime":0,"mStartTime":48000000,"mTimeUnit":600000,"mWalkTime":28014,"runStep":0,"walkStep":42},{"distance":29.989998,"mCalorie":1.6299999,"mOthersTime":0,"mRunTime":0,"mStartTime":49200000,"mTimeUnit":600000,"mWalkTime":27347,"runStep":0,"walkStep":41},{"distance":427.28,"mCalorie":21.399998,"mOthersTime":0,"mRunTime":0,"mStartTime":49800000,"mTimeUnit":600000,"mWalkTime":372126,"runStep":0,"walkStep":577},{"distance":122.25,"mCalorie":5.7799997,"mOthersTime":0,"mRunTime":0,"mStartTime":50400000,"mTimeUnit":600000,"mWalkTime":96018,"runStep":0,"walkStep":165},{"distance":121.270004,"mCalorie":5.84,"mOthersTime":0,"mRunTime":0,"mStartTime":51000000,"mTimeUnit":600000,"mWalkTime":109388,"runStep":0,"walkStep":164},{"distance":8.49,"mCalorie":0.46,"mOthersTime":0,"mRunTime":0,"mStartTime":51600000,"mTimeUnit":600000,"mWalkTime":8004,"runStep":0,"walkStep":12},{"distance":4.21,"mCalorie":0.22,"mOthersTime":0,"mRunTime":0,"mStartTime":52200000,"mTimeUnit":600000,"mWalkTime":4002,"runStep":0,"walkStep":6},{"distance":10.93,"mCalorie":0.45,"mOthersTime":0,"mRunTime":0,"mStartTime":54600000,"mTimeUnit":600000,"mWalkTime":8004,"runStep":0,"walkStep":12},{"distance":10.7,"mCalorie":0.67,"mOthersTime":0,"mRunTime":400,"mStartTime":55800000,"mTimeUnit":600000,"mWalkTime":8004,"runStep":1,"walkStep":12},{"distance":13.639999,"mCalorie":0.64000005,"mOthersTime":0,"mRunTime":0,"mStartTime":57600000,"mTimeUnit":600000,"mWalkTime":12006,"runStep":0,"walkStep":18},{"distance":97.501,"mCalorie":5.4799995,"mOthersTime":0,"mRunTime":0,"mStartTime":58200000,"mTimeUnit":600000,"mWalkTime":96715,"runStep":0,"walkStep":145},{"distance":253.03201,"mCalorie":12.150001,"mOthersTime":0,"mRunTime":0,"mStartTime":59400000,"mTimeUnit":600000,"mWalkTime":215411,"runStep":0,"walkStep":337},{"distance":39.49,"mCalorie":1.87,"mOthersTime":0,"mRunTime":0,"mStartTime":60000000,"mTimeUnit":600000,"mWalkTime":34017,"runStep":0,"walkStep":51},{"distance":58.26,"mCalorie":2.92,"mOthersTime":0,"mRunTime":0,"mStartTime":60600000,"mTimeUnit":600000,"mWalkTime":54027,"runStep":0,"walkStep":81},{"distance":80.024,"mCalorie":3.5599997,"mOthersTime":0,"mRunTime":0,"mStartTime":61200000,"mTimeUnit":600000,"mWalkTime":69368,"runStep":0,"walkStep":104},{"distance":333.67697,"mCalorie":15.679998,"mOthersTime":0,"mRunTime":4000,"mStartTime":61800000,"mTimeUnit":600000,"mWalkTime":262101,"runStep":10,"walkStep":419},{"distance":111.74,"mCalorie":5.38,"mOthersTime":0,"mRunTime":0,"mStartTime":62400000,"mTimeUnit":600000,"mWalkTime":98686,"runStep":0,"walkStep":150},{"distance":7.14,"mCalorie":0.34,"mOthersTime":0,"mRunTime":0,"mStartTime":63000000,"mTimeUnit":600000,"mWalkTime":6670,"runStep":0,"walkStep":10},{"distance":129.37,"mCalorie":6.76,"mOthersTime":0,"mRunTime":0,"mStartTime":63600000,"mTimeUnit":600000,"mWalkTime":118059,"runStep":0,"walkStep":177},{"distance":51.414997,"mCalorie":2.71,"mOthersTime":0,"mRunTime":4400,"mStartTime":64200000,"mTimeUnit":600000,"mWalkTime":34684,"runStep":11,"walkStep":52},{"distance":18.082,"mCalorie":1.04,"mOthersTime":0,"mRunTime":0,"mStartTime":64800000,"mTimeUnit":600000,"mWalkTime":17342,"runStep":0,"walkStep":26},{"distance":106.442,"mCalorie":5.89,"mOthersTime":0,"mRunTime":0,"mStartTime":66600000,"mTimeUnit":600000,"mWalkTime":103385,"runStep":0,"walkStep":155},{"distance":153.95999,"mCalorie":8.07,"mOthersTime":0,"mRunTime":0,"mStartTime":67200000,"mTimeUnit":600000,"mWalkTime":136735,"runStep":0,"walkStep":205},{"distance":42.629997,"mCalorie":2.0900002,"mOthersTime":0,"mRunTime":0,"mStartTime":67800000,"mTimeUnit":600000,"mWalkTime":38686,"runStep":0,"walkStep":58},{"distance":49.3,"mCalorie":2.5000002,"mOthersTime":0,"mRunTime":0,"mStartTime":68400000,"mTimeUnit":600000,"mWalkTime":45356,"runStep":0,"walkStep":68},{"distance":6.77,"mCalorie":0.49,"mOthersTime":0,"mRunTime":0,"mStartTime":69000000,"mTimeUnit":600000,"mWalkTime":6670,"runStep":0,"walkStep":10},{"distance":15.71,"mCalorie":0.58,"mOthersTime":0,"mRunTime":0,"mStartTime":69600000,"mTimeUnit":600000,"mWalkTime":12673,"runStep":0,"walkStep":19},{"distance":23.41,"mCalorie":1.1,"mOthersTime":0,"mRunTime":0,"mStartTime":70800000,"mTimeUnit":600000,"mWalkTime":20677,"runStep":0,"walkStep":31},{"distance":9.99,"mCalorie":0.43,"mOthersTime":0,"mRunTime":0,"mStartTime":71400000,"mTimeUnit":600000,"mWalkTime":8671,"runStep":0,"walkStep":13},{"distance":7.68,"mCalorie":0.39,"mOthersTime":0,"mRunTime":0,"mStartTime":73800000,"mTimeUnit":600000,"mWalkTime":7337,"runStep":0,"walkStep":11},{"distance":66.86,"mCalorie":3.15,"mOthersTime":0,"mRunTime":0,"mStartTime":75600000,"mTimeUnit":600000,"mWalkTime":60697,"runStep":0,"walkStep":91},{"distance":71.520004,"mCalorie":3.9699993,"mOthersTime":0,"mRunTime":3200,"mStartTime":76200000,"mTimeUnit":600000,"mWalkTime":59363,"runStep":8,"walkStep":89},{"distance":499.46,"mCalorie":23.880001,"mOthersTime":0,"mRunTime":0,"mStartTime":76800000,"mTimeUnit":600000,"mWalkTime":364669,"runStep":0,"walkStep":677},{"distance":135.95,"mCalorie":6.6,"mOthersTime":0,"mRunTime":0,"mStartTime":77400000,"mTimeUnit":600000,"mWalkTime":121394,"runStep":0,"walkStep":182},{"distance":37.75,"mCalorie":2.0,"mOthersTime":0,"mRunTime":0,"mStartTime":79200000,"mTimeUnit":600000,"mWalkTime":35351,"runStep":0,"walkStep":53},{"distance":142.62,"mCalorie":7.46,"mOthersTime":0,"mRunTime":400,"mStartTime":81000000,"mTimeUnit":600000,"mWalkTime":116695,"runStep":1,"walkStep":188},{"distance":420.19,"mCalorie":20.64,"mOthersTime":0,"mRunTime":0,"mStartTime":81600000,"mTimeUnit":600000,"mWalkTime":303335,"runStep":0,"walkStep":560},{"distance":95.06,"mCalorie":4.9199996,"mOthersTime":0,"mRunTime":0,"mStartTime":82200000,"mTimeUnit":600000,"mWalkTime":86710,"runStep":0,"walkStep":130}],"version":1}