{"mAdaptiveGoal":0,"mIsGoalAchieved":false,"mIsMostActiveAchieved":false,"mMostActiveMinutes":0,"mStreakDayCount":0,"mUnitDataList":[{"distance":46.589996,"mCalorie":2.31,"mOthersTime":0,"mRunTime":0,"mStartTime":34200000,"mTimeUnit":600000,"mWalkTime":42688,"runStep":0,"walkStep":64},{"distance":7.4100003,"mCalorie":0.36999997,"mOthersTime":0,"mRunTime":0,"mStartTime":40200000,"mTimeUnit":600000,"mWalkTime":6670,"runStep":0,"walkStep":10},{"distance":16.31,"mCalorie":0.81,"mOthersTime":0,"mRunTime":0,"mStartTime":40800000,"mTimeUnit":600000,"mWalkTime":14674,"runStep":0,"walkStep":22},{"distance":40.33,"mCalorie":2.12,"mOthersTime":0,"mRunTime":0,"mStartTime":42000000,"mTimeUnit":600000,"mWalkTime":37352,"runStep":0,"walkStep":56},{"distance":31.72,"mCalorie":1.65,"mOthersTime":0,"mRunTime":0,"mStartTime":42600000,"mTimeUnit":600000,"mWalkTime":29348,"runStep":0,"walkStep":44},{"distance":22.86,"mCalorie":1.42,"mOthersTime":0,"mRunTime":1600,"mStartTime":43800000,"mTimeUnit":600000,"mWalkTime":14007,"runStep":4,"walkStep":21},{"distance":6.4500003,"mCalorie":0.26999998,"mOthersTime":0,"mRunTime":0,"mStartTime":44400000,"mTimeUnit":600000,"mWalkTime":5336,"runStep":0,"walkStep":8},{"distance":6.4800005,"mCalorie":0.33999997,"mOthersTime":0,"mRunTime":0,"mStartTime":45000000,"mTimeUnit":600000,"mWalkTime":6003,"runStep":0,"walkStep":9},{"distance":89.63,"mCalorie":4.9900002,"mOthersTime":0,"mRunTime":0,"mStartTime":45600000,"mTimeUnit":600000,"mWalkTime":95381,"runStep":0,"walkStep":143},{"distance":70.94,"mCalorie":3.5600002,"mOthersTime":0,"mRunTime":0,"mStartTime":46800000,"mTimeUnit":600000,"mWalkTime":62698,"runStep":0,"walkStep":94},{"distance":25.619999,"mCalorie":1.3200002,"mOthersTime":0,"mRunTime":0,"mStartTime":47400000,"mTimeUnit":600000,"mWalkTime":23345,"runStep":0,"walkStep":35},{"distance":70.94,"mCalorie":3.759999,"mOthersTime":0,"mRunTime":0,"mStartTime":48000000,"mTimeUnit":600000,"mWalkTime":64032,"runStep":0,"walkStep":96},{"distance":15.11,"mCalorie":0.78,"mOthersTime":0,"mRunTime":0,"mStartTime":48600000,"mTimeUnit":600000,"mWalkTime":14007,"runStep":0,"walkStep":21},{"distance":18.68,"mCalorie":0.97,"mOthersTime":0,"mRunTime":0,"mStartTime":52200000,"mTimeUnit":600000,"mWalkTime":18009,"runStep":0,"walkStep":27},{"distance":12.91,"mCalorie":0.67,"mOthersTime":0,"mRunTime":0,"mStartTime":54000000,"mTimeUnit":600000,"mWalkTime":12006,"runStep":0,"walkStep":18},{"distance":88.28,"mCalorie":4.45,"mOthersTime":0,"mRunTime":800,"mStartTime":54600000,"mTimeUnit":600000,"mWalkTime":77372,"runStep":2,"walkStep":116},{"distance":58.5,"mCalorie":2.97,"mOthersTime":0,"mRunTime":0,"mStartTime":55800000,"mTimeUnit":600000,"mWalkTime":54027,"runStep":0,"walkStep":81},{"distance":75.8,"mCalorie":4.02,"mOthersTime":0,"mRunTime":0,"mStartTime":56400000,"mTimeUnit":600000,"mWalkTime":70702,"runStep":0,"walkStep":106},{"distance":177.20999,"mCalorie":10.56,"mOthersTime":0,"mRunTime":0,"mStartTime":57000000,"mTimeUnit":600000,"mWalkTime":172753,"runStep":0,"walkStep":259},{"distance":246.69,"mCalorie":13.29,"mOthersTime":0,"mRunTime":0,"mStartTime":57600000,"mTimeUnit":600000,"mWalkTime":232116,"runStep":0,"walkStep":348},{"distance":183.54001,"mCalorie":9.6,"mOthersTime":0,"mRunTime":2000,"mStartTime":58200000,"mTimeUnit":600000,"mWalkTime":161354,"runStep":5,"walkStep":259},{"distance":111.34,"mCalorie":5.58,"mOthersTime":0,"mRunTime":0,"mStartTime":58800000,"mTimeUnit":600000,"mWalkTime":96685,"runStep":0,"walkStep":152},{"distance":120.159996,"mCalorie":6.4600005,"mOthersTime":0,"mRunTime":0,"mStartTime":59400000,"mTimeUnit":600000,"mWalkTime":112056,"runStep":0,"walkStep":168},{"distance":178.23,"mCalorie":9.26,"mOthersTime":0,"mRunTime":0,"mStartTime":60000000,"mTimeUnit":600000,"mWalkTime":167417,"runStep":0,"walkStep":251},{"distance":15.38,"mCalorie":1.0,"mOthersTime":0,"mRunTime":2400,"mStartTime":60600000,"mTimeUnit":600000,"mWalkTime":6670,"runStep":6,"walkStep":10},{"distance":203.95,"mCalorie":10.93,"mOthersTime":0,"mRunTime":0,"mStartTime":61200000,"mTimeUnit":600000,"mWalkTime":190762,"runStep":0,"walkStep":286},{"distance":31.95,"mCalorie":1.81,"mOthersTime":0,"mRunTime":0,"mStartTime":61800000,"mTimeUnit":600000,"mWalkTime":30682,"runStep":0,"walkStep":46},{"distance":112.39,"mCalorie":5.66,"mOthersTime":0,"mRunTime":0,"mStartTime":62400000,"mTimeUnit":600000,"mWalkTime":100687,"runStep":0,"walkStep":157},{"distance":133.04001,"mCalorie":7.2599998,"mOthersTime":0,"mRunTime":5200,"mStartTime":63600000,"mTimeUnit":600000,"mWalkTime":107387,"runStep":13,"walkStep":161},{"distance":7.67,"mCalorie":0.54,"mOthersTime":0,"mRunTime":800,"mStartTime":64200000,"mTimeUnit":600000,"mWalkTime":6670,"runStep":2,"walkStep":10},{"distance":8.84,"mCalorie":0.54,"mOthersTime":0,"mRunTime":0,"mStartTime":64800000,"mTimeUnit":600000,"mWalkTime":8671,"runStep":0,"walkStep":13},{"distance":36.93,"mCalorie":1.78,"mOthersTime":0,"mRunTime":0,"mStartTime":66000000,"mTimeUnit":600000,"mWalkTime":32683,"runStep":0,"walkStep":49},{"distance":26.699999,"mCalorie":1.41,"mOthersTime":0,"mRunTime":0,"mStartTime":66600000,"mTimeUnit":600000,"mWalkTime":24679,"runStep":0,"walkStep":37},{"distance":51.690002,"mCalorie":2.4,"mOthersTime":0,"mRunTime":0,"mStartTime":67800000,"mTimeUnit":600000,"mWalkTime":45356,"runStep":0,"walkStep":68},{"distance":61.530003,"mCalorie":4.21,"mOthersTime":0,"mRunTime":0,"mStartTime":68400000,"mTimeUnit":600000,"mWalkTime":74037,"runStep":0,"walkStep":111},{"distance":236.53,"mCalorie":11.669999,"mOthersTime":0,"mRunTime":0,"mStartTime":69000000,"mTimeUnit":600000,"mWalkTime":198706,"runStep":0,"walkStep":316},{"distance":38.48,"mCalorie":1.76,"mOthersTime":0,"mRunTime":0,"mStartTime":69600000,"mTimeUnit":600000,"mWalkTime":34017,"runStep":0,"walkStep":51},{"distance":8.9,"mCalorie":0.4,"mOthersTime":0,"mRunTime":0,"mStartTime":70200000,"mTimeUnit":600000,"mWalkTime":8004,"runStep":0,"walkStep":12},{"distance":12.76,"mCalorie":0.68,"mOthersTime":0,"mRunTime":0,"mStartTime":71400000,"mTimeUnit":600000,"mWalkTime":12006,"runStep":0,"walkStep":18},{"distance":152.43,"mCalorie":7.5,"mOthersTime":0,"mRunTime":0,"mStartTime":72000000,"mTimeUnit":600000,"mWalkTime":120697,"runStep":0,"walkStep":202},{"distance":101.25,"mCalorie":5.2,"mOthersTime":0,"mRunTime":0,"mStartTime":72600000,"mTimeUnit":600000,"mWalkTime":94047,"runStep":0,"walkStep":141},{"distance":7.45,"mCalorie":0.43,"mOthersTime":0,"mRunTime":0,"mStartTime":76800000,"mTimeUnit":600000,"mWalkTime":7337,"runStep":0,"walkStep":11},{"distance":15.62,"mCalorie":0.89,"mOthersTime":0,"mRunTime":0,"mStartTime":77400000,"mTimeUnit":600000,"mWalkTime":15341,"runStep":0,"walkStep":23},{"distance":126.01,"mCalorie":6.6099997,"mOthersTime":0,"mRunTime":0,"mStartTime":78000000,"mTimeUnit":600000,"mWalkTime":128731,"runStep":0,"walkStep":193},{"distance":63.32,"mCalorie":3.0099998,"mOthersTime":0,"mRunTime":0,"mStartTime":78600000,"mTimeUnit":600000,"mWalkTime":56695,"runStep":0,"walkStep":85}],"version":1}