{"mAdaptiveGoal":0,"mIsGoalAchieved":false,"mIsMostActiveAchieved":false,"mMostActiveMinutes":0,"mStreakDayCount":0,"mUnitDataList":[{"distance":53.33,"mCalorie":2.31,"mOthersTime":0,"mRunTime":0,"mStartTime":23400000,"mTimeUnit":600000,"mWalkTime":46690,"runStep":0,"walkStep":70},{"distance":8.62,"mCalorie":0.5,"mOthersTime":0,"mRunTime":0,"mStartTime":24000000,"mTimeUnit":600000,"mWalkTime":8004,"runStep":0,"walkStep":12},{"distance":25.130001,"mCalorie":1.6700001,"mOthersTime":0,"mRunTime":2400,"mStartTime":24600000,"mTimeUnit":600000,"mWalkTime":16675,"runStep":6,"walkStep":25},{"distance":73.31,"mCalorie":4.14,"mOthersTime":0,"mRunTime":1200,"mStartTime":31200000,"mTimeUnit":600000,"mWalkTime":64699,"runStep":3,"walkStep":97},{"distance":74.04,"mCalorie":3.78,"mOthersTime":0,"mRunTime":0,"mStartTime":31800000,"mTimeUnit":600000,"mWalkTime":66700,"runStep":0,"walkStep":100},{"distance":98.0,"mCalorie":4.88,"mOthersTime":0,"mRunTime":0,"mStartTime":34200000,"mTimeUnit":600000,"mWalkTime":88044,"runStep":0,"walkStep":132},{"distance":7.85,"mCalorie":0.39,"mOthersTime":0,"mRunTime":0,"mStartTime":34800000,"mTimeUnit":600000,"mWalkTime":7337,"runStep":0,"walkStep":11},{"distance":78.649994,"mCalorie":4.33,"mOthersTime":0,"mRunTime":800,"mStartTime":35400000,"mTimeUnit":600000,"mWalkTime":66700,"runStep":2,"walkStep":100},{"distance":7.12,"mCalorie":0.34,"mOthersTime":0,"mRunTime":0,"mStartTime":36600000,"mTimeUnit":600000,"mWalkTime":6670,"runStep":0,"walkStep":10},{"distance":22.02,"mCalorie":1.24,"mOthersTime":0,"mRunTime":1200,"mStartTime":37200000,"mTimeUnit":600000,"mWalkTime":16675,"runStep":3,"walkStep":25},{"distance":24.849998,"mCalorie":1.27,"mOthersTime":0,"mRunTime":0,"mStartTime":37800000,"mTimeUnit":600000,"mWalkTime":22678,"runStep":0,"walkStep":34},{"distance":9.16,"mCalorie":0.42,"mOthersTime":0,"mRunTime":0,"mStartTime":38400000,"mTimeUnit":600000,"mWalkTime":8004,"runStep":0,"walkStep":12},{"distance":9.72,"mCalorie":0.37,"mOthersTime":0,"mRunTime":0,"mStartTime":39000000,"mTimeUnit":600000,"mWalkTime":8004,"runStep":0,"walkStep":12},{"distance":17.89,"mCalorie":0.95,"mOthersTime":0,"mRunTime":0,"mStartTime":40800000,"mTimeUnit":600000,"mWalkTime":16675,"runStep":0,"walkStep":25},{"distance":92.86,"mCalorie":4.4100003,"mOthersTime":0,"mRunTime":0,"mStartTime":41400000,"mTimeUnit":600000,"mWalkTime":82041,"runStep":0,"walkStep":123},{"distance":108.07,"mCalorie":6.56,"mOthersTime":0,"mRunTime":9200,"mStartTime":42000000,"mTimeUnit":600000,"mWalkTime":65366,"runStep":23,"walkStep":98},{"distance":11.8,"mCalorie":0.73,"mOthersTime":0,"mRunTime":1200,"mStartTime":42600000,"mTimeUnit":600000,"mWalkTime":8004,"runStep":3,"walkStep":12},{"distance":15.76,"mCalorie":0.8,"mOthersTime":0,"mRunTime":0,"mStartTime":43800000,"mTimeUnit":600000,"mWalkTime":14674,"runStep":0,"walkStep":22},{"distance":22.869999,"mCalorie":1.38,"mOthersTime":0,"mRunTime":0,"mStartTime":45000000,"mTimeUnit":600000,"mWalkTime":22011,"runStep":0,"walkStep":33},{"distance":22.86,"mCalorie":1.05,"mOthersTime":0,"mRunTime":0,"mStartTime":45600000,"mTimeUnit":600000,"mWalkTime":20677,"runStep":0,"walkStep":31},{"distance":6.77,"mCalorie":0.37,"mOthersTime":0,"mRunTime":0,"mStartTime":47400000,"mTimeUnit":600000,"mWalkTime":6670,"runStep":0,"walkStep":10},{"distance":13.98,"mCalorie":0.68,"mOthersTime":0,"mRunTime":0,"mStartTime":49200000,"mTimeUnit":600000,"mWalkTime":12673,"runStep":0,"walkStep":19},{"distance":37.25,"mCalorie":1.92,"mOthersTime":0,"mRunTime":0,"mStartTime":50400000,"mTimeUnit":600000,"mWalkTime":34017,"runStep":0,"walkStep":51},{"distance":6.39,"mCalorie":0.28,"mOthersTime":0,"mRunTime":0,"mStartTime":51000000,"mTimeUnit":600000,"mWalkTime":5336,"runStep":0,"walkStep":8},{"distance":17.380001,"mCalorie":1.02,"mOthersTime":0,"mRunTime":0,"mStartTime":51600000,"mTimeUnit":600000,"mWalkTime":14007,"runStep":0,"walkStep":21},{"distance":37.99,"mCalorie":2.24,"mOthersTime":0,"mRunTime":2400,"mStartTime":52200000,"mTimeUnit":600000,"mWalkTime":31349,"runStep":6,"walkStep":47},{"distance":139.32,"mCalorie":8.32,"mOthersTime":0,"mRunTime":1200,"mStartTime":52800000,"mTimeUnit":600000,"mWalkTime":135401,"runStep":3,"walkStep":203},{"distance":79.18,"mCalorie":4.08,"mOthersTime":0,"mRunTime":0,"mStartTime":53400000,"mTimeUnit":600000,"mWalkTime":72036,"runStep":0,"walkStep":108},{"distance":73.839005,"mCalorie":4.02,"mOthersTime":0,"mRunTime":3200,"mStartTime":58200000,"mTimeUnit":600000,"mWalkTime":58696,"runStep":8,"walkStep":88},{"distance":55.4,"mCalorie":3.7800002,"mOthersTime":0,"mRunTime":4800,"mStartTime":58800000,"mTimeUnit":600000,"mWalkTime":38686,"runStep":12,"walkStep":58},{"distance":30.17,"mCalorie":1.4,"mOthersTime":0,"mRunTime":0,"mStartTime":59400000,"mTimeUnit":600000,"mWalkTime":26680,"runStep":0,"walkStep":40},{"distance":41.53,"mCalorie":2.1999998,"mOthersTime":0,"mRunTime":1200,"mStartTime":60000000,"mTimeUnit":600000,"mWalkTime":36018,"runStep":3,"walkStep":54},{"distance":34.481,"mCalorie":1.8599999,"mOthersTime":0,"mRunTime":0,"mStartTime":60600000,"mTimeUnit":600000,"mWalkTime":32683,"runStep":0,"walkStep":49},{"distance":20.23,"mCalorie":0.94,"mOthersTime":0,"mRunTime":0,"mStartTime":61800000,"mTimeUnit":600000,"mWalkTime":18676,"runStep":0,"walkStep":28},{"distance":10.01,"mCalorie":0.44,"mOthersTime":0,"mRunTime":0,"mStartTime":63600000,"mTimeUnit":600000,"mWalkTime":8671,"runStep":0,"walkStep":13},{"distance":19.65,"mCalorie":1.0,"mOthersTime":0,"mRunTime":0,"mStartTime":64200000,"mTimeUnit":600000,"mWalkTime":18009,"runStep":0,"walkStep":27},{"distance":8.97,"mCalorie":0.35,"mOthersTime":0,"mRunTime":0,"mStartTime":65400000,"mTimeUnit":600000,"mWalkTime":7337,"runStep":0,"walkStep":11},{"distance":17.39,"mCalorie":0.98,"mOthersTime":0,"mRunTime":0,"mStartTime":66600000,"mTimeUnit":600000,"mWalkTime":14674,"runStep":0,"walkStep":22},{"distance":10.81,"mCalorie":0.57,"mOthersTime":0,"mRunTime":0,"mStartTime":67200000,"mTimeUnit":600000,"mWalkTime":8004,"runStep":0,"walkStep":12},{"distance":17.34,"mCalorie":0.88,"mOthersTime":0,"mRunTime":0,"mStartTime":68400000,"mTimeUnit":600000,"mWalkTime":16008,"runStep":0,"walkStep":24},{"distance":5.4799995,"mCalorie":0.24,"mOthersTime":0,"mRunTime":0,"mStartTime":70800000,"mTimeUnit":600000,"mWalkTime":4669,"runStep":0,"walkStep":7},{"distance":18.33,"mCalorie":0.89,"mOthersTime":0,"mRunTime":0,"mStartTime":72000000,"mTimeUnit":600000,"mWalkTime":16008,"runStep":0,"walkStep":24},{"distance":27.220001,"mCalorie":1.4100001,"mOthersTime":0,"mRunTime":0,"mStartTime":75600000,"mTimeUnit":600000,"mWalkTime":23345,"runStep":0,"walkStep":35},{"distance":15.66,"mCalorie":0.97,"mOthersTime":0,"mRunTime":0,"mStartTime":79200000,"mTimeUnit":600000,"mWalkTime":15341,"runStep":0,"walkStep":23},{"distance":21.49,"mCalorie":1.3199999,"mOthersTime":0,"mRunTime":2000,"mStartTime":85200000,"mTimeUnit":600000,"mWalkTime":14674,"runStep":5,"walkStep":22}],"version":1}