{"mAdaptiveGoal":0,"mIsGoalAchieved":false,"mIsMostActiveAchieved":false,"mMostActiveMinutes":0,"mStreakDayCount":0,"mUnitDataList":[{"distance":51.651,"mCalorie":2.48,"mOthersTime":0,"mRunTime":0,"mStartTime":12000000,"mTimeUnit":600000,"mWalkTime":45356,"runStep":0,"walkStep":68},{"distance":36.484,"mCalorie":1.9300001,"mOthersTime":0,"mRunTime":0,"mStartTime":12600000,"mTimeUnit":600000,"mWalkTime":32016,"runStep":0,"walkStep":48},{"distance":12.648,"mCalorie":0.55,"mOthersTime":0,"mRunTime":0,"mStartTime":13800000,"mTimeUnit":600000,"mWalkTime":11339,"runStep":0,"walkStep":17},{"distance":27.210999,"mCalorie":1.3299999,"mOthersTime":0,"mRunTime":0,"mStartTime":14400000,"mTimeUnit":600000,"mWalkTime":20677,"runStep":0,"walkStep":31},{"distance":74.772995,"mCalorie":3.92,"mOthersTime":0,"mRunTime":1200,"mStartTime":16800000,"mTimeUnit":600000,"mWalkTime":64699,"runStep":3,"walkStep":97},{"distance":53.533,"mCalorie":2.77,"mOthersTime":0,"mRunTime":2800,"mStartTime":18000000,"mTimeUnit":600000,"mWalkTime":39353,"runStep":7,"walkStep":59},{"distance":17.36,"mCalorie":1.03,"mOthersTime":0,"mRunTime":800,"mStartTime":28800000,"mTimeUnit":600000,"mWalkTime":15341,"runStep":2,"walkStep":23},{"distance":10.1,"mCalorie":0.37,"mOthersTime":0,"mRunTime":0,"mStartTime":30000000,"mTimeUnit":600000,"mWalkTime":8004,"runStep":0,"walkStep":12},{"distance":57.03,"mCalorie":3.1900003,"mOthersTime":0,"mRunTime":400,"mStartTime":36000000,"mTimeUnit":600000,"mWalkTime":48691,"runStep":1,"walkStep":73},{"distance":24.386,"mCalorie":1.25,"mOthersTime":0,"mRunTime":0,"mStartTime":36600000,"mTimeUnit":600000,"mWalkTime":23345,"runStep":0,"walkStep":35},{"distance":20.92,"mCalorie":1.28,"mOthersTime":0,"mRunTime":0,"mStartTime":39000000,"mTimeUnit":600000,"mWalkTime":20010,"runStep":0,"walkStep":30},{"distance":103.07,"mCalorie":5.3199997,"mOthersTime":0,"mRunTime":0,"mStartTime":40200000,"mTimeUnit":600000,"mWalkTime":93380,"runStep":0,"walkStep":140},{"distance":87.92,"mCalorie":4.7000003,"mOthersTime":0,"mRunTime":0,"mStartTime":40800000,"mTimeUnit":600000,"mWalkTime":82041,"runStep":0,"walkStep":123},{"distance":154.65599,"mCalorie":7.89,"mOthersTime":0,"mRunTime":0,"mStartTime":41400000,"mTimeUnit":600000,"mWalkTime":139403,"runStep":0,"walkStep":209},{"distance":68.429,"mCalorie":2.97,"mOthersTime":0,"mRunTime":0,"mStartTime":42000000,"mTimeUnit":600000,"mWalkTime":58029,"runStep":0,"walkStep":87},{"distance":87.66,"mCalorie":4.63,"mOthersTime":0,"mRunTime":0,"mStartTime":42600000,"mTimeUnit":600000,"mWalkTime":81374,"runStep":0,"walkStep":122},{"distance":122.994995,"mCalorie":6.141,"mOthersTime":0,"mRunTime":0,"mStartTime":43200000,"mTimeUnit":600000,"mWalkTime":110722,"runStep":0,"walkStep":166},{"distance":73.22,"mCalorie":3.65,"mOthersTime":0,"mRunTime":0,"mStartTime":43800000,"mTimeUnit":600000,"mWalkTime":65366,"runStep":0,"walkStep":98},{"distance":123.774,"mCalorie":6.519,"mOthersTime":0,"mRunTime":1600,"mStartTime":44400000,"mTimeUnit":600000,"mWalkTime":110722,"runStep":4,"walkStep":166},{"distance":163.31,"mCalorie":7.94,"mOthersTime":0,"mRunTime":0,"mStartTime":45000000,"mTimeUnit":600000,"mWalkTime":149408,"runStep":0,"walkStep":224},{"distance":19.57,"mCalorie":1.12,"mOthersTime":0,"mRunTime":0,"mStartTime":45600000,"mTimeUnit":600000,"mWalkTime":18676,"runStep":0,"walkStep":28},{"distance":88.06,"mCalorie":4.9300003,"mOthersTime":0,"mRunTime":400,"mStartTime":46200000,"mTimeUnit":600000,"mWalkTime":78706,"runStep":1,"walkStep":118},{"distance":63.516,"mCalorie":3.48,"mOthersTime":0,"mRunTime":1600,"mStartTime":48000000,"mTimeUnit":600000,"mWalkTime":54694,"runStep":4,"walkStep":82},{"distance":14.97,"mCalorie":0.8,"mOthersTime":0,"mRunTime":0,"mStartTime":49200000,"mTimeUnit":600000,"mWalkTime":14007,"runStep":0,"walkStep":21},{"distance":78.17,"mCalorie":4.5,"mOthersTime":0,"mRunTime":0,"mStartTime":52200000,"mTimeUnit":600000,"mWalkTime":81374,"runStep":0,"walkStep":122},{"distance":84.12,"mCalorie":4.32,"mOthersTime":0,"mRunTime":0,"mStartTime":52800000,"mTimeUnit":600000,"mWalkTime":77372,"runStep":0,"walkStep":116},{"distance":48.2,"mCalorie":2.5,"mOthersTime":0,"mRunTime":0,"mStartTime":53400000,"mTimeUnit":600000,"mWalkTime":44022,"runStep":0,"walkStep":66},{"distance":79.37601,"mCalorie":4.0699997,"mOthersTime":0,"mRunTime":0,"mStartTime":54000000,"mTimeUnit":600000,"mWalkTime":73370,"runStep":0,"walkStep":110},{"distance":127.51299,"mCalorie":6.27,"mOthersTime":0,"mRunTime":0,"mStartTime":54600000,"mTimeUnit":600000,"mWalkTime":113390,"runStep":0,"walkStep":170},{"distance":42.46,"mCalorie":2.23,"mOthersTime":0,"mRunTime":0,"mStartTime":55200000,"mTimeUnit":600000,"mWalkTime":37352,"runStep":0,"walkStep":56},{"distance":119.116,"mCalorie":6.881,"mOthersTime":0,"mRunTime":0,"mStartTime":59400000,"mTimeUnit":600000,"mWalkTime":122728,"runStep":0,"walkStep":184},{"distance":62.44,"mCalorie":3.24,"mOthersTime":0,"mRunTime":0,"mStartTime":60000000,"mTimeUnit":600000,"mWalkTime":57362,"runStep":0,"walkStep":86},{"distance":47.04,"mCalorie":2.4599998,"mOthersTime":0,"mRunTime":0,"mStartTime":60600000,"mTimeUnit":600000,"mWalkTime":43355,"runStep":0,"walkStep":65},{"distance":63.91,"mCalorie":3.3899999,"mOthersTime":0,"mRunTime":0,"mStartTime":61200000,"mTimeUnit":600000,"mWalkTime":59363,"runStep":0,"walkStep":89},{"distance":7.97,"mCalorie":0.35,"mOthersTime":0,"mRunTime":0,"mStartTime":61800000,"mTimeUnit":600000,"mWalkTime":6670,"runStep":0,"walkStep":10},{"distance":162.37999,"mCalorie":7.909,"mOthersTime":0,"mRunTime":800,"mStartTime":62400000,"mTimeUnit":600000,"mWalkTime":140737,"runStep":2,"walkStep":211},{"distance":58.31,"mCalorie":2.9299998,"mOthersTime":0,"mRunTime":0,"mStartTime":63000000,"mTimeUnit":600000,"mWalkTime":53360,"runStep":0,"walkStep":80},{"distance":36.31,"mCalorie":1.9200001,"mOthersTime":0,"mRunTime":0,"mStartTime":69600000,"mTimeUnit":600000,"mWalkTime":34017,"runStep":0,"walkStep":51},{"distance":10.72,"mCalorie":0.52,"mOthersTime":0,"mRunTime":0,"mStartTime":71400000,"mTimeUnit":600000,"mWalkTime":9338,"runStep":0,"walkStep":14},{"distance":8.3,"mCalorie":0.42,"mOthersTime":0,"mRunTime":0,"mStartTime":72000000,"mTimeUnit":600000,"mWalkTime":8004,"runStep":0,"walkStep":12},{"distance":9.05,"mCalorie":0.32,"mOthersTime":0,"mRunTime":0,"mStartTime":72600000,"mTimeUnit":600000,"mWalkTime":7337,"runStep":0,"walkStep":11},{"distance":30.789999,"mCalorie":1.47,"mOthersTime":0,"mRunTime":0,"mStartTime":73800000,"mTimeUnit":600000,"mWalkTime":27347,"runStep":0,"walkStep":41},{"distance":25.82,"mCalorie":1.3,"mOthersTime":0,"mRunTime":0,"mStartTime":74400000,"mTimeUnit":600000,"mWalkTime":23345,"runStep":0,"walkStep":35},{"distance":8.2,"mCalorie":0.33,"mOthersTime":0,"mRunTime":0,"mStartTime":75600000,"mTimeUnit":600000,"mWalkTime":6670,"runStep":0,"walkStep":10},{"distance":8.12,"mCalorie":0.62,"mOthersTime":0,"mRunTime":0,"mStartTime":76200000,"mTimeUnit":600000,"mWalkTime":8004,"runStep":0,"walkStep":12},{"distance":22.52,"mCalorie":1.09,"mOthersTime":0,"mRunTime":0,"mStartTime":76800000,"mTimeUnit":600000,"mWalkTime":21344,"runStep":0,"walkStep":32},{"distance":7.23,"mCalorie":0.33,"mOthersTime":0,"mRunTime":0,"mStartTime":82800000,"mTimeUnit":600000,"mWalkTime":6670,"runStep":0,"walkStep":10}],"version":1}