{"mAdaptiveGoal":0,"mIsGoalAchieved":false,"mIsMostActiveAchieved":false,"mMostActiveMinutes":0,"mStreakDayCount":0,"mUnitDataList":[{"distance":8.58,"mCalorie":0.36,"mOthersTime":0,"mRunTime":0,"mStartTime":7200000,"mTimeUnit":600000,"mWalkTime":7337,"runStep":0,"walkStep":11},{"distance":46.780003,"mCalorie":2.43,"mOthersTime":0,"mRunTime":0,"mStartTime":12600000,"mTimeUnit":600000,"mWalkTime":43355,"runStep":0,"walkStep":65},{"distance":56.120003,"mCalorie":2.82,"mOthersTime":0,"mRunTime":0,"mStartTime":14400000,"mTimeUnit":600000,"mWalkTime":52026,"runStep":0,"walkStep":78},{"distance":18.826,"mCalorie":0.9,"mOthersTime":0,"mRunTime":0,"mStartTime":15000000,"mTimeUnit":600000,"mWalkTime":18009,"runStep":0,"walkStep":27},{"distance":59.129997,"mCalorie":2.8999999,"mOthersTime":0,"mRunTime":0,"mStartTime":17400000,"mTimeUnit":600000,"mWalkTime":54694,"runStep":0,"walkStep":82},{"distance":17.005,"mCalorie":1.021,"mOthersTime":0,"mRunTime":2000,"mStartTime":18600000,"mTimeUnit":600000,"mWalkTime":10005,"runStep":5,"walkStep":15},{"distance":34.43,"mCalorie":1.86,"mOthersTime":0,"mRunTime":800,"mStartTime":32400000,"mTimeUnit":600000,"mWalkTime":30015,"runStep":2,"walkStep":45},{"distance":14.23,"mCalorie":0.66,"mOthersTime":0,"mRunTime":0,"mStartTime":36000000,"mTimeUnit":600000,"mWalkTime":11339,"runStep":0,"walkStep":17},{"distance":59.04,"mCalorie":2.86,"mOthersTime":0,"mRunTime":0,"mStartTime":36600000,"mTimeUnit":600000,"mWalkTime":50025,"runStep":0,"walkStep":75},{"distance":20.32,"mCalorie":1.13,"mOthersTime":0,"mRunTime":0,"mStartTime":40800000,"mTimeUnit":600000,"mWalkTime":18009,"runStep":0,"walkStep":27},{"distance":19.52,"mCalorie":1.02,"mOthersTime":0,"mRunTime":0,"mStartTime":41400000,"mTimeUnit":600000,"mWalkTime":18676,"runStep":0,"walkStep":28},{"distance":21.650002,"mCalorie":1.06,"mOthersTime":0,"mRunTime":2400,"mStartTime":42000000,"mTimeUnit":600000,"mWalkTime":14674,"runStep":6,"walkStep":22},{"distance":122.590004,"mCalorie":6.6499996,"mOthersTime":0,"mRunTime":0,"mStartTime":42600000,"mTimeUnit":600000,"mWalkTime":114724,"runStep":0,"walkStep":172},{"distance":143.93,"mCalorie":7.61,"mOthersTime":0,"mRunTime":0,"mStartTime":43200000,"mTimeUnit":600000,"mWalkTime":130065,"runStep":0,"walkStep":195},{"distance":170.87,"mCalorie":9.3,"mOthersTime":0,"mRunTime":0,"mStartTime":44400000,"mTimeUnit":600000,"mWalkTime":159413,"runStep":0,"walkStep":239},{"distance":255.08,"mCalorie":13.55,"mOthersTime":0,"mRunTime":0,"mStartTime":45000000,"mTimeUnit":600000,"mWalkTime":236785,"runStep":0,"walkStep":355},{"distance":32.629997,"mCalorie":1.67,"mOthersTime":0,"mRunTime":0,"mStartTime":45600000,"mTimeUnit":600000,"mWalkTime":29348,"runStep":0,"walkStep":44},{"distance":17.51,"mCalorie":0.87,"mOthersTime":0,"mRunTime":0,"mStartTime":46200000,"mTimeUnit":600000,"mWalkTime":16008,"runStep":0,"walkStep":24},{"distance":42.792,"mCalorie":2.44,"mOthersTime":0,"mRunTime":2000,"mStartTime":47400000,"mTimeUnit":600000,"mWalkTime":32683,"runStep":5,"walkStep":49},{"distance":55.865997,"mCalorie":3.1799998,"mOthersTime":0,"mRunTime":1600,"mStartTime":48000000,"mTimeUnit":600000,"mWalkTime":46023,"runStep":4,"walkStep":69},{"distance":30.650002,"mCalorie":1.52,"mOthersTime":0,"mRunTime":0,"mStartTime":49200000,"mTimeUnit":600000,"mWalkTime":27347,"runStep":0,"walkStep":41},{"distance":122.170006,"mCalorie":6.5800004,"mOthersTime":0,"mRunTime":0,"mStartTime":52200000,"mTimeUnit":600000,"mWalkTime":117392,"runStep":0,"walkStep":176},{"distance":111.82,"mCalorie":5.8999996,"mOthersTime":0,"mRunTime":0,"mStartTime":52800000,"mTimeUnit":600000,"mWalkTime":100050,"runStep":0,"walkStep":150},{"distance":17.43,"mCalorie":0.93,"mOthersTime":0,"mRunTime":0,"mStartTime":53400000,"mTimeUnit":600000,"mWalkTime":16675,"runStep":0,"walkStep":25},{"distance":80.749985,"mCalorie":4.3899994,"mOthersTime":0,"mRunTime":0,"mStartTime":54000000,"mTimeUnit":600000,"mWalkTime":75371,"runStep":0,"walkStep":113},{"distance":95.18,"mCalorie":5.01,"mOthersTime":0,"mRunTime":0,"mStartTime":55800000,"mTimeUnit":600000,"mWalkTime":86043,"runStep":0,"walkStep":129},{"distance":85.979996,"mCalorie":4.59,"mOthersTime":0,"mRunTime":0,"mStartTime":56400000,"mTimeUnit":600000,"mWalkTime":78706,"runStep":0,"walkStep":118},{"distance":106.630005,"mCalorie":5.28,"mOthersTime":0,"mRunTime":0,"mStartTime":57000000,"mTimeUnit":600000,"mWalkTime":97382,"runStep":0,"walkStep":146},{"distance":23.75,"mCalorie":1.24,"mOthersTime":0,"mRunTime":0,"mStartTime":58800000,"mTimeUnit":600000,"mWalkTime":22011,"runStep":0,"walkStep":33},{"distance":79.12,"mCalorie":4.0499997,"mOthersTime":0,"mRunTime":0,"mStartTime":59400000,"mTimeUnit":600000,"mWalkTime":72703,"runStep":0,"walkStep":109},{"distance":31.809,"mCalorie":1.8299999,"mOthersTime":0,"mRunTime":1600,"mStartTime":61800000,"mTimeUnit":600000,"mWalkTime":25346,"runStep":4,"walkStep":38},{"distance":52.8,"mCalorie":2.66,"mOthersTime":0,"mRunTime":0,"mStartTime":62400000,"mTimeUnit":600000,"mWalkTime":48024,"runStep":0,"walkStep":72},{"distance":27.4,"mCalorie":1.38,"mOthersTime":0,"mRunTime":0,"mStartTime":63600000,"mTimeUnit":600000,"mWalkTime":24679,"runStep":0,"walkStep":37},{"distance":5.61,"mCalorie":0.3,"mOthersTime":0,"mRunTime":0,"mStartTime":64200000,"mTimeUnit":600000,"mWalkTime":5336,"runStep":0,"walkStep":8},{"distance":66.770004,"mCalorie":3.38,"mOthersTime":0,"mRunTime":0,"mStartTime":64800000,"mTimeUnit":600000,"mWalkTime":60697,"runStep":0,"walkStep":91},{"distance":66.31,"mCalorie":3.31,"mOthersTime":0,"mRunTime":0,"mStartTime":65400000,"mTimeUnit":600000,"mWalkTime":60000,"runStep":0,"walkStep":91},{"distance":360.25998,"mCalorie":18.15,"mOthersTime":0,"mRunTime":0,"mStartTime":66000000,"mTimeUnit":600000,"mWalkTime":294087,"runStep":0,"walkStep":482},{"distance":196.045,"mCalorie":9.76,"mOthersTime":0,"mRunTime":1200,"mStartTime":66600000,"mTimeUnit":600000,"mWalkTime":173420,"runStep":3,"walkStep":260},{"distance":39.85,"mCalorie":1.84,"mOthersTime":0,"mRunTime":0,"mStartTime":67200000,"mTimeUnit":600000,"mWalkTime":36018,"runStep":0,"walkStep":54},{"distance":39.588,"mCalorie":1.8799999,"mOthersTime":0,"mRunTime":400,"mStartTime":67800000,"mTimeUnit":600000,"mWalkTime":32683,"runStep":1,"walkStep":49},{"distance":18.01,"mCalorie":0.98,"mOthersTime":0,"mRunTime":0,"mStartTime":68400000,"mTimeUnit":600000,"mWalkTime":16675,"runStep":0,"walkStep":25},{"distance":60.93,"mCalorie":3.09,"mOthersTime":0,"mRunTime":1200,"mStartTime":69000000,"mTimeUnit":600000,"mWalkTime":51359,"runStep":3,"walkStep":77},{"distance":166.91002,"mCalorie":8.12,"mOthersTime":0,"mRunTime":0,"mStartTime":69600000,"mTimeUnit":600000,"mWalkTime":152076,"runStep":0,"walkStep":228},{"distance":168.73001,"mCalorie":8.169999,"mOthersTime":0,"mRunTime":0,"mStartTime":70200000,"mTimeUnit":600000,"mWalkTime":150742,"runStep":0,"walkStep":226},{"distance":220.34,"mCalorie":11.2,"mOthersTime":0,"mRunTime":0,"mStartTime":70800000,"mTimeUnit":600000,"mWalkTime":192066,"runStep":0,"walkStep":298},{"distance":56.357002,"mCalorie":2.58,"mOthersTime":0,"mRunTime":0,"mStartTime":71400000,"mTimeUnit":600000,"mWalkTime":49358,"runStep":0,"walkStep":74},{"distance":6.53,"mCalorie":0.34,"mOthersTime":0,"mRunTime":0,"mStartTime":72000000,"mTimeUnit":600000,"mWalkTime":6003,"runStep":0,"walkStep":9},{"distance":8.87,"mCalorie":0.52,"mOthersTime":0,"mRunTime":0,"mStartTime":72600000,"mTimeUnit":600000,"mWalkTime":8671,"runStep":0,"walkStep":13},{"distance":61.727997,"mCalorie":3.14,"mOthersTime":0,"mRunTime":0,"mStartTime":73200000,"mTimeUnit":600000,"mWalkTime":56695,"runStep":0,"walkStep":85},{"distance":7.66,"mCalorie":0.44,"mOthersTime":0,"mRunTime":0,"mStartTime":74400000,"mTimeUnit":600000,"mWalkTime":7337,"runStep":0,"walkStep":11},{"distance":11.4,"mCalorie":0.62,"mOthersTime":0,"mRunTime":0,"mStartTime":75000000,"mTimeUnit":600000,"mWalkTime":10672,"runStep":0,"walkStep":16},{"distance":14.1,"mCalorie":0.71,"mOthersTime":0,"mRunTime":0,"mStartTime":75600000,"mTimeUnit":600000,"mWalkTime":13340,"runStep":0,"walkStep":20},{"distance":66.61,"mCalorie":3.17,"mOthersTime":0,"mRunTime":0,"mStartTime":79200000,"mTimeUnit":600000,"mWalkTime":59363,"runStep":0,"walkStep":89}],"version":1}