{"mAdaptiveGoal":0,"mIsGoalAchieved":false,"mIsMostActiveAchieved":false,"mMostActiveMinutes":0,"mStreakDayCount":0,"mUnitDataList":[{"distance":10.82,"mCalorie":0.51,"mOthersTime":0,"mRunTime":0,"mStartTime":10200000,"mTimeUnit":600000,"mWalkTime":9338,"runStep":0,"walkStep":14},{"distance":49.82,"mCalorie":2.49,"mOthersTime":0,"mRunTime":1200,"mStartTime":14400000,"mTimeUnit":600000,"mWalkTime":39353,"runStep":3,"walkStep":59},{"distance":184.48001,"mCalorie":9.75,"mOthersTime":0,"mRunTime":5600,"mStartTime":15000000,"mTimeUnit":600000,"mWalkTime":156745,"runStep":14,"walkStep":235},{"distance":45.620003,"mCalorie":2.12,"mOthersTime":0,"mRunTime":0,"mStartTime":15600000,"mTimeUnit":600000,"mWalkTime":41354,"runStep":0,"walkStep":62},{"distance":15.09,"mCalorie":0.75,"mOthersTime":0,"mRunTime":0,"mStartTime":16200000,"mTimeUnit":600000,"mWalkTime":13340,"runStep":0,"walkStep":20},{"distance":4.78,"mCalorie":0.27,"mOthersTime":0,"mRunTime":0,"mStartTime":16800000,"mTimeUnit":600000,"mWalkTime":4669,"runStep":0,"walkStep":7},{"distance":24.67,"mCalorie":1.16,"mOthersTime":0,"mRunTime":0,"mStartTime":18000000,"mTimeUnit":600000,"mWalkTime":22678,"runStep":0,"walkStep":34},{"distance":105.61,"mCalorie":5.2000003,"mOthersTime":0,"mRunTime":0,"mStartTime":18600000,"mTimeUnit":600000,"mWalkTime":96715,"runStep":0,"walkStep":145},{"distance":10.59,"mCalorie":0.56,"mOthersTime":0,"mRunTime":0,"mStartTime":19200000,"mTimeUnit":600000,"mWalkTime":10005,"runStep":0,"walkStep":15},{"distance":10.35,"mCalorie":0.62,"mOthersTime":0,"mRunTime":0,"mStartTime":21000000,"mTimeUnit":600000,"mWalkTime":6670,"runStep":0,"walkStep":10},{"distance":8.45,"mCalorie":0.53,"mOthersTime":0,"mRunTime":0,"mStartTime":27600000,"mTimeUnit":600000,"mWalkTime":6670,"runStep":0,"walkStep":10},{"distance":25.3,"mCalorie":1.34,"mOthersTime":0,"mRunTime":0,"mStartTime":31800000,"mTimeUnit":600000,"mWalkTime":24012,"runStep":0,"walkStep":36},{"distance":35.61,"mCalorie":1.82,"mOthersTime":0,"mRunTime":400,"mStartTime":32400000,"mTimeUnit":600000,"mWalkTime":29348,"runStep":1,"walkStep":44},{"distance":111.6,"mCalorie":5.7099996,"mOthersTime":0,"mRunTime":0,"mStartTime":34200000,"mTimeUnit":600000,"mWalkTime":102051,"runStep":0,"walkStep":153},{"distance":238.2,"mCalorie":12.16,"mOthersTime":0,"mRunTime":0,"mStartTime":34800000,"mTimeUnit":600000,"mWalkTime":220110,"runStep":0,"walkStep":330},{"distance":13.17,"mCalorie":0.56,"mOthersTime":0,"mRunTime":0,"mStartTime":35400000,"mTimeUnit":600000,"mWalkTime":11339,"runStep":0,"walkStep":17},{"distance":273.38998,"mCalorie":13.24,"mOthersTime":0,"mRunTime":0,"mStartTime":36000000,"mTimeUnit":600000,"mWalkTime":223385,"runStep":0,"walkStep":359},{"distance":132.53,"mCalorie":6.26,"mOthersTime":0,"mRunTime":0,"mStartTime":36600000,"mTimeUnit":600000,"mWalkTime":118059,"runStep":0,"walkStep":177},{"distance":36.38,"mCalorie":1.92,"mOthersTime":0,"mRunTime":0,"mStartTime":37200000,"mTimeUnit":600000,"mWalkTime":33350,"runStep":0,"walkStep":50},{"distance":210.84,"mCalorie":10.45,"mOthersTime":0,"mRunTime":1200,"mStartTime":37800000,"mTimeUnit":600000,"mWalkTime":184092,"runStep":3,"walkStep":276},{"distance":143.11,"mCalorie":6.44,"mOthersTime":0,"mRunTime":0,"mStartTime":38400000,"mTimeUnit":600000,"mWalkTime":110692,"runStep":0,"walkStep":190},{"distance":104.1,"mCalorie":5.35,"mOthersTime":0,"mRunTime":0,"mStartTime":39000000,"mTimeUnit":600000,"mWalkTime":94714,"runStep":0,"walkStep":142},{"distance":243.45999,"mCalorie":11.92,"mOthersTime":0,"mRunTime":2400,"mStartTime":39600000,"mTimeUnit":600000,"mWalkTime":206073,"runStep":6,"walkStep":314},{"distance":5.08,"mCalorie":0.25,"mOthersTime":0,"mRunTime":0,"mStartTime":40200000,"mTimeUnit":600000,"mWalkTime":4669,"runStep":0,"walkStep":7},{"distance":282.22,"mCalorie":15.11,"mOthersTime":0,"mRunTime":0,"mStartTime":40800000,"mTimeUnit":600000,"mWalkTime":264799,"runStep":0,"walkStep":397},{"distance":104.369995,"mCalorie":5.2400002,"mOthersTime":0,"mRunTime":0,"mStartTime":41400000,"mTimeUnit":600000,"mWalkTime":94714,"runStep":0,"walkStep":142},{"distance":24.76,"mCalorie":1.47,"mOthersTime":0,"mRunTime":0,"mStartTime":42000000,"mTimeUnit":600000,"mWalkTime":23345,"runStep":0,"walkStep":35},{"distance":20.06,"mCalorie":1.11,"mOthersTime":0,"mRunTime":0,"mStartTime":43200000,"mTimeUnit":600000,"mWalkTime":18676,"runStep":0,"walkStep":28},{"distance":19.21,"mCalorie":1.0,"mOthersTime":0,"mRunTime":0,"mStartTime":43800000,"mTimeUnit":600000,"mWalkTime":17342,"runStep":0,"walkStep":26},{"distance":23.13,"mCalorie":1.1,"mOthersTime":0,"mRunTime":0,"mStartTime":45000000,"mTimeUnit":600000,"mWalkTime":21344,"runStep":0,"walkStep":32},{"distance":36.67,"mCalorie":1.81,"mOthersTime":0,"mRunTime":0,"mStartTime":45600000,"mTimeUnit":600000,"mWalkTime":33350,"runStep":0,"walkStep":50},{"distance":120.979996,"mCalorie":6.63,"mOthersTime":0,"mRunTime":4400,"mStartTime":46200000,"mTimeUnit":600000,"mWalkTime":108721,"runStep":11,"walkStep":163},{"distance":470.44998,"mCalorie":25.079998,"mOthersTime":0,"mRunTime":0,"mStartTime":46800000,"mTimeUnit":600000,"mWalkTime":382708,"runStep":0,"walkStep":649},{"distance":33.25,"mCalorie":1.72,"mOthersTime":0,"mRunTime":0,"mStartTime":48000000,"mTimeUnit":600000,"mWalkTime":30682,"runStep":0,"walkStep":46},{"distance":73.689995,"mCalorie":3.8099997,"mOthersTime":0,"mRunTime":0,"mStartTime":49200000,"mTimeUnit":600000,"mWalkTime":67367,"runStep":0,"walkStep":101},{"distance":354.35104,"mCalorie":17.64,"mOthersTime":0,"mRunTime":0,"mStartTime":49800000,"mTimeUnit":600000,"mWalkTime":263345,"runStep":0,"walkStep":486},{"distance":140.93001,"mCalorie":7.0,"mOthersTime":0,"mRunTime":0,"mStartTime":50400000,"mTimeUnit":600000,"mWalkTime":125396,"runStep":0,"walkStep":188},{"distance":41.14,"mCalorie":2.17,"mOthersTime":0,"mRunTime":0,"mStartTime":51000000,"mTimeUnit":600000,"mWalkTime":37352,"runStep":0,"walkStep":56},{"distance":26.02,"mCalorie":1.22,"mOthersTime":0,"mRunTime":0,"mStartTime":52200000,"mTimeUnit":600000,"mWalkTime":22678,"runStep":0,"walkStep":34},{"distance":31.84,"mCalorie":1.4100001,"mOthersTime":0,"mRunTime":0,"mStartTime":52800000,"mTimeUnit":600000,"mWalkTime":28014,"runStep":0,"walkStep":42},{"distance":195.04,"mCalorie":9.759999,"mOthersTime":0,"mRunTime":0,"mStartTime":53400000,"mTimeUnit":600000,"mWalkTime":178089,"runStep":0,"walkStep":267},{"distance":247.86,"mCalorie":12.94,"mOthersTime":0,"mRunTime":0,"mStartTime":54000000,"mTimeUnit":600000,"mWalkTime":230782,"runStep":0,"walkStep":346},{"distance":110.47,"mCalorie":5.31,"mOthersTime":0,"mRunTime":0,"mStartTime":54600000,"mTimeUnit":600000,"mWalkTime":99383,"runStep":0,"walkStep":149},{"distance":54.9,"mCalorie":2.85,"mOthersTime":0,"mRunTime":0,"mStartTime":55200000,"mTimeUnit":600000,"mWalkTime":52026,"runStep":0,"walkStep":78},{"distance":8.02,"mCalorie":0.41,"mOthersTime":0,"mRunTime":0,"mStartTime":57000000,"mTimeUnit":600000,"mWalkTime":7337,"runStep":0,"walkStep":11},{"distance":12.82,"mCalorie":0.69,"mOthersTime":0,"mRunTime":0,"mStartTime":57600000,"mTimeUnit":600000,"mWalkTime":11339,"runStep":0,"walkStep":17},{"distance":27.27,"mCalorie":1.39,"mOthersTime":0,"mRunTime":0,"mStartTime":58200000,"mTimeUnit":600000,"mWalkTime":24679,"runStep":0,"walkStep":37},{"distance":152.53,"mCalorie":9.41,"mOthersTime":0,"mRunTime":3600,"mStartTime":58800000,"mTimeUnit":600000,"mWalkTime":144739,"runStep":9,"walkStep":217},{"distance":30.080002,"mCalorie":1.56,"mOthersTime":0,"mRunTime":0,"mStartTime":59400000,"mTimeUnit":600000,"mWalkTime":27347,"runStep":0,"walkStep":41},{"distance":253.27,"mCalorie":12.23,"mOthersTime":0,"mRunTime":0,"mStartTime":60000000,"mTimeUnit":600000,"mWalkTime":224749,"runStep":0,"walkStep":338},{"distance":204.28001,"mCalorie":10.690001,"mOthersTime":0,"mRunTime":0,"mStartTime":60600000,"mTimeUnit":600000,"mWalkTime":186760,"runStep":0,"walkStep":280},{"distance":203.68001,"mCalorie":10.75,"mOthersTime":0,"mRunTime":0,"mStartTime":61200000,"mTimeUnit":600000,"mWalkTime":187427,"runStep":0,"walkStep":281},{"distance":58.670006,"mCalorie":3.13,"mOthersTime":0,"mRunTime":0,"mStartTime":61800000,"mTimeUnit":600000,"mWalkTime":54694,"runStep":0,"walkStep":82},{"distance":85.100006,"mCalorie":4.38,"mOthersTime":0,"mRunTime":400,"mStartTime":62400000,"mTimeUnit":600000,"mWalkTime":76038,"runStep":1,"walkStep":114},{"distance":8.07,"mCalorie":0.35,"mOthersTime":0,"mRunTime":0,"mStartTime":63000000,"mTimeUnit":600000,"mWalkTime":6670,"runStep":0,"walkStep":10},{"distance":46.84,"mCalorie":2.48,"mOthersTime":0,"mRunTime":0,"mStartTime":63600000,"mTimeUnit":600000,"mWalkTime":43355,"runStep":0,"walkStep":65},{"distance":41.89,"mCalorie":2.13,"mOthersTime":0,"mRunTime":0,"mStartTime":64200000,"mTimeUnit":600000,"mWalkTime":38019,"runStep":0,"walkStep":57},{"distance":393.58997,"mCalorie":20.669998,"mOthersTime":0,"mRunTime":0,"mStartTime":64800000,"mTimeUnit":600000,"mWalkTime":326073,"runStep":0,"walkStep":542},{"distance":247.35999,"mCalorie":12.429999,"mOthersTime":0,"mRunTime":0,"mStartTime":65400000,"mTimeUnit":600000,"mWalkTime":222778,"runStep":0,"walkStep":334},{"distance":6.75,"mCalorie":0.33,"mOthersTime":0,"mRunTime":0,"mStartTime":66000000,"mTimeUnit":600000,"mWalkTime":6003,"runStep":0,"walkStep":9},{"distance":27.08,"mCalorie":1.26,"mOthersTime":0,"mRunTime":0,"mStartTime":69600000,"mTimeUnit":600000,"mWalkTime":24679,"runStep":0,"walkStep":37},{"distance":6.12,"mCalorie":0.28,"mOthersTime":0,"mRunTime":0,"mStartTime":70200000,"mTimeUnit":600000,"mWalkTime":5336,"runStep":0,"walkStep":8},{"distance":13.13,"mCalorie":0.6,"mOthersTime":0,"mRunTime":0,"mStartTime":73200000,"mTimeUnit":600000,"mWalkTime":10672,"runStep":0,"walkStep":16},{"distance":114.53,"mCalorie":5.87,"mOthersTime":0,"mRunTime":0,"mStartTime":73800000,"mTimeUnit":600000,"mWalkTime":108721,"runStep":0,"walkStep":163},{"distance":112.869995,"mCalorie":7.21,"mOthersTime":0,"mRunTime":0,"mStartTime":75000000,"mTimeUnit":600000,"mWalkTime":118059,"runStep":0,"walkStep":177},{"distance":75.62999,"mCalorie":3.77,"mOthersTime":0,"mRunTime":800,"mStartTime":76200000,"mTimeUnit":600000,"mWalkTime":66033,"runStep":2,"walkStep":99},{"distance":21.12,"mCalorie":0.97,"mOthersTime":0,"mRunTime":0,"mStartTime":76800000,"mTimeUnit":600000,"mWalkTime":18676,"runStep":0,"walkStep":28},{"distance":8.22,"mCalorie":0.44,"mOthersTime":0,"mRunTime":0,"mStartTime":77400000,"mTimeUnit":600000,"mWalkTime":8004,"runStep":0,"walkStep":12},{"distance":84.380005,"mCalorie":3.9900002,"mOthersTime":0,"mRunTime":0,"mStartTime":78000000,"mTimeUnit":600000,"mWalkTime":74037,"runStep":0,"walkStep":111},{"distance":43.2,"mCalorie":2.12,"mOthersTime":0,"mRunTime":0,"mStartTime":78600000,"mTimeUnit":600000,"mWalkTime":39353,"runStep":0,"walkStep":59},{"distance":22.11,"mCalorie":1.15,"mOthersTime":0,"mRunTime":0,"mStartTime":79200000,"mTimeUnit":600000,"mWalkTime":20677,"runStep":0,"walkStep":31},{"distance":19.84,"mCalorie":0.86,"mOthersTime":0,"mRunTime":0,"mStartTime":80400000,"mTimeUnit":600000,"mWalkTime":17342,"runStep":0,"walkStep":26},{"distance":112.608,"mCalorie":5.79,"mOthersTime":0,"mRunTime":0,"mStartTime":81000000,"mTimeUnit":600000,"mWalkTime":114724,"runStep":0,"walkStep":172},{"distance":48.410004,"mCalorie":2.57,"mOthersTime":0,"mRunTime":0,"mStartTime":81600000,"mTimeUnit":600000,"mWalkTime":44689,"runStep":0,"walkStep":67},{"distance":15.64,"mCalorie":0.84,"mOthersTime":0,"mRunTime":0,"mStartTime":82200000,"mTimeUnit":600000,"mWalkTime":14674,"runStep":0,"walkStep":22},{"distance":6.58,"mCalorie":0.45,"mOthersTime":0,"mRunTime":0,"mStartTime":82800000,"mTimeUnit":600000,"mWalkTime":6670,"runStep":0,"walkStep":10},{"distance":34.920002,"mCalorie":1.76,"mOthersTime":0,"mRunTime":0,"mStartTime":84000000,"mTimeUnit":600000,"mWalkTime":31349,"runStep":0,"walkStep":47},{"distance":122.03,"mCalorie":6.88,"mOthersTime":0,"mRunTime":0,"mStartTime":84600000,"mTimeUnit":600000,"mWalkTime":114057,"runStep":0,"walkStep":171},{"distance":135.721,"mCalorie":8.25,"mOthersTime":0,"mRunTime":12400,"mStartTime":85200000,"mTimeUnit":600000,"mWalkTime":116058,"runStep":31,"walkStep":174},{"distance":39.77,"mCalorie":2.01,"mOthersTime":0,"mRunTime":2400,"mStartTime":85800000,"mTimeUnit":600000,"mWalkTime":28681,"runStep":6,"walkStep":43}],"version":1}