{"mActivityList":[{"mActiveTime":2663461,"mActiveTimeType":0,"mCalorie":262.0,"mCategory":204,"mDetailInfoId":"a7c43cb2-b9d0-28a8-5d21-f9c04858629c","mDistance":3276.429,"mDuration":2663461,"mEndTime":73218944,"mStartTime":70555483,"mType":1001}],"mAdaptiveGoal":0,"mIsGoalAchieved":false,"mIsMostActiveAchieved":false,"mMostActiveMinutes":0,"mStreakDayCount":0,"mUnitDataList":[{"distance":17.03,"mCalorie":0.87,"mOthersTime":0,"mRunTime":0,"mStartTime":17400000,"mTimeUnit":600000,"mWalkTime":14674,"runStep":0,"walkStep":22},{"distance":141.8,"mCalorie":7.04,"mOthersTime":0,"mRunTime":0,"mStartTime":18000000,"mTimeUnit":600000,"mWalkTime":132733,"runStep":0,"walkStep":199},{"distance":362.77002,"mCalorie":17.359999,"mOthersTime":0,"mRunTime":0,"mStartTime":18600000,"mTimeUnit":600000,"mWalkTime":296695,"runStep":0,"walkStep":507},{"distance":153.11,"mCalorie":7.21,"mOthersTime":0,"mRunTime":0,"mStartTime":20400000,"mTimeUnit":600000,"mWalkTime":128701,"runStep":0,"walkStep":204},{"distance":206.54999,"mCalorie":11.749999,"mOthersTime":0,"mRunTime":0,"mStartTime":21000000,"mTimeUnit":600000,"mWalkTime":179363,"runStep":0,"walkStep":297},{"distance":223.56999,"mCalorie":10.75,"mOthersTime":0,"mRunTime":0,"mStartTime":21600000,"mTimeUnit":600000,"mWalkTime":184729,"runStep":0,"walkStep":297},{"distance":59.88,"mCalorie":2.8,"mOthersTime":0,"mRunTime":0,"mStartTime":22200000,"mTimeUnit":600000,"mWalkTime":54027,"runStep":0,"walkStep":81},{"distance":37.89,"mCalorie":1.77,"mOthersTime":0,"mRunTime":0,"mStartTime":22800000,"mTimeUnit":600000,"mWalkTime":32016,"runStep":0,"walkStep":48},{"distance":30.87,"mCalorie":1.53,"mOthersTime":0,"mRunTime":0,"mStartTime":24000000,"mTimeUnit":600000,"mWalkTime":28681,"runStep":0,"walkStep":43},{"distance":157.95999,"mCalorie":7.5099998,"mOthersTime":0,"mRunTime":2000,"mStartTime":24600000,"mTimeUnit":600000,"mWalkTime":134067,"runStep":5,"walkStep":201},{"distance":168.39,"mCalorie":8.05,"mOthersTime":0,"mRunTime":0,"mStartTime":25200000,"mTimeUnit":600000,"mWalkTime":142041,"runStep":0,"walkStep":225},{"distance":34.67,"mCalorie":1.61,"mOthersTime":0,"mRunTime":0,"mStartTime":25800000,"mTimeUnit":600000,"mWalkTime":31349,"runStep":0,"walkStep":47},{"distance":42.89,"mCalorie":2.19,"mOthersTime":0,"mRunTime":0,"mStartTime":26400000,"mTimeUnit":600000,"mWalkTime":38019,"runStep":0,"walkStep":57},{"distance":41.619003,"mCalorie":2.19,"mOthersTime":0,"mRunTime":0,"mStartTime":31800000,"mTimeUnit":600000,"mWalkTime":37352,"runStep":0,"walkStep":56},{"distance":17.681,"mCalorie":0.77,"mOthersTime":0,"mRunTime":0,"mStartTime":32400000,"mTimeUnit":600000,"mWalkTime":16008,"runStep":0,"walkStep":24},{"distance":17.029999,"mCalorie":0.78999996,"mOthersTime":0,"mRunTime":0,"mStartTime":33000000,"mTimeUnit":600000,"mWalkTime":15341,"runStep":0,"walkStep":23},{"distance":4.37,"mCalorie":0.22,"mOthersTime":0,"mRunTime":0,"mStartTime":33600000,"mTimeUnit":600000,"mWalkTime":4002,"runStep":0,"walkStep":6},{"distance":38.78,"mCalorie":1.95,"mOthersTime":0,"mRunTime":0,"mStartTime":34800000,"mTimeUnit":600000,"mWalkTime":33350,"runStep":0,"walkStep":50},{"distance":20.26,"mCalorie":1.13,"mOthersTime":0,"mRunTime":0,"mStartTime":35400000,"mTimeUnit":600000,"mWalkTime":16675,"runStep":0,"walkStep":25},{"distance":21.78,"mCalorie":1.19,"mOthersTime":0,"mRunTime":0,"mStartTime":36000000,"mTimeUnit":600000,"mWalkTime":18676,"runStep":0,"walkStep":28},{"distance":18.14,"mCalorie":0.92,"mOthersTime":0,"mRunTime":0,"mStartTime":36600000,"mTimeUnit":600000,"mWalkTime":16675,"runStep":0,"walkStep":25},{"distance":78.319,"mCalorie":3.75,"mOthersTime":0,"mRunTime":0,"mStartTime":37200000,"mTimeUnit":600000,"mWalkTime":67367,"runStep":0,"walkStep":101},{"distance":91.67,"mCalorie":4.39,"mOthersTime":0,"mRunTime":0,"mStartTime":37800000,"mTimeUnit":600000,"mWalkTime":79373,"runStep":0,"walkStep":119},{"distance":9.73,"mCalorie":0.42,"mOthersTime":0,"mRunTime":0,"mStartTime":38400000,"mTimeUnit":600000,"mWalkTime":8004,"runStep":0,"walkStep":12},{"distance":15.48,"mCalorie":0.7,"mOthersTime":0,"mRunTime":0,"mStartTime":39000000,"mTimeUnit":600000,"mWalkTime":14007,"runStep":0,"walkStep":21},{"distance":40.39,"mCalorie":1.85,"mOthersTime":0,"mRunTime":0,"mStartTime":39600000,"mTimeUnit":600000,"mWalkTime":36018,"runStep":0,"walkStep":54},{"distance":47.66,"mCalorie":2.3700001,"mOthersTime":0,"mRunTime":0,"mStartTime":40200000,"mTimeUnit":600000,"mWalkTime":42688,"runStep":0,"walkStep":64},{"distance":42.199997,"mCalorie":3.0700002,"mOthersTime":0,"mRunTime":0,"mStartTime":40800000,"mTimeUnit":600000,"mWalkTime":42021,"runStep":0,"walkStep":63},{"distance":7.45,"mCalorie":0.43,"mOthersTime":0,"mRunTime":0,"mStartTime":42600000,"mTimeUnit":600000,"mWalkTime":7337,"runStep":0,"walkStep":11},{"distance":8.14,"mCalorie":0.46,"mOthersTime":0,"mRunTime":0,"mStartTime":43800000,"mTimeUnit":600000,"mWalkTime":8004,"runStep":0,"walkStep":12},{"distance":40.22,"mCalorie":1.97,"mOthersTime":0,"mRunTime":1200,"mStartTime":44400000,"mTimeUnit":600000,"mWalkTime":33350,"runStep":3,"walkStep":50},{"distance":15.509,"mCalorie":0.78999996,"mOthersTime":0,"mRunTime":400,"mStartTime":45000000,"mTimeUnit":600000,"mWalkTime":13340,"runStep":1,"walkStep":20},{"distance":40.870003,"mCalorie":2.3400002,"mOthersTime":0,"mRunTime":2400,"mStartTime":45600000,"mTimeUnit":600000,"mWalkTime":29348,"runStep":6,"walkStep":44},{"distance":143.76,"mCalorie":7.3,"mOthersTime":0,"mRunTime":0,"mStartTime":46200000,"mTimeUnit":600000,"mWalkTime":137402,"runStep":0,"walkStep":206},{"distance":165.56,"mCalorie":7.8,"mOthersTime":0,"mRunTime":0,"mStartTime":46800000,"mTimeUnit":600000,"mWalkTime":146073,"runStep":0,"walkStep":219},{"distance":460.67004,"mCalorie":24.069998,"mOthersTime":0,"mRunTime":2800,"mStartTime":47400000,"mTimeUnit":600000,"mWalkTime":378069,"runStep":7,"walkStep":621},{"distance":10.81,"mCalorie":0.54,"mOthersTime":0,"mRunTime":0,"mStartTime":48000000,"mTimeUnit":600000,"mWalkTime":10005,"runStep":0,"walkStep":15},{"distance":34.31,"mCalorie":2.12,"mOthersTime":0,"mRunTime":0,"mStartTime":48600000,"mTimeUnit":600000,"mWalkTime":32683,"runStep":0,"walkStep":49},{"distance":17.27,"mCalorie":0.91,"mOthersTime":0,"mRunTime":0,"mStartTime":49200000,"mTimeUnit":600000,"mWalkTime":16008,"runStep":0,"walkStep":24},{"distance":345.05,"mCalorie":18.739998,"mOthersTime":0,"mRunTime":0,"mStartTime":49800000,"mTimeUnit":600000,"mWalkTime":285386,"runStep":0,"walkStep":480},{"distance":98.380005,"mCalorie":5.22,"mOthersTime":0,"mRunTime":0,"mStartTime":50400000,"mTimeUnit":600000,"mWalkTime":92046,"runStep":0,"walkStep":138},{"distance":84.64,"mCalorie":4.57,"mOthersTime":0,"mRunTime":0,"mStartTime":51000000,"mTimeUnit":600000,"mWalkTime":79373,"runStep":0,"walkStep":119},{"distance":132.81999,"mCalorie":6.46,"mOthersTime":0,"mRunTime":0,"mStartTime":52800000,"mTimeUnit":600000,"mWalkTime":118696,"runStep":0,"walkStep":179},{"distance":95.659996,"mCalorie":4.73,"mOthersTime":0,"mRunTime":0,"mStartTime":53400000,"mTimeUnit":600000,"mWalkTime":86710,"runStep":0,"walkStep":130},{"distance":11.4,"mCalorie":0.72,"mOthersTime":0,"mRunTime":2400,"mStartTime":54000000,"mTimeUnit":600000,"mWalkTime":4669,"runStep":6,"walkStep":7},{"distance":31.93,"mCalorie":1.55,"mOthersTime":0,"mRunTime":0,"mStartTime":54600000,"mTimeUnit":600000,"mWalkTime":29348,"runStep":0,"walkStep":44},{"distance":59.93999,"mCalorie":3.2099993,"mOthersTime":0,"mRunTime":0,"mStartTime":55800000,"mTimeUnit":600000,"mWalkTime":55361,"runStep":0,"walkStep":83},{"distance":11.11,"mCalorie":0.56,"mOthersTime":0,"mRunTime":0,"mStartTime":57000000,"mTimeUnit":600000,"mWalkTime":10672,"runStep":0,"walkStep":16},{"distance":54.59,"mCalorie":2.86,"mOthersTime":0,"mRunTime":0,"mStartTime":58200000,"mTimeUnit":600000,"mWalkTime":51359,"runStep":0,"walkStep":77},{"distance":123.51001,"mCalorie":6.45,"mOthersTime":0,"mRunTime":0,"mStartTime":58800000,"mTimeUnit":600000,"mWalkTime":120060,"runStep":0,"walkStep":180},{"distance":201.38002,"mCalorie":10.830001,"mOthersTime":0,"mRunTime":0,"mStartTime":59400000,"mTimeUnit":600000,"mWalkTime":187427,"runStep":0,"walkStep":281},{"distance":348.50998,"mCalorie":18.929998,"mOthersTime":0,"mRunTime":0,"mStartTime":60000000,"mTimeUnit":600000,"mWalkTime":290055,"runStep":0,"walkStep":482},{"distance":165.51001,"mCalorie":8.579999,"mOthersTime":0,"mRunTime":0,"mStartTime":61800000,"mTimeUnit":600000,"mWalkTime":151409,"runStep":0,"walkStep":227},{"distance":72.76,"mCalorie":3.78,"mOthersTime":0,"mRunTime":1600,"mStartTime":62400000,"mTimeUnit":600000,"mWalkTime":62698,"runStep":4,"walkStep":94},{"distance":7.18,"mCalorie":0.36,"mOthersTime":0,"mRunTime":0,"mStartTime":63000000,"mTimeUnit":600000,"mWalkTime":6670,"runStep":0,"walkStep":10},{"distance":168.06999,"mCalorie":8.979999,"mOthersTime":0,"mRunTime":400,"mStartTime":63600000,"mTimeUnit":600000,"mWalkTime":142041,"runStep":1,"walkStep":224},{"distance":296.61002,"mCalorie":15.93,"mOthersTime":0,"mRunTime":0,"mStartTime":64200000,"mTimeUnit":600000,"mWalkTime":253370,"runStep":0,"walkStep":413},{"distance":114.82001,"mCalorie":5.62,"mOthersTime":0,"mRunTime":0,"mStartTime":64800000,"mTimeUnit":600000,"mWalkTime":102718,"runStep":0,"walkStep":154},{"distance":7.81,"mCalorie":0.4,"mOthersTime":0,"mRunTime":0,"mStartTime":65400000,"mTimeUnit":600000,"mWalkTime":7337,"runStep":0,"walkStep":11},{"distance":7.08,"mCalorie":0.38,"mOthersTime":0,"mRunTime":0,"mStartTime":66600000,"mTimeUnit":600000,"mWalkTime":6670,"runStep":0,"walkStep":10},{"distance":14.76,"mCalorie":0.87,"mOthersTime":0,"mRunTime":0,"mStartTime":68400000,"mTimeUnit":600000,"mWalkTime":13340,"runStep":0,"walkStep":20},{"distance":356.85123,"mCalorie":26.934742,"mOthersTime":0,"mRunTime":0,"mStartTime":70200000,"mTimeUnit":600000,"mWalkTime":296055,"runStep":0,"walkStep":468},{"distance":738.0838,"mCalorie":59.02095,"mOthersTime":0,"mRunTime":0,"mStartTime":70800000,"mTimeUnit":600000,"mWalkTime":600000,"runStep":0,"walkStep":1039},{"distance":738.0838,"mCalorie":59.02095,"mOthersTime":0,"mRunTime":0,"mStartTime":71400000,"mTimeUnit":600000,"mWalkTime":600000,"runStep":0,"walkStep":1060},{"distance":738.0838,"mCalorie":59.02095,"mOthersTime":0,"mRunTime":0,"mStartTime":72000000,"mTimeUnit":600000,"mWalkTime":600000,"runStep":0,"walkStep":1044},{"distance":738.0838,"mCalorie":59.02095,"mOthersTime":0,"mRunTime":0,"mStartTime":72600000,"mTimeUnit":600000,"mWalkTime":600000,"runStep":0,"walkStep":985},{"distance":48.553764,"mCalorie":3.213488,"mOthersTime":0,"mRunTime":0,"mStartTime":73200000,"mTimeUnit":600000,"mWalkTime":42289,"runStep":0,"walkStep":35},{"distance":16.26,"mCalorie":0.8,"mOthersTime":0,"mRunTime":0,"mStartTime":73800000,"mTimeUnit":600000,"mWalkTime":14674,"runStep":0,"walkStep":22},{"distance":54.29,"mCalorie":2.63,"mOthersTime":0,"mRunTime":0,"mStartTime":74400000,"mTimeUnit":600000,"mWalkTime":46023,"runStep":0,"walkStep":69},{"distance":55.560005,"mCalorie":3.3400002,"mOthersTime":0,"mRunTime":1600,"mStartTime":75000000,"mTimeUnit":600000,"mWalkTime":41354,"runStep":4,"walkStep":62},{"distance":26.11,"mCalorie":1.4100001,"mOthersTime":0,"mRunTime":0,"mStartTime":75600000,"mTimeUnit":600000,"mWalkTime":25346,"runStep":0,"walkStep":38},{"distance":98.511,"mCalorie":5.12,"mOthersTime":0,"mRunTime":3200,"mStartTime":77400000,"mTimeUnit":600000,"mWalkTime":81374,"runStep":8,"walkStep":122},{"distance":62.059,"mCalorie":3.35,"mOthersTime":0,"mRunTime":0,"mStartTime":78000000,"mTimeUnit":600000,"mWalkTime":64699,"runStep":0,"walkStep":97},{"distance":480.70102,"mCalorie":23.44,"mOthersTime":0,"mRunTime":0,"mStartTime":78600000,"mTimeUnit":600000,"mWalkTime":423425,"runStep":0,"walkStep":668},{"distance":25.060001,"mCalorie":1.27,"mOthersTime":0,"mRunTime":0,"mStartTime":79800000,"mTimeUnit":600000,"mWalkTime":23345,"runStep":0,"walkStep":35},{"distance":115.58,"mCalorie":5.4199996,"mOthersTime":0,"mRunTime":0,"mStartTime":81600000,"mTimeUnit":600000,"mWalkTime":98049,"runStep":0,"walkStep":147},{"distance":284.229,"mCalorie":14.9,"mOthersTime":0,"mRunTime":0,"mStartTime":82200000,"mTimeUnit":600000,"mWalkTime":244032,"runStep":0,"walkStep":396},{"distance":127.93,"mCalorie":6.7500005,"mOthersTime":0,"mRunTime":400,"mStartTime":82800000,"mTimeUnit":600000,"mWalkTime":118059,"runStep":1,"walkStep":177},{"distance":8.99,"mCalorie":0.46,"mOthersTime":0,"mRunTime":0,"mStartTime":83400000,"mTimeUnit":600000,"mWalkTime":8671,"runStep":0,"walkStep":13}],"version":1}