{"mAdaptiveGoal":0,"mIsGoalAchieved":false,"mIsMostActiveAchieved":false,"mMostActiveMinutes":0,"mStreakDayCount":0,"mUnitDataList":[{"distance":8.78,"mCalorie":0.44,"mOthersTime":0,"mRunTime":0,"mStartTime":8400000,"mTimeUnit":600000,"mWalkTime":8004,"runStep":0,"walkStep":12},{"distance":9.42,"mCalorie":0.42,"mOthersTime":0,"mRunTime":0,"mStartTime":15600000,"mTimeUnit":600000,"mWalkTime":8004,"runStep":0,"walkStep":12},{"distance":16.94,"mCalorie":0.75,"mOthersTime":0,"mRunTime":0,"mStartTime":24000000,"mTimeUnit":600000,"mWalkTime":14674,"runStep":0,"walkStep":22},{"distance":19.650002,"mCalorie":1.24,"mOthersTime":0,"mRunTime":800,"mStartTime":24600000,"mTimeUnit":600000,"mWalkTime":15341,"runStep":2,"walkStep":23},{"distance":43.059998,"mCalorie":2.12,"mOthersTime":0,"mRunTime":0,"mStartTime":25200000,"mTimeUnit":600000,"mWalkTime":40020,"runStep":0,"walkStep":60},{"distance":203.99,"mCalorie":9.58,"mOthersTime":0,"mRunTime":0,"mStartTime":25800000,"mTimeUnit":600000,"mWalkTime":174027,"runStep":0,"walkStep":278},{"distance":17.02,"mCalorie":0.87,"mOthersTime":0,"mRunTime":0,"mStartTime":26400000,"mTimeUnit":600000,"mWalkTime":16008,"runStep":0,"walkStep":24},{"distance":9.22,"mCalorie":0.49,"mOthersTime":0,"mRunTime":0,"mStartTime":27000000,"mTimeUnit":600000,"mWalkTime":8671,"runStep":0,"walkStep":13},{"distance":185.12,"mCalorie":8.259999,"mOthersTime":0,"mRunTime":0,"mStartTime":27600000,"mTimeUnit":600000,"mWalkTime":151379,"runStep":0,"walkStep":245},{"distance":52.96,"mCalorie":2.54,"mOthersTime":0,"mRunTime":0,"mStartTime":28200000,"mTimeUnit":600000,"mWalkTime":46690,"runStep":0,"walkStep":70},{"distance":43.34,"mCalorie":2.1,"mOthersTime":0,"mRunTime":0,"mStartTime":28800000,"mTimeUnit":600000,"mWalkTime":39353,"runStep":0,"walkStep":59},{"distance":20.21,"mCalorie":1.04,"mOthersTime":0,"mRunTime":0,"mStartTime":29400000,"mTimeUnit":600000,"mWalkTime":19343,"runStep":0,"walkStep":29},{"distance":24.74,"mCalorie":1.23,"mOthersTime":0,"mRunTime":400,"mStartTime":30000000,"mTimeUnit":600000,"mWalkTime":20010,"runStep":1,"walkStep":30},{"distance":90.53999,"mCalorie":4.55,"mOthersTime":0,"mRunTime":1200,"mStartTime":30600000,"mTimeUnit":600000,"mWalkTime":70702,"runStep":3,"walkStep":106},{"distance":47.09,"mCalorie":2.29,"mOthersTime":0,"mRunTime":0,"mStartTime":31200000,"mTimeUnit":600000,"mWalkTime":44022,"runStep":0,"walkStep":66},{"distance":11.85,"mCalorie":0.58,"mOthersTime":0,"mRunTime":0,"mStartTime":31800000,"mTimeUnit":600000,"mWalkTime":10672,"runStep":0,"walkStep":16},{"distance":78.369995,"mCalorie":3.81,"mOthersTime":0,"mRunTime":800,"mStartTime":33600000,"mTimeUnit":600000,"mWalkTime":66033,"runStep":2,"walkStep":99},{"distance":42.56,"mCalorie":2.3,"mOthersTime":0,"mRunTime":0,"mStartTime":34200000,"mTimeUnit":600000,"mWalkTime":39353,"runStep":0,"walkStep":59},{"distance":27.77,"mCalorie":1.16,"mOthersTime":0,"mRunTime":0,"mStartTime":34800000,"mTimeUnit":600000,"mWalkTime":22011,"runStep":0,"walkStep":33},{"distance":20.460001,"mCalorie":1.03,"mOthersTime":0,"mRunTime":0,"mStartTime":36000000,"mTimeUnit":600000,"mWalkTime":18676,"runStep":0,"walkStep":28},{"distance":7.46,"mCalorie":0.39,"mOthersTime":0,"mRunTime":0,"mStartTime":36600000,"mTimeUnit":600000,"mWalkTime":7337,"runStep":0,"walkStep":11},{"distance":19.11,"mCalorie":0.86,"mOthersTime":0,"mRunTime":0,"mStartTime":37200000,"mTimeUnit":600000,"mWalkTime":16008,"runStep":0,"walkStep":24},{"distance":58.2,"mCalorie":3.09,"mOthersTime":0,"mRunTime":4000,"mStartTime":37800000,"mTimeUnit":600000,"mWalkTime":40020,"runStep":10,"walkStep":60},{"distance":9.5,"mCalorie":0.73,"mOthersTime":0,"mRunTime":0,"mStartTime":38400000,"mTimeUnit":600000,"mWalkTime":9338,"runStep":0,"walkStep":14},{"distance":17.37,"mCalorie":0.9,"mOthersTime":0,"mRunTime":0,"mStartTime":39000000,"mTimeUnit":600000,"mWalkTime":16008,"runStep":0,"walkStep":24},{"distance":54.31,"mCalorie":2.51,"mOthersTime":0,"mRunTime":0,"mStartTime":40200000,"mTimeUnit":600000,"mWalkTime":48691,"runStep":0,"walkStep":73},{"distance":25.0,"mCalorie":1.3399999,"mOthersTime":0,"mRunTime":800,"mStartTime":40800000,"mTimeUnit":600000,"mWalkTime":16675,"runStep":2,"walkStep":25},{"distance":118.74,"mCalorie":5.62,"mOthersTime":0,"mRunTime":0,"mStartTime":41400000,"mTimeUnit":600000,"mWalkTime":106053,"runStep":0,"walkStep":159},{"distance":18.51,"mCalorie":0.91,"mOthersTime":0,"mRunTime":0,"mStartTime":42000000,"mTimeUnit":600000,"mWalkTime":16675,"runStep":0,"walkStep":25},{"distance":21.380001,"mCalorie":0.96,"mOthersTime":0,"mRunTime":0,"mStartTime":42600000,"mTimeUnit":600000,"mWalkTime":18009,"runStep":0,"walkStep":27},{"distance":93.93,"mCalorie":4.9800005,"mOthersTime":0,"mRunTime":400,"mStartTime":43200000,"mTimeUnit":600000,"mWalkTime":90712,"runStep":1,"walkStep":136},{"distance":418.61002,"mCalorie":22.55,"mOthersTime":0,"mRunTime":400,"mStartTime":43800000,"mTimeUnit":600000,"mWalkTime":327377,"runStep":1,"walkStep":561},{"distance":34.41,"mCalorie":1.8299999,"mOthersTime":0,"mRunTime":0,"mStartTime":45000000,"mTimeUnit":600000,"mWalkTime":32683,"runStep":0,"walkStep":49},{"distance":8.88,"mCalorie":0.37,"mOthersTime":0,"mRunTime":0,"mStartTime":45600000,"mTimeUnit":600000,"mWalkTime":7337,"runStep":0,"walkStep":11},{"distance":13.07,"mCalorie":0.63,"mOthersTime":0,"mRunTime":0,"mStartTime":46200000,"mTimeUnit":600000,"mWalkTime":11339,"runStep":0,"walkStep":17},{"distance":446.36002,"mCalorie":25.0,"mOthersTime":0,"mRunTime":400,"mStartTime":46800000,"mTimeUnit":600000,"mWalkTime":357362,"runStep":1,"walkStep":619},{"distance":76.64,"mCalorie":5.24,"mOthersTime":0,"mRunTime":3200,"mStartTime":47400000,"mTimeUnit":600000,"mWalkTime":70035,"runStep":8,"walkStep":105},{"distance":300.78,"mCalorie":16.33,"mOthersTime":0,"mRunTime":0,"mStartTime":48000000,"mTimeUnit":600000,"mWalkTime":276138,"runStep":0,"walkStep":414},{"distance":148.81999,"mCalorie":8.8,"mOthersTime":0,"mRunTime":0,"mStartTime":48600000,"mTimeUnit":600000,"mWalkTime":146073,"runStep":0,"walkStep":219},{"distance":14.549999,"mCalorie":0.80999994,"mOthersTime":0,"mRunTime":0,"mStartTime":49200000,"mTimeUnit":600000,"mWalkTime":14007,"runStep":0,"walkStep":21},{"distance":113.979996,"mCalorie":5.13,"mOthersTime":0,"mRunTime":0,"mStartTime":49800000,"mTimeUnit":600000,"mWalkTime":99383,"runStep":0,"walkStep":149},{"distance":79.37,"mCalorie":4.0099998,"mOthersTime":0,"mRunTime":1200,"mStartTime":50400000,"mTimeUnit":600000,"mWalkTime":70035,"runStep":3,"walkStep":105},{"distance":10.33,"mCalorie":0.52,"mOthersTime":0,"mRunTime":0,"mStartTime":51000000,"mTimeUnit":600000,"mWalkTime":9338,"runStep":0,"walkStep":14},{"distance":41.83,"mCalorie":2.03,"mOthersTime":0,"mRunTime":0,"mStartTime":51600000,"mTimeUnit":600000,"mWalkTime":37352,"runStep":0,"walkStep":56},{"distance":92.11,"mCalorie":4.5699997,"mOthersTime":0,"mRunTime":0,"mStartTime":52800000,"mTimeUnit":600000,"mWalkTime":84709,"runStep":0,"walkStep":127},{"distance":145.59,"mCalorie":7.3,"mOthersTime":0,"mRunTime":0,"mStartTime":53400000,"mTimeUnit":600000,"mWalkTime":134067,"runStep":0,"walkStep":201},{"distance":88.21001,"mCalorie":4.6200004,"mOthersTime":0,"mRunTime":0,"mStartTime":54000000,"mTimeUnit":600000,"mWalkTime":82041,"runStep":0,"walkStep":123},{"distance":224.98,"mCalorie":11.49,"mOthersTime":0,"mRunTime":0,"mStartTime":54600000,"mTimeUnit":600000,"mWalkTime":180697,"runStep":0,"walkStep":300},{"distance":171.51,"mCalorie":8.92,"mOthersTime":0,"mRunTime":0,"mStartTime":55200000,"mTimeUnit":600000,"mWalkTime":152046,"runStep":0,"walkStep":235},{"distance":22.86,"mCalorie":1.23,"mOthersTime":0,"mRunTime":0,"mStartTime":56400000,"mTimeUnit":600000,"mWalkTime":21344,"runStep":0,"walkStep":32},{"distance":7.41,"mCalorie":0.37,"mOthersTime":0,"mRunTime":0,"mStartTime":57600000,"mTimeUnit":600000,"mWalkTime":6670,"runStep":0,"walkStep":10},{"distance":15.13,"mCalorie":0.81,"mOthersTime":0,"mRunTime":0,"mStartTime":58200000,"mTimeUnit":600000,"mWalkTime":14007,"runStep":0,"walkStep":21},{"distance":12.58,"mCalorie":0.59000003,"mOthersTime":0,"mRunTime":0,"mStartTime":58800000,"mTimeUnit":600000,"mWalkTime":11339,"runStep":0,"walkStep":17},{"distance":24.27,"mCalorie":1.26,"mOthersTime":0,"mRunTime":0,"mStartTime":59400000,"mTimeUnit":600000,"mWalkTime":20010,"runStep":0,"walkStep":30},{"distance":458.14005,"mCalorie":23.98,"mOthersTime":0,"mRunTime":0,"mStartTime":60600000,"mTimeUnit":600000,"mWalkTime":405356,"runStep":0,"walkStep":638},{"distance":117.42999,"mCalorie":5.89,"mOthersTime":0,"mRunTime":0,"mStartTime":61200000,"mTimeUnit":600000,"mWalkTime":105386,"runStep":0,"walkStep":158},{"distance":97.6,"mCalorie":5.0899997,"mOthersTime":0,"mRunTime":2000,"mStartTime":61800000,"mTimeUnit":600000,"mWalkTime":78039,"runStep":5,"walkStep":117},{"distance":70.18001,"mCalorie":3.2800002,"mOthersTime":0,"mRunTime":0,"mStartTime":63000000,"mTimeUnit":600000,"mWalkTime":62031,"runStep":0,"walkStep":93},{"distance":23.66,"mCalorie":0.98,"mOthersTime":0,"mRunTime":0,"mStartTime":75600000,"mTimeUnit":600000,"mWalkTime":15341,"runStep":0,"walkStep":23},{"distance":11.12,"mCalorie":0.53,"mOthersTime":0,"mRunTime":0,"mStartTime":79200000,"mTimeUnit":600000,"mWalkTime":10005,"runStep":0,"walkStep":15},{"distance":70.95,"mCalorie":4.2,"mOthersTime":0,"mRunTime":6800,"mStartTime":79800000,"mTimeUnit":600000,"mWalkTime":44022,"runStep":17,"walkStep":66}],"version":1}