{"mAdaptiveGoal":0,"mIsGoalAchieved":false,"mIsMostActiveAchieved":false,"mMostActiveMinutes":0,"mStreakDayCount":0,"mUnitDataList":[{"distance":13.1,"mCalorie":0.73,"mOthersTime":0,"mRunTime":0,"mStartTime":17400000,"mTimeUnit":600000,"mWalkTime":10672,"runStep":0,"walkStep":16},{"distance":37.54,"mCalorie":1.9,"mOthersTime":0,"mRunTime":800,"mStartTime":18600000,"mTimeUnit":600000,"mWalkTime":30015,"runStep":2,"walkStep":45},{"distance":89.24999,"mCalorie":4.69,"mOthersTime":0,"mRunTime":1200,"mStartTime":21600000,"mTimeUnit":600000,"mWalkTime":76038,"runStep":3,"walkStep":114},{"distance":170.43001,"mCalorie":8.54,"mOthersTime":0,"mRunTime":1600,"mStartTime":22200000,"mTimeUnit":600000,"mWalkTime":152743,"runStep":4,"walkStep":229},{"distance":186.77,"mCalorie":9.360001,"mOthersTime":0,"mRunTime":0,"mStartTime":22800000,"mTimeUnit":600000,"mWalkTime":170085,"runStep":0,"walkStep":255},{"distance":45.309998,"mCalorie":2.3000002,"mOthersTime":0,"mRunTime":0,"mStartTime":23400000,"mTimeUnit":600000,"mWalkTime":42021,"runStep":0,"walkStep":63},{"distance":165.64001,"mCalorie":8.38,"mOthersTime":0,"mRunTime":0,"mStartTime":25200000,"mTimeUnit":600000,"mWalkTime":152076,"runStep":0,"walkStep":228},{"distance":149.09,"mCalorie":7.5,"mOthersTime":0,"mRunTime":0,"mStartTime":25800000,"mTimeUnit":600000,"mWalkTime":134734,"runStep":0,"walkStep":202},{"distance":34.25,"mCalorie":1.5799999,"mOthersTime":0,"mRunTime":0,"mStartTime":26400000,"mTimeUnit":600000,"mWalkTime":30682,"runStep":0,"walkStep":46},{"distance":84.43,"mCalorie":4.02,"mOthersTime":0,"mRunTime":0,"mStartTime":27000000,"mTimeUnit":600000,"mWalkTime":71369,"runStep":0,"walkStep":107},{"distance":7.09,"mCalorie":0.36,"mOthersTime":0,"mRunTime":0,"mStartTime":27600000,"mTimeUnit":600000,"mWalkTime":6670,"runStep":0,"walkStep":10},{"distance":6.93,"mCalorie":0.35,"mOthersTime":0,"mRunTime":0,"mStartTime":28200000,"mTimeUnit":600000,"mWalkTime":6670,"runStep":0,"walkStep":10},{"distance":34.04,"mCalorie":1.7,"mOthersTime":0,"mRunTime":0,"mStartTime":29400000,"mTimeUnit":600000,"mWalkTime":31349,"runStep":0,"walkStep":47},{"distance":41.61,"mCalorie":1.9,"mOthersTime":0,"mRunTime":0,"mStartTime":30000000,"mTimeUnit":600000,"mWalkTime":36685,"runStep":0,"walkStep":55},{"distance":68.74,"mCalorie":4.04,"mOthersTime":0,"mRunTime":0,"mStartTime":30600000,"mTimeUnit":600000,"mWalkTime":65366,"runStep":0,"walkStep":98},{"distance":91.67,"mCalorie":4.71,"mOthersTime":0,"mRunTime":0,"mStartTime":31200000,"mTimeUnit":600000,"mWalkTime":83375,"runStep":0,"walkStep":125},{"distance":29.29,"mCalorie":1.77,"mOthersTime":0,"mRunTime":2400,"mStartTime":31800000,"mTimeUnit":600000,"mWalkTime":24012,"runStep":6,"walkStep":36},{"distance":12.87,"mCalorie":0.62,"mOthersTime":0,"mRunTime":0,"mStartTime":33000000,"mTimeUnit":600000,"mWalkTime":12006,"runStep":0,"walkStep":18},{"distance":22.54,"mCalorie":1.02,"mOthersTime":0,"mRunTime":0,"mStartTime":33600000,"mTimeUnit":600000,"mWalkTime":19343,"runStep":0,"walkStep":29},{"distance":228.58,"mCalorie":11.44,"mOthersTime":0,"mRunTime":0,"mStartTime":34800000,"mTimeUnit":600000,"mWalkTime":193400,"runStep":0,"walkStep":309},{"distance":138.94,"mCalorie":7.19,"mOthersTime":0,"mRunTime":0,"mStartTime":35400000,"mTimeUnit":600000,"mWalkTime":128064,"runStep":0,"walkStep":192},{"distance":178.68999,"mCalorie":9.37,"mOthersTime":0,"mRunTime":0,"mStartTime":36000000,"mTimeUnit":600000,"mWalkTime":159383,"runStep":0,"walkStep":239},{"distance":104.29,"mCalorie":4.9900002,"mOthersTime":0,"mRunTime":0,"mStartTime":36600000,"mTimeUnit":600000,"mWalkTime":94017,"runStep":0,"walkStep":142},{"distance":20.84,"mCalorie":0.95,"mOthersTime":0,"mRunTime":0,"mStartTime":37200000,"mTimeUnit":600000,"mWalkTime":18009,"runStep":0,"walkStep":27},{"distance":7.81,"mCalorie":0.3,"mOthersTime":0,"mRunTime":0,"mStartTime":43800000,"mTimeUnit":600000,"mWalkTime":6670,"runStep":0,"walkStep":10},{"distance":35.879997,"mCalorie":2.08,"mOthersTime":0,"mRunTime":2800,"mStartTime":44400000,"mTimeUnit":600000,"mWalkTime":24679,"runStep":7,"walkStep":37},{"distance":82.06,"mCalorie":4.36,"mOthersTime":0,"mRunTime":2800,"mStartTime":45000000,"mTimeUnit":600000,"mWalkTime":66700,"runStep":7,"walkStep":100},{"distance":49.98,"mCalorie":2.62,"mOthersTime":0,"mRunTime":2400,"mStartTime":45600000,"mTimeUnit":600000,"mWalkTime":36018,"runStep":6,"walkStep":54},{"distance":16.86,"mCalorie":0.86,"mOthersTime":0,"mRunTime":0,"mStartTime":46800000,"mTimeUnit":600000,"mWalkTime":15341,"runStep":0,"walkStep":23},{"distance":90.369995,"mCalorie":4.84,"mOthersTime":0,"mRunTime":0,"mStartTime":47400000,"mTimeUnit":600000,"mWalkTime":86043,"runStep":0,"walkStep":129},{"distance":267.34,"mCalorie":14.080001,"mOthersTime":0,"mRunTime":0,"mStartTime":48000000,"mTimeUnit":600000,"mWalkTime":246093,"runStep":0,"walkStep":370},{"distance":60.660004,"mCalorie":3.05,"mOthersTime":0,"mRunTime":0,"mStartTime":48600000,"mTimeUnit":600000,"mWalkTime":56028,"runStep":0,"walkStep":84},{"distance":33.78,"mCalorie":1.6999999,"mOthersTime":0,"mRunTime":0,"mStartTime":49200000,"mTimeUnit":600000,"mWalkTime":30682,"runStep":0,"walkStep":46},{"distance":198.82999,"mCalorie":10.429999,"mOthersTime":0,"mRunTime":0,"mStartTime":51600000,"mTimeUnit":600000,"mWalkTime":176058,"runStep":0,"walkStep":270},{"distance":188.51999,"mCalorie":9.96,"mOthersTime":0,"mRunTime":0,"mStartTime":52200000,"mTimeUnit":600000,"mWalkTime":168721,"runStep":0,"walkStep":273},{"distance":220.06999,"mCalorie":11.649999,"mOthersTime":0,"mRunTime":0,"mStartTime":52800000,"mTimeUnit":600000,"mWalkTime":195401,"runStep":0,"walkStep":297},{"distance":50.7,"mCalorie":2.68,"mOthersTime":0,"mRunTime":400,"mStartTime":55200000,"mTimeUnit":600000,"mWalkTime":44689,"runStep":1,"walkStep":67},{"distance":11.969999,"mCalorie":0.53000003,"mOthersTime":0,"mRunTime":0,"mStartTime":56400000,"mTimeUnit":600000,"mWalkTime":10672,"runStep":0,"walkStep":16},{"distance":49.489998,"mCalorie":2.63,"mOthersTime":0,"mRunTime":0,"mStartTime":58200000,"mTimeUnit":600000,"mWalkTime":44022,"runStep":0,"walkStep":66},{"distance":85.39,"mCalorie":4.59,"mOthersTime":0,"mRunTime":0,"mStartTime":58800000,"mTimeUnit":600000,"mWalkTime":77372,"runStep":0,"walkStep":116},{"distance":85.02,"mCalorie":4.36,"mOthersTime":0,"mRunTime":0,"mStartTime":59400000,"mTimeUnit":600000,"mWalkTime":60000,"runStep":0,"walkStep":117},{"distance":149.951,"mCalorie":7.78,"mOthersTime":0,"mRunTime":0,"mStartTime":60000000,"mTimeUnit":600000,"mWalkTime":136735,"runStep":0,"walkStep":205},{"distance":111.51,"mCalorie":5.5,"mOthersTime":0,"mRunTime":0,"mStartTime":60600000,"mTimeUnit":600000,"mWalkTime":98049,"runStep":0,"walkStep":147},{"distance":200.74998,"mCalorie":9.820001,"mOthersTime":0,"mRunTime":0,"mStartTime":61200000,"mTimeUnit":600000,"mWalkTime":144679,"runStep":0,"walkStep":267},{"distance":7.74,"mCalorie":0.31,"mOthersTime":0,"mRunTime":0,"mStartTime":61800000,"mTimeUnit":600000,"mWalkTime":6670,"runStep":0,"walkStep":10},{"distance":83.35,"mCalorie":4.06,"mOthersTime":0,"mRunTime":0,"mStartTime":62400000,"mTimeUnit":600000,"mWalkTime":76038,"runStep":0,"walkStep":114},{"distance":33.6,"mCalorie":2.37,"mOthersTime":0,"mRunTime":6000,"mStartTime":63600000,"mTimeUnit":600000,"mWalkTime":15341,"runStep":15,"walkStep":23},{"distance":57.48,"mCalorie":3.0,"mOthersTime":0,"mRunTime":0,"mStartTime":64200000,"mTimeUnit":600000,"mWalkTime":50692,"runStep":0,"walkStep":76},{"distance":6.93,"mCalorie":0.41,"mOthersTime":0,"mRunTime":0,"mStartTime":65400000,"mTimeUnit":600000,"mWalkTime":6670,"runStep":0,"walkStep":10},{"distance":136.58,"mCalorie":6.83,"mOthersTime":0,"mRunTime":0,"mStartTime":67800000,"mTimeUnit":600000,"mWalkTime":114027,"runStep":0,"walkStep":196},{"distance":217.65,"mCalorie":12.59,"mOthersTime":0,"mRunTime":0,"mStartTime":68400000,"mTimeUnit":600000,"mWalkTime":186700,"runStep":0,"walkStep":314},{"distance":249.28,"mCalorie":13.21,"mOthersTime":0,"mRunTime":0,"mStartTime":69000000,"mTimeUnit":600000,"mWalkTime":202708,"runStep":0,"walkStep":334},{"distance":141.03,"mCalorie":7.29,"mOthersTime":0,"mRunTime":0,"mStartTime":71400000,"mTimeUnit":600000,"mWalkTime":112026,"runStep":0,"walkStep":187},{"distance":235.77998,"mCalorie":14.13,"mOthersTime":0,"mRunTime":0,"mStartTime":72000000,"mTimeUnit":600000,"mWalkTime":196675,"runStep":0,"walkStep":342},{"distance":129.73,"mCalorie":6.58,"mOthersTime":0,"mRunTime":0,"mStartTime":72600000,"mTimeUnit":600000,"mWalkTime":114694,"runStep":0,"walkStep":176},{"distance":44.11,"mCalorie":2.2,"mOthersTime":0,"mRunTime":0,"mStartTime":73800000,"mTimeUnit":600000,"mWalkTime":40687,"runStep":0,"walkStep":61},{"distance":79.729996,"mCalorie":4.03,"mOthersTime":0,"mRunTime":0,"mStartTime":75000000,"mTimeUnit":600000,"mWalkTime":72036,"runStep":0,"walkStep":108},{"distance":7.36,"mCalorie":0.37,"mOthersTime":0,"mRunTime":0,"mStartTime":75600000,"mTimeUnit":600000,"mWalkTime":6670,"runStep":0,"walkStep":10},{"distance":9.24,"mCalorie":0.43,"mOthersTime":0,"mRunTime":0,"mStartTime":78600000,"mTimeUnit":600000,"mWalkTime":8671,"runStep":0,"walkStep":13},{"distance":47.99,"mCalorie":2.67,"mOthersTime":0,"mRunTime":0,"mStartTime":79200000,"mTimeUnit":600000,"mWalkTime":43355,"runStep":0,"walkStep":65}],"version":1}