{"mAdaptiveGoal":0,"mIsGoalAchieved":false,"mIsMostActiveAchieved":false,"mMostActiveMinutes":0,"mStreakDayCount":0,"mUnitDataList":[{"distance":33.43,"mCalorie":1.5,"mOthersTime":0,"mRunTime":0,"mStartTime":32400000,"mTimeUnit":600000,"mWalkTime":28014,"runStep":0,"walkStep":42},{"distance":14.719997,"mCalorie":0.74000007,"mOthersTime":0,"mRunTime":0,"mStartTime":33600000,"mTimeUnit":600000,"mWalkTime":13340,"runStep":0,"walkStep":20},{"distance":63.77,"mCalorie":3.25,"mOthersTime":0,"mRunTime":0,"mStartTime":34200000,"mTimeUnit":600000,"mWalkTime":58029,"runStep":0,"walkStep":87},{"distance":27.44,"mCalorie":1.27,"mOthersTime":0,"mRunTime":0,"mStartTime":34800000,"mTimeUnit":600000,"mWalkTime":24679,"runStep":0,"walkStep":37},{"distance":27.98,"mCalorie":1.5,"mOthersTime":0,"mRunTime":0,"mStartTime":35400000,"mTimeUnit":600000,"mWalkTime":26013,"runStep":0,"walkStep":39},{"distance":115.43,"mCalorie":6.97,"mOthersTime":0,"mRunTime":1600,"mStartTime":36000000,"mTimeUnit":600000,"mWalkTime":116725,"runStep":4,"walkStep":175},{"distance":14.27,"mCalorie":0.8,"mOthersTime":0,"mRunTime":0,"mStartTime":36600000,"mTimeUnit":600000,"mWalkTime":14007,"runStep":0,"walkStep":21},{"distance":125.63,"mCalorie":6.6499996,"mOthersTime":0,"mRunTime":0,"mStartTime":39000000,"mTimeUnit":600000,"mWalkTime":112693,"runStep":0,"walkStep":169},{"distance":223.12,"mCalorie":12.24,"mOthersTime":0,"mRunTime":0,"mStartTime":39600000,"mTimeUnit":600000,"mWalkTime":212106,"runStep":0,"walkStep":318},{"distance":276.31,"mCalorie":14.6,"mOthersTime":0,"mRunTime":0,"mStartTime":40200000,"mTimeUnit":600000,"mWalkTime":257462,"runStep":0,"walkStep":386},{"distance":121.770004,"mCalorie":6.4700003,"mOthersTime":0,"mRunTime":0,"mStartTime":40800000,"mTimeUnit":600000,"mWalkTime":114724,"runStep":0,"walkStep":172},{"distance":135.14,"mCalorie":7.1400003,"mOthersTime":0,"mRunTime":0,"mStartTime":41400000,"mTimeUnit":600000,"mWalkTime":128731,"runStep":0,"walkStep":193},{"distance":101.15,"mCalorie":5.31,"mOthersTime":0,"mRunTime":0,"mStartTime":42000000,"mTimeUnit":600000,"mWalkTime":93380,"runStep":0,"walkStep":140},{"distance":183.92001,"mCalorie":9.65,"mOthersTime":0,"mRunTime":0,"mStartTime":42600000,"mTimeUnit":600000,"mWalkTime":170085,"runStep":0,"walkStep":255},{"distance":285.89,"mCalorie":14.74,"mOthersTime":0,"mRunTime":400,"mStartTime":43200000,"mTimeUnit":600000,"mWalkTime":258766,"runStep":1,"walkStep":388},{"distance":148.04001,"mCalorie":9.1,"mOthersTime":0,"mRunTime":0,"mStartTime":43800000,"mTimeUnit":600000,"mWalkTime":149378,"runStep":0,"walkStep":225},{"distance":176.51,"mCalorie":9.210001,"mOthersTime":0,"mRunTime":0,"mStartTime":44400000,"mTimeUnit":600000,"mWalkTime":166083,"runStep":0,"walkStep":249},{"distance":369.23,"mCalorie":19.47,"mOthersTime":0,"mRunTime":0,"mStartTime":45000000,"mTimeUnit":600000,"mWalkTime":345506,"runStep":0,"walkStep":518},{"distance":145.40001,"mCalorie":7.62,"mOthersTime":0,"mRunTime":0,"mStartTime":45600000,"mTimeUnit":600000,"mWalkTime":134067,"runStep":0,"walkStep":201},{"distance":125.31,"mCalorie":6.44,"mOthersTime":0,"mRunTime":0,"mStartTime":46200000,"mTimeUnit":600000,"mWalkTime":113390,"runStep":0,"walkStep":170},{"distance":259.9,"mCalorie":12.57,"mOthersTime":0,"mRunTime":0,"mStartTime":46800000,"mTimeUnit":600000,"mWalkTime":230782,"runStep":0,"walkStep":346},{"distance":96.46,"mCalorie":4.57,"mOthersTime":0,"mRunTime":0,"mStartTime":47400000,"mTimeUnit":600000,"mWalkTime":85376,"runStep":0,"walkStep":128},{"distance":8.22,"mCalorie":0.28,"mOthersTime":0,"mRunTime":0,"mStartTime":48600000,"mTimeUnit":600000,"mWalkTime":6670,"runStep":0,"walkStep":10},{"distance":16.77,"mCalorie":0.79,"mOthersTime":0,"mRunTime":0,"mStartTime":50400000,"mTimeUnit":600000,"mWalkTime":15341,"runStep":0,"walkStep":23},{"distance":137.00002,"mCalorie":6.9,"mOthersTime":0,"mRunTime":0,"mStartTime":51000000,"mTimeUnit":600000,"mWalkTime":122728,"runStep":0,"walkStep":184},{"distance":40.711,"mCalorie":2.52,"mOthersTime":0,"mRunTime":2000,"mStartTime":51600000,"mTimeUnit":600000,"mWalkTime":32016,"runStep":5,"walkStep":48},{"distance":68.92,"mCalorie":3.4,"mOthersTime":0,"mRunTime":0,"mStartTime":52800000,"mTimeUnit":600000,"mWalkTime":62031,"runStep":0,"walkStep":93},{"distance":16.16,"mCalorie":0.82,"mOthersTime":0,"mRunTime":0,"mStartTime":54600000,"mTimeUnit":600000,"mWalkTime":14674,"runStep":0,"walkStep":22},{"distance":46.15,"mCalorie":2.17,"mOthersTime":0,"mRunTime":0,"mStartTime":55200000,"mTimeUnit":600000,"mWalkTime":40687,"runStep":0,"walkStep":61},{"distance":17.18,"mCalorie":0.75,"mOthersTime":0,"mRunTime":0,"mStartTime":60000000,"mTimeUnit":600000,"mWalkTime":15341,"runStep":0,"walkStep":23},{"distance":112.22,"mCalorie":6.38,"mOthersTime":0,"mRunTime":0,"mStartTime":65400000,"mTimeUnit":600000,"mWalkTime":107387,"runStep":0,"walkStep":161},{"distance":48.45,"mCalorie":2.55,"mOthersTime":0,"mRunTime":800,"mStartTime":66600000,"mTimeUnit":600000,"mWalkTime":43355,"runStep":2,"walkStep":65},{"distance":61.149002,"mCalorie":3.2,"mOthersTime":0,"mRunTime":0,"mStartTime":68400000,"mTimeUnit":600000,"mWalkTime":66033,"runStep":0,"walkStep":99},{"distance":60.399998,"mCalorie":3.02,"mOthersTime":0,"mRunTime":0,"mStartTime":69000000,"mTimeUnit":600000,"mWalkTime":54027,"runStep":0,"walkStep":81},{"distance":38.932,"mCalorie":2.03,"mOthersTime":0,"mRunTime":0,"mStartTime":75000000,"mTimeUnit":600000,"mWalkTime":36685,"runStep":0,"walkStep":55},{"distance":19.04,"mCalorie":0.94,"mOthersTime":0,"mRunTime":400,"mStartTime":75600000,"mTimeUnit":600000,"mWalkTime":16008,"runStep":1,"walkStep":24},{"distance":10.68,"mCalorie":0.55,"mOthersTime":0,"mRunTime":0,"mStartTime":76200000,"mTimeUnit":600000,"mWalkTime":9338,"runStep":0,"walkStep":14},{"distance":16.04,"mCalorie":0.8,"mOthersTime":0,"mRunTime":0,"mStartTime":76800000,"mTimeUnit":600000,"mWalkTime":15341,"runStep":0,"walkStep":23},{"distance":10.1,"mCalorie":0.51,"mOthersTime":0,"mRunTime":0,"mStartTime":79800000,"mTimeUnit":600000,"mWalkTime":9338,"runStep":0,"walkStep":14},{"distance":56.45,"mCalorie":3.01,"mOthersTime":0,"mRunTime":4400,"mStartTime":80400000,"mTimeUnit":600000,"mWalkTime":38686,"runStep":11,"walkStep":58}],"version":1}