{"mAdaptiveGoal":0,"mIsGoalAchieved":false,"mIsMostActiveAchieved":false,"mMostActiveMinutes":0,"mStreakDayCount":0,"mUnitDataList":[{"distance":9.22,"mCalorie":0.48,"mOthersTime":0,"mRunTime":0,"mStartTime":31200000,"mTimeUnit":600000,"mWalkTime":8671,"runStep":0,"walkStep":13},{"distance":28.351,"mCalorie":1.26,"mOthersTime":0,"mRunTime":0,"mStartTime":37200000,"mTimeUnit":600000,"mWalkTime":25346,"runStep":0,"walkStep":38},{"distance":158.87201,"mCalorie":7.7799997,"mOthersTime":0,"mRunTime":0,"mStartTime":37800000,"mTimeUnit":600000,"mWalkTime":153410,"runStep":0,"walkStep":230},{"distance":30.11,"mCalorie":1.48,"mOthersTime":0,"mRunTime":0,"mStartTime":38400000,"mTimeUnit":600000,"mWalkTime":27347,"runStep":0,"walkStep":41},{"distance":161.98,"mCalorie":8.68,"mOthersTime":0,"mRunTime":6000,"mStartTime":39000000,"mTimeUnit":600000,"mWalkTime":122728,"runStep":15,"walkStep":184},{"distance":78.34,"mCalorie":4.4399996,"mOthersTime":0,"mRunTime":3200,"mStartTime":39600000,"mTimeUnit":600000,"mWalkTime":65366,"runStep":8,"walkStep":98},{"distance":24.130001,"mCalorie":1.03,"mOthersTime":0,"mRunTime":0,"mStartTime":40800000,"mTimeUnit":600000,"mWalkTime":21344,"runStep":0,"walkStep":32},{"distance":69.61,"mCalorie":3.3500001,"mOthersTime":0,"mRunTime":0,"mStartTime":41400000,"mTimeUnit":600000,"mWalkTime":62698,"runStep":0,"walkStep":94},{"distance":14.61,"mCalorie":0.74,"mOthersTime":0,"mRunTime":0,"mStartTime":44400000,"mTimeUnit":600000,"mWalkTime":14007,"runStep":0,"walkStep":21},{"distance":60.86,"mCalorie":3.29,"mOthersTime":0,"mRunTime":1200,"mStartTime":45600000,"mTimeUnit":600000,"mWalkTime":50025,"runStep":3,"walkStep":75},{"distance":17.89,"mCalorie":0.90999997,"mOthersTime":0,"mRunTime":0,"mStartTime":46200000,"mTimeUnit":600000,"mWalkTime":16675,"runStep":0,"walkStep":25},{"distance":39.44,"mCalorie":2.33,"mOthersTime":0,"mRunTime":1200,"mStartTime":47400000,"mTimeUnit":600000,"mWalkTime":33350,"runStep":3,"walkStep":50},{"distance":51.99,"mCalorie":2.72,"mOthersTime":0,"mRunTime":2000,"mStartTime":48000000,"mTimeUnit":600000,"mWalkTime":42021,"runStep":5,"walkStep":63},{"distance":206.362,"mCalorie":10.440001,"mOthersTime":0,"mRunTime":4400,"mStartTime":52200000,"mTimeUnit":600000,"mWalkTime":172086,"runStep":11,"walkStep":258},{"distance":96.85,"mCalorie":4.54,"mOthersTime":0,"mRunTime":0,"mStartTime":52800000,"mTimeUnit":600000,"mWalkTime":87377,"runStep":0,"walkStep":131},{"distance":7.84,"mCalorie":0.42,"mOthersTime":0,"mRunTime":0,"mStartTime":53400000,"mTimeUnit":600000,"mWalkTime":7337,"runStep":0,"walkStep":11},{"distance":14.0,"mCalorie":0.62,"mOthersTime":0,"mRunTime":0,"mStartTime":54000000,"mTimeUnit":600000,"mWalkTime":12006,"runStep":0,"walkStep":18},{"distance":18.401001,"mCalorie":0.88,"mOthersTime":0,"mRunTime":0,"mStartTime":54600000,"mTimeUnit":600000,"mWalkTime":16675,"runStep":0,"walkStep":25},{"distance":8.17,"mCalorie":0.38,"mOthersTime":0,"mRunTime":0,"mStartTime":55200000,"mTimeUnit":600000,"mWalkTime":7337,"runStep":0,"walkStep":11},{"distance":207.89,"mCalorie":10.099999,"mOthersTime":0,"mRunTime":0,"mStartTime":55800000,"mTimeUnit":600000,"mWalkTime":179363,"runStep":0,"walkStep":287},{"distance":24.29,"mCalorie":1.24,"mOthersTime":0,"mRunTime":0,"mStartTime":57000000,"mTimeUnit":600000,"mWalkTime":22011,"runStep":0,"walkStep":33},{"distance":28.141,"mCalorie":1.29,"mOthersTime":0,"mRunTime":0,"mStartTime":57600000,"mTimeUnit":600000,"mWalkTime":24679,"runStep":0,"walkStep":37},{"distance":44.479,"mCalorie":2.09,"mOthersTime":0,"mRunTime":0,"mStartTime":58200000,"mTimeUnit":600000,"mWalkTime":40020,"runStep":0,"walkStep":60},{"distance":69.901,"mCalorie":3.1100001,"mOthersTime":0,"mRunTime":0,"mStartTime":58800000,"mTimeUnit":600000,"mWalkTime":55361,"runStep":0,"walkStep":83},{"distance":20.349998,"mCalorie":0.87,"mOthersTime":0,"mRunTime":0,"mStartTime":59400000,"mTimeUnit":600000,"mWalkTime":18009,"runStep":0,"walkStep":27},{"distance":12.81,"mCalorie":0.55,"mOthersTime":0,"mRunTime":0,"mStartTime":60000000,"mTimeUnit":600000,"mWalkTime":10005,"runStep":0,"walkStep":15},{"distance":9.029,"mCalorie":0.4,"mOthersTime":0,"mRunTime":0,"mStartTime":60600000,"mTimeUnit":600000,"mWalkTime":8671,"runStep":0,"walkStep":13},{"distance":35.78,"mCalorie":1.95,"mOthersTime":0,"mRunTime":0,"mStartTime":61200000,"mTimeUnit":600000,"mWalkTime":34017,"runStep":0,"walkStep":51},{"distance":67.342,"mCalorie":3.85,"mOthersTime":0,"mRunTime":4400,"mStartTime":61800000,"mTimeUnit":600000,"mWalkTime":50692,"runStep":11,"walkStep":76},{"distance":25.72,"mCalorie":1.34,"mOthersTime":0,"mRunTime":0,"mStartTime":62400000,"mTimeUnit":600000,"mWalkTime":23345,"runStep":0,"walkStep":35},{"distance":24.93,"mCalorie":1.26,"mOthersTime":0,"mRunTime":0,"mStartTime":64200000,"mTimeUnit":600000,"mWalkTime":20010,"runStep":0,"walkStep":30},{"distance":192.458,"mCalorie":9.66,"mOthersTime":0,"mRunTime":1600,"mStartTime":64800000,"mTimeUnit":600000,"mWalkTime":172753,"runStep":4,"walkStep":259},{"distance":44.940002,"mCalorie":2.22,"mOthersTime":0,"mRunTime":0,"mStartTime":65400000,"mTimeUnit":600000,"mWalkTime":40687,"runStep":0,"walkStep":61},{"distance":19.51,"mCalorie":1.04,"mOthersTime":0,"mRunTime":0,"mStartTime":66000000,"mTimeUnit":600000,"mWalkTime":17342,"runStep":0,"walkStep":26},{"distance":208.34,"mCalorie":10.21,"mOthersTime":0,"mRunTime":0,"mStartTime":66600000,"mTimeUnit":600000,"mWalkTime":175391,"runStep":0,"walkStep":282},{"distance":107.880005,"mCalorie":5.04,"mOthersTime":0,"mRunTime":0,"mStartTime":67200000,"mTimeUnit":600000,"mWalkTime":83345,"runStep":0,"walkStep":143},{"distance":60.85,"mCalorie":2.94,"mOthersTime":0,"mRunTime":0,"mStartTime":67800000,"mTimeUnit":600000,"mWalkTime":55361,"runStep":0,"walkStep":83},{"distance":26.869999,"mCalorie":1.5600001,"mOthersTime":0,"mRunTime":800,"mStartTime":68400000,"mTimeUnit":600000,"mWalkTime":23345,"runStep":2,"walkStep":35},{"distance":16.68,"mCalorie":0.99,"mOthersTime":0,"mRunTime":0,"mStartTime":72000000,"mTimeUnit":600000,"mWalkTime":16008,"runStep":0,"walkStep":24},{"distance":17.36,"mCalorie":0.79,"mOthersTime":0,"mRunTime":0,"mStartTime":73200000,"mTimeUnit":600000,"mWalkTime":14674,"runStep":0,"walkStep":22},{"distance":20.88,"mCalorie":0.93,"mOthersTime":0,"mRunTime":800,"mStartTime":73800000,"mTimeUnit":600000,"mWalkTime":15341,"runStep":2,"walkStep":23},{"distance":32.07,"mCalorie":1.74,"mOthersTime":0,"mRunTime":2000,"mStartTime":78000000,"mTimeUnit":600000,"mWalkTime":23345,"runStep":5,"walkStep":35},{"distance":7.5,"mCalorie":0.42,"mOthersTime":0,"mRunTime":0,"mStartTime":79800000,"mTimeUnit":600000,"mWalkTime":7337,"runStep":0,"walkStep":11},{"distance":19.022,"mCalorie":0.98,"mOthersTime":0,"mRunTime":0,"mStartTime":81600000,"mTimeUnit":600000,"mWalkTime":17342,"runStep":0,"walkStep":26}],"version":1}